Animal_1,Animal_2,Animal_3,Animal_4,Animal_5,Animal_6,Animal_7,Animal_8,Animal_9,Animal_10,Animal_11,Animal_12,Animal_13,Animal_14,Animal_15,Animal_16,Animal_17,Animal_18,Animal_19,Animal_20,Animal_21,Animal_22,Animal_23,Animal_24,Animal_25,Animal_26,Animal_27,Animal_28,Animal_29,Animal_30,Animal_31,Animal_32,Animal_33,Animal_34,Animal_35,Animal_36,Animal_37,Animal_38,Animal_39,Animal_40,Animal_41,Animal_42,Animal_43,Animal_44,Animal_45,Animal_46,Animal_47,Animal_48,Animal_49,Animal_50
11.0985936599386,9.31639464319018,7.69324612744422,13.3867326199441,10.6156770192899,9.69135268147739,12.5828976881733,10.9812071047322,9.48522101289844,10.8683781975768,9.72616359851143,13.3037473369331,11.9075053824089,13.5192848939595,5.55410992584348,5.58010967042835,8.09259931762244,10.7215504526222,12.224766500431,10.7215504525236,5.54016814492558,5.35235087870894,14.535943640575,14.32398504118,14.32398504118,10.1715052488639,5.83939858718575,3.23234037624899,10.1715052486941,35.966887368689,4.53424767766312,19.7444825861542,6.16279902224187,5.79148204012926,7.54728105139052,4.53424767766312,5.79148204012926,4.53424767766312,3.87589942689576,5.79148204012926,4.53424767766312,4.53424767766312,4.53424767766312,5.06353576023267,5.79148204012926,4.53424767766312,4.53424767766312,4.53424767766312,4.53424767766312,6.16279902224187
11.196891103268,8.91925044614106,7.38286046512638,12.7457743366518,9.87557792530435,9.51520416582539,12.0955530902859,10.6692586564581,8.94642712537454,11.5798237568827,9.34956669685056,12.8537707299256,11.7067293040745,13.0652013680801,5.02629897987578,5.54834998429223,7.48753170269685,10.1285058359358,12.0335485887383,10.1285058359041,5.67929595859067,4.71680177768107,15.5962536443928,14.1206034480895,14.1206034480895,9.85972764340408,5.70925615559559,3.1224498692414,9.85972764328122,36.4530482934263,4.38170670644206,19.4826615097193,5.97166508023539,6.47319615643594,6.64817715298373,4.38170670644206,6.47319615643594,4.38170670644206,3.5203313646141,6.47319615643594,4.38170670644206,4.38170670644206,4.38170670644206,5.03221220831668,6.47319615643594,4.38170670644206,4.38170670644206,4.38170670644206,4.38170670644206,5.97166508023539
11.6720742761853,9.62800929444928,8.28994872118487,13.8276325811564,11.0258908238344,9.99793985664312,13.2021047658213,11.2543681871567,10.1815377896971,11.2383971843999,10.5449051584296,13.7237960145831,12.2490659828984,13.938696220756,5.54881750294997,5.79610682862785,8.43559265163301,11.5561852896251,12.6630356569521,11.5561852887645,6.08050435393768,5.33705341755025,15.1189493655096,14.7671217714527,14.7671217714527,11.2675747799864,5.94870597919729,3.33715596403337,11.2675747808984,37.8677694933942,4.67171786512034,20.3554675965565,6.70385178469171,6.64465186579044,7.51817880097992,4.67171786512034,6.64465186579044,4.67171786512034,3.74423612303969,6.64465186579044,4.67171786512034,4.67171786512034,4.67171786512034,5.62674495064422,6.64465186579044,4.67171786512034,4.67171786512034,4.67171786512034,4.67171786512034,6.70385178469171
11.8071686546068,9.08463137549849,7.6818609204781,13.9545281360343,10.6609994421888,10.304602225967,13.2072838678917,11.8343169799449,9.42601942909191,11.6132847260096,9.77275636705125,14.2859777457796,13.0868347021013,14.4489197529252,5.07122570314103,5.48258112863589,7.68317382812832,10.6877806827197,13.3533076850262,10.6877806817837,5.51351573362734,4.83602075591918,15.6276634133758,15.8287853737857,15.8287853737857,10.427015066927,5.27210858210126,3.02895983676259,10.4270150667818,35.3577794713507,4.24329560430226,21.9788892561978,5.81794517940005,6.27239737483246,6.81425037992229,4.24329560430226,6.27239737483246,4.24329560430226,3.56536127541421,6.27239737483246,4.24329560430226,4.24329560430226,4.24329560430226,5.24875432884483,6.27239737483246,4.24329560430226,4.24329560430226,4.24329560430226,4.24329560430226,5.81794517940005
11.737482471244,9.2337562380804,8.07538463630604,13.7984283968907,10.857410244185,10.0446853241787,13.20949152364,11.4172147233975,9.94427416065167,11.4656556182909,10.3058557170033,14.014118927148,12.4609612256709,14.1974553574763,5.38364579252148,5.61900034761733,8.38152105566478,11.2896282512015,12.8220439980761,11.2896282509218,5.80884545453245,5.28432643690716,15.4382754739312,15.0446146801712,15.0446146801712,10.7320971327633,5.46147356288434,3.03828691087707,10.7320971317005,38.372101104347,4.26466643006199,20.8455025634259,6.36853525509584,6.51786014243594,7.45494470482468,4.26466643006199,6.51786014243594,4.26466643006199,3.63130097178858,6.51786014243594,4.26466643006199,4.26466643006199,4.26466643006199,5.31115758993093,6.51786014243594,4.26466643006199,4.26466643006199,4.26466643006199,4.26466643006199,6.36853525509584
12.0450984829152,9.04147507083403,8.09009629778444,13.9423747907353,10.8658575557559,10.2320746698258,13.2869253479838,11.5613413375351,9.93127775668513,12.0376805759729,10.307670410347,14.2033788461578,12.7406557707486,14.3933927915759,5.18044799462963,5.91584635983749,8.41619075492288,11.2670663314814,13.1462412183344,11.2670663309979,6.01276614879483,4.9012684893962,16.2058790957712,15.3840387898733,15.3840387898733,10.785218224002,5.85180701749459,3.12086455192435,10.7852182249129,37.3664512931022,4.37424315636503,21.3122443464402,6.72072343331876,6.64513905847407,6.9066200978398,4.37424315636503,6.64513905847407,4.37424315636503,3.69793432250523,6.64513905847407,4.37424315636503,4.37424315636503,4.37424315636503,5.69209937659466,6.64513905847407,4.37424315636503,4.37424315636503,4.37424315636503,4.37424315636503,6.72072343331876
11.8970987790088,9.6011623572774,8.18931383207404,14.2435856255702,11.2247191000916,10.1897184482427,13.4509842943859,11.5862281403913,10.1456047276432,11.5284028598205,10.4560469984084,14.2225703435502,12.6993600578805,14.3988550020258,5.31845482068545,5.48950577274462,8.33034236742306,11.5373515403908,13.0361123683496,11.5373515406766,5.64762546090294,5.17405944039725,15.5965728609808,15.353681109338,15.353681109338,11.1546270072075,5.80251386629318,3.14177717315312,11.1546270073522,35.1695167131457,4.39649994553051,21.2648490486429,6.19459703282022,6.16320260865009,7.28912652813426,4.39649994553051,6.16320260865009,4.39649994553051,3.52084378637725,6.16320260865009,4.39649994553051,4.39649994553051,4.39649994553051,5.15857554456538,6.16320260865009,4.39649994553051,4.39649994553051,4.39649994553051,4.39649994553051,6.19459703282022
11.8020970119835,9.55210640290311,7.9968652273765,13.5728447748698,10.7219909356254,9.78753485045836,13.0156129509617,11.1598505546453,9.90967329535346,11.9678042774652,10.2007639887826,13.5865700045468,12.1585925195775,13.7668054797291,5.34612817119748,5.5032105409632,8.01942122997624,11.2535040561721,12.4819105199997,11.2535040560462,5.51522342713395,5.24708219701766,16.1882409050278,14.6735428289999,14.6735428289999,10.9987317329649,5.40768966247118,3.04497372655067,10.9987317329982,36.6082924038945,4.26284905192436,20.3082389627277,6.06483360144946,6.02486931920963,7.39537602648618,4.26284905192436,6.02486931920963,4.26284905192436,3.58875425028461,6.02486931920963,4.26284905192436,4.26284905192436,4.26284905192436,5.18434360073606,6.02486931920963,4.26284905192436,4.26284905192436,4.26284905192436,4.26284905192436,6.06483360144946
11.7397034215409,9.2574579219928,7.9646374625506,13.5350629580746,10.5156880780387,9.87109580981876,13.029041989647,11.26740383505,9.85456150852917,11.8045074566858,10.1084723805452,13.8994360427107,12.4199616292833,14.1319470870948,5.16228675515606,5.73877671523739,8.30399016311992,11.1930288350363,12.7251121406676,11.1930288353783,5.50103941551634,4.76962619057423,15.8732456984756,15.0033171987053,15.0033171987053,10.6508956179165,5.75417003128317,3.37153615848689,10.650895618614,39.239461965859,4.72158404086619,20.685602852022,5.9675008512734,5.73409696996818,6.71258516787278,4.72158404086619,5.73409696996818,4.72158404086619,3.54888521586757,5.73409696996818,4.72158404086619,4.72158404086619,4.72158404086619,4.96432992682872,5.73409696996818,4.72158404086619,4.72158404086619,4.72158404086619,4.72158404086619,5.9675008512734
11.1858321404721,9.12571634306596,7.52413963486589,12.7409301603369,10.0539237363919,9.35774014614666,12.2218146734107,10.5623154178648,9.226494883689,11.5225327978891,9.58800065136507,12.8815219538877,11.48882314764,13.0484066644964,5.11531683432396,5.7069922527307,7.81438305064883,10.4695508605773,11.8950687036704,10.4695508605658,5.64519574661442,5.03141985312822,15.4663542655735,13.8618717324544,13.8618717324544,10.0588110568559,5.33050160083528,2.9070362655252,10.0588110569652,40.3949749697679,4.0674286568604,19.1771173886747,6.33837686483904,6.23585598086264,7.09056514335024,4.0674286568604,6.23585598086264,4.0674286568604,3.41746191746777,6.23585598086264,4.0674286568604,4.0674286568604,4.0674286568604,5.03478708299776,6.23585598086264,4.0674286568604,4.0674286568604,4.0674286568604,4.0674286568604,6.33837686483904
11.74255986608,9.24258536204692,7.88682640483675,13.9093563448516,10.7772316847947,10.1493533775084,13.1732115698339,11.6124323082333,9.7185667374295,11.5198095593414,9.99206804554757,14.0810161732245,12.8326324490842,14.3075312973196,5.19859640268393,5.66765741450058,8.02056474741643,11.0143953122785,13.1330878109089,11.0143953113674,5.61369600284914,4.77846948302497,15.4874604276086,15.4952884037649,15.4952884037649,10.7255319213847,5.70496506441837,3.33201593834231,10.7255319215492,39.1916009932428,4.67756726999149,21.4102382671151,6.10236272096012,5.95164149939501,6.73383458802858,4.67756726999149,5.95164149939501,4.67756726999149,3.7217239078248,5.95164149939501,4.67756726999149,4.67756726999149,4.67756726999149,5.22212545049775,5.95164149939501,4.67756726999149,4.67756726999149,4.67756726999149,4.67756726999149,6.10236272096012
11.3899713958906,8.9737823017044,7.70369171775556,13.7556059466308,10.4842646510168,10.3514942879314,13.1116252977458,11.7801050686256,9.38409374225156,10.5952080691317,9.75117945889279,14.2059178916398,12.9449078559069,14.4063056393458,5.38908868341315,5.55097326240847,8.02560256300284,10.6342494801632,13.270064033227,10.6342494804907,5.81385906089066,5.13479790025634,14.2117444430089,15.6485611115882,15.6485611115882,10.1574594589294,5.8532560543826,3.32463447315562,10.1574594593265,36.4215685115466,4.66489923752783,21.6318656952812,6.20930737300871,6.40975901032863,7.23791182624658,4.66489923752783,6.40975901032863,4.66489923752783,3.60234345685074,6.40975901032863,4.66489923752783,4.66489923752783,4.66489923752783,5.63556647293322,6.40975901032863,4.66489923752783,4.66489923752783,4.66489923752783,4.66489923752783,6.20930737300871
11.8253131925244,8.93790099399811,7.81181155990005,13.4936658038764,10.4100017524443,9.93661980496247,12.9757110859193,11.3273446236663,9.66393591612777,11.9064788136999,9.94545720519976,13.9064065256025,12.5211905203816,14.0768067335032,4.96829650098812,5.47062595380744,8.06339701579371,10.9506470576521,12.8622761344996,10.9506470580531,5.56823430812384,4.65224415901639,16.1331999110331,15.1090364245788,15.1090364245788,10.5310117925258,5.50472603706253,2.97567731594422,10.5310117924227,34.8720318716706,4.16303355430741,20.9575501544423,6.30730717115047,5.9918805160313,6.5505210539531,4.16303355430741,5.9918805160313,4.16303355430741,3.71630120118883,5.9918805160313,4.16303355430741,4.16303355430741,4.16303355430741,5.36513761585159,5.9918805160313,4.16303355430741,4.16303355430741,4.16303355430741,4.16303355430741,6.30730717115047
11.5305348049963,9.23486453811499,7.82847498548313,13.8035623128851,10.5916464852781,10.250745874448,13.3561728163578,11.7997919337406,9.73595949255952,10.7922288821361,9.98334336676222,14.1911697645173,12.9283508400073,14.3427354373188,5.34143628299057,5.49368555855181,7.8873375543282,11.0314722094489,13.268794220822,11.0314722095076,5.4901097017804,5.2810939029844,14.4588091280019,15.6105877587757,15.6105877587757,10.8459979203649,5.28849751494481,2.8512870632053,10.8459979206042,40.299351141589,3.99984010138829,21.7115663575264,6.38990270970446,5.79605937102516,7.45120389930214,3.99984010138829,5.79605937102516,3.99984010138829,3.75131555267438,5.79605937102516,3.99984010138829,3.99984010138829,3.99984010138829,5.20346970980163,5.79605937102516,3.99984010138829,3.99984010138829,3.99984010138829,3.99984010138829,6.38990270970446
11.5916662118824,9.21279269834556,7.73540714322675,13.6288077128456,10.4216991849976,10.2271562881141,13.1128810089639,11.6178432006777,9.51408989226479,11.339629235731,9.85052203365884,14.1598557711588,12.7135209641735,14.3279538233548,5.3315784535992,5.63116265410437,8.21103254537795,10.8033310771795,13.0891135777366,10.8033310770557,5.69650062873121,5.26577247249694,15.2749706040276,15.3784018042223,15.3784018042223,10.178860344694,5.83147069222649,3.06531811189517,10.1788603447432,38.1595580072515,4.28246246975715,21.3221407450878,6.40377233950482,6.16456226761104,7.41648940034348,4.28246246975715,6.16456226761104,4.28246246975715,3.45432615618279,6.16456226761104,4.28246246975715,4.28246246975715,4.28246246975715,4.6788246978178,6.16456226761104,4.28246246975715,4.28246246975715,4.28246246975715,4.28246246975715,6.40377233950482
11.3613582676878,8.92302912468302,7.93647969824831,13.0066048721021,10.3559051810906,9.45839941779688,12.550680853196,10.6285654615663,9.73775332365318,11.3860147015637,10.1259591066576,13.1515524753882,11.5637829921352,13.3289901979885,5.20026374392225,5.64848094961149,8.20477698346302,11.047843689485,11.9407813823295,11.0478436893674,5.80176926468355,5.05330625151599,15.2763514083422,13.9294096492772,13.9294096492772,10.5167489531398,5.39498072068419,2.97058418602805,10.5167489531598,38.4899509829905,4.15772876113662,19.2547691159686,6.30168636768333,6.63195277668094,7.1212615786328,4.15772876113662,6.63195277668094,4.15772876113662,3.62330324787857,6.63195277668094,4.15772876113662,4.15772876113662,4.15772876113662,5.45216569906511,6.63195277668094,4.15772876113662,4.15772876113662,4.15772876113662,4.15772876113662,6.30168636768333
11.1938730617077,9.0044677621132,7.44174572114681,13.4029906159184,10.3896004274231,9.86818961772972,12.6376826301198,11.227627640496,9.16081650517079,11.0029194635605,9.45665548902313,13.4824306010142,12.2572104185738,13.6701174026018,5.26509337290461,5.43179536663615,7.66692459906373,10.3914630120227,12.5936364973812,10.3914630125153,5.43078044793751,5.18891695523191,14.8111370830245,14.8158672826962,14.8158672826962,10.05758741689,5.6647840766879,3.01798338013336,10.0575874169706,37.4434042858648,4.23072379110297,20.5210074366154,6.06723983484429,5.81117887509999,7.31667182302661,4.23072379110297,5.81117887509999,4.23072379110297,3.42482823268938,5.81117887509999,4.23072379110297,4.23072379110297,4.23072379110297,4.84111590070999,5.81117887509999,4.23072379110297,4.23072379110297,4.23072379110297,4.23072379110297,6.06723983484429
11.5180250790775,9.25248010856205,7.71796462345191,12.948704036027,10.1881861472142,9.54618445808228,12.3738702878504,10.6616944585327,9.42443411463871,12.0165644126698,9.82030479915792,12.9575550471433,11.6712343821915,13.1395937072751,5.0623850876581,5.71660110058756,7.79510923469277,10.6722357728028,12.0728584254984,10.6722357712508,5.87392382397169,4.81731988192911,16.2080155673792,14.0554230384421,14.0554230384421,10.4602769610877,5.71239449422092,2.96926040949545,10.4602769609319,37.2301954654949,4.15422141752799,19.4386372251147,6.49473995501311,6.63850023238704,6.7852886259027,4.15422141752799,6.63850023238704,4.15422141752799,3.68571747594981,6.63850023238704,4.15422141752799,4.15422141752799,4.15422141752799,4.86797452813489,6.63850023238704,4.15422141752799,4.15422141752799,4.15422141752799,4.15422141752799,6.49473995501311
11.2303157027167,8.80461961473694,7.50949165542327,13.1633673775378,10.4251549552519,9.50712168679659,12.331263197898,10.7935978477953,9.25329336423474,11.4336003837456,9.49686521024121,13.1393670448528,11.7514671841342,13.3335403014263,5.33457830872886,5.47279902228101,7.93760151914634,10.4556878372745,12.0561406544141,10.4556878367988,5.42226504549892,5.10310478335676,15.3937729236277,14.1378426214742,14.1378426214742,9.85784614154355,5.59647890185974,3.11988999036387,9.85784614110588,34.8102394198319,4.37176369794005,19.5093829158723,6.02441970210322,5.72687621051364,7.19247321870407,4.37176369794005,5.72687621051364,4.37176369794005,3.81165445086007,5.72687621051364,4.37176369794005,4.37176369794005,4.37176369794005,5.57196357798393,5.72687621051364,4.37176369794005,4.37176369794005,4.37176369794005,4.37176369794005,6.02441970210322
11.7153311152216,9.45647119454587,8.15057549722336,13.5967479739208,10.7885713439186,9.7748952800612,13.0196383225351,11.0235532280704,10.1036440053543,11.6489575531881,10.3994934690632,13.5648567056199,12.041051744506,13.7471697889771,5.26963721547997,5.50162683968971,8.24510842768214,11.4545967799451,12.3837265529093,11.4545967801024,5.66446458285148,5.06978975376002,15.7252815013595,14.4961128834564,14.4961128834564,11.1117557131834,5.73384817996218,2.97758473894584,11.1117557132042,35.447705775048,4.17787651666264,20.0734320212323,6.31032833765947,6.24378219884797,7.15061573891487,4.17787651666264,6.24378219884797,4.17787651666264,3.83666656502666,6.24378219884797,4.17787651666264,4.17787651666264,4.17787651666264,5.25892749466496,6.24378219884797,4.17787651666264,4.17787651666264,4.17787651666264,4.17787651666264,6.31032833765947
11.947142075883,8.99561436010963,7.99242693766678,13.9440303200117,10.9107691940785,10.1779806266071,13.2326918357384,11.5479124096243,9.85468939947175,12.0844960312956,10.1745224664771,13.9901649729535,12.64719948561,14.1648552197916,5.36213227992895,5.88838832780076,8.12584381427965,11.1778994978778,13.0321429330339,11.1778994975106,5.81962751152961,5.19389903556931,16.2613806338986,15.2681214661536,15.2681214661536,10.93394699314,5.82986240691978,3.11871951917052,10.9339469927411,34.1392222003776,4.36677862569467,21.1451751300059,6.57907599230195,6.26502238690167,7.3191645138372,4.36677862569467,6.26502238690167,4.36677862569467,3.69016715646646,6.26502238690167,4.36677862569467,4.36677862569467,4.36677862569467,4.82587271437168,6.26502238690167,4.36677862569467,4.36677862569467,4.36677862569467,4.36677862569467,6.57907599230195
11.3041562786879,9.27866077386068,7.78649744810074,13.1074933487554,10.5339591647005,9.42537202287191,12.3466928695296,10.5613993597397,9.53439324612623,11.6093632514727,9.89673293369212,12.9638691100212,11.5094010232036,13.1532837090927,5.20085001092986,5.83025525147638,8.10684915719735,10.7767018346087,11.9073421130177,10.7767018357443,5.87916436294263,4.95264462276057,15.5284376834839,13.8240905526556,13.8240905526556,10.2850359906912,5.50675744498545,2.95198357051329,10.285035991219,35.8643502188822,4.141901825128,19.1055952354302,6.56981127590573,6.58599297268729,6.98479683911992,4.141901825128,6.58599297268729,4.141901825128,3.89909256051684,6.58599297268729,4.141901825128,4.141901825128,4.141901825128,4.83010956241294,6.58599297268729,4.141901825128,4.141901825128,4.141901825128,4.141901825128,6.56981127590573
11.8422589697228,9.1140386706328,7.99668760111592,13.9503654210517,10.609066758658,10.4293303339439,13.4491839942367,11.8900194072742,9.83405507570573,11.2136565247391,10.1734020002845,14.3925996873589,13.1553770583852,14.5602249540835,5.1512580288222,5.45740226211082,7.92683896255376,11.1379046552333,13.4533516809894,11.137904655427,5.74155639460999,4.83058658152576,15.0997458779667,15.8836280996355,15.8836280996355,10.9705615276798,5.65218595330045,3.07937123204443,10.9705615278623,40.9115007420171,4.31431858059489,22.0448885254883,6.20028160257501,6.46837148192194,6.80584252724806,4.31431858059489,6.46837148192194,4.31431858059489,3.83049683413543,6.46837148192194,4.31431858059489,4.31431858059489,4.31431858059489,5.60739168937625,6.46837148192194,4.31431858059489,4.31431858059489,4.31431858059489,4.31431858059489,6.20028160257501
11.5593638746384,8.93548628088451,7.8603611099101,13.11877003441,10.4423805979483,9.44821475394211,12.4804776232886,10.6371419915068,9.65163329846565,11.8947112444735,9.99655151126473,12.9744922100411,11.6770179102866,13.1690823400131,5.03477907609101,5.54157756137432,7.82260070563474,10.93468744554,12.0421497022435,10.9346874456827,5.75949644578451,4.67928030937414,16.099421805694,14.0565405535281,14.0565405535281,10.8074750148105,5.50364683911668,3.0709200278649,10.8074750147391,35.29341010969,4.31291781155279,19.4060344616349,6.31545014813484,6.40534478436014,6.59793274884654,4.31291781155279,6.40534478436014,4.31291781155279,3.72992869207993,6.40534478436014,4.31291781155279,4.31291781155279,4.31291781155279,5.23048797930568,6.40534478436014,4.31291781155279,4.31291781155279,4.31291781155279,4.31291781155279,6.31545014813484
11.5734462412464,9.4177340333528,7.76919454714378,13.4603680048154,10.7898077928137,9.5638681586765,12.5878454067299,10.8401998719919,9.56278887940533,11.9816789514697,9.87901967582962,13.0499762563997,11.8044214168096,13.2622970092616,5.2830427220928,5.80175125530338,7.76602168757026,10.8618827277625,12.1901513118997,10.8618827270748,5.65464562003349,5.11982458256567,16.1385755464543,14.2517647230863,14.2517647230863,10.7816475376747,5.57639225878012,3.18579591084904,10.7816475372792,37.8227532638513,4.4587957368804,19.6553962728064,6.29283290922755,6.03682286509972,7.21168936170437,4.4587957368804,6.03682286509972,4.4587957368804,3.44112591405204,6.03682286509972,4.4587957368804,4.4587957368804,4.4587957368804,5.43955796857533,6.03682286509972,4.4587957368804,4.4587957368804,4.4587957368804,4.4587957368804,6.29283290922755
11.1824855252798,9.06366594215769,7.55526328118356,13.0824681963094,10.5719579462971,9.31107441745172,12.228487037772,10.5894062839265,9.28073642684414,11.5766920758983,9.55782348790427,12.7556366795332,11.4492470035522,13.0063166061291,5.44725639317315,5.82621267334562,7.95347547794105,10.5335350227309,11.8802807277691,10.5335350230775,5.66998846593324,5.27784917334089,15.5965291502256,13.8133997407202,13.8133997407202,10.1732209420484,5.53007820861095,3.35471634949151,10.1732209413587,36.9120951149162,4.6986544035432,18.9617892643605,6.46689892070306,5.70502455666089,7.43512312716314,4.6986544035432,5.70502455666089,4.6986544035432,3.41439475660331,5.70502455666089,4.6986544035432,4.6986544035432,4.6986544035432,5.19214749906377,5.70502455666089,4.6986544035432,4.6986544035432,4.6986544035432,4.6986544035432,6.46689892070306
11.5679165943653,9.53847196674557,7.91738269668851,13.83949956396,10.4749322646782,10.3688912557069,13.4502070038986,11.8513104671713,9.81141942261439,10.6360808906215,10.1021040691146,14.2817743203699,13.1117659330398,14.4534703013849,5.04537922388553,5.7351102946957,7.82577450999044,11.151822568437,13.4933425484406,11.1518225682917,5.65370818397037,4.81418118424487,14.1888927974528,15.8711198229239,15.8711198229239,11.1831654206355,5.76646484099769,3.05195634738385,11.183165420648,39.2588841350939,4.28240574108518,22.0318353346345,6.51376886092207,5.92660804329682,6.78709441160737,4.28240574108518,5.92660804329682,4.28240574108518,3.45875108444678,5.92660804329682,4.28240574108518,4.28240574108518,4.28240574108518,5.44706910059557,5.92660804329682,4.28240574108518,4.28240574108518,4.28240574108518,4.28240574108518,6.51376886092207
10.8942745136118,9.00807775056437,7.44777223646908,12.8105334017073,10.2924452902132,9.15618431084803,11.9756527608248,10.3277409285202,9.12659258825068,11.0442434492054,9.45118459185262,12.585274036438,11.2644798372679,12.779972589071,5.05033245242849,5.51430667864382,7.75569507510165,10.343282824508,11.6774262852041,10.343282824349,5.63673124450022,4.81581551372926,14.8897765542653,13.572900340822,13.572900340822,9.98658612434343,5.40055539266142,3.06284913806094,9.9865861244457,41.0217400225999,4.2817983332359,18.712742834506,6.37434999912736,6.02922926852037,6.77919634272604,4.2817983332359,6.02922926852037,4.2817983332359,3.49651630389857,6.02922926852037,4.2817983332359,4.2817983332359,4.2817983332359,4.83134260352826,6.02922926852037,4.2817983332359,4.2817983332359,4.2817983332359,4.2817983332359,6.37434999912736
11.2443536432519,9.44951805544012,8.0553590058707,13.4099882040534,10.7234615374235,9.52336456219884,12.7982945258529,10.7262857381999,9.99712800158705,10.7733909313687,10.3099725917965,13.355525602191,11.7402492003425,13.5151933692595,5.01634598219104,5.57148532315824,8.26500690364536,11.3656525536933,12.1514537298962,11.3656525536333,5.65397726906876,4.84526217792166,14.4421793790134,14.1650170279715,14.1650170279715,10.9738529080899,5.60559184045769,2.89805109208626,10.9738529081311,36.0086824426521,4.06848303594699,19.6152414081636,6.45727583905855,6.13615081459111,6.83425565470505,4.06848303594699,6.13615081459111,4.06848303594699,3.49727306649898,6.13615081459111,4.06848303594699,4.06848303594699,4.06848303594699,4.97990058480844,6.13615081459111,4.06848303594699,4.06848303594699,4.06848303594699,4.06848303594699,6.45727583905855
11.6458362027941,9.09973019745796,7.65544346224532,13.8595117408396,10.5208779900947,10.360963797876,13.1347351163351,11.8398769841264,9.33448805271337,11.23855102738,9.70238249285866,14.3259972212478,13.1251849534119,14.5174778668,5.07503413812494,5.69716681472959,7.86243114289573,10.5699541281016,13.4186054985773,10.5699541273158,5.7182779126347,4.7020766702914,15.0202875437459,15.8664287627665,15.8664287627665,10.1596084641797,5.5666538224407,3.1893447018392,10.1596084640891,35.4311678654512,4.47397835024826,21.9899955098684,6.05818124928405,6.43253226561771,6.62524181659474,4.47397835024826,6.43253226561771,4.47397835024826,3.65470861906324,6.43253226561771,4.47397835024826,4.47397835024826,4.47397835024826,5.59443036785826,6.43253226561771,4.47397835024826,4.47397835024826,4.47397835024826,4.47397835024826,6.05818124928405
11.4606179939833,9.25144207572449,7.89067815163063,13.5109676178258,10.7273663754111,9.62023275849012,12.8030660951789,11.0014205281732,9.75812858309194,11.3620606722315,10.0246278953688,13.5238325888798,12.0676945163568,13.7541950148069,5.18930296669671,5.543043701568,8.17541443012048,11.0904952378193,12.4008755773555,11.0904952378787,5.50679897794035,4.87753556199143,15.3348315760188,14.5779725383759,14.5779725383759,10.6412108520093,5.46974552327978,3.31581856304403,10.6412108517121,39.6268143881754,4.65339970453872,20.0843905692752,6.02804819219153,5.74310181721772,6.87363534821456,4.65339970453872,5.74310181721772,4.65339970453872,3.44736659927153,5.74310181721772,4.65339970453872,4.65339970453872,4.65339970453872,5.05954956030566,5.74310181721772,4.65339970453872,4.65339970453872,4.65339970453872,4.65339970453872,6.02804819219153
11.4058018025737,9.28419368382927,7.99639537826335,13.2882586831985,10.5221639999556,9.56724953568965,12.7928734896998,10.8343260498676,9.91349943404963,11.1737237052604,10.2114607280714,13.4237913347094,11.8814763452264,13.5797026005742,5.04317857891599,5.44351225226543,8.15076413142678,11.2398469060555,12.2303110688657,11.2398469057013,5.58516976454589,4.81204065034851,15.0316040773129,14.3079319072764,14.3079319072764,10.8436735693968,5.37336406363579,2.86382766950295,10.8436735695481,40.324752914945,4.01714918387511,19.8336345111566,6.27241086108306,6.17273252853584,6.78580156303421,4.01714918387511,6.17273252853584,4.01714918387511,3.75706453174232,6.17273252853584,4.01714918387511,4.01714918387511,4.01714918387511,4.9400971243772,6.17273252853584,4.01714918387511,4.01714918387511,4.01714918387511,4.01714918387511,6.27241086108306
11.6477522424295,9.02856105079605,7.82769782977453,13.8011480447764,10.6424388760663,10.1015466321496,13.1132184704503,11.5124620911225,9.63422643148706,11.2599024301268,9.98808857827889,13.9812618012873,12.7454487830446,14.1463351392452,4.91361368348833,5.47900479438769,7.72679803740122,10.9431121377662,13.0613423243396,10.9431121370161,5.59348729740725,4.64192913935867,15.1515132534973,15.4165953893229,15.4165953893229,10.8212777233179,5.47299395889327,2.98770420030739,10.8212777233078,35.9224856102809,4.19333232140509,21.3944598598962,6.03966141668706,6.3086599807496,6.54434877317872,4.19333232140509,6.3086599807496,4.19333232140509,3.46664074424226,6.3086599807496,4.19333232140509,4.19333232140509,4.19333232140509,5.34363079266616,6.3086599807496,4.19333232140509,4.19333232140509,4.19333232140509,4.19333232140509,6.03966141668706
11.4473796115287,9.51007821332367,7.89959406616905,13.9246460884937,10.64434845156,10.4535187079881,13.3158014901193,11.8692441904475,9.65396477398341,10.6167587381208,10.0104080455058,14.255393050432,13.012581830989,14.4651871394841,5.51302462574711,5.70834139417121,8.03639853372476,10.9343502565735,13.3197132894958,10.9343502561041,5.83266836659765,5.28619209288362,14.122750480742,15.7145657005502,15.7145657005502,10.6026368397062,5.97979750067457,3.30730307267869,10.6026368394696,41.5257143699808,4.63987855913555,21.7339264999234,6.19462188890303,6.49285910351945,7.45252207111091,4.63987855913555,6.49285910351945,4.63987855913555,3.7564143607626,6.49285910351945,4.63987855913555,4.63987855913555,4.63987855913555,4.88790681436715,6.49285910351945,4.63987855913555,4.63987855913555,4.63987855913555,4.63987855913555,6.19462188890303
11.6811848763291,9.01389185961064,7.90681294380048,13.6220115479697,10.7067510525464,9.81174674047609,12.8587816854093,11.1358701162799,9.71232911464699,11.7509797299099,10.0566419148833,13.569377277546,12.2866438692256,13.7551114871642,5.02905788121182,5.58151989895409,7.78525340424464,11.0050959707857,12.5621402335894,11.005095970241,5.6121867659391,4.66093379393415,15.7827605752526,14.8148016591559,14.8148016591559,10.8341079212945,5.4377866765017,3.09120741800568,10.8341079214655,39.3454544173461,4.3320948546934,20.5070000123285,5.87364951630423,6.42067426918844,6.56560291693429,4.3320948546934,6.42067426918844,4.3320948546934,3.74154188231617,6.42067426918844,4.3320948546934,4.3320948546934,4.3320948546934,5.22652936005222,6.42067426918844,4.3320948546934,4.3320948546934,4.3320948546934,4.3320948546934,5.87364951630423
11.444685607195,9.01024331892793,7.98297524827141,13.2782047989793,10.6792758351368,9.44263013588563,12.5875444166394,10.6105891550907,9.8494514630607,11.5868990133083,10.168861591772,13.0176513399504,11.5902329191272,13.2111123828002,5.14619451878314,5.58139192431653,8.05343265144291,11.1651605037316,11.9839738656096,11.1651605031913,5.76174215964436,4.8838896326707,15.643906689756,13.9459188822142,13.9459188822142,10.9396623372999,5.61404940762795,3.03451919413801,10.9396623370852,41.0997369565963,4.24852752807429,19.2594074566317,6.47262088367922,6.29658460643249,6.88040517979793,4.24852752807429,6.29658460643249,4.24852752807429,3.74953793838424,6.29658460643249,4.24852752807429,4.24852752807429,4.24852752807429,4.62523206764217,6.29658460643249,4.24852752807429,4.24852752807429,4.24852752807429,4.24852752807429,6.47262088367922
11.1374569428917,8.65839275225888,7.49888506336471,13.4618408845733,10.3676877245472,10.0191564197604,12.7346789201221,11.4469186121726,9.11419098838651,10.5685367350573,9.48085399370362,13.7555776385529,12.6100428476722,13.9832016773174,5.18951659223309,5.67364701337608,7.80547151361442,10.3347176362673,12.9711006129279,10.3347176364701,5.78949122345258,4.87007575677008,14.1385067199029,15.2513539756687,15.2513539756687,9.97647076902489,5.51802658364997,3.33448586758038,9.97647076878713,39.1077125092898,4.67654122218407,21.0570963737183,6.28882472739788,6.25575449984448,6.86069284430828,4.67654122218407,6.25575449984448,4.67654122218407,3.44284910532446,6.25575449984448,4.67654122218407,4.67654122218407,4.67654122218407,5.05129022728681,6.25575449984448,4.67654122218407,4.67654122218407,4.67654122218407,4.67654122218407,6.28882472739788
11.501779892333,9.4637187026013,7.94017795018172,14.0968231870783,10.8276004532894,10.3708866054115,13.4061367293245,11.8599714108568,9.80775989611435,10.5171790108149,10.0810035271664,14.3078375350936,13.1114113856517,14.5076810324444,5.20846994985695,5.66480418135338,7.93120649846083,11.1119945919239,13.4162088093833,11.1119945916652,5.62115594014553,4.86223959536637,13.9741487033049,15.8340985029744,15.8340985029744,10.9641020474119,5.77639373963075,3.20032758353737,10.9641020474095,38.3840711457925,4.48594057601772,21.9385392349524,6.21165247212302,6.00690857358289,6.85007609254851,4.48594057601772,6.00690857358289,4.48594057601772,3.78634233090452,6.00690857358289,4.48594057601772,4.48594057601772,4.48594057601772,5.46688142784926,6.00690857358289,4.48594057601772,4.48594057601772,4.48594057601772,4.48594057601772,6.21165247212302
11.2906452719558,8.93570107271343,7.86007367895032,13.7527541626105,10.6463574605419,10.0942206660068,13.0902062247287,11.5134010259774,9.70519007686528,10.5920124909235,9.9470872265464,13.8604159151931,12.706311106434,14.0791301296638,5.23230333759328,5.88742856914899,7.90636034072996,10.9967156353496,13.0555567887761,10.9967156353227,5.66356277955723,4.81373950897781,14.0363984603217,15.3363063294031,15.3363063294031,10.9196375722055,5.9320242107193,3.37001271136216,10.9196375720908,39.4880412835152,4.71835991486829,21.1687479212057,6.40043988043266,5.74448887269658,6.77449261792781,4.71835991486829,5.74448887269658,4.71835991486829,3.7380695908759,5.74448887269658,4.71835991486829,4.71835991486829,4.71835991486829,4.73434692398679,5.74448887269658,4.71835991486829,4.71835991486829,4.71835991486829,4.71835991486829,6.40043988043266
11.7959592274877,8.85904063847458,7.61711964979197,13.7297383866453,10.4849511877648,10.1310654687266,12.9894273643637,11.5550155540308,9.40245400667878,11.9005210092219,9.67028290076633,14.1843841752285,12.8107017450239,14.3596828393762,4.95215971805747,5.69509468066978,8.08075776624174,10.6669884912774,13.1392306451474,10.6669884894556,5.48028468237388,4.58330362965518,16.0362446264477,15.4936876287454,15.4936876287454,10.0709186796145,5.85680402801532,3.14833629432102,10.0709186791458,34.5287204187407,4.42215048547422,21.4604604594761,6.15116078426646,5.71910108722274,6.46117679827027,4.42215048547422,5.71910108722274,4.42215048547422,3.50268639246316,5.71910108722274,4.42215048547422,4.42215048547422,4.42215048547422,5.47896491632509,5.71910108722274,4.42215048547422,4.42215048547422,4.42215048547422,4.42215048547422,6.15116078426646
11.2883995631456,8.76728358697456,7.55174030067217,13.420686002333,10.165630187133,10.0744392667027,12.9148753374918,11.5387872823053,9.2813246083462,10.7215399860323,9.58817437797613,14.0636194322459,12.7255322873411,14.2433357642144,5.09564158148384,5.41374012048358,7.93123578115771,10.5276924775909,13.0202168640239,10.5276924777171,5.45026815026224,4.85352756015175,14.3821344099794,15.3915494887395,15.3915494887395,9.94122670072222,5.48604400192347,3.11430130421121,9.94122670074154,35.1508306092152,4.36503679371047,21.3244923862024,5.90087586573511,5.93645080982956,6.83889054239427,4.36503679371047,5.93645080982956,4.36503679371047,3.47445990360902,5.93645080982956,4.36503679371047,4.36503679371047,4.36503679371047,5.07340386477756,5.93645080982956,4.36503679371047,4.36503679371047,4.36503679371047,4.36503679371047,5.90087586573511
10.9487121230174,8.96163175605014,7.54968309322082,13.1547715885486,10.347636598119,9.66249278621568,12.4297139368646,10.9511127361674,9.23439278383402,10.6126957342346,9.55577566003412,13.0797291180441,11.9406959960928,13.2816581389808,5.33248159787231,5.53346552078698,7.62080904204914,10.4260130779621,12.2777484183773,10.4260130771034,5.68592256165298,5.11389179778514,14.1688294941205,14.3661379617958,14.3661379617958,10.2399958134419,5.46281741902176,3.06143768044691,10.2399958132457,41.3011698718296,4.2870642492521,19.8608006700774,6.28177477509211,6.2569044126464,7.20690661434302,4.2870642492521,6.2569044126464,4.2870642492521,3.87127734791393,6.2569044126464,4.2870642492521,4.2870642492521,4.2870642492521,4.71157847998275,6.2569044126464,4.2870642492521,4.2870642492521,4.2870642492521,4.2870642492521,6.28177477509211
10.9422278833257,8.84730294614542,7.34922362367128,13.0345524198817,9.87674217378043,9.84787676434038,12.588655168935,11.2605399731251,9.05468738977643,10.3004422201799,9.33221309438588,13.585109568276,12.3548664817296,13.7342939000476,5.12253114804911,5.38805643645638,7.58036381744177,10.24046968992,12.6437953772549,10.2404696893945,5.31918782035992,4.97557002384641,13.6946486886427,14.910141945198,14.910141945198,9.83191742419631,5.33926997623688,2.86086615863317,9.83191742483655,36.6422946672206,4.01451203903888,20.7012625579862,5.91618142208953,5.81061194748065,7.01855176429439,4.01451203903888,5.81061194748065,4.01451203903888,3.65289794971186,5.81061194748065,4.01451203903888,4.01451203903888,4.01451203903888,5.63457500723207,5.81061194748065,4.01451203903888,4.01451203903888,4.01451203903888,4.01451203903888,5.91618142208953
11.857654925016,8.63068777050814,7.60581413431756,13.5965564036518,10.1669312788757,10.3223954193902,13.0552815777864,11.7630568547586,9.32595285930715,11.9307330036829,9.6134965027916,14.2998621924958,13.0364875848698,14.5028199136336,5.11941560131831,5.45201822994842,7.99042997699873,10.5469150023561,13.3052884746997,10.5469150026058,5.54305081960085,4.68770871586594,16.1589157001154,15.7435199988457,15.7435199988457,9.95937848947666,5.94368380408317,3.24667920724215,9.95937848968939,36.3340230750513,4.55956648380662,21.7914241851647,5.95124005250679,5.99737778015652,6.60741729862871,4.55956648380662,5.99737778015652,4.55956648380662,3.76521619735847,5.99737778015652,4.55956648380662,4.55956648380662,4.55956648380662,4.98327601096438,5.99737778015652,4.55956648380662,4.55956648380662,4.55956648380662,4.55956648380662,5.95124005250679
11.2692100557991,9.08159846880605,7.80729310486281,13.2211307857046,10.4598292101679,9.64447135915305,12.6504654702838,10.9611243864164,9.581536047487,11.0108900712164,9.89782543676749,13.4142920583096,11.9800509195896,13.6300383121931,5.30881633718595,5.72352094006394,8.25495664022538,10.8647409129391,12.3907493928935,10.8647409129679,5.83938119029351,5.01615286832306,14.8011841858001,14.4480651718064,14.4480651718064,10.3498986308351,5.53145505305648,3.2955318678354,10.3498986308942,39.7615364888053,4.62909408002475,19.9005233120731,6.5666863637865,6.14371040673806,7.07332615690411,4.62909408002475,6.14371040673806,4.62909408002475,3.61782867484484,6.14371040673806,4.62909408002475,4.62909408002475,4.62909408002475,5.52404832089932,6.14371040673806,4.62909408002475,4.62909408002475,4.62909408002475,4.62909408002475,6.5666863637865
11.534857536903,8.93079434640751,7.61698477845988,13.8450544928773,10.5959341238018,10.2667581137544,13.105310539504,11.7592238012159,9.36236111966268,11.1761311679596,9.6539807848455,14.1780659052883,12.9341475654535,14.3871914723237,5.30062709455227,5.66709882910475,7.943443385145,10.6246631165418,13.2552584168515,10.6246631164786,5.55051042398304,5.07550125082108,14.9933655636216,15.651739200967,15.651739200967,10.1888405011514,5.75530262209574,3.26906271879378,10.1888405012344,36.890806988304,4.59230571604689,21.6538731130933,6.09771807703054,5.844010893911,7.15808929785205,4.59230571604689,5.844010893911,4.59230571604689,3.45850262076633,5.844010893911,4.59230571604689,4.59230571604689,4.59230571604689,5.1987186684815,5.844010893911,4.59230571604689,4.59230571604689,4.59230571604689,4.59230571604689,6.09771807703054
11.2141781877808,9.12633794096833,8.0006235120853,13.2037723784255,10.6291921854951,9.52465340525716,12.6056334632598,10.6725340993056,9.83000411875508,10.9779145349933,10.187363225715,13.0092022565535,11.5544342647561,13.198965694719,5.40894292102228,5.6511253906793,8.14448489755815,11.1279044016029,11.9695898669602,11.1279044017531,5.93365328663358,5.25974418381201,14.7176328037869,13.8839324652492,13.8839324652492,10.8270019653033,5.60168942205023,2.99356928884423,10.8270019656533,37.579971031697,4.2024393205575,19.1869055557626,6.65639715310028,6.6074336886831,7.42087628367608,4.2024393205575,6.6074336886831,4.2024393205575,3.87792748628722,6.6074336886831,4.2024393205575,4.2024393205575,4.2024393205575,5.1125747994961,6.6074336886831,4.2024393205575,4.2024393205575,4.2024393205575,4.2024393205575,6.65639715310028
11.1891092906597,9.09269658725948,7.99607960485998,13.36835009643,10.8365374576812,9.42406353980627,12.6082245816043,10.6591419454395,9.87224092652377,11.0976724993803,10.1416198549176,12.9944805032268,11.5175840993854,13.2272107438499,5.54359662286178,5.6765181163787,8.15867358714751,11.1958734012035,11.8501850767094,11.1958734006319,5.60874073371775,5.33648127685962,14.8520228089172,13.8597429526001,13.8597429526001,10.8479553376967,5.69783718439992,3.3429851442483,10.8479553380553,35.4890865039197,4.67939171228091,19.0345986947285,6.0916796180797,5.94714994838228,7.51675531210743,4.67939171228091,5.94714994838228,4.67939171228091,3.71410787320113,5.94714994838228,4.67939171228091,4.67939171228091,4.67939171228091,4.77823060786042,5.94714994838228,4.67939171228091,4.67939171228091,4.67939171228091,4.67939171228091,6.0916796180797
11.683317892882,9.01090140639218,7.47973839607337,13.3853037465209,10.1150509004384,10.1225909373894,12.8659051533712,11.5398289567375,9.2273662416524,11.871313713217,9.48930737917316,13.8860234346376,12.7006738440135,14.0366592439911,5.15664516945208,5.46741908246686,7.69065765121066,10.4245760671742,13.0206136019898,10.4245760663268,5.47373417614315,4.95855440870078,16.0495784671778,15.3196576079882,15.3196576079882,10.1064473293233,5.67554233884548,2.90507998150412,10.1064473292056,35.5613603223073,4.05698798160947,21.28225455724,6.26486413404624,5.84617633608266,6.98251674092349,4.05698798160947,5.84617633608266,4.05698798160947,3.81540537446095,5.84617633608266,4.05698798160947,4.05698798160947,4.05698798160947,4.66580594673547,5.84617633608266,4.05698798160947,4.05698798160947,4.05698798160947,4.05698798160947,6.26486413404624
11.6051616893987,9.25602713218819,8.1259273549083,14.3716546993749,11.1347830486716,10.4760723560945,13.5994491184496,11.9703054639712,9.99906272926664,10.4755066822705,10.3392129027805,14.5371378553709,13.2026945089079,14.7228353310291,5.30532569654984,5.59290622834686,8.12336855217644,11.3398523880568,13.481019184813,11.3398523881037,5.72431555395476,5.03261333100345,13.9185551409206,15.9504072271886,15.9504072271886,11.051783536705,5.63760652871551,3.19956234724036,11.0517835366843,40.7320941071731,4.47838989362316,22.1074947875537,6.03488995473633,6.46735921901205,7.08787733586534,4.47838989362316,6.46735921901205,4.47838989362316,3.76092343986727,6.46735921901205,4.47838989362316,4.47838989362316,4.47838989362316,5.3362976509047,6.46735921901205,4.47838989362316,4.47838989362316,4.47838989362316,4.47838989362316,6.03488995473633
11.0345420507541,9.31759739147245,7.96910857042823,13.1618972146765,10.7028844722217,9.18728961780514,12.3405285391771,10.2158301215541,9.81321888106774,10.8383869421469,10.1833831128381,12.6385639674241,11.1313330728558,12.8333090373448,5.00176114287376,5.43899776537645,7.93616873960122,11.1549036209616,11.5051275698216,11.154903620853,5.66302219965965,4.80491147426427,14.5591022772705,13.4135554369617,13.4135554369617,10.9324277734929,5.6956860096534,2.98764388867516,10.9324277733692,37.2461033141229,4.17314998465196,18.5047212594462,6.10558243744044,6.44330577475331,6.7631150164272,4.17314998465196,6.44330577475331,4.17314998465196,3.44917154684896,6.44330577475331,4.17314998465196,4.17314998465196,4.17314998465196,4.9115401663141,6.44330577475331,4.17314998465196,4.17314998465196,4.17314998465196,4.17314998465196,6.10558243744044
10.7328918870103,8.63424973781634,7.52206205201736,12.8840520618071,10.2468525663899,9.27695417907885,12.125406571674,10.5063379588578,9.18409196452353,10.335688054127,9.53216895465234,12.8129567104514,11.4907948277588,13.0394704245705,5.08755248905769,5.39651564705251,7.76385051418047,10.4210956708524,11.8207397469468,10.421095671096,5.56599808038793,4.78722001354859,13.8498853550037,13.8664230560797,13.8664230560797,10.0062261618676,5.37601932969608,3.24316354645851,10.0062261615632,33.9773885954404,4.54187770128785,19.0765049852169,5.88707303847148,6.13634142527289,6.74014719751978,4.54187770128785,6.13634142527289,4.54187770128785,3.40449662896157,6.13634142527289,4.54187770128785,4.54187770128785,4.54187770128785,5.3814650632418,6.13634142527289,4.54187770128785,4.54187770128785,4.54187770128785,4.54187770128785,5.88707303847148
11.7065830742252,9.3400874673263,8.08951381963634,13.9086607724466,11.0501073433179,9.94084140739567,13.0720918662702,11.2500841164189,9.94786811637587,11.5501711983655,10.3027265045083,13.6836336242971,12.3969894828766,13.8669314469251,5.10930553177456,5.78972258394554,7.99573255093383,11.2736139325918,12.7712661464158,11.2736139331698,5.9065272253403,4.7781805264678,15.4895695084967,14.9412139174167,14.9412139174167,11.1989965055342,5.5643300960728,3.07869355370006,11.1989965056187,34.9167624941417,4.30370750026714,20.6858195786447,6.54493436847817,6.58059588035243,6.72537812959529,4.30370750026714,6.58059588035243,4.30370750026714,3.81604352422218,6.58059588035243,4.30370750026714,4.30370750026714,4.30370750026714,4.81146914636655,6.58059588035243,4.30370750026714,4.30370750026714,4.30370750026714,4.30370750026714,6.54493436847817
11.1193017345843,9.19273853561127,7.42307371131907,13.0513278765431,10.2061568101025,9.64736624375374,12.2982452781414,10.8966576920223,9.04360432979226,11.1922478590243,9.40946273873098,13.0602223360322,11.8542672861861,13.232979349776,5.31297834556831,5.39590644575827,7.52784688941298,10.20783027115,12.1374615382337,10.2078302711891,5.57424303633879,5.1815724258583,15.01398669616,14.2658161220564,14.2658161220564,9.85541618348693,5.41674534525668,2.9177777508907,9.85541618338551,39.7455233457522,4.09025995347821,19.7543937094768,5.91050680569677,6.44611020045531,7.30785862084667,4.09025995347821,6.44611020045531,4.09025995347821,3.81416519116295,6.44611020045531,4.09025995347821,4.09025995347821,4.09025995347821,5.13302181246103,6.44611020045531,4.09025995347821,4.09025995347821,4.09025995347821,4.09025995347821,5.91050680569677
11.7174964543204,9.2061900784139,7.72093008524923,13.5483200559263,10.6111142652932,9.90211489399039,12.8664023489072,11.2766469724965,9.52345739707167,11.9567901385555,9.83034045523589,13.8025578662261,12.3241829459868,13.9658315139404,5.26956544754053,5.73814071819334,8.19161144261979,10.7912130606241,12.6990642340217,10.7912130603961,5.64660763621735,5.16710294481529,16.0951749814312,14.8699897237068,14.8699897237068,10.1611368125829,5.44788453986288,2.94331975236721,10.1611368113648,36.5495216316708,4.11064217402663,20.6256951432123,6.44679658803706,6.09873787218947,7.27824887778655,4.11064217402663,6.09873787218947,4.11064217402663,3.66523134889379,6.09873787218947,4.11064217402663,4.11064217402663,4.11064217402663,5.39761913004548,6.09873787218947,4.11064217402663,4.11064217402663,4.11064217402663,4.11064217402663,6.44679658803706
11.6168573483243,8.76627818300462,7.59099173092101,13.7093394737336,10.5572369622519,10.1106789093402,12.9120783549761,11.5237899434009,9.29607896378854,11.5624463331857,9.64453340973148,13.9672719771243,12.6904643313496,14.1473043801014,5.13312735177127,5.43309755905666,7.84575883549713,10.542201355606,13.0036162604604,10.5422013563115,5.59123955285378,4.91722142953896,15.6378976181367,15.344541974095,15.344541974095,10.0964016634934,5.57931027747586,3.08599123062485,10.0964016634934,37.7388465605925,4.32908370614538,21.2641874981545,6.03222751505682,6.21744601924908,6.93214368098036,4.32908370614538,6.21744601924908,4.32908370614538,3.50007198789994,6.21744601924908,4.32908370614538,4.32908370614538,4.32908370614538,4.86651495470296,6.21744601924908,4.32908370614538,4.32908370614538,4.32908370614538,4.32908370614538,6.03222751505682
11.9153565390636,9.41418857587733,7.95483248216038,13.9466408954518,10.6712353472817,10.3921143513145,13.3828937244846,11.8520339724977,9.73965044163725,11.6203334461935,10.1272483851399,14.2628884487364,13.0710918548576,14.441572564044,5.21666583383476,5.68485942466223,7.8152908243685,11.0446890223386,13.3773935744767,11.0446890224633,5.79979440377558,4.98643325146021,15.593453193061,15.7971521635065,15.7971521635065,10.9391667002252,5.50550365365528,3.10036007479171,10.9391667003017,38.7386219813211,4.33884508680096,21.9149107571968,6.14737688664329,6.65560654901204,7.02359540628529,4.33884508680096,6.65560654901204,4.33884508680096,3.67195851407623,6.65560654901204,4.33884508680096,4.33884508680096,4.33884508680096,5.39225871479108,6.65560654901204,4.33884508680096,4.33884508680096,4.33884508680096,4.33884508680096,6.14737688664329
11.2447550154657,8.86818755985741,8.02266487440573,13.2936139944014,10.5633722977173,9.51593081368129,12.7725307832501,10.7891999233571,9.9759073262197,10.8436351466047,10.2062809408461,13.4025258302836,11.8591155937727,13.596647714006,5.07183135214671,5.78062227923612,8.32310965421749,11.3060858730365,12.2347504485938,11.3060858747461,5.59188858327594,4.69449936007629,14.4243980565482,14.271445831723,14.271445831723,10.8691390938671,5.62892600680141,3.1051210945642,10.8691390937906,39.6429583543995,4.34665700357811,19.7108019929943,6.45921793380457,5.76127753149671,6.60969740523337,4.34665700357811,5.76127753149671,4.34665700357811,3.8194466760153,5.76127753149671,4.34665700357811,4.34665700357811,4.34665700357811,5.30788820932588,5.76127753149671,4.34665700357811,4.34665700357811,4.34665700357811,4.34665700357811,6.45921793380457
11.4140455961038,8.79394630570045,7.65658148798122,13.3221059218947,10.1791557124811,10.1328643801348,12.8877313752247,11.5174860639596,9.3208438050411,11.1883884525897,9.68717165230896,13.7873255317759,12.6070332069662,13.9945035050533,5.42872814295011,5.97452068316426,7.92473694105349,10.558389396638,12.9980645586178,10.5583893968431,5.93219210778632,5.20499775471248,14.9200879863953,15.2277399884288,15.2277399884288,10.2633247381724,5.74679371404136,3.31156992347391,10.2633247382321,35.1122864166588,4.64144939037642,21.0301041267723,6.56493412428713,6.39777754286298,7.3346342336885,4.64144939037642,6.39777754286298,4.64144939037642,3.61557069992752,6.39777754286298,4.64144939037642,4.64144939037642,4.64144939037642,5.1528142731208,6.39777754286298,4.64144939037642,4.64144939037642,4.64144939037642,4.64144939037642,6.56493412428713
11.1740287442415,9.14692943945545,7.52220381939668,13.1125471203947,10.0601307223321,9.89801603440599,12.570334791916,11.1949746176598,9.17343574355278,10.9080091381305,9.52024788747824,13.3480329084604,12.2172045201339,13.5442890660219,5.37908892074592,5.46641680998781,7.56379510672486,10.360593412589,12.5034259008017,10.3605934130309,5.62734205378797,5.18853710039336,14.5979281426812,14.7177376276557,14.7177376276557,10.120943418662,5.68658654450426,3.07991741783146,10.120943418662,40.792465414018,4.3213616073949,20.3596860219629,5.98382771851976,6.36557460196097,7.31757940506574,4.3213616073949,6.36557460196097,4.3213616073949,3.81861602983084,6.36557460196097,4.3213616073949,4.3213616073949,4.3213616073949,5.52127521665027,6.36557460196097,4.3213616073949,4.3213616073949,4.3213616073949,4.3213616073949,5.98382771851976
11.951873418516,9.05380369773938,8.00425447765202,14.0571815125641,10.9140206613524,10.2807638971974,13.3250807749919,11.6727844749591,9.85632302297202,11.7805375549858,10.1843168513446,14.2951101100712,12.8900227501237,14.4952654269429,5.15494275389163,5.87772118010014,8.34762184007729,11.1935835123091,13.2895130040636,11.1935835127075,5.87400790426655,4.84814771267495,15.8635522025562,15.5853047577282,15.5853047577282,10.7552937883367,5.94128713845582,3.23297665891869,10.7552937893826,37.3373303189182,4.5230521985789,21.5722641743875,6.63752462070367,6.24474029855373,6.8238553660847,4.5230521985789,6.24474029855373,4.5230521985789,3.5632117767893,6.24474029855373,4.5230521985789,4.5230521985789,4.5230521985789,5.6417464622699,6.24474029855373,4.5230521985789,4.5230521985789,4.5230521985789,4.5230521985789,6.63752462070367
11.695406784031,9.27039699779328,7.80274336813091,13.7655279595936,10.6870764909189,10.0479073427551,13.0358091455003,11.4408641846382,9.579271948926,11.5736276684053,9.95945761121869,14.1250884305161,12.6036686432851,14.2886241761943,5.03935282231973,5.45905678611108,8.18890704366032,10.8817422403971,12.9207106517008,10.8817422402826,5.62603692873019,4.8630724183993,15.6202172624228,15.2443605572635,15.2443605572635,10.1853168321769,5.38501148881111,2.96660282291063,10.1853168320423,35.5214328530921,4.16392568553482,21.1526533003123,6.00713321648294,6.44459675498158,6.8582748977933,4.16392568553482,6.44459675498158,4.16392568553482,3.43659136247457,6.44459675498158,4.16392568553482,4.16392568553482,4.16392568553482,4.8590926873966,6.44459675498158,4.16392568553482,4.16392568553482,4.16392568553482,4.16392568553482,6.00713321648294
11.3238299177122,8.96221633143862,7.65731998744251,13.3950649795657,10.5574133795899,9.68210627182432,12.6522810870081,10.9983997512467,9.44360210264655,11.1550776998579,9.76865252366773,13.4812823933416,12.0241287456413,13.6392704544739,5.11382576225071,5.40608708871107,7.99121370624356,10.7218269247825,12.3935282150036,10.721826924851,5.54430537509148,5.02728271863798,15.0598393510992,14.5243968164333,14.5243968164333,10.214455401422,5.39615673974035,2.90592139043016,10.214455401489,34.958711864647,4.05839692439301,20.1352293313036,6.23759662188587,6.06953367904474,7.08034855576839,4.05839692439301,6.06953367904474,4.05839692439301,3.44249759088245,6.06953367904474,4.05839692439301,4.05839692439301,4.05839692439301,5.4160147501193,6.06953367904474,4.05839692439301,4.05839692439301,4.05839692439301,4.05839692439301,6.23759662188587
11.0118913561411,9.75850993677697,7.98838570702675,12.9839170209546,10.3685863147639,9.47078441539569,12.5471097605813,10.6543173340087,9.79223105790963,10.6565766320627,10.1352626008804,12.8121627332827,11.5215085109489,13.0336502699497,5.51542549214053,5.73907497521193,7.84293761043224,11.083295908745,11.8452422512731,11.0832959077236,5.78786987763848,5.30129166661571,14.1163428113279,13.8427177908371,13.8427177908371,11.0022713785942,5.57325374655873,3.22329601892419,11.0022713782179,35.3379160099497,4.51671315902051,19.0471872041192,6.14141445007679,6.50997825634505,7.47196691621703,4.51671315902051,6.50997825634505,4.51671315902051,3.87654917853726,6.50997825634505,4.51671315902051,4.51671315902051,4.51671315902051,4.99514863313705,6.50997825634505,4.51671315902051,4.51671315902051,4.51671315902051,4.51671315902051,6.14141445007679
11.217620759574,8.91376660970307,7.53413387907575,13.2661743838891,10.3136552878188,9.73317757993583,12.5589912549095,11.0446616328182,9.29763001600884,11.1760386868156,9.56274909821376,13.3764956800405,12.0667096297941,13.5497965315973,5.23634590137421,5.40865390591002,7.72526122146655,10.516920891517,12.3399296188002,10.516920891417,5.32643737307858,5.07560953323785,14.984117211012,14.5411975551467,14.5411975551467,10.0973549071849,5.641646556665,2.96624517250838,10.0973549072187,39.0825866021476,4.14521815407934,20.1431105931644,5.82719452139122,5.8286936202041,7.14918124163325,4.14521815407934,5.8286936202041,4.14521815407934,3.7367633576663,5.8286936202041,4.14521815407934,4.14521815407934,4.14521815407934,4.83904754612957,5.8286936202041,4.14521815407934,4.14521815407934,4.14521815407934,4.14521815407934,5.82719452139122
11.5621196248789,9.37587346875125,8.08056427855686,13.625082508901,10.8575818534978,9.84610815806658,12.934096937317,11.1071238161042,9.92089017089488,11.4732045231526,10.2578788929062,13.4535130591232,12.0900614161709,13.672220494198,5.50045561455035,5.80927636519909,8.16408635973812,11.2367674198945,12.4561877370585,11.2367674198766,5.9120672658975,5.2616688116177,15.3811054770188,14.5537503764786,14.5537503764786,10.9905893247038,5.78760743275448,3.26179624650354,10.9905893246525,39.0814524241801,4.57019833743912,20.0672629889302,6.47028043176668,6.4889363314625,7.4148408973933,4.57019833743912,6.4889363314625,4.57019833743912,3.85972261441083,6.4889363314625,4.57019833743912,4.57019833743912,4.57019833743912,4.97913442286037,6.4889363314625,4.57019833743912,4.57019833743912,4.57019833743912,4.57019833743912,6.47028043176668
11.8619931071085,9.28089829739036,8.05840921808709,13.9592684886891,10.9849123290625,10.0302023302534,13.2172497264584,11.465855613909,9.92042695595701,11.7112568684054,10.2462708358989,14.0777048358653,12.6664774687991,14.2962389801577,5.12550090065753,5.68644733058287,8.31129690817742,11.2816245867443,13.0474405180697,11.2816245870522,5.82460421637291,4.73573502471779,15.8656701397201,15.3216290406161,15.3216290406161,10.9144787661933,5.57151657208802,3.3762534143588,10.9144787661794,39.450183482417,4.73927794483694,21.1454771145302,6.41849142929872,6.17418437336779,6.67228120474358,4.73927794483694,6.17418437336779,4.73927794483694,3.43970147223081,6.17418437336779,4.73927794483694,4.73927794483694,4.73927794483694,4.94279373127236,6.17418437336779,4.73927794483694,4.73927794483694,4.73927794483694,4.73927794483694,6.41849142929872
11.0927954327903,9.45065937069107,7.75992048675957,13.2950280948711,10.5909238607565,9.57706410261902,12.626883341048,10.9624171232689,9.59191994479902,10.8131806668943,9.80673312819679,13.1392315977067,11.9093776685365,13.3677107352382,5.52964311203558,5.65810671349429,7.87761751173542,10.8478163493773,12.2415673187066,10.8478163495028,5.54557326192652,5.26844600618584,14.4441529556119,14.3269792993448,14.3269792993448,10.664087490194,5.45431969018467,3.30443714286703,10.664087490012,41.0801703364653,4.64019354736995,19.7223969714243,6.24990486724882,5.62732273393005,7.43015607420898,4.64019354736995,5.62732273393005,4.64019354736995,3.87184331240996,5.62732273393005,4.64019354736995,4.64019354736995,4.64019354736995,4.93011313642314,5.62732273393005,4.64019354736995,4.64019354736995,4.64019354736995,4.64019354736995,6.24990486724882
11.2955906864013,9.23090341919332,7.86915770133105,13.733868009197,10.5773996309035,10.0698478178041,13.165485229849,11.5317438892986,9.76329675647595,10.4610709881147,9.99470631552493,14.0293682483757,12.7158844546238,14.2368167352158,5.17472816429317,5.62619741141563,8.00409034919171,11.0779848570105,13.009602018264,11.0779848572078,5.40255890802444,4.85994655095667,13.8891082317922,15.3623448987221,15.3623448987221,10.7729878625493,5.71999025858397,3.22289841924311,10.7729878625792,41.4319669776437,4.51379658362473,21.2532763549146,5.98106155777073,5.6049727589395,6.84401622477572,4.51379658362473,5.6049727589395,4.51379658362473,3.62179913439878,5.6049727589395,4.51379658362473,4.51379658362473,4.51379658362473,5.03571019844436,5.6049727589395,4.51379658362473,4.51379658362473,4.51379658362473,4.51379658362473,5.98106155777073
11.281007356367,9.01422557254863,7.71841612218934,13.2443985165208,10.473342176131,9.56225968052234,12.5858538064883,10.8606018805946,9.56252700143738,11.168086697035,9.81174803327785,13.1036442382528,11.8836189519112,13.2942062543964,5.15763530370403,5.48929251965001,7.72531420475768,10.8294927085725,12.2556391792069,10.8294927088663,5.53279591293134,4.92193354060434,15.0525468637762,14.3137077112392,14.3137077112392,10.7556075833466,5.53473778331861,3.00086983689651,10.7556075833466,38.7964030493768,4.20893630665191,19.8005845926797,6.39266175481406,5.76666015584544,6.93955735703959,4.20893630665191,5.76666015584544,4.20893630665191,3.73228406505757,5.76666015584544,4.20893630665191,4.20893630665191,4.20893630665191,5.30251156596789,5.76666015584544,4.20893630665191,4.20893630665191,4.20893630665191,4.20893630665191,6.39266175481406
11.540393200263,9.0309192490507,7.963526575035,13.6548515791878,10.8144223766259,9.77998082576343,12.892622397058,11.0744807765951,9.83014429782582,11.4106705528803,10.1408798620954,13.58211497328,12.1496474984978,13.763606311084,5.16300294341023,5.6580749992468,8.07313514398914,11.146360972585,12.4755989120525,11.1463609724551,5.62551228255502,4.90277740256856,15.2854069509951,14.6470559696499,14.6470559696499,10.8049950560462,5.61740888988169,3.06444554047233,10.8049950559124,37.9210820781249,4.2935540456188,20.2651498513134,6.15396041764418,6.21553471080202,6.90866856099635,4.2935540456188,6.21553471080202,4.2935540456188,3.71546043506469,6.21553471080202,4.2935540456188,4.2935540456188,4.2935540456188,5.32976200132432,6.21553471080202,4.2935540456188,4.2935540456188,4.2935540456188,4.2935540456188,6.15396041764418
10.8758575677599,9.18163559643349,7.6710652729128,13.1240384586583,10.3086228482534,9.52695982800345,12.4599827365775,10.7155666712458,9.43394257190296,10.2840002988298,9.79838930944161,13.0686922554555,11.7305603664043,13.2304552790725,4.96646860599652,5.36259019985832,7.62957658559466,10.7158582251073,12.056799563828,10.7158582251647,5.48769405491135,4.84038257705501,13.7128016991628,14.165813876945,14.165813876945,10.5035347816663,5.55593978373152,2.86171429364625,10.5035347819688,35.541316983983,4.00075700586721,19.6290276783682,5.89796965535009,6.28900187535497,6.81815395901793,4.00075700586721,6.28900187535497,4.00075700586721,3.3916487488544,6.28900187535497,4.00075700586721,4.00075700586721,4.00075700586721,5.05497921325809,6.28900187535497,4.00075700586721,4.00075700586721,4.00075700586721,4.00075700586721,5.89796965535009
11.5847495089168,9.48875090255931,7.84777099943181,13.6982773959305,10.5938223488694,10.0629016597252,13.0976667149924,11.5084658038037,9.7004877726796,11.2562841446857,9.94637149850222,13.8419205558998,12.6674701479559,14.0524077717524,5.27461467600704,5.60336206696006,7.84396742030498,11.0000628525034,12.9941690809678,11.0000628526489,5.56600907786012,4.9347297450988,15.1567128464504,15.2977354169485,15.2977354169485,10.9231930515605,5.77689634396988,3.3171882967925,10.9231930515514,37.1086735529209,4.65690340613276,21.1279632461807,6.20728712502827,5.72049333155258,6.95589137478451,4.65690340613276,5.72049333155258,4.65690340613276,3.6595906023563,5.72049333155258,4.65690340613276,4.65690340613276,4.65690340613276,5.18067633564628,5.72049333155258,4.65690340613276,4.65690340613276,4.65690340613276,4.65690340613276,6.20728712502827
10.8619525535987,8.79580026467462,7.54723456462975,12.9000052828707,10.3641661130419,9.28876497806345,11.9724184656345,10.3628684240128,9.1490564851091,10.9063063825439,9.54067413609708,12.5351773374705,11.2656808266897,12.7747464363593,5.25974411604802,5.67218971464026,7.75544090309594,10.3490246706123,11.6146889391219,10.3490246695001,5.80082845478824,4.95998134358253,14.5588558516656,13.55071618603,13.55071618603,9.9753992639912,5.74554912780205,3.24942474582036,9.97539926442061,39.2084900106004,4.54943195239461,18.6174763601778,6.12009927656349,6.54180436183516,6.98457304719728,4.54943195239461,6.54180436183516,4.54943195239461,3.67590404352909,6.54180436183516,4.54943195239461,4.54943195239461,4.54943195239461,5.59409686930662,6.54180436183516,4.54943195239461,4.54943195239461,4.54943195239461,4.54943195239461,6.12009927656349
11.3787333919262,8.78111493244958,7.90484215441191,13.3716321268481,10.8521738669486,9.29343461596419,12.5522601719396,10.5331118581791,9.82573124829269,11.5694017943988,10.0867854386074,13.0959213386593,11.5010283264395,13.2797627883972,5.06905604932618,5.71528993445901,8.24862590375407,11.1674007308382,11.9237470314959,11.1674007300461,5.55754833255821,4.86358634885697,15.5754790636608,13.8706928088133,13.8706928088133,10.7197975706387,5.46112044521118,3.03245488003959,10.7197975707926,35.1935360143014,4.24999651546229,19.1490852611277,6.46171382611832,5.73085991735282,6.85427132457822,4.24999651546229,5.73085991735282,4.24999651546229,3.47011602355551,5.73085991735282,4.24999651546229,4.24999651546229,4.24999651546229,4.85005898482225,5.73085991735282,4.24999651546229,4.24999651546229,4.24999651546229,4.24999651546229,6.46171382611832
11.561542426953,9.46408598896937,8.06645518748194,13.346246377086,10.5575566608094,9.73198717391722,12.897065315321,10.9703027445802,9.94842206722089,11.505616744677,10.2940088910343,13.4035949421051,11.9953329630672,13.5790597173904,5.1954743543335,5.78766598600263,8.10954664189836,11.2770118943139,12.407960236766,11.2770118952891,5.88257699511535,5.00353152763983,15.4291813688865,14.4451894659557,14.4451894659557,11.0830881014136,5.54090184104658,2.93588792880154,11.0830881013666,38.5505826646037,4.10959869393963,20.0114080826732,6.67574610453512,6.50837244071808,7.0513775629506,4.10959869393963,6.50837244071808,4.10959869393963,3.7904192429885,6.50837244071808,4.10959869393963,4.10959869393963,4.10959869393963,4.6435722636834,6.50837244071808,4.10959869393963,4.10959869393963,4.10959869393963,4.10959869393963,6.67574610453512
11.1472020733742,9.19222392289142,8.03205640698341,13.4243891925086,10.7820154131674,9.5010303052151,12.7918046395483,10.8269058220632,9.95160065110641,10.5612579429259,10.2182954195071,13.3450933278812,11.8806030658688,13.5621440297368,5.1327563195778,5.76455269689279,8.27669723745008,11.296484528139,12.2982840776667,11.2964845280554,5.73589265900004,4.78615043033749,14.0899012614161,14.3209529504886,14.3209529504886,10.9814962017327,5.39315009979022,3.21294259990985,10.9814962016999,35.935230950735,4.50342701671722,19.7456050580531,6.60236255652426,5.90162660391362,6.74174676820058,4.50342701671722,5.90162660391362,4.50342701671722,3.64728764368715,5.90162660391362,4.50342701671722,4.50342701671722,4.50342701671722,4.93503827337553,5.90162660391362,4.50342701671722,4.50342701671722,4.50342701671722,4.50342701671722,6.60236255652426
11.5128857252976,9.48035961351399,7.89752676246863,13.2941048628729,10.6518509797295,9.39360178231153,12.6505179149405,10.659252238204,9.84188586041647,11.7077425468466,10.0870238724072,13.1411186795094,11.5788679820206,13.3090852393164,5.21546269429075,5.31485917444492,8.05045616764344,11.1808117667733,11.9122806720206,11.1808117663765,5.31625886410981,5.12620341889251,15.8737911624533,13.9610216297447,13.9610216297447,10.8033105540955,5.47305844775979,2.93198634106152,10.8033105540955,34.9590441648712,4.11246315396684,19.3105589280711,5.99256706120957,5.65374024202811,7.23022909732363,4.11246315396684,5.65374024202811,4.11246315396684,3.52325315289915,5.65374024202811,4.11246315396684,4.11246315396684,4.11246315396684,5.38011456048125,5.65374024202811,4.11246315396684,4.11246315396684,4.11246315396684,4.11246315396684,5.99256706120957
11.3138155154433,9.38086158370989,7.95685565887173,13.3767167887357,10.6934700789593,9.59949931558622,12.7492042576519,10.8612608697945,9.8493467179478,11.0948531742458,10.1355539270651,13.1982672117733,11.7907211451255,13.3646803803595,5.3774591437162,5.44900140082511,7.97456811607224,11.1470535453727,12.1367775589246,11.1470535457125,5.62563064244379,5.24819896772853,14.913811891665,14.1745813835087,14.1745813835087,10.9265249830508,5.4574663979593,2.91505707540033,10.9265249830508,36.6619623268794,4.08636682598836,19.6260424236036,6.33170063793265,6.17683016478819,7.40208326357928,4.08636682598836,6.17683016478819,4.08636682598836,3.9065161104546,6.17683016478819,4.08636682598836,4.08636682598836,4.08636682598836,4.8528575159223,6.17683016478819,4.08636682598836,4.08636682598836,4.08636682598836,4.08636682598836,6.33170063793265
11.2308512845726,9.30142362770357,7.83444252923121,12.9159062848831,10.2373572526541,9.40673551661525,12.4010483585978,10.5427940683044,9.62397567555611,11.2147388053956,9.97036712934295,12.8480984127424,11.4746641145193,13.0352287361045,5.20454642425511,5.36921242818752,7.78615656129285,10.8930597064175,11.7753349924101,10.8930597063264,5.60622938393769,4.9986298293565,15.0785695915317,13.7934084727388,13.7934084727388,10.6472061069802,5.5596934768916,2.95972467384396,10.6472061069906,34.4723964681286,4.1413700947411,19.0625596866135,5.9561556776502,6.45465827626919,7.04317960434205,4.1413700947411,6.45465827626919,4.1413700947411,3.80837864594724,6.45465827626919,4.1413700947411,4.1413700947411,4.1413700947411,5.54577708519929,6.45465827626919,4.1413700947411,4.1413700947411,4.1413700947411,4.1413700947411,5.9561556776502
11.5098771786882,9.13483503597941,7.88674136606558,13.120423193611,10.3440151490484,9.46395662481172,12.6617095893073,10.7926423293783,9.74388686394589,11.5819230934106,10.0320809059659,13.3646509883856,11.8791960217811,13.5773826007381,5.00116560839447,5.57467185808952,8.14106841944043,11.0777433137521,12.2254323596877,11.0777433137066,5.53525213396173,4.63518809800444,15.6399766276457,14.3480007333901,14.3480007333901,10.6493471364586,5.38035975565568,3.25679495816308,10.6493471364041,40.0496117993943,4.56407589420674,19.7699815025964,6.05501143118528,5.86705955097594,6.52588103682643,4.56407589420674,5.86705955097594,4.56407589420674,3.40825726252175,5.86705955097594,4.56407589420674,4.56407589420674,4.56407589420674,5.48872901851862,5.86705955097594,4.56407589420674,4.56407589420674,4.56407589420674,4.56407589420674,6.05501143118528
11.36053600893,9.00675847370908,7.90146132719388,13.7340070056086,10.53673526001,10.2111505772493,13.1278207701637,11.5937475554849,9.68661096778507,10.5214947962649,9.99912309750664,14.0474940456599,12.8388506600034,14.2637266683878,5.16216122761507,5.62123133198943,8.0177242634662,10.9650210220924,13.1686535542037,10.96502102189,5.82455997776302,4.65818904359396,14.0696851023149,15.4910853057081,15.4910853057081,10.7321240402452,5.95395531551261,3.35285903940414,10.7321240405313,39.0683047866954,4.71105848055934,21.404627840486,6.35074446429546,6.26519604078817,6.56590549423414,4.71105848055934,6.26519604078817,4.71105848055934,3.82591103622139,6.26519604078817,4.71105848055934,4.71105848055934,4.71105848055934,4.69527005115186,6.26519604078817,4.71105848055934,4.71105848055934,4.71105848055934,4.71105848055934,6.35074446429546
10.9158462027673,8.97063050245691,7.67793332039976,12.9234737369263,10.0709521873453,9.60289532848496,12.5235559610118,10.8906475545032,9.41148106841808,10.3523026844644,9.76433391899226,13.1720484932407,11.8404738351421,13.3399094282493,5.31386306531369,5.33442054820936,7.70298470083343,10.6558443018687,12.1218045827994,10.6558443016681,5.53244574614256,5.2081092837269,13.7975512157968,14.2644017401133,14.2644017401133,10.3374666104243,5.2609564214189,2.96871834795253,10.3374666103573,41.2014545394124,4.1489305696261,19.7418326191504,5.82062356908744,6.38201949300538,7.33743586294246,4.1489305696261,6.38201949300538,4.1489305696261,3.69580671355521,6.38201949300538,4.1489305696261,4.1489305696261,4.1489305696261,5.06559509936243,6.38201949300538,4.1489305696261,4.1489305696261,4.1489305696261,4.1489305696261,5.82062356908744
11.3780117049623,9.18460614324039,7.76335938376869,13.6963350231091,10.5129835582277,10.1593184661891,13.0331780530191,11.5394786743911,9.54004494555583,10.8031747949439,9.85137638391926,14.1351860648729,12.6941566138327,14.3168222868412,5.2477418351748,5.63497444735054,8.18049762684977,10.8025076297373,12.9787837613411,10.8025076290916,5.58102679472809,4.97459375611681,14.3691145695596,15.3208490547051,15.3208490547051,10.1155268712999,5.82922918376026,3.1413592162394,10.1155268714257,35.6510192992667,4.40953838193868,21.2137500824636,5.99023205096859,6.17386165066429,7.0145649585839,4.40953838193868,6.17386165066429,4.40953838193868,3.73733710634221,6.17386165066429,4.40953838193868,4.40953838193868,4.40953838193868,5.40349089156853,6.17386165066429,4.40953838193868,4.40953838193868,4.40953838193868,4.40953838193868,5.99023205096859
11.5923365068936,9.37999656963493,8.13322556533006,14.362806365026,11.2527205889172,10.2693843002616,13.5493024562871,11.7691164006251,10.116873742093,10.6650250201701,10.3612958651768,14.3969875549247,13.0345096873402,14.5926816657569,5.08833131703123,5.94564685655266,8.30344429760827,11.5056104459197,13.439551468223,11.5056104457908,5.70842460569272,4.72695462604316,14.1797629985382,15.7713889658328,15.7713889658328,11.3082342523134,5.80730572923856,3.2682250741047,11.3082342523254,39.8258832867798,4.58694047561474,21.8277506389268,6.66519929879503,5.68274262389026,6.66092159572331,4.58694047561474,5.68274262389026,4.58694047561474,3.50208012050329,5.68274262389026,4.58694047561474,4.58694047561474,4.58694047561474,4.82323560513269,5.68274262389026,4.58694047561474,4.58694047561474,4.58694047561474,4.58694047561474,6.66519929879503
11.4481139299862,9.00711368965532,7.80559818723417,13.1816449075551,10.6164816978522,9.39082129995881,12.4768326395126,10.5909551159337,9.66188843878003,11.8787892404206,9.92477054850424,12.9620378216196,11.4377132278714,13.184801129755,5.42521675629975,5.73815895289931,8.22495513483655,10.9811534116378,11.8693902682429,10.9811534112865,5.61300568818795,5.32073694229781,16.0665699749673,13.7993512320449,13.7993512320449,10.5134527127031,5.8582314721402,3.22853775154555,10.5134527134609,38.7870640880345,4.52081473962394,18.9846641762046,6.46734575990549,5.67919258649101,7.4975291504172,4.52081473962394,5.67919258649101,4.52081473962394,3.41269567273138,5.67919258649101,4.52081473962394,4.52081473962394,4.52081473962394,5.28074863090291,5.67919258649101,4.52081473962394,4.52081473962394,4.52081473962394,4.52081473962394,6.46734575990549
10.7540797148204,9.09462285156718,7.7183900922523,12.8744976363676,10.2935503484519,9.2785005221069,12.245529176436,10.5005222089873,9.46281804485903,10.295765890151,9.76960266876184,12.6768032388793,11.4119623922375,12.901585026533,5.33146652851442,5.38695456701362,7.69469114433348,10.7025423524803,11.6936731772902,10.7025423525424,5.55594265763973,5.03175160380558,13.727188185176,13.7139799942945,13.7139799942945,10.4993023985487,5.37365883647301,3.21707546923433,10.4993023983241,36.5620981218096,4.51587267879333,18.8625400627856,5.83666315547593,6.17623479471658,7.09467209212607,4.51587267879333,6.17623479471658,4.51587267879333,3.81388247839963,6.17623479471658,4.51587267879333,4.51587267879333,4.51587267879333,5.21980762982224,6.17623479471658,4.51587267879333,4.51587267879333,4.51587267879333,4.51587267879333,5.83666315547593
11.5803095823684,9.32287536616784,7.70646373630279,13.5989483728476,10.1833453864906,10.4527444578325,13.2981738329756,11.9629115565317,9.45383390943628,11.0159607593344,9.79093077970563,14.4221077861961,13.0845610561406,14.5872940819455,5.50271634290991,5.47408371367808,8.04472000751082,10.7051777063616,13.3827460390514,10.7051777065592,5.63710939385837,5.43681378893845,14.7901405134084,15.8106701430105,15.8106701430105,10.1322845881224,5.55735663626321,3.04763326879109,10.1322845882063,39.6404330377269,4.27808967451979,21.9454799127572,6.11349861388173,6.29706114166171,7.67093143891402,4.27808967451979,6.29706114166171,4.27808967451979,3.70044724098211,6.29706114166171,4.27808967451979,4.27808967451979,4.27808967451979,4.95326784924421,6.29706114166171,4.27808967451979,4.27808967451979,4.27808967451979,4.27808967451979,6.11349861388173
11.0753203299008,9.51214452327824,8.18934916621395,13.2550694579355,10.7827916405184,9.33749375634057,12.5868868695142,10.4596363395847,10.0425062523201,10.5729004070075,10.4180939552981,13.0522962881776,11.4636156322925,13.2797583020084,5.1101917565112,5.93358416375487,8.42427914219629,11.393976481553,11.8810171207711,11.3939764820549,6.02409688106611,4.675857044279,13.9960953244919,13.7902961960915,13.7902961960915,10.9713947226739,5.56062269118006,3.26942708160004,10.9713947228927,40.6696842139217,4.58564754841689,18.9556784029361,6.56931366705224,6.68469584093792,6.58628207062839,4.58564754841689,6.68469584093792,4.58564754841689,3.73281618393412,6.68469584093792,4.58564754841689,4.58564754841689,4.58564754841689,5.20638863850213,6.68469584093792,4.58564754841689,4.58564754841689,4.58564754841689,4.58564754841689,6.56931366705224
11.0923547523516,9.03225309741972,7.74509127533071,13.3399451795981,10.5517330719188,9.66120684560258,12.5751689892263,10.9720250357494,9.47985523133749,10.6918509423504,9.79454705891739,13.1402855069784,12.0059793547339,13.3645328287141,5.32253700216274,5.53048057213899,7.65095267867655,10.724147076631,12.3057978850577,10.7241470763504,5.67002316624694,4.97202736610244,14.2969090010671,14.4568000878077,14.4568000878077,10.6569376125454,5.53171736673106,3.29628302064347,10.6569376127107,36.501935674294,4.62759046715129,19.9132821955606,6.02644291120569,6.22213020266385,7.00905911959684,4.62759046715129,6.22213020266385,4.62759046715129,3.80077107830117,6.22213020266385,4.62759046715129,4.62759046715129,4.62759046715129,5.15442696846678,6.22213020266385,4.62759046715129,4.62759046715129,4.62759046715129,4.62759046715129,6.02644291120569
11.2106963196344,8.90650165956593,7.74557439980977,13.4658051016619,10.3575710292126,10.1097518234037,13.0580336973511,11.564192404503,9.5333403762405,10.378643386177,9.84744565530839,13.9153629111805,12.6351783811367,14.0917816747481,5.40987771293827,5.64049401309897,7.98064302972637,10.7930331162715,13.0041001376463,10.7930331173065,5.73329941923889,5.30331352651405,13.8119152133601,15.2462246424339,15.2462246424339,10.4543793854464,5.36874198308895,2.99911836247014,10.4543793854464,38.2118553936004,4.21181220701042,21.1450196670135,6.51534732825083,6.19853290455755,7.48307713435058,4.21181220701042,6.19853290455755,4.21181220701042,3.75014699377734,6.19853290455755,4.21181220701042,4.21181220701042,4.21181220701042,5.0925172999444,6.19853290455755,4.21181220701042,4.21181220701042,4.21181220701042,4.21181220701042,6.51534732825083
11.806687973902,8.81414736475179,7.52827728626619,13.8059153472528,10.3403358782338,10.4188184029995,13.2122496400019,11.9602292872756,9.28840972461241,11.7163381607534,9.54337833745278,14.4784522594207,13.2127612065967,14.6636822018238,5.17848491356771,5.70075935689044,7.95534971176181,10.5290889575062,13.5128765231459,10.5290889578712,5.40876819867975,4.94477381957152,15.734209271327,15.9883789573955,15.9883789573955,9.96886113574758,5.78214119749204,3.15583192079648,9.96886113560558,38.6248273835222,4.41307106631683,22.1770241428005,6.0468913219904,5.6324482750217,6.96140561815799,4.41307106631683,5.6324482750217,4.41307106631683,3.53735061463754,5.6324482750217,4.41307106631683,4.41307106631683,4.41307106631683,5.46183424470725,5.6324482750217,4.41307106631683,4.41307106631683,4.41307106631683,4.41307106631683,6.0468913219904
11.3761747758914,9.14213139752005,8.12979783446839,13.189084103386,10.609344015237,9.38899209058282,12.6763354606509,10.6005543974081,10.0542100897364,11.2648889205443,10.3318430756611,13.1275351670894,11.6302045730602,13.3478272019152,5.13139185525164,5.79710635169162,8.31477591906515,11.3909394861123,12.029113714218,11.3909394854567,5.81185941799121,4.69547359082558,15.0881144994165,13.9770882651364,13.9770882651364,11.0781386859973,5.56319155257319,3.20836002988227,11.0781386855047,39.2000432137263,4.49449576044218,19.24816702076,6.58780844371211,6.14274885885637,6.61136461128548,4.49449576044218,6.14274885885637,4.49449576044218,3.88356257779562,6.14274885885637,4.49449576044218,4.49449576044218,4.49449576044218,5.09146452325681,6.14274885885637,4.49449576044218,4.49449576044218,4.49449576044218,4.49449576044218,6.58780844371211
11.2483065067821,8.88051069567449,7.75810442747843,13.0462308968962,10.3393752885714,9.48882823084901,12.4732371739352,10.6911583986572,9.59573080083972,11.2698930477943,9.85461838277148,12.9997679687494,11.6671817317489,13.1849726547522,5.21114327180869,5.77485382704335,7.9435194080012,10.852128260296,12.0680016912414,10.8521282601527,5.66599396761583,4.95401642563792,15.0691493294212,14.0249513006469,14.0249513006469,10.6103650368261,5.72204234394462,2.98879456053239,10.6103650368263,36.8820396490242,4.19782808447751,19.3849596057704,6.59817810200346,5.92897443182753,6.98874404490419,4.19782808447751,5.92897443182753,4.19782808447751,3.87335934334765,5.92897443182753,4.19782808447751,4.19782808447751,4.19782808447751,5.62313431767089,5.92897443182753,4.19782808447751,4.19782808447751,4.19782808447751,4.19782808447751,6.59817810200346
11.7594667210476,9.14281564977908,8.06825505986895,13.6789393120109,10.6790937537379,9.97702402242574,13.2300334027793,11.3506351255255,10.0469854842407,11.5077246645407,10.2987728693419,13.9410384693487,12.4618664171747,14.109633972718,5.18048759708436,5.81055466910713,8.3026537868132,11.4140550694845,12.8766257227611,11.4140550703033,5.65688755723999,4.9905087691361,15.4609285634048,15.0500955712227,15.0500955712227,11.1042819779615,5.77098631074709,3.0418056002038,11.1042819781077,38.0824133725397,4.25917907173917,20.8551544480729,6.66614372379471,5.78127780751214,7.03195386994707,4.25917907173917,5.78127780751214,4.25917907173917,3.59474991760212,5.78127780751214,4.25917907173917,4.25917907173917,4.25917907173917,5.6884610852698,5.78127780751214,4.25917907173917,4.25917907173917,4.25917907173917,4.25917907173917,6.66614372379471
11.7652633977846,9.24038164288823,7.999831898499,13.9728186788542,10.6542928540903,10.4742295927492,13.5275791419019,12.0203885670942,9.85092005179008,11.0092665420687,10.1389419169368,14.5865208745635,13.265130053581,14.7978960109626,5.36675523233987,5.7326459840911,8.33074240165184,11.1530740078855,13.6126679411573,11.1530740077552,5.84189254510812,5.02318354208571,14.7581809739557,16.0152853537081,16.0152853537081,10.7079503147697,5.64145712345723,3.30308883036004,10.7079503147697,34.7277472057185,4.62388289257079,22.1807582553936,6.55580798464434,6.16648581699804,7.07308239630204,4.62388289257079,6.16648581699804,4.62388289257079,3.87251708024217,6.16648581699804,4.62388289257079,4.62388289257079,4.62388289257079,5.50776032866654,6.16648581699804,4.62388289257079,4.62388289257079,4.62388289257079,4.62388289257079,6.55580798464434
11.4817923863025,9.01694149497558,7.79717654263626,13.8897082195536,10.7291834126581,10.2273595946366,13.0360955672598,11.5741831816186,9.51848754500911,10.9696405203012,9.88954146783166,13.9541151382404,12.8015432896039,14.1451292833365,5.10722483085548,5.73157982762292,7.77777937777387,10.7686392605927,13.1143023104001,10.7686392606635,5.82181362286701,4.71941467564647,14.6054585588876,15.4454562818506,15.4454562818506,10.6009655219468,5.82936718976599,3.15081881043009,10.6009655219278,39.4283394081627,4.4182136812774,21.3917694170978,6.23169499806147,6.58222563753122,6.64930481347823,4.4182136812774,6.58222563753122,4.4182136812774,3.8101064558054,6.58222563753122,4.4182136812774,4.4182136812774,4.4182136812774,5.29669900095929,6.58222563753122,4.4182136812774,4.4182136812774,4.4182136812774,4.4182136812774,6.23169499806147
11.5538302361059,9.30440558126731,8.11797027833746,13.6413461573499,10.8031274034364,9.79990421759431,13.0401031851886,11.1279870329736,10.0041896507356,11.1936637980065,10.3403521891545,13.7323718703457,12.2636289187183,13.9417670076633,5.08139084497737,5.79864791370217,8.32456784260518,11.375161230252,12.6722091579812,11.3751612296978,5.87078654709621,4.71129416140966,15.0342711578642,14.8166313248868,14.8166313248868,11.0494171052904,5.59322132388287,3.27645395259264,11.0494171052904,34.7026461850433,4.60380400060179,20.4431695344748,6.53399279018617,6.28566710594078,6.64220289145778,4.60380400060179,6.28566710594078,4.60380400060179,3.48525443609918,6.28566710594078,4.60380400060179,4.60380400060179,4.60380400060179,4.98491883279099,6.28566710594078,4.60380400060179,4.60380400060179,4.60380400060179,4.60380400060179,6.53399279018617
11.5600996922836,9.16082153105397,8.0190206549668,13.925763842048,10.6422156704012,10.2824592536088,13.4446495265076,11.7517512795884,9.95333233074595,10.5938433611911,10.2145768946104,14.5085569980876,13.0075306395936,14.6931765907721,5.07613192647085,5.68244794260556,8.40031502193531,11.3113277365271,13.3455158952886,11.3113277361863,5.55883558561503,4.75142235534026,14.1210241072328,15.7349332171435,15.7349332171435,10.7546220819337,5.8516875376814,3.1899596512497,10.7546220820237,40.1927891738233,4.47575840792498,21.7986009024425,6.25722993567827,5.78938916867611,6.69586921781803,4.47575840792498,5.78938916867611,4.47575840792498,3.52610030317895,5.78938916867611,4.47575840792498,4.47575840792498,4.47575840792498,5.68584469911458,5.78938916867611,4.47575840792498,4.47575840792498,4.47575840792498,4.47575840792498,6.25722993567827
11.3377527659576,9.49995731777877,7.94726792535255,13.622987110654,10.6200418204453,10.097106745315,13.0450316770297,11.4654871080216,9.71494345993269,10.7078594642863,10.0569097478438,13.6189071452575,12.4795409637102,13.8532982610251,5.65055640620273,5.53250176929078,7.78901905107742,10.9878182674498,12.7574478570635,10.9878182671317,5.79080032690853,5.42814746028079,14.3126860552799,15.0321316032201,15.0321316032201,10.9182019194978,5.71637903576766,3.33320264769998,10.9182019193965,41.2217261843374,4.67737825922432,20.7389230058849,6.02885770758568,6.50953107755952,7.65419705519876,4.67737825922432,6.50953107755952,4.67737825922432,3.91415495317721,6.50953107755952,4.67737825922432,4.67737825922432,4.67737825922432,5.04129757039777,6.50953107755952,4.67737825922432,4.67737825922432,4.67737825922432,4.67737825922432,6.02885770758568
11.386993124217,9.07821067952415,7.97269043506333,13.2958876068847,10.8139346269947,9.36828346046582,12.3768509242486,10.4463825999132,9.74136002083374,11.5947242301661,10.1077485797569,12.6893178711204,11.3745154945435,12.9303261489997,5.30164742987861,5.61155343001631,7.93516329379595,11.0355809277935,11.739698855977,11.0355809274427,5.90438114399029,4.93482411110849,15.6575655736515,13.6737727464824,13.6737727464824,10.9020091983507,5.8513293773004,3.32137878785078,10.9020091985932,41.3358411339678,4.66125996957542,18.7677188486652,6.2877940567463,6.58191882619982,6.95494081301514,4.66125996957542,6.58191882619982,4.66125996957542,3.77131248053077,6.58191882619982,4.66125996957542,4.66125996957542,4.66125996957542,5.55731416304624,6.58191882619982,4.66125996957542,4.66125996957542,4.66125996957542,4.66125996957542,6.2877940567463
11.3572792478791,8.82775182212191,7.68769222379924,13.495027772098,10.3960387760911,9.99925282631133,12.8490913249422,11.3842132820547,9.4174965259814,10.960980882614,9.75777879216239,13.820735823403,12.5462778936047,13.9952149330084,5.12081475699418,5.39895915441691,7.81393565953934,10.639131110052,12.8110775152935,10.6391311104199,5.59498836949391,4.82485970117439,14.6727017012664,15.1173041795896,15.1173041795896,10.2230046299489,5.36336005839814,2.97249083863539,10.2230046298808,40.3514170946573,4.1590897669241,20.9705551282392,5.9434249576168,6.42565486167134,6.79614329999943,4.1590897669241,6.42565486167134,4.1590897669241,3.89640796786315,6.42565486167134,4.1590897669241,4.1590897669241,4.1590897669241,4.81405725271406,6.42565486167134,4.1590897669241,4.1590897669241,4.1590897669241,4.1590897669241,5.9434249576168
10.7842566188116,8.56068861847158,7.41077215571654,12.5084999497105,9.84280657458489,9.13842906699981,11.9636448650446,10.3686957722188,9.07915642525726,10.8413364759648,9.37798925747612,12.6824310910524,11.3623689147544,12.9069971621853,5.0043090627453,5.51700603394481,7.73155271457884,10.2962331988227,11.6911027535686,10.2962331988085,5.44321218679626,4.63682278160154,14.5306319308301,13.7044083178776,13.7044083178776,9.84489611511625,5.38497591298952,3.23796357159922,9.84489611507167,34.9218567072677,4.55056262880306,18.8376568597749,5.86752813908487,5.80949345557264,6.53756881976509,4.55056262880306,5.80949345557264,4.55056262880306,3.41775007138938,5.80949345557264,4.55056262880306,4.55056262880306,4.55056262880306,4.70248627573368,5.80949345557264,4.55056262880306,4.55056262880306,4.55056262880306,4.55056262880306,5.86752813908487
10.8831369316456,9.47201105505355,7.93672185958611,13.2901720463555,10.8154468420173,9.26823657115027,12.4846635710671,10.4468080904409,9.8759945066912,10.4425270330517,10.1041122932998,12.7780306688309,11.3409571031632,12.9555177485356,5.25653946818834,5.70215214848967,7.97397433218218,11.1802065834612,11.7129447239881,11.1802065835705,5.51686102777018,5.05298794243473,13.8097366605536,13.6143098176497,13.6143098176497,11.0036614296247,5.59129836499384,2.95224100942138,11.003661429493,39.7095005274399,4.12930996011834,18.8052556056832,6.39326503475969,5.77776845202655,7.11960318713005,4.12930996011834,5.77776845202655,4.12930996011834,3.89275367274756,5.77776845202655,4.12930996011834,4.12930996011834,4.12930996011834,5.04781920505217,5.77776845202655,4.12930996011834,4.12930996011834,4.12930996011834,4.12930996011834,6.39326503475969
11.5616638859349,8.87648269073719,7.65955024445913,13.2371225310808,10.1773191919679,9.90906007789947,12.8059785513163,11.2948555960629,9.39164940893992,11.5932010191425,9.74588630064851,13.7765384198699,12.3530808238909,13.9464189530572,5.25612053138935,5.36606397418171,7.99632408720393,10.6452438228306,12.6597506975285,10.6452438226056,5.57928566162702,5.13858800546093,15.6813771080427,14.9168118688664,14.9168118688664,10.0380903971898,5.31208009081126,2.99200264238931,10.0380903974261,35.251728350168,4.19010791168101,20.6840980824262,5.98660987083414,6.32374998018497,7.2431438292976,4.19010791168101,6.32374998018497,4.19010791168101,3.58582766093707,6.32374998018497,4.19010791168101,4.19010791168101,4.19010791168101,4.94333977367372,6.32374998018497,4.19010791168101,4.19010791168101,4.19010791168101,4.19010791168101,5.98660987083414
11.8353527133699,9.03410177545986,7.79599605132575,13.826126639707,10.5041376692225,10.3699784826916,13.3237820537637,11.8771513232329,9.64631116340594,11.5768911894603,9.89390000930351,14.3389229809038,13.111028571094,14.5031006742887,5.22709130986405,5.61594473309782,7.99188684769368,10.9041812372256,13.4556924702027,10.9041812369032,5.64890364512428,4.94993753374723,15.6023327451465,15.8150075817532,15.8150075817532,10.6293855594058,5.65670713242095,3.03255598193126,10.6293855598617,36.34946668199,4.23411147407674,21.963353061465,6.55333296884493,5.90389906494392,6.96715164802808,4.23411147407674,5.90389906494392,4.23411147407674,3.93671461177831,5.90389906494392,4.23411147407674,4.23411147407674,4.23411147407674,4.90220756285805,5.90389906494392,4.23411147407674,4.23411147407674,4.23411147407674,4.23411147407674,6.55333296884493
11.3309467836888,8.88582582679817,7.83776499862904,13.2199437796625,10.6845526145899,9.36038230860092,12.4093616229212,10.5050306770469,9.63964751953774,11.4749388730842,10.002276797499,13.0467685608109,11.442861153554,13.2138635796065,5.10155628108019,5.53768447011021,8.20136400811207,10.9235681045305,11.8388090146721,10.9235681045882,5.75400370321446,4.94755218035672,15.4609356485415,13.7686092858098,13.7686092858098,10.3271193930482,5.37617767034691,2.83845556668008,10.3271193929343,40.7151986892739,3.97005372739662,19.0632519314805,6.4304831804552,6.49714388342304,6.97170792228178,3.97005372739662,6.49714388342304,3.97005372739662,3.70278716243774,6.49714388342304,3.97005372739662,3.97005372739662,3.97005372739662,5.30874878928433,6.49714388342304,3.97005372739662,3.97005372739662,3.97005372739662,3.97005372739662,6.4304831804552
11.9403863298165,8.92975981390276,7.67711884527656,13.6572758763825,10.3082770091787,10.377560254321,13.1204328554415,11.8283476037257,9.36530737625038,12.1626638553069,9.71023752512481,14.2286722658663,12.9993308927425,14.4332215338421,5.41113870960732,5.62217149333625,7.93072846634528,10.586904725715,13.265208369996,10.5869047250258,5.68619054721456,5.14738231695077,16.4074510594221,15.6906843273129,15.6906843273129,10.0904927298121,5.75164020355242,3.22707743780872,10.0904927306642,36.1993315574766,4.53259654479701,21.7212257862682,5.9613212498347,6.39653568097303,7.26007047372031,4.53259654479701,6.39653568097303,4.53259654479701,3.81931696124531,6.39653568097303,4.53259654479701,4.53259654479701,4.53259654479701,4.85132271231201,6.39653568097303,4.53259654479701,4.53259654479701,4.53259654479701,4.53259654479701,5.9613212498347
11.0497529396943,8.6627669142384,7.66943225257575,13.2598200776146,10.3180442035028,9.6851738885421,12.6558971253442,11.0400367979737,9.46356616016973,10.4398337212364,9.74771157905818,13.5887141628227,12.1774206960948,13.767080155253,4.96580313692593,5.47656808239737,7.9957864483506,10.7177298488438,12.4906014244875,10.7177298492392,5.47567649761452,4.63808217168157,13.9077302642287,14.6846920786699,14.6846920786699,10.1805642104508,5.36193297792505,3.00427017726162,10.1805642106668,39.7641737584958,4.20591770717781,20.3378459072347,6.06558202459964,5.95551537981462,6.53177623064131,4.20591770717781,5.95551537981462,4.20591770717781,3.69089906830032,5.95551537981462,4.20591770717781,4.20591770717781,4.20591770717781,5.14626042522918,5.95551537981462,4.20591770717781,4.20591770717781,4.20591770717781,4.20591770717781,6.06558202459964
11.3239322935523,9.36709551404646,7.91981174951294,13.4369298365591,10.4587525933852,9.93947042746015,12.8672684859958,11.2050997544984,9.69966708837939,10.9165037629483,10.029512328805,13.5092144627005,12.3457409066141,13.7311943889631,5.20699379498044,5.93810962737331,7.92583859093637,10.9846360492434,12.735697224792,10.9846360492717,5.94650792381692,4.76058561662809,14.5304032040036,14.8816593982149,14.8816593982149,10.9369442145587,6.00746899908032,3.34335422647868,10.9369442145305,41.3436141771702,4.69176546984119,20.5150765154734,6.60985035603633,6.35450646130135,6.70701388906663,4.69176546984119,6.35450646130135,4.69176546984119,3.78693609867052,6.35450646130135,4.69176546984119,4.69176546984119,4.69176546984119,4.70292833503708,6.35450646130135,4.69176546984119,4.69176546984119,4.69176546984119,4.69176546984119,6.60985035603633
11.4965115500872,9.13609446433519,8.01340982829459,13.2921706591495,10.4314482453726,9.83636620300451,12.926381423718,11.138252467663,9.86690811002733,11.2671294382028,10.17655182809,13.4391777233348,12.1351682749787,13.6367980762567,5.46055732441091,5.68165209523287,8.0574392187451,11.1690593019839,12.5193247159303,11.1690593020754,5.87116450622477,5.23366838874949,15.1524944721936,14.604207037188,14.604207037188,11.0201479023378,5.66240031745107,3.16951786470285,11.020147902281,34.5714354922725,4.44849627032112,20.1673706667131,6.60455065636843,6.32483046032878,7.38127903957961,4.44849627032112,6.32483046032878,4.44849627032112,3.89617913107681,6.32483046032878,4.44849627032112,4.44849627032112,4.44849627032112,5.10684199351748,6.32483046032878,4.44849627032112,4.44849627032112,4.44849627032112,4.44849627032112,6.60455065636843
11.6890530572388,8.8120195171149,7.72443424325445,13.3698027534946,10.290616632268,9.99230531938767,12.7980226708506,11.3333303330269,9.41633189385697,11.8989512689308,9.76691232096709,13.8036063814967,12.5157327211193,14.0240522269392,5.15267111166445,5.92881662219329,8.10724676608325,10.6605193917382,12.8781368169286,10.6605193923658,5.8888247977429,4.69851876884462,15.9776718332155,15.1035887761957,15.1035887761957,10.1772799401312,5.77656400669155,3.34475817727334,10.1772799401233,34.5810370846378,4.6980650925495,20.8371312827631,6.42856466208256,6.37461505644114,6.62198967239924,4.6980650925495,6.37461505644114,4.6980650925495,3.70494993662546,6.37461505644114,4.6980650925495,4.6980650925495,4.6980650925495,5.10330892510355,6.37461505644114,4.6980650925495,4.6980650925495,4.6980650925495,4.6980650925495,6.42856466208256
11.060684446034,9.40336595004714,8.02050261943434,13.2360651284903,10.6862643704429,9.37306125021365,12.7076654635651,10.6535032460406,9.97409251205983,10.5093602765538,10.221281688618,13.0341506530683,11.5247363822638,13.2496500653871,5.40609278597751,5.56661076320795,8.18967251151552,11.3370485374344,11.9300175397715,11.3370485374,5.5669167391866,5.2823503600357,14.0917294955592,13.8948698813625,13.8948698813625,11.0686340686547,5.50579856617294,3.16703610295834,11.0686340688584,39.9117736485324,4.44925806323085,19.1390231248708,6.3922008133122,5.6846485349895,7.45267498284863,4.44925806323085,5.6846485349895,4.44925806323085,3.51258966938105,5.6846485349895,4.44925806323085,4.44925806323085,4.44925806323085,5.42496578093139,5.6846485349895,4.44925806323085,4.44925806323085,4.44925806323085,4.44925806323085,6.3922008133122
11.8137273405993,9.01676419972843,8.134077848663,13.9611450118612,10.6795009298804,10.4069199496586,13.5368742416152,11.9034902382349,10.0235936711651,11.1767626350539,10.313169442371,14.5432115670279,13.1213453803104,14.7563280875135,5.40271031389878,5.67885744894572,8.40704458967272,11.3545950176377,13.4086770657352,11.3545950176932,5.73977808546465,5.03427874345863,14.9667435297159,15.8338386734767,15.8338386734767,10.8376837394964,5.76990475252932,3.36079058979751,10.8376837391176,36.1219255894941,4.70986623810744,21.8906028417672,6.16293249453049,6.21848575541705,7.09091094170284,4.70986623810744,6.21848575541705,4.70986623810744,3.88625731860729,6.21848575541705,4.70986623810744,4.70986623810744,4.70986623810744,5.24385459013708,6.21848575541705,4.70986623810744,4.70986623810744,4.70986623810744,4.70986623810744,6.16293249453049
11.747968612333,9.05778899655961,7.69271633227793,13.8613759119145,10.6695128964082,10.185692567889,13.1273532247221,11.6978607900874,9.45935739562556,11.5565905294035,9.78376130088068,14.2218580214837,12.9076840025525,14.4027550332309,5.11578742739304,5.39372593149549,7.94938741330351,10.7276469654648,13.2071332791087,10.7276469656392,5.53995594502555,4.89569645505109,15.6317843910615,15.6073980666585,15.6073980666585,10.2491978096806,5.28158666738321,3.05721066806346,10.2491978096806,37.083196355266,4.27783250140766,21.6536908375073,6.01045388613719,6.13575304397106,6.89524854685461,4.27783250140766,6.13575304397106,4.27783250140766,3.55931174042218,6.13575304397106,4.27783250140766,4.27783250140766,4.27783250140766,5.16430003033986,6.13575304397106,4.27783250140766,4.27783250140766,4.27783250140766,4.27783250140766,6.01045388613719
11.0137091115686,9.00644396670985,7.93259895565436,13.3787422613869,10.876036988746,9.351205146797,12.5602410983801,10.5340454958373,9.81341847453595,10.6722694582628,10.1424773984522,12.9722189731726,11.4134886745236,13.1527746967502,5.22051940798811,5.70204009905067,8.11291676611988,11.1603569852131,11.8292374466657,11.1603569857036,5.64242406364952,5.16635997254536,14.2163909070842,13.7705520497194,13.7705520497194,10.8142753311614,5.48414002740991,2.95462838217683,10.8142753308214,38.8710298105341,4.14078106345026,19.0277839131371,6.36741097276526,6.14980163160304,7.28496402323134,4.14078106345026,6.14980163160304,4.14078106345026,3.39758095144041,6.14980163160304,4.14078106345026,4.14078106345026,4.14078106345026,4.8376775554998,6.14980163160304,4.14078106345026,4.14078106345026,4.14078106345026,4.14078106345026,6.36741097276526
11.3011039336803,9.47525898918866,8.07895584420413,13.7018200403952,10.9797477254507,9.66819439834734,13.018182774252,11.0539489253805,10.0697169158719,10.7273953318876,10.2862999069852,13.5814108776958,12.0717505991425,13.7773786215234,5.32015440278966,5.60725924371386,8.30391205672259,11.4303197885792,12.4469248953963,11.4303197888272,5.54364878072102,5.09639442700282,14.3750009648673,14.5522379042973,14.5522379042973,11.0908223240327,5.50029972535044,3.16440849576854,11.0908223240144,33.9740657368034,4.43565524507394,20.0950569309816,6.42227360603442,5.59245896287191,7.18312141321064,4.43565524507394,5.59245896287191,4.43565524507394,3.6931548703513,5.59245896287191,4.43565524507394,4.43565524507394,4.43565524507394,4.78022930151005,5.59245896287191,4.43565524507394,4.43565524507394,4.43565524507394,4.43565524507394,6.42227360603442
11.2906090371054,8.90825584973185,8.02236523228405,13.6650946020795,10.8929314771813,9.73057084753967,12.9681559283076,11.0833306841077,9.91140036909533,10.5269956690894,10.2429414964537,13.6646658594493,12.1856475380788,13.8317595063203,5.04517052645926,5.6371142281089,8.2070508044125,11.2538856679336,12.5915698559142,11.253885667551,5.78436993668324,4.80641144139508,14.0641842523207,14.7051360511587,14.7051360511587,10.9210259277967,5.22076201213281,2.9876760151638,10.921025927569,35.4770259603532,4.18426512404375,20.3731943971494,6.5686625544846,6.30254319238094,6.77212396763761,4.18426512404375,6.30254319238094,4.18426512404375,3.60430186593706,6.30254319238094,4.18426512404375,4.18426512404375,4.18426512404375,5.58059398559862,6.30254319238094,4.18426512404375,4.18426512404375,4.18426512404375,4.18426512404375,6.5686625544846
11.6219610059683,9.28702793562072,8.08483402682193,13.7834876400741,10.9872752627102,9.84042883380028,13.0127877677484,11.1015214134515,10.0022937532222,11.4325548660781,10.3140510525481,13.659898431051,12.1599541446194,13.8269469252506,5.19502275126964,5.65594675907551,8.26332153958842,11.3306235284362,12.5437551624445,11.3306235280616,5.78534485429689,4.98888244011564,15.3602400357147,14.6394640286925,14.6394640286925,10.9617025134516,5.66851676714567,2.91679008969995,10.9617025128001,36.2778941961006,4.07136696210929,20.3081951624204,6.59182289936016,6.35477800878824,7.02441356819118,4.07136696210929,6.35477800878824,4.07136696210929,3.87880283875671,6.35477800878824,4.07136696210929,4.07136696210929,4.07136696210929,5.08639334815992,6.35477800878824,4.07136696210929,4.07136696210929,4.07136696210929,4.07136696210929,6.59182289936016
11.1153585341145,9.01933799582038,7.56343136225225,12.9709474873326,10.1936677497689,9.39106401707247,12.272974650902,10.6028352464101,9.30624161422168,11.2385456783906,9.59733997554474,12.9441400374605,11.6585042407073,13.1740432302152,4.95307110450229,5.6730596423841,7.7555478345918,10.5691689590704,12.0047352903006,10.5691689590856,5.46408533567859,4.5967401136226,15.0604788282324,14.0797179863838,14.0797179863838,10.2695020408276,5.76806959103882,3.21772665927464,10.2695020411642,40.2591240114038,4.51352459246884,19.3933489903041,5.98983157472481,5.77216720160181,6.47501061443696,4.51352459246884,5.77216720160181,4.51352459246884,3.36160013809052,5.77216720160181,4.51352459246884,4.51352459246884,4.51352459246884,5.07465206146551,5.77216720160181,4.51352459246884,4.51352459246884,4.51352459246884,4.51352459246884,5.98983157472481
11.4764881898892,9.32473250114514,7.73006102905245,13.7384157515098,10.614409820019,10.2278735788933,12.9675631660781,11.5953895130413,9.42957417946321,11.1862567646222,9.74988316575952,13.9324436304614,12.6547910265585,14.1558048270614,5.63030732870293,5.70203355074731,8.05280480723265,10.6562824490266,12.9301325523626,10.6562824488682,5.72756449192113,5.37222792016809,14.9473564428892,15.2557304074256,15.2557304074256,10.1232235879122,6.04080031431167,3.39460353692738,10.1232235881669,37.3880868417244,4.7659207064574,21.0422022669818,6.01022457263982,6.29112310942549,7.57572393458693,4.7659207064574,6.29112310942549,4.7659207064574,3.8722062934461,6.29112310942549,4.7659207064574,4.7659207064574,4.7659207064574,5.65217852874539,6.29112310942549,4.7659207064574,4.7659207064574,4.7659207064574,4.7659207064574,6.01022457263982
11.5953648126061,9.42801726400775,7.94862108616703,13.6514001827502,10.6766414838231,9.95404038417544,13.1395118311291,11.3900156206322,9.8536297004449,11.2712979932043,10.1417572409938,13.7736903818905,12.4608276792264,13.937398119299,5.27869711447669,5.63729032503934,7.89644143005347,11.1771124190521,12.8043921910967,11.177112419198,5.57223792750223,5.17269852458795,15.0958430803099,15.0372451635239,15.0372451635239,11.0505497896349,5.28290635017743,2.93769706809249,11.05054978962,39.336791126557,4.1078695458769,20.8648551262955,6.2956329228261,6.05312390667852,7.28905387797189,4.1078695458769,6.05312390667852,4.1078695458769,3.68620991863091,6.05312390667852,4.1078695458769,4.1078695458769,4.1078695458769,5.29559254182998,6.05312390667852,4.1078695458769,4.1078695458769,4.1078695458769,4.1078695458769,6.2956329228261
11.6747068522688,9.2739410167412,8.17601014102397,13.9993891848058,10.8599918545554,10.3592727033267,13.571622702726,11.8539830473372,10.0583022449048,10.7439420867306,10.4337112179767,14.3382376602685,13.0051652395267,14.5146684819785,5.37848398515291,5.87862446706804,8.1785835138777,11.4157430836796,13.3874230049653,11.4157430842689,5.96792103379843,5.24739810018334,14.2601579253608,15.7122700598427,15.7122700598427,11.2391399414358,5.27707420497682,3.06299924543356,11.2391399413274,33.9507115501477,4.28709405829064,21.802023688465,6.63094990651734,6.67072401359531,7.39512763529088,4.28709405829064,6.67072401359531,4.28709405829064,3.70353830952705,6.67072401359531,4.28709405829064,4.28709405829064,4.28709405829064,5.60641599050486,6.67072401359531,4.28709405829064,4.28709405829064,4.28709405829064,4.28709405829064,6.63094990651734
11.2571333951394,8.69335972032687,7.57693238660981,12.7409103813356,10.1552368581309,9.27488175821163,12.1441784062635,10.4127958480306,9.30933823307856,11.8058721482303,9.61924341053271,12.6677861167632,11.2729061109093,12.8800472203701,5.28882860163292,5.74543269020478,7.94893019759207,10.5694132978524,11.7103951629848,10.5694132982369,5.67412417633525,5.1374113990181,15.9465518992825,13.5968330728423,13.5968330728423,10.1778255065373,5.80386127964557,3.18118091209675,10.17782550651,38.8205578952287,4.4638583494185,18.7033466668859,6.45551850254489,5.91498835617032,7.24387587772503,4.4638583494185,5.91498835617032,4.4638583494185,3.39324890777439,5.91498835617032,4.4638583494185,4.4638583494185,4.4638583494185,5.18642117687492,5.91498835617032,4.4638583494185,4.4638583494185,4.4638583494185,4.4638583494185,6.45551850254489
11.4231681572711,9.07756306123956,7.98898885959598,13.1662225089075,10.407927594384,9.50390854781791,12.5689537959043,10.6343576306125,9.8077012271321,11.551911087245,10.1559218463134,13.1388045437931,11.6984296741091,13.3611437066478,5.02298927615415,5.6362855787313,8.03073444298418,11.1267609344678,11.9976749028919,11.1267609358004,5.66673361223375,4.58635390553771,15.4971004595026,14.0929829122702,14.0929829122702,10.7960713350312,5.8728808884105,3.22892909029414,10.7960713346318,35.8656166122996,4.53457811830911,19.4088655781362,5.8831744522703,6.41568272476623,6.46385800965014,4.53457811830911,6.41568272476623,4.53457811830911,3.65331067227343,6.41568272476623,4.53457811830911,4.53457811830911,4.53457811830911,4.65852286758142,6.41568272476623,4.53457811830911,4.53457811830911,4.53457811830911,4.53457811830911,5.8831744522703
10.9486455627331,8.96062381393533,7.40829638734425,12.6105284885875,9.99119266342449,9.14136800594394,11.9551072077418,10.3135861777594,9.12511400048906,11.2391685825802,9.40346817841386,12.4466085956921,11.2273433723446,12.6209524081737,5.08047738108131,5.44600002682523,7.3874381464031,10.316100754391,11.521708280459,10.3161007541381,5.3116178706548,4.88310110175287,15.0448363771116,13.4976768691152,13.4976768691152,10.1425281081987,5.37475385580544,2.88703274636319,10.1425281080375,37.7215718759812,4.03820938632295,18.656146508332,5.82180740241889,5.86849911823181,6.879322382259,4.03820938632295,5.86849911823181,4.03820938632295,3.71491498963571,5.86849911823181,4.03820938632295,4.03820938632295,4.03820938632295,5.48786226835123,5.86849911823181,4.03820938632295,4.03820938632295,4.03820938632295,4.03820938632295,5.82180740241889
11.344601069828,8.99229454929653,7.44639033208336,13.6273339061229,10.4970023212855,10.0551036356344,12.80968355143,11.4782884393923,9.14545673095045,11.0776068674907,9.46409353937479,13.8199017371378,12.6149903543442,13.9856206002846,5.13305230628362,5.52804671754522,7.68959027171362,10.3734315554198,12.96564375923,10.3734315555654,5.53219086980005,4.99823737632167,14.8965080237505,15.2597919615789,15.2597919615789,10.0447604269307,5.56281401751237,3.01155975557446,10.0447604269979,40.5515347298209,4.21220408771166,21.167104128429,6.21427487110496,5.95442686395416,7.04064680905847,4.21220408771166,5.95442686395416,4.21220408771166,3.42499159510658,5.95442686395416,4.21220408771166,4.21220408771166,4.21220408771166,4.9771255363753,5.95442686395416,4.21220408771166,4.21220408771166,4.21220408771166,4.21220408771166,6.21427487110496
11.1035678037411,8.9196657359448,7.58270463395359,12.8870221154277,10.2356947649123,9.24170354420864,12.1441314402323,10.4146877659685,9.36109419564375,11.3408127509332,9.60799017574787,12.7764160759255,11.4339907648425,12.9866917435119,4.988382952681,5.57469515850902,7.82643433936912,10.5915805676349,11.7647052508617,10.5915805680357,5.43809226508965,4.57752838392551,15.2194009646616,13.7520834631604,13.7520834631604,10.2173993496488,5.69670784202739,3.10289561111224,10.2173993488616,37.8933477897606,4.36040080518398,18.9526836792742,6.08231314162035,5.71937109444334,6.45489564413304,4.36040080518398,5.71937109444334,4.36040080518398,3.73800246072368,5.71937109444334,4.36040080518398,4.36040080518398,4.36040080518398,5.19246494421195,5.71937109444334,4.36040080518398,4.36040080518398,4.36040080518398,4.36040080518398,6.08231314162035
11.5528621704653,9.18182599115045,7.68572033956785,13.6115414688486,10.2248449395861,10.3704411738733,13.2306896956509,11.8670577573457,9.42961455536589,10.940169236322,9.76805016759782,14.3762620563175,13.1191339871866,14.5609040663275,5.11401463624475,5.85042362351777,8.06149812566866,10.6987635506579,13.5137162817596,10.6987635504392,5.81002949757097,4.86492438892329,14.6081096275495,15.8760623444436,15.8760623444436,10.2815312933895,5.60775446415121,3.12728015907834,10.2815312926493,36.9618903489287,4.38207835414504,22.0212125449321,6.61765525044264,6.18655828740645,6.85422544589248,4.38207835414504,6.18655828740645,4.38207835414504,3.50363477449658,6.18655828740645,4.38207835414504,4.38207835414504,4.38207835414504,5.3594758070956,6.18655828740645,4.38207835414504,4.38207835414504,4.38207835414504,4.38207835414504,6.61765525044264
11.1898609830107,8.80140641103776,7.39564196837635,12.9000031415302,9.85612022518587,9.83593074004975,12.4815011630969,11.1395956298454,9.02380079257423,11.2600970872773,9.37013189521093,13.2848390384248,12.1095534998947,13.4779994134104,5.40889693951788,5.69511067835165,7.65593546334598,10.2296868810318,12.4845810281353,10.2296868809015,5.66459489295783,5.3293040671829,15.1180488848568,14.631566938656,14.631566938656,9.92708310514864,5.76191134575146,3.15466536842192,9.92708310519747,40.5943328151538,4.42118030959603,20.2133400079608,6.28089349097547,6.10458110847974,7.5131369441098,4.42118030959603,6.10458110847974,4.42118030959603,3.4311591270339,6.10458110847974,4.42118030959603,4.42118030959603,4.42118030959603,4.80878270883713,6.10458110847974,4.42118030959603,4.42118030959603,4.42118030959603,4.42118030959603,6.28089349097547
10.8070346729593,8.8645531630873,7.74556078667706,13.0552778402464,10.494511967512,9.23926543544324,12.2146779451913,10.3835549678831,9.47615126218162,10.4240765394561,9.84241352015109,12.8947969876032,11.369602099889,13.1052691765736,5.01847674223825,5.38434134357796,8.0238716851571,10.7513859621049,11.6769451699878,10.7513859621221,5.59884108188419,4.68287457243348,13.9389586666857,13.7008434693199,13.7008434693199,10.17222509736,5.47038700644639,3.16685057523191,10.1722250966587,40.9687438148293,4.4352479074472,18.8616210058864,5.80078354695703,6.38127168768234,6.59351434903376,4.4352479074472,6.38127168768234,4.4352479074472,3.52257324637335,6.38127168768234,4.4352479074472,4.4352479074472,4.4352479074472,4.82708413963721,6.38127168768234,4.4352479074472,4.4352479074472,4.4352479074472,4.4352479074472,5.80078354695703
11.7265703579188,9.39797821800001,8.07839020714462,13.9290752957697,11.0213887039004,9.89800766321738,13.1655295996523,11.3163924111244,10.0514233193883,11.636781412807,10.2698759179563,13.8685487550136,12.4575641390923,14.0706779492522,5.20882148673093,5.75530728993429,8.18994961900292,11.3890054982802,12.7633540914784,11.3890054983815,5.49539699705468,4.84430822377705,15.5747026152539,15.0099398901477,15.0099398901477,11.0845685128862,5.5919951704602,3.15882782905628,11.0845685133098,40.3714665027612,4.4394483094656,20.7571494180511,6.17501108588377,5.72353215202501,6.8329688215023,4.4394483094656,5.72353215202501,4.4394483094656,3.87257740013608,5.72353215202501,4.4394483094656,4.4394483094656,4.4394483094656,4.69372302565082,5.72353215202501,4.4394483094656,4.4394483094656,4.4394483094656,4.4394483094656,6.17501108588377
11.9825490786646,9.40181741209006,7.77566992021082,14.1567789445171,10.857164313782,10.3925831410048,13.4207916995793,11.944994090627,9.63455565939221,11.8456349161123,9.9169455930488,14.4262339285562,13.1109073769946,14.5854655046135,5.30887371598121,5.39205023789255,7.87204034032198,10.9449733341836,13.3869754053455,10.9449733342075,5.33684300245219,5.26448009615988,16.024697674977,15.8711531530308,15.8711531527845,10.6043230775297,5.5167939557945,2.9943650504537,10.6043230773157,41.5298016064905,4.19128041630953,22.0495368845961,5.81974942081972,5.83177530089951,7.42062263994536,4.19128041630953,5.83177530089951,4.19128041630953,3.45236962681834,5.83177530089951,4.19128041630953,4.19128041630953,4.19128041630953,5.5143665281137,5.83177530089951,4.19128041630953,4.19128041630953,4.19128041630953,4.19128041630953,5.81974942081972
10.8817389920432,8.94829743690659,7.47136617433589,12.9061303746109,10.132385561391,9.56781526206481,12.2893612273613,10.779162500739,9.11843678484311,10.6765899504771,9.49267300482665,12.9063474618782,11.6919906383296,13.0825414950087,5.30793039563192,5.59250956926343,7.61210362437389,10.3318367650477,12.0886612177617,10.3318367655337,5.72643956195116,5.24739317813417,14.2823801092279,14.103104286025,14.103104286025,10.1137198061619,5.55975477161046,2.99699960495429,10.1137198059565,35.3375793957983,4.18782068679495,19.5007134019896,6.37417135339068,6.3409547848234,7.39218613640161,4.18782068679495,6.3409547848234,4.18782068679495,3.51269299552886,6.3409547848234,4.18782068679495,4.18782068679495,4.18782068679495,4.76203694267835,6.3409547848234,4.18782068679495,4.18782068679495,4.18782068679495,4.18782068679495,6.37417135339068
11.4166430955076,9.06947082958598,7.70462469441897,14.0848730904584,10.776857098458,10.407521490509,13.2753110252803,11.9087048115567,9.48341805571886,10.6063690051876,9.78198297433101,14.2629132327392,13.1069142548515,14.448573014043,5.3039554068961,5.4914708693208,7.71666911318945,10.7449948494448,13.382737481744,10.7449948485912,5.50157418713987,5.10691223970311,14.1517668486929,15.8438443969816,15.8438443969816,10.5386954976866,5.71607557779281,3.11441757637391,10.5386954981355,37.0917060780111,4.37371279286075,21.9766626418997,5.93964325080323,6.03259790598242,7.20351675617292,4.37371279286075,6.03259790598242,4.37371279286075,3.65717448726024,6.03259790598242,4.37371279286075,4.37371279286075,4.37371279286075,4.85149717875832,6.03259790598242,4.37371279286075,4.37371279286075,4.37371279286075,4.37371279286075,5.93964325080323
11.2430475649522,8.69227018853665,7.56730499498692,13.4898637832308,10.1207072499078,10.2364892059062,13.0577312772334,11.7262151923657,9.2993303256282,10.2489922731227,9.62876574848134,14.2003018688039,13.0097354153359,14.339683692988,4.90003202930024,5.50052499667755,7.73138930534771,10.5229971758862,13.3489030836398,10.5229971755077,5.63346985669519,4.61115242747265,13.6427880071522,15.7181226151953,15.7181226151953,10.2330123163415,5.29527673056098,2.85407480498906,10.2330123162881,36.5715667388671,4.00552211021318,21.8650150522052,6.36447601214559,6.21742804906744,6.50232758426434,4.00552211021318,6.21742804906744,4.00552211021318,3.70213535114818,6.21742804906744,4.00552211021318,4.00552211021318,4.00552211021318,5.38316485869948,6.21742804906744,4.00552211021318,4.00552211021318,4.00552211021318,4.00552211021318,6.36447601214559
11.6302482044506,9.0153662346581,7.49318924441475,13.3300553791001,10.2755619314868,9.92401320888325,12.641091472876,11.2392977076341,9.13325340096803,11.8623269094759,9.54885433867046,13.600366289153,12.3907532382095,13.7493113626976,4.92122947136865,5.5811389936911,7.67213970070284,10.3539511841152,12.7891131796633,10.3539511836017,5.80641975623695,4.74709177381167,16.0528295523484,14.9765008955538,14.9765008955538,10.0760266020193,5.40365618051659,2.85189928279893,10.0760266017667,38.4163115022374,3.98753022058387,20.8015316156477,6.49058956778398,6.56622857892837,6.68624423376089,3.98753022058387,6.56622857892837,3.98753022058387,3.47107947978068,6.56622857892837,3.98753022058387,3.98753022058387,3.98753022058387,5.23861989369181,6.56622857892837,3.98753022058387,3.98753022058387,3.98753022058387,3.98753022058387,6.49058956778398
11.7125393542102,9.38542313405304,7.96297379208258,13.4213873686231,10.5201134846438,9.86933442802256,12.9718019001961,11.2134060885529,9.83892539286568,11.9194210034262,10.1057454771125,13.6664042409536,12.2191984514046,13.884722963836,5.47885105760104,5.88204182769781,8.31774265935303,11.1564062872842,12.5993278390383,11.1564062876079,5.72773570530824,5.26312627829873,16.031016525706,14.7332459192825,14.7332459192825,10.7038502569834,5.811114247297,3.28205416458903,10.7038502572248,35.8265479900115,4.60294269856171,20.320483233638,6.489953590856,5.92566048796342,7.41926586359788,4.60294269856171,5.92566048796342,4.60294269856171,3.71748647839565,5.92566048796342,4.60294269856171,4.60294269856171,4.60294269856171,4.72118988750571,5.92566048796342,4.60294269856171,4.60294269856171,4.60294269856171,4.60294269856171,6.489953590856
11.3310334713554,9.27963348290224,7.86378027324168,13.3625652114056,10.313473738391,9.96905561722883,12.8834316951904,11.2400543951009,9.63162611798822,10.8630055913026,10.009885135607,13.6563180610326,12.313094054436,13.8251390553819,5.23567829616743,5.54219311295889,7.87928758156,10.8974327225244,12.5964416735028,10.8974327226609,5.69815323979952,5.04588576283635,14.4558223027761,14.8332926908434,14.8332926908434,10.5564824207223,5.62574038388792,2.93946655449563,10.556482420339,35.5700240448589,4.10988274777339,20.5703802723526,5.99835671753803,6.67348675733593,7.10880727744297,4.10988274777339,6.67348675733593,4.10988274777339,3.84837490368344,6.67348675733593,4.10988274777339,4.10988274777339,4.10988274777339,5.18462243841621,6.67348675733593,4.10988274777339,4.10988274777339,4.10988274777339,4.10988274777339,5.99835671753803
11.3412292890573,9.29497557604496,7.92786528539248,14.0045481569552,11.0219470741065,10.0118633769054,13.1980592777562,11.4994517293485,9.8499271686796,10.3838012904987,10.0830712121768,13.9124542817584,12.6899343219463,14.1099059246614,5.12284578498079,5.67205402556461,7.94876578583612,11.1777920937937,13.0695785855078,11.1777920936739,5.5998100135997,4.80579125413875,13.8519637707628,15.3277441151766,15.3277441151766,11.124401666499,5.48898034283934,3.16520664521011,11.124401666329,36.6247123876148,4.43396987979071,21.2205129516861,6.5242381106737,5.64336008360492,6.76878804203788,4.43396987979071,5.64336008360492,4.43396987979071,3.64051080808404,5.64336008360492,4.43396987979071,4.43396987979071,4.43396987979071,5.64800983718804,5.64336008360492,4.43396987979071,4.43396987979071,4.43396987979071,4.43396987979071,6.5242381106737
10.6852806403629,8.5811147291264,7.47126207273468,12.6585106336111,10.0404647134791,9.27452239429787,12.0437284501016,10.4004282737515,9.13211953026351,10.4645558304685,9.50565574461161,12.5782129365034,11.2796349075417,12.7657324044795,5.16521561174711,5.65383480267857,7.65199861053987,10.3543376427385,11.6783512987771,10.3543376431601,5.66573213183682,5.06309969941421,13.9051700950528,13.5971466671164,13.5971466671164,10.0617029336429,5.51058077691227,2.94706812421727,10.0617029336386,41.4745991533092,4.13476933655555,18.7787271436064,6.27741714095986,6.30863923165621,7.14129770383742,4.13476933655555,6.30863923165621,4.13476933655555,3.4558848958616,6.30863923165621,4.13476933655555,4.13476933655555,4.13476933655555,5.36479351521156,6.30863923165621,4.13476933655555,4.13476933655555,4.13476933655555,4.13476933655555,6.27741714095986
10.9142949116535,8.71238927310998,7.61577223469186,12.9721443304009,10.2883809632577,9.41908940022634,12.2741911239081,10.6427367427964,9.29760197680288,10.6388714532454,9.67311995574555,13.0064616572947,11.6956415799313,13.1890982726096,4.97210339207789,5.65980430605758,7.82408370993274,10.5146094402867,12.0684974986996,10.5146094400128,5.79198896201391,4.63674277444439,14.1522102273727,14.0761089836883,14.0761089836883,10.1501735380682,5.19508667596378,2.96753588499688,10.150173537997,34.8694162983478,4.16368971629967,19.4653240483002,6.37916743729414,6.52766753325845,6.53628807216076,4.16368971629967,6.52766753325845,4.16368971629967,3.75571490544425,6.52766753325845,4.16368971629967,4.16368971629967,4.16368971629967,4.80528382082456,6.52766753325845,4.16368971629967,4.16368971629967,4.16368971629967,4.16368971629967,6.37916743729414
11.3971785724325,8.73964262823926,7.62284459380204,13.3144546061724,10.567521745294,9.53233271517038,12.3516954036745,10.6993231161495,9.32922227616391,11.7157166020735,9.67816544014598,13.1122078454792,11.770482149199,13.3241833206457,4.96414059585883,5.61669426157387,7.90869782325673,10.5915227250266,12.153471203238,10.5915227251523,5.69447461266476,4.6172720093875,15.8419860329913,14.2137637450827,14.2137637450827,10.1993437811998,5.88332514565692,3.20067939718269,10.1993437813489,39.0952526718015,4.48251873143469,19.5967824292615,6.24972728005936,6.17481515032769,6.49946804319296,4.48251873143469,6.17481515032769,4.48251873143469,3.40461720930046,6.17481515032769,4.48251873143469,4.48251873143469,4.48251873143469,5.13402633467699,6.17481515032769,4.48251873143469,4.48251873143469,4.48251873143469,4.48251873143469,6.24972728005936
11.6413688272078,9.07059548016644,8.1022729276649,13.5358190650177,10.9658600234323,9.5031849723029,12.7455739596042,10.6981593546856,9.96091984110007,11.7557776443993,10.3581052774793,13.3536767460521,11.7411877690617,13.5316414460394,4.97424013685487,5.72535767963107,8.37525635641199,11.3201216126542,12.1902839014934,11.3201216124168,5.97093616873604,4.72413714616237,15.8782348285322,14.1623331303026,14.1623331303026,10.8680268748234,5.33268650389603,2.99344793658528,10.8680268746965,37.0878298681744,4.18795838218763,19.5847659513429,6.68487947716344,6.68797935559605,6.65228515916408,4.18795838218763,6.68797935559605,4.18795838218763,3.52656486542928,6.68797935559605,4.18795838218763,4.18795838218763,4.18795838218763,5.04108868942392,6.68797935559605,4.18795838218763,4.18795838218763,4.18795838218763,4.18795838218763,6.68487947716344
11.7472343019042,9.35346213975001,8.06662301920347,13.4381426012185,10.6034048939825,9.94320844581635,12.9284848829351,11.1909570178858,9.84077909864213,11.8758593900027,10.2191995511577,13.554527238224,12.1527294810593,13.7882321953801,5.6352873678752,5.8333435833202,8.31990648116624,11.1377317455564,12.5285605910378,11.1377317443247,6.07755930495425,5.3952400339873,16.0011535322538,14.6265098650393,14.6265098650393,10.7170584449138,5.86772960864446,3.35797836406891,10.7170584449496,39.4886856009055,4.71116270040633,20.1428800172019,6.55962397450459,6.75169430264292,7.60670476564381,4.71116270040633,6.75169430264292,4.71116270040633,3.90015004993246,6.75169430264292,4.71116270040633,4.71116270040633,4.71116270040633,5.37851164498036,6.75169430264292,4.71116270040633,4.71116270040633,4.71116270040633,4.71116270040633,6.55962397450459
11.4269062239269,9.39164235540273,7.71988532473503,13.8987161308817,10.7323624476139,10.1503503596393,13.152784942477,11.7012268684602,9.56564520078765,10.8070193079953,9.7897783851992,14.0546990506638,12.8888170229406,14.2192401629268,5.25293108997232,5.45504911465624,7.66112507733384,10.812610686236,13.1348087288865,10.8126106862205,5.33152535431966,4.98417464951593,14.4097258050979,15.5428059460156,15.5428059460156,10.6607548559759,5.29410411060156,3.04552442358345,10.6607548557742,39.8380827320756,4.26490676221771,21.5627164373119,5.87007085740423,5.71203599876991,7.0230400811447,4.26490676221771,5.71203599876991,4.26490676221771,3.90723103178092,5.71203599876991,4.26490676221771,4.26490676221771,4.26490676221771,5.15253856556383,5.71203599876991,4.26490676221771,4.26490676221771,4.26490676221771,4.26490676221771,5.87007085740423
11.1223628329817,8.60921001722227,7.53322448633171,13.5628153003932,10.3937128273052,10.0882721209742,12.8683327793361,11.4974698458527,9.27524017516276,10.2921640839015,9.56018996769012,13.8271993112907,12.6635924317483,13.9916512557415,5.13462972055321,5.49118234052839,7.71154249310113,10.4980659025932,13.0178146524761,10.4980659024993,5.5876688103442,4.8958603584484,13.7561247617953,15.2909686854252,15.2909686854252,10.2693670090603,5.69379166598241,3.0143150541317,10.2693670093711,37.5270510195802,4.23277482000139,21.2057155357265,6.38623912016605,5.91318536059459,6.90546045184623,4.23277482000139,5.91318536059459,4.23277482000139,3.67297889979304,5.91318536059459,4.23277482000139,4.23277482000139,4.23277482000139,5.44282778993927,5.91318536059459,4.23277482000139,4.23277482000139,4.23277482000139,4.23277482000139,6.38623912016605
11.4613930322936,8.97558146839098,7.71178032054756,13.3743136872622,10.6198149585819,9.60012870968878,12.5953862057311,10.9618691923262,9.53217960892277,11.7509414446365,9.75411839675485,13.2018633719414,12.0221082447104,13.4123535459119,5.24144573181377,5.84535894156117,7.79894442649334,10.7695679424649,12.3705582122289,10.7695679427564,5.58213242377164,4.8713432969885,15.7352435006895,14.4580811128705,14.4580811128705,10.6379950648165,5.45764195821276,3.18167218512033,10.6379950649118,38.51832460959,4.4552161830054,19.9550666708104,6.40394147476455,5.71157539933346,6.86048219144318,4.4552161830054,5.71157539933346,4.4552161830054,3.93735556080292,5.71157539933346,4.4552161830054,4.4552161830054,4.4552161830054,4.87741234457342,5.71157539933346,4.4552161830054,4.4552161830054,4.4552161830054,4.4552161830054,6.40394147476455
11.1846340063489,8.99697939539382,7.68215032214012,13.4802252563666,10.5137170713302,9.83879094925661,12.5988342876112,11.096719952005,9.3718776182733,10.7541126569295,9.71464890623342,13.547949285869,12.2443431442856,13.7582407061086,5.10333120907478,5.38739080079151,7.90909039248425,10.5899864540882,12.5049580035689,10.5899864539249,5.64986083836761,4.63846084712805,14.4111180251669,14.7463920628048,14.7463920628048,10.0866717693366,5.81677125105609,3.21942147514235,10.0866717691866,38.123630502956,4.5247597087612,20.358199278345,5.85050363754608,6.40786855341747,6.54032761350076,4.5247597087612,6.40786855341747,4.5247597087612,3.85769865437904,6.40786855341747,4.5247597087612,4.5247597087612,4.5247597087612,5.3410217212384,6.40786855341747,4.5247597087612,4.5247597087612,4.5247597087612,4.5247597087612,5.85050363754608
10.9384237413027,9.45209100856068,7.95379787879949,13.1011129490651,10.6818876664397,9.10646010536353,12.4695582321022,10.3041828658303,9.91764096140321,10.4915117316971,10.173705769597,12.8261351806834,11.1562898666436,13.001058984157,5.15639795678771,5.43548998604549,8.19399377228992,11.2720957520998,11.5537525173401,11.272095752702,5.42751273283841,5.08198405348826,14.0524539463437,13.438016957765,13.438016957765,10.8463406920171,5.30175923230326,2.87885815389801,10.8463406926657,37.2607138655502,4.02680107239869,18.5738011900225,6.27033231851449,5.73069189859174,7.16207923515106,4.02680107239869,5.73069189859174,4.02680107239869,3.50055474267904,5.73069189859174,4.02680107239869,4.02680107239869,4.02680107239869,5.47341679844313,5.73069189859174,4.02680107239869,4.02680107239869,4.02680107239869,4.02680107239869,6.27033231851449
11.3241974401,9.09555884383541,7.97233274395208,13.4913225554309,10.9175783698227,9.38722006721825,12.5704729396011,10.6071654413542,9.81499935669995,11.2179161519151,10.149311161991,13.1298391350515,11.6412951003333,13.3289508472905,5.03007388036851,5.42216104706796,8.05457060242399,11.1421430850794,11.9650061394895,11.1421430843248,5.62509198528515,4.68854652196176,15.1261997684751,14.0301459071973,14.0301459071973,10.7966947758535,5.4123718551905,3.16095100069626,10.7966947756797,37.5527347666887,4.41742975792864,19.343249502433,5.98445162506977,6.29260954141738,6.59524276064637,4.41742975792864,6.29260954141738,4.41742975792864,3.59072701707746,6.29260954141738,4.41742975792864,4.41742975792864,4.41742975792864,5.02449902612227,6.29260954141738,4.41742975792864,4.41742975792864,4.41742975792864,4.41742975792864,5.98445162506977
11.2946673577002,8.75697982307953,7.7305611554441,13.2115331129983,10.5574132333252,9.50060729603652,12.383722189041,10.6324608023116,9.45938982622923,11.4879092098742,9.84987315395355,13.0763463015431,11.5427679230944,13.2442651619114,5.24085975352151,5.37375818811335,8.02320242504627,10.7158286364058,11.8738414654383,10.7158286357945,5.6787681325994,5.14161241034549,15.5077444708637,13.8976497110153,13.8976497110153,10.1123195509659,5.57898304004598,2.90071546483097,10.1123195509659,37.7474018730641,4.05707856170199,19.2304145489962,6.05717193690894,6.60274865375885,7.24618954644431,4.05707856170199,6.60274865375885,4.05707856170199,3.66496105553192,6.60274865375885,4.05707856170199,4.05707856170199,4.05707856170199,4.80195030967611,6.60274865375885,4.05707856170199,4.05707856170199,4.05707856170199,4.05707856170199,6.05717193690894
11.8294381804843,9.41183183068532,7.96565586534434,14.0903548016109,10.88304692686,10.4445649227892,13.3581125817208,11.8805488425043,9.74658113283874,11.5161986423497,10.0843493810106,14.2328906889127,13.1027479263258,14.4422336906217,5.36917087136444,5.91482413896306,8.00582584158789,11.0227312422553,13.4695160234721,11.0227312424696,6.01206393837359,5.00068430322111,15.4307202028973,15.8052736350939,15.8052736350939,10.9172524450133,5.8783984797422,3.3096935281689,10.917252445466,40.6076176394349,4.63130781661283,21.8672039075032,6.68612126006128,6.50235628948373,7.03959802310593,4.63130781661283,6.50235628948373,4.63130781661283,3.93421632065331,6.50235628948373,4.63130781661283,4.63130781661283,4.63130781661283,4.72300225175335,6.50235628948373,4.63130781661283,4.63130781661283,4.63130781661283,4.63130781661283,6.68612126006128
11.6356673118771,9.32342379500474,8.08066541099801,13.6510485744368,10.7314729235069,9.94703562425514,12.9773021053461,11.2243044275335,9.86867404165848,11.396083185969,10.2422525712612,13.5470133136148,12.3872762858304,13.7886877836837,5.18508908240084,5.7574637016406,7.916984728904,11.1825337180166,12.7393662779006,11.1825337181892,6.00138280248182,4.69329930969695,15.3167592260777,14.9321819794383,14.9321819794383,11.1955334480811,5.82575008949181,3.39541791780623,11.1955334489153,39.1662173482762,4.75614728520914,20.5745226637493,6.39948135152759,6.66896688184337,6.6044517235682,4.75614728520914,6.66896688184337,4.75614728520914,3.79669883474861,6.66896688184337,4.75614728520914,4.75614728520914,4.75614728520914,5.19148216639943,6.66896688184337,4.75614728520914,4.75614728520914,4.75614728520914,4.75614728520914,6.39948135152759
11.3155824519264,8.70357099661555,7.69711581257665,13.6071504601691,10.2865333307751,10.2907834995215,13.1146925647796,11.7344589664722,9.46432216313352,10.4854194362971,9.73461064977167,14.1154553477787,12.9678742825479,14.33420226561,5.21712376333533,5.65960941354964,7.95900200345714,10.7161274079344,13.3356478825483,10.7161274079933,5.74168421919602,4.82988976793334,14.0402456322701,15.6645354090406,15.6645354090406,10.4598341148759,5.98370914396223,3.30826818952664,10.4598341149497,34.9933601453784,4.6422638870425,21.6606231060102,6.54228251690806,5.87781457567934,6.80582833795043,4.6422638870425,5.87781457567934,4.6422638870425,3.71274519936894,5.87781457567934,4.6422638870425,4.6422638870425,4.6422638870425,4.88261591128472,5.87781457567934,4.6422638870425,4.6422638870425,4.6422638870425,4.6422638870425,6.54228251690806
11.5730162065518,9.41072391586821,8.09061934482549,13.7303133748356,10.783781926136,10.0238261920037,13.1046514558667,11.3453008576028,9.93543706820301,11.2417872958783,10.2781066849038,13.7671071844508,12.3793784008994,13.9626213833494,5.49312892945462,5.60014325574345,8.08222727454623,11.2436245478418,12.6428834639898,11.2436245478858,5.72941787112512,5.26445144369916,15.0169632934006,14.9018808642017,14.9018808642017,10.9193225193554,5.67956982050294,3.16753005683529,10.9193225193317,39.0015548386044,4.44767313850074,20.5975937058697,5.94922864802801,6.58052461480304,7.42604627127926,4.44767313850074,6.58052461480304,4.44767313850074,3.94901456956697,6.58052461480304,4.44767313850074,4.44767313850074,4.44767313850074,5.0639993402961,6.58052461480304,4.44767313850074,4.44767313850074,4.44767313850074,4.44767313850074,5.94922864802801
10.9531398706081,9.21243637537023,7.8448826830303,13.4745476789773,10.7755632504586,9.66171081206581,12.6256716480082,10.8722993271253,9.62206390711468,10.3875036374613,9.97910442440683,13.2368953484752,11.8089226748055,13.4193966122208,5.37222761799547,5.66110380298001,8.00637400061315,10.8979042582916,12.1475765700972,10.8979042575972,5.72997271161677,5.23301336334597,13.7455423110362,14.218586440901,14.218586440901,10.4987148819139,5.62586175711623,3.03522116406236,10.4987148819283,37.8512997513174,4.25426036414449,19.6547228063766,6.1934033421396,6.48383678600894,7.3786416813363,4.25426036414449,6.48383678600894,4.25426036414449,3.74678452489927,6.48383678600894,4.25426036414449,4.25426036414449,4.25426036414449,4.78052681783663,6.48383678600894,4.25426036414449,4.25426036414449,4.25426036414449,4.25426036414449,6.1934033421396
11.8187462408783,9.55884686922088,8.24070367852443,13.4734546702578,10.7735706439204,9.77255856784498,12.9997935898263,10.9740816886177,10.1183859572357,12.0137013552674,10.5091646301831,13.3463005214111,11.9060478683809,13.5607620553212,5.46521579117999,5.9545596356969,8.25476307804748,11.4953250009199,12.3421668389403,11.495325000797,6.06079882485726,5.33713514282153,16.1663394866266,14.3554860078848,14.3554860078848,11.332666623011,5.74438729151315,3.20174739317507,11.3326666227042,37.4546166173594,4.47414766714245,19.8008406081427,6.69608997841639,6.73378742575623,7.51584889330761,4.47414766714245,6.73378742575623,4.47414766714245,3.61928115106533,6.73378742575623,4.47414766714245,4.47414766714245,4.47414766714245,5.17027948174899,6.73378742575623,4.47414766714245,4.47414766714245,4.47414766714245,4.47414766714245,6.69608997841639
11.2983168199183,8.73960645424829,7.55986874356196,13.2054621977187,10.0484676465628,9.96816135726324,12.7662477667837,11.3836639657526,9.28404991875884,10.9020469008455,9.57528535408852,13.8358365271885,12.5226049524416,14.010789144037,5.19343334656285,5.41702704271362,7.93272368224175,10.4810047030924,12.8132082905575,10.4810047030747,5.54586853270574,4.91231818028965,14.6159646359363,15.0868415451792,15.0868415451792,9.89569451303652,5.40530401045838,3.00901341547941,9.89569451303652,42.0468186754348,4.21527073616141,20.9143575004619,6.10831504616471,6.09837004629591,6.92279403546753,4.21527073616141,6.09837004629591,4.21527073616141,3.90147041940928,6.09837004629591,4.21527073616141,4.21527073616141,4.21527073616141,5.43945864509925,6.09837004629591,4.21527073616141,4.21527073616141,4.21527073616141,4.21527073616141,6.10831504616471
11.3193308591406,9.13832984823641,7.48914583661462,13.5997761869957,10.3945796147001,10.177254684783,12.9885370629896,11.6889390205006,9.18839331734577,10.6712966398274,9.53074165924008,14.0025221471344,12.8264662580547,14.1612297219132,5.22270313352801,5.44756725199109,7.6821601560285,10.4213605394827,13.1888179460291,10.4213605403237,5.61741233032109,5.16572003550369,14.348067237764,15.5196255523873,15.5196255523873,10.1463651991761,5.21339899349758,2.94803118348419,10.1463651998325,34.9633606446731,4.12027846645885,21.5586669030069,6.33680532340294,6.12643504219176,7.27771456909241,4.12027846645885,6.12643504219176,4.12027846645885,3.44773985729795,6.12643504219176,4.12027846645885,4.12027846645885,4.12027846645885,5.39981910465307,6.12643504219176,4.12027846645885,4.12027846645885,4.12027846645885,4.12027846645885,6.33680532340294
11.682113634733,8.92408643347972,7.7704503333273,13.7842947534114,10.7483929814876,9.99091970135962,12.9522947736189,11.3580466790069,9.56883030608222,11.6691642273413,9.88729914776098,13.6890389693668,12.5116271179477,13.8836880346649,5.08745361648236,5.41665742197379,7.67569175140221,10.8625709833013,12.8359571792815,10.8625709833017,5.56597558231408,4.83764489981296,15.8158489141171,15.1230924982849,15.1230924982849,10.7961561651739,5.6917881417042,3.11178002599345,10.7961561651056,34.8057979978263,4.35562249198639,20.9391898428988,6.0754563191391,6.08741497785604,6.81265144610288,4.35562249198639,6.08741497785604,4.35562249198639,3.50171690744404,6.08741497785604,4.35562249198639,4.35562249198639,4.35562249198639,4.72679518385559,6.08741497785604,4.35562249198639,4.35562249198639,4.35562249198639,4.35562249198639,6.0754563191391
10.8198443641446,9.01735314145331,7.64373840374053,13.1133538732913,10.4244638241354,9.48268859846401,12.3053258095771,10.6646719998853,9.37326051317748,10.4221092614351,9.67152618096263,12.937716974414,11.6213879054319,13.1588673039741,5.29987740058179,5.68352542547123,7.88196435435504,10.592935563536,11.9440171865675,10.5929355635056,5.62171278059761,5.00801116082915,13.7852461993146,13.9711729002668,13.9711729002668,10.1865130565312,5.77809714297686,3.16595433864934,10.1865130564438,40.9911944755285,4.4352077330584,19.2557962798546,6.13283698552339,6.12609573683327,7.05604589181668,4.4352077330584,6.12609573683327,4.4352077330584,3.84789609758464,6.12609573683327,4.4352077330584,4.4352077330584,4.4352077330584,5.53658040634165,6.12609573683327,4.4352077330584,4.4352077330584,4.4352077330584,4.4352077330584,6.13283698552339
11.4420341924252,9.70069237192429,8.21171788421406,13.7754260596077,10.8362132887589,10.0154986767158,13.3074175651117,11.3771200415185,10.1590581638623,10.545689345366,10.4937024200447,13.9398184770161,12.449602808677,14.0937168146572,5.29022900877161,5.73186797689859,8.24532876262581,11.5306660779095,12.8176534141162,11.5306660783209,5.7931185484333,5.15576542025089,13.9896327119307,15.0175377330762,15.0175377330762,11.2690421092792,5.46428156159916,2.96631291836612,11.2690421093189,38.7437969522467,4.14980702472902,20.8281183763403,6.46918533897909,6.45046101923755,7.26545831067958,4.14980702472902,6.45046101923755,4.14980702472902,3.73507582711326,6.45046101923755,4.14980702472902,4.14980702472902,4.14980702472902,5.40156549462427,6.45046101923755,4.14980702472902,4.14980702472902,4.14980702472902,4.14980702472902,6.46918533897909
11.6777579884307,9.08001531330006,7.9988389454343,13.483823398009,10.4171007127252,10.0919664131766,13.1055444926062,11.4032292563314,9.79624984994921,11.4108538085803,10.1885436281852,13.9186053310359,12.4461183501792,14.1101081415173,5.40847077612015,5.57194137411318,8.24537016510688,11.1207727509899,12.7916444567152,11.1207727505472,5.8505677645857,5.28190532298607,15.3837000012067,15.0310261939106,15.0310261939106,10.6191265143892,5.75408164303058,3.14642525985806,10.6191265145103,40.8096972173821,4.41039777976709,20.7922153296819,6.24697922881362,6.64913666119168,7.44654816434962,4.41039777976709,6.64913666119168,4.41039777976709,3.5849144941564,6.64913666119168,4.41039777976709,4.41039777976709,4.41039777976709,5.4461885795722,6.64913666119168,4.41039777976709,4.41039777976709,4.41039777976709,4.41039777976709,6.24697922881362
11.1814979143135,8.96663033539557,7.67248799355139,12.8597362570201,10.1403720671257,9.30010618767257,12.2878868815833,10.5107382545011,9.44452624219028,11.2785038540695,9.74909050874518,12.8489624107162,11.5377137901408,13.0526777723349,4.96820002077739,5.32252228253303,7.677314180086,10.7167562468788,11.8419535552024,10.7167562466904,5.43087039516988,4.63251318209743,15.2389065850428,13.9128317990622,13.9128317990622,10.5015410082991,5.50706978306102,3.13443509744211,10.5015410086377,40.0825903041555,4.38911842367547,19.1802269971134,5.79473679211911,5.96987420440898,6.52203999594263,4.38911842367547,5.96987420440898,4.38911842367547,3.49954259326739,5.96987420440898,4.38911842367547,4.38911842367547,4.38911842367547,5.01245162294915,5.96987420440898,4.38911842367547,4.38911842367547,4.38911842367547,4.38911842367547,5.79473679211911
11.5052799232072,8.97337988448198,8.02370681051259,13.1992020977929,10.4318989640906,9.63032059608068,12.7394449328545,10.8380455710461,9.87033219472393,11.4891076580778,10.1967470666749,13.3975183808903,11.8726671323446,13.6168618250438,5.209376679669,5.79544703581808,8.37123933611793,11.1956368699505,12.2702304915776,11.1956368697362,5.86218505013824,4.86341771747596,15.4402690830657,14.304666605649,14.304666605649,10.7007587493805,5.80916876537487,3.24872058108506,10.7007587496146,35.7239457505336,4.55792158997788,19.7099233924133,6.51519066086662,6.31452377139579,6.85378187877443,4.55792158997788,6.31452377139579,4.55792158997788,3.6963287198073,6.31452377139579,4.55792158997788,4.55792158997788,4.55792158997788,5.34391331645813,6.31452377139579,4.55792158997788,4.55792158997788,4.55792158997788,4.55792158997788,6.51519066086662
11.1769455037123,9.04323949356741,7.76819237565658,12.8816858942878,10.2508182185573,9.34188626053592,12.4146690520567,10.5405517343797,9.59359387253537,11.2399328765021,9.91035168347718,12.7059120739096,11.3698271882372,12.8869689882322,5.3479590108076,5.25794008672324,7.62484688390365,10.8843828133417,11.6890548734045,10.8843828134452,5.43862827600169,5.3367527119609,15.1813075540337,13.6951424147391,13.6951424147391,10.7764692420133,5.39520855415569,2.90021054984908,10.7764692420298,36.0466577422524,4.05729021806052,18.9377751399766,5.90052481911969,6.1203189511166,7.52350794160308,4.05729021806052,6.1203189511166,4.05729021806052,3.56871547718702,6.1203189511166,4.05729021806052,4.05729021806052,4.05729021806052,4.87127403688199,6.1203189511166,4.05729021806052,4.05729021806052,4.05729021806052,4.05729021806052,5.90052481911969
11.2121027309232,8.91803991723361,7.69484400777889,13.1232415190723,10.3194678272292,9.63057667446073,12.5172743677418,10.8996377568528,9.41823532754748,11.0632538426674,9.76414881225555,13.2528057020868,11.8916639639919,13.4517907627907,5.28603086085375,5.47432509499876,7.93973724053558,10.6619507988492,12.2221579325973,10.6619507986479,5.68851118386047,5.06176862184454,14.8770304874899,14.3262245046239,14.3262245046239,10.2142864941266,5.47829127727999,3.1101579331995,10.2142864944001,39.6011182002775,4.36734861021396,19.7844731984907,6.13822422165922,6.35027982817363,7.13953251934783,4.36734861021396,6.35027982817363,4.36734861021396,3.7119939357146,6.35027982817363,4.36734861021396,4.36734861021396,4.36734861021396,5.25969504965362,6.35027982817363,4.36734861021396,4.36734861021396,4.36734861021396,4.36734861021396,6.13822422165922
11.4321238671031,8.89121211810364,7.48896099334892,13.3973044338867,10.4080159358378,9.87123328231941,12.5387963944539,11.2222104756462,9.09385368693908,11.615475027884,9.45490814171747,13.4464450220956,12.3131988006414,13.6702159209949,5.27819622390091,5.38600163702111,7.60606408588894,10.2791677205576,12.5725579122302,10.2791677202681,5.61679962970066,4.95951193509933,15.6986043558787,14.8501654034514,14.8501654034514,9.93669444972408,5.53033313078926,3.25655386955758,9.93669444988979,39.678078685513,4.57086018908035,20.4998767355229,5.75788846485632,6.37175140546801,6.9913174926473,4.57086018908035,6.37175140546801,4.57086018908035,3.71565106305991,6.37175140546801,4.57086018908035,4.57086018908035,4.57086018908035,4.70493007926023,6.37175140546801,4.57086018908035,4.57086018908035,4.57086018908035,4.57086018908035,5.75788846485632
11.0812157865679,9.1880686740765,7.62829111345273,13.3856631940726,10.4881804960146,9.86966548866789,12.6283223108546,11.1816603986308,9.26571270842052,10.4276513411312,9.67447309231897,13.4438966130999,12.2569327980593,13.6330617859635,5.22681022408138,5.58841099579236,7.78348703992465,10.4840693882139,12.6417032138537,10.4840693882461,5.94199287335299,4.98850558352942,13.9440117393946,14.7828172005385,14.7828172005385,10.2294944094907,5.41193402699594,3.10576805759052,10.229494409714,40.124886746463,4.34830783705229,20.4508822488106,6.50975777810385,6.68107169493895,7.02769275835178,4.34830783705229,6.68107169493895,4.34830783705229,3.69616995235835,6.68107169493895,4.34830783705229,4.34830783705229,4.34830783705229,5.69213348389425,6.68107169493895,4.34830783705229,4.34830783705229,4.34830783705229,4.34830783705229,6.50975777810385
11.6470472139025,8.98329629136891,7.96930716391019,13.5817359584977,10.7669092313434,9.75009969757214,12.8809984601087,11.1006915973795,9.85768166994408,11.7663439005161,10.0884293125859,13.5423932374325,12.170163202061,13.772767159119,5.3467596689414,5.74440178408194,8.20153804754135,11.1637626441256,12.5090661215148,11.163762645285,5.64210542367869,4.94195135442162,15.8473600132367,14.6553796725702,14.6553796725702,10.825261075617,5.77338165865507,3.36618176577344,10.8252610757184,38.7942908654865,4.73153275314394,20.1782631002008,6.31598421631929,5.76368273853821,6.96937989983502,4.73153275314394,5.76368273853821,4.73153275314394,3.8474554642496,5.76368273853821,4.73153275314394,4.73153275314394,4.73153275314394,4.99674392188936,5.76368273853821,4.73153275314394,4.73153275314394,4.73153275314394,4.73153275314394,6.31598421631929
11.7299089264812,9.59915218228473,8.21245243223647,13.6954789736635,11.0954670295181,9.7616339295921,12.9420707090279,11.0012556722784,10.0705565973224,11.7482534347263,10.4343014478566,13.4178067501558,11.9324780165182,13.6360326292484,5.57534418112272,5.80178979531056,8.41617413748367,11.3968545994679,12.3382348603546,11.3968545989314,6.10109410254516,5.3519597657716,15.8262840700681,14.3384396856272,14.3384396856272,11.0226486747378,5.5715538989267,3.2107013691378,11.0226486744257,35.1132998584378,4.50494370974105,19.7707109983827,6.74807861457047,6.77043946617934,7.54752508686076,4.50494370974105,6.77043946617934,4.50494370974105,3.99904890904497,6.77043946617934,4.50494370974105,4.50494370974105,4.50494370974105,5.6817844506398,6.77043946617934,4.50494370974105,4.50494370974105,4.50494370974105,4.50494370974105,6.74807861457047
11.7603372246907,8.94371381056394,7.8740913830097,13.4518254502057,10.3877982884571,9.94792120844821,12.9405404291007,11.3143369065755,9.68368776621064,11.8549986199536,9.98984177411204,13.7654103157003,12.4776221071328,13.9559893394666,5.14953034068962,5.5369799809565,7.91945698363244,10.9518401679674,12.7558546038163,10.9518401676312,5.62663789050992,4.75821178345956,15.9773404433307,15.0299737315537,15.0299737315537,10.6605563420681,5.55259130339138,3.12784623775444,10.6605563424777,37.9329652531083,4.39137821853762,20.7959146425498,6.02779044634618,6.27366065073852,6.70831364260629,4.39137821853762,6.27366065073852,4.39137821853762,3.90730545159305,6.27366065073852,4.39137821853762,4.39137821853762,4.39137821853762,5.0345311584946,6.27366065073852,4.39137821853762,4.39137821853762,4.39137821853762,4.39137821853762,6.02779044634618
11.4545089136382,9.21295129570586,7.7121249774253,13.2110424663211,10.3615888779243,9.65872032149169,12.5191652214149,10.8817854924707,9.43267075201096,11.7430855957755,9.78462625217648,13.2983377605091,11.9119585989622,13.509416063978,5.1944275155353,5.58527723036166,7.96076980882478,10.6920775702265,12.2212271470925,10.6920775701281,5.63774595393118,4.91914790832304,15.8183243021955,14.3662844148378,14.3662844148378,10.2027604095157,5.74962692134585,3.19731063268424,10.2027604096243,41.4354149585499,4.47550165442528,19.8174910775025,5.94337405984394,6.32446878631429,6.92685036499624,4.47550165442528,6.32446878631429,4.47550165442528,3.59635798466048,6.32446878631429,4.47550165442528,4.47550165442528,4.47550165442528,4.75200726864351,6.32446878631429,4.47550165442528,4.47550165442528,4.47550165442528,4.47550165442528,5.94337405984394
11.3492440988729,8.95817000887675,7.62913910865579,13.5015446807029,10.3527833642044,10.0499652454255,12.9478507167477,11.4568244564676,9.41116510739541,10.892288600771,9.71607248620233,13.8029308027901,12.5818847033512,13.9712273883991,5.15212426368854,5.57249773267263,7.75821623799588,10.6877669644407,12.9579687369575,10.6877669642942,5.57488163977644,5.02233574475716,14.631106298159,15.2210034011542,15.2210034011542,10.4983435068192,5.65498319256491,3.01894163823204,10.4983435068192,35.3695858647481,4.23239841192503,21.1055046217149,6.35605174616297,5.90975501620471,7.0804768867146,4.23239841192503,5.90975501620471,4.23239841192503,3.40371317262815,5.90975501620471,4.23239841192503,4.23239841192503,4.23239841192503,4.99609819086998,5.90975501620471,4.23239841192503,4.23239841192503,4.23239841192503,4.23239841192503,6.35605174616297
11.5631291973343,9.07349031710052,7.81923794474755,13.8097142022123,10.5218941464876,10.2687255849726,13.2677044875788,11.7192528606256,9.69529139467918,10.9519618494309,9.94737424310797,14.2894468908881,12.9202148753004,14.4657213161451,5.17932370163637,5.56820403478292,8.11677318027129,10.9953560072059,13.2448756889098,10.9953560070323,5.49228314833154,4.94234460031853,14.6776614684717,15.6127883590654,15.6127883590654,10.545932853149,5.86643369669398,3.07366109303374,10.545932853086,36.2579303569419,4.31377818155805,21.6551022919066,6.22716932719807,5.75408716928766,6.96924685823466,4.31377818155805,5.75408716928766,4.31377818155805,3.64636382739524,5.75408716928766,4.31377818155805,4.31377818155805,4.31377818155805,5.2854464332803,5.75408716928766,4.31377818155805,4.31377818155805,4.31377818155805,4.31377818155805,6.22716932719807
11.3620704432833,9.24212167844415,7.91220069396961,13.4752392344045,10.5627908744022,9.73477036575868,12.9288126011996,11.1132911725228,9.79704103260385,10.9333254294048,10.1053455070321,13.8197962342085,12.2441135738422,13.9806952043697,4.95747357688136,5.56380852710296,8.23085413288493,11.1232800962025,12.5725776061579,11.1232800955707,5.51373475594717,4.71952861576849,14.6022304396057,14.7823924770727,14.7823924770727,10.5320520607663,5.19607641094822,2.91635957624465,10.5320520611569,39.2883023796184,4.08941076078776,20.5027174592495,6.09805641852986,6.10691876439344,6.653071134135,4.08941076078776,6.10691876439344,4.08941076078776,3.56962905517616,6.10691876439344,4.08941076078776,4.08941076078776,4.08941076078776,4.76537482250922,6.10691876439344,4.08941076078776,4.08941076078776,4.08941076078776,4.08941076078776,6.09805641852986
10.9784236142578,9.11248007508264,7.56293946406401,13.4093567696841,10.4839062377013,9.84803407942045,12.6162569163461,11.2163668970308,9.21179651646863,10.3735340831833,9.56462098405547,13.4186218581362,12.2443536298726,13.6369622226342,5.3996070049875,5.42439967241601,7.69003523299072,10.4347309367117,12.5465950562296,10.4347309362246,5.65013692704485,5.19220247051213,13.8905130329629,14.7819775950401,14.7819775950401,10.1420474420087,5.50557180220562,3.29302409694171,10.1420474421007,34.5150771826806,4.60756262215829,20.3905855117778,5.93789799999507,6.26769443042255,7.31169514170603,4.60756262215829,6.26769443042255,4.60756262215829,3.57424017707283,6.26769443042255,4.60756262215829,4.60756262215829,4.60756262215829,4.94426393576152,6.26769443042255,4.60756262215829,4.60756262215829,4.60756262215829,4.60756262215829,5.93789799999507
11.5848531763228,9.13315769768064,7.74957724435551,13.6270907652105,10.5588734611127,9.97729177491047,12.859281024233,11.2885872141024,9.53001005440369,11.537273181253,9.84943725652092,13.6054459000925,12.4349489620409,13.7657585182555,5.09054651338962,5.40344077695801,7.55277370795598,10.7849065425229,12.7047938701905,10.7849065425027,5.51858087055494,4.80871052636975,15.5362781048524,14.9927286681817,14.9927286681817,10.7253019521925,5.74494802407755,3.00062198473695,10.7253019521862,38.9052942416097,4.19285278677478,20.7861283753925,5.88875925189597,6.25352437472064,6.76915118328466,4.19285278677478,6.25352437472064,4.19285278677478,3.78667471222625,6.25352437472064,4.19285278677478,4.19285278677478,4.19285278677478,4.9501650391419,6.25352437472064,4.19285278677478,4.19285278677478,4.19285278677478,4.19285278677478,5.88875925189597
11.35278977006,9.0824470000604,7.45126404249324,12.8341287660696,10.0346991016936,9.47779710526458,12.1425286994521,10.659720759407,9.10763464319928,11.8684453885069,9.41392983043604,12.8290750369412,11.6602231436682,13.0289598480047,5.17575858145042,5.38014659876269,7.55101938140351,10.2698140759452,11.9507203129709,10.2698140758359,5.54964754519311,4.84974698866059,16.0547176699475,14.0087560316386,14.0087560316386,9.99164238368008,5.68903859621325,3.063558441404,9.99164238360417,36.8326477775085,4.28410260046137,19.3438630111247,5.99672325551764,6.17103720194005,6.82812562641316,4.28410260046137,6.17103720194005,4.28410260046137,3.92280294699752,6.17103720194005,4.28410260046137,4.28410260046137,4.28410260046137,5.37834174458764,6.17103720194005,4.28410260046137,4.28410260046137,4.28410260046137,4.28410260046137,5.99672325551764
11.0878991653849,9.05001647866871,7.48184481468873,13.0714337332933,10.0793460896947,9.71963364323843,12.4880572940821,11.0394232331195,9.21943795792455,10.886901209124,9.47235364894119,13.2617896061649,12.0699988277708,13.4410320357327,5.26070917240092,5.34741928481199,7.55681159715948,10.406605932211,12.3253638357725,10.4066059319287,5.33219255130213,5.03887334710632,14.5690416283359,14.5257847442313,14.5257847442313,10.1206329239681,5.60485782527303,2.98722823257293,10.1206329237604,40.7659927809561,4.18298028863551,20.1112820686097,5.81234110687346,5.83226578379737,7.10150126103773,4.18298028863551,5.83226578379737,4.18298028863551,3.8852905664332,5.83226578379737,4.18298028863551,4.18298028863551,4.18298028863551,5.10884324324773,5.83226578379737,4.18298028863551,4.18298028863551,4.18298028863551,4.18298028863551,5.81234110687346
11.2726193897662,8.76358478636992,7.55647448150422,13.3518829642012,10.2548632821375,9.93086866224227,12.8378014098281,11.3347193951026,9.36063571518889,10.9016146021776,9.6264587440748,13.6728390226775,12.3366240649275,13.8285315549952,5.3522890099041,5.28867868793253,7.74743711310385,10.6245563830855,12.6393362029261,10.6245563831175,5.27036674546138,5.37073363898659,14.6788218849828,14.9134017389804,14.9134017389804,10.2433352277017,5.59535118646556,2.93249359864471,10.2433352276722,38.8663007916899,4.09837521937839,20.6978503894666,5.87297520917214,5.66066997909444,7.56888197692502,4.09837521937839,5.66066997909444,4.09837521937839,3.44288267349346,5.66066997909444,4.09837521937839,4.09837521937839,4.09837521937839,5.37440884772861,5.66066997909444,4.09837521937839,4.09837521937839,4.09837521937839,4.09837521937839,5.87297520917214
10.8878315641389,8.88525783484272,7.48653622300823,13.1500562491102,10.2812492329643,9.56992557937937,12.3690043678158,10.8219730101079,9.25019098969245,10.4298147807381,9.49358444863262,13.1516910588035,11.8615690912806,13.3224209259661,5.09386831641824,5.27367251239269,7.68549155623121,10.4556431651988,12.1541946597432,10.4556431639218,5.32599204353344,4.83428996895243,13.9630333802548,14.279696728523,14.279696728523,10.0821542302973,5.7292558776516,2.96042582415081,10.0821542308772,36.774925316226,4.14285094881076,19.7649261007164,5.94796081241331,5.70583787281532,6.81011642656915,4.14285094881076,5.70583787281532,4.14285094881076,3.78163926886437,5.70583787281532,4.14285094881076,4.14285094881076,4.14285094881076,5.45201988533518,5.70583787281532,4.14285094881076,4.14285094881076,4.14285094881076,4.14285094881076,5.94796081241331
11.8356752407075,9.61805971815351,7.84881303745838,13.6210167129501,10.4486151816177,10.2019457917172,13.1630953694383,11.6187513097309,9.67274051411359,11.8012633643982,9.97065301716523,13.8401302455599,12.676608322216,14.0294004447269,5.51267347860724,5.4855498172582,7.71218619651977,10.94842847329,12.964957152456,10.9484284732442,5.58284518201887,5.39408514264715,15.9314586452343,15.2883069450502,15.2883069450502,10.8769494309097,5.70406861445202,3.07732507440736,10.8769494308458,38.7898960716029,4.31665225020516,21.1860889181205,6.06757585670668,6.16891033834034,7.60852260088929,4.31665225020516,6.16891033834034,4.31665225020516,3.82687499148779,6.16891033834034,4.31665225020516,4.31665225020516,4.31665225020516,5.63933360609875,6.16891033834034,4.31665225020516,4.31665225020516,4.31665225020516,4.31665225020516,6.06757585670668
11.4358933426874,8.88892075120676,7.62029297595876,13.3431573569795,10.3532282841661,9.84597008729168,12.6755440604224,11.1747979298575,9.33577551835278,11.5124167633648,9.66090323731332,13.5929555416715,12.2309014461443,13.7912489108061,5.27304850426549,5.69155229625657,7.96380472328756,10.5905275366464,12.5496898723625,10.5905275362798,5.57527919139281,5.05651133309097,15.4470796696589,14.7763404375299,14.7763404375299,10.0649104091154,5.73750866595925,3.24094807424282,10.0649104091333,39.9284837327943,4.53528774370821,20.4002575160538,5.98529888058137,6.07107749450696,7.12037459149781,4.53528774370821,6.07107749450696,4.53528774370821,3.48506053261115,6.07107749450696,4.53528774370821,4.53528774370821,4.53528774370821,5.33950170559371,6.07107749450696,4.53528774370821,4.53528774370821,4.53528774370821,4.53528774370821,5.98529888058137
11.0694419654595,8.96636816237885,7.56777373812176,13.4873155118233,10.4855817849122,10.0067977493107,12.7856831421955,11.4117293836586,9.29306101877172,10.4909288766517,9.5503834396568,13.5478326299964,12.4264215415557,13.7840046754837,5.57549107130166,5.73784083401097,7.84865854126684,10.5204481946887,12.810497305889,10.5204481947521,5.69988093350186,5.39216319122925,14.0130521765097,14.9978678522953,14.9978678522953,10.2929388322634,5.88595863220604,3.36629937112391,10.2929388322634,40.4252243846737,4.70987339500131,20.6807481539394,6.51751414498712,5.72758665252261,7.59419723630314,4.70987339500131,5.72758665252261,4.70987339500131,3.66089514319287,5.72758665252261,4.70987339500131,4.70987339500131,4.70987339500131,5.12043000419151,5.72758665252261,4.70987339500131,4.70987339500131,4.70987339500131,4.70987339500131,6.51751414498712
11.3891583762078,9.28732642532328,7.67902524781259,13.0456031842194,10.32072970721,9.59427167045868,12.3979351754029,10.7815813794226,9.34904368674915,11.7714776376311,9.72710489506319,12.9306478011386,11.7014978289934,13.1680008599666,5.4157272676632,5.88356501717651,7.82688024264926,10.6040447473197,12.09860672157,10.6040447474486,5.86745196456178,5.22842341626607,15.8160799940766,14.1160509699425,14.1160509699425,10.38515554514,5.81851984064623,3.31898841903074,10.3851555451398,38.9747862726272,4.64041396308123,19.4174842621313,6.37290029306315,6.41352667594083,7.36053014814378,4.64041396308123,6.41352667594083,4.64041396308123,3.50406988275818,6.41352667594083,4.64041396308123,4.64041396308123,4.64041396308123,5.34612255361122,6.41352667594083,4.64041396308123,4.64041396308123,4.64041396308123,4.64041396308123,6.37290029306315
11.167061178486,8.73950110987918,7.6275383184697,13.3759266113042,10.4328047895071,9.833039354157,12.6261628726599,11.1659801600322,9.35093373853588,10.8484748334281,9.62627920632576,13.5125318556943,12.2862751713795,13.7250997760899,5.23298154080061,5.84612660514615,7.95315446851547,10.5620751189485,12.6355534381827,10.5620751188536,5.72685988355593,4.80468339344805,14.4144887200979,14.7953278266155,14.7953278266155,10.1811212155784,5.77139392898254,3.2796057484893,10.1811212155361,40.645768657639,4.60499948978404,20.4103798459597,6.41808578122275,5.9993923902922,6.77238145245457,4.60499948978404,5.9993923902922,4.60499948978404,3.88330743224772,5.9993923902922,4.60499948978404,4.60499948978404,4.60499948978404,5.36969607670829,5.9993923902922,4.60499948978404,4.60499948978404,4.60499948978404,4.60499948978404,6.41808578122275
11.2758135916836,9.29938200122152,7.81340420270997,13.1125921964988,10.4053249347915,9.63770977652368,12.5264984808906,10.8340494747648,9.52160150219712,11.2659727724167,9.91504295941275,13.125593796873,11.7148820233851,13.3363229646073,5.52573144539089,5.60410863680988,8.05448995649318,10.7835276296715,12.0681063349052,10.7835276301891,5.87052223730623,5.38931265111896,15.1440968180337,14.105985995643,14.105985995643,10.3254833924998,5.63172358650348,3.18808786496145,10.3254833928984,34.4048382742087,4.47498845635264,19.4406443239185,6.24338819873843,6.66209289196315,7.60189779018578,4.47498845635264,6.66209289196315,4.47498845635264,3.71288862916525,6.66209289196315,4.47498845635264,4.47498845635264,4.47498845635264,5.24395262780362,6.66209289196315,4.47498845635264,4.47498845635264,4.47498845635264,4.47498845635264,6.24338819873843
11.3327942448069,9.20308670681865,7.94271546245301,13.064285473314,10.4097562706515,9.3594325299828,12.6041367740982,10.602782123926,9.83565685375579,11.2780088967505,10.1411693694336,13.2633229420228,11.6479194784969,13.4445748586583,4.9184093981537,5.77584090943031,8.30814974043078,11.1734069281926,12.0631504951353,11.1734069292863,5.66544621852556,4.63396157187036,15.0951100409007,14.0469181474078,14.0469181474078,10.6515119896206,5.31808646635645,2.98354470545247,10.6515119883391,34.9934977058304,4.18376884758328,19.4205347392393,6.47648581379547,6.06976012251842,6.53050638965006,4.18376884758328,6.06976012251842,4.18376884758328,3.52422751750583,6.06976012251842,4.18376884758328,4.18376884758328,4.18376884758328,5.23096865778433,6.06976012251842,4.18376884758328,4.18376884758328,4.18376884758328,4.18376884758328,6.47648581379547
11.5974868402663,9.47757318578737,8.1651114771848,13.9201248232619,10.6623828932791,10.4103365779898,13.5791434950174,11.8585590084512,10.0800436594753,10.5331265111309,10.4095689191287,14.4055622271044,12.9852305390398,14.5862301924564,5.46229674983876,5.5554529560121,8.23718233030438,11.433728861899,13.2922496029279,11.4337288619984,5.72391084473473,5.34108370815153,14.0353565239608,15.6797962621565,15.6797962621565,11.0824730344344,5.70607107172845,3.08292584221191,11.0824730345592,35.3646826643407,4.3131947764852,21.7588430181196,6.1980778269564,6.42434545680209,7.52652735961741,4.3131947764852,6.42434545680209,4.3131947764852,3.77563765347104,6.42434545680209,4.3131947764852,4.3131947764852,4.3131947764852,5.47036208346809,6.42434545680209,4.3131947764852,4.3131947764852,4.3131947764852,4.3131947764852,6.1980778269564
11.257777170255,9.27146435026433,7.71926930159801,13.7814184258053,10.5917654629468,10.3317027319776,13.119069585095,11.7296670942579,9.41574707966514,10.4966159221303,9.80354858661359,14.0043843451445,12.8213488717574,14.2023706687583,5.4603080674721,5.88392630408891,7.88457820275405,10.6848032195185,13.2071636101471,10.6848032201639,5.89688245089341,5.36832735970393,13.9121411776262,15.5083732980167,15.5083732980167,10.4493001685292,5.84506401573996,3.20532154224032,10.4493001679581,41.7660456252034,4.48458963538619,21.4673090211114,6.50127454079242,6.47621536689113,7.56330427335263,4.48458963538619,6.47621536689113,4.48458963538619,3.48273007014412,6.47621536689113,4.48458963538619,4.48458963538619,4.48458963538619,4.73927235180603,6.47621536689113,4.48458963538619,4.48458963538619,4.48458963538619,4.48458963538619,6.50127454079242
11.5294759819766,9.38182764924431,7.72386984556979,13.9515441531239,10.6787373069013,10.3533068071657,13.2894140807856,11.8898969191238,9.49291631400977,10.8780635485057,9.82550340831433,14.2678273900077,13.0752261207984,14.4439811338496,5.27867921646319,5.61144236361557,7.7837855674946,10.7789250637423,13.4008540854486,10.7789250637117,5.61116421492603,5.15200932866707,14.5568706594199,15.8273911857091,15.8273911857091,10.574298526424,5.43789434074862,3.12614071710068,10.5742985266523,40.9964041347928,4.36728583774772,21.9529906330895,6.14575244054133,6.13288379553803,7.25371892979524,4.36728583774772,6.13288379553803,4.36728583774772,3.44999138186899,6.13288379553803,4.36728583774772,4.36728583774772,4.36728583774772,5.0074125029425,6.13288379553803,4.36728583774772,4.36728583774772,4.36728583774772,4.36728583774772,6.14575244054133
11.1425125308935,9.54019515011709,7.97021717751335,13.5671254573137,10.9273866625487,9.54052964339466,12.645485702733,10.7278371047637,9.84110743677638,10.8132656796188,10.129326100895,13.1096933589871,11.6982130896096,13.309389663238,5.28268586556211,5.63943459681895,7.99131408496994,11.1522458767622,12.0148071885885,11.1522458768916,5.58961753170987,5.00830421390746,14.3955151245931,14.0762524674187,14.0762524674187,10.9078350318987,5.83672211141719,3.16216439009,10.9078350312514,35.939732187814,4.43153874468875,19.4069796243316,6.06577140394331,6.10733305369296,7.05755544969402,4.43153874468875,6.10733305369296,4.43153874468875,3.77782550131494,6.10733305369296,4.43153874468875,4.43153874468875,4.43153874468875,5.04533019586066,6.10733305369296,4.43153874468875,4.43153874468875,4.43153874468875,4.43153874468875,6.06577140394331
11.1419770857825,8.91298820931747,7.50802331050982,13.4756507182076,10.2990757198192,10.0559969065034,12.8553945067005,11.5258128654675,9.22065381549312,10.4718551874088,9.51666083533969,13.8577728943982,12.6516372802218,14.0448197079125,5.26366790682428,5.35576325068341,7.70445875301325,10.4375850887469,12.9302873766284,10.4375850889871,5.43967347070717,5.07508868654893,14.0118244855846,15.2802823502221,15.2802823502221,10.0518959205731,5.41301348108789,3.0885005310575,10.0518959206992,41.5860733245749,4.32615135902093,21.1743463266275,5.8833831216855,5.95318324851136,7.15210762746866,4.32615135902093,5.95318324851136,4.32615135902093,3.63997195621122,5.95318324851136,4.32615135902093,4.32615135902093,4.32615135902093,4.95720824869089,5.95318324851136,4.32615135902093,4.32615135902093,4.32615135902093,4.32615135902093,5.8833831216855
11.227306130958,9.2998247188224,7.93410735804508,13.6559282628651,10.8094030887105,9.88357644602561,12.9176663118325,11.1512344228009,9.73401707339077,10.6127019936015,10.1294501724515,13.5544227445767,12.1321984801489,13.7270428405781,5.34413268117034,5.50710352501291,8.00003357546144,11.056657144645,12.4872308580302,11.0566571446387,5.76593837859456,5.30166123215995,14.201060458181,14.6519385222606,14.6519385222606,10.74242975162,5.5953507852113,2.99837541639813,10.7424297519865,35.3475093657793,4.19454608483171,20.2925486512018,6.20184518723534,6.60916351560577,7.47203322968067,4.19454608483171,6.60916351560577,4.19454608483171,3.5003432990977,6.60916351560577,4.19454608483171,4.19454608483171,4.19454608483171,4.7300494958557,6.60916351560577,4.19454608483171,4.19454608483171,4.19454608483171,4.19454608483171,6.20184518723534
11.2035578123597,9.34072535067225,7.80299334657806,13.1720861856419,10.4761284827701,9.43699450864467,12.5010206217828,10.7228181128383,9.64319204676031,11.0867217057163,9.8702049161101,13.0697905709728,11.7887756352243,13.2999576793278,5.13402132479096,5.69887894925297,7.95663378526774,10.9169002757936,12.1466338836429,10.9169002762307,5.59539078499948,4.66062207411699,14.8591120240401,14.1866327204002,14.1866327204002,10.7094008467271,5.65379908371507,3.32419290756284,10.7094008465046,34.7036243135896,4.65322356475793,19.5158101918003,6.33401378793029,5.67027386386044,6.55711414339449,4.65322356475793,5.67027386386044,4.65322356475793,3.79808494415288,5.67027386386044,4.65322356475793,4.65322356475793,4.65322356475793,5.31294286030759,5.67027386386044,4.65322356475793,4.65322356475793,4.65322356475793,4.65322356475793,6.33401378793029
10.9379005764633,9.07513311539203,7.62064162290376,12.9435638401591,10.1385442621197,9.49948211106386,12.4085552156977,10.7687440365649,9.36058401738911,10.5497173595278,9.65789796518979,13.1669501046427,11.7443530368786,13.3996540352155,5.26161599320113,5.43309024992182,8.02254707024733,10.629352958005,12.0766366516455,10.6293529581134,5.5034855583806,5.02672500446397,14.1740540470671,14.1826744244401,14.1826744244401,10.0640207467036,5.69444283046431,3.30858966741677,10.0640207465724,40.9377508180657,4.63027384602646,19.5157045685092,5.93877776782719,5.84436722667471,7.07697479397643,4.63027384602646,5.84436722667471,4.63027384602646,3.39551181883493,5.84436722667471,4.63027384602646,4.63027384602646,4.63027384602646,5.35242153456714,5.84436722667471,4.63027384602646,4.63027384602646,4.63027384602646,4.63027384602646,5.93877776782719
11.1507908212217,9.24754989904767,8.02493425107008,13.4065507774175,10.5577865887389,9.76464987209884,12.8268098345902,10.9704079899352,9.83741087827554,10.4878738581747,10.207215839617,13.3337568701336,12.0390356284312,13.5524949874207,5.1713462280592,5.73025353249945,7.9516166762456,11.1780598527247,12.4162306305465,11.178059852708,5.86598753662819,4.84403711328812,13.9741865891407,14.5360402739507,14.5360402739507,11.1014517728803,5.92390947826552,3.30142204124369,11.1014517727995,35.4618459700385,4.62861227829273,20.031228478961,6.31652754526899,6.47348413574452,6.82320432143634,4.62861227829273,6.47348413574452,4.62861227829273,3.49964107962438,6.47348413574452,4.62861227829273,4.62861227829273,4.62861227829273,4.71734018364364,6.47348413574452,4.62861227829273,4.62861227829273,4.62861227829273,4.62861227829273,6.31652754526899
11.3736155836255,8.87461185688367,7.81123764220523,13.7647608713937,10.6186697254422,10.0925652218986,13.1495062925333,11.556230180184,9.6677426951734,10.5836575464829,9.94357760522688,14.2620397015996,12.7512166673871,14.433667992493,5.08536069453745,5.53857369475109,8.30979248007649,10.976968867123,13.0924987399263,10.9769688671353,5.52656600268267,4.84058558886912,14.1643678364413,15.4184442054189,15.4184442054189,10.2940052340995,5.55558639022865,3.10138873435506,10.2940052341137,41.2868871270452,4.33471235967723,21.3701275708339,6.23054755187877,5.83263449513628,6.81305263764187,4.33471235967723,5.83263449513628,4.33471235967723,3.51773109915183,5.83263449513628,4.33471235967723,4.33471235967723,4.33471235967723,5.23118368590041,5.83263449513628,4.33471235967723,4.33471235967723,4.33471235967723,4.33471235967723,6.23054755187877
11.7149630268226,9.21752038468082,7.97870810468955,14.0091974295497,10.7975103771015,10.3338606044853,13.3549586188467,11.7816782071141,9.84288483647962,11.1735060042129,10.1171537856621,14.3802388375074,12.9755424894893,14.5654229894088,5.35049293265333,5.6138320818054,8.29192911257027,11.1398483450243,13.2792696720233,11.1398483445847,5.68046393008551,5.03050968419335,14.9877804782632,15.6505890717559,15.6505890717559,10.6223856950994,5.86753294904515,3.2372106689001,10.6223856953689,35.8955029000395,4.52706371921783,21.6651565289297,6.25802127174991,6.09476051694188,7.08159433107438,4.52706371921783,6.09476051694188,4.52706371921783,3.90370426953798,6.09476051694188,4.52706371921783,4.52706371921783,4.52706371921783,5.35409290308295,6.09476051694188,4.52706371921783,4.52706371921783,4.52706371921783,4.52706371921783,6.25802127174991
11.4386751270369,8.75879990079452,7.60114049615068,13.2300959096988,10.3412581697756,9.65013093215927,12.540718863018,10.9536607431157,9.34568962098042,11.5479505558743,9.67314498325,13.3138715434479,11.9902393264645,13.4783413251235,5.11328220865764,5.23496693802755,7.67362951174138,10.5855366493642,12.2653147778504,10.5855366493198,5.41402382036993,4.95027293965247,15.6176437852044,14.4587795925177,14.4587795925177,10.2299894254475,5.35373508362565,2.91301786994108,10.2299894254475,37.2203419259697,4.07290490508143,20.0420901369096,5.76362382376866,6.1748083164379,6.9736444396621,4.07290490508143,6.1748083164379,4.07290490508143,3.63537000354825,6.1748083164379,4.07290490508143,4.07290490508143,4.07290490508143,5.59682304983367,6.1748083164379,4.07290490508143,4.07290490508143,4.07290490508143,4.07290490508143,5.76362382376866
11.6939272107957,8.82598479202666,7.59666539851858,13.8310427875128,10.6154721019571,10.3064626178984,13.0840639770685,11.8137579405603,9.34566325418372,11.6207936113186,9.58350201073782,14.1107975669592,12.9757830048283,14.3197586288787,5.45573237350277,5.8797555593475,7.92798333555678,10.5490615044152,13.3163258589189,10.5490615042256,5.67248544427656,5.17710603435121,15.5554829683672,15.6463418509356,15.6463418509356,10.2050381738422,5.75246371728534,3.2466391272591,10.2050381738422,39.9544264097712,4.54165182901628,21.6562908003589,6.50953043731653,5.79054282046515,7.29055866885388,4.54165182901628,5.79054282046515,4.54165182901628,3.93894898198301,5.79054282046515,4.54165182901628,4.54165182901628,4.54165182901628,5.58990663007916,5.79054282046515,4.54165182901628,4.54165182901628,4.54165182901628,4.54165182901628,6.50953043731653
11.5188933912581,9.25640200344812,7.82571449094718,13.6324879927852,10.3276551990901,10.2913841566456,13.2784215553038,11.7504687370209,9.6825646672174,10.8506815356774,9.95490405572067,14.1269454500537,12.9160885028141,14.3078796490784,5.28736782015207,5.6144990436891,7.89205868455003,10.9747385763759,13.2658616278741,10.9747385769942,5.6149144416818,5.10361549161586,14.5298644623739,15.6017306100823,15.6017306100823,10.8163728487591,5.766117572303,3.05174680170954,10.8163728494366,35.8884618659815,4.28533280489761,21.6436025686241,6.4145017152386,5.92209502985632,7.19953641945264,4.28533280489761,5.92209502985632,4.28533280489761,3.69735496169447,5.92209502985632,4.28533280489761,4.28533280489761,4.28533280489761,5.08794874652888,5.92209502985632,4.28533280489761,4.28533280489761,4.28533280489761,4.28533280489761,6.4145017152386
11.3492601924928,9.05491231243993,7.64550234939821,13.5514274689724,10.4531452253271,10.0038905475084,12.8936413976346,11.4299413766837,9.40294591370091,10.9767057939349,9.70913692834285,13.9494324990775,12.5367270964232,14.1232428448904,5.25257058266302,5.50758312833183,8.02024127114866,10.6517650811886,12.8136737054948,10.6517650811333,5.46040627495613,5.07482916323768,14.6699468400038,15.1360997451556,15.1360997451556,10.0040842659547,5.46045546473016,3.0685692998764,10.0040842664812,40.6952220530775,4.28992847434254,20.970842170271,5.86139480817018,6.05716185676066,7.14708106364963,4.28992847434254,6.05716185676066,4.28992847434254,3.64472610005828,6.05716185676066,4.28992847434254,4.28992847434254,4.28992847434254,5.20697751014538,6.05716185676066,4.28992847434254,4.28992847434254,4.28992847434254,4.28992847434254,5.86139480817018
11.0817776765534,9.18121022716307,7.89422173705337,13.2451826450266,10.4869920428175,9.70171416107034,12.6968376208941,11.0031626342726,9.65700203303995,10.5378820401782,10.001477571405,13.3676806982201,11.9699292592201,13.5728975817091,5.48449701579271,5.73125651194527,8.1131830379685,10.9173574338627,12.2913855226296,10.9173574330314,5.8236034848094,5.23308566146911,13.9531615808388,14.3944753981704,14.3944753981704,10.4708483287507,5.3960934942251,3.21336898141044,10.4708483291131,34.3583193461478,4.5086458844707,19.8509413694871,6.23345441849436,6.52366794578837,7.37892893644597,4.5086458844707,6.52366794578837,4.5086458844707,3.93212346616329,6.52366794578837,4.5086458844707,4.5086458844707,4.5086458844707,5.36176905916421,6.52366794578837,4.5086458844707,4.5086458844707,4.5086458844707,4.5086458844707,6.23345441849436
11.3948502726086,9.07258151318461,8.0183059882008,13.7334419503715,10.4522912229416,10.3024203795401,13.3419643192631,11.6750278649104,9.86489482189253,10.2705379115933,10.2334305355519,14.1973301295649,12.8622425028456,14.3563929633613,5.15388873671719,5.33400969379127,7.95827002741979,11.1890893702189,13.1638643955002,11.1890893702207,5.70479047641398,4.96530473661209,13.7337995299252,15.5348556484997,15.5348556484997,10.9521960702319,5.71872003694429,2.95684032551104,10.9521960703332,37.70051248279,4.13464864109292,21.5773085592378,6.10119686772057,6.581332284321,6.99422099190298,4.13464864109292,6.581332284321,4.13464864109292,3.69757837306781,6.581332284321,4.13464864109292,4.13464864109292,4.13464864109292,4.76243049418636,6.581332284321,4.13464864109292,4.13464864109292,4.13464864109292,4.13464864109292,6.10119686772057
11.3416807288326,9.29997053478119,7.6986638950195,13.2546754212833,10.2894309353978,9.72941558708136,12.7037472605502,11.0729071106606,9.52698561330786,11.2160812632658,9.78202939692916,13.3161268505555,12.1416057195859,13.4837485195165,5.16519639965977,5.33195860023444,7.51432123197433,10.7759355850002,12.4083348013138,10.7759355849945,5.35054144029929,4.9242655170844,15.0787068746455,14.6215354070385,14.6215354070385,10.734466863333,5.49120741813409,2.95391088173466,10.734466863164,38.7023512540569,4.14134199366255,20.2578371835314,5.86004463939671,5.86462002199379,6.94249683620466,4.14134199366255,5.86462002199379,4.14134199366255,3.83247748148247,5.86462002199379,4.14134199366255,4.14134199366255,4.14134199366255,4.84776008091175,5.86462002199379,4.14134199366255,4.14134199366255,4.14134199366255,4.14134199366255,5.86004463939671
11.8187936617234,8.76231825962503,7.61220687942122,13.7947596714864,10.4877015944304,10.3178832570033,13.12654362646,11.8078125043976,9.35230718788591,11.7865737674716,9.64174358914616,14.2380930194946,13.0704964779785,14.4417381912085,5.11583972552133,5.89355309484666,7.94968783623679,10.5998034588102,13.4526040986894,10.5998034588047,5.73034028809258,4.77450468750625,15.8496351699431,15.8077802925899,15.8077802925899,10.2760743607206,5.77878317522891,3.23905354085675,10.2760743607168,39.0248195706858,4.53379893813932,21.8933227974284,6.57019324738658,5.89813861267963,6.72063887970176,4.53379893813932,5.89813861267963,4.53379893813932,3.57663869716357,5.89813861267963,4.53379893813932,4.53379893813932,4.53379893813932,5.48373268249377,5.89813861267963,4.53379893813932,4.53379893813932,4.53379893813932,4.53379893813932,6.57019324738658
11.8167248541133,9.13906316384204,7.8559143182826,13.85120599283,10.5909800645982,10.2678863613866,13.3183255557784,11.8101789955319,9.71060586724011,11.4596036094044,9.96414922367706,14.195336515335,13.0213692062561,14.3893676662012,5.28252066950015,5.46727240799962,7.82057545878666,11.0060954354358,13.3097728631156,11.006095434755,5.50622336343401,4.98530675857564,15.4764810020252,15.7309201869625,15.7309201869625,10.8887303724519,5.54881801523201,3.24758173357795,10.8887303725097,39.8261725172258,4.54533899405791,21.7771554539809,6.04618643379907,5.80852729560208,7.0195541195343,4.54533899405791,5.80852729560208,4.54533899405791,3.71215759077168,5.80852729560208,4.54533899405791,4.54533899405791,4.54533899405791,5.63408058087747,5.80852729560208,4.54533899405791,4.54533899405791,4.54533899405791,4.54533899405791,6.04618643379907
11.7296510232257,9.24247571488388,8.22272780494188,13.9943384083204,11.2204752812025,9.8178702980613,13.1646522896736,11.1355322892226,10.1960792661692,11.4405017838293,10.4867235231387,13.8050543082204,12.238332585854,14.0209020497372,5.15848223606618,5.75113006812106,8.48356700521922,11.5996690719822,12.6428158114459,11.5996690716231,5.7606011198944,4.84578976874151,15.4184633602756,14.7849713778557,14.7849713778557,11.2040729385891,5.79007421598162,3.25845849976249,11.2040729384224,36.6002792543458,4.57810305265811,20.4009983722386,6.50862631614344,6.01932445117149,6.83297034298079,4.57810305265811,6.01932445117149,4.57810305265811,3.49007338883537,6.01932445117149,4.57810305265811,4.57810305265811,4.57810305265811,5.64284727147474,6.01932445117149,4.57810305265811,4.57810305265811,4.57810305265811,4.57810305265811,6.50862631614344
11.6097853398396,8.8154080836249,7.79052464610863,13.7485441037729,10.5141130461111,10.2792031947842,13.1846535038781,11.7058648483928,9.57290393776403,11.2196122343015,9.92190477028939,14.2828190095587,12.8483120738057,14.4302419450952,5.28116140590735,5.52580288496067,8.11188605967285,10.829495727637,13.1366033122154,10.8294957278711,5.63338069128699,5.15506382119871,15.0074980579284,15.5008159433782,15.5008159433782,10.1902701707602,5.47670099008717,2.85918341159886,10.1902701706121,36.9584977899998,4.00901045647323,21.5525002529558,6.0980745286963,6.4766137216479,7.27149769429937,4.00901045647323,6.4766137216479,4.00901045647323,3.83720388043904,6.4766137216479,4.00901045647323,4.00901045647323,4.00901045647323,4.91889140584984,6.4766137216479,4.00901045647323,4.00901045647323,4.00901045647323,4.00901045647323,6.0980745286963
11.315259615015,9.69350661988589,7.97389019516733,13.4705005875702,10.5843392051587,9.95504913872842,12.9888557193149,11.3009538970955,9.75468382436137,10.6616679337019,10.133537419803,13.4847881274024,12.291447209384,13.6901666742802,5.5228168288456,5.65234398256268,7.84835593464899,11.0541073396546,12.6637925611053,11.054107339046,5.94254413503403,5.38717303947002,14.2577696228898,14.8197219877248,14.8197219877248,11.035040913759,5.45169084459653,3.18571733723856,11.0350409128799,35.5382058471815,4.45670812504497,20.4792407487404,6.4728366660392,6.6469170265587,7.59010746230885,4.45670812504497,6.6469170265587,4.45670812504497,3.74579090312575,6.6469170265587,4.45670812504497,4.45670812504497,4.45670812504497,5.40292371609852,6.6469170265587,4.45670812504497,4.45670812504497,4.45670812504497,4.45670812504497,6.4728366660392
11.4422108190839,9.48318392183336,7.95391002554452,13.5728676430484,10.8381765022487,9.67061370577406,12.7927088253298,10.9178712131862,9.80360239617898,11.1896910555362,10.1634737992719,13.2462048032598,11.9976718405892,13.4115684716917,4.97765047005484,5.67275837176252,7.75965677088864,11.1177702344827,12.4060719003659,11.1177702341108,5.82020662184587,4.75870319622307,14.998646190899,14.4608409806184,14.4608409806184,11.1673767035972,5.37050102872183,2.83255831790387,11.1673767032159,39.8173266982171,3.96599494699108,20.0625038765749,6.59690059728941,6.50966661567424,6.70636799187044,3.96599494699108,6.50966661567424,3.96599494699108,3.69133609365559,6.50966661567424,3.96599494699108,3.96599494699108,3.96599494699108,5.45340848319875,6.50966661567424,3.96599494699108,3.96599494699108,3.96599494699108,3.96599494699108,6.59690059728941
11.8727300613323,9.2142998954607,7.92287498000128,13.7766479612566,10.4311994341012,10.3713796408717,13.2844041664847,11.7777526136269,9.69711266960187,11.590131335768,10.0680236536563,14.3559493912243,13.0698503935088,14.5369045390751,5.03772472493202,5.63331931110668,8.04384577843149,10.9731890642663,13.3722330820997,10.9731890650553,5.82893458480815,4.61832716475274,15.5711289264839,15.7729975296418,15.7729975296418,10.6022332097962,5.70636297336878,3.08636021046856,10.602233210296,40.7835302149874,4.33700474013546,21.880244300181,6.23613652745429,6.65064572279508,6.51301255277502,4.33700474013546,6.65064572279508,4.33700474013546,3.8609404082252,6.65064572279508,4.33700474013546,4.33700474013546,4.33700474013546,5.03924663378338,6.65064572279508,4.33700474013546,4.33700474013546,4.33700474013546,4.33700474013546,6.23613652745429
11.7115401537166,9.12009961276381,7.98191898436842,13.9715228276723,10.9989877128025,10.0104595790489,13.0890430464558,11.3554663571834,9.83543963804281,11.5994355312161,10.1477492468319,13.8551586713552,12.4862190962762,14.0716883845799,5.2220399521281,5.77883991216974,8.09366391541771,11.1740627598541,12.8037896143347,11.1740627600591,5.63153514601758,4.92246644547541,15.5475824977475,15.088907005263,15.088907005263,10.8597575285592,5.89575731889033,3.29535687828421,10.8597575279586,40.4493997315679,4.62043078590869,20.8315553969895,6.0386162531804,6.10975713659169,6.93496741307155,4.62043078590869,6.10975713659169,4.62043078590869,3.51661377370814,6.10975713659169,4.62043078590869,4.62043078590869,4.62043078590869,5.44101081218627,6.10975713659169,4.62043078590869,4.62043078590869,4.62043078590869,4.62043078590869,6.0386162531804
11.3545196762436,8.76469325087276,7.51363649938268,13.4878347981048,10.0802632829036,10.2470778307442,13.0316981002827,11.7831711450156,9.23285843332053,10.6427501171345,9.51868763180387,14.3354324542956,13.0436735393077,14.4954792317341,5.07968415237075,5.35931338946099,7.88440795180149,10.4269291940299,13.2884137655084,10.426929194457,5.41713442600575,4.7582290618077,14.2102568204354,15.7421950191799,15.7421950191799,9.78355098338233,5.29130340315173,2.99568028608472,9.78355098366246,35.0457827403812,4.19841104364342,21.8640970947488,5.84320376640492,6.0221376239442,6.70538411462154,4.19841104364342,6.0221376239442,4.19841104364342,3.8496725504736,6.0221376239442,4.19841104364342,4.19841104364342,4.19841104364342,5.46198630707849,6.0221376239442,4.19841104364342,4.19841104364342,4.19841104364342,4.19841104364342,5.84320376640492
11.4460895801972,9.09467231212984,7.77548021977375,13.1519904213604,10.5532287164666,9.34433511039282,12.3047553525296,10.5176469282409,9.54992302528486,11.9716142614922,9.84057641414319,13.0396708876099,11.5154741992254,13.2686289050308,5.16959810229048,5.66099316229342,8.21098532279501,10.8018421430144,11.8249203936787,10.8018421431456,5.61159545511918,4.74497666205803,16.1171613395539,13.8399854416744,13.8399854416744,10.1226973372445,5.69322525715845,3.24753149216005,10.1226973372736,40.5764492210409,4.55400008936527,19.034991374859,6.03494207831564,6.10821164918217,6.68396400471514,4.55400008936527,6.10821164918217,4.55400008936527,3.8417908222362,6.10821164918217,4.55400008936527,4.55400008936527,4.55400008936527,5.07810760297662,6.10821164918217,4.55400008936527,4.55400008936527,4.55400008936527,4.55400008936527,6.03494207831564
11.2691591425654,9.32060794934971,7.8386266009425,13.2947175835984,10.5592295979295,9.53302414390013,12.6246143656998,10.8123129011004,9.64043436504075,11.0107783092711,10.0019272126154,13.2162274797736,11.8496054675311,13.3831657902256,5.03510394561564,5.52267760898097,7.78657243787478,10.9382635196714,12.1738549031166,10.9382635206831,5.60581532222384,4.82749058089232,14.7256355501018,14.2906856360506,14.2906856360506,10.7260428091725,5.16168864915309,2.9272509174072,10.7260428096603,35.6488482765669,4.10927912877522,19.789435682177,6.01380034045774,6.4205076460761,6.80872337014743,4.10927912877522,6.4205076460761,4.10927912877522,3.57927554762139,6.4205076460761,4.10927912877522,4.10927912877522,4.10927912877522,5.60707230457988,6.4205076460761,4.10927912877522,4.10927912877522,4.10927912877522,4.10927912877522,6.01380034045774
11.2623949161599,9.06753057982365,8.06568707647189,13.2574343243901,10.4640378668059,9.59078492240155,12.7981234668543,10.7777203796423,9.96643639668615,10.7754771012743,10.3143559916892,13.4075305813382,11.804413089751,13.5606890075,5.03451361301258,5.28682186079804,8.14183344995499,11.3084030019769,12.1145607039514,11.3084030017521,5.58573390479087,4.84542101040944,14.4672761191394,14.2198234883484,14.2198234883484,10.8732673506862,5.52966153967425,2.84301557841017,10.873267351049,34.5245528919826,3.97231013956041,19.7207498883787,5.99240453891399,6.47414750153064,6.82427313201497,3.97231013956041,6.47414750153064,3.97231013956041,3.69975305336668,6.47414750153064,3.97231013956041,3.97231013956041,3.97231013956041,4.6418198945228,6.47414750153064,3.97231013956041,3.97231013956041,3.97231013956041,3.97231013956041,5.99240453891399
11.2779811819863,8.79816689162501,7.53646557577481,13.2034802579827,10.4410762675038,9.6057269134444,12.3802358236082,10.9113414429013,9.17936865230127,11.4705394809314,9.5226443464649,13.1322114297839,11.9451189387777,13.3600532623685,5.24653720803251,5.74722624217461,7.79516172295951,10.4009885600693,12.329038440492,10.400988560066,5.78915347107053,4.93240204287491,15.4446590524089,14.4148327140745,14.4148327140745,10.1144840619003,5.52773066160742,3.34396580763547,10.1144840618893,35.3633101887246,4.67911430333696,19.8403610500428,6.36104205506431,6.17938356174377,6.94167474092961,4.67911430333696,6.17938356174377,4.67911430333696,3.53505209692934,6.17938356174377,4.67911430333696,4.67911430333696,4.67911430333696,5.05329304627193,6.17938356174377,4.67911430333696,4.67911430333696,4.67911430333696,4.67911430333696,6.36104205506431
11.2310152790117,8.95245646116839,7.52931054598192,13.5866073187569,10.5955733034772,9.95432552057358,12.7562690401496,11.3464443785908,9.25417321749673,10.9454375493062,9.54900765622427,13.5281889846692,12.3658091340325,13.7391033228717,5.41720281219206,5.74016539703753,7.68604231576173,10.4953556827512,12.7084852287693,10.4953556821513,5.53366611510436,5.31655155229562,14.5921273747045,14.9442853439747,14.9442853439747,10.2666628184872,5.70074500332521,3.16261376213954,10.2666628189438,38.8411806731068,4.43897589321996,20.6628275219192,6.15433022346172,5.85518560070448,7.49888345247845,4.43897589321996,5.85518560070448,4.43897589321996,3.47841818622815,5.85518560070448,4.43897589321996,4.43897589321996,4.43897589321996,5.60841276813693,5.85518560070448,4.43897589321996,4.43897589321996,4.43897589321996,4.43897589321996,6.15433022346172
11.5887011151494,9.13072051130427,7.97935411894449,14.0385800433526,10.7086187208106,10.3715076925975,13.3974159978823,11.8013580850705,9.82314837494916,10.7243176059532,10.1662558113679,14.5113988206405,13.0869912253933,14.6688396745348,5.00881090742028,5.46674933816077,8.12163701589327,11.1398406437179,13.3463556078465,11.1398406435113,5.58709275973188,4.66992791233705,14.3042315168525,15.8141332769584,15.8141332769584,10.6517194916674,5.72062288100437,3.04954428026616,10.6517194916992,34.2550015458526,4.2753277757335,21.9523810760148,5.85141935494842,6.41321279404657,6.58010200917414,4.2753277757335,6.41321279404657,4.2753277757335,3.69969784772958,6.41321279404657,4.2753277757335,4.2753277757335,4.2753277757335,4.94671745964568,6.41321279404657,4.2753277757335,4.2753277757335,4.2753277757335,4.2753277757335,5.85141935494842
11.4045404752244,9.22218174925181,7.84817742744187,13.4154701243724,10.4701214816786,9.82065704454929,12.88665061226,11.1635644447841,9.6716310557007,11.0775636931866,10.0080029114417,13.7693135042141,12.250422443426,13.9459225821251,5.11551756320991,5.53882111051184,8.21760428436638,10.9854080347335,12.6126186224712,10.9854080336662,5.6517933439943,4.93012878063488,14.8983633031899,14.8007423393105,14.8007423393105,10.4083736559712,5.46138024795126,3.03318569699718,10.4083736556172,39.9950348581062,4.25256766210279,20.4942600164225,6.25585522444772,6.21351294937064,6.94970829407681,4.25256766210279,6.21351294937064,4.25256766210279,3.48165858313917,6.21351294937064,4.25256766210279,4.25256766210279,4.25256766210279,4.86303208848859,6.21351294937064,4.25256766210279,4.25256766210279,4.25256766210279,4.25256766210279,6.25585522444772
10.5147367012362,8.52563026914987,7.29877275067209,12.4232553490453,9.85163449255943,9.09199077383884,11.8723126549094,10.3168667982498,9.00400996982144,10.3389694599333,9.24065976022949,12.377903366123,11.1907986709397,12.569154681922,5.19687691873252,5.4497900111275,7.49425752102134,10.1649748097903,11.5567554612491,10.1649748088708,5.40145710851303,5.02110627327011,13.7863192646209,13.442883841282,13.442883841282,9.93550462433994,5.25897153077188,2.91937819941127,9.93550462391871,34.6778284977374,4.08281985115459,18.5675394694652,6.26691045856314,5.61993240808524,7.07448631370288,4.08281985115459,5.61993240808524,4.08281985115459,3.78200668971534,5.61993240808524,4.08281985115459,4.08281985115459,4.08281985115459,4.94867972591548,5.61993240808524,4.08281985115459,4.08281985115459,4.08281985115459,4.08281985115459,6.26691045856314
11.3151950672591,8.95624001677785,7.92367187614232,13.0511629252633,10.5835673403489,9.2746121274231,12.4077297849339,10.4333476293103,9.74754182558683,11.4929189059735,10.0881297712152,12.831816719403,11.276540564251,13.0386075078474,5.35600211830723,5.53805367040764,8.16127845222186,11.0521615749459,11.6485277281234,11.0521615749809,5.72506008428423,5.20774408432549,15.4988443348104,13.5628390420739,13.5628390420739,10.5906448852402,5.41136996646797,3.06681529624655,10.5906448851872,37.5786781702146,4.302447556943,18.6917015681131,6.25957515000674,6.37456590121928,7.34465332995012,4.302447556943,6.37456590121928,4.302447556943,3.68840237297381,6.37456590121928,4.302447556943,4.302447556943,4.302447556943,5.43746980777292,6.37456590121928,4.302447556943,4.302447556943,4.302447556943,4.302447556943,6.25957515000674
11.5759995909454,9.2851122363011,7.68802469733307,13.1431095779674,10.2054385507388,9.73153875109795,12.6312729484745,11.0614983343898,9.46579393851893,11.9548088987051,9.71417549788862,13.3008777520315,12.0964103785799,13.5227578724104,5.36641127290481,5.68299485769881,7.79371583982438,10.7120574596072,12.4029511907385,10.712057458928,5.5281125347698,5.0405790645716,16.1104469720178,14.5745793304939,14.5745793304939,10.4993007779159,5.80275217836483,3.32592704447576,10.4993007787396,36.077499930389,4.66598616257332,20.0764666105619,6.05685248681174,5.76388630711711,7.10378798880574,4.66598616257332,5.76388630711711,4.66598616257332,3.76283912824047,5.76388630711711,4.66598616257332,4.66598616257332,4.66598616257332,5.09496595399865,5.76388630711711,4.66598616257332,4.66598616257332,4.66598616257332,4.66598616257332,6.05685248681174
11.2805464387311,9.42270663510297,8.02306445944016,13.4015907522114,10.603381454008,9.64640147098681,12.8493095888549,10.9493970948401,9.89143438515648,10.7497439033065,10.2239329469804,13.6094949807919,12.0347592419082,13.7895591470314,5.06947355329335,5.47088672840768,8.27810286262102,11.2250077496302,12.3660320989944,11.2250077502471,5.66898463764703,4.7681449647206,14.411432374318,14.5115847243673,14.5115847243673,10.6937880637688,5.35414651229873,3.09148811364657,10.6937880633649,37.1510401126877,4.3235517790703,20.0623674923419,6.13194019541162,6.33388670532253,6.71193410057181,4.3235517790703,6.33388670532253,4.3235517790703,3.65443065327975,6.33388670532253,4.3235517790703,4.3235517790703,4.3235517790703,4.771089443553,6.33388670532253,4.3235517790703,4.3235517790703,4.3235517790703,4.3235517790703,6.13194019541162
10.7672573327485,8.65884154104515,7.51446225801066,12.7744476055162,10.1462230193526,9.14917643118233,12.0169957059015,10.300116100991,9.25871459206391,10.6224473009935,9.54391419824811,12.7543894919065,11.3035431205631,12.9247038541168,4.88623402677233,5.38386126689586,7.76908109844553,10.4602123983347,11.5661785505414,10.4602123985273,5.31287263940517,4.5515449119923,14.1126001109297,13.5772045945787,13.5772045945787,9.89317981382742,5.37063749025939,2.85298549728287,9.89317981390721,36.845101008171,3.98929764937698,18.7812598368188,5.71524570710535,6.00840859261237,6.40847073150651,3.98929764937698,6.00840859261237,3.98929764937698,3.82651596158738,6.00840859261237,3.98929764937698,3.98929764937698,3.98929764937698,5.37679572050948,6.00840859261237,3.98929764937698,3.98929764937698,3.98929764937698,3.98929764937698,5.71524570710535
11.1891136689023,8.55394207159051,7.49345471615066,13.4237253413024,10.4708243433944,9.77327365982392,12.5389840050863,11.1122584017106,9.19933709521074,10.9101898787614,9.5007715179222,13.5038763864415,12.2229668374231,13.6767262916302,5.08224469212918,5.34947460415894,7.73825500509306,10.3913380709299,12.4978106740931,10.3913380716312,5.45434868216241,4.79531748718317,14.6261498737137,14.7248286062702,14.7248286062702,9.9103558791226,5.44233917280638,2.95351035515524,9.91035587821586,39.3802756548298,4.14536015021273,20.4072067006579,5.91164127844782,6.09249459588559,6.76250281417885,4.14536015021273,6.09249459588559,4.14536015021273,3.81732312388355,6.09249459588559,4.14536015021273,4.14536015021273,4.14536015021273,5.6386307936823,6.09249459588559,4.14536015021273,4.14536015021273,4.14536015021273,4.14536015021273,5.91164127844782
11.2748155125488,9.62052407608909,7.87557540792402,13.3755423091179,10.5681568049669,9.69830648610876,12.704206646696,10.9305371295682,9.70623314213439,11.0087092662496,10.0009008014566,13.2047468206896,11.8880123470834,13.4091878255997,5.40380493042989,5.46295639295208,7.8463516350495,10.9960172307997,12.1856343196025,10.9960172306283,5.55266339742434,5.21430326477598,14.7697648975151,14.3160797027188,14.3160797027188,10.7979089489779,5.85871709315828,3.16245842372797,10.7979089490021,39.5497680089235,4.42274896684669,19.7570200848409,5.96605177399008,6.11079492504437,7.34425790015231,4.42274896684669,6.11079492504437,4.42274896684669,3.75542506457988,6.11079492504437,4.42274896684669,4.42274896684669,4.42274896684669,5.47594700255623,6.11079492504437,4.42274896684669,4.42274896684669,4.42274896684669,4.42274896684669,5.96605177399008
11.4080538064314,8.67231541796513,7.57748480257346,13.2070694998805,10.1981913873661,9.86531400315864,12.6350435048018,11.1840813256301,9.29609026062973,11.4954523922613,9.58624767175638,13.4994160886936,12.1900015726042,13.7103621725124,5.4309759429957,5.60638218042025,7.93385322104309,10.5173773839788,12.4994935822072,10.5173773840808,5.55575849802912,5.24289033505707,15.4487882909554,14.6966426999537,14.6966426999537,9.99663794344654,5.83038297929121,3.20351078918293,9.99663794348367,38.6045988453433,4.4842276198365,20.2933305120099,6.06207166139651,5.97843156954481,7.38643440112226,4.4842276198365,5.97843156954481,4.4842276198365,3.71718480138858,5.97843156954481,4.4842276198365,4.4842276198365,4.4842276198365,5.51834923094515,5.97843156954481,4.4842276198365,4.4842276198365,4.4842276198365,4.4842276198365,6.06207166139651
11.6759795675537,9.00536071348144,7.82109411179988,13.5400251107339,10.5643429452734,9.90736949102564,12.8861427476651,11.3116301754524,9.59911866913436,11.6963289444869,9.89496379340221,13.8987253055188,12.4373326132428,14.1113003719111,5.29055897356626,5.59846883696986,8.30228473902988,10.8728462186614,12.7464492057539,10.8728462186249,5.67307915682993,4.90367850675359,15.7929706185007,15.0028780650115,15.0028780650115,10.1841484255982,5.58744307863266,3.36414479801117,10.1841484255982,40.0465262529689,4.72214847076967,20.6852379838102,6.10439350754923,6.08181381560166,6.91067715499225,4.72214847076967,6.08181381560166,4.72214847076967,3.730015569414,6.08181381560166,4.72214847076967,4.72214847076967,4.72214847076967,5.54352806070061,6.08181381560166,4.72214847076967,4.72214847076967,4.72214847076967,4.72214847076967,6.10439350754923
12.1110189116534,9.08759117392655,7.89801527760905,14.2578204537788,10.9908567680668,10.4978674286863,13.540936287708,12.10804150614,9.76431911911584,12.075677588068,10.0001721927563,14.4744679396032,13.265497723252,14.6849561769872,5.62087992420946,5.78044983053863,8.02096811256055,11.0546064483409,13.5514971784013,11.0546064482539,5.5580015893296,5.42586386312984,16.2415450794216,16.0189965376788,16.0189965376788,10.7905708560631,5.60937021542601,3.30820027654814,10.7905708559362,37.7790025854862,4.63879381669555,22.1742092336019,6.14410806464707,5.77970340475108,7.64931586788874,4.63879381669555,5.77970340475108,4.63879381669555,3.84074249559252,5.77970340475108,4.63879381669555,4.63879381669555,4.63879381669555,5.69398907778238,5.77970340475108,4.63879381669555,4.63879381669555,4.63879381669555,4.63879381669555,6.14410806464707
11.5342019865976,9.35923886734635,7.77293061961785,13.3308792559538,10.2832688100146,9.89357365106054,12.9323798895587,11.2594627503192,9.65515489407325,11.4647651774988,9.90215449676105,13.4693339836603,12.2774802566894,13.6421457433128,5.33136458145986,5.61767694142223,7.6072649115009,10.947087440749,12.5956653985061,10.9470874407834,5.37952677681842,5.25549755341102,15.3596951982401,14.8132199159171,14.8132199159171,10.9548764586436,5.67935803281297,2.94549952943589,10.9548764584985,41.4371562016238,4.12390160661806,20.5393817843165,6.09198666374144,5.71831496018582,7.40914710718757,4.12390160661806,5.71831496018582,4.12390160661806,3.65607051429702,5.71831496018582,4.12390160661806,4.12390160661806,4.12390160661806,5.54909644624493,5.71831496018582,4.12390160661806,4.12390160661806,4.12390160661806,4.12390160661806,6.09198666374144
11.1452796106214,9.40101022749468,7.9600387955119,13.1772369966488,10.5171004696007,9.55504903132,12.7039571860344,10.8538220158771,9.84528828093349,10.7491840886367,10.0832197498601,13.218654175028,11.7577429121379,13.4478020826083,5.56810503341788,5.69322051513395,8.28839982997798,11.1390400576768,12.1252318093596,11.139040058222,5.6949396676351,5.32934664649603,14.35795245848,14.1296129117358,14.1296129117358,10.7001321798344,5.61896362355815,3.26851719235744,10.7001321793086,39.9594149755475,4.58777794635261,19.4484875452925,6.46500531397825,5.86964856411752,7.51569686857241,4.58777794635261,5.86964856411752,4.58777794635261,3.93406926535525,5.86964856411752,4.58777794635261,4.58777794635261,4.58777794635261,5.3971827166131,5.86964856411752,4.58777794635261,4.58777794635261,4.58777794635261,4.58777794635261,6.46500531397825
11.8345663464792,9.17851183041708,7.77836775004919,13.7630595428122,10.408591888154,10.4128241956407,13.3785641746828,11.9561490561875,9.58760196771531,11.5004110195063,9.89053013138056,14.4803542795868,13.1701405526312,14.6652693680633,5.27082132315368,5.88927308166139,8.18217514234448,10.8785727768627,13.5621411379491,10.8785727767734,5.76169328116852,5.08900714309232,15.4216389657971,15.9330030072748,15.9330030072748,10.4285129597018,5.55598741440897,3.12897962439599,10.4285129598301,37.927192030428,4.38576775474164,22.1016906372682,6.64027472027601,6.02192597902139,7.17307809376727,4.38576775474164,6.02192597902139,4.38576775474164,3.55750495488397,6.02192597902139,4.38576775474164,4.38576775474164,4.38576775474164,5.6725999874207,6.02192597902139,4.38576775474164,4.38576775474164,4.38576775474164,4.38576775474164,6.64027472027601
10.9127878917691,9.08083362792981,7.75121335049398,13.0214072834288,10.4056970573033,9.46769350878867,12.3830057143983,10.6778873683384,9.51094293917625,10.6844259959706,9.80328719419498,12.9173000595253,11.559607831064,13.1334393249614,5.51014256365112,5.80900372401806,8.02805888490399,10.7474045528945,11.9224966363151,10.7474045527086,5.75470925462926,5.2665668621559,14.1696389338913,13.884987145585,13.884987145585,10.3589870496545,5.67574315089666,3.22853034264413,10.3589870502987,35.0308510554046,4.53593004470582,19.1044634940194,6.39316331854238,6.15647362745418,7.42984099796888,4.53593004470582,6.15647362745418,4.53593004470582,3.9123650086816,6.15647362745418,4.53593004470582,4.53593004470582,4.53593004470582,4.9349332939321,6.15647362745418,4.53593004470582,4.53593004470582,4.53593004470582,4.53593004470582,6.39316331854238
12.0620740921666,9.6076013706183,8.17859101137806,13.8684893546123,10.7539933301796,10.1786285166638,13.500980752344,11.6704640189011,10.1488179767969,11.9733306907115,10.4462615420587,14.3791683399821,12.8596702336519,14.5317825847037,5.16493491011846,5.83287762387161,8.39014394303451,11.516726459571,13.2224319913585,11.5167264596284,5.72483048435488,4.95272123854583,16.0782002097247,15.5251325690486,15.5251325690486,11.1005481620917,5.26698123219566,2.96982148918679,11.1005481620879,40.8316265975806,4.1548241182664,21.5598356226899,6.51622777268493,6.21264622253554,6.97727247412198,4.1548241182664,6.21264622253554,4.1548241182664,3.75286244777279,6.21264622253554,4.1548241182664,4.1548241182664,4.1548241182664,4.70816270888022,6.21264622253554,4.1548241182664,4.1548241182664,4.1548241182664,4.1548241182664,6.51622777268493
11.5293818103947,9.61664414823386,7.94998176711857,13.7750748656214,10.4093655160062,10.4802869593394,13.4148885704721,11.9087347708983,9.74537358635903,10.6509588421257,10.1032041455357,14.25996789,13.0514498030627,14.4568445665695,5.47455522074749,5.68120363051973,7.90997115401953,11.0480202903597,13.3591132546622,11.0480202914045,5.77831651410339,5.32422711707674,14.1650259527211,15.7693343620376,15.7693343620376,10.8745017012714,5.89800712039251,3.19424218739889,10.8745017013344,38.201407535723,4.46728784160666,21.8500182644687,6.17094205634839,6.49067377443946,7.49973243753152,4.46728784160666,6.49067377443946,4.46728784160666,3.70249395677552,6.49067377443946,4.46728784160666,4.46728784160666,4.46728784160666,5.30354665048637,6.49067377443946,4.46728784160666,4.46728784160666,4.46728784160666,4.46728784160666,6.17094205634839
11.2142410408305,9.1102901695695,7.89907739564993,13.3778609729853,10.7381364212728,9.52953391006356,12.4889243280542,10.6890678647937,9.64581175278215,11.0324311793087,10.0231182669527,13.1919454015531,11.7633878931242,13.3979875498557,5.04959516633395,5.74520008519752,8.15572097051749,10.9147797251379,12.1380102933844,10.9147797252272,5.94196532430286,4.59241840604534,14.7400527681999,14.1491074930956,14.1491074930956,10.4716025142116,5.62183210858314,3.17441154447491,10.4716025140138,34.4011394966773,4.45529290240511,19.5087445118858,6.45060390867234,6.66784024807236,6.47135541183901,4.45529290240511,6.66784024807236,4.45529290240511,3.8427069842029,6.66784024807236,4.45529290240511,4.45529290240511,4.45529290240511,5.05588685286112,6.66784024807236,4.45529290240511,4.45529290240511,4.45529290240511,4.45529290240511,6.45060390867234
11.6282039954701,9.26527950626805,8.1253305579283,13.8008103446069,11.1227705857665,9.75547527791794,12.9425584662442,10.9935704579146,10.014830508569,11.5816342537674,10.3342512144562,13.4291386178498,11.9768100671318,13.6629012659759,5.4042803941061,5.78069064363638,8.32725885349636,11.3814139676608,12.4046197728899,11.3814139683333,5.89844854373735,5.17485447045266,15.6446624858138,14.4532924628511,14.4532924628511,11.0988748243069,5.95521018344667,3.34576599082874,11.0988748243939,41.3296067431995,4.68359502840829,19.896040290986,6.6223032339058,6.21152213185997,7.28748940450888,4.68359502840829,6.21152213185997,4.68359502840829,3.54601025019731,6.21152213185997,4.68359502840829,4.68359502840829,4.68359502840829,5.15803740361014,6.21152213185997,4.68359502840829,4.68359502840829,4.68359502840829,4.68359502840829,6.6223032339058
11.8060219136353,9.14749779303982,8.12746734598185,13.6404572766679,10.8342988838845,9.74017989216114,13.0561953506624,11.0294796550522,10.0856510046835,11.8523000597431,10.4058967505348,13.7539257587336,12.1331989890533,13.9134983128995,4.96023468627623,5.81751268267753,8.41112723236461,11.468060700298,12.5647907759141,11.4680607002321,5.75620163657863,4.76336553993599,15.9513682795219,14.6520435663099,14.6520435665834,11.0254566431764,5.5017826000935,2.90948437105727,11.0254566430883,38.8086285701063,4.06424535467329,20.3179146706637,6.65552979643935,6.21179522473617,6.70584667581249,4.06424535467329,6.21179522473617,4.06424535467329,3.51063837849182,6.21179522473617,4.06424535467329,4.06424535467329,4.06424535467329,5.12138202477209,6.21179522473617,4.06424535467329,4.06424535467329,4.06424535467329,4.06424535467329,6.65552979643935
11.7500329049235,9.43037777801372,7.80076287183359,13.6846649045897,10.3057582048671,10.3979605096001,13.340607575709,11.9379935578555,9.59210208002492,11.3303971487785,9.8884308701801,14.3170009275992,13.1655678321319,14.5243996237824,5.31061120326933,5.71054246536988,7.91595897558205,10.8677196702247,13.5016317761529,10.8677196702347,5.72184574910587,5.01982386928449,15.2215840210913,15.910966017798,15.910966017798,10.6709715393525,5.59743941248134,3.25057180927716,10.6709715393598,39.1965154955783,4.56237854253149,22.0338769205996,6.37130094907855,6.06704173759269,7.07684113490694,4.56237854253149,6.06704173759269,4.56237854253149,3.70268759127027,6.06704173759269,4.56237854253149,4.56237854253149,4.56237854253149,5.16279608963512,6.06704173759269,4.56237854253149,4.56237854253149,4.56237854253149,4.56237854253149,6.37130094907855
11.4586018186324,8.90079983900039,7.94852771983814,13.2868993678824,10.4532797497896,9.77307329463709,12.8093443592573,10.969823845297,9.75820264791993,11.2845703416184,10.151120292264,13.4448357943675,11.9238616309087,13.623866397778,5.30845216044837,5.56320461851227,8.18749462870429,11.0870971326283,12.322426042588,11.0870971323821,5.83476825491847,5.25098284753566,15.2173965855137,14.3952330520859,14.3952330520859,10.6391483984316,5.74157696322059,2.99637345271583,10.6391483982949,36.2857311446617,4.19728751747355,19.9207236255907,6.41092938577915,6.58904084011955,7.40320925408481,4.19728751747355,6.58904084011955,4.19728751747355,3.48038825895241,6.58904084011955,4.19728751747355,4.19728751747355,4.19728751747355,5.3294127965707,6.58904084011955,4.19728751747355,4.19728751747355,4.19728751747355,4.19728751747355,6.41092938577915
11.6939300931025,9.06387543590457,7.7652264072739,13.8225461921611,10.4583011023127,10.410218550909,13.2282862312049,11.8540228690307,9.48180554447613,11.4060517691265,9.83759104742419,14.3781391630015,13.0709619681927,14.5916677063976,5.29211225805417,5.73865147033207,8.09347513654077,10.7605453313374,13.3680532908985,10.7605453312306,5.70979020822251,5.00118863700615,15.2875018694503,15.8164903124499,15.8164903124499,10.2202752368026,5.94385370517884,3.37148616684014,10.2202752367552,37.3152673291703,4.71596480057287,21.864851345238,5.98450106982828,6.30477420782161,7.03786927923679,4.71596480057287,6.30477420782161,4.71596480057287,3.49948485325623,6.30477420782161,4.71596480057287,4.71596480057287,4.71596480057287,4.70784148731103,6.30477420782161,4.71596480057287,4.71596480057287,4.71596480057287,4.71596480057287,5.98450106982828
11.0776872868537,9.20678486543228,7.52921040979262,12.8540103648058,10.0243417947459,9.40709086202653,12.270428064297,10.6742776795176,9.24502208970983,11.1505997333847,9.53709278063622,12.9257957741848,11.7467791446243,13.146761258623,4.98430867692409,5.594589400328,7.54598999734018,10.4842716526278,12.0476753967401,10.4842716527252,5.42479844216177,4.58420758356785,14.925594784156,14.1749039540729,14.1749039540729,10.3233821595995,5.55617328168453,3.23139934056135,10.3233821594086,40.5420861786379,4.54206809120787,19.5275536582681,5.79526170561835,5.83697330319947,6.46360367522335,4.54206809120787,5.83697330319947,4.54206809120787,3.48144597868908,5.83697330319947,4.54206809120787,4.54206809120787,4.54206809120787,4.91400984716039,5.83697330319947,4.54206809120787,4.54206809120787,4.54206809120787,4.54206809120787,5.79526170561835
11.651687880634,8.9702003368989,7.90561670758335,14.1608804046315,10.8237933865808,10.5471552297251,13.5117527529326,12.0194560976327,9.73813969405768,10.8576157815993,10.0682103538041,14.705216096626,13.2378745279776,14.8791439369804,5.28758053202354,5.80003589753613,8.4520420166699,11.0551012250435,13.6290807834209,11.0551012253648,5.83299316088277,5.12057153003949,14.5118281450907,16.0170562963552,16.0170562963552,10.3820507113937,5.90704950219067,3.1096250544411,10.3820507111155,41.059951719468,4.36443320881926,22.2276189810909,6.64762223320563,6.23152087890255,7.22155826385666,4.36443320881926,6.23152087890255,4.36443320881926,3.56028144277274,6.23152087890255,4.36443320881926,4.36443320881926,4.36443320881926,4.89373850221667,6.23152087890255,4.36443320881926,4.36443320881926,4.36443320881926,4.36443320881926,6.64762223320563
10.9221162436538,9.02048747724892,7.73646732649082,13.1389761676071,10.699122562531,9.18533717789184,12.2320987039205,10.4222542856608,9.55073482317302,10.8866836006089,9.77730823051268,12.895953589123,11.394857968771,13.1375637151099,5.2051567072213,5.9234350067562,8.32176891965258,10.7999043972986,11.8013848489334,10.7999043973852,5.68843059297101,4.75435158383997,14.4649643347673,13.6858764496275,13.6858764496275,10.1676336839031,5.50531244615971,3.28914452167518,10.1676336835496,34.6393982075452,4.62391631953193,18.7951453022371,6.57432488298961,5.69839962395201,6.70464533979638,4.62391631953193,5.69839962395201,4.62391631953193,3.86617089912403,5.69839962395201,4.62391631953193,4.62391631953193,4.62391631953193,4.86029308836372,5.69839962395201,4.62391631953193,4.62391631953193,4.62391631953193,4.62391631953193,6.57432488298961
11.4100669031322,9.02106355705834,7.63894802949517,13.1848256038144,10.3695831266605,9.49950072627773,12.442232863509,10.7908395124556,9.44624019701016,11.6720023983427,9.67241246940148,13.0579546762199,11.8791588585938,13.2572361309584,5.04809826981848,5.52060136482971,7.59001384382089,10.6812538752048,12.1601938968146,10.681253877226,5.36117391993562,4.62002359823368,15.7021632640878,14.2955005967404,14.2955005967404,10.5759771870583,5.61493837638015,3.13069162705383,10.5759771868292,40.822092914718,4.39901091620476,19.7320988797599,5.90889191558579,5.65333162941258,6.51459337526827,4.39901091620476,5.65333162941258,4.39901091620476,3.82859165518494,5.65333162941258,4.39901091620476,4.39901091620476,4.39901091620476,5.50557391369821,5.65333162941258,4.39901091620476,4.39901091620476,4.39901091620476,4.39901091620476,5.90889191558579
11.5321187044497,9.10957918339157,7.60520722793208,13.4728134162665,10.2032547223767,10.1732303595913,13.0875630957505,11.7127357521016,9.37813079529549,11.1541662029262,9.66403670500357,14.1570026101377,12.821062668277,14.3296116332818,5.37223107930039,5.39534358857188,7.92599376022326,10.6244960354197,13.0970656896379,10.6244960347482,5.3959958756357,5.29108505584137,14.9932494633264,15.4918768999461,15.4918768999461,10.0643560516484,5.24791639330633,3.01270169451629,10.0643560522644,35.5445808990077,4.21801454282481,21.4982352133779,5.88386617116839,5.91092937119456,7.45874670247858,4.21801454282481,5.91092937119456,4.21801454282481,3.62728440270315,5.91092937119456,4.21801454282481,4.21801454282481,4.21801454282481,5.57398351089694,5.91092937119456,4.21801454282481,4.21801454282481,4.21801454282481,4.21801454282481,5.88386617116839
12.0292929865896,9.1073787931598,7.89367200152235,13.9716813467895,10.7587275044002,10.3634029330168,13.3478913092086,11.8666494389917,9.73285099075725,12.1832998984281,9.98507260607708,14.2354301935802,13.0340886822879,14.4558068543767,5.49802202206414,5.97696468919308,8.098163316642,11.0243679123728,13.3891369711038,11.0243679117249,5.75619430230548,5.19317859907818,16.3930740100667,15.7383603953695,15.7383603953695,10.7949892867644,5.90311487171382,3.39640857433033,10.7949892878837,40.6093901955323,4.77037548755909,21.7399744353602,6.51485054971449,5.84821570269198,7.32298175221252,4.77037548755909,5.84821570269198,4.77037548755909,3.78169769585725,5.84821570269198,4.77037548755909,4.77037548755909,4.77037548755909,4.85407337072562,5.84821570269198,4.77037548755909,4.77037548755909,4.77037548755909,4.77037548755909,6.51485054971449
10.9385131220098,9.52493227170084,8.07275194772556,13.1409330016709,10.6170258339396,9.31172538115919,12.5535907839453,10.4553499257625,9.92186674988659,10.2384215460739,10.2970626917371,12.9840532253976,11.424485909022,13.1920249909587,5.08106077464739,5.60452677569002,8.23133241215217,11.2908552281081,11.8493382125493,11.2908552291079,5.86174810544565,4.79672113201095,13.6957181675335,13.7888136500977,13.7888136500977,10.968018350923,5.55596573207967,3.21977096906412,10.968018350923,40.2998429723833,4.51965898539657,18.9689476558342,6.40164892815976,6.45532832601423,6.76084278105177,4.51965898539657,6.45532832601423,4.51965898539657,3.36366475096811,6.45532832601423,4.51965898539657,4.51965898539657,4.51965898539657,5.07754571760039,6.45532832601423,4.51965898539657,4.51965898539657,4.51965898539657,4.51965898539657,6.40164892815976
12.053859117021,9.05129096429871,7.8697318266188,13.8450091936242,10.4561649706276,10.5241681204189,13.4655037775201,12.0752981485673,9.64559459725996,11.9218220702071,9.9972760256946,14.6072186432795,13.2199294178631,14.7646561242032,5.54908855734893,5.32885913306976,8.11781260245444,10.9046334626494,13.460201682073,10.9046334627979,5.64802893586892,5.44365692741143,16.1331369259421,15.9519143174976,15.9519143174976,10.2878512070901,5.30349850564067,3.02815805541401,10.2878512072809,40.2118463486424,4.24443705331366,22.1583277278326,5.88485399553681,6.56157611923279,7.67761654554929,4.24443705331366,6.56157611923279,4.24443705331366,3.9261679532984,6.56157611923279,4.24443705331366,4.24443705331366,4.24443705331366,5.09860271233852,6.56157611923279,4.24443705331366,4.24443705331366,4.24443705331366,4.24443705331366,5.88485399553681
11.7174772813172,9.24962978686855,7.88482240455915,13.6948384527722,10.4199252943714,10.2241976693956,13.2709367445475,11.7011297252088,9.72054250882797,11.2047500237402,10.0499122808341,14.1724249254817,12.9361291175088,14.3271836462922,5.05195399514867,5.38411168899855,7.77027539330015,11.0132869789508,13.2204710832825,11.013286978761,5.57885261839067,4.79197174731678,15.0729003324559,15.6192971336873,15.6192971336873,10.8624375670149,5.30479054199736,2.92646022883877,10.8624375667379,41.4245911976178,4.10385608036351,21.7040374651495,6.03349446170662,6.3345823836752,6.75596583797134,4.10385608036351,6.3345823836752,4.10385608036351,3.75256581460252,6.3345823836752,4.10385608036351,4.10385608036351,4.10385608036351,5.40398117296948,6.3345823836752,4.10385608036351,4.10385608036351,4.10385608036351,4.10385608036351,6.03349446170662
11.2422612879213,8.80525806962119,7.65914651831809,13.3917752150058,10.3948267556185,9.92075490149477,12.7511462820556,11.2880368255862,9.40940657839274,10.8692415917282,9.66921091111303,13.4656693530832,12.3845323215736,13.6980428300665,5.34908667803442,5.77355491642338,7.77376683294152,10.639791476733,12.751366387433,10.6397914766322,5.72531839259577,4.99458579225875,14.5261383668209,14.9262512701004,14.9262512701004,10.5426672513835,5.84247492908199,3.32702824891894,10.5426672514902,38.2553176370813,4.66656684030379,20.5867127212595,6.49599319358388,5.86194348731491,7.03782881084279,4.66656684030379,5.86194348731491,4.66656684030379,3.8117108506721,5.86194348731491,4.66656684030379,4.66656684030379,4.66656684030379,5.40365104912313,5.86194348731491,4.66656684030379,4.66656684030379,4.66656684030379,4.66656684030379,6.49599319358388
10.5912000786045,8.57519251980564,7.46271204596009,12.8609889805959,10.3995017615921,8.97149857844384,11.9200089170232,10.1799487490091,9.20039934696339,10.3889512313132,9.46735275284786,12.455737719375,11.1603301661112,12.673378210128,4.89161763301898,5.44516852939327,7.6281062691175,10.4374356128295,11.5089557017257,10.4374356130336,5.3642592474766,4.54356691604326,13.8859057366736,13.4518409312667,13.4518409312667,10.1704147181149,5.28435769868503,3.12736719798155,10.1704147178033,39.612427595903,4.37536580276114,18.5136635812308,5.95614487272523,5.63078692435059,6.39319776192756,4.37536580276114,5.63078692435059,4.37536580276114,3.43019872014471,5.63078692435059,4.37536580276114,4.37536580276114,4.37536580276114,4.7620333485409,5.63078692435059,4.37536580276114,4.37536580276114,4.37536580276114,4.37536580276114,5.95614487272523
11.3339067232541,8.96847212279627,7.58517670505757,13.6439563134603,10.5310577470337,10.1688966748433,12.9139520658796,11.6129451960507,9.21795046469016,10.9713420483459,9.61219639671969,13.977947131927,12.686379529969,14.1746795891734,5.4587024006836,5.66044104346021,7.94469501969674,10.4428672591839,12.9973793939982,10.4428672591661,5.74892104657182,5.33910013195574,14.6521450652044,15.3322273888566,15.3322273888566,9.86229384870012,5.41390458534578,3.1978842679267,9.8622938494197,34.3598477069237,4.47829255548534,21.2157998534726,6.05579854687647,6.51326457062277,7.52439923504178,4.47829255548534,6.51326457062277,4.47829255548534,3.56640725589322,6.51326457062277,4.47829255548534,4.47829255548534,4.47829255548534,4.73652588041926,6.51326457062277,4.47829255548534,4.47829255548534,4.47829255548534,4.47829255548534,6.05579854687647
11.136519971635,9.29821243247303,7.90032433703287,13.2936719274927,10.4234883457037,9.74478970030047,12.7712100868912,11.0229443263966,9.67717163862391,10.4505065820227,10.0508398094816,13.4559596417112,12.1481664735502,13.6627995770423,5.0232588285499,5.67502698332121,8.01398852299706,10.9831569638393,12.5569694268726,10.983156963807,5.91278872675054,4.67668908333388,13.9684256901403,14.6638486454526,14.6638486454526,10.7680749836234,5.53385075062856,3.17310901319133,10.768074983635,39.510953857581,4.43793212735929,20.25694552813,6.55704607176045,6.49561541873611,6.58050705638484,4.43793212735929,6.49561541873611,4.43793212735929,3.56378328081346,6.49561541873611,4.43793212735929,4.43793212735929,4.43793212735929,4.73774087550877,6.49561541873611,4.43793212735929,4.43793212735929,4.43793212735929,4.43793212735929,6.55704607176045
11.1049020688463,8.75064675673277,7.75477202335692,13.2636020804227,10.3205465504176,9.68434291500555,12.8289517493296,11.098657847818,9.6598785879125,10.3868033980638,9.88724964803093,13.5494835598787,12.2074629548644,13.7135886343652,5.01011449530685,5.42544055062827,7.87804124017496,10.9517429169436,12.5575470332164,10.9517429158448,5.38051272366313,4.79436996752426,13.8825019686902,14.7250369652008,14.7250369652008,10.7066785791795,5.24424577455217,2.87255478668262,10.7066785791919,34.4914020603923,4.02502731462219,20.431332519822,6.27997333247174,5.586702925226,6.75815313966067,4.02502731462219,5.586702925226,4.02502731462219,3.66466344099531,5.586702925226,4.02502731462219,4.02502731462219,4.02502731462219,5.05791994795018,5.586702925226,4.02502731462219,4.02502731462219,4.02502731462219,4.02502731462219,6.27997333247174
11.2864802157713,9.22254092128749,7.88581327387733,13.3085219807491,10.7463106940884,9.39429803785942,12.3881967918289,10.4996152862422,9.64390549163053,11.383109824457,10.0338941229736,13.0596213588152,11.5225846077785,13.2621046032818,4.99608472586945,5.62947141193352,8.20214586406699,10.9326579311929,11.904698378994,10.9326579310081,5.86583749534124,4.63785793312298,15.3110804069164,13.872427620889,13.872427620889,10.38782201598,5.61986844454147,3.09364817274888,10.3878220161274,39.8343359288536,4.33321726033574,19.1342214890481,6.34775833938451,6.64474675741317,6.53125780772696,4.33321726033574,6.64474675741317,4.33321726033574,3.66712728520068,6.64474675741317,4.33321726033574,4.33321726033574,4.33321726033574,4.73044760538592,6.64474675741317,4.33321726033574,4.33321726033574,4.33321726033574,4.33321726033574,6.34775833938451
11.3924763957328,9.3778189790327,8.09914745149023,13.4559604897594,10.6303561886999,9.86078724658303,12.9842554317046,11.1579900529374,9.9341101290496,10.8837206196328,10.2978194260197,13.6187623420941,12.1837721687847,13.8214387383825,5.3929297707987,5.78535922559798,8.26681803287754,11.2474206986957,12.5540562522855,11.2474206995348,5.96417447718078,5.15296156977407,14.4954130734166,14.6652094037837,14.6652094037837,10.8750065226252,5.48049543003157,3.14367087024532,10.8750065222863,36.4880575243198,4.39761206815365,20.267791145465,6.53469542354642,6.68374583240137,7.25818698937154,4.39761206815365,6.68374583240137,4.39761206815365,3.90254405278203,6.68374583240137,4.39761206815365,4.39761206815365,4.39761206815365,5.20157795645158,6.68374583240137,4.39761206815365,4.39761206815365,4.39761206815365,4.39761206815365,6.53469542354642
11.2333919788935,8.87297680553561,7.78604282701021,13.0056757608922,10.4803857899011,9.19103644522757,12.3113683874865,10.3484870706456,9.61607168930277,11.4462204903638,9.94548659496694,12.7838106875921,11.2506390796722,12.9663422034199,5.06906464280271,5.39017242455111,7.9356837012309,10.9226762278166,11.5993405966659,10.9226762283304,5.48008738765542,4.94389051641804,15.4484419524874,13.5608869122202,13.5608869122202,10.5198576672319,5.34968691052077,2.89441899864667,10.5198576672085,36.9741636434935,4.06162822311044,18.7437048686779,5.98778757186221,6.14358511623374,6.97342366466899,4.06162822311044,6.14358511623374,4.06162822311044,3.45833339595051,6.14358511623374,4.06162822311044,4.06162822311044,4.06162822311044,5.04353382456675,6.14358511623374,4.06162822311044,4.06162822311044,4.06162822311044,4.06162822311044,5.98778757186221
11.3715139602209,9.31785946991401,7.94593421832254,13.5234195438401,10.6412239890594,9.88403293701433,12.8802545898287,11.2062911615388,9.73797955798597,11.0587432285366,10.062649140382,13.5595856941986,12.2128240777682,13.7687626176635,5.52000661664424,5.67377666537358,8.01892026928587,11.0107811626075,12.476179316328,11.0107811609039,5.69677497720546,5.25767969698288,14.7148332495315,14.6950935158965,14.6950935158965,10.6496785806904,5.63268514980501,3.26688009436787,10.6496785806808,40.9710508805656,4.57536593206913,20.2717559735519,5.92465466377111,6.42839690316058,7.40793799344528,4.57536593206913,6.42839690316058,4.57536593206913,3.94951047221685,6.42839690316058,4.57536593206913,4.57536593206913,4.57536593206913,5.30125482894679,6.42839690316058,4.57536593206913,4.57536593206913,4.57536593206913,4.57536593206913,5.92465466377111
11.713174400989,9.31161491154482,7.98392222684768,13.487927961956,10.6131800674511,9.97797674348079,12.9440782129527,11.2887021677163,9.72070721756069,11.8363000593694,10.1224550199831,13.6853698651515,12.2821293377225,13.9023880873628,5.5733554133088,5.88510705355105,8.27613881629884,11.0149489892981,12.6597597410173,11.0149489899115,6.05834504866689,5.36469775635243,15.9177500220426,14.8088594520835,14.8088594520835,10.5531327810208,5.64578064824729,3.34456249385426,10.5531327807244,39.4139645655124,4.69130659804209,20.4102151688832,6.49835153774989,6.77300073196063,7.56297684398574,4.69130659804209,6.77300073196063,4.69130659804209,3.73884402646071,6.77300073196063,4.69130659804209,4.69130659804209,4.69130659804209,4.94710380082768,6.77300073196063,4.69130659804209,4.69130659804209,4.69130659804209,4.69130659804209,6.49835153774989
11.1663316663639,9.12402719833607,7.57785221874292,12.8569816614629,10.1170485719641,9.45742532868549,12.2389360021019,10.6786225004659,9.26362740500092,11.3681770574955,9.56710001119093,13.0083317436511,11.6408955761958,13.2294382041553,5.32616817447011,5.48045065004667,7.95141272059087,10.4612260675625,11.9339975466167,10.4612260662662,5.59860994633673,4.99800124278838,15.2989267944663,13.9931009788543,13.9931009788543,9.8705460009584,5.62429968789513,3.23343062185541,9.87054600128297,40.0773142381839,4.53364891796141,19.2630051724761,5.9723142805888,6.14905673196703,7.04313484088205,4.53364891796141,6.14905673196703,4.53364891796141,3.86565332729997,6.14905673196703,4.53364891796141,4.53364891796141,4.53364891796141,5.12800937444959,6.14905673196703,4.53364891796141,4.53364891796141,4.53364891796141,4.53364891796141,5.9723142805888
11.1096469822455,8.82017082156648,7.68261209743035,12.918763742964,10.347998819327,9.38895877546428,12.2283079368548,10.5159532042749,9.38605329509459,11.3195940584799,9.73225346918061,12.8125884661999,11.3712067864686,13.0485545228259,5.42654069944806,5.69032045413943,8.1333655177282,10.6340836537947,11.7817345187388,10.634083653772,5.83223840329851,5.23537499987804,15.2430430480157,13.6893497311886,13.6893497311886,10.0801687772695,5.81930678891632,3.25196159534344,10.0801687772258,37.7804914922564,4.55730011238732,18.8145766776611,6.45395996963001,6.29453184647059,7.37814387939881,4.55730011238732,6.29453184647059,4.55730011238732,3.62422042062002,6.29453184647059,4.55730011238732,4.55730011238732,4.55730011238732,4.81451405507213,6.29453184647059,4.55730011238732,4.55730011238732,4.55730011238732,4.55730011238732,6.45395996963001
11.3906437273518,8.99907549770747,7.90793847150246,13.9531238000426,10.7904821862599,10.3037461759775,13.1943940389753,11.6945747545611,9.69858667771524,10.6737334459918,9.99701129083489,14.2017092837532,12.830651624615,14.4150663131809,5.50152624457166,5.72280369832437,8.25818586464266,10.969756588782,13.1166454902842,10.969756589882,5.73411362174144,5.17366993236417,14.1794463288347,15.4703143999602,15.4703143999602,10.3993665635577,6.06554279865906,3.37294167095798,10.3993665634851,36.1713688754483,4.7316221954848,21.3617717972377,6.12323395470724,6.2256103216136,7.29187671804242,4.7316221954848,6.2256103216136,4.7316221954848,3.90377676115222,6.2256103216136,4.7316221954848,4.7316221954848,4.7316221954848,4.87022189193154,6.2256103216136,4.7316221954848,4.7316221954848,4.7316221954848,4.7316221954848,6.12323395470724
11.3628465077477,9.27085604422297,8.09389151349955,13.7976539333577,11.0032791885525,9.73283699301532,12.9402108751912,11.0278608290298,9.99992480262488,10.8422988689011,10.2975284713756,13.6118958533808,12.1593782152972,13.8053777085525,5.06635940516804,5.46035227944218,8.1270887797345,11.3264324361692,12.440439288377,11.3264324359995,5.60130334640384,4.65003106880231,14.4995784405257,14.6365726927855,14.6365726927855,10.9894235241932,5.54829531455219,3.10643719651315,10.989423524054,37.2789825360206,4.35473936679606,20.2358636953815,5.98835344576923,6.26893456515204,6.55069531592424,4.35473936679606,6.26893456515204,4.35473936679606,3.88947069136082,6.26893456515204,4.35473936679606,4.35473936679606,4.35473936679606,4.64551121856489,6.26893456515204,4.35473936679606,4.35473936679606,4.35473936679606,4.35473936679606,5.98835344576923
11.8434598843896,9.63760459126992,8.02888157969955,13.6142476448035,10.5288729265595,10.2109999693266,13.1848175141977,11.5540841118409,9.80005154134107,11.7621712416642,10.1907640499962,13.894175873593,12.5903690532748,14.1107609550277,5.59608830391312,5.78283171461686,8.10293996745568,11.1162573482533,12.9331941865432,11.1162573484938,5.95705080223807,5.41980920365299,15.8334611019987,15.2003166229509,15.2003166229509,10.8514071064549,5.87315794327092,3.34638673827088,10.8514071064549,39.6615497053196,4.69793295587644,20.977630914606,6.30033637091703,6.68538211497974,7.64371773488506,4.69793295587644,6.68538211497974,4.69793295587644,3.66756890690402,6.68538211497974,4.69793295587644,4.69793295587644,4.69793295587644,5.66551840148414,6.68538211497974,4.69793295587644,4.69793295587644,4.69793295587644,4.69793295587644,6.30033637091703
11.7222068256165,9.07912439313517,7.91026704812933,13.4188753691154,10.46681442795,9.81785914365854,13.0096674950161,11.2176212871609,9.83797448452575,11.8086895300918,10.0854618068522,13.7344026453443,12.2612971993583,13.9046670723031,5.26532789140364,5.58292158442029,8.13291682152062,11.1612409658769,12.5993589717962,11.1612409638987,5.45239613166834,5.13083137121224,15.9200317006016,14.7924986694955,14.7924986694955,10.7545411498765,5.44408268583447,2.97696794209573,10.7545411479768,35.755883313602,4.17238304421314,20.5015160412057,6.21514925385508,5.75758187637001,7.23438873454582,4.17238304421314,5.75758187637001,4.17238304421314,3.6639834333827,5.75758187637001,4.17238304421314,4.17238304421314,4.17238304421314,5.14472807500488,5.75758187637001,4.17238304421314,4.17238304421314,4.17238304421314,4.17238304421314,6.21514925385508
11.3960663957695,8.81574472701781,7.46225065138342,12.8839145150594,9.99287458512865,9.56602244510157,12.3764639874415,10.8619182692129,9.14152935681338,11.7892391674685,9.50136450529279,13.2243456753595,11.8444570973187,13.3963238105826,5.14654669265466,5.40742308939699,7.73823384771918,10.3660392078307,12.1474583222107,10.3660392071299,5.44499773131896,5.06812610322959,15.9142824207083,14.3001021188706,14.3001021188706,9.82155052514162,5.23821707511767,2.89768704370256,9.8215505257565,35.220339410247,4.06065636371442,19.8105442719664,5.806380639173,6.22423183310266,7.14626821170006,4.06065636371442,6.22423183310266,4.06065636371442,3.44993345551597,6.22423183310266,4.06065636371442,4.06065636371442,4.06065636371442,5.13693406025009,6.22423183310266,4.06065636371442,4.06065636371442,4.06065636371442,4.06065636371442,5.806380639173
11.4590399100816,9.28989667749692,7.98701312734083,13.3966959318202,10.649876036329,9.57199867875269,12.7422671071388,10.8647170209084,9.86344805981004,11.3735521218083,10.1494705949657,13.2486634410961,11.9646894015648,13.4457008390171,5.06511804688514,5.6201772757221,7.85912902542216,11.164558524038,12.2795552004009,11.1645585240701,5.63475512868149,4.63702942262867,15.2413608974659,14.3918097674263,14.3918097674263,11.0857038096861,5.40913723806868,3.10616217907517,11.0857038096863,40.8108568436895,4.36159554615663,19.8786549051441,6.17417038365083,6.17311678008368,6.53696090103077,4.36159554615663,6.17311678008368,4.36159554615663,3.90008413474458,6.17311678008368,4.36159554615663,4.36159554615663,4.36159554615663,5.08321426946016,6.17311678008368,4.36159554615663,4.36159554615663,4.36159554615663,4.36159554615663,6.17417038365083
11.2891517595338,9.41630042273646,8.1367690503142,13.3003410662822,10.9079863777089,9.16300513705949,12.5057763938989,10.3237045542603,10.0363725606183,11.2277565322496,10.3592250668834,12.8664824887123,11.2794435787465,13.0789242841655,5.1131890091227,5.54123202896409,8.22273246940583,11.3934516084013,11.6300491461757,11.3934516085176,5.70707282033241,4.74575868519267,15.1085683125538,13.5686419949948,13.5686419949948,11.0560272564898,5.38206395232004,3.21887761110615,11.0560272565542,40.0530818189184,4.50715026305539,18.6525162027232,6.12947663010158,6.31088793157937,6.68121362687047,4.50715026305539,6.31088793157937,4.50715026305539,3.67153058823239,6.31088793157937,4.50715026305539,4.50715026305539,4.50715026305539,5.18460629724404,6.31088793157937,4.50715026305539,4.50715026305539,4.50715026305539,4.50715026305539,6.12947663010158
12.1191090732926,9.2885166600388,8.2729267355279,14.4983383206881,11.2409859299475,10.6277476383833,13.8544384796236,12.1517941927351,10.2351055558432,11.6233063432179,10.5181101527239,14.7152016208909,13.302444337633,14.9209682546787,5.65662601631848,5.76664822710197,8.44873421527462,11.6222340912877,13.6385066744768,11.6222340913393,5.79180955417847,5.48610679457794,15.6553425365955,16.0796707606935,16.0796707606935,11.2786805006761,6.00462345975679,3.37441228520709,11.2786805007,39.9787146437597,4.73124568264998,22.2423224662028,6.39917695944551,6.10738592482772,7.73356842970381,4.73124568264998,6.10738592482772,4.73124568264998,3.71461793920876,6.10738592482772,4.73124568264998,4.73124568264998,4.73124568264998,5.21197151299076,6.10738592482772,4.73124568264998,4.73124568264998,4.73124568264998,4.73124568264998,6.39917695944551
11.2635232135813,9.05911812220811,7.63104744834967,13.1366217132415,10.4612091486142,9.41685564364587,12.3080384481239,10.5980146627839,9.35345185110415,11.3947497916317,9.71576816066524,12.8474699486828,11.6219920188866,13.0301370406505,4.95612997943317,5.53332255326474,7.59613710815796,10.6113908993828,12.0055300080666,10.6113908983615,5.67444653763059,4.71640281559754,15.3654763562608,14.0194374593031,14.0194374593031,10.5240260340993,5.49957565775744,2.99225363130858,10.524026034215,38.8723108745625,4.18130491219525,19.3801410665333,6.27116486542674,6.30764583817757,6.63824846014846,4.18130491219525,6.30764583817757,4.18130491219525,3.48413829736746,6.30764583817757,4.18130491219525,4.18130491219525,4.18130491219525,5.54608488469968,6.30764583817757,4.18130491219525,4.18130491219525,4.18130491219525,4.18130491219525,6.27116486542674
11.6729077179503,9.51181927316658,8.05851442389189,13.5782608311064,10.9500894182985,9.62900762842025,12.7107360726436,10.8206268026216,9.8490650743038,11.9299714703333,10.2398655015026,13.3657590228191,11.8052780577298,13.5809837582407,5.32516866236342,5.70102341959909,8.34532041844591,11.1694440290616,12.1553821866513,11.1694440290905,5.91981911173464,5.02948847433562,16.0938816929043,14.2193271589672,14.2193271589672,10.613926358694,5.65119853534317,3.272429495584,10.613926358478,34.1968139436185,4.59089632182191,19.5783379510763,6.23702337008772,6.71980806879622,7.08887946759766,4.59089632182191,6.71980806879622,4.59089632182191,3.70712546516104,6.71980806879622,4.59089632182191,4.59089632182191,4.59089632182191,5.26743694073252,6.71980806879622,4.59089632182191,4.59089632182191,4.59089632182191,4.59089632182191,6.23702337008772
11.6242661276253,8.79771461687075,7.47668602655994,13.2385136924259,9.98663898372992,10.0569901403086,12.6781709043453,11.3978818664883,9.07978155552739,11.8534693656092,9.44672416560911,13.7250876969607,12.6132756458315,13.9461400271061,5.04598620397621,5.63334307600017,7.7072862365875,10.2959191600887,12.9560387611829,10.2959191601059,5.75168135319307,4.6207284509272,16.0525020946632,15.2573999241965,15.2573999241965,10.0025767125898,5.93775420018203,3.36124881206414,10.0025767125477,37.603575424164,4.71845377304795,21.0550639647904,6.16686604425117,6.24102698899889,6.50930563949134,4.71845377304795,6.24102698899889,4.71845377304795,3.42787130000538,6.24102698899889,4.71845377304795,4.71845377304795,4.71845377304795,4.85328184090481,6.24102698899889,4.71845377304795,4.71845377304795,4.71845377304795,4.71845377304795,6.16686604425117
11.0652644148982,8.66948536575624,7.61402956151202,12.7424070493354,10.0949925753006,9.34430996878086,12.1930968929579,10.5261164311879,9.29302736557339,11.1628523450292,9.66611062154491,12.8706819830358,11.5299062642089,13.057194787728,5.03609679656367,5.72110106967379,7.89777013091058,10.517635015283,11.9446610282341,10.5176350146863,5.85329170151388,4.73094593213455,14.9596730216237,13.879298306976,13.879298306976,10.1399674225427,5.33568405367336,3.04150129370857,10.1399674228916,35.1465435285598,4.25719883243476,19.1606503369359,6.54051472911016,6.47145287924521,6.6623714401193,4.25719883243476,6.47145287924521,4.25719883243476,3.68443394239777,6.47145287924521,4.25719883243476,4.25719883243476,4.25719883243476,4.69306081099386,6.47145287924521,4.25719883243476,4.25719883243476,4.25719883243476,4.25719883243476,6.54051472911016
11.257102334006,9.16232638466037,7.54076430669836,12.8221944846278,10.0941333962265,9.45645513363768,12.1531152920149,10.6108410312348,9.1790190316527,11.6521703423679,9.53547062107818,12.7676840874063,11.5999138412374,12.9689486863493,5.18469075355344,5.745190179919,7.60707322595124,10.3613241521496,11.9374530617847,10.3613241509111,5.75717281543378,4.84910917481652,15.6032921226844,13.9417077659702,13.9417077659702,10.1555518737516,5.63816996008056,3.11447223995381,10.1555518738327,38.8884471432816,4.36292189118516,19.2290511483605,6.22630937134466,6.45233285717959,6.83114519527646,4.36292189118516,6.45233285717959,4.36292189118516,3.86556537286837,6.45233285717959,4.36292189118516,4.36292189118516,4.36292189118516,5.61822202312884,6.45233285717959,4.36292189118516,4.36292189118516,4.36292189118516,4.36292189118516,6.22630937134466
11.70164174683,9.21921775353826,8.10798521363455,13.8965613945402,10.8994989969235,10.046744657017,13.3874384414489,11.5363565849814,10.1255982250399,11.2186280066039,10.3477815769996,14.198395444039,12.6403857691839,14.3535276452,5.30620784701954,5.54965044145006,8.3966707040632,11.4760018286518,12.9848821555454,11.4760018282843,5.51123567986828,5.17003700476995,15.0656169133505,15.2386412060264,15.2386412060264,10.9879504610032,5.31488655055553,2.90427319475869,10.9879504608394,38.6199066611151,4.05267783617945,21.172938011259,6.43999995514767,5.76407462306107,7.28113648856899,4.05267783617945,5.76407462306107,4.05267783617945,3.87636895027523,5.76407462306107,4.05267783617945,4.05267783617945,4.05267783617945,4.86612534933628,5.76407462306107,4.05267783617945,4.05267783617945,4.05267783617945,4.05267783617945,6.43999995514767
11.0174974024672,8.95706857907846,7.75495862682046,13.1073090163569,10.4476667953516,9.35229113921219,12.3200694360519,10.4973024508657,9.52489573789388,10.8455387167383,9.85062547360084,12.7400586296865,11.5123773623953,12.9519524295424,5.02190749922541,5.57517402059145,7.60323707978522,10.8106238355654,11.8415052983872,10.810623835662,5.57043567639881,4.6619513314,14.5004304862619,13.880534076597,13.880534076597,10.7874034133949,5.77477545275223,3.20577141286675,10.7874034134821,39.897924603858,4.4977909827732,19.1095901584809,5.94355618702991,6.12642290885183,6.56849432041726,4.4977909827732,6.12642290885183,4.4977909827732,3.504670918563,6.12642290885183,4.4977909827732,4.4977909827732,4.4977909827732,5.23736084578847,6.12642290885183,4.4977909827732,4.4977909827732,4.4977909827732,4.4977909827732,5.94355618702991
11.3915165000031,9.38222839356857,8.00369032745623,13.7388384366537,10.8874135633734,9.90574023358039,13.0066292234134,11.2175822239718,9.84798475769025,10.8869792807787,10.1924989863538,13.6540057234062,12.2499147007086,13.8577334394068,5.3451276105124,5.63098611874247,8.15156566525692,11.1815921358345,12.6252534545928,11.1815921359798,5.80324349053444,5.17084931829234,14.6067166520827,14.7877626653705,14.7877626653705,10.8696847557462,5.68573204551377,3.16409564839405,10.8696847557399,37.963391105946,4.43937367808024,20.4365153913479,6.39177645014067,6.36161650311731,7.29119390601507,4.43937367808024,6.36161650311731,4.43937367808024,3.58331033810843,6.36161650311731,4.43937367808024,4.43937367808024,4.43937367808024,4.96205668986975,6.36161650311731,4.43937367808024,4.43937367808024,4.43937367808024,4.43937367808024,6.39177645014067
11.0877093333604,9.19344715478774,7.50355639424482,13.366318323965,10.51608823987,9.64916927979408,12.5376026013838,11.0257900674828,9.27221608571204,10.865473385306,9.52926964582448,13.2671612044995,12.0426032644656,13.4351831049,5.22251142301417,5.42204769611372,7.56801909052039,10.4913580702494,12.3327577980852,10.4913580695934,5.31907017760716,5.07081040718086,14.5295292585876,14.5162871689501,14.5162871689501,10.252060078951,5.30577786066823,2.93419672627096,10.2520600789024,38.9544181496131,4.11752216401913,20.1212478402776,5.9065528620345,5.74783050568925,7.1528923282288,4.11752216401913,5.74783050568925,4.11752216401913,3.70191765446279,5.74783050568925,4.11752216401913,4.11752216401913,4.11752216401913,5.05297682408891,5.74783050568925,4.11752216401913,4.11752216401913,4.11752216401913,4.11752216401913,5.9065528620345
11.6973535727267,9.36752963714308,7.91970191642171,13.8835537489007,10.7847095183226,10.1494052158146,13.2008809775007,11.5678831520356,9.74748047264729,11.3436511444146,10.1068775165084,14.1685999921491,12.7520911438047,14.3069069364534,5.08284654642169,5.53909138149346,8.0668528530762,11.0469915678496,13.0750024685895,11.0469915664499,5.70359398241605,4.88781819297936,15.2286792762607,15.3938477161864,15.3938477161864,10.6297366729596,5.31289592307257,2.87383908293722,10.629736673384,41.6979789817698,4.0185489696481,21.3975248780511,6.24106328324626,6.51870562105192,6.88587223325695,4.0185489696481,6.51870562105192,4.0185489696481,3.73378643361663,6.51870562105192,4.0185489696481,4.0185489696481,4.0185489696481,4.87610748440923,6.51870562105192,4.0185489696481,4.0185489696481,4.0185489696481,4.0185489696481,6.24106328324626
11.2625049099418,9.23016369429503,7.50049846111285,13.3902699978267,10.0487974718879,10.293728346821,12.9995207193654,11.8453160638965,9.16443951796516,10.5578009506361,9.43901330668618,14.0509856053584,12.9709755813198,14.2702755162716,5.58397850319191,5.49864055617614,7.73319308411037,10.3394175162913,13.2378270331999,10.3394175166172,5.58831341442816,5.33306871319665,14.1058015989061,15.6450933564343,15.6450933564343,9.9828789130335,5.50632601015724,3.33071022271126,9.98287891303695,41.4396675266559,4.6696176457999,21.6277808774453,6.01735994199378,5.97273504142794,7.51674342144868,4.6696176457999,5.97273504142794,4.6696176457999,3.90313681226491,5.97273504142794,4.6696176457999,4.6696176457999,4.6696176457999,5.54568039626405,5.97273504142794,4.6696176457999,4.6696176457999,4.6696176457999,4.6696176457999,6.01735994199378
11.1748096884263,9.10132881120937,7.39876788921929,13.1571422609755,9.94899196759981,10.0721153797169,12.6661026766064,11.4613099439281,8.9704544239308,10.8676703393522,9.36490148287874,13.603922941599,12.5126253356915,13.796704749532,5.40634835663487,5.49328161476038,7.45639017918262,10.1422802928788,12.7803326763708,10.1422802929062,5.61163437186766,5.29795353556931,14.5066715690137,15.107243851403,15.107243851403,9.85050343279026,5.46324891757246,3.09129141882144,9.85050343274458,35.4887123440266,4.32338763614155,20.9249948761837,5.79374608828759,6.4970462415752,7.46444480074783,4.32338763614155,6.4970462415752,4.32338763614155,3.64351363486207,6.4970462415752,4.32338763614155,4.32338763614155,4.32338763614155,5.0553005143891,6.4970462415752,4.32338763614155,4.32338763614155,4.32338763614155,4.32338763614155,5.79374608828759
11.3257541836206,8.97849905503843,7.88554546424554,12.8855243133779,10.3631842914968,9.33427899431312,12.3908184451672,10.5171724658485,9.65196622241233,11.5430660096935,10.0233800912319,12.7999597521626,11.4169642429316,13.0055145395952,5.30868661896084,5.7747394424748,8.00418251197209,10.9301376356454,11.8241307782734,10.9301376353703,5.91645077048175,5.08267696962115,15.4959185688396,13.7259658616433,13.7259658616433,10.6710565120314,5.28081041061047,3.09575688036116,10.6710565121412,37.2202918591039,4.34817674120396,18.91679281225,6.52933665475879,6.59342830145864,7.16990439777165,4.34817674120396,6.59342830145864,4.34817674120396,3.77241912128966,6.59342830145864,4.34817674120396,4.34817674120396,4.34817674120396,5.31551908639519,6.59342830145864,4.34817674120396,4.34817674120396,4.34817674120396,4.34817674120396,6.52933665475879
11.3715807050007,8.96634745466924,7.55372666196496,13.4742971775119,10.4781340393648,9.88477483412408,12.7286039889335,11.3222995366078,9.26655570245052,11.2636932713128,9.55890505362701,13.580355591799,12.4049790819375,13.7968619784711,5.30943809988215,5.44242829446922,7.71921880408457,10.5007797880147,12.7128811502346,10.5007797870599,5.51858489329793,5.07779769349833,15.2090052045925,14.9827126847988,14.9827126847988,10.2153738733743,5.45740590543891,3.25974632134578,10.2153738733743,40.9022814596123,4.55945197337019,20.6926591044975,5.98997941936829,5.89029279744137,7.14884860545607,4.55945197337019,5.89029279744137,4.55945197337019,3.56013910994656,5.89029279744137,4.55945197337019,4.55945197337019,4.55945197337019,4.86839374198858,5.89029279744137,4.55945197337019,4.55945197337019,4.55945197337019,4.55945197337019,5.98997941936829
11.0190406253603,8.85793347402648,7.77698410998297,13.3724212432759,10.6784000166079,9.59418789247393,12.5041836811075,10.8466457794925,9.50667456983256,10.6389162841737,9.83384880029712,13.174910725145,11.8625333588429,13.4178296381464,5.30801498950746,5.62943475447399,8.0191108147049,10.7585252987157,12.2039468052316,10.7585252989744,5.78245302845782,4.94568987311155,14.2151969248544,14.2815086421472,14.2815086421472,10.3692191217913,5.65318449115904,3.33844739244811,10.3692191217913,37.5763193737318,4.67051487616419,19.6497060074555,6.23771731637969,6.29178050509893,6.96022707174147,4.67051487616419,6.29178050509893,4.67051487616419,3.77697865912682,6.29178050509893,4.67051487616419,4.67051487616419,4.67051487616419,4.733841950827,6.29178050509893,4.67051487616419,4.67051487616419,4.67051487616419,4.67051487616419,6.23771731637969
10.661087070891,9.37056972759887,7.59036204721383,12.9323321519859,10.3681661936805,9.34865633348072,12.1204039971786,10.4536958014962,9.27047663279839,10.2990009629204,9.63664972351018,12.5596525463848,11.2773630518997,12.7357834746931,5.38890917470168,5.3838826713857,7.58317603294148,10.471165964823,11.5849833499867,10.471165964746,5.63210819059964,5.28595441856792,13.6954656306901,13.5411427795044,13.5411427795044,10.2237903520422,5.54290382315445,2.91638791490379,10.2237903522393,39.8053661243279,4.08762933285576,18.708820104407,5.99363714106405,6.52143906865346,7.45539448688831,4.08762933285576,6.52143906865346,4.08762933285576,3.8507820479278,6.52143906865346,4.08762933285576,4.08762933285576,4.08762933285576,4.98689137431424,6.52143906865346,4.08762933285576,4.08762933285576,4.08762933285576,4.08762933285576,5.99363714106405
11.0128476226762,9.19957232412354,7.73095284762997,13.2083029876478,10.4846981125611,9.6641190755875,12.4337396119835,10.8093195463203,9.38901883692444,10.6336391095179,9.79525585210059,12.9361536170835,11.7410088199304,13.1783846159358,5.41882698198985,5.67822190943583,7.80043190185375,10.6439490805414,12.1333591119011,10.6439490798187,5.95220617295518,5.20219260797961,14.2340958800737,14.1570098014075,14.1570098014075,10.4811939596216,5.94317569178712,3.30595524724065,10.4811939594097,38.7165458869378,4.64170582995818,19.4760193096164,6.38971678009096,6.62664607652264,7.33584166627306,4.64170582995818,6.62664607652264,4.64170582995818,3.56789215436046,6.62664607652264,4.64170582995818,4.64170582995818,4.64170582995818,5.61149777313798,6.62664607652264,4.64170582995818,4.64170582995818,4.64170582995818,4.64170582995818,6.38971678009096
11.4316598744673,9.27861514538196,7.78324930454129,13.2635214275569,10.395049127682,9.68118199081665,12.6317492990516,10.9268437782312,9.55200781404678,11.431533370026,9.89334132990884,13.3611439537213,12.0374449295052,13.5555739324356,5.00011402104922,5.56272236734342,7.94047530121222,10.8368772214312,12.417183720103,10.8368772212167,5.74953067693773,4.65310349119155,15.4464925114224,14.5272664014697,14.5272664014697,10.562378892351,5.70192828313092,3.15326207954627,10.5623788921919,40.6600370177096,4.41261365588656,20.0655221953885,6.36380737470289,6.26114335131171,6.5488778038228,4.41261365588656,6.26114335131171,4.41261365588656,3.55581565071451,6.26114335131171,4.41261365588656,4.41261365588656,4.41261365588656,4.73842981921988,6.26114335131171,4.41261365588656,4.41261365588656,4.41261365588656,4.41261365588656,6.36380737470289
11.0516979748214,9.04921094514002,7.46789375802313,12.733016896962,9.97326165985833,9.31351111839344,12.1983397318147,10.5415993057029,9.2392983124715,11.1946537122266,9.49917972601214,12.8654737558456,11.5864911267049,13.036752937127,4.85899143212913,5.64475204594603,7.68070142312583,10.4647929743855,11.9810797904589,10.4647929745191,5.45766468306038,4.59083532503089,14.9953610227434,13.9616314509686,13.9616314509686,10.2104163658968,5.46229696606909,2.87504722042598,10.2104163658968,37.9250227781219,4.01800448832244,19.3317894178547,6.38812663294478,5.69261364138155,6.46267153912778,4.01800448832244,5.69261364138155,4.01800448832244,3.59418610812096,5.69261364138155,4.01800448832244,4.01800448832244,4.01800448832244,4.87278750892707,5.69261364138155,4.01800448832244,4.01800448832244,4.01800448832244,4.01800448832244,6.38812663294478
11.6170504522209,8.98646579980553,7.83485716766863,13.293957201851,10.3032396709847,9.88215040128802,12.9157878407695,11.2606217991017,9.64871728898452,11.6405216134732,9.95235727519606,13.6090867579031,12.3200339434121,13.8268429451836,5.32281182082496,5.62179435702608,8.00565023494068,10.9547601622315,12.7006941100425,10.9547601621113,5.71209506772631,5.11086934898659,15.7562581576707,14.8827170976598,14.8827170976598,10.71083269815,5.62683487673675,3.25097258247449,10.7108326984205,39.5590890214067,4.55621618225674,20.5480425246758,6.39867725051151,6.01515733815743,7.20182467466148,4.55621618225674,6.01515733815743,4.55621618225674,3.51720720643224,6.01515733815743,4.55621618225674,4.55621618225674,4.55621618225674,4.68109718710086,6.01515733815743,4.55621618225674,4.55621618225674,4.55621618225674,4.55621618225674,6.39867725051151
11.1858300569122,9.3157361651886,7.82102076626412,13.2463464631323,10.342831328611,9.82287819877173,12.7833882903931,11.1152506200426,9.64505270342357,10.8562646975163,9.90941094373311,13.353297641278,12.0637851971618,13.5760360558365,5.55492745654929,5.75189954361918,7.98650225713085,10.9219663946177,12.4151507397788,10.9219663942839,5.6479397511562,5.38656126070615,14.4696704271842,14.5324155577137,14.5324155577137,10.660460359649,5.93974138358241,3.25273587840131,10.6604603596491,39.3090973436423,4.55326707583096,20.0403966177306,6.32804015373097,5.90939115264452,7.58967303601378,4.55326707583096,5.90939115264452,4.55326707583096,3.77295388215868,5.90939115264452,4.55326707583096,4.55326707583096,4.55326707583096,4.8402981576949,5.90939115264452,4.55326707583096,4.55326707583096,4.55326707583096,4.55326707583096,6.32804015373097
12.0185416109791,8.90153647187184,7.7398345207751,13.9959719458577,10.6924653950736,10.4146642726917,13.3000735028206,11.9269060013226,9.52541646622502,12.1730720918756,9.79559656698884,14.3636172241025,13.1517539130481,14.5779438355781,5.32843743755469,5.94946775526124,8.08765049037467,10.8095978075594,13.5278502869294,10.8095978071238,5.72840427784213,5.02925194147681,16.4215129592836,15.9141681307673,15.9141681307673,10.4756202436913,5.96662446632878,3.40125040970102,10.4756202443676,39.2102758705424,4.76103394019345,21.9960052319075,6.51928705353712,5.7684833782876,7.07945786247938,4.76103394019345,5.7684833782876,4.76103394019345,3.51991619262145,5.7684833782876,4.76103394019345,4.76103394019345,4.76103394019345,4.9652879899795,5.7684833782876,4.76103394019345,4.76103394019345,4.76103394019345,4.76103394019345,6.51928705353712
11.6394585640328,8.77371731677323,7.77649868076673,13.5166725551671,10.6475400591533,9.70822209692047,12.748308907102,11.012948106307,9.6367321010416,11.8732576018829,9.90068797001522,13.5947591009421,12.107248064845,13.7806434551474,5.04536014464283,5.48126589909702,8.16625619872499,10.9302180913927,12.4614722045619,10.9302180904032,5.50056650776219,4.7765366189604,16.0901092739738,14.6071611677204,14.6071611677204,10.3783774428105,5.68290471018557,3.01444238940042,10.3783774424464,41.1968586489905,4.23403005102699,20.2197358899673,6.2571258626484,5.80433009411747,6.73691807414054,4.23403005102699,5.80433009411747,4.23403005102699,3.6128726393385,5.80433009411747,4.23403005102699,4.23403005102699,4.23403005102699,4.77667701004483,5.80433009411747,4.23403005102699,4.23403005102699,4.23403005102699,4.23403005102699,6.2571258626484
11.4132742094915,8.94108476751606,7.7482678012811,13.3299105788274,10.5128301032574,9.6454776868076,12.5502605017118,10.9113185881152,9.4797872765974,11.4201519321301,9.81212562762929,13.488373429271,12.0161597425851,13.7025080155262,5.09182371850101,5.57810953529005,8.2205074073778,10.7399953798978,12.3510052715708,10.7399953799393,5.72308603644995,4.66376794532041,15.3966974805602,14.4873377034028,14.4873377034028,10.0622883126132,5.66572280540292,3.29532545052135,10.0622883126359,34.3247349369921,4.61407061516437,19.9610652362037,6.15607819226619,6.25086521298143,6.56301117189277,4.61407061516437,6.25086521298143,4.61407061516437,3.66282549806793,6.25086521298143,4.61407061516437,4.61407061516437,4.61407061516437,5.57752829752423,6.25086521298143,4.61407061516437,4.61407061516437,4.61407061516437,4.61407061516437,6.15607819226619
11.806487779338,9.15332690479123,7.54319131431541,13.3812491272863,9.98839757098205,10.3070613657491,12.9616056452436,11.7007970364984,9.18044892174029,11.9515808718056,9.58403445774529,14.0477900983898,12.8517449559004,14.2044138554327,5.24927243270931,5.38059819130173,7.62540021654484,10.3749123902916,13.107419168466,10.374912390793,5.62514596573057,5.12475233528336,16.1359017232313,15.5131707454387,15.5131707454387,9.9723875482132,5.54980873286905,2.88835001313783,9.97238754861715,39.6262495489135,4.03827729319225,21.5633782563507,5.84088891089276,6.67106899069396,7.2216089856905,4.03827729319225,6.67106899069396,4.03827729319225,3.76888080693914,6.67106899069396,4.03827729319225,4.03827729319225,4.03827729319225,5.12554617439208,6.67106899069396,4.03827729319225,4.03827729319225,4.03827729319225,4.03827729319225,5.84088891089276
10.6999053295037,9.01252942696991,7.38542439326293,12.7884891805022,10.0056269986932,9.50422074823471,12.237359140909,10.7698914337798,9.064034545523,10.3976997190204,9.36478949025241,12.9158349543747,11.6480600397033,13.0972304464301,5.40252444754457,5.59575950832599,7.66390777511347,10.2535373387323,11.9982694665885,10.2535373379213,5.50399397193466,5.34998354085389,13.7981369148574,14.0327047300399,14.0327047300399,9.86620741949448,5.47941960295404,2.98307090074128,9.86620742041361,39.6482496156745,4.17685741500299,19.4028878528904,6.16774224108136,5.94932971282072,7.54291895571782,4.17685741500299,5.94932971282072,4.17685741500299,3.63582182065341,5.94932971282072,4.17685741500299,4.17685741500299,4.17685741500299,4.82560818599801,5.94932971282072,4.17685741500299,4.17685741500299,4.17685741500299,4.17685741500299,6.16774224108136
11.1806040634926,8.97669148231242,7.62400606210779,12.6456965705974,10.0284544776111,9.32883294004807,12.1103787743055,10.4491629452824,9.24711323321143,11.5404623667421,9.65599894706385,12.7164638572134,11.3937758763139,12.9549709223083,5.19451176621058,5.97512286601901,7.95472879122394,10.4916215733967,11.8291772296305,10.4916215733019,5.96431031868882,4.87727491005691,15.4565719689431,13.7416935256094,13.7416935256094,10.108640943277,5.67999340399613,3.32536704730741,10.1086409432663,38.9527365195809,4.6731011711611,18.8624778494261,6.49183335340679,6.53728778569984,6.87741973471911,4.6731011711611,6.53728778569984,4.6731011711611,3.43674894067904,6.53728778569984,4.6731011711611,4.6731011711611,4.6731011711611,5.60550958539257,6.53728778569984,4.6731011711611,4.6731011711611,4.6731011711611,4.6731011711611,6.49183335340679
11.7165488300274,8.93416220638414,7.77668050170753,13.7814344035422,10.5773413695199,10.3163135727488,13.1267278868066,11.7351540989086,9.44438672582343,11.5492969260728,9.86085111208724,14.2474661682549,12.8975215148497,14.4713500282278,5.35163765397863,5.78205387249387,8.22719817818394,10.7197907667326,13.2516320323447,10.7197907669268,5.94622622425298,5.10411581753795,15.5414894348235,15.6052331528787,15.6052331528787,10.0882214797295,5.72468249697786,3.34313625120643,10.0882214796199,41.3694662898369,4.6971028944416,21.5646254841122,6.30880514607333,6.64895169998666,7.19830890053063,4.6971028944416,6.64895169998666,4.6971028944416,3.46996948913928,6.64895169998666,4.6971028944416,4.6971028944416,4.6971028944416,4.8427819934622,6.64895169998666,4.6971028944416,4.6971028944416,4.6971028944416,4.6971028944416,6.30880514607333
11.4609049840314,8.68266353310566,7.76522541839259,13.545110254803,10.5801103988352,9.86376436863261,12.8298004525635,11.2146060493818,9.58544337597086,11.3022949475506,9.85621999198148,13.8155056753318,12.3784983815098,13.988350793921,5.0524266670101,5.72798015591399,8.2195252130449,10.8491447306211,12.7471217570811,10.8491447318564,5.66954391944646,4.67592349980027,15.1508247815157,14.9214799840254,14.9214799840254,10.2808694970208,5.65716003872325,3.09094891530928,10.2808694969494,37.1334729025908,4.33303692603781,20.6526063075567,6.49500598007047,5.95571449272404,6.58770591163074,4.33303692603781,5.95571449272404,4.33303692603781,3.79569393233716,5.95571449272404,4.33303692603781,4.33303692603781,4.33303692603781,4.96270322769904,5.95571449272404,4.33303692603781,4.33303692603781,4.33303692603781,4.33303692603781,6.49500598007047
11.6250813487661,9.19336722399095,8.09279707760854,13.6669859751319,10.6886090327285,9.89987176821899,13.1773821326988,11.3464094412523,10.0521001438594,11.2809554262297,10.2713681303899,13.9153488067546,12.4668831470475,14.1327022120703,5.31609104951527,5.53946093917316,8.24468096931579,11.391878895405,12.73238854579,11.3918788962027,5.44137485424411,4.9545554364242,15.1372677603082,15.0241165353786,15.0241165353786,10.9893829070239,5.55055534700274,3.28694259630523,10.9893829066669,36.7737382249584,4.60639807426367,20.7417457852723,5.90942563634107,5.71714314163977,6.97915195197114,4.60639807426367,5.71714314163977,4.60639807426367,3.85408500728972,5.71714314163977,4.60639807426367,4.60639807426367,4.60639807426367,5.07228131560422,5.71714314163977,4.60639807426367,4.60639807426367,4.60639807426367,4.60639807426367,5.90942563634107
11.0318011869629,8.99222687422182,7.87273319252902,13.1119794148637,10.412581137197,9.44793710787088,12.4898250737164,10.6219410924411,9.66964909360065,10.6316879061281,10.0065771413325,13.1923291799443,11.685231869378,13.4022314497163,4.99052846407728,5.6675558393656,8.22601279702235,10.9806345487654,12.0843612431995,10.9806345493518,5.78242156440285,4.58095189549266,14.2302479426989,14.0955523647332,14.0955523647332,10.4933554162563,5.75471650667591,3.24465669764987,10.4933554167272,40.9377630879601,4.5561862517612,19.405959196072,6.38289183740743,6.22960866697117,6.45559702792906,4.5561862517612,6.22960866697117,4.5561862517612,3.50452914844911,6.22960866697117,4.5561862517612,4.5561862517612,4.5561862517612,4.72631867951985,6.22960866697117,4.5561862517612,4.5561862517612,4.5561862517612,4.5561862517612,6.38289183740743
11.167515131938,9.13451341961667,7.95317712042409,13.3589200560939,10.5244627056965,9.65330651099559,12.9498975959009,11.0690618464384,9.9134395193113,10.4328521949724,10.141354244337,13.4698177680597,12.1763931399334,13.6508347343137,5.04450384305278,5.79215526795469,7.94780947103706,11.2460537992694,12.5879446800555,11.2460537991053,5.58498894678296,4.77740617141313,13.8324641615558,14.6822749140982,14.6822749140982,11.2142423605502,5.21539557464546,2.97550620071049,11.2142423599232,37.9525577937127,4.16643442690328,20.3420453953815,6.65174274975532,5.65430786587785,6.73061727379192,4.16643442690328,5.65430786587785,4.16643442690328,3.69865014685753,5.65430786587785,4.16643442690328,4.16643442690328,4.16643442690328,5.02675526868655,5.65430786587785,4.16643442690328,4.16643442690328,4.16643442690328,4.16643442690328,6.65174274975532
11.6979774050661,9.62239931834111,8.12007431936763,13.67548915705,10.8055254608232,9.88499241972921,13.1264184208521,11.2162120565773,10.01452091055,11.4939577359378,10.3888503502154,13.7872899109919,12.2391059246219,13.949340455785,5.27235122372932,5.56286980445451,8.18657968058372,11.370239226463,12.5597969350302,11.3702392265941,5.69461485291933,5.20114898120488,15.4227525666096,14.7667580001004,14.7667580001004,10.9589092137748,5.26469302894387,2.87455432819569,10.9589092138902,39.2401176950255,4.03115696494866,20.4904122731737,6.0959631051853,6.62374640298084,7.33690130676377,4.03115696494866,6.62374640298084,4.03115696494866,3.64852574233422,6.62374640298084,4.03115696494866,4.03115696494866,4.03115696494866,5.25141166968971,6.62374640298084,4.03115696494866,4.03115696494866,4.03115696494866,4.03115696494866,6.0959631051853
11.5535181928527,9.32052874130172,7.88534625213189,13.6027845997083,10.6727448345875,9.87547249730039,12.8770939167125,11.1937084603109,9.67599344525872,11.3799604393994,10.0313498619526,13.5936302296339,12.3000070660748,13.764280423919,5.15313118761149,5.56983011676479,7.80493484581702,10.9575515517382,12.590373048552,10.9575515515752,5.66617673518561,4.88586206081701,15.2424806175775,14.8261297827349,14.8261297827349,10.7574846754597,5.46156178772292,3.03711227667813,10.7574846756146,37.401896385612,4.24694689444316,20.5325761195756,5.99681357713526,6.50516923916543,6.87993239149476,4.24694689444316,6.50516923916543,4.24694689444316,3.78065766129764,6.50516923916543,4.24694689444316,4.24694689444316,4.24694689444316,5.60308467546917,6.50516923916543,4.24694689444316,4.24694689444316,4.24694689444316,4.24694689444316,5.99681357713526
11.3291236907387,9.26725801268747,7.83834227497844,13.1457784037626,10.5983641325228,9.35167506990898,12.3331637610974,10.4427280775448,9.60185786474929,11.6371578631381,9.96653861284816,12.9023134524427,11.4170306675699,13.1291214407184,5.08616438118804,5.87000638138146,8.20129570416122,10.9052158664247,11.8646556514152,10.9052158663899,5.8955244549695,4.76797136758101,15.6529712187756,13.7670533412651,13.7670533411847,10.4567687721943,5.84765620038114,3.22043902838321,10.4567687723818,35.1630673443359,4.52075808460915,18.9374677137337,6.57799918481632,6.36899676073147,6.72035198444293,4.52075808460915,6.36899676073147,4.52075808460915,3.46490934915797,6.36899676073147,4.52075808460915,4.52075808460915,4.52075808460915,5.02082543242963,6.36899676073147,4.52075808460915,4.52075808460915,4.52075808460915,4.52075808460915,6.57799918481632
10.9616139056713,9.06446296645035,7.4805557538584,13.2821263733609,10.392264198154,9.8155260592114,12.4763045392219,11.1045424552641,9.1419896629539,10.5486065934146,9.45036637064747,13.2382757954762,12.0931020249696,13.4286632771535,5.43501068812134,5.50011916245693,7.67455234796844,10.3137234666506,12.4355736002451,10.3137234666284,5.69842076249267,5.23898816409933,14.114718901492,14.5532215130191,14.5532215130191,10.0425616493394,5.72742530394301,3.10604888464286,10.0425616488796,40.2377872020482,4.34943123489643,20.1172333131178,6.35392373482279,6.17462759410689,7.38365325831305,4.34943123489643,6.17462759410689,4.34943123489643,3.89622930707507,6.17462759410689,4.34943123489643,4.34943123489643,4.34943123489643,5.06551846782808,6.17462759410689,4.34943123489643,4.34943123489643,4.34943123489643,4.34943123489643,6.35392373482279
11.1995372958627,8.59923014429415,7.32171460172755,13.2424728309623,10.3498500691962,9.54293996308502,12.2766712949495,10.8111468038928,9.0405206591165,11.342050070998,9.30600096473471,13.127953476994,11.8859522680829,13.2991284863023,4.90927847632668,5.19229032968039,7.48371866668998,10.241580408647,12.1684674453903,10.2415804087542,5.18705444538791,4.68858170695393,15.3362878461616,14.3455259707199,14.3455259707199,9.89013748134466,5.63431280792496,2.88062421411052,9.89013748169877,37.647865101511,4.04221635935895,19.8802503881956,5.71310195796233,5.63363251538538,6.61144341618615,4.04221635935895,5.63363251538538,4.04221635935895,3.50027004639742,5.63363251538538,4.04221635935895,4.04221635935895,4.04221635935895,5.45692204071066,5.63363251538538,4.04221635935895,4.04221635935895,4.04221635935895,4.04221635935895,5.71310195796233
11.6308720954182,8.868716203961,7.77191962482886,13.7480294096926,10.4248677772764,10.4076184596902,13.3239472400163,11.9003534787016,9.59987978814168,11.2190766933691,9.85009003224182,14.3522281598872,13.0178123699251,14.5477207615608,5.5481765155063,5.83033365640877,8.22894241476571,10.8840734361391,13.3860364237847,10.8840734364326,5.6600691582842,5.41228148469778,15.0273129589581,15.7352280353773,15.7352280353773,10.3836501794709,5.98783382575997,3.27728842259185,10.3836501793066,36.6264634828886,4.58265881694663,21.7751872360013,6.51139829628917,5.71924998677272,7.62271483473156,4.58265881694663,5.71924998677272,4.58265881694663,3.63863931100129,5.71924998677272,4.58265881694663,4.58265881694663,4.58265881694663,5.01583532799561,5.71924998677272,4.58265881694663,4.58265881694663,4.58265881694663,4.58265881694663,6.51139829628917
11.3581594117151,9.11380110149754,7.90075614540903,13.6678478876788,10.64825464691,10.040069642792,13.1490392053347,11.5182223823473,9.76300927909829,10.6500398308147,10.0475214050326,13.8753094294897,12.5659120911444,14.0509834864776,5.47251258278495,5.47433780785533,7.92525608087096,11.0554750666047,12.8597352308843,11.0554750663576,5.55015130088662,5.35087520815124,14.2210722118071,15.1517729432249,15.1517729432249,10.8052990235772,5.25697801920763,3.04578438829107,10.8052990238693,38.5359869314271,4.27433032021239,20.9967916650755,6.08252499723085,6.09465689405686,7.54866923177364,4.27433032021239,6.09465689405686,4.27433032021239,3.81993096529489,6.09465689405686,4.27433032021239,4.27433032021239,4.27433032021239,5.10868063655504,6.09465689405686,4.27433032021239,4.27433032021239,4.27433032021239,4.27433032021239,6.08252499723085
10.8820810204605,8.78429527992183,7.61970837157149,12.918634803295,10.2862824464866,9.26173452712744,12.2005090461271,10.436305110706,9.39274690007051,10.6902260706804,9.68698225437733,12.8433030655938,11.3700780628093,13.0267892917961,5.11894935777687,5.34425791465938,7.86086719528639,10.6366799949296,11.6570730649747,10.636679994647,5.37105667293695,4.90595556625324,14.2930512419212,13.6812517150298,13.6812517150298,10.1154100454292,5.49494917262295,2.96661080104593,10.1154100454196,37.3084179874294,4.15924963473227,18.8948715943138,5.77139477025514,5.99470470208115,6.91640790500332,4.15924963473227,5.99470470208115,4.15924963473227,3.67068956015567,5.99470470208115,4.15924963473227,4.15924963473227,4.15924963473227,5.42872700815337,5.99470470208115,4.15924963473227,4.15924963473227,4.15924963473227,4.15924963473227,5.77139477025514
11.627105402463,9.11221415116615,7.75954971152084,13.2044997254567,10.3165826797097,9.77278917595475,12.713962048773,11.1253604831613,9.52808810910687,12.0040240252966,9.82685559303948,13.5375064112537,12.1574247455138,13.7399978165439,5.37312941862651,5.84488355789828,8.12822330188615,10.7709694536803,12.4989321416999,10.7709694533502,5.72725135532345,5.09823752844066,16.1087708697538,14.6345223535069,14.6345223535069,10.2472292543158,5.45664763864217,3.17146865578947,10.2472292547932,40.953378731435,4.45240499543507,20.2115936919264,6.352137029358,6.18304873140868,7.18983018524427,4.45240499543507,6.18304873140868,4.45240499543507,3.88498316023871,6.18304873140868,4.45240499543507,4.45240499543507,4.45240499543507,4.77467218691822,6.18304873140868,4.45240499543507,4.45240499543507,4.45240499543507,4.45240499543507,6.352137029358
10.9600451565813,8.98793588210577,7.76316120301301,13.4248317221845,10.7481998591723,9.56614431022376,12.7127392552856,10.9311913498352,9.63649461854816,10.3250003362574,9.91154263402037,13.4656196532784,11.8776392342299,13.612271978362,5.26888760131999,5.63148924982791,8.24791149693386,10.9340954341497,12.2926791222405,10.9340954321514,5.56580746452351,5.24964663978541,13.7323479804253,14.3260655018081,14.3260655018081,10.3251582616228,5.12725387102108,2.84007837601882,10.3251582607412,34.1094620554418,3.96968168760006,19.8664552745349,6.54836504534872,5.85615215048827,7.39898650900947,3.96968168760006,5.85615215048827,3.96968168760006,3.57479167352557,5.85615215048827,3.96968168760006,3.96968168760006,3.96968168760006,4.82625285249256,5.85615215048827,3.96968168760006,3.96968168760006,3.96968168760006,3.96968168760006,6.54836504534872
11.4013380325661,8.98464554102975,7.58025154735444,13.1124891079238,10.465356482903,9.42769336554412,12.2504859531873,10.5867184420799,9.3293245567211,11.8619454538672,9.62827051114121,12.9131581954745,11.5594062089239,13.0784352474024,5.11841576399425,5.59583230458803,7.86658526500392,10.5384708840069,11.9465726997987,10.5384708844372,5.6589852466403,4.88508728220183,16.0054790047318,13.891136328975,13.891136328975,10.1478131103978,5.63473921641405,2.86768018173905,10.1478131105153,40.4467605368804,4.02167384689626,19.2290533319997,6.50055664614753,6.13522246514411,6.88890118761934,4.02167384689626,6.13522246514411,4.02167384689626,3.868174568584,6.13522246514411,4.02167384689626,4.02167384689626,4.02167384689626,5.63708990569379,6.13522246514411,4.02167384689626,4.02167384689626,4.02167384689626,4.02167384689626,6.50055664614753
11.8117558320047,8.72069467526948,7.70438169310201,13.5443860646571,10.3003063297276,10.1687582323215,13.1020069368936,11.6551517793455,9.50875993427332,11.8156387854434,9.79249875921037,14.1086104155257,12.8644055440393,14.2675505054421,5.11080155120325,5.59045100864228,7.87085168015217,10.7446817078885,13.1837655650482,10.7446817076003,5.58741949966489,4.86302979255854,15.9026881317212,15.5112845208564,15.5112845208564,10.4144772518661,5.29021250516946,2.88254022824998,10.4144772518657,38.3472878597499,4.02242734268937,21.5668389437843,6.34413899429458,6.10158412940914,6.84564064844969,4.02242734268937,6.10158412940914,4.02242734268937,3.91374908489832,6.10158412940914,4.02242734268937,4.02242734268937,4.02242734268937,4.99949675437559,6.10158412940914,4.02242734268937,4.02242734268937,4.02242734268937,4.02242734268937,6.34413899429458
11.5420423443716,9.35550762972203,7.9175260131801,13.491297931616,10.5163317432309,9.93219490476587,12.921394049949,11.2159012504432,9.71631538578074,11.3870508893361,10.0743052349676,13.7208118942708,12.2726620466733,13.9157385831753,5.28532024221251,5.5438370801526,8.13930994210977,11.0162297797414,12.5900127578356,11.0162297797431,5.71649720579301,5.08462187643778,15.3140239796092,14.80429232371,14.80429232371,10.5227484098781,5.73261048729997,3.10617856981726,10.5227484098589,37.0713006017114,4.34964789129302,20.4804112705422,6.10034339653422,6.47314208111092,7.16462190419097,4.34964789129302,6.47314208111092,4.34964789129302,3.68121058068426,6.47314208111092,4.34964789129302,4.34964789129302,4.34964789129302,4.88416687073821,6.47314208111092,4.34964789129302,4.34964789129302,4.34964789129302,4.34964789129302,6.10034339653422
11.8416587894076,8.82832810959341,7.82498787197319,13.5928505846285,10.3469989064522,10.2215292058423,13.2008988658617,11.6715211917182,9.59431654774401,11.7618341424196,9.97932259721136,14.3569928389263,12.8631782389193,14.5263989158926,5.11510043421543,5.69100983931737,8.2949603381484,10.8987203413564,13.2207314419442,10.8987203413164,5.77170716122089,4.94113283862467,15.8474567764184,15.5656454096082,15.5656454096082,10.1946000093032,5.3889427877745,3.03456883461606,10.1946000092449,40.624647671371,4.25586865295734,21.5983089905525,6.31036321018378,6.48111411063094,6.96618622112378,4.25586865295734,6.48111411063094,4.25586865295734,3.44259981864468,6.48111411063094,4.25586865295734,4.25586865295734,4.25586865295734,4.79839664937827,6.48111411063094,4.25586865295734,4.25586865295734,4.25586865295734,4.25586865295734,6.31036321018378
11.8409959485384,9.20565315634058,7.947527908776,13.9053226009576,10.5932571956496,10.4365840578073,13.433752253464,11.9677097306639,9.75668623202382,11.2975101957066,10.0670736590751,14.3249748603194,13.2158209292803,14.5371602056167,5.33594235888236,5.66534665759538,7.913557052925,11.0432644029825,13.5463215205521,11.0432644021502,5.8463418323425,4.96015055509245,15.204461676657,15.9547495799642,15.9547495799642,10.9769811973638,5.59744334086612,3.30559256160163,10.9769811977875,38.3334083511333,4.6449896433521,22.0813342496199,6.43662685330533,6.28749228143838,6.99498015625534,4.6449896433521,6.28749228143838,4.6449896433521,3.86137005220517,6.28749228143838,4.6449896433521,4.6449896433521,4.6449896433521,5.62550263485511,6.28749228143838,4.6449896433521,4.6449896433521,4.6449896433521,4.6449896433521,6.43662685330533
11.9238323877745,9.05834041273509,7.9428452926277,13.6673171269689,10.4940052685993,10.2090070976609,13.1463281057426,11.536563701751,9.73315130402209,11.915988014131,10.1071549292688,14.0763663583224,12.7533088396579,14.2560685878179,5.07036437869836,5.73855297520047,8.1286684603673,11.0221557127374,13.130423438569,11.0221557127187,5.94737967696587,4.73285347414594,16.0726842764683,15.3861642784102,15.3861642784102,10.6816035606986,5.78970121141167,3.04492706599935,10.6816035606728,35.4297678430262,4.26555019201264,21.3355883327671,6.61539050635855,6.64498941908807,6.66743276674245,4.26555019201264,6.64498941908807,4.26555019201264,3.80473267968665,6.64498941908807,4.26555019201264,4.26555019201264,4.26555019201264,5.14771382084856,6.64498941908807,4.26555019201264,4.26555019201264,4.26555019201264,4.26555019201264,6.61539050635855
11.5928755819307,9.51580945751092,8.03421525443706,13.8689332778718,10.8470472356226,10.0891121624275,13.3112591278541,11.539445662752,9.94655234905993,11.1246950278943,10.2631901792795,14.1346678269316,12.5805382445378,14.3038023464533,5.41574873120453,5.61149901114517,8.27607944671665,11.3056768455583,12.8961681991952,11.3056768453683,5.54318002630128,5.38994127920883,14.8760925392754,15.2079787797972,15.2079787797972,10.7766788366237,5.39088048889889,3.0193205490364,10.7766788364131,40.9402815842731,4.23319173803849,21.0883357004237,6.03152353099572,6.15475916306517,7.60214051083264,4.23319173803849,6.15475916306517,4.23319173803849,3.50392727087048,6.15475916306517,4.23319173803849,4.23319173803849,4.23319173803849,4.77026097787072,6.15475916306517,4.23319173803849,4.23319173803849,4.23319173803849,4.23319173803849,6.03152353099572
11.4190119985822,8.94615230419719,7.82237014088629,13.5301128076881,10.3351261378547,10.1487715913387,13.1538848199943,11.552201103777,9.65341382198838,10.8058629526449,9.97854491421414,13.9586423593926,12.6609017351683,14.1376572498101,5.24804031621119,5.64582841361514,7.92449287772096,10.9677274533604,13.0276005926971,10.9677274536006,5.63865268933572,5.1566680377156,14.4487760804246,15.3149946371549,15.3149946371549,10.7339369728473,5.68384877655603,3.01486161084696,10.7339369728632,36.1190315414274,4.22659475881073,21.2496860656661,6.33235947894036,6.1173090133374,7.27132707513819,4.22659475881073,6.1173090133374,4.22659475881073,3.44795104107252,6.1173090133374,4.22659475881073,4.22659475881073,4.22659475881073,4.96257391254731,6.1173090133374,4.22659475881073,4.22659475881073,4.22659475881073,4.22659475881073,6.33235947894036
11.5378143184339,9.6704388637741,8.11853843063041,13.988794037509,10.939185895497,10.2306130243046,13.3547790762735,11.593497591319,9.97683544542084,10.676393398976,10.3702630052169,14.1066626127118,12.6825048962373,14.2669883866626,5.35459599355826,5.51454298775571,8.15080665810165,11.3282414110963,13.0349633178464,11.3282414112665,5.86727425513204,5.26357203622204,14.3116553471345,15.3204946938579,15.3204946938579,11.0399563185818,5.60801196212537,3.00402764595772,11.039956318975,36.6733979764014,4.21261868711547,21.2527901712763,6.35117495584858,6.72235340410837,7.42364042628521,4.21261868711547,6.72235340410837,4.21261868711547,3.62733303665262,6.72235340410837,4.21261868711547,4.21261868711547,4.21261868711547,5.1265896343447,6.72235340410837,4.21261868711547,4.21261868711547,4.21261868711547,4.21261868711547,6.35117495584858
11.6153953672506,8.96514414980342,7.53004461447927,13.7822980438349,10.5425640085728,10.2804224724924,13.0798901179133,11.7514358292605,9.26394025037526,11.3655754177281,9.59217477200255,14.1055370862077,12.8718306353808,14.2674500940324,5.28778613590871,5.52048064908491,7.80293839586217,10.5128466612699,13.2394004824959,10.5128466613422,5.59211926146867,5.2758442989447,15.3440947493366,15.5782712151109,15.5782712151109,10.154472243977,5.57141219112953,2.92880441164364,10.1544722438532,38.3210959543218,4.10156672635021,21.6465976663774,6.36449103518604,6.04037121173511,7.43896967232266,4.10156672635021,6.04037121173511,4.10156672635021,3.42337697894202,6.04037121173511,4.10156672635021,4.10156672635021,4.10156672635021,5.45013856465157,6.04037121173511,4.10156672635021,4.10156672635021,4.10156672635021,4.10156672635021,6.36449103518604
11.8641857094979,9.21814782606877,7.79213847673286,13.6317641427683,10.3477735383946,10.3483477543268,13.2690358083752,11.8331199941965,9.56287115272808,11.7564298515861,9.92165471493606,14.2367550651061,13.0014942612192,14.3924202009951,5.28950501908273,5.80066128111091,7.92421793305379,10.8187436136292,13.3623532187722,10.8187436136473,5.83380032554239,5.16232391932326,15.7595609392295,15.6925758113963,15.6925758113963,10.5411493180906,5.29669246614014,2.88201782203594,10.5411493185046,34.4388095551376,4.03692841986521,21.8229757913954,6.57096853626496,6.52874372958812,7.27919063980677,4.03692841986521,6.52874372958812,4.03692841986521,3.82784667207118,6.52874372958812,4.03692841986521,4.03692841986521,4.03692841986521,5.09448038638543,6.52874372958812,4.03692841986521,4.03692841986521,4.03692841986521,4.03692841986521,6.57096853626496
11.9791678330206,9.13168747057952,8.06458035889446,14.2981977421003,11.112322143376,10.376966743649,13.5416974813981,11.8503302238337,10.0194791888477,11.6348197256764,10.281031211929,14.4539337915616,13.0589646648508,14.6133527190216,5.23823798533221,5.64581221124234,8.23621347540633,11.3631572241852,13.4124093351062,11.3631572242614,5.64805155901968,5.02016420777274,15.6833825929758,15.7709813590854,15.7709813590854,11.0479536778782,5.78531000939982,3.02332746119059,11.0479536778782,41.4732929415682,4.24258190194589,21.8960208629887,6.50091497618376,5.95317086966626,7.07989370088927,4.24258190194589,5.95317086966626,4.24258190194589,3.76720329685498,5.95317086966626,4.24258190194589,4.24258190194589,4.24258190194589,5.13806281461432,5.95317086966626,4.24258190194589,4.24258190194589,4.24258190194589,4.24258190194589,6.50091497618376
11.2808426698516,8.93981524295052,7.68858083127382,13.4346134795292,10.1713208837191,10.2041242972087,13.0421548542655,11.6914247891425,9.39943979677908,10.5536779883933,9.72923167645599,14.0640101894278,12.8250933860288,14.2535508671141,5.4189731540951,5.41959022074673,7.846983938776,10.6224284132484,13.0700629518107,10.622428413056,5.59569072710156,5.18230603748275,14.0771890691105,15.469141818519,15.469141818519,10.1878319296738,5.37365484068127,3.18475003234293,10.1878319297739,39.2735798045359,4.45968700219696,21.4171428329803,5.82372008110246,6.33482343863663,7.30191593775285,4.45968700219696,6.33482343863663,4.45968700219696,3.85850113193693,6.33482343863663,4.45968700219696,4.45968700219696,4.45968700219696,4.86550366548152,6.33482343863663,4.45968700219696,4.45968700219696,4.45968700219696,4.45968700219696,5.82372008110246
11.0976112593981,8.85523631438159,7.72906895000532,13.2991643242409,10.3738526708832,9.75464722289616,12.6346247326394,11.0834525051225,9.46602774995701,10.6416585232863,9.75783959710675,13.5447547043574,12.1905211779976,13.7692216435823,5.24475536115144,5.60198987928968,8.06860944747085,10.7042977022212,12.4710548195693,10.7042977023869,5.62238143152042,4.79088317041523,14.1752852508118,14.6831501892037,14.6831501892037,10.1524808472417,5.68813286650016,3.36431097244107,10.1524808472417,35.3373130204265,4.72106238469602,20.2210229746965,5.9515879331481,6.09285957279494,6.74964503942951,4.72106238469602,6.09285957279494,4.72106238469602,3.83084269709639,6.09285957279494,4.72106238469602,4.72106238469602,4.72106238469602,4.99548566958035,6.09285957279494,4.72106238469602,4.72106238469602,4.72106238469602,4.72106238469602,5.9515879331481
11.5633773998638,8.85119095047297,7.45680123486532,13.4002375731571,9.91856271688541,10.45678802029,13.0810061473128,12.0411023361106,9.06884823672325,11.2228852681681,9.36606812845484,14.2231552372952,13.1899341221785,14.4372256230446,5.65410372463851,5.52427428475704,7.66696719933873,10.2219297731814,13.4357035355614,10.2219297730456,5.62515276828448,5.40825421406908,15.0706646219153,15.9131719070256,15.9131719070256,9.86431828761694,5.52450704231926,3.37818149381912,9.8643182875777,38.7230673967576,4.72870269365398,22.0022069172634,5.92721834947455,6.11829251510483,7.61813357731639,4.72870269365398,6.11829251510483,4.72870269365398,3.93812814696315,6.11829251510483,4.72870269365398,4.72870269365398,4.72870269365398,5.65218234995738,6.11829251510483,4.72870269365398,4.72870269365398,4.72870269365398,4.72870269365398,5.92721834947455
11.3411598741747,8.88962429777657,7.4254208972833,12.793482748267,9.89808409381496,9.6890414671856,12.3638831008482,11.0216200709984,9.01936424312033,11.7264584739495,9.37595262493019,13.0861670266284,11.9623489575564,13.3232906641539,5.49644094208802,5.75354070183046,7.66244857820906,10.2052582288686,12.3185881713415,10.2052582289588,5.74947152619052,5.33398988722116,15.7759506962829,14.4285857648361,14.4285857648361,9.9063230271682,5.44214064166319,3.26891301538504,9.9063230271959,34.8691085207877,4.59072054029579,19.8822094251546,6.23662566486987,6.26085792639211,7.52370146092661,4.59072054029579,6.26085792639211,4.59072054029579,3.59868904296426,6.26085792639211,4.59072054029579,4.59072054029579,4.59072054029579,5.31989781648587,6.26085792639211,4.59072054029579,4.59072054029579,4.59072054029579,4.59072054029579,6.23662566486987
10.9826401948289,9.26696951497118,7.62443930513494,13.0533701323885,10.4162102072132,9.46062673148132,12.2253134858755,10.6206132013137,9.26353845127747,10.8748981043194,9.65862949950142,12.7838883847878,11.5822072376356,12.9925378113945,5.23358332472099,5.60534363529969,7.67693270102608,10.4802476283804,11.9462511924342,10.4802476285192,5.85275339883133,4.95470282896862,14.5630357796762,13.9415460584392,13.9415460584392,10.2909120348967,5.56082029591524,3.16454687673714,10.290912034865,35.4171621660507,4.43609643484893,19.2110062261229,6.27927352520499,6.60726019642819,6.98214481928935,4.43609643484893,6.60726019642819,4.43609643484893,3.70684123561024,6.60726019642819,4.43609643484893,4.43609643484893,4.43609643484893,5.07287166716192,6.60726019642819,4.43609643484893,4.43609643484893,4.43609643484893,4.43609643484893,6.27927352520499
11.4100483296879,8.70935854597772,7.53870511131443,13.1724308593696,10.3673151128947,9.49699065350487,12.3358596644985,10.731222190186,9.23334410055829,11.7936694274003,9.60491169512378,13.1708514181367,11.8072393778881,13.3405604974365,4.86008249440526,5.41213440664652,7.69079791948477,10.4667647518415,12.0998692536081,10.4667647533782,5.47090399224986,4.62452115925536,15.8992026879286,14.24621430851,14.24621430851,10.0160071486068,5.3031217571549,2.86849680512967,10.0160071488835,40.9239930620623,4.01165600642408,19.7439899154751,5.77374250410604,6.35318493818814,6.51243106294799,4.01165600642408,6.35318493818814,4.01165600642408,3.51500623147733,6.35318493818814,4.01165600642408,4.01165600642408,4.01165600642408,4.97988551081765,6.35318493818814,4.01165600642408,4.01165600642408,4.01165600642408,4.01165600642408,5.77374250410604
11.2654596824975,9.46680485395113,7.91478935519363,13.42894189258,10.8649430302451,9.30900662144091,12.5388593641232,10.515255604066,9.83625508481222,11.2000791706215,10.1010512294213,12.9759754781218,11.5554930521884,13.144290586255,4.8918226011389,5.60288040470725,7.90841088014557,11.1639290270983,11.9350282187616,11.1639290272528,5.5095354343668,4.58167695461495,15.022207425859,13.9196128889486,13.9196128889486,11.0249496675656,5.4962102013213,2.93984989653282,11.024949667593,34.7311007400934,4.12204851746192,19.2495824656859,6.3120019186838,5.8507921691545,6.45691728794276,4.12204851746192,5.8507921691545,4.12204851746192,3.62022375144901,5.8507921691545,4.12204851746192,4.12204851746192,4.12204851746192,5.07439983293585,5.8507921691545,4.12204851746192,4.12204851746192,4.12204851746192,4.12204851746192,6.3120019186838
11.0383619624758,9.15283425459789,8.07165053056731,13.5743780381232,10.9710157570144,9.53185659139657,12.7206561642629,10.7106320491581,9.95341634947955,10.363931789268,10.2845029468369,13.2335578611784,11.6757751037591,13.4379239172908,5.24687646788712,5.65614940199207,8.24780015978311,11.2974356716664,12.0307119244328,11.2974356714559,5.71891369444444,5.01017920698981,13.7518513639335,14.0642959541861,14.0642959541861,10.8798704670619,5.71735558064837,3.13015816785235,10.8798704670751,37.2909109765281,4.39316374663816,19.3978878840915,6.21492066455946,6.33972865227924,7.06462125504061,4.39316374663816,6.33972865227924,4.39316374663816,3.65778720195146,6.33972865227924,4.39316374663816,4.39316374663816,4.39316374663816,5.21351446538821,6.33972865227924,4.39316374663816,4.39316374663816,4.39316374663816,4.39316374663816,6.21492066455946
11.6522908256578,9.25730925502187,7.94572727309634,14.0155712230177,10.7537872549091,10.3455751811608,13.3958814296637,11.8090729855743,9.79040131775716,11.0258648493013,10.1277795811948,14.373832010984,13.0473688015736,14.5486390723733,5.11358098603775,5.72816846014043,8.05545802609851,11.1170430370001,13.3804556672619,11.1170430365445,5.69379542109013,4.87211118742116,14.7130314514071,15.7811610699366,15.7811610699366,10.8123250764211,5.63560991701722,3.08420020429183,10.8123250763933,39.8216112170967,4.32157914399655,21.8952953803951,6.24906983351247,6.28738691844779,6.86505089194053,4.32157914399655,6.28738691844779,4.32157914399655,3.55527558818926,6.28738691844779,4.32157914399655,4.32157914399655,4.32157914399655,4.70956051202081,6.28738691844779,4.32157914399655,4.32157914399655,4.32157914399655,4.32157914399655,6.24906983351247
11.4131198096291,8.97281152477109,7.81502729715175,13.3664523688356,10.4897038818944,9.75758959719506,12.7385242109433,11.0813875689736,9.55854664587212,11.1937329281715,9.92505988793844,13.6229441122325,12.155416963767,13.8401665023817,5.20031457130482,5.54405190045597,8.19759333904356,10.8509219146312,12.4924574837585,10.8509219144581,5.74231723596575,4.90944977696664,15.0809229513637,14.6816565995078,14.6816565995078,10.2402063356244,5.48797030241916,3.26066258829707,10.2402063356244,34.5155347457761,4.5793881041966,20.2595145303591,6.09380437519725,6.3889733286459,6.92198945562805,4.5793881041966,6.3889733286459,4.5793881041966,3.4990666735719,6.3889733286459,4.5793881041966,4.5793881041966,4.5793881041966,5.57852733742429,6.3889733286459,4.5793881041966,4.5793881041966,4.5793881041966,4.5793881041966,6.09380437519725
11.9153560951269,8.7391048964738,7.66813384602046,13.7682197868567,10.4048788587437,10.3127524934674,13.1487458534443,11.7707491064775,9.37730449822088,11.8649799397067,9.76428715385155,14.2827467391102,13.0632830002185,14.4600221173156,4.90476427974959,5.40140006590694,7.78255456847699,10.6471988729517,13.3770584108261,10.647198872738,5.65816486812034,4.61690968517984,16.1042694076654,15.8169959225279,15.8169959225279,10.3233593241922,5.51737936163976,3.04927739045466,10.3233593250791,39.3216394424415,4.2709103782121,21.9590878114166,6.04343504128198,6.42506889009946,6.50212401689275,4.2709103782121,6.42506889009946,4.2709103782121,3.41340440904879,6.42506889009946,4.2709103782121,4.2709103782121,4.2709103782121,5.06715425183856,6.42506889009946,4.2709103782121,4.2709103782121,4.2709103782121,4.2709103782121,6.04343504128198
11.8285283636096,9.15868522205035,7.68175250721877,13.9429930581993,10.5783991795709,10.4362584219594,13.283866373406,11.999500274852,9.42903791630666,11.6595362675329,9.70965132164219,14.3468297534294,13.2078208977618,14.5613463541114,5.42239666313011,5.44213081372389,7.80981506663208,10.6756025920545,13.4698614048681,10.6756025932615,5.52995025313609,5.1485822857262,15.775637002055,15.9637145761649,15.9637145761649,10.3792401476078,5.66495047102086,3.33456736751306,10.3792401476078,40.8367081659231,4.6748503056646,22.0862296736718,5.88876091257568,5.93368399050198,7.25486571993561,4.6748503056646,5.93368399050198,4.6748503056646,3.70390878746655,5.93368399050198,4.6748503056646,4.6748503056646,4.6748503056646,4.73609984624061,5.93368399050198,4.6748503056646,4.6748503056646,4.6748503056646,4.6748503056646,5.88876091257568
11.467156036886,8.66327303123093,7.76993652883813,13.0924677216091,10.4006022576933,9.48702385099105,12.4293564464156,10.6823957453806,9.51109778812611,11.7966127054626,9.89061589922227,13.2957219587937,11.7147399822372,13.4489784598554,5.02531039233867,5.69217767142969,8.20734474612417,10.7547651539582,12.0695703081544,10.7547651528274,5.79162600170357,4.74702317479575,15.8260159727651,14.0868965551303,14.0868965551303,10.0307120485649,5.26429545049356,2.86905230363685,10.0307120485649,35.1030989202901,4.0192366014475,19.5119996608142,6.33756181472816,6.65648167347918,6.6904172417517,4.0192366014475,6.65648167347918,4.0192366014475,3.8528572970284,6.65648167347918,4.0192366014475,4.0192366014475,4.0192366014475,5.18819553311963,6.65648167347918,4.0192366014475,4.0192366014475,4.0192366014475,4.0192366014475,6.33756181472816
11.2988594074607,8.75619879513723,7.53745097669612,13.4323922664292,10.4710574183094,9.74456268621121,12.6635990058101,11.1251618777111,9.33427155301758,11.1582397695257,9.59737015595078,13.6658964846601,12.2089622752968,13.8246316897898,5.0625054068532,5.47660499325632,7.96431751980947,10.579126565767,12.510320711087,10.5791265648134,5.29210126368281,4.90882655763245,14.9437698374994,14.7383614490864,14.7383614490864,9.91936173238016,5.39416178515966,2.87265322480436,9.9193617325945,37.3064222026467,4.02718239254656,20.4500157637742,5.92544130815364,5.71754784974392,6.92164918061395,4.02718239254656,5.71754784974392,4.02718239254656,3.57186815967702,5.71754784974392,4.02718239254656,4.02718239254656,4.02718239254656,5.50893217354012,5.71754784974392,4.02718239254656,4.02718239254656,4.02718239254656,4.02718239254656,5.92544130815364
11.0044428826143,9.09719340066224,8.0113500205664,13.2805752367153,10.7973909987362,9.25686061486603,12.4582082082486,10.4248126923496,9.87055739702094,10.5377237641238,10.1865260321665,12.844845626661,11.3990064873062,13.0514453067839,5.124497464856,5.47308478660973,7.98915328205347,11.1832993697697,11.7148126474242,11.1832993612563,5.64618811277136,4.7561477007629,14.0637770340209,13.6989983269871,13.6989983269871,10.942764146865,5.4280055369288,3.1390229541235,10.9427641431221,35.836586102632,4.4007247593505,18.8664544686581,6.03364118123472,6.31399546758718,6.70100131733512,4.4007247593505,6.31399546758718,4.4007247593505,3.80931552858037,6.31399546758718,4.4007247593505,4.4007247593505,4.4007247593505,5.43704790731606,6.31399546758718,4.4007247593505,4.4007247593505,4.4007247593505,4.4007247593505,6.03364118123472
11.7915079865642,9.15429978348339,8.05964134048453,13.6088039442406,10.8302959915027,9.69041290629825,12.9155108945974,11.0016826775426,9.95545131948743,12.0336584304961,10.2572721720004,13.5791932419236,12.0931852158828,13.7922450232516,5.12954611896416,5.84878463367017,8.26187578333116,11.3053903600653,12.4502010609066,11.3053903599421,5.69252651706119,4.78430287301523,16.1774789629132,14.5902364068004,14.5902364068004,10.9192875991756,5.58448716327802,3.22913070291628,10.9192875994626,37.2694480029363,4.5281712803521,20.1293615069774,6.26862360333903,6.11670833012373,6.74014390804849,4.5281712803521,6.11670833012373,4.5281712803521,3.60583143729162,6.11670833012373,4.5281712803521,4.5281712803521,4.5281712803521,5.25093866068452,6.11670833012373,4.5281712803521,4.5281712803521,4.5281712803521,4.5281712803521,6.26862360333903
11.2867443388934,8.91593555429546,7.47435299099599,12.8718164290595,10.3024978894033,9.36761439216049,12.0599887503109,10.4900049046992,9.09327032047624,11.963697461176,9.48692637849737,12.562069692093,11.3477525838189,12.7564994773701,5.30833564439459,5.82810705481752,7.62073910334545,10.2899206015088,11.7618761924176,10.2899206016689,5.82439436975203,5.2042886398797,16.0773709663827,13.6612547068347,13.6612547068347,10.0699178805545,5.55069429540167,2.99721485804755,10.069917880593,41.3341164534425,4.19621777831695,18.8663967887268,6.46454946864593,6.50946786669314,7.33573643560121,4.19621777831695,6.50946786669314,4.19621777831695,3.62102423522509,6.50946786669314,4.19621777831695,4.19621777831695,4.19621777831695,5.28614502222836,6.50946786669314,4.19621777831695,4.19621777831695,4.19621777831695,4.19621777831695,6.46454946864593
11.6205086780166,8.82422325718757,7.69034369290177,13.8916888611179,10.5961473646347,10.3190174084161,13.2387644104282,11.8304327730917,9.50597829178321,11.127872782236,9.7757832661417,14.279894064935,12.9767309114971,14.4396513408231,5.35593608799183,5.28236973327137,7.86769163964567,10.7685856905618,13.2363457312754,10.7685856905386,5.35944621085125,5.24576341087593,14.9974726597674,15.6783535562183,15.6783535562183,10.3436258363771,5.59099535443026,3.01429439328458,10.3436258361929,41.2822821790982,4.22029692518564,21.7658917159012,5.82961678736564,5.86309025517895,7.39454131630479,4.22029692518564,5.86309025517895,4.22029692518564,3.68343758727887,5.86309025517895,4.22029692518564,4.22029692518564,4.22029692518564,5.53215443224032,5.86309025517895,4.22029692518564,4.22029692518564,4.22029692518564,4.22029692518564,5.82961678736564
10.9314157521603,8.96287454629121,7.7094439286451,13.0874520026195,10.4604612433285,9.36198763979912,12.4317304860766,10.6801317045984,9.55709150217588,10.6068836100137,9.77404117785411,12.8328643059883,11.6267401782296,13.0273195357391,5.30002593475244,5.65168017666757,7.63928217923804,10.801544890288,11.946804833937,10.8015448901871,5.42488965951794,5.05429106427996,14.0543618962545,13.9684778717835,13.9684778717835,10.7499575749673,5.27892163618048,3.048824819659,10.7499575749941,40.0754280592924,4.26852512787226,19.2876370206019,6.16101905423636,5.66650331250513,7.12196668981901,4.26852512787226,5.66650331250513,4.26852512787226,3.91500717536195,5.66650331250513,4.26852512787226,4.26852512787226,4.26852512787226,5.4857453562248,5.66650331250513,4.26852512787226,4.26852512787226,4.26852512787226,4.26852512787226,6.16101905423636
11.4141294416527,8.93486865249139,7.56504476737935,13.5459063236912,10.3713903718029,10.0720997651871,12.8905896317491,11.4954026366595,9.30442875738151,11.062156093716,9.59732494772401,13.8429467007856,12.6603581194957,14.0418232727099,5.14979689193819,5.52692452287756,7.77333809686244,10.5521245683217,13.0058587421139,10.5521245683147,5.56294315920164,4.8996493681133,14.900474975691,15.3074348413777,15.3074348413777,10.2765178241396,5.71462016800904,3.15715596673124,10.2765178241851,39.9592181380683,4.42919189329503,21.1921731896301,6.23106805143841,5.86471745592685,6.90637128557916,4.42919189329503,5.86471745592685,4.42919189329503,3.49925217140978,5.86471745592685,4.42919189329503,4.42919189329503,4.42919189329503,5.36010628995541,5.86471745592685,4.42919189329503,4.42919189329503,4.42919189329503,4.42919189329503,6.23106805143841
11.5292093604918,8.91649043589364,7.67012241817665,13.6906148394723,10.5491277878533,10.1861763556021,12.890539819395,11.5541899401328,9.31449709601915,11.3610194366193,9.69573318719891,13.8830344481795,12.6793078357724,14.0990420868719,5.39069180547283,5.61804682871176,7.83106455914478,10.5248025225748,12.9359627775228,10.5248025212602,5.74198621231358,5.1005267816577,15.1999426199912,15.2901563877893,15.2901563877893,10.0878010866522,5.72646091932329,3.24535506764221,10.0878010863841,36.8498107149757,4.55437363408025,21.1379549802333,5.86938534797946,6.6120268739406,7.19093751014444,4.55437363408025,6.6120268739406,4.55437363408025,3.83747540544327,6.6120268739406,4.55437363408025,4.55437363408025,4.55437363408025,5.41116478605737,6.6120268739406,4.55437363408025,4.55437363408025,4.55437363408025,4.55437363408025,5.86938534797946
11.5862178764999,9.43728255870812,7.83144483094539,14.0366425439176,10.8286879893122,10.3871126417688,13.3019422779843,11.8547554602116,9.58934231395062,10.9328095334178,9.9612801932041,14.15583472605,12.9679864604599,14.3322955277891,5.46844437648935,5.53996780111039,7.74854419952333,10.8722092460783,13.2622004586269,10.8722092463977,5.70139770782003,5.38344179915825,14.6295398428229,15.6739076832814,15.6739076832814,10.7170214261619,5.55768897375972,3.09940037728125,10.7170214261709,34.5699531779585,4.34466193363147,21.7374211151923,6.02845529890762,6.50379205594129,7.59138347005257,4.34466193363147,6.50379205594129,4.34466193363147,3.63392727401523,6.50379205594129,4.34466193363147,4.34466193363147,4.34466193363147,5.60818389323132,6.50379205594129,4.34466193363147,4.34466193363147,4.34466193363147,4.34466193363147,6.02845529890762
11.9595189358387,9.34397077801225,7.70575356913236,13.9159184957893,10.4269018224048,10.5937413665614,13.4059728010718,12.127614103361,9.50306814479886,11.9910254587278,9.74760370221365,14.5902884271644,13.2808540630304,14.7805684269427,5.60965541884001,5.64354754047692,8.07990950830434,10.7314728760257,13.5134035278692,10.731472875951,5.43183666873647,5.4528432677191,16.0904346013643,16.0223866151868,16.0223866151868,10.089130816066,5.91539747353748,3.15089436500952,10.0891308161045,34.7549438897545,4.41894674538512,22.2258290650533,5.86646421368764,5.87977195610782,7.69026111738379,4.41894674538512,5.87977195610782,4.41894674538512,3.96690252091624,5.87977195610782,4.41894674538512,4.41894674538512,4.41894674538512,4.73613617613759,5.87977195610782,4.41894674538512,4.41894674538512,4.41894674538512,4.41894674538512,5.86646421368764
11.822701072574,8.69995723096962,7.69527037892616,13.4787135646439,10.3489980766495,10.1012204235361,12.9891667820943,11.6034956509198,9.4463684785778,12.0567443974784,9.71068629428977,13.9637895006272,12.7717883426768,14.177455851226,5.35822611726353,5.81525396332924,8.03065711393897,10.6760495583582,13.1312724172209,10.676049558537,5.77685172537111,4.9806431366396,16.2769275484006,15.4010711211454,15.4010711211454,10.3274744785253,5.49103098550859,3.341711429734,10.3274744787888,38.7990171961203,4.68256509522308,21.271552781791,6.55197859492693,5.93805126636807,7.01474371960903,4.68256509522308,5.93805126636807,4.68256509522308,3.87267980706169,5.93805126636807,4.68256509522308,4.68256509522308,4.68256509522308,4.7803109509162,5.93805126636807,4.68256509522308,4.68256509522308,4.68256509522308,4.68256509522308,6.55197859492693
11.235978284327,8.77488379244553,7.61226162302225,13.4093574652311,10.3049699656912,9.96214252139499,12.8623295063612,11.3320811356834,9.40111015196107,10.6653661951248,9.71006624682526,13.8839558618335,12.4440126304507,14.0393705435617,5.07508687902017,5.46754832064894,8.07438639426888,10.6725451545409,12.8245432915904,10.6725451555498,5.5510377548372,4.97230641421605,14.3269634071986,15.0461646392382,15.0461646392382,10.0778059051805,5.59977483103422,2.88777603599724,10.0778059050329,40.9157237515108,4.04280555765895,20.8903349702081,6.37661414888939,5.95285957055463,7.00825979510264,4.04280555765895,5.95285957055463,4.04280555765895,3.43633005230014,5.95285957055463,4.04280555765895,4.04280555765895,4.04280555765895,5.12567667447231,5.95285957055463,4.04280555765895,4.04280555765895,4.04280555765895,4.04280555765895,6.37661414888939
11.1793187405796,8.77325522620331,7.80086232364449,13.5518722954196,10.6989570242923,9.73934631112298,12.7618181248166,11.0729923131207,9.61072666001137,10.578814614349,9.92094031289398,13.7335678431725,12.2182527398444,13.9090565016352,4.98660244811116,5.6262234041726,8.27993809433153,10.8908143895159,12.5886365831887,10.8908143882889,5.69941462453522,4.62872034018937,14.1179066007407,14.7351713160836,14.7351713160836,10.2402485516766,5.44188298183064,3.05385617875354,10.2402485519442,35.6572462464132,4.2870433818765,20.3979066266226,6.41821816950129,6.15456811251667,6.52532639061495,4.2870433818765,6.15456811251667,4.2870433818765,3.69313514470031,6.15456811251667,4.2870433818765,4.2870433818765,4.2870433818765,5.26525861330759,6.15456811251667,4.2870433818765,4.2870433818765,4.2870433818765,4.2870433818765,6.41821816950129
11.5972705900375,9.01633888800779,7.67466998453486,13.4142487937007,10.3032550025068,10.0094980716988,12.8506316379331,11.3793595500043,9.44101745179368,11.645253557228,9.71914933230947,13.5564256676422,12.4464145890235,13.7617386167064,5.39541958204463,5.4450389672959,7.57534430770481,10.6741483041555,12.7112425427767,10.6741483048426,5.48179925544459,5.17175830474371,15.6985404067012,15.0009057312424,15.0009057312424,10.5774882399136,5.76819521329744,3.14173621238455,10.5774882396805,39.7834567255106,4.40800403621207,20.75404404647,5.88917500974344,6.00309816394875,7.29280352060379,4.40800403621207,6.00309816394875,4.40800403621207,3.83603900745191,6.00309816394875,4.40800403621207,4.40800403621207,4.40800403621207,5.34088079219548,6.00309816394875,4.40800403621207,4.40800403621207,4.40800403621207,4.40800403621207,5.88917500974344
11.7780124340709,9.01963342795033,7.68587254154081,13.9909254853862,10.6843398621406,10.4001990530747,13.2734294852728,11.9338346353871,9.48954835071962,11.6268234298571,9.7240562693601,14.2317832719435,13.1303792562288,14.4304482558417,5.39495690357194,5.84108474888353,7.78508211156377,10.7406239509042,13.4488548776019,10.7406239508129,5.54993094907991,5.14035413921053,15.5646230701155,15.8609685260071,15.8609685260071,10.5951185228541,5.82716113278388,3.25285748782072,10.5951185224223,38.2265945711022,4.55581432837346,21.9646418270696,6.28490367313351,5.67007841890613,7.2416522238446,4.55581432837346,5.67007841890613,4.55581432837346,3.75748412072627,5.67007841890613,4.55581432837346,4.55581432837346,4.55581432837346,5.25033558131199,5.67007841890613,4.55581432837346,4.55581432837346,4.55581432837346,4.55581432837346,6.28490367313351
11.3577156740686,8.91013361247527,7.8209950640819,13.5681185133892,10.5182525038913,9.97560436852278,12.8336625295606,11.2434530709879,9.52554438133798,10.9596791779793,9.93818512379714,13.7172246661139,12.4058315856142,13.9195410304902,5.05856387614998,5.64163715650831,7.89944542803917,10.8118128473488,12.7054077453313,10.8118128471073,5.76686831022087,4.70426750425649,14.6306849206993,14.9912468824422,14.9912468824355,10.4608181990111,5.81292249370136,3.22906485523439,10.4608181990111,40.1928777245365,4.533425935643,20.7096178556051,5.90146129214075,6.66262731965111,6.63022455908172,4.533425935643,6.66262731965111,4.533425935643,3.50065944589017,6.66262731965111,4.533425935643,4.533425935643,4.533425935643,5.03519443347005,6.66262731965111,4.533425935643,4.533425935643,4.533425935643,4.533425935643,5.90146129214075
11.6238469970169,8.9740322603023,7.86928574320845,13.9069003819632,10.8386347412277,10.0719238608245,13.1427382605278,11.5272963244655,9.76305956474634,11.4065758377423,9.98336559275425,13.9019038067051,12.6577691404844,14.104012179945,5.33396269389042,5.63273409804729,7.87231408478534,11.054740740751,12.9273702240131,11.0547407406079,5.39226975688975,5.05978002918099,15.2610855295688,15.2650012154729,15.2650012154729,10.8598290415047,5.69836721560774,3.1760219635757,10.8598290414388,35.4381464565946,4.4539760526318,21.1234250777696,5.94441048889943,5.66174044148867,7.13224502237473,4.4539760526318,5.66174044148867,4.4539760526318,3.82696409650922,5.66174044148867,4.4539760526318,4.4539760526318,4.4539760526318,5.05394206150642,5.66174044148867,4.4539760526318,4.4539760526318,4.4539760526318,4.4539760526318,5.94441048889943
10.8394059504681,9.05652389574362,7.65503313082024,12.7980452637972,10.1742652190654,9.27048260303239,12.237305553417,10.417318771186,9.45604843287368,10.5301786354848,9.74612313653414,12.9132373980332,11.3511006115253,13.0880186605857,5.0847057900013,5.60110448990652,8.13014003064495,10.7191252431775,11.7546604774517,10.7191252430174,5.57497574798956,4.88781890454446,14.0437277283631,13.6673845637191,13.6673845637191,10.1091205010434,5.62921660376661,2.93988979035029,10.1091205010029,35.8575455083319,4.12917412097772,18.8819146513097,6.39826226281818,5.93738291697257,6.89546672822271,4.12917412097772,5.93738291697257,4.12917412097772,3.60060934496671,5.93738291697257,4.12917412097772,4.12917412097772,4.12917412097772,5.5522426458705,5.93738291697257,4.12917412097772,4.12917412097772,4.12917412097772,4.12917412097772,6.39826226281818
11.496864502443,9.21362960682449,7.78118016500196,13.5783564077546,10.544349843409,9.96305345524419,12.9007127013898,11.3217562367232,9.55039092882666,11.2400547288659,9.89938317559364,13.8886914723698,12.4593599665318,14.0580495032841,5.11514245451327,5.4805965504628,8.0645817233923,10.8151008712919,12.7568290779756,10.8151008705273,5.62913524737111,4.86908937595127,15.087688716544,15.0296839103806,15.0296839103806,10.2409051826756,5.44452261621131,2.99139387777344,10.2409051828035,39.4120770352787,4.18558341557525,20.8379419605824,6.03707542540332,6.41059085437127,6.8584966033935,4.18558341557525,6.41059085437127,4.18558341557525,3.73299519922622,6.41059085437127,4.18558341557525,4.18558341557525,4.18558341557525,5.09764280715092,6.41059085437127,4.18558341557525,4.18558341557525,4.18558341557525,4.18558341557525,6.03707542540332
11.3764357148697,9.22579421745628,7.70187424554574,13.1044639293468,10.0754265890686,9.91067119406544,12.7123907918053,11.2690319987258,9.35728660450839,11.2143396058407,9.7373592223757,13.4403442593862,12.3171295974218,13.6615398166797,5.43027230585124,5.5435839993226,7.66097446789164,10.5783925803629,12.5998071969456,10.5783925800633,5.78260931397696,5.15743338969201,15.0513926657002,14.8432119673498,14.8432119673498,10.4013840514583,5.42633805137226,3.27459312519842,10.401384051989,36.5940356861604,4.59243472205007,20.4816468085321,5.97140986214009,6.60049921757944,7.26942569546788,4.59243472205007,6.60049921757944,4.59243472205007,3.81149020476632,6.60049921757944,4.59243472205007,4.59243472205007,4.59243472205007,5.246066920193,6.60049921757944,4.59243472205007,4.59243472205007,4.59243472205007,4.59243472205007,5.97140986214009
12.0111833828556,9.25260813006618,7.95051937324187,13.9622039995671,10.8419068733232,10.1402008770607,13.1982272270424,11.5825332777654,9.83789401017718,12.2118521714815,10.0598422536964,14.0166795308229,12.8188737575675,14.2286392639257,5.19761818862721,5.88707853169608,7.95742901637565,11.1318590176876,13.1115806430408,11.1318590176089,5.57384592287203,4.68884678046373,16.3910355219641,15.4533087625517,15.4533087625517,10.9987179504552,5.88535872701021,3.33920693112947,10.9987179504933,41.7187463689418,4.69017742298411,21.3436974490903,6.17697685955219,5.74893507047752,6.60823883458211,4.69017742298411,5.74893507047752,4.69017742298411,3.9215302824818,5.74893507047752,4.69017742298411,4.69017742298411,4.69017742298411,5.41409927164857,5.74893507047752,4.69017742298411,4.69017742298411,4.69017742298411,4.69017742298411,6.17697685955219
11.885188889446,9.38014183669948,7.81797057745446,14.0132053016191,10.702464865122,10.4957074673406,13.4423085630465,12.0158590164175,9.58334634754153,11.5047634775438,9.98282952491687,14.3743907153368,13.1759790225545,14.5136426365565,5.34030243866134,5.65542988156866,7.74826218536212,10.8745458440717,13.5207127169269,10.874545843969,5.78312998515776,5.33957217568831,15.4494551462917,15.9410172670615,15.9410172670615,10.7501658402783,5.28510499358342,2.88398356565683,10.7501658403594,38.1344203763433,4.03554241207261,22.1822631329643,6.33925745139003,6.62286541519596,7.52839618149764,4.03554241207261,6.62286541519596,4.03554241207261,3.54873737113405,6.62286541519596,4.03554241207261,4.03554241207261,4.03554241207261,5.62788594240777,6.62286541519596,4.03554241207261,4.03554241207261,4.03554241207261,4.03554241207261,6.33925745139003
11.561954064645,8.97444265084792,7.56588556987128,13.3316715850939,10.1442912644926,10.0692786448676,12.7671040945885,11.4499796378238,9.24478938957865,11.6916805970525,9.54300392871484,13.6918080587188,12.5726442464273,13.8954962766014,5.36051872584863,5.62545746804515,7.66071467303428,10.4336446715169,12.8318483034348,10.4336446717642,5.58158981262583,5.02992760399456,15.6899200759643,15.1487218879444,15.1487218879444,10.1559030452371,5.78629023079506,3.25164565928634,10.1559030452577,35.1922513010692,4.55359933150535,20.9343996275895,5.9185140390031,6.13984173534876,7.08450820258753,4.55359933150535,6.13984173534876,4.55359933150535,3.90882997414039,6.13984173534876,4.55359933150535,4.55359933150535,4.55359933150535,5.12455896459529,6.13984173534876,4.55359933150535,4.55359933150535,4.55359933150535,4.55359933150535,5.9185140390031
11.7713857232439,9.1416531079697,7.84073419360329,13.4841273964226,10.2951530694931,10.2079374675851,13.0705791406038,11.6086023361789,9.58881538953267,11.7436515131919,9.91106041630344,14.1518053491359,12.7586996811571,14.359766566978,5.40723985966209,5.79831711706479,8.33759337291036,10.8344219662145,13.0899230226018,10.8344219662553,5.87259637654097,5.05455588128558,15.777515719606,15.3748346876325,15.3748346876325,10.1562804585299,5.77919124146046,3.30168665507396,10.1562804585492,40.8399072636376,4.62570282055626,21.246020158878,6.42634368103556,6.38492718018691,7.11994913327875,4.62570282055626,6.38492718018691,4.62570282055626,3.95256498704024,6.38492718018691,4.62570282055626,4.62570282055626,4.62570282055626,5.24313653385672,6.38492718018691,4.62570282055626,4.62570282055626,4.62570282055626,4.62570282055626,6.42634368103556
11.9725181984581,9.03605900765009,8.11582525229787,13.986994916734,10.6793593539126,10.4703107015302,13.5716324940379,11.9362572688301,9.9616238004592,11.4604466500779,10.3352660599503,14.6299564500645,13.2085616053682,14.8345246145571,5.16454699292716,5.88414070520059,8.47508412939741,11.3220393676807,13.6161997262226,11.3220393671396,6.02835369342056,4.83767893445703,15.4182057012773,15.9852326620767,15.9852326620767,10.848745754156,5.75766514392635,3.27370809792953,10.8487457548485,38.2565470247352,4.59757291469998,22.1341925508515,6.72117270322933,6.53541939745734,6.81997071117566,4.59757291469998,6.53541939745734,4.59757291469998,3.51665749456576,6.53541939745734,4.59757291469998,4.59757291469998,4.59757291469998,5.30779339085103,6.53541939745734,4.59757291469998,4.59757291469998,4.59757291469998,4.59757291469998,6.72117270322933
11.0243403262483,9.36232528590914,7.65690449956302,13.3273316494028,10.5932705447324,9.59251506739564,12.3551503830313,10.7601304131463,9.30330233662923,10.8389805889806,9.69569499036048,12.9621317678677,11.7772297618793,13.1931777582368,5.19995263130651,5.69556617743419,7.67280400184478,10.5546920422074,12.1186859105976,10.5546920425665,5.78486309152849,4.86334183678765,14.4775506306929,14.2152202028399,14.2152202028399,10.395976491671,5.88370002728868,3.34479895175521,10.3959764913988,37.9109470015638,4.70048914606434,19.5458284329809,6.03916382745131,6.4673660089279,6.85743003407348,4.70048914606434,6.4673660089279,4.70048914606434,3.46390985180271,6.4673660089279,4.70048914606434,4.70048914606434,4.70048914606434,5.08285214836715,6.4673660089279,4.70048914606434,4.70048914606434,4.70048914606434,4.70048914606434,6.03916382745131
11.448560346271,9.21044634097937,7.69527027456678,13.1232336265862,10.4981398048497,9.42360983388769,12.3688275215677,10.6710860639318,9.48533503930573,12.0725730195612,9.72611407612793,12.9911911896635,11.5659412116834,13.2259149991356,5.47614154353106,5.76508247703994,8.09255396016282,10.7269508956312,11.887307243131,10.726950895489,5.52535867325078,5.21940012997381,16.2328168308188,13.9044412992749,13.9044412992749,10.1768129811091,5.71216634200722,3.27523909218085,10.1768129811093,34.0880750284626,4.59627403067631,19.1201276367556,6.105200643652,5.76097470890135,7.35919510848776,4.59627403067631,5.76097470890135,4.59627403067631,3.83143153001078,5.76097470890135,4.59627403067631,4.59627403067631,4.59627403067631,4.97459485262588,5.76097470890135,4.59627403067631,4.59627403067631,4.59627403067631,4.59627403067631,6.105200643652
10.8443408235676,9.09583839261886,7.59834949684869,12.680736314127,9.93944173934317,9.45958940768716,12.260535746748,10.6875993045555,9.25057422808301,10.5303530747783,9.62292677722543,12.9585186388927,11.6539177741792,13.16484804497,5.25663927122916,5.62439110299502,7.85402924991226,10.4569865964721,12.0060723248049,10.4569865965499,5.79664258623541,4.98673873461064,14.015117138549,14.0219238341865,14.0219238341865,10.0351778798029,5.33166953135794,3.123523666861,10.0351778799852,36.0049256138068,4.38247095105031,19.3467662734613,6.26313268981879,6.50937810982719,7.03076476651814,4.38247095105031,6.50937810982719,4.38247095105031,3.77590194782809,6.50937810982719,4.38247095105031,4.38247095105031,4.38247095105031,4.91611087030585,6.50937810982719,4.38247095105031,4.38247095105031,4.38247095105031,4.38247095105031,6.26313268981879
11.2702844065975,8.80398190418519,7.48099722858087,13.2670909411386,10.344573680312,9.73785049662956,12.6416774844708,11.1839066140921,9.25239035745974,11.2317541600925,9.50265431326562,13.568242459889,12.2626941741346,13.732833258454,5.14298596036968,5.70876282743292,7.90275591240112,10.4689775833665,12.651290514384,10.4689775837609,5.52591933560106,4.97843538151108,15.0406269221637,14.7910640308624,14.7910640308624,10.0156590571019,5.13682177168003,2.91049424979002,10.0156590570065,34.0581184411269,4.06727826060936,20.5253435667526,6.53105394404562,5.69304401663906,7.01232875585948,4.06727826060936,5.69304401663906,4.06727826060936,3.6924067270689,5.69304401663906,4.06727826060936,4.06727826060936,4.06727826060936,4.64311266763049,5.69304401663906,4.06727826060936,4.06727826060936,4.06727826060936,4.06727826060936,6.53105394404562
11.7851893746987,9.18398060827202,7.85344557428631,13.8463626341878,10.8622208692992,10.0767498564934,12.9512863848538,11.4066905439082,9.62711623649325,11.9111202974572,9.92009041963454,13.8821253404754,12.4958126986666,14.1011308770617,5.46556090629981,5.67334231505337,8.25636878284696,10.8906038180171,12.8113162998403,10.8906038180467,5.75582812508468,5.12205540499055,16.0873482745399,15.0590211374441,15.0590211374442,10.3169532910296,6.06975682402123,3.40584196837537,10.316953291058,35.4894950198969,4.76635748667112,20.7579407607267,6.23277853517837,6.1499786279426,7.21049625479514,4.76635748667112,6.1499786279426,4.76635748667112,3.86090639817286,6.1499786279426,4.76635748667112,4.76635748667112,4.76635748667112,5.60861634655391,6.1499786279426,4.76635748667112,4.76635748667112,4.76635748667112,4.76635748667112,6.23277853517837
11.7693750408961,9.30168744111066,8.03980243392961,13.2986123321876,10.5362354596638,9.63868049715719,12.7165394302608,10.7866952614488,9.84247186258559,12.1458412111586,10.2492273012651,13.3875813501494,11.8035926190129,13.594538722521,5.14193568895364,5.73627253001034,8.28154717254603,11.1804751797349,12.1508542965249,11.1804751795696,5.83152111582982,4.89024433509426,16.366762242193,14.239317148191,14.239317148191,10.6322749058829,5.7542466246451,3.14616946015558,10.6322749060045,38.3943883444506,4.40460894077524,19.6500481453364,6.1182792896754,6.72198852029179,6.88723098606715,4.40460894077524,6.72198852029179,4.40460894077524,3.53313397539663,6.72198852029179,4.40460894077524,4.40460894077524,4.40460894077524,5.50247176246798,6.72198852029179,4.40460894077524,4.40460894077524,4.40460894077524,4.40460894077524,6.1182792896754
11.7998289788549,9.22291445065854,8.05816061779059,13.9949088970916,10.9444933778643,10.0714036699724,13.2960587226396,11.5518096968324,10.0075075252101,11.5325578592636,10.2251531855572,14.1623026220555,12.7137269115913,14.3687788474234,5.31891934458672,5.48721087922335,8.27211950995443,11.3448621472451,12.978343220277,11.3448621471036,5.43184714262025,4.95627730807611,15.5501979123095,15.3372350761531,15.3372350761531,10.8915536322022,5.66850366235187,3.30528427682229,10.8915536323315,35.2655323476974,4.64274199279626,21.189099735995,5.90427939062523,5.66559100758496,6.98834905553882,4.64274199279626,5.66559100758496,4.64274199279626,3.80522179095311,5.66559100758496,4.64274199279626,4.64274199279626,4.64274199279626,5.1796774067374,5.66559100758496,4.64274199279626,4.64274199279626,4.64274199279626,4.64274199279626,5.90427939062523
10.821686203022,9.22571538678526,7.82682504605263,13.1172986854373,10.6112856361484,9.16864056346725,12.3239710152609,10.3217229592988,9.72176560072729,10.404984066188,9.96750218788438,12.7134444406673,11.2787918859943,12.9054264948068,5.01995887792363,5.6165625954256,7.90814035378493,11.0200473622211,11.6396362145178,11.0200473620998,5.44582712635557,4.73515074472866,13.7950100293652,13.5634503117346,13.5634503117346,10.7840789445906,5.5900744072059,2.97396924354033,10.7840789450606,35.7140790760512,4.16662412208457,18.7236344612711,6.20697575905986,5.75184922214455,6.67208251979151,4.16662412208457,5.75184922214455,4.16662412208457,3.70429604232568,5.75184922214455,4.16662412208457,4.16662412208457,4.16662412208457,5.33502544308972,5.75184922214455,4.16662412208457,4.16662412208457,4.16662412208457,4.16662412208457,6.20697575905986
11.2952752554438,9.13641866786412,7.79315988294614,13.3309813173705,10.2432574058798,10.0679255053949,12.9427173582319,11.3891801809212,9.54208472949574,10.8055984610764,9.90990647670796,13.8807176495151,12.4365693867885,14.0568181052276,5.38058135548554,5.78252764771843,8.2225172683515,10.8119191559841,12.8137325849772,10.8119191559858,5.85071027306932,5.25289950602522,14.38381881907,15.0090041153815,15.0090041153815,10.2081322208759,5.72988803798733,3.06626929984387,10.2081322208759,35.7432602288389,4.29874824516339,20.7859416497737,6.48638816628653,6.49153169024589,7.40696729608402,4.29874824516339,6.49153169024589,4.29874824516339,3.6753387958944,6.49153169024589,4.29874824516339,4.29874824516339,4.29874824516339,4.83273853854065,6.49153169024589,4.29874824516339,4.29874824516339,4.29874824516339,4.29874824516339,6.48638816628653
11.6373960384463,9.27947304396804,7.79173878417954,13.6231651268473,10.6927388848012,9.97564569661204,12.7894419997351,11.2721489212574,9.48491888266478,11.8122589623405,9.86052563152342,13.6778857233241,12.3279374548092,13.8978989811082,5.41608741154846,5.78051956904348,8.09676074481486,10.728434834257,12.6338235831001,10.7284348351536,5.83734830899288,5.13255124444561,15.8417990904053,14.8559967599205,14.8559967599205,10.1788310752725,5.75968942815747,3.27911069895393,10.1788310749614,37.138125540127,4.59713465714894,20.500675963343,6.12052990018598,6.60525679285794,7.23295265963235,4.59713465714894,6.60525679285794,4.59713465714894,3.81462706397193,6.60525679285794,4.59713465714894,4.59713465714894,4.59713465714894,5.31806287127472,6.60525679285794,4.59713465714894,4.59713465714894,4.59713465714894,4.59713465714894,6.12052990018598
11.6947088796967,9.11060130444957,7.92620187792735,13.8512783286494,10.7157914843056,10.288405165177,13.1941729358363,11.6537636105758,9.67640172025716,11.3692939464699,10.0601819991832,14.0999018622437,12.7076784202243,14.3142137549532,5.57605254473826,5.59745804794996,8.18023535219492,10.980111559791,13.0079861497945,10.9801115587796,5.79624082925218,5.44405939899852,15.2949693004129,15.3563547240167,15.3563547240167,10.4543063337072,5.93147658557816,3.32470933543943,10.4543063333009,34.6525366725866,4.65140121857695,21.2120415722622,6.00074457209067,6.56845188121266,7.66837980540396,4.65140121857695,6.56845188121266,4.65140121857695,3.58274073139441,6.56845188121266,4.65140121857695,4.65140121857695,4.65140121857695,5.6297925693654,6.56845188121266,4.65140121857695,4.65140121857695,4.65140121857695,4.65140121857695,6.00074457209067
11.2548947775774,9.1581364886104,7.88123132907457,13.3356380928406,10.5856517993808,9.62204197084677,12.74267557316,10.9024375076822,9.70902153326696,10.9280513148525,10.0767861735418,13.2087126051062,11.9320246212493,13.3770040824827,5.05290441422454,5.74784923869308,7.75045413219768,11.0250068871312,12.3424465552338,11.0250068872997,5.76374092497839,4.93420787458953,14.5658395339334,14.4005576862576,14.4005576862576,11.01311247299,5.21422172863147,2.84848681416972,11.0131124729348,40.7374307151769,3.98250193862136,19.9730899332787,6.50217729968384,6.44382763060745,6.95181252192266,3.98250193862136,6.44382763060745,3.98250193862136,3.52231055072037,6.44382763060745,3.98250193862136,3.98250193862136,3.98250193862136,4.95747436236335,6.44382763060745,3.98250193862136,3.98250193862136,3.98250193862136,3.98250193862136,6.50217729968384
11.7055674601115,9.41365434997916,7.83281665604917,13.7883292368229,10.7487323969901,10.0404426985188,12.9981957714159,11.4205458986688,9.60516885551523,11.6351007682508,9.93739646837628,13.7896662331646,12.5401630129907,14.0170290779871,5.29461527599675,5.55967781146501,7.89150034569135,10.9113900148188,12.8446893960712,10.9113900148328,5.63248538867407,5.01282036125822,15.720148973159,15.1646734710711,15.1646734710711,10.6695592846626,5.81389170175768,3.36206140944779,10.6695592846655,41.5249446298903,4.72161899958319,20.92131519889,5.91972938676142,6.15125230295463,7.06718234172475,4.72161899958319,6.15125230295463,4.72161899958319,3.44366862274447,6.15125230295463,4.72161899958319,4.72161899958319,4.72161899958319,5.58211110187617,6.15125230295463,4.72161899958319,4.72161899958319,4.72161899958319,4.72161899958319,5.91972938676142
11.339073635449,8.79335909164114,7.46169937361851,12.6485503601242,9.90271489206323,9.38989426584774,12.1727822337028,10.6217199809199,9.14516071191552,11.9913446682758,9.44070772155151,12.7735190553344,11.5702882530629,13.0075059990196,5.24551356300987,5.87057408745322,7.73113857019205,10.3676263227245,11.9728335983795,10.3676263225973,5.63780932644935,5.00110160921556,16.1404906650026,13.9565274185378,13.9565274185378,10.1106122109402,5.67862859666845,3.25308671271708,10.1106122111498,38.5512884040122,4.56155035586661,19.203694258357,6.3635627031406,5.83532861935809,7.04739220477854,4.56155035586661,5.83532861935809,4.56155035586661,3.47444125397599,5.83532861935809,4.56155035586661,4.56155035586661,4.56155035586661,5.20190811051074,5.83532861935809,4.56155035586661,4.56155035586661,4.56155035586661,4.56155035586661,6.3635627031406
10.8845076023796,9.11253731345977,7.73548269357994,13.0924557692141,10.4151837699411,9.3539124486054,12.4364866100704,10.5540291035073,9.60070137384438,10.3557188970537,9.86728949212922,13.1541129530151,11.5494441835932,13.32827018556,4.98072265014865,5.48719962509739,8.19933683951967,10.9057330187371,11.947056373526,10.90573301882,5.46823841531769,4.78361639865474,13.8529389031883,13.9340153841601,13.9340153841601,10.2998274176028,5.65275897979679,2.96002655871365,10.299827417094,37.9084458345099,4.14100364859869,19.2649354481427,6.31714532442947,5.71402936760659,6.7373095083417,4.14100364859869,5.71402936760659,4.14100364859869,3.44714664837893,5.71402936760659,4.14100364859869,4.14100364859869,4.14100364859869,5.29652620223231,5.71402936760659,4.14100364859869,4.14100364859869,4.14100364859869,4.14100364859869,6.31714532442947
11.902670166937,9.45417456785029,7.97452788108315,13.8992627367025,10.913397944242,10.0014941611258,13.0291341647326,11.2895156473688,9.80617001891159,12.0380593422854,10.162580087873,13.9404334668155,12.4282085798367,14.1144475281776,5.10069865365679,5.45703653653808,8.17225190088182,11.1138928189822,12.6992905309808,11.1138928188263,5.6159269371984,4.84051803121695,16.2526826256394,14.988638471309,14.988638471309,10.5411758249484,5.71750172155733,2.99703788805841,10.5411758249055,34.2754191963937,4.18630414617209,20.784237181562,5.8753686336502,6.52475855636554,6.81368056011605,4.18630414617209,6.52475855636554,4.18630414617209,3.75491229886679,6.52475855636554,4.18630414617209,4.18630414617209,4.18630414617209,5.39925695206486,6.52475855636554,4.18630414617209,4.18630414617209,4.18630414617209,4.18630414617209,5.8753686336502
11.3069136327209,9.14929941875177,7.58259685864914,13.0422825188948,10.3085547789585,9.44546150160108,12.3788596203075,10.7785003723093,9.36584562428326,11.6310961895182,9.58481406939634,13.0122991321552,11.7483473279234,13.2249576244659,5.33356164291991,5.43327763496257,7.7611667759028,10.5863240864871,12.0383609036335,10.5863240867741,5.37554584284058,5.0440883668354,15.7056442054801,14.1315079255021,14.1315079255021,10.269489737207,5.44933196945737,3.1888628636306,10.269489737207,40.147611667171,4.47935370646451,19.4771335212238,5.94628697499244,5.59163956699503,7.11431549719456,4.47935370646451,5.59163956699503,4.47935370646451,3.8290296113131,5.59163956699503,4.47935370646451,4.47935370646451,4.47935370646451,4.83471465235369,5.59163956699503,4.47935370646451,4.47935370646451,4.47935370646451,4.47935370646451,5.94628697499244
11.2356590315877,9.03233076276243,7.56132405159455,13.60244026999,10.3474611766303,10.1863816368701,12.8567385284954,11.5308562682133,9.19432890246752,10.530423393273,9.61043258676792,13.9694867437056,12.7598513138763,14.1321969955394,4.96561978403009,5.33579385500196,7.69395963136887,10.4111742528265,13.0615907598225,10.4111742523396,5.7208993343469,4.67177760032062,14.1262308865541,15.4195834371456,15.4195834371456,10.0374003313544,5.65862861322413,2.98450139966834,10.0374003314903,37.6108882647595,4.1934688264955,21.3992081088471,6.02748649287081,6.65360124996347,6.58969839137186,4.1934688264955,6.65360124996347,4.1934688264955,3.60027139842702,6.65360124996347,4.1934688264955,4.1934688264955,4.1934688264955,4.77225011629463,6.65360124996347,4.1934688264955,4.1934688264955,4.1934688264955,4.1934688264955,6.02748649287081
11.8640871964053,8.954906073874,7.9059805202764,14.0593015356979,10.7441134286092,10.4133643632285,13.3617178143355,11.8967305462471,9.64500697559121,11.4385062962357,10.0511198038212,14.5040077080556,13.1906230948199,14.7026568379459,5.07359126458776,5.48703850040012,8.05560775974413,10.947950935504,13.4732957914979,10.9479509347983,5.77906746723581,4.71884320868293,15.4300041228827,15.9607051122281,15.9607051122281,10.5013287334662,5.50002726264706,3.23309154542218,10.5013287341968,34.9711287613848,4.53119670713776,22.1128580355936,5.92697276406452,6.67319416646618,6.64550441531648,4.53119670713776,6.67319416646618,4.53119670713776,3.5396041429218,6.67319416646618,4.53119670713776,4.53119670713776,4.53119670713776,5.04748342284238,6.67319416646618,4.53119670713776,4.53119670713776,4.53119670713776,4.53119670713776,5.92697276406452
11.5493836519749,9.39327570297299,8.05195120767782,14.2187971308701,11.0646305168493,10.3432731513329,13.5316345378608,11.8231109942903,9.99549918876892,10.5866495423736,10.2907212966507,14.3606751467023,12.9659356008817,14.5074839845042,5.31646341137593,5.57913040849129,8.11668148753316,11.346507340274,13.3130827236771,11.3465073400905,5.61848306948501,5.24747689880984,14.1221114289803,15.669376490302,15.669376490302,11.088195649685,5.56719520595571,2.90202766796844,11.0881956499405,40.5546433734757,4.07061178479751,21.7901740091424,6.38350467069621,6.11427659025808,7.40270314416323,4.07061178479751,6.11427659025808,4.07061178479751,3.66361276662082,6.11427659025808,4.07061178479751,4.07061178479751,4.07061178479751,4.83175458641883,6.11427659025808,4.07061178479751,4.07061178479751,4.07061178479751,4.07061178479751,6.38350467069621
11.6248709291544,9.47552185488839,8.24164788973947,13.7874224626733,11.2102401636952,9.63351290815113,13.0123508234694,10.9101379749523,10.217903522871,11.6111620265175,10.4940860224787,13.3953070044768,11.8509676996454,13.6216889882529,5.45495802350867,5.91948793609045,8.45849240782383,11.6182707381501,12.2958507992098,11.6182707377901,5.83877235158953,5.2550334143858,15.6238852135267,14.2948138377892,14.2948138377892,11.3363653350757,5.78689059931826,3.3402026024489,11.336365334798,40.5638566338014,4.67347123973176,19.6704420157078,6.69900931379053,5.96289212726631,7.40006267306558,4.67347123973176,5.96289212726631,4.67347123973176,3.55892203256836,5.96289212726631,4.67347123973176,4.67347123973176,4.67347123973176,4.75973896377446,5.96289212726631,4.67347123973176,4.67347123973176,4.67347123973176,4.67347123973176,6.69900931379053
11.3245375411148,8.72318427249784,7.38767559371677,13.0135436889179,10.1369083053579,9.54734404751186,12.2615868366584,10.8273255597186,9.03535761432572,11.6653669979695,9.37151448197234,13.1134243677396,11.9150545785427,13.2987745162466,4.94974157364674,5.38591603662525,7.54097916878416,10.2185690441031,12.2216773163411,10.2185690445592,5.49921485004558,4.65196926971446,15.75896895523,14.3639329076334,14.3639329076334,9.88249925026988,5.34398732497679,2.95447295961486,9.88249925050171,39.3798968303489,4.14606396125368,19.8868183883647,5.95682442826145,6.16850583580318,6.55866186341257,4.14606396125368,6.16850583580318,4.14606396125368,3.64599922122248,6.16850583580318,4.14606396125368,4.14606396125368,4.14606396125368,5.04574743914794,6.16850583580318,4.14606396125368,4.14606396125368,4.14606396125368,4.14606396125368,5.95682442826145
11.1241229515783,9.34262822881441,7.83192257697391,13.2651231119093,10.5830300831548,9.53140335709739,12.659155707666,10.7971157601664,9.72206447286029,10.812749172296,9.97726038439098,13.2820722969301,11.7074816658687,13.4654379353174,5.34943111129964,5.78372427947593,8.28401115940044,11.0403788279007,12.1273569764047,11.0403788276324,5.57578290550918,5.27104370471714,14.4164957329909,14.1213384193653,14.1213384193653,10.5009962259803,5.68313616545328,3.06558706955266,10.5009962257625,34.36622728059,4.28219231698415,19.5072524493071,6.51253148222987,5.70245121450238,7.42371725119264,4.28219231698415,5.70245121450238,4.28219231698415,3.52121308245842,5.70245121450238,4.28219231698415,4.28219231698415,4.28219231698415,5.50185907125725,5.70245121450238,4.28219231698415,4.28219231698415,4.28219231698415,4.28219231698415,6.51253148222987
11.1374091503248,9.04419403290373,7.83465498391161,13.1836040957355,10.3635794024739,9.73764375581768,12.7651828492596,11.1043619052768,9.6379494740956,10.6303454311678,9.92199436049593,13.2645577591139,12.1045175814009,13.4747748197484,5.4494774687444,5.86216389800773,7.84416731145758,10.9072109452582,12.5031471393706,10.907210945427,5.82349595197537,5.20069418336181,14.1267146753122,14.5759674322321,14.5759674322321,10.8895633591859,5.45884371513943,3.25884588119261,10.8895633591859,40.8021242335406,4.55947466417314,20.1049424833893,6.63824285077115,6.07324074540439,7.32433973952802,4.55947466417314,6.07324074540439,4.55947466417314,3.82815368941504,6.07324074540439,4.55947466417314,4.55947466417314,4.55947466417314,5.313431431455,6.07324074540439,4.55947466417314,4.55947466417314,4.55947466417314,4.55947466417314,6.63824285077115
10.9543701405607,9.43030639527953,7.80434695633467,13.0836385148739,10.5271394228274,9.38518161890162,12.3060071186491,10.5123939963532,9.51517423844589,10.7511658212013,9.89433404990449,12.7041527435224,11.4185923119011,12.9542639963093,5.33047785449175,5.55341925825202,7.85447433168424,10.7932185520579,11.7893936027289,10.7932185518765,5.83940597903382,5.06234776924882,14.4453752937098,13.7567000637267,13.7567000637267,10.596626177826,5.74562256121822,3.32402620602101,10.5966261771298,37.0325632681673,4.65890631956538,18.8909025444391,6.20272562179503,6.48974488531684,7.13192713238989,4.65890631956538,6.48974488531684,4.65890631956538,3.55965724436744,6.48974488531684,4.65890631956538,4.65890631956538,4.65890631956538,4.6005651833286,6.48974488531684,4.65890631956538,4.65890631956538,4.65890631956538,4.65890631956538,6.20272562179503
11.3055468434722,8.80158214713397,7.67658575334661,13.3560361034678,10.3979583649782,9.89743251859356,12.7324487644698,11.2218579671842,9.41323576848876,11.1293398475924,9.71526517302747,13.5151911549145,12.2435854329163,13.7267946166226,5.43412259465034,5.79626188800064,7.98244317144702,10.6680440314037,12.6195085683608,10.6680440313477,5.73679172239812,5.21569225063606,14.9039955364612,14.7773479030611,14.7773479030611,10.3167105652848,5.89361812851793,3.31313356630855,10.3167105652848,40.1340430041602,4.64344590926882,20.375498309258,6.40650622808475,6.01055465221215,7.34956383435594,4.64344590926882,6.01055465221215,4.64344590926882,3.60698995029702,6.01055465221215,4.64344590926882,4.64344590926882,4.64344590926882,5.27448038985663,6.01055465221215,4.64344590926882,4.64344590926882,4.64344590926882,4.64344590926882,6.40650622808475
11.7823321658348,9.19240111224327,8.16289813877693,13.7323031328909,11.1250736971164,9.66542841043341,12.9405604475992,10.9611395775225,10.0903584530656,12.0588424131959,10.3689688883657,13.4527894450725,11.9239247565991,13.6872345418099,5.48113347821448,5.91865792091586,8.47500868773227,11.442280045835,12.3284841284447,11.4422800450754,5.85336871030925,5.21476473997284,16.2419386440812,14.3540468852273,14.3540468852273,11.0179772463179,5.66776704895658,3.30906528939344,11.0179772462778,35.9276279731585,4.6450000399026,19.7621354535583,6.62730574841099,6.10650784074609,7.3529300519273,4.6450000399026,6.10650784074609,4.6450000399026,3.80597993580147,6.10650784074609,4.6450000399026,4.6450000399026,4.6450000399026,5.03595933741317,6.10650784074609,4.6450000399026,4.6450000399026,4.6450000399026,4.6450000399026,6.62730574841099
11.3642588600009,9.23059343341061,7.97582396126522,13.4538021423634,10.4405541549556,9.94739607540841,13.1077263913505,11.36867958322,9.83176359324401,10.6102956964747,10.1540130963649,13.8984235533063,12.4631201189279,14.0979167798631,5.27819802987081,5.6217355830147,8.22256937680807,11.1749631752131,12.8320817100193,11.1749631747417,5.72553530739528,5.06612542270669,14.2135999870877,15.066504820405,15.066504820405,10.7787716928703,5.45417506501211,3.23076511198288,10.7787716936255,36.4670141055241,4.53348505751356,20.8193179195131,6.32526345734899,6.14683308993063,7.14216462331011,4.53348505751356,6.14683308993063,4.53348505751356,3.46615765615729,6.14683308993063,4.53348505751356,4.53348505751356,4.53348505751356,5.40968169245693,6.14683308993063,4.53348505751356,4.53348505751356,4.53348505751356,4.53348505751356,6.32526345734899
11.0340220334851,9.4857159444052,8.02702261872549,12.9921586161898,10.5020950626749,9.29845126309992,12.5169506479749,10.4661562204503,9.91345261943986,10.7474316717245,10.2247281103113,12.7406870352816,11.3001566023605,12.9158216179021,5.40298284570619,5.58988687611463,7.94259105800107,11.2205184059409,11.6482173467959,11.2205184057805,5.68380182048877,5.26808141974684,14.3059237558639,13.5586192163288,13.5586192163288,11.0652579165163,5.34828720442217,2.95459034868944,11.0652579162564,40.7049457447674,4.13022814930687,18.7231016573793,6.27513017522638,6.36247124388618,7.42353170874399,4.13022814930687,6.36247124388618,4.13022814930687,3.92540297025383,6.36247124388618,4.13022814930687,4.13022814930687,4.13022814930687,4.86425863694147,6.36247124388618,4.13022814930687,4.13022814930687,4.13022814930687,4.13022814930687,6.27513017522638
11.6468875069422,8.92044710722793,7.73908566209726,13.5754474543232,10.6305577866214,10.0060197550392,12.8707492812975,11.3569568182348,9.47103849825297,11.7178102601436,9.83366210956143,13.6471552440188,12.3817764215567,13.8209134151616,5.41715369805733,5.63535327630231,7.90092219737248,10.7146650187014,12.7493459613703,10.7146650194886,5.83507695267026,5.31167100689883,15.8007302882294,14.925898668496,14.925898668496,10.413425851208,5.47977481098052,3.00562392992011,10.4134258511764,37.521235440327,4.20044247316056,20.6858989286097,6.48854937765015,6.51148160373347,7.48368710415275,4.20044247316056,6.51148160373347,4.20044247316056,3.79286002540037,6.51148160373347,4.20044247316056,4.20044247316056,4.20044247316056,5.26205683402295,6.51148160373347,4.20044247316056,4.20044247316056,4.20044247316056,4.20044247316056,6.48854937765015
11.4156924607305,8.81672948109448,7.57078036805669,13.3320490779585,9.96313099570751,10.3235796600086,13.0667404677167,11.8026296646346,9.21878116608145,10.7924489224809,9.61389569079634,14.1914670570221,12.9700614900994,14.3751284195499,5.28198590627526,5.57138412550255,7.93251054429926,10.4500288751569,13.3509122913091,10.4500288747775,5.86876508870727,5.14221025573663,14.5205502792333,15.6904432098439,15.6904432098439,10.0013687469766,5.42983519806531,3.0968027075767,10.0013687469766,39.8023141430744,4.33937530642092,21.7622851489528,6.5108615072838,6.48881776316861,7.2481936102515,4.33937530642092,6.48881776316861,4.33937530642092,3.51149538556671,6.48881776316861,4.33937530642092,4.33937530642092,4.33937530642092,5.05493506493801,6.48881776316861,4.33937530642092,4.33937530642092,4.33937530642092,4.33937530642092,6.5108615072838
11.5131247233534,9.42328232312854,7.84764630797661,13.4081779687964,10.3750256573145,9.9026024775159,13.0397632070073,11.364141308448,9.71751413494851,11.1954056098194,9.98979146414699,13.6872630506821,12.4521219801643,13.8791770260536,5.2621010848097,5.71899177173596,7.80305508889774,11.0343269051562,12.7929506790098,11.0343269052832,5.51906992270982,5.08419617772202,14.9711812057758,15.0454978820511,15.0454978820511,10.9560463305344,5.34281212539585,3.12018232567641,10.9560463302057,38.8947071910049,4.38144808138039,20.8207920561376,6.18592630407278,5.82384256245359,7.17114524905149,4.38144808138039,5.82384256245359,4.38144808138039,3.52783920509742,5.82384256245359,4.38144808138039,4.38144808138039,4.38144808138039,5.64483189211722,5.82384256245359,4.38144808138039,4.38144808138039,4.38144808138039,4.38144808138039,6.18592630407278
11.2813719618065,8.88110917134595,7.82070031639801,12.9658665570784,10.4314673114115,9.23219691422606,12.3172910828185,10.3941642613926,9.63168967697472,11.5100938929215,9.94311646751375,12.8382107720425,11.3913411462396,13.0666117301776,5.00913723275702,5.7250009256686,8.14051057097759,10.9372248514752,11.8394520651163,10.9372248520584,5.7803141853693,4.64545624714235,15.5410843003369,13.7310220306132,13.7310220306132,10.5759948932578,5.60639098677947,3.19988731159563,10.5759948931258,36.9850236749865,4.49374777746941,18.8901159929639,6.59126708562819,6.04952149663772,6.54803100454992,4.49374777746941,6.04952149663772,4.49374777746941,3.49327597856846,6.04952149663772,4.49374777746941,4.49374777746941,4.49374777746941,4.98607059823217,6.04952149663772,4.49374777746941,4.49374777746941,4.49374777746941,4.49374777746941,6.59126708562819
11.1408484101989,9.30029654072205,7.88724356017557,13.2524803515671,10.4945795466091,9.59267084930497,12.5898248924172,10.7369728898478,9.67954857773238,10.6793361753203,10.0590248936887,13.1678341801576,11.7841151750749,13.3464155164382,4.99988222933763,5.64061567133698,7.94098204182797,10.9824043948751,12.1739622749279,10.9824043950755,5.81295405237484,4.73372847748182,14.2528188229975,14.2071322007973,14.2071322007973,10.7500170527945,5.72766814770889,2.98290594292288,10.7500170530494,38.4002876865757,4.18568764186916,19.6510043901301,6.399131729803,6.5499613627943,6.67405670223113,4.18568764186916,6.5499613627943,4.18568764186916,3.59623099819445,6.5499613627943,4.18568764186916,4.18568764186916,4.18568764186916,5.55294823234201,6.5499613627943,4.18568764186916,4.18568764186916,4.18568764186916,4.18568764186916,6.399131729803
11.5849910390005,9.19448220295051,7.92426070786994,13.9457258120211,10.6426232436874,10.4239245510243,13.4725775242011,11.9713464303685,9.76814094634528,10.7154700268567,10.060208376687,14.5231265880396,13.2124305833481,14.7217276219022,5.28557526268501,5.77524441718989,8.26116747560153,11.0835502937065,13.5967716617576,11.0835502937748,5.81552401900468,5.00162858948104,14.3397853057198,15.9782770092278,15.9782770092278,10.6992886939415,5.63587594461379,3.28653675997702,10.6992886939373,36.0366617201917,4.59622192922608,22.1247269883647,6.63577535742419,6.02505134228387,7.03965873424877,4.59622192922608,6.02505134228387,4.59622192922608,3.62339009845646,6.02505134228387,4.59622192922608,4.59622192922608,4.59622192922608,4.79415172358258,6.02505134228387,4.59622192922608,4.59622192922608,4.59622192922608,4.59622192922608,6.63577535742419
11.1914061995698,8.70907474247581,7.69996714971445,13.2921772762649,10.281873238963,9.88881575603929,12.800824129843,11.2804704106966,9.45400901484385,10.647724496455,9.76486826583636,13.8062187870173,12.3442817809081,14.0016714367738,5.32875371730632,5.60963155626071,8.20626459887477,10.7027059991351,12.6617899860243,10.7027059992864,5.62490804070713,5.1067124714012,14.184210549639,14.8873529325882,14.8873529325882,9.96900146500862,5.45133042292149,3.14334451349964,9.96900146500427,36.04510819486,4.41106593857502,20.586554988295,6.13947412931414,6.14564145875034,7.2011682207768,4.41106593857502,6.14564145875034,4.41106593857502,3.72452616494291,6.14564145875034,4.41106593857502,4.41106593857502,4.41106593857502,5.54243254026201,6.14564145875034,4.41106593857502,4.41106593857502,4.41106593857502,4.41106593857502,6.13947412931414
11.6133849091689,9.34843155650754,7.6117437575238,13.2249436906468,10.2500359768608,9.81270827853267,12.7948276104097,11.2650952221096,9.41571637200114,11.8321919252281,9.67332436347919,13.5068404984121,12.2516196035458,13.6849762844076,5.42466495372511,5.43074378883039,7.74184738622315,10.6738605631766,12.5822580208306,10.6738605621883,5.41987375807623,5.36447615756694,16.0366760644742,14.7909998622663,14.7909998622663,10.430323727743,5.28248534687703,3.03858268678574,10.4303237281935,36.6868783884503,4.26314415288825,20.4879858414479,6.11866626410535,5.70210509732724,7.56740385540318,4.26314415288825,5.70210509732724,4.26314415288825,3.58303656806039,5.70210509732724,4.26314415288825,4.26314415288825,4.26314415288825,5.26554007534386,5.70210509732724,4.26314415288825,4.26314415288825,4.26314415288825,4.26314415288825,6.11866626410535
11.3893416147034,9.22141473947395,7.78590124589341,13.3033011465626,10.2633193808493,9.90058522935325,12.8273666595515,11.1794749889219,9.53285686167877,10.9707951089531,9.94227122312223,13.5438107273569,12.2796846282134,13.7002696782736,5.0359752348775,5.44771827693443,7.67780264521487,10.8212046764888,12.6198993956167,10.8212046761591,5.71653832956506,4.89869963572556,14.7331692530754,14.8357532629991,14.8357532629991,10.6857842685758,5.49642400026057,2.89402304300517,10.6857842689529,39.2269070967808,4.03927444972047,20.5884602980288,6.13295345775173,6.6413569390743,6.8965391889687,4.03927444972047,6.6413569390743,4.03927444972047,3.49344607597101,6.6413569390743,4.03927444972047,4.03927444972047,4.03927444972047,5.58282031430748,6.6413569390743,4.03927444972047,4.03927444972047,4.03927444972047,4.03927444972047,6.13295345775173
11.5524109199592,8.94539158395335,7.92808370307921,13.4711400169421,10.8599279371881,9.43927550066981,12.6745882163835,10.7344672384387,9.86355673271698,11.8232841438859,10.0866227453583,13.2207200174222,11.7028153539317,13.4095112920966,5.24780604734885,5.54721237402842,8.15135467028606,11.1783815864445,12.0389796728009,11.1783815860933,5.43488135109183,5.0233441915438,15.954257684635,14.0814876559835,14.0814876559835,10.7715006454919,5.47176417314511,3.06118287945913,10.7715006451249,34.5977786997865,4.27757438551898,19.4509949843387,6.18241529409959,5.66516424230204,7.07299862466989,4.27757438551898,5.66516424230204,4.27757438551898,3.78062513402932,5.66516424230204,4.27757438551898,4.27757438551898,4.27757438551898,5.05306469101417,5.66516424230204,4.27757438551898,4.27757438551898,4.27757438551898,4.27757438551898,6.18241529409959
10.986100147476,8.92883193282976,7.3572487455288,12.7473646673832,10.1721920034042,9.1398473293258,11.9785940256652,10.3597479667322,9.08687806586216,11.38704205529,9.34545923161131,12.5114316343382,11.2305573376284,12.6877406154971,5.16875868727022,5.31015084822049,7.49152510019403,10.2851027321818,11.5477587060162,10.2851027323495,5.25650992117002,5.06287903635571,15.3627898909462,13.5179886535771,13.5179886535771,9.99671193188967,5.3009418518879,2.88325643100457,9.99671193230011,41.6156894290502,4.0356616402753,18.68599790953,5.88237905222575,5.65715778305083,7.13639427522866,4.0356616402753,5.65715778305083,4.0356616402753,3.59620005388149,5.65715778305083,4.0356616402753,4.0356616402753,4.0356616402753,4.81006779083547,5.65715778305083,4.0356616402753,4.0356616402753,4.0356616402753,4.0356616402753,5.88237905222575
11.348959738819,9.03834964162079,7.82388366722848,13.3568119864339,10.8035259154543,9.32883492702337,12.4428418856934,10.5655143864945,9.64080515003886,11.5744257622916,9.95374476030221,13.0100106304956,11.525578789434,13.2274581444898,5.1600265915559,5.44577154643634,8.02523211917167,10.9462757808164,11.8488479647438,10.9462757804537,5.51899646408298,4.91641816370466,15.6384045499663,13.896563296065,13.896563296065,10.5065280426326,5.40077048652187,3.15258896183277,10.506528043077,40.5064320985688,4.42119666141703,19.1482877423878,5.91438255808169,6.07046828424385,6.92923136572714,4.42119666141703,6.07046828424385,4.42119666141703,3.50934326583393,6.07046828424385,4.42119666141703,4.42119666141703,4.42119666141703,4.82512281123192,6.07046828424385,4.42119666141703,4.42119666141703,4.42119666141703,4.42119666141703,5.91438255808169
10.8169399335254,9.24416139950608,7.55326950354435,12.9172328405197,10.1561149587375,9.4226012312226,12.380176682613,10.7088143705176,9.3537850197252,10.4130681775858,9.61361418039924,12.892443368329,11.6363185554787,13.0593419310889,5.22511041056469,5.40499387502205,7.536173576798,10.5991117583091,11.9562501240966,10.5991117584683,5.31433093990083,5.13463069398605,13.8781380494701,14.0227617662586,14.0227617662586,10.4569884343273,5.37574026532262,2.89259856243656,10.4569884345223,38.617227191116,4.05946985873395,19.4128433540056,5.96485380252253,5.71554806649376,7.2440751190967,4.05946985873395,5.71554806649376,4.05946985873395,3.59843013847268,5.71554806649376,4.05946985873395,4.05946985873395,4.05946985873395,5.01466715921053,5.71554806649376,4.05946985873395,4.05946985873395,4.05946985873395,4.05946985873395,5.96485380252253
11.4243859073769,9.10803165420545,7.74929244377179,13.1467239350027,10.3336383999691,9.7136272358916,12.589183460215,10.9994972891235,9.42923471760499,11.5142116542183,9.81622502840961,13.3518029419968,11.9612343707173,13.5872690156196,5.45756398539523,5.6341010514783,8.10469977681366,10.6944106739077,12.3085606668446,10.6944106737795,5.8372862885221,5.24724686971287,15.5314246198361,14.4342869958987,14.4342869958987,10.1477094819839,5.56489956152031,3.34665036675273,10.1477094820931,38.6584319386936,4.698920814708,19.8643064281791,6.1495688825399,6.50567862536086,7.39920221262228,4.698920814708,6.50567862536086,4.698920814708,3.53921247541618,6.50567862536086,4.698920814708,4.698920814708,4.698920814708,5.46541473268032,6.50567862536086,4.698920814708,4.698920814708,4.698920814708,4.698920814708,6.1495688825399
11.6716707332924,8.74621959042555,7.45780788511377,13.4867171443226,10.1127057055072,10.3847047411566,12.9339618378396,11.7884537782228,9.03327786254732,11.7052901334574,9.42466322957264,13.9894997917812,12.9083048687812,14.2062664068647,5.46648639158525,5.67089108443778,7.68895056006985,10.2341129487568,13.2393823329288,10.2341129488393,5.79349572123366,5.31037923585808,15.795536129178,15.6162529369958,15.6162529369958,9.91095455550364,5.98064657453841,3.30495183785375,9.91095455552499,40.7984291701744,4.63175157664447,21.5929129093397,6.17645054756492,6.41022184833801,7.48390393744818,4.63175157664447,6.41022184833801,4.63175157664447,3.49061649638577,6.41022184833801,4.63175157664447,4.63175157664447,4.63175157664447,5.40218418670572,6.41022184833801,4.63175157664447,4.63175157664447,4.63175157664447,4.63175157664447,6.17645054756492
10.8253231193098,8.80121208102144,7.56437187173075,13.0165353968646,10.3710508228766,9.39714690052742,12.2526513985286,10.619021343696,9.2935396333861,10.4902977631234,9.60433300934863,12.8692353048528,11.6008327967287,13.0370637469196,5.11769278961024,5.60843752704629,7.72210541189001,10.5012796298248,11.9807362621573,10.5012796299211,5.66542149400084,4.87746424425332,13.9521116224823,13.9482415534281,13.9482415534281,10.2488001542351,5.35048993271797,2.9087053832643,10.2488001540492,35.8846841708723,4.07832053263218,19.3011443368062,6.44273441817679,6.17646918347476,6.87698144519822,4.07832053263218,6.17646918347476,4.07832053263218,3.8270017513012,6.17646918347476,4.07832053263218,4.07832053263218,4.07832053263218,5.11401274066528,6.17646918347476,4.07832053263218,4.07832053263218,4.07832053263218,4.07832053263218,6.44273441817679
11.4427142971965,8.97670878538093,8.06531168299335,13.7594536745358,10.5774371736234,10.2350082743809,13.3786787110221,11.6650098622717,9.98925085428399,10.4903200771032,10.2516343439919,14.2365615533092,12.8032612801449,14.4467645556273,5.38978687766736,5.82342118049815,8.37016760158396,11.3322927414225,13.1545179888013,11.3322927414306,5.68933441739021,5.14030489106785,13.9028109773167,15.4585056279905,15.4585056279905,10.8871542102874,5.91062836414321,3.24728032868374,10.8871542102636,41.2626933574686,4.55625793488866,21.3821411298197,6.42024648709947,5.92672166228221,7.24683959147635,4.55625793488866,5.92672166228221,4.55625793488866,3.72452247306371,5.92672166228221,4.55625793488866,4.55625793488866,4.55625793488866,5.56918850598119,5.92672166228221,4.55625793488866,4.55625793488866,4.55625793488866,4.55625793488866,6.42024648709947
11.080569252407,8.94118427250098,7.86399944759505,13.3532789159111,10.4037275377526,9.86970156740674,12.9281181597016,11.2164939597556,9.70416808959296,10.2746880763686,10.0030584082637,13.6648510919148,12.1903513863133,13.8723529080807,5.46929994426975,5.52622504422384,8.20871507383854,11.0260306028351,12.5462104181556,11.0260306025126,5.60464635772559,5.37498454912111,13.7370306453711,14.7291290011045,14.7291290011045,10.518414689197,5.74641409679058,3.21700485260466,10.5184146887186,38.1766776495124,4.51084122107892,20.3364446488335,6.19341755129137,5.96071706409054,7.57838115582007,4.51084122107892,5.96071706409054,4.51084122107892,3.45809451438358,5.96071706409054,4.51084122107892,4.51084122107892,4.51084122107892,4.92797022151863,5.96071706409054,4.51084122107892,4.51084122107892,4.51084122107892,4.51084122107892,6.19341755129137
11.6328205270924,8.84463341630085,7.7680781375077,13.4733474602012,10.3586405629657,10.0253732690826,12.9875361402718,11.4301968365938,9.51962609023491,11.4671771268882,9.91257351721446,13.9768121875934,12.6440791094629,14.1251389738801,4.90060636537062,5.7665900232584,7.95904736486435,10.7983026911087,13.0259142033351,10.7983026904927,5.8218709206564,4.65313338440259,15.3622566850008,15.2803188724344,15.2803188724344,10.4455250560352,5.17640969458841,2.88854870431038,10.4455250557523,36.020605889402,4.04652080922983,21.2274293017201,6.48656324311988,6.57510997974413,6.55688457083264,4.04652080922983,6.57510997974413,4.04652080922983,3.56092184483843,6.57510997974413,4.04652080922983,4.04652080922983,4.04652080922983,4.96302468541799,6.57510997974413,4.04652080922983,4.04652080922983,4.04652080922983,4.04652080922983,6.48656324311988
11.8932003651015,9.06858403792603,7.84502911022937,13.7998990171971,10.5077913701897,10.3877786106457,13.365879098273,11.9095692441476,9.62963850163666,11.6562601469148,9.97213971719859,14.505432975394,13.1214582407103,14.698362890399,5.27397166055179,5.83313678685078,8.33367679375633,10.9317371435058,13.5181057278695,10.9317371436315,5.87554400866347,5.06459998801842,15.7048677969039,15.8763711036614,15.8763711036614,10.3550697953794,5.52326263498212,3.21146890745757,10.3550697955109,40.6978459228566,4.49236726377102,21.9976607018152,6.64202140579929,6.26642955750682,7.13126639390834,4.49236726377102,6.26642955750682,4.49236726377102,3.52241337922957,6.26642955750682,4.49236726377102,4.49236726377102,4.49236726377102,5.16607281293886,6.26642955750682,4.49236726377102,4.49236726377102,4.49236726377102,4.49236726377102,6.64202140579929
11.5573287718045,8.95774624728783,7.96093539021815,13.6780830068961,10.4681948583119,10.1450665517538,13.2428302664471,11.6136953861946,9.86692193669234,10.9085904709321,10.0778784711625,14.0542049707798,12.8462255148645,14.2683214505964,5.21353451211078,5.64699219815785,7.9906448411909,11.1718132462939,13.1515253882595,11.1718132459862,5.55966994255644,4.72935985603075,14.5984473551231,15.4938641185352,15.4938641185352,11.0400782468846,5.84305047660277,3.34608119278566,11.0400782468918,41.5697907100258,4.701234216314,21.4013550250916,6.2286693709432,5.64196453929744,6.66667407744013,4.701234216314,5.64196453929744,4.701234216314,3.87246739130515,5.64196453929744,4.701234216314,4.701234216314,4.701234216314,5.47333807477732,5.64196453929744,4.701234216314,4.701234216314,4.701234216314,4.701234216314,6.2286693709432
11.2350521115463,9.13721691340476,7.89446363971311,12.9793842422823,10.3762165248534,9.20418932010733,12.4529006049344,10.3962142895936,9.82874894635477,11.174440374212,10.0726699234573,12.9374795311599,11.3645584867453,13.1102587466496,4.99862667244355,5.29016100529692,8.03611751270489,11.1524758231932,11.6856809977938,11.1524758234319,5.32274070579049,4.75470258349138,15.0751997236981,13.6783880105433,13.6783880105433,10.7629259102124,5.48105345052989,2.92806678554102,10.7629259108617,39.0947418502858,4.09919235213146,18.9045907354755,5.95690902857735,5.71892550544453,6.69873589363649,4.09919235213146,5.71892550544453,4.09919235213146,3.64440257136578,5.71892550544453,4.09919235213146,4.09919235213146,4.09919235213146,5.56202378475431,5.71892550544453,4.09919235213146,4.09919235213146,4.09919235213146,4.09919235213146,5.95690902857735
11.4050079640489,9.04751631711403,7.73160389188888,13.6479186065189,10.478747424979,10.1300111499598,13.1402714325427,11.6396988233131,9.57377414145895,10.7275025073879,9.82030603346572,14.1592276107935,12.8224471707167,14.3502495460013,5.19645177101503,5.80675018693326,8.17087479934609,10.8582107056416,13.2132620333797,10.8582107057439,5.62426668884426,4.95279490898976,14.3020245309132,15.4975404083631,15.4975404083631,10.3983258801572,5.52787951161627,3.14452394497623,10.3983258802363,34.1889202825976,4.40444867135401,21.4705009412423,6.59113990461732,5.66172182268558,6.97755839808007,4.40444867135401,5.66172182268558,4.40444867135401,3.59484942106024,5.66172182268558,4.40444867135401,4.40444867135401,4.40444867135401,5.62603099966976,5.66172182268558,4.40444867135401,4.40444867135401,4.40444867135401,4.40444867135401,6.59113990461732
11.6328280374043,9.19108930012936,8.04223416984272,13.9860217901974,10.9684421007135,10.0421205928113,13.1542987666797,11.4246019993552,9.93876007965319,11.2478873308805,10.1957045745403,13.9613060087256,12.5994128183917,14.1776339659151,5.24438218665102,5.50813864527821,8.12040858710898,11.2510316374158,12.8485538328983,11.2510316375165,5.52938475547801,4.80386762749904,15.0890541997852,15.1804995109254,15.1804995109254,10.8995536008435,5.84041520853997,3.28483371441441,10.8995536008425,41.0427821409588,4.61411695095721,20.9659940093921,5.86317428905187,6.00462872580149,6.7724031148297,4.61411695095721,6.00462872580149,4.61411695095721,3.918476373553,6.00462872580149,4.61411695095721,4.61411695095721,4.61411695095721,5.1817071369331,6.00462872580149,4.61411695095721,4.61411695095721,4.61411695095721,4.61411695095721,5.86317428905187
10.9658788941078,9.09113752544581,7.82581482842419,13.1798423132256,10.435954325371,9.6246242301023,12.5736988916099,10.837921460963,9.60154351053911,10.4922035641631,9.9332651992219,13.1823425492783,11.7348389458451,13.3807912665863,5.49139408484266,5.48281032999805,8.0380295098668,10.8692407435802,12.0387808461733,10.8692407438116,5.6469210849648,5.34190577739289,13.9863576584717,14.1203794925846,14.1203794925846,10.3922707542013,5.70572888964818,3.13835518176376,10.3922707542381,38.3464025695207,4.40200132168662,19.4758328887492,6.00233089458584,6.34488290417971,7.53346097985049,4.40200132168662,6.34488290417971,4.40200132168662,3.7861461490934,6.34488290417971,4.40200132168662,4.40200132168662,4.40200132168662,4.75662984973302,6.34488290417971,4.40200132168662,4.40200132168662,4.40200132168662,4.40200132168662,6.00233089458584
10.979506504374,8.95249171047469,7.63593942632902,13.1407164505508,10.3551107506073,9.67265802648718,12.4295658114616,10.9318918361441,9.27845090978223,10.6321249976603,9.6605934321725,13.2216305332715,11.8620618878371,13.4303592527762,5.49249580294199,5.47257659036714,7.89901794664895,10.4727246437233,12.1160147007365,10.4727246436006,5.68995633168948,5.30092160500036,14.1395934579781,14.2622413441973,14.2622413441973,9.86632500926754,5.40092682561079,3.12486438332658,9.86632500872435,37.916421257546,4.38756165040324,19.6878804664778,5.79596318389462,6.65461225501147,7.47812385925647,4.38756165040324,6.65461225501147,4.38756165040324,3.91509738156828,6.65461225501147,4.38756165040324,4.38756165040324,4.38756165040324,5.40816053280352,6.65461225501147,4.38756165040324,4.38756165040324,4.38756165040324,4.38756165040324,5.79596318389462
11.8460572461923,8.96437234449728,7.9366578980733,14.1462496922243,10.9734692210859,10.2658841790679,13.4011064942041,11.766546936627,9.81666879822253,11.4213247897436,10.1345982716811,14.5257081106217,13.0055313753662,14.6853910418755,5.03518961449148,5.61378815849221,8.36090892170277,11.1620905564508,13.370107187093,11.1620905563054,5.64460651600269,4.8371740129891,15.3961166631032,15.7445006030213,15.7445006030213,10.5492710878978,5.45174514208437,3.03417244162242,10.5492710879213,37.3262394883475,4.24158426231129,21.8594123842485,6.36592111121449,6.08843521624489,6.81012165807751,4.24158426231129,6.08843521624489,4.24158426231129,3.41903279143675,6.08843521624489,4.24158426231129,4.24158426231129,4.24158426231129,5.33727598850234,6.08843521624489,4.24158426231129,4.24158426231129,4.24158426231129,4.24158426231129,6.36592111121449
11.6874586002009,9.59967608799508,7.93738021190929,13.7161576863547,10.8496257967634,9.87987537165016,13.0784957610499,11.2999462852723,9.83498307020103,11.5380598391075,10.1382967364277,13.6322385799763,12.3582143847248,13.8029736321265,5.23358567329752,5.61341188198361,7.88567689535651,11.1663618094487,12.7660542741615,11.1663618098731,5.69797661953944,5.14275588475136,15.5797915688747,14.9223941113242,14.9223941113242,11.1315209202521,5.22390916247843,2.91858953775034,11.1315209202521,39.8013593047852,4.0905557970565,20.702805254629,6.60182104429549,6.0896310043885,7.25219334260507,4.0905557970565,6.0896310043885,4.0905557970565,3.58378263654854,6.0896310043885,4.0905557970565,4.0905557970565,4.0905557970565,5.25926088396081,6.0896310043885,4.0905557970565,4.0905557970565,4.0905557970565,4.0905557970565,6.60182104429549
11.4546281445009,9.47796256562919,7.86153999078838,13.8160040174457,10.6037341068256,10.3299883841209,13.3029645085605,11.8043831839511,9.70267541192426,10.7498839726609,9.95812501079463,13.9975257413207,12.885782675543,14.2277566771144,5.62560840804499,5.76024689649222,7.86789547417533,11.0026033187286,13.2360979585097,11.002603318934,5.67528225645269,5.45687951723446,14.3607623608429,15.5685064519091,15.5685064519091,10.9681271794004,5.98742632084555,3.36003163847801,10.9681271793869,36.0575153482466,4.72095206208938,21.5044144601473,6.39147298905462,5.78683735194494,7.69826242420344,4.72095206208938,5.78683735194494,4.72095206208938,3.65929820350938,5.78683735194494,4.72095206208938,4.72095206208938,4.72095206208938,5.18352355208243,5.78683735194494,4.72095206208938,4.72095206208938,4.72095206208938,4.72095206208938,6.39147298905462
11.0389277694418,9.02036997507863,7.88896039607977,13.2484409564601,10.6002678378167,9.42560849870702,12.5549568995837,10.6399605216515,9.77782921707446,10.6554971925113,10.0301748526832,13.1262055956505,11.6077451012713,13.3202841478169,5.21420706376119,5.59496474861422,8.14574826474337,11.0790540446608,11.9457321199837,11.0790540455986,5.50762001780483,4.94572365954389,14.1931150075821,13.9652441881743,13.9652441881743,10.6298842327496,5.69158833553606,3.08652003197415,10.6298842328762,35.2978734496632,4.33055683390844,19.2689628381767,6.16950114859858,5.84679601418117,6.9730521209046,4.33055683390844,5.84679601418117,4.33055683390844,3.76641883155927,5.84679601418117,4.33055683390844,4.33055683390844,4.33055683390844,5.24676700188239,5.84679601418117,4.33055683390844,4.33055683390844,4.33055683390844,4.33055683390844,6.16950114859858
11.7057461808702,9.213327589232,7.84695017818923,13.5566010095458,10.5935362397065,9.7901640513651,12.9721243073534,11.1937882010059,9.76170935535367,11.6633090971535,10.0171692990713,13.8041227950936,12.3639704193798,13.9666427040989,4.8942313075044,5.55962056702212,8.10930212001939,11.0964610639387,12.7582707983823,11.0964610640958,5.50603742900531,4.63563552904052,15.7890509061671,14.9476882810106,14.9476882810106,10.7488906478737,5.44909939280549,2.99031718590318,10.7488906481433,36.2781079643872,4.18322266430946,20.7225281645625,6.43953136222272,5.65533501653725,6.52651970061064,4.18322266430946,5.65533501653725,4.18322266430946,3.42999790368953,5.65533501653725,4.18322266430946,4.18322266430946,4.18322266430946,5.3631033780676,5.65533501653725,4.18322266430946,4.18322266430946,4.18322266430946,4.18322266430946,6.43953136222272
11.3889452777746,8.73034981066723,7.80316127588752,13.4943709422106,10.5033805716473,9.92937873480358,12.8557891382402,11.2095382167814,9.5987859389202,10.9638050456858,9.93833672788667,13.7786479470112,12.3309820132069,13.9335110205518,5.07220723141991,5.58900072886628,8.15680118434054,10.8698347395079,12.7108478984442,10.8698347392361,5.77000434572222,4.84241360419481,14.7017306454589,14.8677639094622,14.8677639094622,10.3466291222192,5.69868834430752,2.92087467163728,10.3466291222049,38.3380043047446,4.07800083388283,20.6265689411912,6.52836860177696,6.37404020368242,6.81670253077088,4.07800083388283,6.37404020368242,4.07800083388283,3.75280951445761,6.37404020368242,4.07800083388283,4.07800083388283,4.07800083388283,5.45725617898651,6.37404020368242,4.07800083388283,4.07800083388283,4.07800083388283,4.07800083388283,6.52836860177696
11.1403031767526,9.29123958957958,8.1235298445162,13.1719674724634,10.7060342638023,9.36374468151209,12.645083633895,10.5616107334438,10.0507185468049,10.8396911318227,10.3214204723262,12.8812232176363,11.4065256851664,13.0975023330838,5.51918570553839,5.86099829834437,8.23814930414675,11.3844961852037,11.816149583788,11.3844961863385,5.81278799495456,5.2994865683033,14.4181015857385,13.6948247835153,13.6948247835153,11.1640815216728,5.60624518837315,3.20752377696542,11.1640815213205,41.5771166541067,4.50258123151277,18.8362774640614,6.61669657610042,6.10825796393765,7.47446024132206,4.50258123151277,6.10825796393765,4.50258123151277,3.90413784916288,6.10825796393765,4.50258123151277,4.50258123151277,4.50258123151277,5.37008988997984,6.10825796393765,4.50258123151277,4.50258123151277,4.50258123151277,4.50258123151277,6.61669657610042
11.9585573114839,9.01620718943963,7.87510096832429,13.8292185790616,10.4529688075338,10.3919275482042,13.4043887892204,11.8573561198798,9.71032978033258,11.6196318476023,10.0592007221024,14.465196611476,13.1142462314757,14.6079288766153,5.01744313487239,5.52020399248958,8.03794066332616,11.0313482789394,13.4708995154211,11.0313482791993,5.6921435262998,4.83489566624921,15.7174870362309,15.8724534150911,15.8724534150911,10.6948307910369,5.60761016322278,2.94040851117335,10.6948307910689,36.5849709477318,4.12111140864746,22.0658699230725,6.36671401100743,6.29947090874748,6.81523663954882,4.12111140864746,6.29947090874748,4.12111140864746,3.47746893346856,6.29947090874748,4.12111140864746,4.12111140864746,4.12111140864746,5.65909619880264,6.29947090874748,4.12111140864746,4.12111140864746,4.12111140864746,4.12111140864746,6.36671401100743
11.8359990708409,9.41786891997152,8.16449536994618,13.7198973814875,10.6311317148362,10.1858801077596,13.3095963743106,11.5013538207544,10.0522126343877,11.5195974689463,10.4136394185814,14.1700578791818,12.6562785178774,14.337235087667,5.19911101072479,5.70205690599763,8.44162322674787,11.3891894340572,13.0462802568231,11.389189432969,5.97823253122019,4.94632244130155,15.5048819114411,15.2563868150319,15.2563868150319,10.9072062442397,5.75401816251629,2.98222050446046,10.9072062441006,36.3149950089663,4.17764831038267,21.1662007761883,6.7174477309908,6.68129951061096,6.97116580880407,4.17764831038267,6.68129951061096,4.17764831038267,3.87835101007245,6.68129951061096,4.17764831038267,4.17764831038267,4.17764831038267,4.79064852635078,6.68129951061096,4.17764831038267,4.17764831038267,4.17764831038267,4.17764831038267,6.7174477309908
11.2524417819998,9.02741258555286,7.85086184105043,13.3969457545793,10.6165697239468,9.71049815969182,12.6419036097793,10.8944292652224,9.60579944166766,11.0294010962128,9.99842787525323,13.3275202007767,11.8487044331732,13.5084569865135,5.31614548289755,5.46949381932287,8.02217956078338,10.8864268225234,12.155138831079,10.8864268222421,5.70382346097621,5.19505766682899,14.774637185822,14.2769842661696,14.2769842661696,10.3859739343909,5.6716167224765,3.00309548924757,10.385973934537,36.9242162680493,4.20153562819924,19.7477825561007,5.96719776546586,6.65876826105344,7.3207765376184,4.20153562819924,6.65876826105344,4.20153562819924,3.6791787566527,6.65876826105344,4.20153562819924,4.20153562819924,4.20153562819924,5.08272092516222,6.65876826105344,4.20153562819924,4.20153562819924,4.20153562819924,4.20153562819924,5.96719776546586
11.7406767690164,9.03781950986243,7.89233113288201,13.7632656990522,10.8944139277977,9.87884449499045,12.9402873177793,11.2626656294482,9.73404216560562,11.8401484367681,9.99748055297938,13.5611081381905,12.3940821204577,13.7903447084872,5.2380677607007,5.91368935787035,7.94662119068989,11.0389221739064,12.7998032172615,11.0389221739017,5.79239306916068,4.84517455486513,15.9503120581417,14.9573496547843,14.9573496547843,11.0127013087566,5.75597133034855,3.3751846438804,11.0127013084694,39.9989962737113,4.72850464036783,20.619584534104,6.6384410576765,5.85034866720446,6.82096398290677,4.72850464036783,5.85034866720446,4.72850464036783,3.66429772194952,5.85034866720446,4.72850464036783,4.72850464036783,4.72850464036783,5.55214753755881,5.85034866720446,4.72850464036783,4.72850464036783,4.72850464036783,4.72850464036783,6.6384410576765
11.5225769547199,8.68286224165339,7.47273583795347,13.4744635281215,10.3142374573003,9.99181926856855,12.7489516330292,11.3801717975261,9.21413586943961,11.6379196978998,9.48733032881161,13.6783931238139,12.5041257855552,13.8211641947826,5.14649839420229,5.37414301643009,7.47468868977568,10.4101017696701,12.7503764012233,10.4101017695585,5.29370730048858,4.96712970081912,15.6490982460596,15.076521874156,15.076521874156,10.1643941485373,5.56972875151507,2.86112071128996,10.1643941485359,36.2435637788874,3.99960068588353,20.943415516335,5.75664742636145,5.91050169924876,6.99799013235968,3.99960068588353,5.91050169924876,3.99960068588353,3.80654437519609,5.91050169924876,3.99960068588353,3.99960068588353,3.99960068588353,4.94310572240912,5.91050169924876,3.99960068588353,3.99960068588353,3.99960068588353,3.99960068588353,5.75664742636145
11.1169299651209,9.30035733506597,7.59353821172135,12.8565495623958,10.3269540723476,9.23025504161608,12.0585106348843,10.3531527745117,9.23632285271264,11.4611491278984,9.64650820694567,12.489428487536,11.2432461882872,12.7032595648118,5.18041966089281,5.5049120661563,7.55475733295831,10.4765563932639,11.5851213736922,10.4765563929356,5.69702399561482,4.99521815093121,15.4432449165061,13.551405068615,13.551405068615,10.3068490681789,5.40952179890211,3.11877295089919,10.3068490676643,36.1414299341686,4.36429765861904,18.6623661229101,5.94699334235009,6.55391012247421,7.03564824143873,4.36429765861904,6.55391012247421,4.36429765861904,3.4585962535194,6.55391012247421,4.36429765861904,4.36429765861904,4.36429765861904,5.10468199544712,6.55391012247421,4.36429765861904,4.36429765861904,4.36429765861904,4.36429765861904,5.94699334235009
11.6226291386883,9.20951560720198,8.02912837550045,13.6675901874168,10.6653443656968,9.97173562713995,13.2388628676115,11.4146846380298,9.99439423794804,11.1769390250307,10.2505853002826,13.8711154594887,12.4767188496471,14.0320159839488,5.31703996268948,5.58904248462361,8.01831777406125,11.3395071781537,12.8041616301964,11.3395071791864,5.47813800383485,5.21740149222679,14.9611884406469,15.0537793615212,15.0537793615212,11.1435710907465,5.37307419539823,2.93107325096045,11.1435710901419,36.2769835270933,4.10812341278194,20.8913920926121,6.21344815380129,5.87762612330593,7.35800877963261,4.10812341278194,5.87762612330593,4.10812341278194,3.71417190782361,5.87762612330593,4.10812341278194,4.10812341278194,4.10812341278194,5.69020687608598,5.87762612330593,4.10812341278194,4.10812341278194,4.10812341278194,4.10812341278194,6.21344815380129
11.6803685015261,9.19090122826588,8.17716447273781,13.852557635618,10.8254457621969,10.1293886613649,13.4387962835527,11.6241063683145,10.1617652317095,11.1441557712708,10.3990030367038,14.2153136934297,12.736455314947,14.4137359607249,5.44678958495726,5.86191587855456,8.46397164564372,11.5133122483606,13.095299660859,11.5133122484186,5.71122654641463,5.20469549188717,14.8538908794608,15.3513451573166,15.3513451573166,11.0840265684869,5.4791658211731,3.17289497786934,11.0840265688577,38.4072005406147,4.4487711658271,21.2491377520446,6.57029399241118,5.90703586921168,7.33734280702751,4.4487711658271,5.90703586921168,4.4487711658271,3.92089430744762,5.90703586921168,4.4487711658271,4.4487711658271,4.4487711658271,4.82396107567163,5.90703586921168,4.4487711658271,4.4487711658271,4.4487711658271,4.4487711658271,6.57029399241118
11.4033766406089,9.19069931020681,7.87852578125228,13.3855855470007,10.4787751667902,9.75241433698562,12.7902653843697,11.0885428088627,9.6822772861672,11.2119690630559,9.98704806071149,13.4252155723005,12.1964873170529,13.6595389922482,5.18967775847907,5.52713064023686,7.84048576077601,10.9751637871949,12.4946422206892,10.9751637879026,5.62498031737544,4.7893967354634,15.0812906900857,14.7082358936661,14.7082358936661,10.8225428488122,5.60540790583619,3.31034398497519,10.8225428491864,34.6498468989936,4.64845520671602,20.2741823218749,5.97536417168868,6.13247593909767,6.75048171194156,4.64845520671602,6.13247593909767,4.64845520671602,3.69056597883342,6.13247593909767,4.64845520671602,4.64845520671602,4.64845520671602,4.64512282899669,6.13247593909767,4.64845520671602,4.64845520671602,4.64845520671602,4.64845520671602,5.97536417168868
11.3715986588014,9.17320842597251,7.82641629600256,13.8095507872503,10.6250914676423,10.1120686957026,13.1638170940868,11.5484761840044,9.74035338961384,10.5602656454684,9.9587106166798,14.2587590831277,12.7733517808801,14.419211141926,5.02276500590356,5.47878745417644,8.25226874987615,11.0238007179334,13.076309153747,11.0238007178807,5.39487839294189,4.70883946222044,14.0761436573846,15.4043158962743,15.4043158962743,10.3791812172241,5.68950099997822,2.92782327989293,10.3791812172415,36.1841936179832,4.09579254754292,21.4014680295567,6.19737199427616,5.66853635589317,6.631667926694,4.09579254754292,5.66853635589317,4.09579254754292,3.86390230349832,5.66853635589317,4.09579254754292,4.09579254754292,4.09579254754292,5.20037643015628,5.66853635589317,4.09579254754292,4.09579254754292,4.09579254754292,4.09579254754292,6.19737199427616
11.5898123307673,9.57294524102184,7.93708448975466,13.9575663035382,10.5424147885845,10.4938969586747,13.5722500671938,12.0217952644051,9.82097411158752,10.5934502258277,10.1250987499259,14.5329245947967,13.1874108305994,14.7090799558622,5.384640221941,5.5556519210376,8.01527637172705,11.158147506002,13.4690798332265,11.1581475058749,5.46732326125782,5.32485017559602,14.0911222148134,15.9605617084221,15.9605617084221,10.8139716736956,5.67328890599058,3.05167298908629,10.8139716746989,42.0299043828117,4.27816759435718,22.1625830710906,5.89983336457337,6.04683957688518,7.50917398505176,4.27816759435718,6.04683957688518,4.27816759435718,3.50590791098655,6.04683957688518,4.27816759435718,4.27816759435718,4.27816759435718,5.6835728635295,6.04683957688518,4.27816759435718,4.27816759435718,4.27816759435718,4.27816759435718,5.89983336457337
11.3129423724833,9.40171500538711,8.13332471619062,13.5991332908451,10.7307721803374,9.9549412665826,13.0462658420129,11.19060377211,9.96742012633924,10.5967945505033,10.3469291940287,13.4778689662372,12.183459465638,13.7071201233076,5.47923758888947,5.85927554423001,8.05158468802456,11.3217930173823,12.5720877003223,11.3217930172845,5.97244873627656,5.2901800904554,14.0829389144218,14.7052760489037,14.7052760489037,11.2554698424042,5.98308822097214,3.31522277642223,11.2554698424533,41.8779230505139,4.6489058244844,20.2705223393251,6.45766745012555,6.61033263278894,7.45688377373331,4.6489058244844,6.61033263278894,4.6489058244844,3.58434387568463,6.61033263278894,4.6489058244844,4.6489058244844,4.6489058244844,5.55407623102161,6.61033263278894,4.6489058244844,4.6489058244844,4.6489058244844,4.6489058244844,6.45766745012555
11.1407612429305,9.23747496923668,8.01377025293264,13.5782867221701,10.7502355780029,9.7609973654462,12.8921137089856,11.0190182222873,9.88727060452235,10.3811405958739,10.1972925070926,13.5349123118969,12.0286663221769,13.7429236070279,5.31564516497006,5.43031012106474,8.20291341748934,11.2327713874284,12.3522104595081,11.2327713870968,5.6044918872373,5.10343330048034,13.9090128409934,14.5188261873865,14.5188261873865,10.8042894986001,5.88234347040849,3.24867481108861,10.8042894988576,39.0262244779065,4.54300663993779,20.0226612843201,6.01412021947157,6.11732928742097,7.18491044090711,4.54300663993779,6.11732928742097,4.54300663993779,3.53629314601371,6.11732928742097,4.54300663993779,4.54300663993779,4.54300663993779,4.94395076782688,6.11732928742097,4.54300663993779,4.54300663993779,4.54300663993779,4.54300663993779,6.01412021947157
11.340910209671,9.10296689075261,8.08653058462462,13.4581308604566,10.8274048908941,9.51661548899785,12.8832601417714,10.8235518070214,10.0653251557345,11.0282440869551,10.3260231900452,13.3074294387614,11.7707676016828,13.4895413633677,5.2875516291938,5.61956540577994,8.21997676111659,11.4341368187903,12.1679567048907,11.4341368188653,5.59000178663954,5.16050366393941,14.8019023063298,14.1889973124714,14.1889973124714,11.1570564385932,5.40444880252162,3.01847166571496,11.157056438594,37.9068811986111,4.23153826353749,19.6150941396665,6.44528450451846,5.85626845470593,7.27647793049425,4.23153826353749,5.85626845470593,4.23153826353749,3.6083908654964,5.85626845470593,4.23153826353749,4.23153826353749,4.23153826353749,4.838793511087,5.85626845470593,4.23153826353749,4.23153826353749,4.23153826353749,4.23153826353749,6.44528450451846
11.3501290377623,9.36695216689772,7.8290363093151,13.5838394367699,10.7597612334841,9.74586761745414,12.8480424499791,11.0689645545679,9.69613412031003,11.0449522596795,10.0009335751574,13.4462087767208,12.0525431241367,13.6134880856425,5.25798637279437,5.53576231799219,7.88828784990053,11.0135704460584,12.4030868257913,11.0135704473154,5.49369898352277,5.22576507144167,14.8027288552988,14.5544321116703,14.5544321116703,10.7605368671903,5.48183464960917,2.90000795976316,10.7605368678425,39.6955461587201,4.06085497183138,20.1792447888836,6.1537422241303,6.01520029857559,7.36810517288586,4.06085497183138,6.01520029857559,4.06085497183138,3.48695009242698,6.01520029857559,4.06085497183138,4.06085497183138,4.06085497183138,5.501335765912,6.01520029857559,4.06085497183138,4.06085497183138,4.06085497183138,4.06085497183138,6.1537422241303
11.4410202563141,9.01094714966829,7.83937464229514,12.917670044868,10.2522117039539,9.4295246524233,12.4844141759423,10.6139867011949,9.64039060627806,11.7658947485978,10.0025954138351,13.1255299005804,11.5635946701444,13.2825008501769,5.13576017214078,5.7074021636647,8.15070201620805,10.9287753547932,11.961893157525,10.9287753558325,5.7635216088716,4.99098727406605,15.8170262913746,13.9236672595778,13.9236672595778,10.4106502940348,5.34752757253212,2.87733370950811,10.4106502941185,41.5166954020573,4.02696625891412,19.2753075684996,6.44504736465514,6.47298589061701,7.03426112895732,4.02696625891412,6.47298589061701,4.02696625891412,3.66466952662194,6.47298589061701,4.02696625891412,4.02696625891412,4.02696625891412,4.8108173764322,6.47298589061701,4.02696625891412,4.02696625891412,4.02696625891412,4.02696625891412,6.44504736465514
11.201969271958,9.0461779502957,7.76377586275954,13.0503412117969,10.2358016322205,9.62156242306934,12.6273437699957,10.9022582607707,9.58038492159293,10.8624778297953,9.88469069695505,13.1376339076479,11.8783904854212,13.3089552698863,5.25857894990867,5.45840679858934,7.73685685995152,10.8415299956357,12.240041308058,10.8415299955976,5.63277101576467,5.12171072200782,14.5782546594953,14.2968655902569,14.2968655902569,10.7237524780523,5.38878239300267,2.88052856267058,10.7237524779509,38.0774174590497,4.03546734372162,19.8117387241787,6.3780485057751,6.18218624971731,7.22194046768366,4.03546734372162,6.18218624971731,4.03546734372162,3.80995326877995,6.18218624971731,4.03546734372162,4.03546734372162,4.03546734372162,5.6268023965511,6.18218624971731,4.03546734372162,4.03546734372162,4.03546734372162,4.03546734372162,6.3780485057751
11.0404621178309,9.25758488040089,7.83919236444536,13.1916849129652,10.3914515163514,9.65818413333793,12.760810016117,11.0244273770316,9.68597677384717,10.3975950188695,9.9510610710507,13.3029715224538,12.0231454369437,13.5184395833533,5.36236685117732,5.64626046433285,7.9775686508134,10.9820677981035,12.4201009053105,10.982067797165,5.69095477886083,5.13836686528385,13.8969109564902,14.4954553687317,14.4954553687317,10.8114458164952,5.45810340094041,3.21167486169093,10.8114458161855,34.5596605148897,4.50774970982909,19.9973186941966,6.52390272377728,5.85486871779452,7.24548386797006,4.50774970982909,5.85486871779452,4.50774970982909,3.6669918305855,5.85486871779452,4.50774970982909,4.50774970982909,4.50774970982909,4.7885095212703,5.85486871779452,4.50774970982909,4.50774970982909,4.50774970982909,4.50774970982909,6.52390272377728
11.1968999379025,9.31967117676145,7.89047374780119,13.2273472897528,10.5424709682285,9.55279843366641,12.6334549019535,10.7983072702038,9.73508220966308,10.9832226157241,10.0093822893293,13.0190155590291,11.7279569221234,13.2591888521956,5.42811422061949,5.76414486388307,7.9726155854023,11.0492674802963,12.1250516292017,11.0492674806804,5.70167033541934,5.20853005225586,14.7151819944973,14.1387016961571,14.1387016961571,10.9225299807529,5.84925107265711,3.33543763598394,10.922529980794,38.4058515684365,4.66693408865188,19.4414876367851,6.42272007852766,5.8732605063327,7.33410682590272,4.66693408865188,5.8732605063327,4.66693408865188,3.58087581245902,5.8732605063327,4.66693408865188,4.66693408865188,4.66693408865188,5.34919508764772,5.8732605063327,4.66693408865188,4.66693408865188,4.66693408865188,4.66693408865188,6.42272007852766
11.6339827665442,8.91440661612393,7.76904724839097,13.6813636702153,10.3004810771175,10.4026759448664,13.2036412755152,11.8788713450385,9.45687154148268,11.0818674750993,9.83650665518519,14.3229600928025,13.1566296634213,14.5078299456228,5.17587985800349,5.50015691588803,7.85047631717812,10.6837178133957,13.4360963354154,10.6837178133117,5.83380188692954,4.76539238030811,14.877357287906,15.8753984466781,15.8753984466781,10.3688918474405,5.48397980499063,3.17645007347621,10.368891847215,35.3288525151976,4.46250403165529,22.0030076126301,6.13007297190461,6.67884632802349,6.71966270654271,4.46250403165529,6.67884632802349,4.46250403165529,3.91159245133948,6.67884632802349,4.46250403165529,4.46250403165529,4.46250403165529,4.91228297074849,6.67884632802349,4.46250403165529,4.46250403165529,4.46250403165529,4.46250403165529,6.13007297190461
11.2854280478032,9.08359728821873,7.77913924060117,13.3255718644187,10.3360159213889,9.97436904827403,12.8326218904965,11.2723892967141,9.51453115281908,10.8309384216766,9.88738150382138,13.7407439191775,12.2567240499717,13.9175758368788,5.47078111146902,5.54081699239988,8.1878645631628,10.7589587271837,12.5755731898063,10.7589587269904,5.76622013500271,5.37956674035378,14.4615874588252,14.7627695167904,14.7627695167904,10.0526066409951,5.57945766947057,2.97749580493277,10.0526066411838,37.7029847092627,4.17136356785164,20.4590335559243,6.21016262645144,6.61670581827748,7.58630293956247,4.17136356785164,6.61670581827748,4.17136356785164,3.85163597007959,6.61670581827748,4.17136356785164,4.17136356785164,4.17136356785164,5.53120703531689,6.61670581827748,4.17136356785164,4.17136356785164,4.17136356785164,4.17136356785164,6.21016262645144
11.0625093511105,8.66666622288155,7.67764495913347,12.7961062562161,10.2659252139045,9.13811147547472,12.1281438420957,10.3167740184176,9.42504127473414,11.1727913890718,9.7425466409084,12.6798593172171,11.3108671665201,12.8950866095703,4.98426627764179,5.622459692598,7.88024189054699,10.682291524927,11.6828267633966,10.6822915249856,5.64543738840911,4.59673582166035,14.9964895187737,13.6163332062194,13.6163332062194,10.3516076862168,5.36537388451163,3.15983378163962,10.3516076863497,34.0555004080896,4.43004548181016,18.7406394368292,6.21663088498458,6.11067204787863,6.47431043751325,4.43004548181016,6.11067204787863,4.43004548181016,3.60357325736793,6.11067204787863,4.43004548181016,4.43004548181016,4.43004548181016,5.4601463579247,6.11067204787863,4.43004548181016,4.43004548181016,4.43004548181016,4.43004548181016,6.21663088498458
11.6842657427809,9.09369158385154,7.73571357258678,13.5521200993668,10.3267578568367,10.2433544448038,13.0289531887716,11.6051007896136,9.45732212675445,11.5606846370508,9.82032750178206,13.9066514126361,12.6861808482045,14.0791045074223,5.43480013132075,5.35322413669172,7.74460017447975,10.6890043682191,12.9514836712943,10.6890043690562,5.65972229254074,5.30749165906626,15.6001651421391,15.2949159680752,15.2949159680752,10.390490601832,5.72447901049897,3.01138136481182,10.3904906013715,36.1650931470506,4.20773710562923,21.2160976614609,5.94932655882717,6.55721493159815,7.47721324313852,4.20773710562923,6.55721493159815,4.20773710562923,3.8725055541118,6.55721493159815,4.20773710562923,4.20773710562923,4.20773710562923,5.21599392096029,6.55721493159815,4.20773710562923,4.20773710562923,4.20773710562923,4.20773710562923,5.94932655882717
11.2856225890798,9.22401070483809,7.65196868024685,13.5174124369596,10.2815539603817,10.1239155538866,13.0138105681625,11.5892110276181,9.41376816683335,10.6234901140969,9.70729225536261,13.990853267083,12.7302989784653,14.187982638349,5.28062725543318,5.6199698484694,7.8392105094886,10.679278550501,13.0118248257806,10.6792785506545,5.45054595199995,5.0696220626721,14.1192280170897,15.3928481544484,15.3928481544484,10.2984076261451,5.62113877741774,3.21026469486646,10.2984076262075,38.1490069949893,4.50169837340979,21.2985398638941,5.83688934552952,5.89832915328563,7.14539964884598,4.50169837340979,5.89832915328563,4.50169837340979,3.51169279558375,5.89832915328563,4.50169837340979,4.50169837340979,4.50169837340979,5.63387107482424,5.89832915328563,4.50169837340979,4.50169837340979,4.50169837340979,4.50169837340979,5.83688934552952
11.5202968834329,9.3134436336508,7.80029247502242,13.9046546837422,10.6456642829542,10.3103783884933,13.1922626239272,11.7586193312859,9.54797537934221,10.7874040394252,9.90512882362797,14.1244959833178,12.9759502904232,14.3135763753692,5.20122278469065,5.32568271316251,7.6780449633523,10.8057925862772,13.2282527267386,10.8057925859483,5.63279549868329,4.90980538242188,14.4751177453512,15.6657507642331,15.6657507642331,10.6409541236553,5.54231971838625,3.09112562160724,10.640954123301,35.9628340931423,4.34138839342458,21.7247641375726,5.84614763034156,6.49299561268092,6.92471156591434,4.34138839342458,6.49299561268092,4.34138839342458,3.78919506929568,6.49299561268092,4.34138839342458,4.34138839342458,4.34138839342458,5.39603180035727,6.49299561268092,4.34138839342458,4.34138839342458,4.34138839342458,4.34138839342458,5.84614763034156
11.3866913613001,8.88692954557489,7.74506245724316,13.5830853237006,10.2211306758446,10.3977580865559,13.1165500903302,11.7968323057926,9.41714830370766,10.6580122404221,9.7929603239453,14.2017014342676,12.9747904830715,14.3984371994499,5.40283811292509,5.66844480695991,7.94526474618474,10.6384107411715,13.2456587541516,10.6384107407239,5.81153624271808,5.10010528697206,14.1425046739395,15.6496542886909,15.6496542886909,10.1829813971709,5.86085360480599,3.24816861614297,10.1829813969366,40.0908135775553,4.5521409157102,21.6576282913514,6.04301811399967,6.63938962377204,7.18650521758332,4.5521409157102,6.63938962377204,4.5521409157102,3.89918354978363,6.63938962377204,4.5521409157102,4.5521409157102,4.5521409157102,5.32508084950589,6.63938962377204,4.5521409157102,4.5521409157102,4.5521409157102,4.5521409157102,6.04301811399967
11.6120554369872,9.15385168768366,7.55400229202551,13.3695119563397,10.3006952556659,9.91986413298628,12.6066768764443,11.2125444996825,9.15901311301568,11.8836475308815,9.58111666634205,13.6036909606454,12.344892843953,13.8110469506938,5.08694893926757,5.46830550179205,7.74794764686856,10.3875211274839,12.6286027712415,10.387521127835,5.67671266807956,4.79815933820819,16.0706091730351,14.9224683605927,14.9224683605927,9.91938946879254,5.66271441371028,3.19414651600175,9.91938946878343,38.1429162163302,4.48024115438014,20.6216247825458,5.75388981928248,6.59503852745779,6.76112239392482,4.48024115438014,6.59503852745779,4.48024115438014,3.44164328726059,6.59503852745779,4.48024115438014,4.48024115438014,4.48024115438014,5.2230468357584,6.59503852745779,4.48024115438014,4.48024115438014,4.48024115438014,4.48024115438014,5.75388981928248
11.9909162871855,9.03580390062933,7.87495738670608,13.8916068130387,10.718737769116,10.2705199651467,13.2568717815838,11.7025542376254,9.65230927520564,11.9808585003917,10.0601661719147,14.1974695209604,12.8078774552429,14.3504252473785,5.31111741203682,5.38772661609593,7.93758127342932,10.9521759605218,13.0860444596829,10.9521759603162,5.64283105692357,5.29255694348322,16.1987834381046,15.4813592919192,15.4813592919192,10.5206991255074,5.30278293275937,2.86930894405438,10.5206991255477,39.8390857567932,4.01539543971108,21.5226610770905,5.866578272549,6.70702395453397,7.46209741273555,4.01539543971108,6.70702395453397,4.01539543971108,3.58005902246932,6.70702395453397,4.01539543971108,4.01539543971108,4.01539543971108,5.643862408257,6.70702395453397,4.01539543971108,4.01539543971108,4.01539543971108,4.01539543971108,5.866578272549
11.8294533306903,8.96289343021228,7.84026849451613,13.7095295885493,10.6277871396765,10.120033934412,13.1022605220631,11.5519137250145,9.69601416557537,11.9035068400488,9.92565666427171,13.938781735552,12.633569951615,14.1353149485564,5.50126764573771,5.63165879032585,8.08153272720298,10.9598947033404,12.9446299783531,10.9598947031734,5.5796104286596,5.26200999518198,16.056371264278,15.2180529358534,15.2180529358534,10.5852218230641,5.79229720847278,3.20381143140405,10.5852218232281,37.11545615548,4.48605942622186,21.0484862540092,6.28871561651,5.80713216359372,7.41454483201721,4.48605942622186,5.80713216359372,4.48605942622186,3.96113092555026,5.80713216359372,4.48605942622186,4.48605942622186,4.48605942622186,5.52955585587779,5.80713216359372,4.48605942622186,4.48605942622186,4.48605942622186,4.48605942622186,6.28871561651
11.5155698034327,9.45667425868936,7.94707757418507,13.5399413464161,10.5836040749544,9.94960851327792,12.9748117832823,11.2651604756407,9.77119897176329,11.2416693001222,10.1180508387027,13.6716407365714,12.3470631652531,13.8410399111404,5.24211168789506,5.61176809571372,7.94584621892172,11.0489775931628,12.6703523803155,11.048977593153,5.7643574345747,5.03448434698837,15.0296621107399,14.8614377228548,14.8614377228548,10.7992389057733,5.45845532602815,2.91006327531857,10.7992389053812,39.5109122763769,4.06297684810615,20.6215415489399,6.31759695113098,6.57753208357703,7.08987706286381,4.06297684810615,6.57753208357703,4.06297684810615,3.9578353709087,6.57753208357703,4.06297684810615,4.06297684810615,4.06297684810615,4.8488899217204,6.57753208357703,4.06297684810615,4.06297684810615,4.06297684810615,4.06297684810615,6.31759695113098
11.5820421054385,9.10004824870972,7.75837557559542,13.6296626178467,10.6272920024297,10.0983403093286,12.8753991662288,11.4105105019926,9.42027772852394,11.4830394148754,9.83766718166381,13.7889696955338,12.4851678314581,13.9971812879097,5.38471166158464,5.77215045986481,8.08836892075532,10.6762858774526,12.8698412445241,10.676285877477,6.00730467762386,5.17596806822401,15.4527502525047,15.0768100864822,15.0768100864822,10.2169023821685,5.775516301602,3.2569706298443,10.216902382133,37.0249719473902,4.56098747274346,20.8271640198462,6.50266365150782,6.72122558210204,7.29171680600126,4.56098747274346,6.72122558210204,4.56098747274346,3.60727107932557,6.72122558210204,4.56098747274346,4.56098747274346,4.56098747274346,5.43765077263709,6.72122558210204,4.56098747274346,4.56098747274346,4.56098747274346,4.56098747274346,6.50266365150782
12.037279212174,9.0739653648894,8.06524344085722,13.9022007579213,10.9102435529832,10.0961175159098,13.2585206194472,11.464750257067,9.9707777741224,12.1894784216905,10.2938458751111,13.9379989591133,12.595830659341,14.1145240583038,5.19600349089649,5.95867940701304,8.12796107023806,11.3189327908254,13.0127604122783,11.3189327907851,5.85167591946917,5.00362883139037,16.3973127667518,15.2101337421292,15.2101337421292,11.1665372828781,5.66585056399577,3.01478325347608,11.1665372828848,41.6634409371825,4.23040539280075,21.0907467039082,6.73244373794436,6.28517181811291,7.0563792518512,4.23040539280075,6.28517181811291,4.23040539280075,3.64768707712032,6.28517181811291,4.23040539280075,4.23040539280075,4.23040539280075,5.3835169216098,6.28517181811291,4.23040539280075,4.23040539280075,4.23040539280075,4.23040539280075,6.73244373794436
10.9515714404574,9.01336662266641,7.7025614623031,13.3836556255937,10.6670441774418,9.63497193811141,12.5076567575048,10.9074557797164,9.42138955436958,10.5004172790151,9.74066492953519,13.1001633401645,11.8208164150054,13.3430457965793,5.54223848888837,5.54169045337058,7.85408789392598,10.6736043023139,12.1190080056632,10.6736043023839,5.6158745274559,5.34043064060023,14.0092133350827,14.2469482160996,14.2469482160996,10.3338487424761,5.72398215731662,3.35555397446993,10.3338487424671,36.3654892246632,4.70941784341024,19.5897349760864,5.88939418067653,6.1441550580586,7.52998656293452,4.70941784341024,6.1441550580586,4.70941784341024,3.64255932236459,6.1441550580586,4.70941784341024,4.70941784341024,4.70941784341024,5.47437704197456,6.1441550580586,4.70941784341024,4.70941784341024,4.70941784341024,4.70941784341024,5.88939418067653
11.4419598538346,9.27591640022899,7.84575127674087,13.8265162405686,10.5892832953512,10.2495739715316,13.2247900408706,11.7295761919319,9.6205178233874,10.5560246603704,9.9645564669891,14.2245386811743,12.9473668608877,14.4295052443376,5.19083642159856,5.41835864188889,7.96530503886248,10.9164659892329,13.2345530625941,10.9164659892572,5.64536652826962,4.88700796339317,14.1577116225959,15.6562644846813,15.6562644846813,10.5619216438808,5.52289879713858,3.24180285398149,10.5619216438698,36.1658120236635,4.54843395914845,21.6692464252425,5.93746869912076,6.29825243670527,6.88745850962305,4.54843395914845,6.29825243670527,4.54843395914845,3.5648492437045,6.29825243670527,4.54843395914845,4.54843395914845,4.54843395914845,5.34556262937315,6.29825243670527,4.54843395914845,4.54843395914845,4.54843395914845,4.54843395914845,5.93746869912076
11.5207701580704,9.01868791409945,7.90801816052431,13.4588183302759,10.7652358669401,9.60367439439216,12.6600446816363,10.8519073628999,9.73259766972564,11.6085977589466,10.0481645421885,13.1168320588139,11.9081591378037,13.2986496609348,5.13563995606051,5.79156195056882,7.76132980329618,11.0118101016415,12.2809400761626,11.0118101016919,5.79156527061297,4.79638053654292,15.5539707736968,14.323602541443,14.323602541443,11.0362059298491,5.50519401633365,3.06493547390063,11.036205929891,39.7346530817487,4.28876228103036,19.7998462448752,6.49172302724048,6.33163373670267,6.75414902664995,4.28876228103036,6.33163373670267,4.28876228103036,3.88734962969089,6.33163373670267,4.28876228103036,4.28876228103036,4.28876228103036,5.665817427287,6.33163373670267,4.28876228103036,4.28876228103036,4.28876228103036,4.28876228103036,6.49172302724048
11.2780843984872,8.89973762415007,7.62454145244939,12.9620881376177,10.4635662649931,9.10075661222163,12.1330691604827,10.3033301187924,9.42662375421038,11.8021047131138,9.6936524345512,12.5602472437874,11.2782448364044,12.7471477469045,4.95825071072941,5.66262461359687,7.62643903543125,10.6792074152742,11.635964563594,10.6792074153395,5.44766320764476,4.65893761970686,15.858097801187,13.5703744096519,13.5703744096519,10.558123426874,5.2905838786545,2.97978827277997,10.5581234271951,41.5329608833105,4.1711611296251,18.7316875886353,6.15616923790186,5.80803088228873,6.56137176493086,4.1711611296251,5.80803088228873,4.1711611296251,3.64717733404507,5.80803088228873,4.1711611296251,4.1711611296251,4.1711611296251,5.34660765938884,5.80803088228873,4.1711611296251,4.1711611296251,4.1711611296251,4.1711611296251,6.15616923790186
10.9823337675721,8.85242393867954,7.783575807692,12.9564065598183,10.3193458427952,9.29504257839636,12.4698593246162,10.5556693849199,9.65877352475352,10.5989967503069,9.93556924284626,13.0632235270914,11.4462713656719,13.23785685817,5.211813173647,5.28250407703098,8.06781394198957,10.963039821021,11.7518320267398,10.9630398211306,5.30470844574123,5.14709137640741,14.1980018431373,13.7929593672728,13.7929593672728,10.3778428260781,5.22905561498843,2.88441267141245,10.3778428260401,34.6425068726918,4.03267481831473,19.0915389326967,5.81803528303918,5.85742530262442,7.25333389338088,4.03267481831473,5.85742530262442,4.03267481831473,3.55159175464061,5.85742530262442,4.03267481831473,4.03267481831473,4.03267481831473,5.56253885565387,5.85742530262442,4.03267481831473,4.03267481831473,4.03267481831473,4.03267481831473,5.81803528303918
11.3801860398436,9.03908690566357,7.69023294670839,13.7965310850455,10.4203383868158,10.4620543235968,13.2541423955396,11.9490827938945,9.4221063995698,10.4855291323462,9.75140246810061,14.2808807170376,13.1469223257878,14.4485326046635,5.34741564846223,5.69021060059656,7.7651891906178,10.6524101182919,13.4635900672626,10.6524101183496,5.72694419571874,5.15044822247938,13.8998600793615,15.8724225022348,15.8724225022348,10.439653575909,5.66397876348972,3.07635192177099,10.4396535758618,37.5721913098051,4.29987792815543,22.0310169736589,6.32149569218727,6.3200397121483,7.2535097652513,4.29987792815543,6.3200397121483,4.29987792815543,3.83165084607686,6.3200397121483,4.29987792815543,4.29987792815543,4.29987792815543,5.27799175233873,6.3200397121483,4.29987792815543,4.29987792815543,4.29987792815543,4.29987792815543,6.32149569218727
11.7456048381218,9.07150339566492,8.09698575648405,13.8223796203197,10.6660231870426,10.1397868086251,13.4326564011075,11.6424197956262,10.0669076561679,11.2754381372734,10.3105676526087,14.239679136059,12.8144944965952,14.4561257731049,5.2575329624609,5.67263807036188,8.27900436985946,11.4506168992551,13.1479042851477,11.4506168993537,5.51395312197719,4.9946467965988,15.1546672509269,15.5024000079714,15.5024000079714,11.1142111276339,5.66461120437266,3.29273004688354,11.1142111274975,37.1158207043437,4.62038618203877,21.4314016278121,6.16266975430504,5.64658375019433,7.03980431554021,4.62038618203877,5.64658375019433,4.62038618203877,3.4665937879103,5.64658375019433,4.62038618203877,4.62038618203877,4.62038618203877,4.84081723085132,5.64658375019433,4.62038618203877,4.62038618203877,4.62038618203877,4.62038618203877,6.16266975430504
11.2682801502233,8.9911942865873,7.46568987119007,13.0347866093805,10.0217458955846,9.71466662893189,12.4183003204875,11.0132108272367,9.10092346919706,11.3321602960553,9.43807190871915,13.4139046098054,12.1539032986313,13.6444587712423,5.01849032832658,5.61225252302243,7.86409444524845,10.318868506022,12.4891336956112,10.3188685061543,5.63325784368209,4.59974486784779,15.2586910423683,14.6851848884398,14.6851848884398,9.8037315201615,5.73936669509468,3.31503229446157,9.80373152038269,37.0038716309156,4.65571957904403,20.2396135603064,6.05367497469675,6.07267631670916,6.48171603755143,4.65571957904403,6.07267631670916,4.65571957904403,3.44478575140945,6.07267631670916,4.65571957904403,4.65571957904403,4.65571957904403,5.09819067206847,6.07267631670916,4.65571957904403,4.65571957904403,4.65571957904403,4.65571957904403,6.05367497469675
11.5540267925895,9.37684679046477,7.89793111738976,13.5249919472854,10.6835010508433,9.76272295029225,12.8247384315641,11.0140193848127,9.75061891682982,11.5064286790675,10.0759732513488,13.3009009624271,12.003367240886,13.4714336172433,5.26577623151713,5.37683162026922,7.72790581009305,11.0653897238143,12.3295191850303,11.0653897244674,5.56077557846428,5.1659317071115,15.5544092869337,14.4791608323601,14.4791608323601,11.0033594578195,5.70407689390641,2.96468696501116,11.0033594582544,35.0235433196923,4.14833910227108,20.0515148707563,6.0645242411208,6.22729603821094,7.28054078022104,4.14833910227108,6.22729603821094,4.14833910227108,3.60130614530268,6.22729603821094,4.14833910227108,4.14833910227108,4.14833910227108,5.44194546309209,6.22729603821094,4.14833910227108,4.14833910227108,4.14833910227108,4.14833910227108,6.0645242411208
11.2777197156281,9.49259439932649,8.0350326626358,13.8731627547346,11.0853990725312,9.74461808764362,13.0141475991305,11.1072402325243,9.97970265669256,10.5850788426523,10.2275026598022,13.7245306114005,12.2032397393877,13.9357159835432,5.15829007601374,5.68401666463932,8.34456565484158,11.3493259383124,12.5802633187986,11.3493259393346,5.57071320387171,4.85672223470156,14.1495834747968,14.745271902143,14.745271902143,10.9231660956414,5.71803683720199,3.2844496157271,10.9231660957597,37.434106496822,4.5972483295709,20.3398255964895,6.32251998216756,5.65591855730837,6.83642252253398,4.5972483295709,5.65591855730837,4.5972483295709,3.45710323918255,5.65591855730837,4.5972483295709,4.5972483295709,4.5972483295709,5.1920863135994,5.65591855730837,4.5972483295709,4.5972483295709,4.5972483295709,4.5972483295709,6.32251998216756
11.02618535788,9.20530256461283,7.67271098959404,13.0613525427518,10.5428173524197,9.2315159335329,12.1446871938571,10.3185727773695,9.38629034608968,11.0615319561699,9.78792745795033,12.6118777526227,11.2532709201925,12.7879029615349,4.98462465840222,5.48211191554796,7.6561236310366,10.647734025734,11.6082628149241,10.6477340260444,5.65675144627585,4.81202795442914,14.8305979907922,13.558034535306,13.558034535306,10.4204129017698,5.41363933477549,2.88080015313241,10.4204129017438,38.0803845506111,4.03358927063824,18.7449563699269,6.05209222261785,6.56489822930637,6.78123017414184,4.03358927063824,6.56489822930637,4.03358927063824,3.50482298538854,6.56489822930637,4.03358927063824,4.03358927063824,4.03358927063824,5.35793550986627,6.56489822930637,4.03358927063824,4.03358927063824,4.03358927063824,4.03358927063824,6.05209222261785
11.2569319431615,8.84073653160075,7.88133903907737,13.4493011603126,10.5551042951088,9.87059317658997,12.8226831979147,11.1368218214696,9.62410358579117,10.7438180758147,10.0261735102991,13.7386213643675,12.2312705434572,13.9378870340432,5.15432074672929,5.92276356720874,8.37282968310238,10.9297414126846,12.657783499193,10.9297414126331,5.99866650362738,4.88076502235965,14.2935294769037,14.7772546652193,14.7772546652193,10.3025921468371,5.70095070981913,3.20939045052536,10.3025921468842,37.2471979500662,4.50243160792976,20.4067987242205,6.62973819504306,6.61252315060524,6.87870352923173,4.50243160792976,6.61252315060524,4.50243160792976,3.48019176801466,6.61252315060524,4.50243160792976,4.50243160792976,4.50243160792976,5.25597762521323,6.61252315060524,4.50243160792976,4.50243160792976,4.50243160792976,4.50243160792976,6.62973819504306
10.9607544405874,8.91480609768915,7.57859613702166,12.983713662924,10.1980457284736,9.45873593678215,12.3375264991187,10.693990708744,9.35982760594593,10.7902706156806,9.61063235769513,12.9721161131145,11.720797419126,13.1609999876881,5.08469961425346,5.57881652944157,7.69249234341258,10.5808010930622,12.0465903279993,10.5808010930047,5.4487291914816,4.77889961345053,14.3746939920923,14.0996918326102,14.0996918326102,10.3390661434636,5.63131427770787,3.00274625500523,10.3390661435341,35.1307878517086,4.20434931751901,19.4915053464773,6.14701357351116,5.79684709134914,6.73212618805534,4.20434931751901,5.79684709134914,4.20434931751901,3.81624054054707,5.79684709134914,4.20434931751901,4.20434931751901,4.20434931751901,4.8830293887224,5.79684709134914,4.20434931751901,4.20434931751901,4.20434931751901,4.20434931751901,6.14701357351116
11.2398111458383,9.04441888137352,8.00279210408374,13.2881874152922,10.5549876486139,9.55038366366612,12.805280990493,10.8377666440624,9.94911297437442,10.8094411142343,10.1878181253897,13.3669352713862,11.8094208703136,13.5682150690339,5.29908855787301,5.60801229933423,8.28517693940022,11.2963794135329,12.1731435274379,11.2963794132402,5.51697278187808,5.08864135711742,14.4721595497211,14.2356096659215,14.2356096659215,10.8592737012335,5.69075055782329,3.16561089531732,10.8592737012335,40.8857234306834,4.43722997195286,19.6378016082439,6.26673805542337,5.68765003133912,7.17198076916151,4.43722997195286,5.68765003133912,4.43722997195286,3.6212691173934,5.68765003133912,4.43722997195286,4.43722997195286,4.43722997195286,5.49728409836411,5.68765003133912,4.43722997195286,4.43722997195286,4.43722997195286,4.43722997195286,6.26673805542337
11.6354611261236,9.20033573437042,7.87812788681453,13.4629032923633,10.5612067368611,9.85917581263511,12.8458249323129,11.1710931121077,9.61837710167886,11.6433850158428,10.0274735675502,13.581217313233,12.2226746957736,13.7788277531453,5.2544617337963,5.55252281775909,7.9662507618419,10.9196574489736,12.5570493646664,10.9196574499248,5.80712689704836,5.07020286282681,15.7181612366545,14.7630249777548,14.7630249777548,10.5832781771509,5.43302842757554,3.15537990380212,10.5832781776332,39.495631809514,4.41577318257392,20.4055732804987,6.09749571427695,6.67003616092813,7.14137892294156,4.41577318257392,6.67003616092813,4.41577318257392,3.51120064930265,6.67003616092813,4.41577318257392,4.41577318257392,4.41577318257392,5.32660958994584,6.67003616092813,4.41577318257392,4.41577318257392,4.41577318257392,4.41577318257392,6.09749571427695
11.7628657380241,8.76151515902478,7.63690313371591,13.6799147136678,10.5000871200372,10.174552915241,13.0092066133013,11.6149779698171,9.32928365905156,11.7151602088418,9.72411017357528,14.0970617812497,12.8479992381527,14.2607679628384,4.97282722162035,5.78578041887797,7.91644516743262,10.587773605675,13.2508969904511,10.5877736040047,5.86575170562183,4.72895425241864,15.7798854234681,15.5470560356808,15.5470560356808,10.2365011141666,5.36053153486122,3.01597419149895,10.2365011141625,40.6368159263585,4.23163173462462,21.5755250893138,6.58612051231662,6.47593343042903,6.66655674706895,4.23163173462462,6.47593343042903,4.23163173462462,3.44039443940913,6.47593343042903,4.23163173462462,4.23163173462462,4.23163173462462,5.46260557179171,6.47593343042903,4.23163173462462,4.23163173462462,4.23163173462462,4.23163173462462,6.58612051231662
11.011719178672,8.98983762092504,7.54292382364105,13.2904198206848,10.4449982939583,9.76083644280701,12.5429547629959,11.0888934801296,9.28022878828182,10.7128968037751,9.52934123916207,13.1836549154856,12.0333201068766,13.3912119434364,5.54365068196415,5.68936721038885,7.71255222783437,10.4802600960496,12.3772723649929,10.4802600960997,5.58730081162291,5.37352007846388,14.2638160747982,14.4820311452439,14.4820311452439,10.2707578109533,5.73670823717657,3.1669867553799,10.2707578109875,34.9137680777941,4.4454382685765,19.9922262191216,6.33721116236508,5.80780308075111,7.5797974919675,4.4454382685765,5.80780308075111,4.4454382685765,3.87036796098276,5.80780308075111,4.4454382685765,4.4454382685765,4.4454382685765,5.24312731746374,5.80780308075111,4.4454382685765,4.4454382685765,4.4454382685765,4.4454382685765,6.33721116236508
11.7822232815724,9.09094915201374,8.04713327577941,13.4967478335473,10.6115113882646,9.7550313059674,12.9535070629868,11.1022480016142,9.96101638518951,11.947202105983,10.2174222836229,13.6836561873821,12.1944174200539,13.8890494995545,5.23845471179472,5.42430405887785,8.21740269303877,11.2736777827036,12.4521466284761,11.2736777825947,5.50030387061429,4.85792395752711,16.148254727579,14.6721491547638,14.6721491547638,10.7973415727079,5.54162113571238,3.17161189371162,10.7973415728305,36.5158814803002,4.45210407195091,20.2684903664044,5.8852789392229,6.02509176913184,6.84865611006589,4.45210407195091,6.02509176913184,4.45210407195091,3.94943693304139,6.02509176913184,4.45210407195091,4.45210407195091,4.45210407195091,4.73955212443204,6.02509176913184,4.45210407195091,4.45210407195091,4.45210407195091,4.45210407195091,5.8852789392229
11.1804507290966,8.84771851942406,7.58514589196052,12.797263041152,10.2583464265429,9.17129824860954,12.0148700545088,10.2903421932469,9.26744524702913,11.5771314330011,9.64135538964094,12.508814252759,11.2139341318361,12.6859911977955,5.06338927672422,5.22707806115714,7.50668956122896,10.4680240912122,11.4813303025573,10.468024091251,5.53521095066633,4.82556666614337,15.623619612196,13.4626587778132,13.4626587778132,10.2102075927439,5.18947999504854,2.83898982426934,10.2102075927061,40.6254200638265,3.97755190495452,18.6263731156389,5.7442275561922,6.56506674618117,6.80256307661962,3.97755190495452,6.56506674618117,3.97755190495452,3.84926178316432,6.56506674618117,3.97755190495452,3.97755190495452,3.97755190495452,5.3236380525075,6.56506674618117,3.97755190495452,3.97755190495452,3.97755190495452,3.97755190495452,5.7442275561922
11.6079282585396,9.16362224956185,7.94642610413077,13.8722161808014,10.8385169737471,10.2099824578923,13.158938434747,11.5814849214551,9.71621051015536,11.1356107145953,10.0981828137882,14.0189815814805,12.6568171072505,14.1965504225523,5.46928563923529,5.61595747105004,8.13324038508368,11.00064488531,12.9955295662312,11.00064488553,5.90815172507054,5.30436857727268,14.944496909647,15.2649566759756,15.2649566759756,10.5935422171974,5.6265783915205,3.12703646938008,10.5935422173781,36.8810484437689,4.38446263537052,21.1393069080244,6.3745958889085,6.69774681513799,7.47940331817793,4.38446263537052,6.69774681513799,4.38446263537052,3.81744061716724,6.69774681513799,4.38446263537052,4.38446263537052,4.38446263537052,5.58435901716347,6.69774681513799,4.38446263537052,4.38446263537052,4.38446263537052,4.38446263537052,6.3745958889085
11.1138795731119,8.8944259492991,7.68902549838938,13.0456153885117,10.3730626204563,9.35665611879483,12.3076854839032,10.5248172236354,9.48108589597291,11.1693906956426,9.7693580845607,13.0109042181282,11.5529532831264,13.1926850918647,4.9786740028871,5.63150660728964,8.01135843726678,10.7389496600274,11.9161001823364,10.7389496601057,5.56878008919936,4.64180249597938,14.9589301088212,13.907795907417,13.907795907417,10.2631971838032,5.67856255976882,3.04181249565239,10.2631971837027,33.7990166894776,4.25357104103543,19.2032479643495,6.25687634863192,5.98269978266429,6.53315434797613,4.25357104103543,5.98269978266429,4.25357104103543,3.68588427093502,5.98269978266429,4.25357104103543,4.25357104103543,4.25357104103543,4.81214335185363,5.98269978266429,4.25357104103543,4.25357104103543,4.25357104103543,4.25357104103543,6.25687634863192
11.8195184723489,8.86277296568125,7.82990230215557,13.8342289344765,10.4633157734564,10.4839744452035,13.4328954451492,12.0239777344624,9.6324361873773,11.5149407244588,9.92114431105146,14.5369719658485,13.2219960361322,14.7452110843691,5.44022221818887,6.05998392896163,8.29764608745859,10.9363400682005,13.6138318384163,10.93634006833,5.81318467081111,5.21284083988162,15.4007537739384,16.0029092763351,16.0029092763351,10.4577073319228,5.86858987391403,3.39994408147907,10.4577073318692,38.7339993311901,4.75582673683318,22.1264870424343,6.62210548141341,5.9083641331811,7.3381535704873,4.75582673683318,5.9083641331811,4.75582673683318,3.51009126776641,5.9083641331811,4.75582673683318,4.75582673683318,4.75582673683318,5.15381820586674,5.9083641331811,4.75582673683318,4.75582673683318,4.75582673683318,4.75582673683318,6.62210548141341
11.7236023926111,9.4596897035863,8.03070258084447,13.7769458299543,10.9455601573617,9.87152870488515,12.9591769063649,11.1883858642911,9.87395029975235,11.8160171337544,10.1878957190244,13.7459285825857,12.2879221626463,13.9486387085683,5.28132206502518,5.88532379921066,8.3075532717406,11.1792602184223,12.6268471096589,11.1792602186358,5.81691054372094,4.90441497077472,15.823935477798,14.7977096757609,14.7977096757609,10.7036744781269,5.682748871915,3.25814580589161,10.7036744781974,40.8112387878807,4.56888917153743,20.4215855656914,6.35487595973539,6.34431133746595,6.91032790602164,4.56888917153743,6.34431133746595,4.56888917153743,3.8792980555932,6.34431133746595,4.56888917153743,4.56888917153743,4.56888917153743,5.10131528016001,6.34431133746595,4.56888917153743,4.56888917153743,4.56888917153743,4.56888917153743,6.35487595973539
11.4226269429398,9.18892937721878,7.89786267743399,13.4455670388574,10.5590595197685,9.72852804903829,12.8201357375188,11.0193337590367,9.77829427197231,11.2385776321619,10.0336237087162,13.5274716626344,12.0469468452125,13.7353435876931,5.2860107904315,5.46256891645693,8.13975033212502,11.0990234401577,12.3453541783454,11.0990234401599,5.43113341793224,5.03442064009327,15.1355593573783,14.5347260035541,14.5347260035541,10.633802717995,5.90160344982678,3.24419185122251,10.6338027182469,35.2525585826426,4.54363176217483,20.0484886885013,5.89178400768668,5.7561576505999,7.09135752008705,4.54363176217483,5.7561576505999,4.54363176217483,3.5906660156058,5.7561576505999,4.54363176217483,4.54363176217483,4.54363176217483,5.35808615952574,5.7561576505999,4.54363176217483,4.54363176217483,4.54363176217483,4.54363176217483,5.89178400768668
11.439793152976,8.89145092558314,7.65871617665053,13.3559095911899,10.3076399809283,9.82207480060769,12.7411897590302,11.1724275960362,9.44726009187837,11.2436911117874,9.73704640391254,13.7882648991949,12.3419927751083,13.9661109745859,4.94697099482531,5.42595584291125,8.07915217740349,10.7002825638609,12.6491894972641,10.700282563364,5.47364272513079,4.61463447769006,15.1324532146155,14.8910080271943,14.8910080271943,10.0446254852595,5.53964812748871,2.98722278040313,10.0446254853128,40.4031469713289,4.19288924280262,20.6377977629856,6.04510576333608,5.97986985321096,6.50581561533284,4.19288924280262,5.97986985321096,4.19288924280262,3.67569575347622,5.97986985321096,4.19288924280262,4.19288924280262,4.19288924280262,5.64151187266672,5.97986985321096,4.19288924280262,4.19288924280262,4.19288924280262,4.19288924280262,6.04510576333608
10.9898873471734,8.73720073365425,7.58589420218858,13.2412275627726,10.3441306993989,9.7213525792276,12.4116893956966,10.9372647246962,9.21853783621995,10.5786935617044,9.60318796471751,13.2990290932573,12.024432695165,13.4936539463249,5.10816548075631,5.43704833322022,7.76097436777496,10.4125022389928,12.2994585146971,10.4125022390062,5.69267424028365,4.75112283197018,14.1045373116376,14.4766197530544,14.4766197530544,9.95370983550211,5.64643267490485,3.1044113315649,9.95370983551277,38.4158941509586,4.34429771737326,20.0068656457067,5.89221965765519,6.60518759247964,6.68926681158101,4.34429771737326,6.60518759247964,4.34429771737326,3.82882939021959,6.60518759247964,4.34429771737326,4.34429771737326,4.34429771737326,5.0696855339002,6.60518759247964,4.34429771737326,4.34429771737326,4.34429771737326,4.34429771737326,5.89221965765519
11.6331741653428,9.21748981213629,7.50342914680647,13.6091873279541,10.414626368549,10.1601824479098,12.9587982388819,11.6444070337645,9.21379184301867,11.7185255077456,9.53822878521754,13.8761991953137,12.7302281453699,14.031815314501,5.35459533278671,5.52287032150219,7.52613982270057,10.4416912721508,13.0298979958341,10.4416912717976,5.47141032780132,5.31753077040744,15.7843888265355,15.3904494096917,15.3904494096917,10.2502302348554,5.36214343355673,2.97610396496553,10.250230234962,36.9090043057472,4.16469146691197,21.3639410727648,5.96940151837471,6.06877581083869,7.49557192181252,4.16469146691197,6.06877581083869,4.16469146691197,3.5335083612563,6.06877581083869,4.16469146691197,4.16469146691197,4.16469146691197,4.67534444785112,6.06877581083869,4.16469146691197,4.16469146691197,4.16469146691197,4.16469146691197,5.96940151837471
11.2757156333835,9.06622936521309,7.92802555839546,13.4540108239387,10.7167794070839,9.60008376303558,12.6849023625712,10.8210780961904,9.7725410817109,11.0015353384827,10.0940438236432,13.2694648443793,11.7979834699662,13.4543412386405,5.25909465944996,5.30564439594893,7.98139923338509,11.0801225794043,12.0742869923381,11.0801225792836,5.51362925025816,5.05330434792603,14.7974319474918,14.2112211467126,14.2112211467126,10.7036532457271,5.64706734107989,3.05914380992677,10.7036532458518,39.7462805420061,4.29633012833136,19.6324215610948,5.78631024350398,6.26573526613139,7.12844710297715,4.29633012833136,6.26573526613139,4.29633012833136,3.70135752901422,6.26573526613139,4.29633012833136,4.29633012833136,4.29633012833136,5.1538988859214,6.26573526613139,4.29633012833136,4.29633012833136,4.29633012833136,4.29633012833136,5.78631024350398
11.5335475107698,9.33483915944009,8.00867783351933,14.0818891843832,11.0094403993795,10.2248092379055,13.2768588671521,11.6470255882923,9.82537827932153,10.7462012339178,10.1701628095678,14.0430859685725,12.8903177607302,14.2570039176482,5.131481349049,5.84708062151644,7.98647953466175,11.159792780989,13.3057488202576,11.1597927807781,5.98940952122095,4.71840665543322,14.393425130665,15.5880277372518,15.5880277372518,11.175314061675,5.78309688061973,3.37027870169267,11.1753140616252,41.1031342468756,4.7255492305149,21.5325193800674,6.72142029160827,6.33330849640843,6.64388173482796,4.7255492305149,6.33330849640843,4.7255492305149,3.53883354712639,6.33330849640843,4.7255492305149,4.7255492305149,4.7255492305149,5.06151200379185,6.33330849640843,4.7255492305149,4.7255492305149,4.7255492305149,4.7255492305149,6.72142029160827
11.7797895935003,9.0325300334327,8.05272104488275,13.9847928884716,10.883519991209,10.1160132001963,13.2728190121932,11.5002710311761,9.93235622554161,11.4188719878972,10.2851812479773,14.2193348575022,12.7279388007662,14.3808137945152,4.94684170392712,5.52438311813083,8.18893876887949,11.2865692530492,13.0385092405878,11.2865692530109,5.6386179394253,4.65657667497979,15.3616616349534,15.3881099906121,15.3881099906121,10.8485508189186,5.56504124386096,3.02847612475782,10.8485508190515,34.7264905136522,4.23927491006993,21.3474732214449,6.03553512201873,6.40177724858704,6.55725840096275,4.23927491006993,6.40177724858704,4.23927491006993,3.52761172900644,6.40177724858704,4.23927491006993,4.23927491006993,4.23927491006993,4.90552782426653,6.40177724858704,4.23927491006993,4.23927491006993,4.23927491006993,4.23927491006993,6.03553512201873
10.9280113198801,8.76058477140615,7.66071766393745,13.2788553232926,10.6539238802119,9.40371844491457,12.346577371397,10.6290430683993,9.45648268910045,10.7088054691959,9.70417562673008,13.0535812035459,11.5621327188427,13.2662956933218,5.31314464170202,5.51859884102208,8.09947521111661,10.7096486860659,11.8816182135518,10.7096486860858,5.44290083896996,5.0582825328091,14.3182800236693,13.9190096692434,13.9190096692434,10.0886420133954,5.75627298069695,3.20313337573626,10.0886420132827,36.0047940464626,4.49581373641777,19.1635176622773,6.00546129571219,5.70942296288665,7.13213158513872,4.49581373641777,5.70942296288665,4.49581373641777,3.68893703013899,5.70942296288665,4.49581373641777,4.49581373641777,4.49581373641777,5.13363892274126,5.70942296288665,4.49581373641777,4.49581373641777,4.49581373641777,4.49581373641777,6.00546129571219
11.5082472735124,8.72365105643382,7.53916259295563,13.7691124517998,10.409518555294,10.2958859068055,13.1139586394094,11.8776531569118,9.25054431818029,11.0177977871238,9.52734120443194,14.3611268233338,13.1650275747467,14.5702146415651,5.12362165779162,5.5157911032783,7.90821240670669,10.4869980683183,13.4653028331133,10.4869980684226,5.52322005573614,4.73132564415496,14.8373887007536,15.9315772685925,15.9315772685925,10.0170625090786,5.50429960762896,3.34894460982097,10.0170625087184,35.5498882214709,4.69357761913677,22.0365497513203,6.02807077515586,5.75757673905583,6.66104494648986,4.69357761913677,5.75757673905583,4.69357761913677,3.5149273957777,5.75757673905583,4.69357761913677,4.69357761913677,4.69357761913677,4.76383157496114,5.75757673905583,4.69357761913677,4.69357761913677,4.69357761913677,4.69357761913677,6.02807077515586
11.2431912508179,8.66550626895749,7.57410396181373,13.6162432334761,10.420100360942,10.1254112632963,12.8296130026522,11.5085951843532,9.20344789955546,10.6923866823438,9.59017252468887,13.9193145662056,12.7090929681871,14.1364579174172,5.11562890803878,5.62247488550404,7.78885704956588,10.4313012395889,12.9874469086027,10.431301239647,5.66177148996854,4.77777081750533,14.2270713766668,15.3661281858446,15.3661281858446,9.97871577818901,5.69134259240445,3.2642042924775,9.97871577818901,38.7824309035247,4.57093124737189,21.2450795282679,5.81546163436646,6.43841600288387,6.72600217630552,4.57093124737189,6.43841600288387,4.57093124737189,3.5179149254233,6.43841600288387,4.57093124737189,4.57093124737189,4.57093124737189,5.22412400397669,6.43841600288387,4.57093124737189,4.57093124737189,4.57093124737189,4.57093124737189,5.81546163436646
11.6900372041074,8.79705285136247,8.04239528593926,13.9282933008562,10.8083068712027,10.2128153200023,13.2616399254005,11.5576690550423,9.88489572213243,11.1609295403372,10.253305481949,14.2747819377177,12.8035507949388,14.4455142650004,4.98185154670172,5.78290645519923,8.37488649349731,11.2087255712792,13.1933685660995,11.2087255699924,5.9427552518298,4.62631249475654,14.9387016983099,15.4576151519027,15.4576151519027,10.6961717886738,5.73876093776579,3.02619592560186,10.696171787793,39.4898847175976,4.24407950112543,21.4467269374145,6.65723434077773,6.60446687360758,6.5196450840319,4.24407950112543,6.60446687360758,4.24407950112543,3.73337402340418,6.60446687360758,4.24407950112543,4.24407950112543,4.24407950112543,5.05689305384867,6.60446687360758,4.24407950112543,4.24407950112543,4.24407950112543,4.24407950112543,6.65723434077773
11.883961504583,9.15982804115733,7.66721299692494,13.9805434086908,10.6648716382309,10.3641131004841,13.2280588803573,11.8684137917389,9.43429332700401,11.8937176608437,9.74591488034561,14.3371036793558,13.0677048700285,14.4988030157404,5.24183318919392,5.54401259320605,7.83004629704109,10.6892397148335,13.3332625940871,10.6892397148811,5.46084304781457,5.07280293151131,16.0111766344617,15.7967732874538,15.7967732874538,10.2750973534677,5.56471238240348,3.02757460430925,10.2750973533684,36.4768521489172,4.2458912217035,21.9313603594898,5.85474354776462,6.09558438188024,7.15281894398595,4.2458912217035,6.09558438188024,4.2458912217035,3.63852853628255,6.09558438188024,4.2458912217035,4.2458912217035,4.2458912217035,5.01096698470233,6.09558438188024,4.2458912217035,4.2458912217035,4.2458912217035,4.2458912217035,5.85474354776462
11.5499832555743,9.54581228304881,7.95898988838194,13.3543234636427,10.4262211417436,9.91306071684027,12.8144244371175,11.15602083734,9.68684468331075,11.4855244351731,10.0735409488639,13.355225665089,12.1890576164906,13.5989476171944,5.4543131469753,5.58154586405161,7.80624722230989,10.9599260913531,12.4814334870016,10.9599260913301,5.8972979535804,5.12173464239046,15.4599538592038,14.6759698384472,14.6759698384472,10.8703630356166,5.84792880096307,3.35642599351635,10.8703630357653,34.8816413597843,4.70847181929136,20.2140627657453,6.05079733626377,6.74916529369855,7.21819573889189,4.70847181929136,6.74916529369855,4.70847181929136,3.8698102201814,6.74916529369855,4.70847181929136,4.70847181929136,4.70847181929136,5.11552421892483,6.74916529369855,4.70847181929136,4.70847181929136,4.70847181929136,4.70847181929136,6.05079733626377
11.434712806453,9.55163435445474,8.14740434000334,13.7797330012932,10.8301704085387,9.9633271452763,13.2751037370106,11.3772413342511,10.1201757279397,10.5708682790307,10.3961523628189,14.0523237018815,12.5033262428024,14.2207887979419,5.1876420699754,5.61437694514484,8.39680002016276,11.4791502921148,12.86528457415,11.4791502921687,5.67213733058986,4.95624338488972,14.0987536782915,15.077737639108,15.077737639108,11.0294806578289,5.40548521230642,2.99860006970833,11.0294806583259,37.8028943945734,4.19719934258795,20.9074608150699,6.47237492312709,6.0836880772099,6.9830179312981,4.19719934258795,6.0836880772099,4.19719934258795,3.78879774536826,6.0836880772099,4.19719934258795,4.19719934258795,4.19719934258795,5.08638071324247,6.0836880772099,4.19719934258795,4.19719934258795,4.19719934258795,4.19719934258795,6.47237492312709
11.4162469896755,9.00519697468919,7.85131756997718,13.4985151570799,10.437694248753,9.93572469773402,13.0536107548328,11.3394370309217,9.72586183885251,10.8591251897352,10.0313575113006,13.8991259626203,12.4063517691251,14.0536005569325,5.20136512616743,5.28287200216074,8.04575774845178,11.0491367561067,12.7079765262722,11.0491367556797,5.40262739229675,5.14878413703155,14.6140904401817,14.9942014157197,14.9942014157197,10.5674853614039,5.39330988704356,2.90464028165997,10.5674853614863,40.3741938847248,4.05582446932599,20.8125611920668,5.90322253299907,6.02220878398318,7.25234393421658,4.05582446932599,6.02220878398318,4.05582446932599,3.48072907695874,6.02220878398318,4.05582446932599,4.05582446932599,4.05582446932599,5.28763185921809,6.02220878398318,4.05582446932599,4.05582446932599,4.05582446932599,4.05582446932599,5.90322253299907
11.851192028637,9.53994367511775,7.94081387260339,13.6037973649824,10.3605665366221,10.2089219904306,13.1680730365376,11.6090123569345,9.71517887697758,11.682330344792,10.0798145569191,13.9648054691922,12.8336877740976,14.1628046086827,5.1516078806142,5.4386290979331,7.68944698653673,10.9929851069301,13.0924472469725,10.9929851078585,5.73450835149935,4.7588928302398,15.7631414897793,15.4781733554525,15.4781733554525,10.9527085870773,5.56850569567927,3.16101871860505,10.9527085872487,35.0697639066485,4.43323836644138,21.4366987199672,5.92599590047826,6.62436501066428,6.70556794209682,4.43323836644138,6.62436501066428,4.43323836644138,3.87272425980287,6.62436501066428,4.43323836644138,4.43323836644138,4.43323836644138,5.13078861395521,6.62436501066428,4.43323836644138,4.43323836644138,4.43323836644138,4.43323836644138,5.92599590047826
