Animal_1,Animal_2,Animal_3,Animal_4,Animal_5,Animal_6,Animal_7,Animal_8,Animal_9,Animal_10,Animal_11,Animal_12,Animal_13,Animal_14,Animal_15,Animal_16,Animal_17,Animal_18,Animal_19,Animal_20,Animal_21,Animal_22,Animal_23,Animal_24,Animal_25,Animal_26,Animal_27,Animal_28,Animal_29,Animal_30,Animal_31,Animal_32,Animal_33,Animal_34,Animal_35,Animal_36,Animal_37,Animal_38,Animal_39,Animal_40,Animal_41,Animal_42,Animal_43,Animal_44,Animal_45,Animal_46,Animal_47,Animal_48,Animal_49,Animal_50
12.97507930135,3.97593856937563,6.12830702531989,15.4101141818552,5.61004714354916,16.5947212577003,19.1303751970909,21.426448713604,7.60770026186103,5.44947871595148,7.85657611981999,24.8346720637758,25.784276736335,24.9989349810454,2.66590759046934,2.74801395389752,5.70384526606123,8.91432973773224,25.6450649606916,8.91432973889358,3.77471557321486,1.87248167608213,8.00815959595364,32.085201732133,32.085201732133,9.44060398798488,2.32404210799206,3.47307721512406,9.4406039885141,25.4888210718625,4.95237695586006,45.4196909254262,3.46286222122381,3.26970981243734,2.65603192274,4.95237695586006,3.26970981243734,4.95237695586006,0.491487394532201,3.26970981243734,4.95237695586006,4.95237695586006,4.95237695586006,0.519231211688502,3.26970981243734,4.95237695586006,4.95237695586006,4.95237695586006,4.95237695586006,3.46286222122381
13.1258758033311,4.03070830549932,6.06064325963616,15.8727152676741,5.54158499056175,16.9868007047444,19.5560684139372,22.0382461533315,7.46267293144485,6.00320146112021,7.75133660883955,25.4459055893919,26.3245428907222,25.5946346511252,2.61021887584918,2.69350281185893,5.46146979364103,8.73543409461376,26.1393641847311,8.73543409477727,3.92738241491943,1.69839678751012,8.78663650462869,32.6816773181549,32.6816773181549,9.39171703521002,2.30938669675665,3.47430375165046,9.39171703521002,26.636657257349,4.95253765331166,46.2599983035491,3.47370513485624,3.77956300300522,2.4102624974853,4.95253765331166,3.77956300300522,4.95253765331166,0.460655557396446,3.77956300300522,4.95253765331166,4.95253765331166,4.95253765331166,0.532676571765303,3.77956300300522,4.95253765331166,4.95253765331166,4.95253765331166,4.95253765331166,3.47370513485624
14.1108678018321,4.77941966480569,7.02913433181409,16.9284173720618,6.49676453143933,17.9277579075856,20.7762775322771,23.1905683520448,8.75071929659519,5.98173982798763,9.02702560943444,26.759155367327,27.8415943049625,26.959033316791,2.88743216722748,3.11543456509425,6.24019031100032,10.2256833697362,27.5839990167081,10.2256833702745,4.28599749203168,1.9588732292282,8.75732630367515,34.5809456455025,34.5809456455025,11.0275615899699,2.55004531990384,3.7851914451937,11.0275615894807,28.1570017428019,5.40854230717656,48.9391647421767,3.97523858375791,3.9522823637164,2.78141057874836,5.40854230717656,3.9522823637164,5.40854230717656,0.499969317599711,3.9522823637164,5.40854230717656,5.40854230717656,5.40854230717656,0.608000356128057,3.9522823637164,5.40854230717656,5.40854230717656,5.40854230717656,5.40854230717656,3.97523858375791
15.1716472884968,4.45902624610616,6.57211950785798,18.3861321029605,5.95506416032223,20.0878172304399,22.7020657149259,25.6557172464935,8.19438367385902,6.1402891853712,8.46201607561615,29.5190084351322,30.4952473989281,29.6775762878141,2.62280269824761,2.64763374514768,5.72345845428148,9.58264044447349,30.346592482135,9.58264044638595,3.90653381592063,1.7855270413072,8.9926080154829,37.767771463387,37.767771463387,10.3765702345419,2.35456843754108,3.4508054238192,10.3765702354445,26.5395052381845,4.92744521806977,53.4627030369401,3.46419387688835,3.75428878577169,2.53468336693671,4.92744521806977,3.75428878577169,4.92744521806977,0.478907498380345,3.75428878577169,4.92744521806977,4.92744521806977,4.92744521806977,0.569798473912423,3.75428878577169,4.92744521806977,4.92744521806977,4.92744521806977,4.92744521806977,3.46419387688835
14.3806326827856,4.54205303072706,6.78143631109458,17.3400353023771,6.23795481743447,18.6145781884532,21.262394493208,23.9100938599914,8.46961360137177,6.06078101002267,8.74501746464791,27.5516093888622,28.6564114871304,27.695052230186,2.69242571924758,2.81541247602422,6.17007820546296,9.89451586264422,28.4286931845978,9.89451586270601,4.04571240621939,1.95344115823828,8.86864591274969,35.5448369602801,35.5448369602801,10.4864034842641,2.32285677454927,3.46568308231349,10.4864034842705,28.6304815527815,4.93831926231065,50.2988537371888,3.77627969041769,3.89550042263552,2.76941120064659,4.93831926231065,3.89550042263552,4.93831926231065,0.486300445144948,3.89550042263552,4.93831926231065,4.93831926231065,4.93831926231065,0.574934004879493,3.89550042263552,4.93831926231065,4.93831926231065,4.93831926231065,4.93831926231065,3.77627969041769
14.438941774716,4.50260733759686,6.66743260441309,17.4574294161067,6.12758397293822,18.800302482389,21.4853946786271,24.2846450064147,8.30118435182747,6.2783825043297,8.58276482808451,27.862630198882,28.9259503290856,28.0063025864347,2.64873842701862,2.87032910162247,6.09221545413668,9.7020754332609,28.6581201369406,9.70207543342991,4.11805569904211,1.78124037464147,9.19090177749048,35.8760052029177,35.8760052029177,10.3133597594828,2.30208798809775,3.50536413086037,10.3133597592268,27.5673362815682,5.00228073126963,50.7649267805941,3.93689988768109,3.90353892838656,2.52820981011144,5.00228073126963,3.90353892838656,5.00228073126963,0.488377724981245,3.90353892838656,5.00228073126963,5.00228073126963,5.00228073126963,0.607861109691282,3.90353892838656,5.00228073126963,5.00228073126963,5.00228073126963,5.00228073126963,3.93689988768109
14.1247965687252,4.51060858814529,6.71276826595836,16.8837008895496,6.15198122566484,18.2187298442042,20.8810397589128,23.4589231390622,8.41847825458579,5.90588558336526,8.64962722788007,26.9346183155646,28.0407964631063,27.1088765502301,2.62931997257979,2.75688650033268,5.90207675511715,9.82442701545738,27.835286784601,9.82442701558958,3.83875586984223,1.82633282813352,8.61326155066602,34.7398871211914,34.7398871211914,10.572166454856,2.2594867862057,3.41315345825546,10.5721664554369,25.107564226591,4.87870976077675,49.1617129279515,3.52829798114533,3.5255546663215,2.59291599166046,4.87870976077675,3.5255546663215,4.87870976077675,0.451008696726438,3.5255546663215,4.87870976077675,4.87870976077675,4.87870976077675,0.534246377289075,3.5255546663215,4.87870976077675,4.87870976077675,4.87870976077675,4.87870976077675,3.52829798114533
13.8002431743411,4.52511553011284,6.70620866017822,16.6922732807548,6.20385866774904,17.7851349407568,20.4193227009322,22.8275169178347,8.41869201947526,6.22155170789999,8.65573337201268,26.3531259723932,27.3921676643868,26.5100377177666,2.62411585756916,2.67352821399451,5.7878524124332,9.83416989049647,27.2066526983046,9.83416989062843,3.80948818092473,1.89295387885888,9.07634171744228,33.9882377096793,33.9882377096793,10.6653859423375,2.27663543844947,3.36922666980105,10.6653859422694,26.7936277408568,4.8135945626519,48.1027253405702,3.51645032629667,3.5154272662615,2.68622604858363,4.8135945626519,3.5154272662615,4.8135945626519,0.469778917315319,3.5154272662615,4.8135945626519,4.8135945626519,4.8135945626519,0.548693829249379,3.5154272662615,4.8135945626519,4.8135945626519,4.8135945626519,4.8135945626519,3.51645032629667
13.9518303919258,4.37161608724448,6.59790037856919,17.0225081710107,6.16755522455133,18.1580940858594,20.6836073977678,23.3381078033162,8.21479235770935,6.08775860827183,8.43765227269712,26.7029049041269,27.7935430125369,26.8580960520744,2.77242182808353,2.79869955966438,6.03231853364994,9.59413547401523,27.6228082716877,9.59413547410867,3.91598133565416,1.7034571953727,8.92242430309531,34.4575970247946,34.4575970247946,10.2102327953152,2.56006560874463,3.71216770038678,10.2102327953671,28.5158397473343,5.3018688761431,48.7718934473392,3.44767987947008,3.31604039174426,2.42085205344879,5.3018688761431,3.31604039174426,5.3018688761431,0.460972016947646,3.31604039174426,5.3018688761431,5.3018688761431,5.3018688761431,0.521688379229829,3.31604039174426,5.3018688761431,5.3018688761431,5.3018688761431,5.3018688761431,3.44767987947008
12.479711037304,3.84749378913641,5.92652648425147,15.0712626805584,5.45468516695442,16.1021960652564,18.4858604507337,20.7854261579376,7.37952408575975,5.67996852429142,7.63200083854771,23.9900128818476,24.9685342295594,24.1483142527126,2.41187639263063,2.50998898048257,5.40051206142293,8.62405244958079,24.7043890302372,8.62405244958246,3.67824309216456,1.74498538331534,8.33427877502865,30.9877098450509,30.9877098450509,9.18197269718741,2.05550660357087,3.08975908000802,9.18197269742551,28.3731720209493,4.41716740218504,43.8668841520527,3.54726914415689,3.50217637632312,2.47670081179429,4.41716740218504,3.50217637632312,4.41716740218504,0.430607259222231,3.50217637632312,4.41716740218504,4.41716740218504,4.41716740218504,0.512938181331007,3.50217637632312,4.41716740218504,4.41716740218504,4.41716740218504,4.41716740218504,3.54726914415689
14.4843011858705,4.4745651762934,6.61447069398593,17.490609124031,6.07002249789508,18.9270635423084,21.5390860009221,24.2685776934638,8.22387899226098,6.01540031074084,8.47144812720136,27.9030717795688,28.8516446732227,28.0437107353232,2.76211289066454,2.87590538223576,5.86715645122362,9.61990851836387,28.6970399887013,9.61990851606,3.9912020323727,1.72490649057668,8.81266309761883,35.7836478528283,35.7836478528283,10.4043365851941,2.55589798189631,3.71446354112463,10.4043365852334,28.7660067150644,5.29264182340091,50.6493734031779,3.56038112074878,3.48278499884861,2.44830994548343,5.29264182340091,3.48278499884861,5.29264182340091,0.488500089052366,3.48278499884861,5.29264182340091,5.29264182340091,5.29264182340091,0.554292840228207,3.48278499884861,5.29264182340091,5.29264182340091,5.29264182340091,5.29264182340091,3.56038112074878
14.6950020053118,4.29203099191687,6.40866854508293,17.763861143621,5.84843350827715,19.1747520048598,21.8070319038785,24.6519085764833,7.89562159235379,5.60192851639948,8.17612514232735,28.4071024550116,29.4153685975949,28.5964486078416,2.84175127109446,2.98761061961397,5.93417878212434,9.23548126859933,29.219976327934,9.23548126865067,4.12145544603926,1.87506590561162,8.21764144175159,36.4466186909907,36.4466186909907,9.81384814082693,2.54201314420868,3.75177672042692,9.813848140234,26.9973950297535,5.3486862905221,51.5822353668196,3.6477435777926,3.78785952596868,2.66067836076945,5.3486862905221,3.78785952596868,5.3486862905221,0.477311101165311,3.78785952596868,5.3486862905221,5.3486862905221,5.3486862905221,0.603988397745057,3.78785952596868,5.3486862905221,5.3486862905221,5.3486862905221,5.3486862905221,3.6477435777926
13.5682709704642,4.12656607344891,6.17721113609395,16.5883171825345,5.72863324910057,17.8227228895274,20.2636471986002,22.9112041843507,7.7303933850038,5.95459017254009,7.97279875366946,26.2756508247182,27.2386550214805,26.4089399650239,2.38567985325186,2.62254069494173,5.57029458921891,9.04300476912941,27.0447782239288,9.0430047676989,3.65733618741545,1.60594668130442,8.67186502796872,33.8045166296488,33.8045166296488,9.65363485762761,2.0971593219328,3.17016966312287,9.65363485755006,24.3919293119079,4.53204498241039,47.8401018369122,3.50730272465707,3.35474003859507,2.28118342735105,4.53204498241039,3.35474003859507,4.53204498241039,0.46644082081108,3.35474003859507,4.53204498241039,4.53204498241039,4.53204498241039,0.54474376995118,3.35474003859507,4.53204498241039,4.53204498241039,4.53204498241039,4.53204498241039,3.50730272465707
14.8070810808679,4.42803486371614,6.53873446044575,18.0216328714602,6.03698470748027,19.3847064000051,21.9706794688149,24.7546479140118,8.23129129753645,5.55435453214486,8.47219787366006,28.657364088732,29.6043283399288,28.7805720930228,2.50865176313031,2.67708910068584,5.65937923722197,9.63003572897198,29.3961137478296,9.6300357289371,3.7392206056195,1.9121221350334,8.15303796646407,36.7181979556412,36.7181979556412,10.4524742917079,2.09990143063941,3.18044113837242,10.4524742917405,29.6196220716984,4.53490899083269,51.965169620894,3.72614121335114,3.3873921758525,2.71064960708495,4.53490899083269,3.3873921758525,4.53490899083269,0.492874706058915,3.3873921758525,4.53490899083269,4.53490899083269,4.53490899083269,0.553199014160679,3.3873921758525,4.53490899083269,4.53490899083269,4.53490899083269,4.53490899083269,3.72614121335114
14.0858496725302,4.00818010470375,6.22525037912247,17.060841527963,5.72874423967914,18.3117865599445,20.8595737295523,23.596879317138,7.74233022182017,5.79071304390995,7.99399177605023,27.1740742137683,28.2340790464423,27.3392463226339,2.61229856314649,2.74195468510842,5.83903578973657,9.04315919063586,27.9828578574496,9.04315919091509,3.85874820918279,1.86937126415756,8.47257239229826,34.9619802463676,34.9619802463676,9.49525813085621,2.18800414299128,3.35088781238911,9.495258130752,27.5339153687124,4.79703710795336,49.4664776259996,3.66959250596201,3.55225290010471,2.6544877605271,4.79703710795336,3.55225290010471,4.79703710795336,0.445455033135674,3.55225290010471,4.79703710795336,4.79703710795336,4.79703710795336,0.487953338280518,3.55225290010471,4.79703710795336,4.79703710795336,4.79703710795336,4.79703710795336,3.66959250596201
12.8179109688719,4.29558221574241,6.34521500333867,15.5320849688898,5.89489536943954,16.4174217134267,18.9408597734804,21.2274992120245,7.91847333858726,5.70119306985056,8.19134138220095,24.4246061172076,25.4973682742746,24.5808266577591,2.47821331196928,2.59352506746374,5.75082678727361,9.25519245440094,25.2736380065094,9.25519245401082,3.82669868099432,1.77365375095453,8.36616328256353,31.6917479849349,31.6917479848799,9.82988623041655,2.14103962951078,3.20515565652925,9.82988623032978,27.3808274280023,4.58071567794666,44.8636066902576,3.57206147465061,3.77643982366244,2.51743120229978,4.58071567794666,3.77643982366244,4.58071567794666,0.462308056572078,3.77643982366244,4.58071567794666,4.58071567794666,4.58071567794666,0.562981698594457,3.77643982366244,4.58071567794666,4.58071567794666,4.58071567794666,4.58071567794666,3.57206147465061
13.6365289452586,4.0066373401135,6.06454701924294,16.3071759764871,5.50402216853864,17.7177259084121,20.2346383136454,22.8198195956985,7.54878787109691,5.61148097903655,7.7855829047971,26.4284223375116,27.3511871293126,26.5548748325445,2.56584722597156,2.64315861061992,5.46481244310128,8.82404742412266,27.1368106857294,8.82404742493726,3.70478502720546,1.84163253263744,8.21443474486282,33.8909521518351,33.8909521518351,9.4615687527176,2.16431968186558,3.29453651714791,9.46156875365118,26.9167588079776,4.70096756456352,47.9666815447153,3.46816698463438,3.34271715730506,2.61228728826698,4.70096756456352,3.34271715730506,4.70096756456352,0.441151167766909,3.34271715730506,4.70096756456352,4.70096756456352,4.70096756456352,0.50459157743779,3.34271715730506,4.70096756456352,4.70096756456352,4.70096756456352,4.70096756456352,3.46816698463438
13.0122411280445,4.17299067148676,6.28282060287364,15.6875654690469,5.79172732535336,16.6252941390403,19.2870410742524,21.6135055408732,7.81077164998297,6.16514373115325,8.10009062561003,24.9567765280686,25.8518156110046,25.110634939654,2.4927522320953,2.696190624523,5.56614127706812,9.14118110404035,25.6144792105048,9.14118110433606,3.93380880392456,1.72301818362228,9.01192099306232,32.1389744579439,32.1389744579439,9.86118130797779,2.12859092771251,3.2788009658749,9.86118130786866,27.1168234866956,4.68751301322702,45.4758020400843,3.74451541588103,3.84481757551926,2.44675625519091,4.68751301322702,3.84481757551926,4.68751301322702,0.479723125103128,3.84481757551926,4.68751301322702,4.68751301322702,4.68751301322702,0.512163482090083,3.84481757551926,4.68751301322702,4.68751301322702,4.68751301322702,4.68751301322702,3.74451541588103
12.777488833052,3.92005645318009,5.97527194381408,15.2453991736603,5.45322726967922,16.5272303201872,18.9686363018927,21.3025540746969,7.41639059711437,5.76959292220375,7.6670771861267,24.6194179411578,25.5707305943523,24.7918187690368,2.56891903665937,2.65842496070861,5.60719663639333,8.6920869747891,25.4391861903728,8.69208697550297,3.6939118920149,1.78846433392224,8.44065503939731,31.8149016831984,31.8149016831984,9.16025461422509,2.26056703450188,3.36370121641214,9.16025461473857,24.7568032285311,4.80171930238658,45.0321802696939,3.39957266873762,3.24972365933043,2.53812660895581,4.80171930238658,3.24972365933043,4.80171930238658,0.485458847892238,3.24972365933043,4.80171930238658,4.80171930238658,4.80171930238658,0.573716781703475,3.24972365933043,4.80171930238658,4.80171930238658,4.80171930238658,4.80171930238658,3.39957266873762
14.04081165015,4.67386801894085,6.91949196517788,16.9394938498122,6.43471255389384,17.959903997608,20.7736076595791,23.2479659071144,8.6925725327015,6.16883981631318,8.95789570656889,26.7834453455855,27.8546420690151,26.9258951343617,2.60277906255045,2.78884675263718,6.06577590946854,10.1659264246934,27.6673816891885,10.1659264248264,3.95203483249345,1.87061975056044,9.00845511165212,34.6401044730371,34.6401044730371,10.9410793705921,2.19765905362842,3.39005450273337,10.9410793711259,26.5188066710266,4.83302888142719,49.0411777815415,3.74877379879554,3.73266543418895,2.65282936920333,4.83302888142719,3.73266543418895,4.83302888142719,0.514068536387537,3.73266543418895,4.83302888142719,4.83302888142719,4.83302888142719,0.569590246892577,3.73266543418895,4.83302888142719,4.83302888142719,4.83302888142719,4.83302888142719,3.74877379879554
14.4623820971635,4.66186837232263,6.71982312144682,17.3788609924182,6.15275352188903,18.7121701777123,21.4635943632747,24.126428548796,8.39812968765551,6.29408846765041,8.65764145946034,27.833255647082,28.8550914117405,28.009483408064,2.68879172719758,2.82528199874707,5.92588148915207,9.81784510744212,28.6067300533686,9.81784510727231,4.03030058197976,1.89101957507288,9.21713582223591,35.793724243281,35.793724243281,10.6092756579141,2.29976831938452,3.49306020173031,10.6092756585057,25.2807163054089,4.99005984031384,50.6583818829458,3.86701660177074,3.69163746731087,2.68400163360789,4.99005984031384,3.69163746731087,4.99005984031384,0.488875516433738,3.69163746731087,4.99005984031384,4.99005984031384,4.99005984031384,0.516433175593314,3.69163746731087,4.99005984031384,4.99005984031384,4.99005984031384,4.99005984031384,3.86701660177074
12.9750794151567,4.10088586419163,6.33191654810049,15.4172718871379,5.78814301073235,16.5554814486197,19.1645474976807,21.4534660800574,7.87225322163781,5.94413941583815,8.1752640583094,24.7866027797786,25.7343747376044,24.9280932609354,2.5168669014719,2.70346382373421,5.82717324106696,9.22427492269824,25.5222717538579,9.22427492259533,3.97339785096437,1.79411258676742,8.73944008484565,32.0660109364891,32.066010936489,9.77916657374388,2.17168065589703,3.29957054437101,9.77916657387018,26.2860961541464,4.70401031616062,45.3799021326937,3.83112198014302,3.86017722304785,2.54454393049525,4.70401031616062,3.86017722304785,4.70401031616062,0.512482539956407,3.86017722304785,4.70401031616062,4.70401031616062,4.70401031616062,0.513430554201648,3.86017722304785,4.70401031616062,4.70401031616062,4.70401031616062,4.70401031616062,3.83112198014302
14.5319172061769,4.52974855891355,6.50079345194863,17.7984817095722,6.00857964811946,19.0347751133439,21.6828764869448,24.4457967341248,8.12438159487172,5.66203303509227,8.39211371768041,28.1252970740324,29.0461958585893,28.2780478667732,2.50695496160711,2.70275967422271,5.58711307150969,9.50814602282027,28.8949038989062,9.50814602357064,3.83351648698773,1.69242253485747,8.28052396255005,36.0305143421398,36.0305143421398,10.3482646400834,2.21080339682733,3.32918625062961,10.3482646405447,29.1845689808004,4.75296512673705,50.9924680216286,3.50115639797099,3.68134009567115,2.40262320036838,4.75296512673705,3.68134009567115,4.75296512673705,0.488123925979622,3.68134009567115,4.75296512673705,4.75296512673705,4.75296512673705,0.578316146348494,3.68134009567115,4.75296512673705,4.75296512673705,4.75296512673705,4.75296512673705,3.50115639797099
13.1299961786462,4.55078569657337,6.53410974637467,15.8196397706931,6.03366288501758,16.8026848977471,19.4605977032475,21.7214336692102,8.15051189102925,6.18619986432234,8.42153867470043,25.0174025211986,25.93235582563,25.1840554765834,2.55237197733007,2.78278779444572,5.63916231683265,9.53657980555268,25.7358383912738,9.53657980441653,3.93559773560277,1.68471964468506,9.0173635973349,32.2501592600559,32.2501592600559,10.3899925073092,2.29039068829213,3.4104784378544,10.3899925063882,25.7419810619938,4.85757027349469,45.6430873372704,3.66186774971625,3.7343387350943,2.38988292539226,4.85757027349469,3.7343387350943,4.85757027349469,0.487445830860337,3.7343387350943,4.85757027349469,4.85757027349469,4.85757027349469,0.553278072520591,3.7343387350943,4.85757027349469,4.85757027349469,4.85757027349469,4.85757027349469,3.66186774971625
13.0622666625628,4.32768668551305,6.41128744976563,15.52439572648,5.82607298722164,16.7647402682568,19.346161410233,21.6045786226289,7.99552536010651,6.07506600196815,8.22764377255705,25.0034955822561,25.930040309887,25.1626235991763,2.65450645359594,2.71137618652372,5.53443449299662,9.33870063873436,25.6856449459882,9.3387006393774,3.85757833039392,1.80871019444892,8.89373484439785,32.1639074296512,32.1639074296512,10.2014957340761,2.35230513910233,3.45501701858681,10.2014957345807,27.1049186024599,4.93792055233597,45.5219296369068,3.59014626542373,3.44988901399606,2.56826347340717,4.93792055233597,3.44988901399606,4.93792055233597,0.441588312289672,3.44988901399606,4.93792055233597,4.93792055233597,4.93792055233597,0.564384740369037,3.44988901399606,4.93792055233597,4.93792055233597,4.93792055233597,4.93792055233597,3.59014626542373
12.4073396375966,3.98118319797661,6.03754343319457,14.6664642973389,5.49009847936615,15.9259638591461,18.2690803258757,20.478172578624,7.45475751271781,5.84982349879617,7.67880735959749,23.7314320028908,24.6887854130389,23.9007504337564,2.76157064499386,2.86552996612829,5.60329204360366,8.71055878164919,24.4096212121702,8.71055878232344,3.88205862227673,1.83673910837551,8.56170862539094,30.6425552295864,30.6425552295864,9.30255390744414,2.54017773621655,3.61361289407369,9.30255390735824,26.144806247219,5.16103008773576,43.3684812905048,3.6272537706611,3.21141128140135,2.60782307311391,5.16103008773576,3.21141128140135,5.16103008773576,0.431523716801067,3.21141128140135,5.16103008773576,5.16103008773576,5.16103008773576,0.531225485148027,3.21141128140135,5.16103008773576,5.16103008773576,5.16103008773576,5.16103008773576,3.6272537706611
14.3829186677313,4.34803788086046,6.42099505797874,17.619872714384,5.97669522285247,18.7712956402018,21.3619149400676,24.1166018003507,8.05863878781494,5.23137002579253,8.2764187282623,27.7493670066483,28.656127554363,27.8848248796678,2.47555061947176,2.66711138916788,5.40664240097014,9.40790240020596,28.3918097495187,9.40790240046839,3.72857374659036,1.6662068342825,7.70738659447331,35.4628647550608,35.4628647550608,10.3437115992301,2.13380885998996,3.26102665247561,10.3437115988561,27.5521592603615,4.64855570337995,50.1851475477132,3.62831117590324,3.32323078581166,2.36388608327042,4.64855570337995,3.32323078581166,4.64855570337995,0.434390558287782,3.32323078581166,4.64855570337995,4.64855570337995,4.64855570337995,0.553138761613003,3.32323078581166,4.64855570337995,4.64855570337995,4.64855570337995,4.64855570337995,3.62831117590324
12.4796948205959,3.89419581389417,5.98755717943194,14.7946934633887,5.44603083766772,16.069452731452,18.4619838570283,20.7673956532586,7.42394951491507,5.64048179852865,7.67617273429125,23.9307092748308,24.9025249623179,24.1043042399287,2.5285910589271,2.76049999124891,5.48649562165855,8.68333309269783,24.6389519537473,8.68333309226608,3.80374286020112,1.69696469385212,8.24460748515787,30.9424256991036,30.9424256991036,9.27990713385851,2.25627988205193,3.32714861674875,9.2799071342254,29.3789009699282,4.76020262105819,43.8001058048625,3.63557306506183,3.44331896903133,2.41107894064133,4.76020262105819,3.44331896903133,4.76020262105819,0.448791736192534,3.44331896903133,4.76020262105819,4.76020262105819,4.76020262105819,0.501211358342829,3.44331896903133,4.76020262105819,4.76020262105819,4.76020262105819,4.76020262105819,3.63557306506183
13.1573454363767,4.3232299487985,6.54475858524287,15.7567803299866,6.07299695872116,16.7770875578635,19.3758488220088,21.729493258547,8.23045389598432,5.43277553379446,8.46339254299099,24.8824873378212,25.9980516556953,25.0480285121724,2.43261068078939,2.65654422089965,5.79373221631981,9.60595878555704,25.7272066846992,9.60595878593807,3.75572955197145,1.71376955140048,7.97438360490139,32.2659065222037,32.2659065222037,10.3009994185134,2.05440010648873,3.17752618575605,10.3009994185184,25.8501898370027,4.52699707979291,45.6622206103845,3.68311736542314,3.50388152232926,2.43000047064994,4.52699707979291,3.50388152232926,4.52699707979291,0.448562277428216,3.50388152232926,4.52699707979291,4.52699707979291,4.52699707979291,0.516514175998328,3.50388152232926,4.52699707979291,4.52699707979291,4.52699707979291,4.52699707979291,3.68311736542314
14.333672819516,4.01861883273182,6.07204416927199,17.4096573950944,5.51304683498026,19.0161696631635,21.4634212885928,24.3790288218351,7.50369434028124,5.58035044065589,7.77640230005563,27.9936291804367,28.9325326171073,28.1351383422089,2.55826888288934,2.62894297400777,5.51713603653157,8.7821562201286,28.7682014164357,8.78215621997661,3.83355884140633,1.63216292573322,8.21226863145343,35.8498193754626,35.8498193754626,9.38939362263588,2.33689186435741,3.4324069608834,9.38939362268988,25.0289718548366,4.89442684060033,50.743542784518,3.38932464604553,3.62662153430274,2.31699669567725,4.89442684060033,3.62662153430274,4.89442684060033,0.461457384544978,3.62662153430274,4.89442684060033,4.89442684060033,4.89442684060033,0.571283641924016,3.62662153430274,4.89442684060033,4.89442684060033,4.89442684060033,4.89442684060033,3.38932464604553
13.8346573127496,4.42885399327138,6.65259860795544,16.6351307557628,6.13203456228167,17.9802034222572,20.4640529531786,23.0509214682265,8.2843803417154,5.99957662043268,8.50894389857656,26.4252402232021,27.5434010644776,26.5857438175665,2.79573684222134,2.89717272446382,6.00699113646731,9.67158074105916,27.3335028386317,9.67158074138931,3.95871369646025,1.76877912752181,8.76850641041843,34.1489364635029,34.1489364635029,10.3577761264487,2.61416518433696,3.72212742031709,10.3577761264651,29.2484503358982,5.30509109213235,48.3445259967225,3.53130655064426,3.38170101356367,2.5104329559731,5.30509109213235,3.38170101356367,5.30509109213235,0.454792909965536,3.38170101356367,5.30509109213235,5.30509109213235,5.30509109213235,0.539885597468374,3.38170101356367,5.30509109213235,5.30509109213235,5.30509109213235,5.30509109213235,3.53130655064426
13.433617842549,4.41027454013103,6.60253658414861,16.245954022485,6.15354605126196,17.2172691118648,19.8402308595035,22.1952296988725,8.29925933972901,5.75250838677844,8.55566370041666,25.4815886562803,26.5190911201989,25.6460049346469,2.43401889805615,2.64713452657207,5.82643998645771,9.7052117208009,26.3340660657951,9.7052117210659,3.77843299678477,1.73472975682296,8.42040099034203,32.9709831101664,32.9709831101664,10.4150602703456,2.09259263783641,3.18953110591499,10.4150602702967,29.4668886090136,4.54821388385239,46.6598557935569,3.63690673401947,3.60005274873947,2.46052923241261,4.54821388385239,3.60005274873947,4.54821388385239,0.490885370717878,3.60005274873947,4.54821388385239,4.54821388385239,4.54821388385239,0.522121344579851,3.60005274873947,4.54821388385239,4.54821388385239,4.54821388385239,4.54821388385239,3.63690673401947
14.6366391333506,4.58317663167148,6.61949113553806,17.7288538221824,6.05305617099747,19.1936277785377,21.8338930327513,24.6594374264298,8.28381700981814,5.87740847531424,8.53536109808877,28.305529098124,29.2903061168118,28.4560010427785,2.53473047314791,2.66578498505959,5.64083442358727,9.67555776294113,29.0872017625593,9.6755577629439,3.86743485225114,1.68602893246174,8.60792442132625,36.2724978487468,36.2724978487468,10.5533017381655,2.23321496279447,3.36494786357387,10.5533017382342,26.4538446368806,4.79578923630128,51.3314014021887,3.54407542911135,3.70565366390182,2.39207980549823,4.79578923630128,3.70565366390182,4.79578923630128,0.45719817503999,3.70565366390182,4.79578923630128,4.79578923630128,4.79578923630128,0.570130072263387,3.70565366390182,4.79578923630128,4.79578923630128,4.79578923630128,4.79578923630128,3.54407542911135
14.7469388876056,4.38711380264078,6.56139096769913,17.7808162533856,6.01739947840246,19.0475946184404,21.7832403206795,24.5335634178245,8.12269392237717,5.48699567328722,8.4028875880049,28.3552592879146,29.3204280309332,28.5145540623988,2.81521493395832,2.87674029729914,5.86760726013975,9.50537769062592,29.1571258006749,9.50537768965123,4.08777281294659,1.91014523846165,8.09947152624652,36.3617892281365,36.3617892281365,10.242595755274,2.4738098331472,3.70291135958803,10.2425957552446,30.3592807645271,5.27982298832288,51.4615455930469,3.60851456685094,3.79987664551036,2.71001793211512,5.27982298832288,3.79987664551036,5.27982298832288,0.4928162548047,3.79987664551036,5.27982298832288,5.27982298832288,5.27982298832288,0.518434490871655,3.79987664551036,5.27982298832288,5.27982298832288,5.27982298832288,5.27982298832288,3.60851456685094
13.3176499298482,4.46127674352916,6.37347946214661,16.0344416326302,5.83765026391817,17.2464845244329,19.8043759477632,22.1817422477057,7.9573461646869,5.82534032393543,8.21605253867173,25.4982195995703,26.395846569368,25.6605623182751,2.47314025369164,2.52265451422752,5.45296347959896,9.31023270269338,26.2825922219192,9.31023270271506,3.73759855955603,1.61353007445057,8.54119088178268,32.782891199096,32.782891199096,10.1440078291847,2.24752104982284,3.31469710425763,10.1440078291181,27.6294917871612,4.73066381318287,46.4078700149983,3.2841318291467,3.60411845217013,2.29098444544642,4.73066381318287,3.60411845217013,4.73066381318287,0.471069555244874,3.60411845217013,4.73066381318287,4.73066381318287,4.73066381318287,0.531893626511348,3.60411845217013,4.73066381318287,4.73066381318287,4.73066381318287,4.73066381318287,3.2841318291467
13.1227199637944,4.55614136146257,6.59135071759003,15.6612747066521,6.08427255548865,16.6675429810765,19.3441877650342,21.59637540849,8.24664813144902,6.00046820444625,8.50813898908697,24.879771213137,25.8694122160226,25.0368358473757,2.54917646434042,2.79351651269019,5.76149400215097,9.64463080949887,25.6418894133025,9.64463080994887,3.91461360371358,1.75039678190109,8.76175607232976,32.1844819099758,32.1844819099758,10.4430416366055,2.22252723836423,3.36300455434754,10.4430416367412,29.8324440913443,4.80479550362973,45.5485804241157,3.74169544365236,3.65749416641039,2.48508511371533,4.80479550362973,3.65749416641039,4.80479550362973,0.48878620396356,3.65749416641039,4.80479550362973,4.80479550362973,4.80479550362973,0.486982303592477,3.65749416641039,4.80479550362973,4.80479550362973,4.80479550362973,4.80479550362973,3.74169544365236
14.4549500753237,4.253134129376,6.30742335489499,17.3805114662551,5.71608429190767,18.9509722209042,21.4496665689035,24.2778453474256,7.74758844212967,5.61864194871049,8.02276573066166,27.9934930712647,28.9232117225425,28.145403297185,2.84575216176658,3.00008420740274,5.84117914283293,9.05881132859058,28.6816876383514,9.05881132858464,4.15521903282186,1.79204331733787,8.26389002910107,35.8208454862523,35.8208454862523,9.66521598170371,2.65521906174178,3.7849269827438,9.66521598165404,29.1776212524366,5.39850982277386,50.6951939275932,3.73914012414738,3.7411568228084,2.5444242552476,5.39850982277386,3.7411568228084,5.39850982277386,0.461032442123049,3.7411568228084,5.39850982277386,5.39850982277386,5.39850982277386,0.547227757319248,3.7411568228084,5.39850982277386,5.39850982277386,5.39850982277386,5.39850982277386,3.73914012414738
14.762429844042,4.44940321105629,6.57208376320143,17.8152444043217,6.03308301922809,19.2628614096128,21.9147273674331,24.7266569589447,8.20850731700831,5.32617822236029,8.45534461322907,28.4775504282807,29.3954722486391,28.6072262785499,2.63428172284883,2.7618013712083,5.68117834585796,9.60424252106264,29.2302002234771,9.60424251971294,3.87595811350964,1.72999444816602,7.86677002859497,36.4555099151684,36.4555099151684,10.4684459791368,2.34903748613794,3.50982031886294,10.4684459791368,27.7506983727637,5.00874180607867,51.599320951209,3.55635057512606,3.46228838334362,2.4561460172732,5.00874180607867,3.46228838334362,5.00874180607867,0.489111639071507,3.46228838334362,5.00874180607867,5.00874180607867,5.00874180607867,0.57148304026309,3.46228838334362,5.00874180607867,5.00874180607867,5.00874180607867,5.00874180607867,3.55635057512606
14.5246874654548,4.65004552670096,6.64838930543219,17.4848573194007,6.13690010776823,18.7878092782616,21.4739910373315,24.1763472920075,8.27010270536721,5.4718244105453,8.50953411450826,27.8420014610028,28.769610292423,28.0157194901966,2.80246889746968,2.94097713996934,5.80838361160139,9.67565421397746,28.564906639196,9.67565421375259,4.04509281164108,1.74170735351804,8.10041161418801,35.6958249247869,35.6958249247869,10.5666918756176,2.55242124598347,3.76292958179323,10.5666918758817,28.9885305641655,5.37573178934606,50.5217657748197,3.74532450119303,3.37506571355906,2.47530736866464,5.37573178934606,3.37506571355906,5.37573178934606,0.492413833144487,3.37506571355906,5.37573178934606,5.37573178934606,5.37573178934606,0.504591895897246,3.37506571355906,5.37573178934606,5.37573178934606,5.37573178934606,5.37573178934606,3.74532450119303
13.8971733688175,3.92452968231032,6.03884169852693,16.8504378572403,5.53214795939394,18.3761439965348,20.8089372317194,23.6618753029743,7.50320685008023,5.9471200792929,7.73123429231047,27.03051875257,28.0760415939963,27.2047573384877,2.52671384566118,2.63539768510429,5.65005511800154,8.76959600927418,27.871825925541,8.7695960088199,3.70976226406796,1.59151473688373,8.70214910413044,34.7713696724666,34.7713696724666,9.24596397573542,2.23518319950298,3.3951452509803,9.24596397632661,24.3606687583261,4.83532609963885,49.2134037751923,3.44291338222857,3.22194416556618,2.25823031440883,4.83532609963885,3.22194416556618,4.83532609963885,0.441811806070469,3.22194416556618,4.83532609963885,4.83532609963885,4.83532609963885,0.558934399961495,3.22194416556618,4.83532609963885,4.83532609963885,4.83532609963885,4.83532609963885,3.44291338222857
13.7913067398795,3.92869569593785,5.95222004811298,16.8279000936824,5.48327869350555,18.1569593755092,20.5103019820525,23.262027470635,7.39004947162135,5.32073899992951,7.62609683278358,26.6981096739501,27.6992993357966,26.8501819655228,2.50984210653085,2.59159466597146,5.51732245242043,8.6385723215221,27.5291526224442,8.63857232170157,3.64828096712173,1.66904156812945,7.80776907383094,34.3053822446414,34.3053822446414,9.13128260326239,2.24508618347234,3.31344040366744,9.13128260290307,24.5766571721113,4.7286601447531,48.5515471437647,3.27936375833408,3.31108375316723,2.36914840197703,4.7286601447531,3.31108375316723,4.7286601447531,0.43437619669316,3.31108375316723,4.7286601447531,4.7286601447531,4.7286601447531,0.513009132820064,3.31108375316723,4.7286601447531,4.7286601447531,4.7286601447531,4.7286601447531,3.27936375833408
13.1770610097412,4.10757429102186,6.05496399466129,15.7446289621234,5.51417548587231,16.9979048057248,19.50532927885,21.8911528723362,7.51029467578363,5.32954080409827,7.78897953137124,25.444573643171,26.2538662292806,25.5729607315537,2.54225925316134,2.70036456707033,5.37961945422677,8.80760864580203,26.0876452619629,8.80760864620663,3.80662872746186,1.7984709899115,7.84131917402121,32.6657605609898,32.6657605609898,9.53036774029044,2.23735702880918,3.32228661324795,9.53036773993075,29.4360578599805,4.74552887789803,46.2401356138403,3.55660781139123,3.55475965893641,2.55248769570732,4.74552887789803,3.55475965893641,4.74552887789803,0.494642094002205,3.55475965893641,4.74552887789803,4.74552887789803,4.74552887789803,0.486225199280838,3.55475965893641,4.74552887789803,4.74552887789803,4.74552887789803,4.74552887789803,3.55660781139123
13.3517218057808,3.7867217996939,5.76607618522307,16.3091568346346,5.31746175537345,17.5109888030814,19.879329433359,22.4604020108088,7.18807731162899,5.01697429088153,7.43319387554653,25.9366581331022,26.8325651185043,26.086414981417,2.36079751456457,2.42283027155599,5.22625936069404,8.41963060950521,26.6891784347375,8.41963060936826,3.49567297798705,1.72015571564863,7.40603949657588,33.2975930148935,33.2975930148935,8.98992378166933,2.00971770760944,3.05409648006019,8.98992378166929,25.6394387799039,4.35352086427628,47.1256803697062,3.29321050504169,3.23848613790319,2.43906649997414,4.35352086427628,3.23848613790319,4.35352086427628,0.457329724487791,3.23848613790319,4.35352086427628,4.35352086427628,4.35352086427628,0.570819730420616,3.23848613790319,4.35352086427628,4.35352086427628,4.35352086427628,4.35352086427628,3.29321050504169
14.6799833584157,4.18643289770821,6.25589005992048,18.0326570210227,5.78254433698925,19.3939320969596,21.9967592060018,24.9704295628124,7.72965966645174,6.26605871550268,7.9965660511136,28.6502661074302,29.6366593550554,28.8002455515126,2.700154900338,2.84477026081837,5.84807538680047,9.05381539609478,29.5092249754889,9.05381539585715,3.93346168395714,1.69588726118172,9.12874160749829,36.754158372399,36.754158372399,9.5717561086287,2.42080114729444,3.64774519349547,9.57175610865605,26.688098668768,5.19566823379234,52.0145914141848,3.47448249477517,3.50779320120343,2.40655748301922,5.19566823379234,3.50779320120343,5.19566823379234,0.494950541617451,3.50779320120343,5.19566823379234,5.19566823379234,5.19566823379234,0.529447085804986,3.50779320120343,5.19566823379234,5.19566823379234,5.19566823379234,5.19566823379234,3.47448249477517
13.0660454932274,4.0747981162532,6.19814310634516,15.7727916291502,5.72192809623059,16.9406832133704,19.3166853382072,21.7772900262503,7.6661340590066,5.57600429300152,7.91860033323883,25.0433753707893,26.0771193526843,25.2284668342087,2.68928283467002,2.91102366406884,5.8075479473853,8.96289506555647,25.8202035661948,8.96289506540315,3.94905280327613,1.75466181529715,8.16714400789768,32.3765818790464,32.3765818790464,9.47444823362439,2.48379361364364,3.57280558607312,9.47444823363243,28.2343995781367,5.08742602181537,45.8252822731134,3.69243497404684,3.4796139922559,2.4887947186658,5.08742602181537,3.4796139922559,5.08742602181537,0.458844223834711,3.4796139922559,5.08742602181537,5.08742602181537,5.08742602181537,0.566543567481092,3.4796139922559,5.08742602181537,5.08742602181537,5.08742602181537,5.08742602181537,3.69243497404684
14.2484833143135,4.10664095123064,6.14835237405695,17.1773754451103,5.59567062088457,18.7388666544341,21.1987199010044,24.028259507011,7.61400608657604,5.64727332036489,7.84584641665483,27.6758566926706,28.6601921079314,27.8196468823105,2.7000554613852,2.7468969048022,5.64153404942503,8.89754362269964,28.4557162863494,8.89754362266121,3.82610316876909,1.7819558331537,8.28894801279117,35.4782292897526,35.4782292897526,9.49514434087306,2.41314926265063,3.56460792715847,9.49514434081903,26.2324490128299,5.07568055535612,50.2141783993469,3.44683084523716,3.31619699877689,2.52713596169401,5.07568055535612,3.31619699877689,5.07568055535612,0.439998469488341,3.31619699877689,5.07568055535612,5.07568055535612,5.07568055535612,0.535112377217635,3.31619699877689,5.07568055535612,5.07568055535612,5.07568055535612,5.07568055535612,3.44683084523716
13.2241906038902,4.53880788747182,6.6332233250562,15.7929890543665,6.12389002063234,16.7088398224265,19.4538023652887,21.657544710842,8.28125844418782,5.70780372985083,8.57255264301101,25.1088299153176,26.0897866878137,25.2691441158932,2.61153888553247,2.85388109413193,5.90563237740261,9.69455635674258,25.8546998502496,9.69455635799686,4.04058094613998,1.91975402166235,8.37484879850608,32.5022742997043,32.5022742997043,10.416361133283,2.21309235248505,3.369724909887,10.4163611316912,27.7472653015127,4.80144744861097,46.0239894454803,3.91094609273565,3.89119344852621,2.72156609387375,4.80144744861097,3.89119344852621,4.80144744861097,0.512754570494349,3.89119344852621,4.80144744861097,4.80144744861097,4.80144744861097,0.546702496801813,3.89119344852621,4.80144744861097,4.80144744861097,4.80144744861097,4.80144744861097,3.91094609273565
13.2157644981223,4.65749220753852,6.73031952861214,15.6728573733436,6.20439989454272,16.6847633341944,19.3636374240021,21.5336571918225,8.38384205175755,5.80450753578689,8.6278836957501,24.9092013376205,25.9740221813187,25.1028064091159,2.84796816290186,2.87751624998944,6.00614768105962,9.80224190666206,25.8034612263276,9.8022419082356,4.00286855743159,1.93502043864897,8.53204690354686,32.3108659034672,32.3108659034672,10.5460070050534,2.57021023777979,3.7203662139439,10.5460070055196,26.1048765537523,5.31612896757975,45.7486293341901,3.56170396921311,3.49333877588341,2.74756873577992,5.31612896757975,3.49333877588341,5.31612896757975,0.489842141870219,3.49333877588341,5.31612896757975,5.31612896757975,5.31612896757975,0.509666157893275,3.49333877588341,5.31612896757975,5.31612896757975,5.31612896757975,5.31612896757975,3.56170396921311
14.519656380113,4.06873934329167,6.20015520089322,17.7489162975301,5.70720168079442,19.1120306506512,21.7395497718602,24.6015465267743,7.73730314610218,6.2184648180929,8.00366565273881,28.4140676515494,29.3339794459539,28.5623432373057,2.50263375326553,2.69143817866251,5.58783787328947,9.06949460676898,29.153540091376,9.06949460615972,3.78273861154988,1.80343545264169,9.07018943469517,36.4149741816624,36.4149741816624,9.72941729429067,2.09798715564729,3.2505218276522,9.72941729409909,26.3040592750761,4.65546275752529,51.5377822207373,3.68029353165011,3.45006355940738,2.56143527352359,4.65546275752529,3.45006355940738,4.65546275752529,0.505463787593745,3.45006355940738,4.65546275752529,4.65546275752529,4.65546275752529,0.499937703566939,3.45006355940738,4.65546275752529,4.65546275752529,4.65546275752529,4.65546275752529,3.68029353165011
14.7807832739102,4.61532073780014,6.64649153950144,17.7365039389592,6.06592645924153,19.2573602658763,21.8852479132233,24.6883839315144,8.29852882251348,5.25887154078198,8.55830236551302,28.3802813377421,29.3943237947875,28.5338863031226,2.63810159357002,2.70098710180444,5.77818022270356,9.70270279035432,29.2540490901628,9.70270279035424,3.89365683866873,1.77505192896971,7.76779042148189,36.440420349021,36.440420349021,10.5078274338354,2.36118410951112,3.4826210181397,10.5078274337781,29.1331340157427,4.97737580322835,51.5710606154874,3.42985480586333,3.69115069075513,2.52094027290612,4.97737580322835,3.69115069075513,4.97737580322835,0.481938416216586,3.69115069075513,4.97737580322835,4.97737580322835,4.97737580322835,0.553295081272043,3.69115069075513,4.97737580322835,4.97737580322835,4.97737580322835,4.97737580322835,3.42985480586333
12.3424471918098,4.42015537023882,6.49052929194285,14.5779696618718,5.96440432083231,15.4114960970123,18.1219701738601,20.0937496198515,8.13393122822234,5.43794172476004,8.37910139886403,23.1096831834806,24.1042313732733,23.2623743918302,2.45862921916639,2.6000769250154,5.56337354124752,9.49496504238893,23.8874766792213,9.49496504362493,3.75993390949463,1.67954198729265,7.97131226881176,29.9475714592189,29.9475714592189,10.3177509815894,2.09902709321279,3.21735228503952,10.3177509815632,26.5238810624206,4.6066510457217,42.374261615849,3.45244652481559,3.65819244898304,2.38644454383555,4.6066510457217,3.65819244898304,4.6066510457217,0.438661303522985,3.65819244898304,4.6066510457217,4.6066510457217,4.6066510457217,0.504950860488761,3.65819244898304,4.6066510457217,4.6066510457217,4.6066510457217,4.6066510457217,3.45244652481559
13.2137251021363,4.30506346621333,6.33714761291236,15.7980629376882,5.78809399626443,17.0669323281099,19.536809579075,21.97888181339,7.82882296614531,5.49087167511495,8.08691092441615,25.2745946779447,26.3085801316265,25.4485362963545,2.75864185597351,2.86307387333085,5.76860704026627,9.14966857593721,26.1077731949678,9.14966857580992,3.98558418393876,1.75101542013212,8.0641257642181,32.6479326369032,32.6479326369032,9.79103052762286,2.56933144092423,3.66616818159883,9.79103052771336,25.2192552057682,5.23619086792681,46.2144219776458,3.47638591967682,3.63408385249908,2.48745320024493,5.23619086792681,3.63408385249908,5.23619086792681,0.452977561461533,3.63408385249908,5.23619086792681,5.23619086792681,5.23619086792681,0.57956521444308,3.63408385249908,5.23619086792681,5.23619086792681,5.23619086792681,5.23619086792681,3.47638591967682
13.9565080961872,4.60437204543295,6.663092261063,16.6570591699472,6.08135292105209,18.0290317704764,20.6956073144192,23.2394321103756,8.32952078015254,5.89108091482837,8.60420170108182,26.7443206572401,27.6823634721734,26.8970013716728,2.54354850123531,2.76371739439648,5.70340198352167,9.74404401939176,27.4657191279914,9.74404401973708,3.98334328560641,1.70019112587275,8.6454867744133,34.3896016463173,34.3896016463173,10.6380749403408,2.26525054730805,3.38337101687263,10.6380749405183,25.2850766130874,4.84100659091003,48.6762121323293,3.7739402308876,3.8058366928966,2.41607530816361,4.84100659091003,3.8058366928966,4.84100659091003,0.495025631512262,3.8058366928966,4.84100659091003,4.84100659091003,4.84100659091003,0.504494738369444,3.8058366928966,4.84100659091003,4.84100659091003,4.84100659091003,4.84100659091003,3.7739402308876
13.0875918252068,3.91088021783801,5.95980005383201,15.6661390640675,5.39842409806471,16.9236552025184,19.4533059604348,21.8273165934893,7.38490767842443,5.66192149738617,7.68366347201968,25.3732506415811,26.2159274190618,25.5185054661681,2.48417996168568,2.52232185693475,5.36761133482389,8.66223175357127,26.1010294375772,8.66223175350047,3.73980138788846,1.84251720693267,8.30504306059144,32.6132771424144,32.6132771424144,9.26614561209947,2.10520682126566,3.18809200361514,9.26614561227764,28.67900383233,4.54926535896507,46.178411498778,3.38109530230545,3.71446072958604,2.6131484667539,4.54926535896507,3.71446072958604,4.54926535896507,0.492050392160626,3.71446072958604,4.54926535896507,4.54926535896507,4.54926535896507,0.535072473457315,3.71446072958604,4.54926535896507,4.54926535896507,4.54926535896507,4.54926535896507,3.38109530230545
14.2432449141697,4.14775619042617,6.4797833884161,17.130805041673,5.92177646656548,18.5821497495849,21.1700526416237,23.8780194221049,8.08862259432089,6.35181862193389,8.35898052849918,27.5302674042324,28.5945479122055,27.6854013645574,2.61814569260478,2.74499693106002,6.06713389352003,9.46144309659115,28.3566512894071,9.46144309500919,3.95598073267434,1.92154035419678,9.29928911091567,35.4889168739652,35.4889168739652,9.93107402786541,2.21698793833419,3.34628546588322,9.93107402786541,27.5822862525628,4.79232948390875,50.2237931752525,3.86494419025692,3.67180510174646,2.72851044245821,4.79232948390875,3.67180510174646,4.79232948390875,0.496034478127335,3.67180510174646,4.79232948390875,4.79232948390875,4.79232948390875,0.590651172661566,3.67180510174646,4.79232948390875,4.79232948390875,4.79232948390875,4.79232948390875,3.86494419025692
14.4221163649272,4.23696251950231,6.30419591175582,17.3487262736336,5.70986488048964,18.9509863575554,21.5091342853866,24.3494938968708,7.82266604789275,6.07793050944564,8.08561249060724,28.0174106538571,29.0203930699432,28.171565240659,2.63959319223145,2.75456368522952,5.74054584153505,9.14599090899775,28.82569612175,9.14599090888278,3.89974614066435,1.78787518870572,8.86776845362387,35.9499662291132,35.9499662291132,9.74971626892909,2.32039840913196,3.47221814524721,9.74971626892909,27.7314966372397,4.95124362598917,50.8749322400605,3.53023483164068,3.64763071914903,2.53669474714264,4.95124362598917,3.64763071914903,4.95124362598917,0.461096857505093,3.64763071914903,4.95124362598917,4.95124362598917,4.95124362598917,0.518785806901314,3.64763071914903,4.95124362598917,4.95124362598917,4.95124362598917,4.95124362598917,3.53023483164068
14.6100564638889,4.49077973881852,6.53920223088812,17.8241963609384,5.99588222864134,19.1607800095403,21.7912400946515,24.5721108868584,8.15334183919433,5.8982350538929,8.42682601365214,28.3396339471595,29.2580729266073,28.479459048476,2.582112477778,2.64889384006044,5.58276906932513,9.53373670737075,29.0834237457815,9.53373670913256,3.91560415742578,1.76903901672883,8.65384485758433,36.2600337906084,36.2600337906084,10.4046604870708,2.28858976464139,3.38791034904539,10.4046604863938,28.0118164307383,4.84216930763415,51.3169591371784,3.51836357011942,3.82935680183575,2.5120048401732,4.84216930763415,3.82935680183575,4.84216930763415,0.474013968614042,3.82935680183575,4.84216930763415,4.84216930763415,4.84216930763415,0.56331640578692,3.82935680183575,4.84216930763415,4.84216930763415,4.84216930763415,4.84216930763415,3.51836357011942
13.6042101596055,4.60077047395269,6.73829266702436,16.4327818073344,6.31335833315684,17.4144590971036,20.0653418219295,22.47231060321,8.44734174057418,5.62576783111358,8.69056745645201,25.7471922418174,26.8062818218884,25.9168194102578,2.60973526374253,2.81121422051101,6.06803267823652,9.88049461711527,26.5989211247261,9.88049461720838,3.92700388791613,1.71330565039053,8.30334658556864,33.3462878835818,33.3462878835818,10.572398201986,2.33206093736995,3.4892797871456,10.5723982019398,29.4334818906993,4.98575287901076,47.1982856254838,3.79831478793095,3.41396173211695,2.43385486680367,4.98575287901076,3.41396173211695,4.98575287901076,0.507055497751799,3.41396173211695,4.98575287901076,4.98575287901076,4.98575287901076,0.569622470063332,3.41396173211695,4.98575287901076,4.98575287901076,4.98575287901076,4.98575287901076,3.79831478793095
13.6704626249922,4.14654651397915,6.07233421602781,16.6761162946629,5.59487804035577,17.8060494484957,20.2786165672821,22.8979551878852,7.47440722016221,5.56607607167761,7.74611619314808,26.4725260219921,27.3917620121556,26.6518967275002,2.71426976738681,2.81942956203284,5.57086578392519,8.74526358000052,27.14786169422,8.7452635794021,3.99377904564605,1.8147852370295,8.20544692939761,33.9613637572289,33.9613637572289,9.37734366514474,2.43801434411894,3.5687588619057,9.3773436650921,24.7916083362937,5.09318411355779,48.0583570693635,3.69798735734884,3.61903480500062,2.5759468871391,5.09318411355779,3.61903480500062,5.09318411355779,0.457919987065718,3.61903480500062,5.09318411355779,5.09318411355779,5.09318411355779,0.527669641245259,3.61903480500062,5.09318411355779,5.09318411355779,5.09318411355779,5.09318411355779,3.69798735734884
13.6644823709639,4.13631827455766,6.17240899512058,16.5976358369969,5.66446851925019,17.682241652246,20.3232837732717,22.8183353050185,7.64138722882326,5.59642296034663,7.93054755037042,26.5183872377701,27.3517977277471,26.6588734805446,2.62569110458884,2.68499127268969,5.4822117084572,8.95980148263369,27.2265674083424,8.95980148212246,3.86996961020977,1.86480894559822,8.22292037060461,33.9942737685223,33.9942737685223,9.67741388234558,2.26465222568187,3.42557056073605,9.6774138823017,29.6102583687878,4.88374199871886,48.1101698681362,3.45884926947288,3.69611320604097,2.64477338595132,4.88374199871886,3.69611320604097,4.88374199871886,0.497619897604595,3.69611320604097,4.88374199871886,4.88374199871886,4.88374199871886,0.581408792566074,3.69611320604097,4.88374199871886,4.88374199871886,4.88374199871886,4.88374199871886,3.45884926947288
14.0532957972679,4.30389216709814,6.40246020937533,16.9425809290829,5.8696465564756,18.3473841753621,20.9100282893613,23.6552510911199,7.96962589833764,5.93657763744116,8.21591955270851,27.1232757649036,28.1380326941803,27.2713339198533,2.61587584324437,2.82186535925176,5.8563987961127,9.30837921749644,27.8763356463072,9.3083792174517,3.94009058905233,1.69222529035045,8.68972320205525,34.8583880271535,34.8583880271535,9.91301873792584,2.30299113782371,3.46600619326481,9.9130187359352,26.4315486741724,4.95587390723004,49.3318275697008,3.75022315501921,3.5420880922172,2.4048349542067,4.95587390723004,3.5420880922172,4.95587390723004,0.452716256003449,3.5420880922172,4.95587390723004,4.95587390723004,4.95587390723004,0.579709507075654,3.5420880922172,4.95587390723004,4.95587390723004,4.95587390723004,4.95587390723004,3.75022315501921
14.3211830978653,4.11512684567425,6.40278777363351,17.2538308365868,5.83451991442436,18.8140750825425,21.3047303753446,24.1592514338191,7.9795710426795,6.02181728914306,8.2453776715069,27.6562186530494,28.7881409734794,27.8036841087193,2.5368200859496,2.62433443774797,5.92480282991778,9.31790817233423,28.5832989998786,9.31790817421059,3.84975678817273,1.7604523107121,8.79927461469812,35.6519954609115,35.6519954609115,9.78415276436846,2.21063365005321,3.31376511745863,9.78415276436929,26.0196041188288,4.7220180411297,50.4566311726595,3.497684623399,3.77061817716762,2.49665820954633,4.7220180411297,3.77061817716762,4.7220180411297,0.451456729791958,3.77061817716762,4.7220180411297,4.7220180411297,4.7220180411297,0.516297044438083,3.77061817716762,4.7220180411297,4.7220180411297,4.7220180411297,4.7220180411297,3.497684623399
13.8699677722927,4.22057315894061,6.42463648577497,16.5937491071915,5.85720096344573,18.0200029863395,20.5732472654962,23.1955901153336,8.02892252783347,5.92919248543785,8.28267949809704,26.68912445941,27.7743895585132,26.8543029431936,2.56399397247668,2.7366113477006,5.87081489910254,9.37943963978971,27.5261225823334,9.37943963941642,3.86182295986991,1.8502548391077,8.66148070815122,34.4368527044985,34.4368527044985,9.94785525379523,2.17443934692255,3.29142567455946,9.94785525344082,26.1000989558918,4.71413890600366,48.7297210521306,3.70947253268623,3.61794193722305,2.62769264619069,4.71413890600366,3.61794193722305,4.71413890600366,0.460708272202623,3.61794193722305,4.71413890600366,4.71413890600366,4.71413890600366,0.5866662228285,3.61794193722305,4.71413890600366,4.71413890600366,4.71413890600366,4.71413890600366,3.70947253268623
12.9647182864544,4.48160028855787,6.61059470189375,15.6586899345317,6.16695529019997,16.3104443339145,19.0295710086654,21.0715089578587,8.23130742606492,5.37560452985662,8.50811092808692,24.5003770493967,25.401213814668,24.6729153547016,2.70712975389198,2.72921618713028,5.65523593852941,9.63777002919469,25.2615264179195,9.63777002676449,3.96953846663667,1.89167216690668,7.95762246336731,31.6443169393031,31.6443169393031,10.5355064929135,2.41925822245371,3.53203330024769,10.5355064946954,25.5254217714356,5.0420903346543,44.7963749436927,3.52735683466722,3.76107210084881,2.68447957219594,5.0420903346543,3.76107210084881,5.0420903346543,0.502153203762809,3.76107210084881,5.0420903346543,5.0420903346543,5.0420903346543,0.522843000445061,3.76107210084881,5.0420903346543,5.0420903346543,5.0420903346543,5.0420903346543,3.52735683466722
13.7331962367171,4.17763313061414,6.26869167487504,16.4868640839047,5.74229839517633,17.7530041134187,20.3796811083376,22.9036868815122,7.82630705892014,5.79675338494772,8.08258590498782,26.4887600160146,27.4352614022468,26.6367193010041,2.55437287319011,2.5781813435551,5.645645289623,9.16655159002198,27.3158748210882,9.16655159027473,3.72110116770588,1.84054288270729,8.50796228993413,34.0889021502224,34.0889021502224,9.79770719535239,2.15753284440259,3.30104097631862,9.7977071953041,28.7325504014556,4.72500216383183,48.2471939231871,3.41604150398079,3.42533115871585,2.61356692087192,4.72500216383183,3.42533115871585,4.72500216383183,0.49320567301509,3.42533115871585,4.72500216383183,4.72500216383183,4.72500216383183,0.516202760382433,3.42533115871585,4.72500216383183,4.72500216383183,4.72500216383183,4.72500216383183,3.41604150398079
13.487019929744,4.49399736306781,6.56865793349229,16.1474547578021,6.04277149221501,17.2448952951899,19.9025888780438,22.2798195407928,8.1699808236139,5.82447563215649,8.44323437963938,25.7735309758669,26.7519196939911,25.9313760807684,2.70703209847971,2.84063508111128,5.80967981090561,9.56035729881924,26.5530211338045,9.5603572983777,4.01632405416013,1.8582859407491,8.54778417112472,33.2678297383135,33.2678297383135,10.3297740080249,2.40016264676026,3.55321289715295,10.3297740077889,28.113109666703,5.07266338691734,47.0930193445072,3.69126122680746,3.7238057558535,2.63748140840425,5.07266338691734,3.7238057558535,5.07266338691734,0.496265093961436,3.7238057558535,5.07266338691734,5.07266338691734,5.07266338691734,0.517127440376021,3.7238057558535,5.07266338691734,5.07266338691734,5.07266338691734,5.07266338691734,3.69126122680746
13.7837541919139,4.37781739183659,6.48434681647254,16.5942074361087,5.95107054552351,18.0059027024839,20.4348967209917,23.0704041299015,8.05912494010235,5.93533798298517,8.28847919149261,26.3726027422552,27.4345213157199,26.5495789256124,2.70834977977123,2.91853153043323,5.82390323128504,9.40471510301894,27.1845990288762,9.40471510264042,3.95183114641572,1.64298606860232,8.64864168334574,33.9748876978823,33.9748876978823,10.1116398901826,2.55454376681111,3.63882153126045,10.1116398893658,27.7066943301918,5.18497982735132,48.0981503367773,3.59275203685248,3.46845023621922,2.33246605632377,5.18497982735132,3.46845023621922,5.18497982735132,0.43305750488386,3.46845023621922,5.18497982735132,5.18497982735132,5.18497982735132,0.503307120138309,3.46845023621922,5.18497982735132,5.18497982735132,5.18497982735132,5.18497982735132,3.59275203685248
13.4366806891101,4.3383715529683,6.48177095289752,16.0903350512768,5.96858561478179,17.2530723615504,19.7989530727346,22.098195391107,8.06008005088349,5.58605272172158,8.3037408700473,25.6471284022057,26.5622803923163,25.8239740933826,2.79567520080874,2.90697669801691,5.73646035833585,9.44225041063428,26.4054314999759,9.44225041147033,3.93908692131521,1.89893093631533,8.21844273945908,33.0526096526379,33.0526096526379,10.258210899796,2.58942497463043,3.69042566473142,10.2582109013896,29.9506628862922,5.25711114998007,46.7807067227893,3.62855577626764,3.27980685984121,2.69318402587848,5.25711114998007,3.27980685984121,5.25711114998007,0.506087127881286,3.27980685984121,5.25711114998007,5.25711114998007,5.25711114998007,0.520854113370144,3.27980685984121,5.25711114998007,5.25711114998007,5.25711114998007,5.25711114998007,3.62855577626764
14.6409879202999,4.4925844432916,6.65807236310609,17.7375320211903,6.17767445700077,19.0467322576423,21.6650573500701,24.4460844830329,8.325088913367,5.39899925199934,8.54968880779458,28.0881749590227,29.1112773803538,28.2285754687842,2.7094021976782,2.76223538429958,5.87005652116951,9.73046349291418,28.9462738092266,9.73046349337115,3.86156432324781,1.76007485870749,7.98213336293363,36.0906133055203,36.0906133055203,10.5162671219108,2.43190592510016,3.59986876125109,10.5162671224514,30.5803971606234,5.14120046069345,51.0913982063454,3.50148018825197,3.28876147377503,2.49982665589075,5.14120046069345,3.28876147377503,5.14120046069345,0.477881947873103,3.28876147377503,5.14120046069345,5.14120046069345,5.14120046069345,0.537444909478237,3.28876147377503,5.14120046069345,5.14120046069345,5.14120046069345,5.14120046069345,3.50148018825197
13.0904198482083,4.29597503439159,6.26587900905484,15.7451726486362,5.77013245920405,16.88052832512,19.4271307301275,21.7587040186601,7.84926218713474,5.62431873874545,8.08392609273863,25.1741620226919,26.0389699351271,25.3074228687416,2.47015524065875,2.70493354902571,5.40369377410256,9.18636116897605,25.8259621708579,9.18636116860345,3.69485651838121,1.72165850155765,8.21923027034171,32.3662637940848,32.3662637940849,10.0278514609303,2.14868361584217,3.2464907934318,10.0278514625434,27.5271848507759,4.62978808948871,45.8105623482973,3.59929730170418,3.26504383199348,2.44234717835408,4.62978808948871,3.26504383199348,4.62978808948871,0.474076613361953,3.26504383199348,4.62978808948871,4.62978808948871,4.62978808948871,0.544569299869633,3.26504383199348,4.62978808948871,4.62978808948871,4.62978808948871,4.62978808948871,3.59929730170418
13.5022559419433,4.44488505722155,6.48016852188877,16.1810138761843,5.94915740936962,17.4207427345073,20.0184193160699,22.4752183514393,8.1061227988945,5.74017043338717,8.35758926894716,25.8405435395493,26.8487674648862,26.0016218984364,2.53214230073098,2.62117355982289,5.72776672255951,9.47872585495528,26.6763427073079,9.4787258548269,3.79744338334021,1.73236429720573,8.43188626434508,33.3472456721445,33.3472456721445,10.192446720301,2.21601564955365,3.33584330517394,10.192446719858,27.2469046602117,4.76252351517824,47.199112059271,3.5053725015116,3.54968709417609,2.45897073668257,4.76252351517824,3.54968709417609,4.76252351517824,0.476812560982786,3.54968709417609,4.76252351517824,4.76252351517824,4.76252351517824,0.553234893786732,3.54968709417609,4.76252351517824,4.76252351517824,4.76252351517824,4.76252351517824,3.5053725015116
13.3411113871232,4.2785324239318,6.35960121874278,15.993684399975,5.83724858225697,17.0977130211163,19.7342033849678,22.1567285977891,7.96622154163275,5.22008037574417,8.21679037160358,25.5171285434849,26.5089213087873,25.6623784299314,2.43287825985096,2.50490792789499,5.46907307735195,9.30412049311307,26.3061243995691,9.30412049312836,3.70634252997684,1.73455413318174,7.694289790338,32.8743873590388,32.8743873590388,10.0911835496211,2.03000192873568,3.13508885479305,10.0911835494274,25.8747132698834,4.48539729817047,46.5302354653517,3.4107102549969,3.64963889446052,2.46295384131081,4.48539729817047,3.64963889446052,4.48539729817047,0.441391083554869,3.64963889446052,4.48539729817047,4.48539729817047,4.48539729817047,0.532164675140483,3.64963889446052,4.48539729817047,4.48539729817047,4.48539729817047,4.48539729817047,3.4107102549969
14.641075329522,4.5884629536599,6.78855627291104,17.7533505150761,6.27296362223689,19.0075436214169,21.725809924846,24.4011002271628,8.45828045114822,6.01688884788177,8.69471396755609,28.1304262525752,29.0861916018046,28.314597054385,2.84167485516032,2.99573489513962,5.87080264071926,9.89078740766556,28.8967159742347,9.89078740724583,4.05165505754672,1.81896989518632,8.80457818381224,36.0717630316189,36.0717630316189,10.8192514762513,2.58655829636471,3.79832437627697,10.8192514748007,27.7235025729128,5.41201852753581,51.0482262825388,3.6906978049913,3.41534520256596,2.58113902365035,5.41201852753581,3.41534520256596,5.41201852753581,0.490130182941648,3.41534520256596,5.41201852753581,5.41201852753581,5.41201852753581,0.561147184596477,3.41534520256596,5.41201852753581,5.41201852753581,5.41201852753581,5.41201852753581,3.6906978049913
12.4899926495838,4.12600282238387,6.10359005094746,14.7608934356188,5.52964124625427,15.916638909839,18.4720332969277,20.6898709549406,7.50588417214438,5.56076884983407,7.79891268296512,23.9494063314212,24.8557206023272,24.1079006170088,2.6837610211577,2.76007806457761,5.59161164839462,8.79073375680819,24.6747843018032,8.79073375680261,3.97987477341351,1.7653689630151,8.18883704283325,30.93212783141,30.93212783141,9.39216590764678,2.40385405592178,3.54934994484902,9.39216590751697,28.3907577331731,5.07094326923067,43.7989416026594,3.50922061651064,3.77701674690292,2.5074634524527,5.07094326923067,3.77701674690292,5.07094326923067,0.475756465598904,3.77701674690292,5.07094326923067,5.07094326923067,5.07094326923067,0.585565050690084,3.77701674690292,5.07094326923067,5.07094326923067,5.07094326923067,5.07094326923067,3.50922061651064
13.0879284374799,4.45063157384716,6.55677945587188,15.5118894955989,6.02428796810901,16.7573818466769,19.2905270039837,21.6216687180078,8.2251446044511,5.97011104357234,8.44614491470249,24.7836836985677,25.9100896296732,24.9588982454165,2.5688427304237,2.74828964010867,5.92488212928072,9.60210426441702,25.6249457746697,9.60210426457938,3.82655554180518,1.74992718983669,8.74151840859921,32.1692113663084,32.1692113663084,10.2510746117078,2.25916599953498,3.37243554161331,10.2510746116198,25.684203073816,4.81315785129151,45.5317318454798,3.75214552917943,3.33169052469833,2.48358819515181,4.81315785129151,3.33169052469833,4.81315785129151,0.452903664849851,3.33169052469833,4.81315785129151,4.81315785129151,4.81315785129151,0.512373706399936,3.33169052469833,4.81315785129151,4.81315785129151,4.81315785129151,4.81315785129151,3.75214552917943
13.6095271297501,4.50228958440966,6.67425913559531,16.4702053373471,6.2108772639128,17.3798983982104,20.0921736966074,22.45690891227,8.36838993501163,5.89001412053693,8.64189367960496,25.9207246905854,26.882332020378,26.0611329398823,2.5045782655055,2.73373239729693,5.79778095804719,9.78752422078347,26.632774324104,9.78752422089785,3.95123396165117,1.79963983563325,8.64394541194906,33.4215909198016,33.4215909198016,10.6047912132455,2.13403959298866,3.25852063079753,10.6047912122769,28.1186910778826,4.65638453597441,47.3006481311257,3.87417940509405,3.79930084260228,2.55416867502591,4.65638453597441,3.79930084260228,4.65638453597441,0.495539941049107,3.79930084260228,4.65638453597441,4.65638453597441,4.65638453597441,0.490793435541758,3.79930084260228,4.65638453597441,4.65638453597441,4.65638453597441,4.65638453597441,3.87417940509405
13.1323945315429,4.372415523647,6.48348774093789,15.7423378285856,6.00894005240949,16.8974467956695,19.3336603918216,21.696895496232,8.10235645223412,5.2825967197334,8.33089332447213,24.8968306938465,25.9149615128001,25.0519452017908,2.5989800210898,2.84332613033239,5.80577170540006,9.46689447850533,25.6555298171323,9.46689447799796,3.87065019127216,1.67080563674254,7.7800191865733,32.1911162102046,32.1911162102046,10.1798201887593,2.41624197873646,3.47332329509197,10.1798201888205,25.4410687994441,4.95645738973903,45.5632905374172,3.72382106191511,3.33697727140734,2.37243596727036,4.95645738973903,3.33697727140734,4.95645738973903,0.462827508604078,3.33697727140734,4.95645738973903,4.95645738973903,4.95645738973903,0.506360845937707,3.33697727140734,4.95645738973903,4.95645738973903,4.95645738973903,4.95645738973903,3.72382106191511
12.7805082742801,4.25567456153865,6.43873145376173,15.3168403409256,5.96155151957643,16.2784981486891,18.8532661482198,20.989576973323,8.10930754085018,5.93660563014194,8.32229404890217,24.1873668591113,25.2320128507047,24.352052702001,2.46822241608599,2.56270895521542,5.63964155649938,9.47009031205538,25.0485642541008,9.47009031186732,3.57282359232362,1.79998258594245,8.64341734391071,31.3337432219554,31.3337432219554,10.1950631129216,2.08460609265616,3.16680027916121,10.1950631131284,24.8875487080886,4.51582062174239,44.3423792765544,3.38093871621376,3.2095183196297,2.55244267845711,4.51582062174239,3.2095183196297,4.51582062174239,0.448230876282971,3.2095183196297,4.51582062174239,4.51582062174239,4.51582062174239,0.553435005895086,3.2095183196297,4.51582062174239,4.51582062174239,4.51582062174239,4.51582062174239,3.38093871621376
13.6577799761462,4.56411810201451,6.73227690162339,16.3315704311567,6.21214774495383,17.3663102593778,20.1202358335501,22.3945879186597,8.451461452266,5.84726757944891,8.72246940785851,25.9583848405476,26.9323193671123,26.1226741094726,2.57812639879521,2.76063072894299,5.83817480669428,9.89546544617644,26.7598595474721,9.89546544664236,3.89518399237332,1.92896644805172,8.56101558524413,33.5352763131269,33.5352763131269,10.7196107808143,2.17412324526926,3.30865431989135,10.7196107809766,27.3508893983376,4.72124757996544,47.4681031732512,3.74590965161862,3.67895200067712,2.73550908432146,4.72124757996544,3.67895200067712,4.72124757996544,0.52159953970791,3.67895200067712,4.72124757996544,4.72124757996544,4.72124757996544,0.524064370608848,3.67895200067712,4.72124757996544,4.72124757996544,4.72124757996544,4.72124757996544,3.74590965161862
13.1898877675166,4.46701034892315,6.59979712724632,15.9604116388065,6.13266486452868,16.7472699211985,19.5174838090132,21.719666327198,8.2529721523256,5.87501968691574,8.53394702712876,25.1343041088606,26.0781262210107,25.2810357019672,2.55277069357738,2.65180754724921,5.70897958309652,9.66260935172951,25.9481410900199,9.66260935135334,3.8724338700163,1.82632361249771,8.60322445976144,32.4725212672009,32.4725212672009,10.4698611243902,2.18129486957306,3.32074282263487,10.4698611240863,25.5230201232648,4.74706326691273,45.9615563604532,3.50503781962214,3.80965268575988,2.59251143605162,4.74706326691273,3.80965268575988,4.74706326691273,0.505547557795969,3.80965268575988,4.74706326691273,4.74706326691273,4.74706326691273,0.595073085915289,3.80965268575988,4.74706326691273,4.74706326691273,4.74706326691273,4.74706326691273,3.50503781962214
13.0066143972755,4.26610035100631,6.37451135149877,15.8958559734812,5.96155890952789,16.9082949270714,19.2845606646602,21.7027158265656,7.94632008452324,5.84235926807225,8.16424497933372,24.7917951255948,25.8720376111733,24.9689225181016,2.61392883234195,2.72688649985901,5.72656609237544,9.27479119936318,25.6589593792795,9.27479119872015,3.77964741101034,1.60892863111736,8.5349961406834,32.0796194205425,32.0796194205425,9.94166089850244,2.45925626270344,3.5029793350585,9.94166089850106,28.1992958301432,4.99965826173755,45.4070870410692,3.39347139366952,3.30539961826447,2.28565124587227,4.99965826173755,3.30539961826447,4.99965826173755,0.430208718811738,3.30539961826447,4.99965826173755,4.99965826173755,4.99965826173755,0.560689710179081,3.30539961826447,4.99965826173755,4.99965826173755,4.99965826173755,4.99965826173755,3.39347139366952
14.9024319779147,4.63090890486992,6.72677338721216,18.02197063202,6.21838327851821,19.3154634551737,22.0627714398385,24.8994180668398,8.33353729367382,5.62724197738043,8.6111376956199,28.6041870614239,29.5619812986232,28.779127181324,2.82201603760652,3.07357284439167,6.00207689159442,9.75636628754358,29.3801365930987,9.75636628738854,4.18843186648238,1.72154827595742,8.27140705836889,36.6943782579233,36.6943782579233,10.5407614979819,2.58199929983535,3.82951741265455,10.5407614979027,29.2770795723291,5.45157337736071,51.9634091542003,3.77881187793955,3.7511558987234,2.44300725017062,5.45157337736071,3.7511558987234,5.45157337736071,0.513408582967247,3.7511558987234,5.45157337736071,5.45157337736071,5.45157337736071,0.509584520088841,3.7511558987234,5.45157337736071,5.45157337736071,5.45157337736071,5.45157337736071,3.77881187793955
13.0640291958813,4.22438620825504,6.1677661470906,15.8875367011283,5.71808041849023,16.7959822268462,19.2923380048219,21.5966321615607,7.69136378784908,5.14918861542697,7.95933839341714,25.0035710769954,25.9518761711041,25.167515875093,2.48268243074889,2.50541872537672,5.40931311218982,9.00307243675799,25.8266114622105,9.00307243614249,3.67751794812461,1.8195426589292,7.58726563648607,32.2522763322081,32.2522763322081,9.71073096580127,2.15166254348825,3.1788971289039,9.71073096539075,29.191618962829,4.54971601604473,45.6513373429395,3.27860982813692,3.61523386143249,2.58319233861862,4.54971601604473,3.61523386143249,4.54971601604473,0.469070096772008,3.61523386143249,4.54971601604473,4.54971601604473,4.54971601604473,0.519984511584963,3.61523386143249,4.54971601604473,4.54971601604473,4.54971601604473,4.54971601604473,3.27860982813692
14.3795322107356,4.12734332899605,6.3619211091849,17.3720655018283,5.84505332259113,18.7590139654195,21.3559576461365,24.1793368258079,7.8970661514121,5.53727193864354,8.16590338202324,27.748562072911,28.835328059762,27.9174747377483,2.65836713693918,2.69476793043679,5.93944566220431,9.24200882324662,28.6924086149009,9.24200882322251,3.89951408193103,1.79872605128873,8.17404841424559,35.7766327928691,35.7766327928691,9.72597811224702,2.32008599127454,3.51851871554499,9.72597811230909,26.1196366749866,5.01390460899222,50.6373072204752,3.48967940814262,3.60764898758166,2.55147598734362,5.01390460899222,3.60764898758166,5.01390460899222,0.489834929102382,3.60764898758166,5.01390460899222,5.01390460899222,5.01390460899222,0.572949860498874,3.60764898758166,5.01390460899222,5.01390460899222,5.01390460899222,5.01390460899222,3.48967940814262
14.9754983641507,4.67094583129035,6.88547691084354,17.8685821665474,6.31312205508653,19.4746215766488,22.1139015096317,24.9832437945929,8.62753868941884,5.50981217542408,8.84038718861029,28.5800386120112,29.6642031839934,28.7512532576524,2.73732766671276,2.94064122971285,6.02619158510736,10.0678500826971,29.3716998192903,10.0678500830455,4.01487004813078,1.70986361816846,8.14030826769417,36.7251606890121,36.7251606890121,10.9327120000866,2.4739642734256,3.67019168811374,10.9327120004339,29.215367259067,5.23033792044517,51.9721469606579,3.88175626350802,3.32364104936362,2.42693791344213,5.23033792044517,3.32364104936362,5.23033792044517,0.460549235384743,3.32364104936362,5.23033792044517,5.23033792044517,5.23033792044517,0.512616753832175,3.32364104936362,5.23033792044517,5.23033792044517,5.23033792044517,5.23033792044517,3.88175626350802
13.2167067850585,4.40657901207117,6.60269302948931,15.7263981009396,6.08803541275204,16.786168037377,19.4419977310036,21.7516501685549,8.22788102321027,6.33385940728921,8.454843862201,25.1218738549358,26.2486636681347,25.2978115710698,2.82195127206245,2.94643650472285,6.07233320442105,9.60482217493397,25.9465805188171,9.60482217467383,4.0145882694757,1.95561997954862,9.24387905374693,32.5785883884868,32.5785883884868,10.2221485363409,2.4357667556019,3.64667724183066,10.2221485363469,29.0020013979514,5.20875192537292,46.1192606596228,3.83603924679526,3.38795472426224,2.77570014302717,5.20875192537292,3.38795472426224,5.20875192537292,0.456034860780166,3.38795472426224,5.20875192537292,5.20875192537292,5.20875192537292,0.570285584660812,3.38795472426224,5.20875192537292,5.20875192537292,5.20875192537292,5.20875192537292,3.83603924679526
13.1854339482996,4.50548031838181,6.54796385722918,15.8334893369641,6.04814963627949,16.816964826676,19.4310064949059,21.6546768677691,8.12714202317497,5.4197197078916,8.40069150429146,25.0752889857112,26.0212220860703,25.2529562079641,2.7576222937123,2.83906334902049,5.72675279993813,9.5200018024097,25.9136303948658,9.52000180326758,3.97959119230258,1.84951726091227,7.98008811938984,32.4071991873421,32.4071991873421,10.3426622284434,2.5503687006413,3.6580554341822,10.3426622283225,27.1501420780474,5.21272529231252,45.8827773927432,3.45570016169885,3.66204253890739,2.62367966057978,5.21272529231252,3.66204253890739,5.21272529231252,0.508516746527816,3.66204253890739,5.21272529231252,5.21272529231252,5.21272529231252,0.562417860519773,3.66204253890739,5.21272529231252,5.21272529231252,5.21272529231252,5.21272529231252,3.45570016169885
14.9077932096477,4.12378839872655,6.34899714417222,18.3279411539683,5.87827458394295,19.5344629997873,22.1278749760477,25.0203214490941,7.89083392841975,5.73185538790038,8.16806136442119,28.9320821936857,29.9532407946816,29.085370546221,2.67109664341667,2.7317892815105,5.86249593566002,9.23462970858947,29.7851667495161,9.23462970874438,3.90215545598279,1.97643721989497,8.40331719984536,37.1262057177504,37.1262057177504,9.75841912690771,2.26961452429883,3.4091018072653,9.75841912682426,29.1273254761734,4.85800163698051,52.542243392292,3.57827535887142,3.70458374770298,2.80176865068588,4.85800163698051,3.70458374770298,4.85800163698051,0.487794869015247,3.70458374770298,4.85800163698051,4.85800163698051,4.85800163698051,0.528049126735262,3.70458374770298,4.85800163698051,4.85800163698051,4.85800163698051,4.85800163698051,3.57827535887142
13.3557166774686,4.61014827722518,6.94274852420225,15.9393462173587,6.43551412984453,16.8887357085402,19.6010442005746,21.8683063206281,8.63205549304998,5.54479051322483,8.91931927222844,25.040607633377,26.1340153076958,25.229534363358,2.77087762567412,2.97088923168601,6.26700194919387,10.0889275210366,25.8866158642029,10.0889275209564,4.26327096530028,1.72929131230701,8.21491026314729,32.5203066629517,32.5203066629517,10.7862211109475,2.57890734618501,3.73368868437556,10.7862211108426,30.5041625268593,5.32449905580759,46.0277312449113,3.92540197219528,4.01508577212782,2.45553254104205,5.32449905580759,4.01508577212782,5.32449905580759,0.502189756074852,4.01508577212782,5.32449905580759,5.32449905580759,5.32449905580759,0.566506231105969,4.01508577212782,5.32449905580759,5.32449905580759,5.32449905580759,5.32449905580759,3.92540197219528
13.299599549362,4.42185222602798,6.33043740677339,15.9264684322204,5.78604298555084,17.1428376583771,19.6849820824834,22.04701081787,7.84429458770308,5.42536394832098,8.10757176831511,25.5125595010576,26.3817766822128,25.6813181739896,2.69011552675301,2.80343790650874,5.47174466940267,9.18776444337677,26.2472487344355,9.18776444341722,3.90312348054856,1.74780476118351,7.9746609299286,32.7991321829133,32.7991321829133,10.0561295425965,2.50007907589719,3.59653750889655,10.0561295426562,25.962983893923,5.12430215614829,46.4262832124098,3.421426971961,3.5447607775778,2.47982626593379,5.12430215614829,3.5447607775778,5.12430215614829,0.485511719590429,3.5447607775778,5.12430215614829,5.12430215614829,5.12430215614829,0.532633726530167,3.5447607775778,5.12430215614829,5.12430215614829,5.12430215614829,5.12430215614829,3.421426971961
14.6438686272539,4.38652031036818,6.47159112487962,17.7998608626023,5.97016628648086,19.0838429209566,21.6562359902304,24.4400533283559,8.06619267055198,5.41564413993771,8.34084679122227,28.3057840827037,29.2800255562693,28.4385918966549,2.64897075570997,2.82499291125861,5.83777894112081,9.44129879550291,29.0432300627625,9.44129879556585,3.97491385671204,1.94806657000236,7.988541867348,36.3358915142921,36.3358915142921,10.1131488802719,2.28849977077178,3.40834187541845,10.1131488800098,28.4793420273002,4.85409316388115,51.4263279069139,3.84791549021976,3.68626436014353,2.76114551944735,4.85409316388115,3.68626436014353,4.85409316388115,0.499361294360254,3.68626436014353,4.85409316388115,4.85409316388115,4.85409316388115,0.548962267882571,3.68626436014353,4.85409316388115,4.85409316388115,4.85409316388115,4.85409316388115,3.84791549021976
14.8391640724496,4.04630739540449,6.17567834605679,18.1397505762649,5.66530498989331,19.7015269667275,22.2240736936577,25.2542151121268,7.67254569856673,6.02177338139023,7.90802413770757,29.0400763269638,30.0385460967833,29.1788602255919,2.64698112624352,2.67466108563838,5.76733570824531,8.97271779609787,29.8539840165781,8.97271779589714,3.79626964100632,1.77359578970676,8.8338089862758,37.1873355592095,37.1873355592095,9.47531242336272,2.31211433705314,3.47415689491789,9.47531242356371,28.2052175535174,4.96959542452689,52.6376779885044,3.50623949920955,3.27778757721423,2.51985762051555,4.96959542452689,3.27778757721423,4.96959542452689,0.462141310824356,3.27778757721423,4.96959542452689,4.96959542452689,4.96959542452689,0.577034551103892,3.27778757721423,4.96959542452689,4.96959542452689,4.96959542452689,4.96959542452689,3.50623949920955
12.8338875607904,4.47168939326688,6.55120877204922,15.5009049593596,6.13818999944708,16.3508415620873,18.911277617855,21.1190430891958,8.18560537364061,5.65615200406767,8.43534177104578,24.2392969105271,25.2248396165791,24.4001952500778,2.57187777771609,2.82088085683061,5.83640176961312,9.57689367639559,25.0123886564553,9.57689367573617,3.9053121520791,1.63754216621604,8.30592677340546,31.4156952385804,31.4156952385804,10.3096076975135,2.37233876867184,3.4714348190707,10.3096076975135,27.8601725703677,4.95672674621149,44.4671412885549,3.71236142223736,3.47609351421134,2.32619020462612,4.95672674621149,3.47609351421134,4.95672674621149,0.493836118944995,3.47609351421134,4.95672674621149,4.95672674621149,4.95672674621149,0.522895141631017,3.47609351421134,4.95672674621149,4.95672674621149,4.95672674621149,4.95672674621149,3.71236142223736
13.253407911708,4.39241582940187,6.46716691128425,15.9525621283669,5.99930111093132,16.9116853844999,19.6116160395759,21.9095008704939,8.08253433510909,5.85027371011753,8.34716921590545,25.3445574311427,26.2577452779633,25.5044731558696,2.56578515650088,2.78853672973597,5.77035699467352,9.46774797402492,26.0387727671767,9.46774797408249,3.92011315322636,1.80917747803036,8.60275772481505,32.6965606272693,32.6965606272693,10.2045550785218,2.19408890685048,3.37612953978517,10.2045550786001,27.3203659069112,4.80793164327248,46.270190512718,3.88608419596066,3.50924454155494,2.56507838781022,4.80793164327248,3.50924454155494,4.80793164327248,0.513676071527635,3.50924454155494,4.80793164327248,4.80793164327248,4.80793164327248,0.602747553336027,3.50924454155494,4.80793164327248,4.80793164327248,4.80793164327248,4.80793164327248,3.88608419596066
14.2115258590217,4.5906490230986,6.75936878243962,17.2971788417161,6.31572540902179,18.3906342612106,21.065431007237,23.7027812144685,8.49484311896263,5.97288926629497,8.72174161235489,27.2121723586785,28.3022468785337,27.3830128771797,2.60739363879153,2.82202217554043,5.99657233752172,9.91968507194036,28.0185226993215,9.91968507178697,3.90977025251499,1.80909353524406,8.75614980200681,35.0974742762438,35.0974742762438,10.6728690500992,2.22720195640911,3.40998815862894,10.6728690500992,27.9706166172736,4.87099989948446,49.6698281633974,3.89614656126186,3.39517610227761,2.56790520289404,4.87099989948446,3.39517610227761,4.87099989948446,0.474370155997319,3.39517610227761,4.87099989948446,4.87099989948446,4.87099989948446,0.606810094027843,3.39517610227761,4.87099989948446,4.87099989948446,4.87099989948446,4.87099989948446,3.89614656126186
15.1447543010587,4.4294754805888,6.63151157373011,18.5368540468598,6.15295492266135,19.9355603871125,22.5122001195156,25.4995460879862,8.24019075353589,5.76351727787581,8.50778968996185,29.3384380677527,30.3488319928044,29.4775567593401,2.77227889421476,3.00866159929973,6.08990899770849,9.64499688955841,30.1419171124386,9.64499688906581,4.09957342748326,1.82057488179887,8.45734397446047,37.6514657820808,37.6514657820808,10.2738350289057,2.54179829368457,3.68484003838958,10.273835028876,25.6061249825691,5.26538524716367,53.3205853159019,3.83780509113299,3.62214682363378,2.58618857802477,5.26538524716367,3.62214682363378,5.26538524716367,0.511262178202205,3.62214682363378,5.26538524716367,5.26538524716367,5.26538524716367,0.587611991359587,3.62214682363378,5.26538524716367,5.26538524716367,5.26538524716367,5.26538524716367,3.83780509113299
14.6820822640308,4.5279832810587,6.58152251961137,17.5868153625699,5.96850653625197,19.0812401977222,21.8544150064748,24.6238858807118,8.1642314950379,5.72567414132192,8.46150156831907,28.3732239054599,29.2576465451876,28.5277988962309,2.66962537904706,2.80479367647842,5.76320317771532,9.56172605478423,29.0963226059948,9.56172605414263,4.0913780537169,1.73630530385328,8.44608369929325,36.3107365677121,36.3107365677121,10.3787970715339,2.36561172777265,3.57944434345552,10.3787970716586,29.4690260445218,5.10604327835637,51.3798910144756,3.70082419042258,3.92444560519355,2.46495809901679,5.10604327835637,3.92444560519355,5.10604327835637,0.509386251043809,3.92444560519355,5.10604327835637,5.10604327835637,5.10604327835637,0.572376962194093,3.92444560519355,5.10604327835637,5.10604327835637,5.10604327835637,5.10604327835637,3.70082419042258
13.585978374755,4.45452584603156,6.58864147110331,16.3932916192745,6.10711018407113,17.5637693468613,20.0648758708786,22.6016004451462,8.21209267546893,5.67595088710959,8.44920529339834,25.8400600445349,26.9201255262945,26.0179487994828,2.65850052413071,2.8660468679272,5.8772931814988,9.5840264151886,26.647147342909,9.58402641547312,3.97221257903228,1.65414536919581,8.32398246812322,33.3715309759578,33.3715309759578,10.3092977909271,2.45600125163224,3.56630147349888,10.3092977908583,24.6854486528824,5.07717681487073,47.2385975844847,3.6981924403403,3.56636811971189,2.3468511487425,5.07717681487073,3.56636811971189,5.07717681487073,0.444493545641051,3.56636811971189,5.07717681487073,5.07717681487073,5.07717681487073,0.51378733751895,3.56636811971189,5.07717681487073,5.07717681487073,5.07717681487073,5.07717681487073,3.6981924403403
14.8743897468698,4.4513962820278,6.70774034365615,18.1367862576031,6.25779093173187,19.4345313313777,22.0493112475199,24.9800181403655,8.38960545041698,5.49103868725772,8.61620475342584,28.5260277640267,29.6720565183894,28.6925535833251,2.6849963490728,2.82604211183471,6.11992897085896,9.79447180323235,29.4518198399562,9.79447180270114,3.92392984512244,1.72583075985774,8.09552385363817,36.7426921819137,36.7426921819202,10.4089094775973,2.3747980823713,3.57808932970055,10.4089094776055,29.5583640040713,5.10075732359942,51.9987086461179,3.66215686383411,3.40071875351333,2.44948727413007,5.10075732359942,3.40071875351333,5.10075732359942,0.465385641339334,3.40071875351333,5.10075732359942,5.10075732359942,5.10075732359942,0.606880138126337,3.40071875351333,5.10075732359942,5.10075732359942,5.10075732359942,5.10075732359942,3.66215686383411
14.4084064101325,4.71774127999855,6.79953189928173,17.3743491498076,6.25762499085615,18.4435997732355,21.2434772126538,23.7085446672905,8.43155173080798,5.68614259330359,8.72251572817992,27.6006769065918,28.4610620701495,27.7481879638743,2.89759616178145,2.95908742189806,5.84219450478386,9.87730325743346,28.3512390584357,9.87730325656656,4.15579298354397,2.00209522219485,8.35951810726606,35.3764807288558,35.3764807288558,10.8059412348231,2.6093323385434,3.79706068455121,10.8059412352812,30.8582771697825,5.41276955684718,50.0758879351664,3.57738985802154,3.88759290766526,2.83990858956605,5.41276955684718,3.88759290766526,5.41276955684718,0.524025327117034,3.88759290766526,5.41276955684718,5.41276955684718,5.41276955684718,0.545499795655479,3.88759290766526,5.41276955684718,5.41276955684718,5.41276955684718,5.41276955684718,3.57738985802154
13.0819256258593,4.72441441571611,6.73473699768098,15.4811804662564,6.15375878234025,16.5285978363275,19.3148478529813,21.5027068504611,8.35029688051579,6.15052744938937,8.63359884924663,24.8278567852422,25.809326983401,25.0127152858307,2.80464589597702,2.99238601050852,5.86300893341982,9.77087681545701,25.6142349496111,9.7708768149849,4.16548183331777,1.80416159879413,8.97978538046184,32.1372854872323,32.1372854872323,10.6445756324474,2.53872961166698,3.74788520765276,10.6445756322971,30.5693565239051,5.34159619946545,45.5057897159469,3.7030948707747,3.88887497984041,2.56043320506918,5.34159619946545,3.88887497984041,5.34159619946545,0.500181866313975,3.88887497984041,5.34159619946545,5.34159619946545,5.34159619946545,0.59680002838112,3.88887497984041,5.34159619946545,5.34159619946545,5.34159619946545,5.34159619946545,3.7030948707747
14.3879788382368,4.35396738636029,6.42856835466803,17.3875722244963,5.88197409944431,18.7572447073563,21.3881128824977,24.0805858100447,8.00303483076419,5.75227368592122,8.30059310190047,27.7769933887043,28.679263401442,27.9106301033658,2.54542146614293,2.66347723087924,5.77045512123238,9.38167547291627,28.5784905831648,9.38167547300604,3.89865298684003,1.77511635906853,8.44877804636251,35.6365387554058,35.6365387554058,10.0290006943503,2.24732254518952,3.35190021201188,10.0290006943598,30.0944106631341,4.79172692757633,50.4295532930711,3.52515476581883,3.82125877338673,2.52066092671562,4.79172692757633,3.82125877338673,4.79172692757633,0.521014136906755,3.82125877338673,4.79172692757633,4.79172692757633,4.79172692757633,0.519984876594664,3.82125877338673,4.79172692757633,4.79172692757633,4.79172692757633,4.79172692757633,3.52515476581883
12.460101701651,3.9800474904856,5.94206543950945,15.0918476460625,5.50688104153698,16.1397356979516,18.435080022262,20.7827594011749,7.3362868320981,5.45803594593481,7.57255031302793,23.8569357074686,24.8453746810687,24.0327036818029,2.61469921756783,2.68176426646825,5.48722777805518,8.57706499154885,24.6579321794376,8.57706499193516,3.7519146927398,1.62421209980436,8.01639760979872,30.8446298026776,30.8446298026776,9.13127566627934,2.44908027011141,3.50353705996942,9.13127566627933,24.8032148215779,4.98654201726303,43.6727149302706,3.31296150128926,3.29341857785796,2.3041675069142,4.98654201726303,3.29341857785796,4.98654201726303,0.434007595315308,3.29341857785796,4.98654201726303,4.98654201726303,4.98654201726303,0.48281834911634,3.29341857785796,4.98654201726303,4.98654201726303,4.98654201726303,4.98654201726303,3.31296150128926
13.0299394728839,4.47379027463924,6.67044522791195,15.3762675253625,6.14921294057217,16.3715486430692,19.1273535644933,21.2026360568395,8.39013265490292,5.33084923456678,8.63702575976322,24.5354519878653,25.494902530454,24.707148312132,2.54264638028806,2.69041132703157,5.78167696048106,9.82217573961883,25.3108493611927,9.82217573979064,3.81473158713052,1.83710373758727,7.89865254026826,31.7825045481852,31.7825045481852,10.6612991665207,2.16233903150285,3.30477606404304,10.6612991668859,29.3251529416869,4.72601951003356,44.980859641568,3.75004291671607,3.39949656378746,2.60792308900088,4.72601951003356,3.39949656378746,4.72601951003356,0.514485130706598,3.39949656378746,4.72601951003356,4.72601951003356,4.72601951003356,0.539421636932508,3.39949656378746,4.72601951003356,4.72601951003356,4.72601951003356,4.72601951003356,3.75004291671607
13.7575486774492,4.1124632013197,6.19278784873881,16.8055077605021,5.71718005365022,17.9921329304359,20.4458349198838,23.0775777853303,7.70259589475621,5.96598175875287,7.97139073319533,26.5931747538331,27.625229270162,26.7492464029683,2.54552892807309,2.62893828492038,5.71822395606804,9.00862562599612,27.4544088983263,9.00862562544594,3.78070581481178,1.83363112106849,8.70134509821076,34.2676619642217,34.2676619642217,9.49988203997797,2.21305072085537,3.27731364559207,9.49988203993721,25.4916656288554,4.68104407107468,48.5228869121048,3.43753580969349,3.65041749379435,2.6018476537799,4.68104407107468,3.65041749379435,4.68104407107468,0.464135218181225,3.65041749379435,4.68104407107468,4.68104407107468,4.68104407107468,0.517554608703876,3.65041749379435,4.68104407107468,4.68104407107468,4.68104407107468,4.68104407107468,3.43753580969349
14.1692836460407,4.12733980126903,6.13387484638717,17.3106308173142,5.66872911595273,18.6409348452944,21.1398916578797,23.9050380032636,7.66797720408222,5.73312956355592,7.91777568954907,27.5612512853594,28.4449881338448,27.7036110129664,2.43773568404232,2.6953961968627,5.49326900499285,8.98478869988939,28.2601955297513,8.98478869877847,3.70355849312046,1.70097163799292,8.37895072325085,35.3121000136185,35.3121000136185,9.66824551601275,2.11402055271398,3.20356459231307,9.66824551602219,25.3681854642486,4.58952389181889,49.9719431737044,3.64494272734087,3.29259940663738,2.41712182020421,4.58952389181889,3.29259940663738,4.58952389181889,0.492493590589596,3.29259940663738,4.58952389181889,4.58952389181889,4.58952389181889,0.495556620595999,3.29259940663738,4.58952389181889,4.58952389181889,4.58952389181889,4.58952389181889,3.64494272734087
12.4585068107391,4.06804002543119,6.14556055680277,14.7656720721739,5.60861410916014,15.9245329450157,18.4032914118127,20.6159417508946,7.68167089357343,5.71144834345086,7.95353292310685,23.7353411761757,24.7391700977811,23.8733633535251,2.34986644561811,2.55990529881416,5.65574279735298,8.98500622438773,24.5147766357391,8.98500622441393,3.71486926573077,1.71929382113355,8.35073176043274,30.7786138096575,30.7786138096575,9.47235309244249,1.98375865344453,3.03106158893003,9.47235309277287,28.7473507840532,4.33424125805236,43.5568791067095,3.59846473597952,3.65933351928991,2.44023489847147,4.33424125805236,3.65933351928991,4.33424125805236,0.467563300823788,3.65933351928991,4.33424125805236,4.33424125805236,4.33424125805236,0.541537215094308,3.65933351928991,4.33424125805236,4.33424125805236,4.33424125805236,4.33424125805236,3.59846473597952
14.8736239443836,4.32512862724154,6.43220540205759,18.1881430458179,5.90389749639577,19.526624449594,22.1977578951755,25.0768574916144,7.93865460039545,6.46671703529463,8.23613981252927,28.9791857071759,29.9238728214065,29.1243617627872,2.79214029101079,2.81285325235695,5.9237093713448,9.30177510935845,29.8059790946338,9.30177510925585,4.0694333788887,1.89919970421026,9.45183648558343,37.1279157076113,37.1279157076113,9.88193323658195,2.48149247363375,3.68715103607965,9.88193323659771,27.0623788758599,5.25162977440818,52.5406060058755,3.54440182301753,3.827453884919,2.69339098463065,5.25162977440818,3.827453884919,5.25162977440818,0.511858009505618,3.827453884919,5.25162977440818,5.25162977440818,5.25162977440818,0.525840416016326,3.827453884919,5.25162977440818,5.25162977440818,5.25162977440818,5.25162977440818,3.54440182301753
13.6751209137203,4.19414924326922,6.26640340260602,16.5227750604017,5.78068747942004,17.8141604971851,20.2773481449308,22.8823613273507,7.81921804239623,5.31556764327605,8.07294101270866,26.2443249187644,27.2392619930983,26.3903455271343,2.48557733229032,2.6361302893546,5.73777203543896,9.15018301624569,27.0743588070199,9.15018301615458,3.75248938437506,1.65767611275255,7.83649608084388,33.8233947496433,33.8233947496433,9.70693067467142,2.22764622948646,3.30579363699278,9.70693067481534,28.8041172416642,4.72306088524205,47.8722259269477,3.49539582302074,3.45423010667219,2.35432653409088,4.72306088524205,3.45423010667219,4.72306088524205,0.479777112018104,3.45423010667219,4.72306088524205,4.72306088524205,4.72306088524205,0.541359554894646,3.45423010667219,4.72306088524205,4.72306088524205,4.72306088524205,4.72306088524205,3.49539582302074
14.1515522515985,4.54463831859307,6.68071033806993,17.1034432992822,6.19321812321247,18.1634863845225,20.9269041931423,23.5186212276617,8.28020550524392,5.69855229249326,8.55483449679226,27.0979042083911,28.0156482818648,27.2788300894979,2.79674109635923,3.00510888292592,5.84258395188076,9.69076903049331,27.7800781300967,9.69076902992556,4.19421661179003,1.7343462698654,8.40912039140507,34.7988976297349,34.7988976297349,10.5780508108708,2.53167389341858,3.77638965402694,10.5780508106164,30.6342122402965,5.38302099790634,49.2524173772888,3.88816444461067,3.75519732551239,2.46231387442748,5.38302099790634,3.75519732551239,5.38302099790634,0.502122374328574,3.75519732551239,5.38302099790634,5.38302099790634,5.38302099790634,0.503936343451928,3.75519732551239,5.38302099790634,5.38302099790634,5.38302099790634,5.38302099790634,3.88816444461067
13.2256139794644,4.46789647186347,6.41406568941629,16.0981821595728,5.99617874721463,16.9176411452775,19.5165868313021,21.8038818907457,7.99432891144463,5.65294704941271,8.25818571221632,25.2500653696188,26.1589214523729,25.4221130051809,2.61062229665155,2.83609934129609,5.62086204004525,9.35915932790753,25.9567041854824,9.35915932914098,3.90680476699163,1.82675178007304,8.27496215306005,32.540860872422,32.540860872422,10.1612597266895,2.30069517338477,3.42397185462357,10.1612597266828,24.3749633194302,4.87991941221478,46.0751237054903,3.71270322189725,3.56995557226471,2.59074926811705,4.87991941221478,3.56995557226471,4.87991941221478,0.492381476194554,3.56995557226471,4.87991941221478,4.87991941221478,4.87991941221478,0.522115052496283,3.56995557226471,4.87991941221478,4.87991941221478,4.87991941221478,4.87991941221478,3.71270322189725
13.6806722608875,4.1139324319527,6.15713937237165,16.6757797566277,5.67704368371271,17.9323369900181,20.3930450946086,23.1048890657646,7.57663762283372,6.01731143638396,7.85229653278139,26.5089917976551,27.4828530316097,26.6797467354102,2.6973188374867,2.83733783196708,5.76106845273942,8.86819443398565,27.270849346549,8.86819443338529,4.01977495684346,1.65255518032443,8.82680345437393,34.1031447991656,34.1031447991656,9.40114389549958,2.49540998897023,3.64628853579167,9.4011438949193,24.6774699444825,5.19282224061594,48.2679560230579,3.64847578283479,3.63308409957494,2.34537907977101,5.19282224061594,3.63308409957494,5.19282224061594,0.4729689154243,3.63308409957494,5.19282224061594,5.19282224061594,5.19282224061594,0.526921760582182,3.63308409957494,5.19282224061594,5.19282224061594,5.19282224061594,5.19282224061594,3.64847578283479
12.6427770431524,4.37509405100036,6.46998362458522,15.1617580517306,6.02686666513384,16.0155507572107,18.5327181935546,20.6146404930753,8.11211690087628,5.25604844099133,8.31999033757337,23.8184541162408,24.8490106584749,23.9769733445788,2.61731369705727,2.77834422495533,5.6896942311819,9.46989933607322,24.5985446287465,9.46989933572847,3.73798620230039,1.8326940518596,7.71262003823395,30.8596578969473,30.8596578969473,10.2374699021672,2.3163385389782,3.39734555861317,10.2374699020893,28.0637220727867,4.83703763934508,43.6810762121409,3.56863215108145,3.1821615829784,2.59812686575098,4.83703763934508,3.1821615829784,4.83703763934508,0.440835867065997,3.1821615829784,4.83703763934508,4.83703763934508,4.83703763934508,0.551096165707287,3.1821615829784,4.83703763934508,4.83703763934508,4.83703763934508,4.83703763934508,3.56863215108145
15.0353559018196,4.69129327714524,6.80951730164124,18.4242348118591,6.35669269783239,19.639449367107,22.302268784488,25.180722578763,8.47394032150553,5.85138383791104,8.73808125541653,28.9147658536759,29.9905617181601,29.0719769095337,2.81795583702969,2.92557529699787,6.18076927558521,9.91513995515357,29.8501682312023,9.91513995473161,4.07813097949226,1.82905231792119,8.59481484235272,37.2155483500278,37.2155483500278,10.5811981872484,2.58196291681716,3.75540079558289,10.5811981872484,26.670171103786,5.36027354042507,52.6789826811391,3.60879253732996,3.65548664168887,2.59725988078678,5.36027354042507,3.65548664168887,5.36027354042507,0.513308414151027,3.65548664168887,5.36027354042507,5.36027354042507,5.36027354042507,0.560028908481331,3.65548664168887,5.36027354042507,5.36027354042507,5.36027354042507,5.36027354042507,3.60879253732996
14.7572032243105,4.2611259860616,6.44972555927044,17.8303338507561,5.86069548409786,19.4930349866313,22.0106837033473,24.8971083227356,8.0343033874839,6.12836879196405,8.29552340697792,28.6400101407224,29.6320760910719,28.7708377411166,2.62085516152705,2.74636930462408,5.85380059478295,9.39332862486051,29.455446618726,9.39332862500894,3.88963691348024,1.79245211084468,8.93914001450914,36.7059509779791,36.7059509779791,10.0004726531436,2.35239664137231,3.42947833532917,10.0004726536637,27.6203027828278,4.90273434589021,51.9424710898005,3.54604001768741,3.6433471611468,2.5455162155947,4.90273434589021,3.6433471611468,4.90273434589021,0.473376425387091,3.6433471611468,4.90273434589021,4.90273434589021,4.90273434589021,0.555927147677807,3.6433471611468,4.90273434589021,4.90273434589021,4.90273434589021,4.90273434589021,3.54604001768741
12.8560225526065,4.44109313166807,6.49390011246385,15.1489948209491,5.93775590297191,16.2679100261186,18.8576709991406,21.0415821842595,8.14596982233336,5.35739885721777,8.38022632609246,24.2589668329111,25.3417637342832,24.4153014958962,2.52411016262103,2.614445846836,5.72773465942184,9.50575755018128,25.0602651946489,9.50575755029431,3.77981873348534,1.83058438992187,7.90503934332167,31.4527619825225,31.4527619825225,10.222988601966,2.13444319817072,3.2343329661284,10.2229886020286,27.88090880624,4.61642974101082,44.5181837771728,3.6328810633454,3.533488755272,2.59667597237366,4.61642974101082,3.533488755272,4.61642974101082,0.436876597293462,3.533488755272,4.61642974101082,4.61642974101082,4.61642974101082,0.5030960782054,3.533488755272,4.61642974101082,4.61642974101082,4.61642974101082,4.61642974101082,3.6328810633454
13.3965442713602,4.36723441237776,6.54396325497179,16.0056894805831,6.05608862926197,17.2170588056079,19.7094992894294,22.0961202977202,8.21470439079455,5.38700245535203,8.42852574613753,25.4154477797384,26.4774369188386,25.5810708349763,2.59590818222891,2.79022093148215,5.81799365125782,9.59869570065534,26.2551377082768,9.59869570102843,3.755214564762,1.77864335487655,7.90694753276741,32.8854821651317,32.8854821651317,10.3244612769079,2.32575214351201,3.40589429274946,10.3244612767269,24.0250423917766,4.86027160132756,46.551896072625,3.61823517703002,3.15632784958218,2.52415277370731,4.86027160132756,3.15632784958218,4.86027160132756,0.467789802872622,3.15632784958218,4.86027160132756,4.86027160132756,4.86027160132756,0.489331454428367,3.15632784958218,4.86027160132756,4.86027160132756,4.86027160132756,4.86027160132756,3.61823517703002
13.3723730843275,4.40970246843046,6.40970769369551,16.0290689204385,5.88226409759136,17.3493130785831,19.7829697308261,22.2554508392598,8.03243626514477,5.21300455199338,8.27820672301979,25.5212965220716,26.5486227259365,25.6798711034468,2.43369005754006,2.69059693680203,5.68516606896399,9.38321308192801,26.2904854009088,9.38321308193955,3.78702427432414,1.67107836392789,7.66807456570554,32.9437661993953,32.9437661993953,10.0793107839562,2.17912223999863,3.19904653107851,10.0793107840206,24.9806846500054,4.5686065470127,46.6247781727333,3.68646587718683,3.55120893788712,2.37210832932815,4.5686065470127,3.55120893788712,4.5686065470127,0.4550558351224,3.55120893788712,4.5686065470127,4.5686065470127,4.5686065470127,0.569342635806722,3.55120893788712,4.5686065470127,4.5686065470127,4.5686065470127,4.5686065470127,3.68646587718683
14.1317242916351,4.57458825742537,6.79419699871346,16.8536516253299,6.23894161904811,18.158101340929,20.9219488126565,23.4891987304927,8.52970010545189,6.00876121640758,8.80685987189825,27.0341325905397,28.0909243138895,27.1796458361436,2.53376183440872,2.78546252085058,6.02972507113213,9.98066502014523,27.8628961666577,9.98066502012749,3.97737803575797,1.8332128025012,8.8046511538321,34.9393285700731,34.9393285700731,10.7062843186494,2.12708106473863,3.28567852432749,10.7062843186718,27.127762806953,4.7083763994906,49.4771732510398,3.90821773825892,3.79168119680366,2.60421382054218,4.7083763994906,3.79168119680366,4.7083763994906,0.519226130258738,3.79168119680366,4.7083763994906,4.7083763994906,4.7083763994906,0.550352752503067,3.79168119680366,4.7083763994906,4.7083763994906,4.7083763994906,4.7083763994906,3.90821773825892
13.0844312840232,4.16260172785775,6.26348319918691,15.7463460211476,5.77710396889117,16.8815406720895,19.4082566458202,21.8637712441711,7.77677134695359,5.75989098935543,8.00362240508779,25.0949834497937,26.0816392651586,25.2417642196964,2.65469709935153,2.70625890620036,5.60242931219509,9.08364002185518,25.8614679907885,9.0836400219419,3.82986282163619,1.63988517350444,8.46481181603231,32.3433599590736,32.3433599590736,9.79634237115258,2.38684216455898,3.55622932162071,9.79634237363618,29.1630952977771,5.07155551062581,45.7830313988465,3.44600910788749,3.33386842642585,2.32865172070732,5.07155551062581,3.33386842642585,5.07155551062581,0.435564307393177,3.33386842642585,5.07155551062581,5.07155551062581,5.07155551062581,0.53197344217748,3.33386842642585,5.07155551062581,5.07155551062581,5.07155551062581,5.07155551062581,3.44600910788749
14.1864523540379,4.1926283832633,6.36730232834909,17.0343509312063,5.80150840802188,18.3698596857386,21.0502352922138,23.6932449245611,7.8367379143263,5.80770635448278,8.1218455204425,27.423220302026,28.3965830540574,27.6051200413832,2.8830726120732,2.88533157292271,5.92122835064714,9.18418943260617,28.2839329361517,9.18418943247534,4.07564646490092,1.94510899645622,8.54468912180858,35.2700313303773,35.2700313303773,9.75184391398285,2.56046201054795,3.80064380963272,9.75184391456723,27.4585523294332,5.41509074541313,49.9152561639248,3.50491508011529,3.6801111265629,2.75899278279104,5.41509074541313,3.6801111265629,5.41509074541313,0.5089092344894,3.6801111265629,5.41509074541313,5.41509074541313,5.41509074541313,0.600666715345504,3.6801111265629,5.41509074541313,5.41509074541313,5.41509074541313,5.41509074541313,3.50491508011529
14.1094965332468,4.51623922382684,6.63139380230368,17.1107657322547,6.12595755525061,18.2992092510467,20.9084222576713,23.4326617057601,8.33720978798147,5.75950855178161,8.58163781205434,27.0835380852864,28.0464503299642,27.2282104269946,2.52748241456599,2.62810581781099,5.64573730692621,9.74702858858153,27.8435491680911,9.74702858899217,3.78609981283379,1.85306939500395,8.46095298828479,34.80122868912,34.80122868912,10.6359054837691,2.17883829566176,3.24542726529626,10.6359054837691,28.5667355775543,4.6420651766273,49.2460405892882,3.63904818206134,3.52011926470798,2.63022544482721,4.6420651766273,3.52011926470798,4.6420651766273,0.480200322437704,3.52011926470798,4.6420651766273,4.6420651766273,4.6420651766273,0.558143848393205,3.52011926470798,4.6420651766273,4.6420651766273,4.6420651766273,4.6420651766273,3.63904818206134
14.202857344879,4.52612878227746,6.49268074999434,17.3022699709699,5.99433029341217,18.5308279517237,21.0297955801029,23.6900525151735,8.12721659854866,5.22105755853612,8.38571672183586,27.3375619935806,28.3071829476058,27.468607868629,2.51250270220157,2.65008671496556,5.60587774716986,9.49739900181014,28.0623763572187,9.49739900150964,3.85204228667311,1.80311349860797,7.72025404378132,35.0941794415863,35.0941794415863,10.3187939757834,2.22766210626585,3.24578978975205,10.318793975832,23.6693221067401,4.63885014021468,49.6678469117531,3.67139147319288,3.7072363577779,2.55912601623052,4.63885014021468,3.7072363577779,4.63885014021468,0.462570143357794,3.7072363577779,4.63885014021468,4.63885014021468,4.63885014021468,0.56636105557212,3.7072363577779,4.63885014021468,4.63885014021468,4.63885014021468,4.63885014021468,3.67139147319288
12.2191188034024,4.05444087986167,6.02293557307579,14.6509593951344,5.56146844615325,15.5500444123297,18.0231522051114,20.1900958958263,7.46689938878356,5.91338558751569,7.69821914708305,23.324087837729,24.3240521942999,23.5094177816235,2.62164021840699,2.75113510801836,5.54686550086556,8.72288326583736,24.0369938451567,8.72288326592033,3.80123320353975,1.78555540124407,8.63748761714646,30.1974995842101,30.1974995842101,9.30415537134949,2.27627967150823,3.42313688629522,9.30415537134949,27.3651434831162,4.87986203303983,42.7398743507228,3.60794824711801,3.31803780431149,2.53288353169142,4.87986203303983,3.31803780431149,4.87986203303983,0.427306353335705,3.31803780431149,4.87986203303983,4.87986203303983,4.87986203303983,0.528709318743779,3.31803780431149,4.87986203303983,4.87986203303983,4.87986203303983,4.87986203303983,3.60794824711801
13.376862219166,4.62225076076751,6.70635516869683,16.1600942657318,6.25483032028124,17.0184177871974,19.7630513006246,22.1271780856693,8.35009685965134,5.9995868362554,8.61387494639053,25.3485630650157,26.3845961309604,25.5146301448992,2.67611535269649,2.72599481532265,5.89273187991495,9.76079371695752,26.2387150378041,9.76079371693797,3.98052607109558,1.65778994406522,8.80624314084316,32.7907039720816,32.7907039720816,10.5316231015725,2.40841152465686,3.61496709376471,10.5316231016369,26.3589298131205,5.14916832160809,46.4240837906197,3.43324466390997,3.75922503813924,2.35282035573937,5.14916832160809,3.75922503813924,5.14916832160809,0.480130063437842,3.75922503813924,5.14916832160809,5.14916832160809,5.14916832160809,0.495082326409313,3.75922503813924,5.14916832160809,5.14916832160809,5.14916832160809,5.14916832160809,3.43324466390997
12.7626819093587,4.17263117152137,6.21298940783122,15.3424823196317,5.71558812989601,16.3377240430499,18.9445332232067,21.1218676215276,7.76071926303,5.80770100308275,8.02199011743355,24.4971732967248,25.3541004445564,24.654539629724,2.48347406368862,2.51132451480387,5.40865913380264,9.0936260233393,25.2300953954815,9.09362602341122,3.69428788719634,1.78155493636116,8.53405769933875,31.5675374164605,31.5675374164605,9.86518357344788,2.12805594877219,3.22330526801279,9.86518357340407,27.9391531684019,4.60869696936478,44.6784919311869,3.42469038391155,3.46175884313628,2.52911654028673,4.60869696936478,3.46175884313628,4.60869696936478,0.492246454215183,3.46175884313628,4.60869696936478,4.60869696936478,4.60869696936478,0.587978360423368,3.46175884313628,4.60869696936478,4.60869696936478,4.60869696936478,4.60869696936478,3.42469038391155
13.9027136670078,3.91758343783066,5.95610303405994,16.6594810592047,5.37822875916354,18.288104563696,20.7228032952707,23.495082192213,7.40523656862375,5.57145263885748,7.64733142278862,27.0889432276489,28.0413030851465,27.2398789815999,2.49743185816631,2.61903258074171,5.38821547633506,8.6566205572661,27.8042353167753,8.65662055702649,3.69594229615735,1.74951077038625,8.16289955826718,34.7230780006657,34.7230780006657,9.27494458976646,2.14187914330647,3.23090949629527,9.27494458949049,28.888970352439,4.62020876496885,49.1469109221318,3.50226020194467,3.37732249665183,2.48415858320377,4.62020876496885,3.37732249665183,4.62020876496885,0.435401602941774,3.37732249665183,4.62020876496885,4.62020876496885,4.62020876496885,0.512012107168578,3.37732249665183,4.62020876496885,4.62020876496885,4.62020876496885,4.62020876496885,3.50226020194467
12.3650449495251,3.98598799483327,6.02026900880184,14.8165372807167,5.55843066959891,15.8642464725314,18.3369735441173,20.5668256932782,7.49594356382779,5.62350079993295,7.73341716979027,23.6521806514391,24.5553726509933,23.8021871534325,2.46137973370711,2.59941429158713,5.44914058983686,8.7779509885432,24.3986041225348,8.77795098808041,3.64552041048818,1.58275747901907,8.24789850214075,30.55990876628,30.55990876628,9.40294551630165,2.19858947595726,3.31487581673828,9.40294551632485,26.6094060012328,4.71801827078557,43.2613890492871,3.38620558769168,3.1997887556865,2.24497933721384,4.71801827078557,3.1997887556865,4.71801827078557,0.469217750515226,3.1997887556865,4.71801827078557,4.71801827078557,4.71801827078557,0.526893028678465,3.1997887556865,4.71801827078557,4.71801827078557,4.71801827078557,4.71801827078557,3.38620558769168
14.2771083956402,3.94375525480679,6.07656228223029,17.5263579568054,5.61747495446906,18.8289264326613,21.2525934130231,24.1329491451471,7.53915464990298,5.43148395451552,7.79022689006853,27.7393148587317,28.6876400197638,27.8748556674366,2.54411567577466,2.73626482110405,5.60837698176255,8.81095260779117,28.4180071896842,8.81095260738503,3.85359151595398,1.69468147515266,7.99878503079552,35.5110162904068,35.5110162904068,9.37293072712239,2.25303748074035,3.35227849813686,9.37293072720824,26.1186589681846,4.78528633240925,50.2533427905841,3.7174631648089,3.49037329728492,2.40587338986098,4.78528633240925,3.49037329728492,4.78528633240925,0.443510794386675,3.49037329728492,4.78528633240925,4.78528633240925,4.78528633240925,0.549015128476483,3.49037329728492,4.78528633240925,4.78528633240925,4.78528633240925,4.78528633240925,3.7174631648089
13.4927877606773,4.06166803651361,6.05237725630674,16.4238000204873,5.57655906954749,17.4415253970403,19.9927233868493,22.5077125655157,7.47415963658726,5.78894048141176,7.73203144212383,26.1148212630543,27.045838238996,26.2917619225894,2.70606086882952,2.76430051133352,5.52162408000834,8.7406954748525,26.8010790428311,8.74069547416198,3.90522376035453,1.91140874723294,8.49299344107784,33.523896661227,33.523896661227,9.37935003051991,2.31826953346036,3.4847262317127,9.37935003052907,29.4763276412532,4.97398028677866,47.4393318405114,3.62980533169601,3.53358118814152,2.71189934091311,4.97398028677866,3.53358118814152,4.97398028677866,0.446164788253094,3.53358118814152,4.97398028677866,4.97398028677866,4.97398028677866,0.505965994033406,3.53358118814152,4.97398028677866,4.97398028677866,4.97398028677866,4.97398028677866,3.62980533169601
12.3623896470909,4.08420269045991,6.09658179590871,14.6704245069723,5.57698336564842,15.8185694938643,18.2181576796091,20.4700198411306,7.56345043036415,5.16319315774087,7.81744716568875,23.433759854315,24.485371592332,23.6020660909985,2.51259760971874,2.59843719281605,5.57432812754895,8.84006883585215,24.3301142748737,8.84006883497526,3.72442240484288,1.60612527694604,7.5933671613012,30.4232613725505,30.4232613725505,9.38128081974069,2.29592336825671,3.34971930741332,9.38128081973109,28.641852799707,4.78404235754576,43.0731969582249,3.22081365530196,3.54959281364185,2.28160270324313,4.78404235754576,3.54959281364185,4.78404235754576,0.440129875102533,3.54959281364185,4.78404235754576,4.78404235754576,4.78404235754576,0.48778187564137,3.54959281364185,4.78404235754576,4.78404235754576,4.78404235754576,4.78404235754576,3.22081365530196
13.6202870711546,4.4047951791378,6.52769879247643,16.3265337701509,6.02154126717771,17.6059264927545,20.1554755454214,22.5956699488869,8.18770142190146,5.76841781738963,8.4158514993927,25.9791767469512,26.929517487815,26.1214625246894,2.54791564011387,2.63556724492371,5.73825404954803,9.57908544890785,26.7941488537957,9.57908544902449,3.72339051444706,1.69116289339533,8.47698119256197,33.4620792115459,33.4620792115459,10.3406069224651,2.30014831924616,3.40507714604952,10.3406069214864,28.5316478688119,4.84637860361808,47.3531716456322,3.46954648784316,3.22190486134063,2.39819130997618,4.84637860361808,3.22190486134063,4.84637860361808,0.490137706934687,3.22190486134063,4.84637860361808,4.84637860361808,4.84637860361808,0.479609391031941,3.22190486134063,4.84637860361808,4.84637860361808,4.84637860361808,4.84637860361808,3.46954648784316
15.2049157405626,4.43419173003561,6.66239484809816,18.3781417990508,6.05855575008873,20.0292823076026,22.6880918367203,25.6177906554161,8.35375595413361,6.29787715067482,8.5875852737833,29.5476723207176,30.5999993758724,29.696498948114,2.66562288596446,2.64765729159237,5.83943267783937,9.755916172284,30.4302415531463,9.75591617201968,3.80015832504758,1.94361770988521,9.18940187606844,37.8667358737985,37.8667358737985,10.5120473181737,2.25511219544117,3.40291603908522,10.512047317986,31.1350608138542,4.86254385987592,53.583324069928,3.45952046341043,3.48513740307926,2.75786930192039,4.86254385987592,3.48513740307926,4.86254385987592,0.462333777673396,3.48513740307926,4.86254385987592,4.86254385987592,4.86254385987592,0.597826865281215,3.48513740307926,4.86254385987592,4.86254385987592,4.86254385987592,4.86254385987592,3.45952046341043
12.65666286835,3.96123137338057,5.89984947425984,15.1496731288658,5.3813459570439,16.210051064414,18.6887330492185,20.954795713853,7.31895592341536,5.26816067276055,7.58303359497264,24.3356640318466,25.214804008927,24.5004550421295,2.4901193108191,2.61625578328359,5.26870470166884,8.56203744887535,24.9683623128961,8.5620374488344,3.73945348703669,1.8131304975067,7.74473457754209,31.3011921301437,31.3011921301437,9.23245569802656,2.10264448338247,3.17952820051407,9.2324556980629,24.8150008534175,4.55122180125726,44.2988781087634,3.5487892873383,3.55735309421597,2.57415300607739,4.55122180125726,3.55735309421597,4.55122180125726,0.441445988780316,3.55735309421597,4.55122180125726,4.55122180125726,4.55122180125726,0.483809998555567,3.55735309421597,4.55122180125726,4.55122180125726,4.55122180125726,4.55122180125726,3.5487892873383
14.8022788304987,4.388933779673,6.40831884516086,17.7110661522245,5.80606630486742,19.2934702767067,21.948391121493,24.7463640561563,7.98673547132189,5.42552647102906,8.23858211894573,28.605635883461,29.5020953579116,28.7406018092047,2.63982284830731,2.68016570205212,5.5834368693241,9.3443050396039,29.357434584082,9.34430503992083,3.8176820800683,1.83562347546028,7.99005666962938,36.5565923472152,36.5565923472152,10.1439670742655,2.28893217009245,3.45130577326148,10.1439670742059,26.9652786475803,4.91576805646712,51.7384043377331,3.42577342392041,3.50724116515537,2.60281887229979,4.91576805646712,3.50724116515537,4.91576805646712,0.476176270437702,3.50724116515537,4.91576805646712,4.91576805646712,4.91576805646712,0.511063449803719,3.50724116515537,4.91576805646712,4.91576805646712,4.91576805646712,4.91576805646712,3.42577342392041
14.5046560834045,4.0971427391292,6.07933493527772,17.7714949200923,5.59662330739155,19.1762639162352,21.6350273103933,24.5517011720486,7.58526979503704,5.1247336664857,7.85290557261522,28.2117817962973,29.1232043505069,28.3606567401154,2.35203845306447,2.60401956144077,5.42711773798784,8.88166712924837,28.914344599881,8.88166712986218,3.72203416123564,1.62615999962869,7.55725856794748,36.1046401043552,36.1046401043552,9.54425176867097,2.05739988856815,3.11922780706355,9.54425176825656,26.1170263547589,4.44586227776884,51.0933663053685,3.615763979546,3.55116691093383,2.3066442996859,4.44586227776884,3.55116691093383,4.44586227776884,0.474171592108453,3.55116691093383,4.44586227776884,4.44586227776884,4.44586227776884,0.557709152894786,3.55116691093383,4.44586227776884,4.44586227776884,4.44586227776884,4.44586227776884,3.615763979546
13.9211559300769,3.97855330845711,6.06645571899167,16.8643801105834,5.49377837423299,18.3861787889248,20.8801311595079,23.6966731299053,7.53626400625856,6.10337961129875,7.82115453114453,27.2730201634443,28.2261186096656,27.4172722371863,2.41080411606539,2.66006399024009,5.45084423129817,8.81280613789991,27.9419449908378,8.81280613789285,3.86261772898707,1.69825544266129,8.90096144020443,34.9795216396135,34.9795216396135,9.4563219184208,2.05234611601819,3.13565339903055,9.4563219184208,28.00558458056,4.48525874671381,49.5109908435083,3.75836269801538,3.80750658119485,2.41153285362356,4.48525874671381,3.80750658119485,4.48525874671381,0.451790387903603,3.80750658119485,4.48525874671381,4.48525874671381,4.48525874671381,0.551548261709529,3.80750658119485,4.48525874671381,4.48525874671381,4.48525874671381,4.48525874671381,3.75836269801538
14.0024735191607,4.40223962236943,6.65829201682762,17.0165201063678,6.21103831786872,18.0633702195012,20.6953436933717,23.2767968583063,8.28634067087806,6.23582070079236,8.53466945618349,26.8445125608009,27.9318183627093,27.0125130810059,2.81862553456437,2.92403423438929,6.09255234159256,9.68906479714182,27.6940145552009,9.68906479709953,4.05785405460005,1.91681549032304,9.13563853347693,34.6883602457396,34.6883602457396,10.3355261952267,2.50077529361243,3.70296133310404,10.3355261952612,26.3691165941657,5.28161512056041,49.1021066090826,3.80404626547014,3.4970424420291,2.71974181899286,5.28161512056041,3.4970424420291,5.28161512056041,0.491276319592347,3.4970424420291,5.28161512056041,5.28161512056041,5.28161512056041,0.504498755569498,3.4970424420291,5.28161512056041,5.28161512056041,5.28161512056041,5.28161512056041,3.80404626547014
13.4557019606328,4.20128256041864,6.22900430330591,16.3616504932465,5.76577545616967,17.3484063640337,19.9518922295633,22.4185545696936,7.77238510024909,5.32942485317104,8.05624109531588,25.8862987021552,26.8083898342646,26.0202665183939,2.41866699929872,2.46220059199583,5.47020318282888,9.10185222077773,26.6871366652304,9.10185222061466,3.71715523366966,1.75128828997308,7.86132665699855,33.3180341969072,33.3180341969072,9.79411653180713,2.04244803006137,3.13526752624915,9.79411653213491,25.0277837792941,4.48493570919508,47.1520199646124,3.3493714906611,3.74861379202938,2.48622930873417,4.48493570919508,3.74861379202938,4.48493570919508,0.485323718018548,3.74861379202938,4.48493570919508,4.48493570919508,4.48493570919508,0.528428659516295,3.74861379202938,4.48493570919508,4.48493570919508,4.48493570919508,4.48493570919508,3.3493714906611
14.4269426812954,4.52455123194901,6.62823167798138,17.257957112753,6.06169681285793,18.8501852550821,21.3870593392966,24.1233839438506,8.30529992480165,5.3352057453677,8.52859395530324,27.7601783755354,28.7126308640874,27.901922306518,2.62873777844268,2.87474262905224,5.71582066924699,9.7065875393508,28.4616315247612,9.70658753930304,3.8802422362437,1.71987491287721,7.85728778882781,35.6013123037264,35.6013123037264,10.6023394723578,2.39031510134814,3.49488838388252,10.6023394719597,26.6566140891569,4.99033856157112,50.3911672444305,3.76502733483801,3.27626904336973,2.44242100001726,4.99033856157112,3.27626904336973,4.99033856157112,0.474459762741636,3.27626904336973,4.99033856157112,4.99033856157112,4.99033856157112,0.595082426516643,3.27626904336973,4.99033856157112,4.99033856157112,4.99033856157112,4.99033856157112,3.76502733483801
12.2963695812389,4.03794851913543,5.91243744088953,14.7171892547935,5.41702527642977,15.699284251285,18.1559502653878,20.3539966946515,7.34173912410038,5.14318260310724,7.60216067585154,23.5790898203619,24.495494053071,23.7242360399463,2.4521308336366,2.54577163311596,5.3109028766564,8.58449025254862,24.2467577621983,8.58449025249571,3.71591647277725,1.76137928020629,7.59973977273367,30.4239505647617,30.4239505647617,9.21817794599301,2.08006457729915,3.16199635779613,9.2181779459808,29.2247042798026,4.5078344788587,43.0614155021927,3.52347856586726,3.55071957236227,2.49771024181247,4.5078344788587,3.55071957236227,4.5078344788587,0.436374699099436,3.55071957236227,4.5078344788587,4.5078344788587,4.5078344788587,0.547893443516028,3.55071957236227,4.5078344788587,4.5078344788587,4.5078344788587,4.5078344788587,3.52347856586726
12.7833153975183,4.03108663595608,5.99289383659987,15.3133504010988,5.47175729881351,16.5687054574757,18.943428280277,21.3427427444945,7.43375855960846,5.24876801183491,7.7207128338316,24.563404210715,25.4689825776391,24.7075089577336,2.39502483700827,2.60373497614542,5.43531299555187,8.70746570087538,25.2646278648109,8.70746570188877,3.79418595769268,1.61452225396311,7.74525251113977,31.6791236018709,31.6791236018709,9.30714032921753,2.17111289163243,3.19253818941641,9.30714033012931,24.6104243704568,4.55146352267142,44.8376059445734,3.58900342062899,3.68859777389548,2.29081311550136,4.55146352267142,3.68859777389548,4.55146352267142,0.475666423571524,3.68859777389548,4.55146352267142,4.55146352267142,4.55146352267142,0.491772736851142,3.68859777389548,4.55146352267142,4.55146352267142,4.55146352267142,4.55146352267142,3.58900342062899
13.473534209754,4.30282792409461,6.40095858524648,15.9853860179306,5.80994260344912,17.3846142842528,20.0193649087953,22.5817384576361,7.93066493661217,6.22082612519588,8.18785302391602,25.8962273664009,26.926398997242,26.0656805196261,2.69600469809413,2.87074755947279,5.84181466471013,9.2651378647522,26.667790649049,9.26513786441437,4.01852139804151,1.68595574751649,9.0798664038453,33.3937491140818,33.3937491140818,9.89568552428595,2.38792513895002,3.59657158824965,9.89568552436863,29.0130349257392,5.13655919517393,47.2762650309448,3.68588174293644,3.65758988162484,2.39550558985629,5.13655919517393,3.65758988162484,5.13655919517393,0.452675709866031,3.65758988162484,5.13655919517393,5.13655919517393,5.13655919517393,0.552576080824431,3.65758988162484,5.13655919517393,5.13655919517393,5.13655919517393,5.13655919517393,3.68588174293644
12.7728827405455,4.30927697322033,6.39395826394258,15.1936825661604,5.84951899369184,16.3939264205406,18.8659647475065,21.1657409190241,7.99648538426395,5.83628400770541,8.25649204240097,24.2183594717662,25.2771842907643,24.3719842921867,2.40840210150236,2.68386397660317,5.74902740551766,9.33530910005033,24.9832331687773,9.33530910055726,3.84859544722904,1.6291249326414,8.52272525419539,31.3775477942407,31.3775477942407,9.95842343784627,2.13862567066289,3.16900896233683,9.95842343752017,25.9859886742829,4.53015149394072,44.4061329510719,3.72459304754162,3.74771881824943,2.31383101134973,4.53015149394072,3.74771881824943,4.53015149394072,0.44203597251016,3.74771881824943,4.53015149394072,4.53015149394072,4.53015149394072,0.51071082184743,3.74771881824943,4.53015149394072,4.53015149394072,4.53015149394072,4.53015149394072,3.72459304754162
13.2701928557387,4.35477205730071,6.44260767124732,16.0506298237294,5.96560321675588,16.9530313777733,19.5852016562382,21.9087433509813,7.96409187784148,6.03046398158522,8.25539699038268,25.370769428162,26.3376228279466,25.5365839965927,2.76654094182488,2.91952360258427,5.87710507323932,9.32388758649034,26.144081522527,9.32388758687306,4.09566173635461,1.89333375251696,8.81850440625713,32.7573776168501,32.7573776168501,9.96556703357938,2.47184041994272,3.63003742789823,9.96556703327457,28.0627763117225,5.17571113621986,46.3678271990182,3.71361683897145,3.8398675758581,2.6860233740194,5.17571113621986,3.8398675758581,5.17571113621986,0.497335186470391,3.8398675758581,5.17571113621986,5.17571113621986,5.17571113621986,0.554025879520615,3.8398675758581,5.17571113621986,5.17571113621986,5.17571113621986,5.17571113621986,3.71361683897145
14.756577096719,4.39050695626398,6.52947342090213,17.7632411197068,5.95652653732737,19.3368421591083,21.9356285710242,24.663851409387,8.17725699735523,5.59265525557742,8.42867385155338,28.4941383311463,29.3894125602667,28.6588540850803,2.59160777545781,2.64666178637437,5.61420673362751,9.58320137265977,29.3008562918455,9.58320137272427,3.76238698328766,1.81079502385768,8.2378376017407,36.4957644309617,36.4957644309617,10.4490270761794,2.32708315037564,3.40806578133709,10.4490270763704,29.3266242179596,4.86745905944547,51.649800684118,3.44161944984712,3.36343601012347,2.57023562677008,4.86745905944547,3.36343601012347,4.86745905944547,0.516504781060133,3.36343601012347,4.86745905944547,4.86745905944547,4.86745905944547,0.550333517008998,3.36343601012347,4.86745905944547,4.86745905944547,4.86745905944547,4.86745905944547,3.44161944984712
14.3217358494356,4.23317872158088,6.18678662500409,17.235493730507,5.64173591528127,18.7255609803825,21.2987935485364,24.0989007012819,7.7019727518392,5.29958917939616,7.9568631781293,27.794939745264,28.7190487183657,27.9565550523828,2.54669297998192,2.78483308157135,5.53059267157498,9.01691632026734,28.4966219619534,9.01691632044414,3.82447087248576,1.76204008780349,7.79133111390885,35.6185557504943,35.618555751003,9.72970434609698,2.19087196171225,3.35021031471724,9.7297043464792,27.3419404357079,4.77241500012099,50.4106383588077,3.69542483587614,3.4338221418338,2.49876697802214,4.77241500012099,3.4338221418338,4.77241500012099,0.478923019509045,3.4338221418338,4.77241500012099,4.77241500012099,4.77241500012099,0.57371406504603,3.4338221418338,4.77241500012099,4.77241500012099,4.77241500012099,4.77241500012099,3.69542483587614
13.1722799058402,4.28296926961937,6.26846549969581,15.762048751028,5.74527896645789,17.0314730749988,19.5332582184924,21.8556236447962,7.80952240337634,5.90605664831685,8.05715132860031,25.2904449556739,26.1081414846806,25.4471744082785,2.59085588442493,2.73127126594007,5.53716329673713,9.154747006617,25.9454721884465,9.15474700643656,3.81520838102034,1.71400272537663,8.67602266586322,32.4955981221063,32.4955981221063,9.94183164672457,2.38150100229534,3.46280567813341,9.94183164668852,27.6100973719404,4.94647934588662,45.9861521668069,3.63160984787088,3.25510443333795,2.434308850507,4.94647934588662,3.25510443333795,4.94647934588662,0.504339695540241,3.25510443333795,4.94647934588662,4.94647934588662,4.94647934588662,0.504590786759192,3.25510443333795,4.94647934588662,4.94647934588662,4.94647934588662,4.94647934588662,3.63160984787088
13.7602478659743,4.17467877044539,6.28532300199509,16.4617369853526,5.72092772864895,17.8624022799279,20.4758658824052,23.1083012438963,7.76365659017325,5.57004274871769,8.05383251658214,26.5370879883671,27.502097498398,26.6967598836309,2.64342583774199,2.7838129961916,5.75114370236093,9.09938450131639,27.4053632589265,9.09938450140449,3.94092416022617,1.66387921805793,8.17425332794813,34.186375156929,34.186375156929,9.69310960602962,2.39402200773289,3.58398097804376,9.69310960603557,27.801048562561,5.10071312415024,48.3899320606737,3.38948989862842,3.72715431749826,2.36024387956191,5.10071312415024,3.72715431749826,5.10071312415024,0.502835639410799,3.72715431749826,5.10071312415024,5.10071312415024,5.10071312415024,0.563289674924518,3.72715431749826,5.10071312415024,5.10071312415024,5.10071312415024,5.10071312415024,3.38948989862842
12.4417142228304,4.258923711664,6.49365166098036,14.8065569953636,6.02358451544665,15.6788670683098,18.2427508632004,20.2290476353452,8.18567178406708,5.2844253431601,8.4025674468199,23.3118703175835,24.3682587634169,23.4668617343844,2.44471716861164,2.60373050083148,5.75858453934727,9.55619562409617,24.1292747780987,9.55619562333685,3.63370829225175,1.79100663235156,7.76122760723757,30.2898922405898,30.2898922405898,10.2323438254665,2.07565495807898,3.13121887507006,10.2323438256403,26.6659408850382,4.47765002768849,42.8637264478727,3.5618924639293,3.27986518744284,2.54188170391738,4.47765002768849,3.27986518744284,4.47765002768849,0.448437276072867,3.27986518744284,4.47765002768849,4.47765002768849,4.47765002768849,0.56752495759374,3.27986518744284,4.47765002768849,4.47765002768849,4.47765002768849,4.47765002768849,3.5618924639293
13.311534976521,4.59696780269679,6.71684401313428,15.7620005621811,6.13597845598018,17.0068778961546,19.6332100025438,21.9293215659201,8.38604232010037,5.9114239355989,8.64187594529888,25.127332466663,26.1866423251753,25.3159721630129,2.64510648356957,2.7924150082768,5.90550571894748,9.7982964786986,26.0148870803851,9.79829647900913,3.94629936511336,1.69629947110855,8.64122529506763,32.5326105876756,32.5326105876756,10.5631375631186,2.42989842287672,3.5257079579188,10.5631375636005,27.7604397436723,5.04606409131728,46.0404070569908,3.50537197197047,3.7063381267054,2.41187629001585,5.04606409131728,3.7063381267054,5.04606409131728,0.474409069012965,3.7063381267054,5.04606409131728,5.04606409131728,5.04606409131728,0.536830419617357,3.7063381267054,5.04606409131728,5.04606409131728,5.04606409131728,5.04606409131728,3.50537197197047
13.072680553146,4.25686948562071,6.33436787619505,15.4903121183948,5.76044985305249,16.6559460197855,19.3049106086994,21.610499563865,7.88885848637512,5.96909790138132,8.17991556697869,24.9555362248095,25.9884926272629,25.1147682708482,2.52178282681601,2.62545971336427,5.81191760257859,9.22974107518556,25.8161647896538,9.22974107525286,3.85968887455888,1.86264611643373,8.71728000878032,32.3133963985321,32.3133963985321,9.74069322223922,2.09627838098084,3.22542721927859,9.74069322222784,27.6933360853151,4.61240422208915,45.7296330748124,3.54310111633602,3.87381386383131,2.64344551248403,4.61240422208915,3.87381386383131,4.61240422208915,0.482293788613891,3.87381386383131,4.61240422208915,4.61240422208915,4.61240422208915,0.510713481005721,3.87381386383131,4.61240422208915,4.61240422208915,4.61240422208915,4.61240422208915,3.54310111633602
14.4748802793895,4.37471625464041,6.43311108549207,17.4339266853,5.87090411066725,18.8782431676995,21.5173375543231,24.2849363226879,7.97153241131943,5.82952974277636,8.25278654013631,28.046315041976,28.9135800861047,28.1969527430159,2.69360381783398,2.90938609937352,5.67140266213542,9.3379681628675,28.7045497488567,9.33796816295589,4.06346655398948,1.75684019936525,8.55817446155055,35.894427782669,35.894427782669,10.1558193007608,2.42869549463904,3.59779058731159,10.1558193007256,29.0258006860502,5.14298912996661,50.8002649515403,3.79121405162936,3.70900151488716,2.49616734696845,5.14298912996661,3.70900151488716,5.14298912996661,0.503670554116032,3.70900151488716,5.14298912996661,5.14298912996661,5.14298912996661,0.488480754330573,3.70900151488716,5.14298912996661,5.14298912996661,5.14298912996661,5.14298912996661,3.79121405162936
13.5619707805714,4.61793085566998,6.57735259621828,16.3812490080783,6.06573829004398,17.4453960325668,20.1121120541132,22.5268107053584,8.15893880820605,5.75863628539589,8.42930984970766,25.9401809915542,26.8014673330355,26.0913144930136,2.70283433996544,2.90853635229652,5.6030193142118,9.54544228863686,26.6173225845034,9.54544228868675,4.06029896976618,1.63377492965981,8.4358038643221,33.2875643984062,33.2875643984062,10.5010031719108,2.51668108667559,3.66087389657292,10.5010031717903,27.7060023043624,5.22746793548697,47.109233826827,3.6118864205049,3.76691284984055,2.32205884222315,5.22746793548697,3.76691284984055,5.22746793548697,0.481951414871073,3.76691284984055,5.22746793548697,5.22746793548697,5.22746793548697,0.532794328767028,3.76691284984055,5.22746793548697,5.22746793548697,5.22746793548697,5.22746793548697,3.6118864205049
14.6648213170395,4.359934623197,6.3572281299656,17.8544939727974,5.88718310525824,19.1422197271818,21.756068266274,24.6411914666098,7.87060140466637,5.45364954814215,8.12263647735049,28.3892330253213,29.3002769854254,28.5298678622357,2.74893708312997,3.02562689298188,5.77824017437424,9.21200882607283,29.0675064630982,9.2120088262382,4.02881214861124,1.73621869393176,8.00763601927524,36.3292234503199,36.3292234503199,9.91591161342968,2.46597070154657,3.69247177951355,9.91591161331458,25.4535881782761,5.26359041311882,51.4150854191609,3.79314224324761,3.42653249201934,2.46453994241358,5.26359041311882,3.42653249201934,5.26359041311882,0.484975297103226,3.42653249201934,5.26359041311882,5.26359041311882,5.26359041311882,0.515480288399393,3.42653249201934,5.26359041311882,5.26359041311882,5.26359041311882,5.26359041311882,3.79314224324761
13.6982082823636,4.51742975777845,6.57788115054504,16.4957036390471,6.06925102121743,17.5286861811961,20.222224395255,22.5844565312336,8.20190241480934,5.6641394505869,8.48096932865211,26.1208040804773,27.0695897605531,26.281917218591,2.63920276879655,2.64599816219689,5.75741887071221,9.6040538579895,26.9832211447346,9.60405385798463,3.88360147610858,1.86296486813964,8.33378544250537,33.6632727407664,33.6632727407664,10.3658089572005,2.31753884170963,3.45015002850223,10.3658089571601,27.9962755480198,4.91490915800817,47.6458818301096,3.38855740352728,3.75782441013292,2.64163181266328,4.91490915800817,3.75782441013292,4.91490915800817,0.506478198476064,3.75782441013292,4.91490915800817,4.91490915800817,4.91490915800817,0.525137339829573,3.75782441013292,4.91490915800817,4.91490915800817,4.91490915800817,4.91490915800817,3.38855740352728
13.3874847792687,4.3461448535564,6.46667936334497,15.7979877333651,5.88221323641224,17.0058709603185,19.6802014179564,21.9934006687805,8.05642721645192,5.27174184324709,8.33585958710269,25.4402267545457,26.4385086930884,25.6106472283014,2.61374516062217,2.66837213233924,5.78605349512293,9.4275153680396,26.2623793164138,9.4275153681394,3.91665711001308,1.88766162422549,7.80895875934507,32.8729095732193,32.8729095732193,10.0988400105324,2.23172477227086,3.37938448807466,10.0988400103379,27.6587033756285,4.82261034147446,46.5277347708417,3.59831976497273,3.78187526770056,2.67759791068109,4.82261034147446,3.78187526770056,4.82261034147446,0.490342182157672,3.78187526770056,4.82261034147446,4.82261034147446,4.82261034147446,0.505722563149597,3.78187526770056,4.82261034147446,4.82261034147446,4.82261034147446,4.82261034147446,3.59831976497273
13.0787715811526,4.58398987334435,6.6557550808019,15.7759611316874,6.18762482156254,16.5326716656273,19.2332668037429,21.3923791340713,8.31005755906041,6.02367847010474,8.57253973732815,24.7502178856986,25.7340066767863,24.9024180212684,2.6516179771037,2.78813558387432,5.76698985629035,9.7042446482961,25.4628029328611,9.70424464919356,4.01140435890784,1.86362617652899,8.82180605957038,31.9535106247505,31.9535106247505,10.5479772030318,2.30170878800805,3.42012223200629,10.547977203081,26.5584672418448,4.89529462443957,45.2159631923259,3.78177034953094,3.81766519854414,2.64688397092217,4.89529462443957,3.81766519854414,4.89529462443957,0.459768281437345,3.81766519854414,4.89529462443957,4.89529462443957,4.89529462443957,0.531093571400321,3.81766519854414,4.89529462443957,4.89529462443957,4.89529462443957,4.89529462443957,3.78177034953094
14.3238608701232,4.11645834577923,6.24233961668439,17.5472318890969,5.77835819395472,18.8240495301398,21.349218083032,24.1457237938784,7.74954656216727,5.73475248272927,8.03719964472285,27.8325340848451,28.7951976081893,27.9769011959646,2.58305079335925,2.75159483963485,5.8290594629998,9.08801260713668,28.6634389295777,9.08801260724213,3.88496597718867,1.80388585861391,8.41238149987075,35.7833659725916,35.7833659725916,9.57929482022225,2.28420273596494,3.40195052040935,9.57929481993119,31.4333823836048,4.85759842254974,50.6421895088851,3.6135114129972,3.62120014007963,2.56031844698171,4.85759842254974,3.62120014007963,4.85759842254974,0.520780807372402,3.62120014007963,4.85759842254974,4.85759842254974,4.85759842254974,0.587538125927853,3.62120014007963,4.85759842254974,4.85759842254974,4.85759842254974,4.85759842254974,3.6135114129972
14.7055087790052,4.09170826130539,6.2300637279431,17.7904554652063,5.64675689204496,19.4175289751503,21.8944448029472,24.7994225480543,7.75224107397815,5.59165183277856,8.01417540321976,28.674505102947,29.6283526525341,28.8192536489521,2.58819972074961,2.76305887393157,5.59107306881696,9.06264544398774,29.370777527752,9.06264544387071,3.87456145687505,1.88471362688862,8.19114230266136,36.6825435976878,36.6825435976878,9.7361289650609,2.2380592269394,3.30533357638271,9.73612896506409,25.9039542353492,4.73031837202503,51.9127227246881,3.72429317220121,3.62374963712989,2.67563327733376,4.73031837202503,3.62374963712989,4.73031837202503,0.456855553425544,3.62374963712989,4.73031837202503,4.73031837202503,4.73031837202503,0.579411332276993,3.62374963712989,4.73031837202503,4.73031837202503,4.73031837202503,4.73031837202503,3.72429317220121
14.4884125216295,4.66202758018548,6.66155336366002,17.3698223617534,6.0602335372259,18.8529172910623,21.5631329124075,24.2834625868001,8.31785451687506,6.23053892293899,8.56456789900645,27.9936000902217,28.9363489415688,28.13562642813,2.67402034952898,2.82696372492083,5.69497360256405,9.71911695477513,28.7303577619888,9.71911695439019,3.94332666799869,1.77622405083493,9.07613194560174,35.8587529890211,35.8587529890211,10.6249351727803,2.34702292220362,3.53037666101221,10.6249351727832,25.9401882955579,5.04532136262396,50.7462066159161,3.59738418421129,3.61567717868201,2.52278774322434,5.04532136262396,3.61567717868201,5.04532136262396,0.467359558301322,3.61567717868201,5.04532136262396,5.04532136262396,5.04532136262396,0.509821076346246,3.61567717868201,5.04532136262396,5.04532136262396,5.04532136262396,5.04532136262396,3.59738418421129
12.6865618283064,4.0568998270137,6.08813880870275,15.0951336149721,5.57194516538526,16.2085305638323,18.7558555264709,21.0118838581343,7.54683643032423,5.13623332358098,7.81282741846838,24.3117520028464,25.2078709784194,24.4566950299686,2.58061262359222,2.65167462706857,5.54997760065304,8.84460051290668,25.0641049733966,8.84460051282194,3.7926088726053,1.74812139651239,7.6104936426273,31.3850858138168,31.3850858138168,9.4542155832323,2.27255198470509,3.41494905819372,9.45421558330432,28.9805650407446,4.87613998061945,44.4278226900289,3.44786460524569,3.45835712223567,2.48166508934443,4.87613998061945,3.45835712223567,4.87613998061945,0.488159889077655,3.45835712223567,4.87613998061945,4.87613998061945,4.87613998061945,0.567865239390749,3.45835712223567,4.87613998061945,4.87613998061945,4.87613998061945,4.87613998061945,3.44786460524569
14.3064243740727,4.64899061153779,6.91784525378512,17.3052699842173,6.42628039671839,18.3389080843895,21.0906252532571,23.5799730972142,8.69935833351558,5.39880183510605,8.96054285086494,27.1548110191421,28.2136123917322,27.3307185016724,2.57712202248993,2.71602244542987,5.9750007000402,10.1658319405741,27.9928273022923,10.1658319403547,3.95110277321316,1.87792390450982,7.98449393916336,35.0237252234126,35.0237252234126,11.0057384886416,2.19942026927857,3.31659771243946,11.0057384889493,28.6025926888264,4.74183238143358,49.5579701756596,3.78911451181537,3.79405284420982,2.66533202067973,4.74183238143358,3.79405284420982,4.74183238143358,0.493828896951676,3.79405284420982,4.74183238143358,4.74183238143358,4.74183238143358,0.577423752334335,3.79405284420982,4.74183238143358,4.74183238143358,4.74183238143358,4.74183238143358,3.78911451181537
13.6720749239297,4.37497760208459,6.42348280163494,16.699849230756,5.97456543725744,17.6268607378897,20.2300817707356,22.7416035899411,7.98757194304622,5.78912796808405,8.25846932339378,26.2119011560589,27.2543530194809,26.3678595107847,2.63509028778131,2.7405234916891,5.81245767747678,9.33219227868288,27.0526431292399,9.33219227863871,3.9227796070732,1.86025486388037,8.46410021959634,33.7952652523356,33.7952652523356,9.94367564232037,2.26685318785424,3.40779365719618,9.94367564233407,29.1661586847196,4.86281538486238,47.8289998977097,3.54860087569537,3.79483146573062,2.63916501294401,4.86281538486238,3.79483146573062,4.86281538486238,0.458161547020411,3.79483146573062,4.86281538486238,4.86281538486238,4.86281538486238,0.562938383011352,3.79483146573062,4.86281538486238,4.86281538486238,4.86281538486238,4.86281538486238,3.54860087569537
12.9504512352957,4.37591892407739,6.40132176394057,15.6680313826942,5.94431096338145,16.5902105294457,19.1630680561588,21.4225694756247,7.97944138020811,5.86265410980508,8.21997602883203,24.6169460391338,25.5762021540451,24.7916115085493,2.59122212874216,2.70134256358766,5.56236006917014,9.32622985552748,25.4207367349599,9.32622985544981,3.79238234400182,1.65856858121329,8.55840142103866,31.7583374604453,31.7583374604453,10.1317213631104,2.34486294813663,3.45212823932767,10.1317213632097,29.1833804831474,4.93140205093562,44.9460800055916,3.35134382399761,3.47068564471515,2.35629221263219,4.93140205093562,3.47068564471515,4.93140205093562,0.45561672081196,3.47068564471515,4.93140205093562,4.93140205093562,4.93140205093562,0.527763339143335,3.47068564471515,4.93140205093562,4.93140205093562,4.93140205093562,4.93140205093562,3.35134382399761
13.1451497115926,4.37801559620657,6.47846808163162,15.9629507907984,6.06162947604686,16.8428152878722,19.418994172935,21.8119481532714,8.05230316841857,5.8436510312288,8.31053621179747,25.027836617783,26.0788911194406,25.1967546413136,2.66436596139691,2.86017573771027,5.95189190797178,9.41295576125288,25.843999074634,9.41295576163421,3.99084676589243,1.71961356198395,8.56369451308615,32.4087617179862,32.4087617179862,10.0012497146913,2.39218589917878,3.56137944732391,10.0012497145734,25.6430245758601,5.07755508473314,45.8728349118728,3.71688852306221,3.61410958676017,2.44068398359365,5.07755508473314,3.61410958676017,5.07755508473314,0.474015656334369,3.61410958676017,5.07755508473314,5.07755508473314,5.07755508473314,0.55456301077133,3.61410958676017,5.07755508473314,5.07755508473314,5.07755508473314,5.07755508473314,3.71688852306221
12.8178516009642,4.52191125325733,6.46610542466637,15.4443575673467,6.00318730235748,16.1708013909676,18.8519524059108,20.8798221973914,8.1178497739834,5.79460439543632,8.36328543444934,24.298759991908,25.211915201772,24.4383344265903,2.5221190273572,2.56757712775191,5.46014791211844,9.48928111756594,25.0476980514488,9.48928111751041,3.68640545075274,1.90959621070873,8.45852652236739,31.3382233499191,31.3382233499191,10.365595490427,2.09633187122418,3.1744429032978,10.36559549041,26.1333226197679,4.53849055728228,44.3528486684391,3.39622213254275,3.54384254015059,2.70924235245617,4.53849055728228,3.54384254015059,4.53849055728228,0.463432299847187,3.54384254015059,4.53849055728228,4.53849055728228,4.53849055728228,0.511172065162943,3.54384254015059,4.53849055728228,4.53849055728228,4.53849055728228,4.53849055728228,3.39622213254275
13.7523353538399,4.37084116943795,6.49886485002986,16.577095152488,5.9742100740202,17.7381980954248,20.3593807639261,22.852063985245,8.06154746885032,5.90814272897153,8.34793703635884,26.3925625190642,27.3936107096443,26.556008690989,2.71498360125758,2.85565752999106,5.91601159393703,9.43656684718354,27.2175916824057,9.43656684647002,4.03894655711211,1.87987437204422,8.65193227317793,34.044340217434,34.044340217434,10.0660529006509,2.41277893160512,3.56022879690068,10.0660529006509,29.7567759652497,5.07162151847711,48.1917650928095,3.6752479628678,3.81293690170311,2.665876819422,5.07162151847711,3.81293690170311,5.07162151847711,0.500569122262977,3.81293690170311,5.07162151847711,5.07162151847711,5.07162151847711,0.573556904007955,3.81293690170311,5.07162151847711,5.07162151847711,5.07162151847711,5.07162151847711,3.6752479628678
13.7343984647501,4.14829068646088,6.13767487743936,16.479405272281,5.54074554679519,17.9648608865318,20.4819125043665,23.0865723388847,7.55326523688852,6.02069447316525,7.83807176926798,26.7012146371951,27.5766999676862,26.8438662726414,2.71018510441996,2.76968250689099,5.54546787764841,8.85144894588132,27.467325416109,8.85144894638914,3.92466300645341,1.77247989328889,8.78614429498349,34.2372562162572,34.2372562162572,9.51360034460863,2.49416013486476,3.61144629604348,9.5136003459352,28.699473253119,5.14683159385636,48.4635735167278,3.3199630348574,3.68596114116316,2.5149883603906,5.14683159385636,3.68596114116316,5.14683159385636,0.482422064743585,3.68596114116316,5.14683159385636,5.14683159385636,5.14683159385636,0.493771502367244,3.68596114116316,5.14683159385636,5.14683159385636,5.14683159385636,5.14683159385636,3.3199630348574
13.8830931058354,4.16650104992861,6.28120288447525,16.6102253721204,5.6810587531164,18.0541866370891,20.6013093951618,23.217807628764,7.75597536508621,5.45817793895062,8.06221135112354,26.8409337682732,27.7474145419981,27.0032685405456,2.64676924080567,2.89772739280289,5.66493351017597,9.08159067792197,27.5111215644817,9.08159067673985,4.08477125356388,1.81301954304297,8.02275471263337,34.4503358227652,34.4503358227652,9.76640383282395,2.371608857804,3.47571740460696,9.76640383267899,29.6900621236642,4.96556073529671,48.7614402714531,3.81857107031131,3.94563254467471,2.57404186287083,4.96556073529671,3.94563254467471,4.96556073529671,0.488694705735001,3.94563254467471,4.96556073529671,4.96556073529671,4.96556073529671,0.60917564134025,3.94563254467471,4.96556073529671,4.96556073529671,4.96556073529671,4.96556073529671,3.81857107031131
13.6081451564254,4.55421758920035,6.62006532490239,16.352041598998,6.12573836142753,17.4962946060002,20.1162026752964,22.5136881934788,8.23895613091156,6.10139396221425,8.48078787258056,25.9218055801346,26.9003577150032,26.1032552367843,2.7824951181586,2.93300360401895,5.95328256301389,9.64227132374376,26.7343432639456,9.64227132323231,3.98843024893731,1.77580720279574,8.92648029263434,33.4437025375484,33.4437025375484,10.3764948145228,2.56425034342915,3.73232766713311,10.3764948145196,28.2766715722891,5.31181457527469,47.3344116345214,3.65150670562271,3.34993986081739,2.5187593279886,5.31181457527469,3.34993986081739,5.31181457527469,0.501363667206528,3.34993986081739,5.31181457527469,5.31181457527469,5.31181457527469,0.526241137336235,3.34993986081739,5.31181457527469,5.31181457527469,5.31181457527469,5.31181457527469,3.65150670562271
13.0529694153718,4.39619255182567,6.55312599039336,15.5419442186635,6.00478488029543,16.6163105970877,19.2412970376335,21.4282131601598,8.15378027168928,5.93283279353294,8.44266243697329,24.8191190724144,25.7802146520283,24.9708597443198,2.65708681986956,2.88669553022326,5.88549541825565,9.5466866248215,25.5710300415499,9.54668662476906,4.04037831315179,1.8771066557011,8.67280333595377,32.1117608115189,32.1117608115189,10.2416993669065,2.37146318149301,3.47227670117531,10.2416993666706,24.91099460814,4.94979170862659,45.450463901167,3.80410373748965,3.83698039709811,2.66225692245686,4.94979170862659,3.83698039709811,4.94979170862659,0.508945379412395,3.83698039709811,4.94979170862659,4.94979170862659,4.94979170862659,0.584492660429113,3.83698039709811,4.94979170862659,4.94979170862659,4.94979170862659,4.94979170862659,3.80410373748965
13.5647113092535,4.3617753040878,6.31459068393748,16.5629333728331,5.86392126237985,17.632460710759,20.1769895568698,22.6685171877989,7.86464091456274,5.96611543110747,8.1311563111819,26.0892785459828,26.9841750295591,26.2445254055672,2.52403329527917,2.64274996451424,5.5660025652687,9.21291950497345,26.8783875347422,9.21291950532662,3.7826610780734,1.66438864801597,8.72253618704738,33.5369231118373,33.5369231118373,9.94705609623527,2.28600274500947,3.38843070877376,9.94705609623527,26.7957404769551,4.82792064240196,47.4531185469694,3.38727948062795,3.5427860916123,2.36143986805541,4.82792064240196,3.5427860916123,4.82792064240196,0.495401054906987,3.5427860916123,4.82792064240196,4.82792064240196,4.82792064240196,0.516102201180638,3.5427860916123,4.82792064240196,4.82792064240196,4.82792064240196,4.82792064240196,3.38727948062795
13.3715917427307,4.14855100869021,6.30877734149599,16.0974043244573,5.79543775818975,17.2626207268273,19.8329436973299,22.3399262822133,7.81636184814416,6.04823474794128,8.08285455741835,25.7062750142858,26.7266831893896,25.8640323931832,2.66207385703078,2.70358268340444,5.76438170407986,9.14117572510605,26.559166070976,9.14117572501501,3.90354207744841,1.75480967184817,8.84965099799747,33.1823443258036,33.1823443258036,9.72423135045909,2.36272889550106,3.52223286928772,9.72423135049165,30.0992656589959,5.03253701059539,46.9697558271346,3.42446142487944,3.65914202096541,2.49229689772154,5.03253701059539,3.65914202096541,5.03253701059539,0.467139996805658,3.65914202096541,5.03253701059539,5.03253701059539,5.03253701059539,0.499053218411591,3.65914202096541,5.03253701059539,5.03253701059539,5.03253701059539,5.03253701059539,3.42446142487944
14.6272372089049,4.3971992699295,6.50013633052447,17.7245064822854,5.96840503131991,19.0811198824773,21.7299662872302,24.5457353753287,8.11882257802574,5.74632738456965,8.3592865051178,28.3105480782948,29.3096382420558,28.4688355532438,2.64179783929268,2.80895426074672,5.71996452955174,9.4833486014709,29.0365616283126,9.48334860164029,3.91837498042643,1.84930424031703,8.42663641915034,36.2922604077252,36.2922604077252,10.2707320538709,2.2516647087793,3.42725568926517,10.2707320539631,26.4238451221601,4.88963323092978,51.3665189983274,3.77865201903019,3.52259840300299,2.6235823046504,4.88963323092978,3.52259840300299,4.88963323092978,0.454853792227524,3.52259840300299,4.88963323092978,4.88963323092978,4.88963323092978,0.540406673666785,3.52259840300299,4.88963323092978,4.88963323092978,4.88963323092978,4.88963323092978,3.77865201903019
14.9040223365211,4.39080095075415,6.60306826385363,18.1023232527045,6.11654629816089,19.4355448773238,22.1243163774968,25.0103918064376,8.25865792289873,5.7765501557365,8.49907377064629,28.7414508407184,29.7827290417375,28.8914712451436,2.65456776282112,2.80165499964213,5.98095146822959,9.65518315932852,29.587002479521,9.65518316021168,3.89437451309116,1.82096968528653,8.48057590465133,36.9131009422932,36.9131009422932,10.3038099797742,2.27258129735362,3.48961575799802,10.3038099794143,27.0862467792181,4.97346025783596,52.2400270242117,3.69661236207964,3.42181958047937,2.58293089859929,4.97346025783596,3.42181958047937,4.97346025783596,0.487721245370218,3.42181958047937,4.97346025783596,4.97346025783596,4.97346025783596,0.571565849399427,3.42181958047937,4.97346025783596,4.97346025783596,4.97346025783596,4.97346025783596,3.69661236207964
13.7549036079792,4.19982998593822,6.43526289262771,16.6491324537268,5.95965362576715,17.9270644673283,20.3598856885033,22.9838541035292,8.07114353204392,5.5092504176201,8.3154951692489,26.2818043845162,27.3834791559416,26.4306804104696,2.43101488961806,2.53944669385432,5.84147734111181,9.42878199342401,27.1894502819326,9.42878199335214,3.71503680186855,1.67937082048645,8.11040940723606,33.9690428015053,33.9690428015053,9.98630044420571,2.15416313921799,3.19540179031939,9.98630044439866,28.3724068285602,4.55804100807037,48.0822856476702,3.49476204999576,3.51991746639152,2.38282098070076,4.55804100807037,3.51991746639152,4.55804100807037,0.461682591708604,3.51991746639152,4.55804100807037,4.55804100807037,4.55804100807037,0.498259178508763,3.51991746639152,4.55804100807037,4.55804100807037,4.55804100807037,4.55804100807037,3.49476204999576
13.5322058908944,4.10366103944218,6.10637466125848,16.1503020111473,5.52980831681225,17.5594055535361,20.0062853396091,22.5356122515012,7.53176098543563,5.28580436527638,7.79602973853793,26.0930854707104,27.0090190085147,26.2512932669223,2.71179821371194,2.78671896274774,5.49454493338886,8.81285855116513,26.8445143351943,8.81285855094102,3.87674282179217,1.82145277602108,7.76372778581363,33.5025545385001,33.5025545385001,9.4869673524191,2.47719840159585,3.54756380999398,9.48696735271579,24.5709596370634,5.07119142835228,47.4262726879514,3.3595431753588,3.57292921709081,2.58695692527553,5.07119142835228,3.57292921709081,5.07119142835228,0.45654357158986,3.57292921709081,5.07119142835228,5.07119142835228,5.07119142835228,0.510521128041251,3.57292921709081,5.07119142835228,5.07119142835228,5.07119142835228,5.07119142835228,3.3595431753588
13.9767065424905,4.46355547205307,6.45213571013041,16.8210041681554,5.89505646914311,18.080280140987,20.8263336612548,23.35762448374,8.07128649639304,5.9250563118081,8.33641762948435,26.9481320535077,27.8295452166946,27.1201460125421,2.49374356984944,2.58963171419751,5.44180486905926,9.45166630297163,27.7153050344221,9.45166630404404,3.76815662595518,1.7162073480321,8.66830319637558,34.5614305814106,34.5614305814106,10.3606952144922,2.13938913861795,3.28222017042822,10.3606952137649,28.2346119123141,4.69823016216461,48.915635296501,3.40301146091096,3.62060277110139,2.43844769571647,4.69823016216461,3.62060277110139,4.69823016216461,0.492175960052145,3.62060277110139,4.69823016216461,4.69823016216461,4.69823016216461,0.520360205018524,3.62060277110139,4.69823016216461,4.69823016216461,4.69823016216461,4.69823016216461,3.40301146091096
12.9024637087439,4.00604236615209,6.06450308443217,15.550805192322,5.56543270332576,16.6080402626246,19.2124221078386,21.5155417863261,7.51055956772403,6.14840427804393,7.79961374253099,24.9431074184792,25.743163315557,25.0915382185312,2.53811984797338,2.69512045489332,5.45611173091054,8.81527125491475,25.6408346682605,8.81527125460837,3.81309927750846,1.73202840564297,8.96116495652041,32.0685152250087,32.0685152250087,9.47654127972801,2.22262741724256,3.36116426511686,9.47654127978695,26.795711370803,4.80703990873247,45.3916578764121,3.46499168594891,3.58263719696661,2.46030852056205,4.80703990873247,3.58263719696661,4.80703990873247,0.510591412105407,3.58263719696661,4.80703990873247,4.80703990873247,4.80703990873247,0.566149651583655,3.58263719696661,4.80703990873247,4.80703990873247,4.80703990873247,4.80703990873247,3.46499168594891
13.4152313558774,4.06792505801922,6.09857939911504,16.2493847780823,5.62096769283334,17.3622436711336,19.9461348360527,22.3814704132049,7.60436009808823,5.50472462480502,7.86462554436653,25.9500874928946,26.7963314581161,26.0912231675912,2.49734766588862,2.55188726135125,5.4017036705671,8.91966593741464,26.7103050747967,8.91966593685098,3.6438031292255,1.78622968564772,8.08529563583077,33.3335441838332,33.3335441838332,9.62255197391547,2.13955545328188,3.25545695985511,9.62255197397468,29.2595117096974,4.65014411683557,47.186288667005,3.3223803421006,3.3472871703618,2.53491811826391,4.65014411683557,3.3472871703618,4.65014411683557,0.500989885243592,3.3472871703618,4.65014411683557,4.65014411683557,4.65014411683557,0.53212633698535,3.3472871703618,4.65014411683557,4.65014411683557,4.65014411683557,4.65014411683557,3.3223803421006
13.6968396898076,4.20454725042911,6.17067431006333,16.591417469096,5.68588290315338,17.7572694293071,20.2976098622113,22.8307646213906,7.72849979068287,5.55049172049665,7.95155114351393,26.4190642652234,27.4169262113562,26.5850587156309,2.53226931724254,2.54864177337044,5.50548211787754,9.03111652204023,27.2398117711167,9.03111652208994,3.58767140303579,1.90101103280158,8.12341596566805,33.9762930893675,33.9762930893675,9.67825210457327,2.07878503470784,3.1881968206362,9.67825210430127,27.8176491282158,4.56323905366957,48.1032308550725,3.35037803628945,3.24020732021504,2.69796003264893,4.56323905366957,3.24020732021504,4.56323905366957,0.442460071627022,3.24020732021504,4.56323905366957,4.56323905366957,4.56323905366957,0.558630507503588,3.24020732021504,4.56323905366957,4.56323905366957,4.56323905366957,4.56323905366957,3.35037803628945
13.4184420685105,4.13546606137499,6.23757789440126,16.0285795689742,5.71251574677481,17.2477791200209,19.9062549680907,22.3187643633158,7.78958505157064,5.42665451978486,8.04368094336976,25.7623998206013,26.6732836013616,25.9286019491721,2.51412140132808,2.67232788556263,5.60524286429586,9.12829861961944,26.5479148482923,9.12829862004052,3.71754766049899,1.75642565342843,7.96770637627393,33.1701215713994,33.1701215713994,9.78728979800675,2.13823827178413,3.29917908385793,9.78728979798557,27.176103311594,4.71561847687064,46.9400945472503,3.48399593128544,3.35371822697701,2.49385067084281,4.71561847687064,3.35371822697701,4.71561847687064,0.499363148789787,3.35371822697701,4.71561847687064,4.71561847687064,4.71561847687064,0.582369009859636,3.35371822697701,4.71561847687064,4.71561847687064,4.71561847687064,4.71561847687064,3.48399593128544
14.1847154696867,4.41956318752246,6.50199499318133,17.3546303308271,6.01565013391983,18.41760492341,21.1257788802621,23.6824308490371,8.12510671529623,6.0594008222418,8.38612150815122,27.52172005431,28.3962640403816,27.6530511873996,2.63367293888756,2.6857491745004,5.52227709763037,9.51329776107736,28.258421650856,9.51329776197149,3.82068265515639,1.92502009005094,8.84893442010334,35.2555550270704,35.2555550270704,10.4205261793653,2.23898768390249,3.39118746557576,10.4205261798339,28.0629358470293,4.83604688484804,49.8958643277905,3.4789403590528,3.56661857609665,2.72983997075869,4.83604688484804,3.56661857609665,4.83604688484804,0.495528689446264,3.56661857609665,4.83604688484804,4.83604688484804,4.83604688484804,0.590688020159453,3.56661857609665,4.83604688484804,4.83604688484804,4.83604688484804,4.83604688484804,3.4789403590528
13.4228171954731,4.09695063987888,6.14843693145421,16.204628353277,5.63710911531227,17.4457634372204,19.9341181159734,22.481524038297,7.61070050662522,5.81905075517924,7.85824722035308,25.8690898813285,26.8951112920873,26.0537687241363,2.67463363849831,2.67664425850883,5.67982034031115,8.89589457610704,26.7132751728711,8.89589457623485,3.83870429508406,1.78066692822593,8.5413152156053,33.3413187551657,33.3413187551657,9.44386525248262,2.37358684883739,3.50606512738078,9.44386525247483,28.5204600694066,5.01155249123949,47.1882151415541,3.4133594655579,3.4660130167245,2.52918880424812,5.01155249123949,3.4660130167245,5.01155249123949,0.446884372948035,3.4660130167245,5.01155249123949,5.01155249123949,5.01155249123949,0.553672225222978,3.4660130167245,5.01155249123949,5.01155249123949,5.01155249123949,5.01155249123949,3.4133594655579
13.5214355595455,4.07212052625235,6.03603469792464,16.1763786844753,5.51098436061627,17.4944348448233,19.9730712535871,22.5025916423351,7.4558790318625,5.26435856070327,7.6932583350412,26.1533602451949,27.012521797862,26.2944482954208,2.75383697234976,2.91732449227347,5.52106384952137,8.72735579490749,26.7791567924735,8.72735579512294,3.88794534907442,1.87242603607872,7.74478462938675,33.5158306425729,33.5158306425729,9.39827920127344,2.44517332602562,3.58770229663616,9.39827920110854,28.5101510840008,5.12896270882337,47.4440714701431,3.66140290906052,3.22250581928562,2.65910257561172,5.12896270882337,3.22250581928562,5.12896270882337,0.46272199604192,3.22250581928562,5.12896270882337,5.12896270882337,5.12896270882337,0.523567304967087,3.22250581928562,5.12896270882337,5.12896270882337,5.12896270882337,5.12896270882337,3.66140290906052
12.8795957355036,4.17833374436951,6.23834673941097,15.4692166479939,5.71698080777946,16.4677623327906,19.0452858042319,21.3255208993775,7.69799389447353,5.97677695353027,7.96346701781429,24.7281667473473,25.6491047861673,24.8938952697216,2.75430912282148,2.8104304542773,5.59964844732825,8.99954081804222,25.4004379148816,8.99954081843608,4.00904079489144,1.84124284168796,8.76542961647768,31.8380014926864,31.8380014926864,9.71652584357797,2.44914018812627,3.60046703070855,9.71652584284216,27.9987341621542,5.15116100934824,45.0669637304995,3.62418240354219,3.67393940286473,2.61602026385758,5.15116100934824,3.67393940286473,5.15116100934824,0.449347927708198,3.67393940286473,5.15116100934824,5.15116100934824,5.15116100934824,0.554661983477077,3.67393940286473,5.15116100934824,5.15116100934824,5.15116100934824,5.15116100934824,3.62418240354219
13.4616582451337,4.11104731985713,6.1079585506746,16.1623718674079,5.59169320021431,17.5002168292139,19.991992357055,22.5528399758006,7.54237383660882,5.44369736273979,7.80851018654649,25.9786536162689,26.8877963793263,26.154429461132,2.65809435814617,2.81803782659621,5.64423943861372,8.84208281759812,26.7112008863661,8.84208281742568,3.92529489547064,1.6933079485779,8.04126256830037,33.4288664672118,33.4288664672118,9.45061722282508,2.42690052309543,3.58394836478757,9.45061722270621,28.9678171475275,5.10550207411163,47.3128839374453,3.64884239798638,3.41786515654309,2.40284339379288,5.10550207411163,3.41786515654309,5.10550207411163,0.496728087025472,3.41786515654309,5.10550207411163,5.10550207411163,5.10550207411163,0.555323343986457,3.41786515654309,5.10550207411163,5.10550207411163,5.10550207411163,5.10550207411163,3.64884239798638
13.1584461961883,4.26212791988298,6.40975864964668,15.8034810142166,5.88861042197328,16.7652636760303,19.3941278958628,21.6679164507892,7.9285225616376,5.84145363016489,8.22071709251375,25.1227969816226,26.1222002050045,25.2996069898107,2.74518253705879,2.829552199306,5.84478631141552,9.27813778094839,25.9318746609816,9.27813778110424,4.04420382784802,1.945055337665,8.55804214284865,32.4794035780441,32.4794035780441,9.89068171563924,2.40916985551365,3.56296377109335,9.89068171597057,25.0695981253739,5.0773256811128,45.9665064659226,3.6208413058063,3.8866229317159,2.75804771887709,5.0773256811128,3.8866229317159,5.0773256811128,0.485869259670627,3.8866229317159,5.0773256811128,5.0773256811128,5.0773256811128,0.555118593550465,3.8866229317159,5.0773256811128,5.0773256811128,5.0773256811128,5.0773256811128,3.6208413058063
13.171500368502,4.27391859641059,6.54211833438706,15.967268922756,6.11279408485734,16.9558358303759,19.4569830891475,21.8496526983016,8.19801667319599,5.76365693635248,8.4379005916905,24.9800829638009,26.076431846596,25.1393095948141,2.49882341915686,2.69438661852944,5.95610979496567,9.57313852590836,25.8058349793227,9.5731385260767,3.85524266704698,1.6640986879152,8.47383263694386,32.3772660158884,32.3772660158884,10.1664386703366,2.23476230581575,3.32016561627875,10.1664386702377,25.4498983401969,4.73576583916025,45.8189849600737,3.75435184055404,3.52447996057222,2.36170686857646,4.73576583916025,3.52447996057222,4.73576583916025,0.459633809240675,3.52447996057222,4.73576583916025,4.73576583916025,4.73576583916025,0.552313502541316,3.52447996057222,4.73576583916025,4.73576583916025,4.73576583916025,4.73576583916025,3.75435184055404
14.7151958046897,4.59516329305696,6.74280285911486,17.9869138143713,6.29355297567854,19.0263633297555,21.7394291751605,24.4498575112359,8.44832274781334,5.3666176726209,8.71084438903728,28.2180768987868,29.2491603073577,28.3534939987241,2.62961442391539,2.71347946183132,5.9074831049257,9.87686755677586,29.0831958395803,9.87686755669209,3.89650561832242,1.90890685332224,7.90975464333538,36.2795851160026,36.2795851160026,10.6374887455384,2.23674830863076,3.37868044735006,10.6374887455209,25.7144035794693,4.83022535176599,51.3478291003388,3.57116064619232,3.72607033851994,2.70934682487225,4.83022535176599,3.72607033851994,4.83022535176599,0.49009971527419,3.72607033851994,4.83022535176599,4.83022535176599,4.83022535176599,0.574884653572274,3.72607033851994,4.83022535176599,4.83022535176599,4.83022535176599,4.83022535176599,3.57116064619232
14.8608243076423,4.35671019605702,6.49561274908488,17.8095048792742,5.90244623834475,19.2468007893475,21.943495352037,24.788520980657,8.03935492057213,5.47725040825684,8.31781018781221,28.7152348669224,29.6866365993632,28.8650441815957,2.81043765457783,2.88891850543434,5.82968567745484,9.39522925064376,29.4116597547944,9.39522925083699,4.14511078517877,1.97549268563713,8.11068035242731,36.760875998175,36.760875998175,10.1236673779516,2.41243221971931,3.6167537219034,10.1236673781497,31.2778870139339,5.17087212612678,52.0284772413239,3.86273382631425,3.86385590682688,2.8045982467548,5.17087212612678,3.86385590682688,5.17087212612678,0.465795710450534,3.86385590682688,5.17087212612678,5.17087212612678,5.17087212612678,0.512921542243327,3.86385590682688,5.17087212612678,5.17087212612678,5.17087212612678,5.17087212612678,3.86273382631425
14.7743868976819,4.26215203600479,6.37164680629901,17.8485228882628,5.79416965965498,19.4416663032249,21.9556918054565,24.8502478021326,7.93776969966365,5.542616173819,8.18217180006488,28.6680925685294,29.649958119427,28.8175665972354,2.63871909251483,2.6990127829215,5.57794861166255,9.27296188540132,29.4305056858965,9.2729618850896,3.84987284086491,1.83023049597876,8.15026892531968,36.6933556683311,36.6933556683311,10.056363442797,2.3351678674534,3.41745222412631,10.0563634423397,29.5756623103317,4.89313155627825,51.9331506887543,3.53141375706563,3.54310696050793,2.60004861674521,4.89313155627825,3.54310696050793,4.89313155627825,0.446568410232922,3.54310696050793,4.89313155627825,4.89313155627825,4.89313155627825,0.524346420682184,3.54310696050793,4.89313155627825,4.89313155627825,4.89313155627825,4.89313155627825,3.53141375706563
13.3978106953628,4.50264560737412,6.70384475574574,15.8141912166442,6.13718274638359,16.9536054752776,19.7273221481892,21.9886863749801,8.37834168059288,5.58400360811576,8.63272196330427,25.3574461402388,26.3684676327475,25.54430469829,2.67827212304505,2.73957871761364,5.84994214663148,9.80149798735123,26.2177595970159,9.80149798631435,3.91966242438644,1.81545714556473,8.23820918585911,32.8040365766954,32.8040365766954,10.6138430519001,2.34047339150612,3.53568786060777,10.613843052458,26.4911220664238,5.0466431528764,46.4338020557857,3.54455768858285,3.57906307119724,2.57691898551548,5.0466431528764,3.57906307119724,5.0466431528764,0.497630008498285,3.57906307119724,5.0466431528764,5.0466431528764,5.0466431528764,0.537139997744951,3.57906307119724,5.0466431528764,5.0466431528764,5.0466431528764,5.0466431528764,3.54455768858285
14.5274894276344,4.20127128679916,6.28864666525519,17.5500793667289,5.74295697288503,19.0193344233662,21.5533769822703,24.3416462273562,7.80977892112807,5.49879373783996,8.07264782090594,28.1308046461733,29.0696495626868,28.2719580776428,2.66464008843703,2.73930474188566,5.68643461481764,9.14237544155941,28.9251115490507,9.1423754426202,3.85583774509448,1.85863702471329,8.08099369448829,36.0478831971063,36.0478831971063,9.78568480634882,2.36014719515877,3.46996033979115,9.78568480576292,30.8219121616954,4.95513357347858,51.0223545460396,3.47577763432564,3.53316555377653,2.6378792185574,4.95513357347858,3.53316555377653,4.95513357347858,0.484004977481086,3.53316555377653,4.95513357347858,4.95513357347858,4.95513357347858,0.532858457268069,3.53316555377653,4.95513357347858,4.95513357347858,4.95513357347858,4.95513357347858,3.47577763432564
14.023005709603,4.51741703769521,6.65125387039446,16.6893938033091,6.0600491215303,17.9562401665242,20.6625938970974,23.1889801141974,8.30821613469593,5.51771059846378,8.57985322863174,26.7825379205084,27.8570032155697,26.9420163879415,2.63460191454562,2.71851361418052,5.8255364126764,9.70352734975259,27.6231241852143,9.70352734986512,3.95717765177445,1.93000130813989,8.11136101063917,34.5465277686296,34.5465277686296,10.4593746473236,2.21237986607837,3.3582687652813,10.4593746470496,26.0364358462987,4.80155799745449,48.8976005079144,3.63120787121527,3.90147491515112,2.73894948190395,4.80155799745449,3.90147491515112,4.80155799745449,0.462866498779529,3.90147491515112,4.80155799745449,4.80155799745449,4.80155799745449,0.505516241646728,3.90147491515112,4.80155799745449,4.80155799745449,4.80155799745449,4.80155799745449,3.63120787121527
13.0152277226866,4.2475550824977,6.37989523318339,15.667325974232,5.91707423643673,16.7455119437251,19.2659535354276,21.5773831861288,7.93986280867155,5.63691582896418,8.17445650129757,24.8119991012013,25.7360986349984,24.9876100334907,2.66311247355634,2.86409406744008,5.66869920389046,9.29469949343829,25.5529700640976,9.29469949389106,3.87495378010796,1.63806173177019,8.27451606843183,32.014720023728,32.014720023728,10.0755811705037,2.48423064274729,3.59251359431405,10.0755811708423,24.8518079833224,5.13347743792937,45.3240681005163,3.60262334856578,3.23352611831423,2.32870416017327,5.13347743792937,3.23352611831423,5.13347743792937,0.485844593573975,3.23352611831423,5.13347743792937,5.13347743792937,5.13347743792937,0.549891572277584,3.23352611831423,5.13347743792937,5.13347743792937,5.13347743792937,5.13347743792937,3.60262334856578
12.7274738255967,3.93377573703642,6.02070615501364,15.4025204904417,5.58611380320978,16.4318872778893,18.7963683127691,21.1994072376985,7.45131745176666,5.28765112725708,7.67639387602997,24.3872746306146,25.426050807581,24.5458195054208,2.6593155235657,2.7430973489413,5.60889421780191,8.70367584429682,25.2260208510366,8.70367584480471,3.73914085387706,1.7257922380565,7.75081183934013,31.5335012417588,31.5335012417588,9.20449710029574,2.4047162659383,3.50080859907287,9.20449710107363,28.6646030483725,5.00350971860693,44.6472580445229,3.29109431484482,3.25405349326928,2.45176986634802,5.00350971860693,3.25405349326928,5.00350971860693,0.424662469895901,3.25405349326928,5.00350971860693,5.00350971860693,5.00350971860693,0.541214269165584,3.25405349326928,5.00350971860693,5.00350971860693,5.00350971860693,5.00350971860693,3.29109431484482
13.6615807365603,4.69293055952945,6.72243067547214,16.4378377076102,6.23632024620869,17.3582025530789,20.1043141497487,22.5017812764243,8.36578385492138,5.39061363017383,8.61957484360239,25.871592544296,26.8715001200994,26.053129611217,2.73966468321071,2.88116556217864,5.75999770629774,9.76847066416735,26.6318114108117,9.76847066321151,4.0636398633003,1.73489724563826,7.94945878061532,33.329573961523,33.329573961523,10.6891492937891,2.44911214845525,3.64751070711205,10.6891492934267,25.7411094076476,5.20366512316656,47.181989275298,3.65218026753421,3.76205293058564,2.4633910072391,5.20366512316656,3.76205293058564,5.20366512316656,0.455684545517407,3.76205293058564,5.20366512316656,5.20366512316656,5.20366512316656,0.496411387542589,3.76205293058564,5.20366512316656,5.20366512316656,5.20366512316656,5.20366512316656,3.65218026753421
14.255095410999,4.17335092952512,6.35754406418114,17.2197693231561,5.85697926083374,18.6599806828044,21.1194786293783,23.9232612955989,7.93625471698742,5.4058090914447,8.16959246566786,27.3681752966604,28.4739572927103,27.5371542950028,2.5776277772606,2.74247998131664,5.9393428853303,9.270648964136,28.2592113542791,9.27064896494693,3.80230692853744,1.71877702729667,7.94535769978471,35.2732552668538,35.2732552668538,9.7442155604056,2.28457432162352,3.39664162139208,9.74421556045376,29.7855467526541,4.86072582722137,49.9143080274617,3.58093502499933,3.37001236074593,2.44244267097211,4.86072582722137,3.37001236074593,4.86072582722137,0.455005171551517,3.37001236074593,4.86072582722137,4.86072582722137,4.86072582722137,0.547356617380667,3.37001236074593,4.86072582722137,4.86072582722137,4.86072582722137,4.86072582722137,3.58093502499933
14.6237699839479,4.34259729969577,6.52206646243429,17.702496459395,6.01090840134838,19.1198372913689,21.7410111312,24.591453747033,8.12097043322509,5.74900708931479,8.38324826029032,28.2505504607821,29.3080599217387,28.4249519123904,2.68515728654687,2.8405982674201,5.9800413421892,9.50769479429906,29.1551467390743,9.5076947936774,3.94001879469857,1.79785928705523,8.43203491054063,36.3872874459528,36.3872874459528,10.1013021868378,2.37722481059345,3.55407476584728,10.1013021867203,26.0903255394142,5.08345450723444,51.5092039973488,3.61134383663336,3.53194595672192,2.55440565720015,5.08345450723444,3.53194595672192,5.08345450723444,0.508068066263034,3.53194595672192,5.08345450723444,5.08345450723444,5.08345450723444,0.562908951523961,3.53194595672192,5.08345450723444,5.08345450723444,5.08345450723444,5.08345450723444,3.61134383663336
13.1574638309832,4.18987655772043,6.11986772667391,15.893967876936,5.59868563923965,17.1272420734183,19.6162887916579,22.0451389332812,7.64269368091638,5.8292769938677,7.89952669151279,25.43226229688,26.3750960937111,25.5819279260254,2.42191648865685,2.49200612530301,5.40366971605629,8.94367340103783,26.2487942674064,8.94367340091014,3.61664915897016,1.73372636837648,8.50171052147475,32.7518495925845,32.7518495925845,9.61481554680704,2.08492028846979,3.13922837696821,9.61481554677373,26.4828407914559,4.4905922273068,46.3627763291589,3.26267140454984,3.50518639045046,2.46151997461036,4.4905922273068,3.50518639045046,4.4905922273068,0.46293716724052,3.50518639045046,4.4905922273068,4.4905922273068,4.4905922273068,0.576611000435106,3.50518639045046,4.4905922273068,4.4905922273068,4.4905922273068,4.4905922273068,3.26267140454984
13.9130185542998,3.99979645371085,5.95392833895407,16.7962283112785,5.41843980936379,18.3311179283923,20.7811996187904,23.492670171388,7.37071506040365,5.72758989056509,7.62538131208566,27.2174863874257,28.0432136091311,27.3456362163458,2.61337779932078,2.74535583675851,5.50538775567982,8.64463870712612,27.8674431151172,8.6446387081966,3.80093689942133,1.7835360100853,8.41535842765071,34.8243399631605,34.8243399631605,9.23945313803476,2.32807835952011,3.44047343296195,9.23945313789456,27.9685109556731,4.91965220270877,49.2966565712725,3.62461704756091,3.23631912309037,2.53323175598082,4.91965220270877,3.23631912309037,4.91965220270877,0.493672479059846,3.23631912309037,4.91965220270877,4.91965220270877,4.91965220270877,0.566535752377832,3.23631912309037,4.91965220270877,4.91965220270877,4.91965220270877,4.91965220270877,3.62461704756091
14.1727935833483,4.27076599937518,6.30751406908439,17.3535143756218,5.87810670445132,18.4272504745655,21.0143545520617,23.6849174232983,7.88910598959025,5.41704923681855,8.12689093105302,27.371055501231,28.2610604097653,27.5014464620979,2.52893227230027,2.70092380972749,5.50719658919935,9.22747426218769,28.0529858988894,9.22747426245397,3.74692825781686,1.78218613055856,7.95639927460147,35.0397448906384,35.0397448906384,10.0181960369449,2.15982287453717,3.30527222441714,10.0181960375752,25.4176555803885,4.7083149887273,49.5836128685813,3.604861026176,3.34542316635841,2.52693271341638,4.7083149887273,3.34542316635841,4.7083149887273,0.468271586850372,3.34542316635841,4.7083149887273,4.7083149887273,4.7083149887273,0.520898521651724,3.34542316635841,4.7083149887273,4.7083149887273,4.7083149887273,4.7083149887273,3.604861026176
14.2221636852225,4.10591677335002,6.29663598477914,17.1751616482091,5.76176325348742,18.6211948744518,21.1267353802395,23.8807075999851,7.8313442774976,5.66066349819591,8.09349300263582,27.4749452483967,28.5358100945988,27.6355631808721,2.61956769912119,2.62754406477187,5.8362102987934,9.16268940905723,28.3953152040398,9.16268940869835,3.81695264702513,1.8333191828448,8.32918184831093,35.3954693278624,35.3954693278624,9.66432308067174,2.3003796753963,3.40647069672821,9.66432307978929,29.9599714362781,4.87362734986372,50.1002266544745,3.42593987826911,3.55510707519001,2.6036508580777,4.87362734986372,3.55510707519001,4.87362734986372,0.479334773005407,3.55510707519001,4.87362734986372,4.87362734986372,4.87362734986372,0.553676130687976,3.55510707519001,4.87362734986372,4.87362734986372,4.87362734986372,4.87362734986372,3.42593987826911
12.9645736907879,4.18710090764854,6.21874127093932,15.6328818908099,5.74023792906072,16.6531340880989,19.1136541945278,21.395977433409,7.70674263260276,5.1667613376024,7.98802006345656,24.7503318698553,25.6950391253784,24.9255876683161,2.61795705169721,2.68874811467871,5.66713406586183,9.0298165869082,25.5579172641662,9.02981658675641,3.87164401162724,1.8139078092114,7.64859961780628,31.9827083396864,31.9827083396864,9.62763785847856,2.39456623448039,3.44242498756818,9.6276378585548,24.1258331187232,4.90785682815227,45.2675054315008,3.47764161603239,3.65291146799897,2.57310922484714,4.90785682815227,3.65291146799897,4.90785682815227,0.494711004260619,3.65291146799897,4.90785682815227,4.90785682815227,4.90785682815227,0.545519049407094,3.65291146799897,4.90785682815227,4.90785682815227,4.90785682815227,4.90785682815227,3.47764161603239
14.0704536604189,4.42335038755998,6.34637356443208,17.1630496796701,5.90527290607437,18.2037716057543,20.8102790522375,23.4768163715904,7.94929927898439,5.04474964489042,8.20860122168828,27.0151161433659,27.9744400893831,27.1493368955117,2.39895287452793,2.55987817110498,5.46795531132571,9.29348339243041,27.8102194256311,9.29348339129858,3.6861059494039,1.70135510963734,7.41270307060404,34.6871768845904,34.6871768845904,10.0634829718811,2.02394846854674,3.12487330068971,10.0634829714701,26.2526325301107,4.46936024470396,49.0901230764889,3.36632699516047,3.65634084160935,2.41561250767664,4.46936024470396,3.65634084160935,4.46936024470396,0.460554558342801,3.65634084160935,4.46936024470396,4.46936024470396,4.46936024470396,0.479439178742316,3.65634084160935,4.46936024470396,4.46936024470396,4.46936024470396,4.46936024470396,3.36632699516047
13.9421156445863,4.46757613979,6.55272126782857,16.9094868438548,6.06560469473268,17.9844001849464,20.6961920022836,23.1420852152144,8.21686831945717,5.87509860893469,8.47205301315164,26.7847268531573,27.6540477756146,26.9435590815283,2.54115445276538,2.6313755047146,5.5199741788721,9.62556443256975,27.5502339193918,9.62556443258936,3.75335567001287,1.80036476002409,8.60412066454158,34.3790597818708,34.3790597818708,10.557036449771,2.19658648952143,3.33125780759994,10.557036449771,28.6695683474946,4.75276554079136,48.6510171047898,3.45196583694668,3.46689822655683,2.55419043521872,4.75276554079136,3.46689822655683,4.75276554079136,0.508352835415829,3.46689822655683,4.75276554079136,4.75276554079136,4.75276554079136,0.519739593810151,3.46689822655683,4.75276554079136,4.75276554079136,4.75276554079136,4.75276554079136,3.45196583694668
14.3363708782878,4.11096976397513,6.1365117480112,17.4203154111539,5.60685373681399,18.9590220896306,21.4443453779429,24.3287535494318,7.60003860495328,5.98857855047968,7.84416036439421,27.9924670125221,28.8947117851388,28.1302716235471,2.64053125418546,2.82597594149851,5.64698789679175,8.8889514496065,28.6437329074369,8.88895145036051,3.91483998271628,1.68115544387129,8.7755216045192,35.7863367915034,35.7863367915034,9.50835285181659,2.37257859833826,3.52125421707088,9.50835285215797,28.0194302691873,5.03178842316045,50.6393044025486,3.74594019705796,3.36891406348905,2.38885067097795,5.03178842316045,3.36891406348905,5.03178842316045,0.459137648499202,3.36891406348905,5.03178842316045,5.03178842316045,5.03178842316045,0.569138296807896,3.36891406348905,5.03178842316045,5.03178842316045,5.03178842316045,5.03178842316045,3.74594019705796
14.8927919570572,4.62012274972796,6.66623921423816,18.2301455912548,6.15999630130773,19.6042019647268,22.2248472759559,25.0565194644558,8.32430426523029,6.03384298969322,8.56282721428128,28.8899155129339,29.8424447805834,29.0506204108638,2.73197924701987,2.86439227222975,5.7513412493365,9.73743630288537,29.6860457779003,9.7374363028975,3.91427479743465,1.80411108866486,8.8096119865713,36.9983627445879,36.9983627445879,10.6280228593998,2.49284851003976,3.6140855907093,10.6280228591817,29.2873502657528,5.16494564043848,52.373553940815,3.53881010988792,3.40567648978702,2.56268196250787,5.16494564043848,3.40567648978702,5.16494564043848,0.489083172460832,3.40567648978702,5.16494564043848,5.16494564043848,5.16494564043848,0.600812538134353,3.40567648978702,5.16494564043848,5.16494564043848,5.16494564043848,5.16494564043848,3.53881010988792
13.4989386734859,4.52990709788699,6.6477076196904,16.1041593905669,6.1142986690437,17.4067696692119,19.9566739845353,22.4553606362292,8.31873065157703,5.77885046248633,8.53912772531857,25.6772723674501,26.7977010909464,25.8319205783802,2.63865229728238,2.84076081609365,5.92962956360708,9.70495159909294,26.5288236064466,9.70495159909514,3.89068514102609,1.68976044001247,8.45341055724518,33.2229763262685,33.2229763262685,10.4234607233105,2.36887401183853,3.51315060648946,10.4234607233105,25.92871966648,5.00173873669655,47.0288931022954,3.66573111738846,3.40166959790634,2.39693388674527,5.00173873669655,3.40166959790634,5.00173873669655,0.441713391771901,3.40166959790634,5.00173873669655,5.00173873669655,5.00173873669655,0.57780403231893,3.40166959790634,5.00173873669655,5.00173873669655,5.00173873669655,5.00173873669655,3.66573111738846
13.9687163086254,4.08731984626757,6.09876106759935,16.9377391167711,5.58994149121228,18.2637925496169,20.7642051048861,23.4592318019489,7.61365583075861,5.51577913384755,7.89168618519897,27.0355679695769,28.0183598815925,27.1697973422913,2.39170803760025,2.4537681477335,5.60248242386224,8.9161723885765,27.8845729871028,8.91617238845579,3.66080060200934,1.79447614757696,8.10726153337481,34.7783594864476,34.7783594864476,9.4042018585471,1.99223747110385,3.06307580950543,9.4042018585471,26.0868679709158,4.36958746880985,49.2146402560812,3.41203793250284,3.63441188110805,2.54456168425143,4.36958746880985,3.63441188110805,4.36958746880985,0.484253569972238,3.63441188110805,4.36958746880985,4.36958746880985,4.36958746880985,0.501616902978343,3.63441188110805,4.36958746880985,4.36958746880985,4.36958746880985,4.36958746880985,3.41203793250284
13.4342220667658,4.37014427849738,6.40757562333158,16.2592005598942,5.90338125664634,17.2558146517854,19.8315161630219,22.1618486969709,7.97560082144461,5.30788594668848,8.24635448297316,25.7492912288495,26.6222591689157,25.8956722715795,2.62714332868019,2.77958221121121,5.46026276918336,9.33041717127015,26.4082441285702,9.33041717091651,3.917829680081,1.86848585906256,7.80174842737729,33.0627917091099,33.0627917091099,10.2331068694544,2.33793595227836,3.39181784195815,10.2331068697246,25.0290368444875,4.84953151399438,46.7980990509707,3.61120120186364,3.73908008753173,2.65248377239307,4.84953151399438,3.73908008753173,4.84953151399438,0.471567658548297,3.73908008753173,4.84953151399438,4.84953151399438,4.84953151399438,0.55078546061895,3.73908008753173,4.84953151399438,4.84953151399438,4.84953151399438,4.84953151399438,3.61120120186364
13.5433831647313,4.48708331446173,6.5782255035046,16.1800714245791,6.00266494273322,17.4455165337845,20.1123971901846,22.5172905295674,8.26622899777991,5.67136678276869,8.53296857918698,25.9861842431834,26.8713461661233,26.1082912655076,2.37861067405332,2.64410952988953,5.48311012958974,9.66554977873958,26.6122261770211,9.66554977825097,3.84766719311688,1.69704201046979,8.32519794392725,33.3810399175581,33.3810399175581,10.6284742525203,2.03025610999329,3.10411993481808,10.6284742519833,28.7696538759798,4.43446091972531,47.2512088110383,3.79926625316963,3.76799214820929,2.4086078875042,4.43446091972531,3.76799214820929,4.43446091972531,0.47809133269752,3.76799214820929,4.43446091972531,4.43446091972531,4.43446091972531,0.571734923583215,3.76799214820929,4.43446091972531,4.43446091972531,4.43446091972531,4.43446091972531,3.79926625316963
14.279463799415,4.23683797441272,6.31677606206779,17.5151829240455,5.84268438957658,18.7338512402558,21.3264003990047,24.1156265362792,7.85648817512264,5.78795627996034,8.14027481570802,27.6765406801646,28.5962477672791,27.8119875444001,2.47614755669872,2.64972261935,5.63296810811429,9.19970970842313,28.446690569246,9.1997097083882,3.85629292159687,1.61314321983556,8.4814017965953,35.4841274787071,35.4841274787071,9.87352746579425,2.20604691394977,3.33914652010674,9.87352746579425,28.8267891540015,4.7534415385663,50.215640546668,3.50030395912959,3.75692183257956,2.28810278484546,4.7534415385663,3.75692183257956,4.7534415385663,0.489143719129384,3.75692183257956,4.7534415385663,4.7534415385663,4.7534415385663,0.515996582875392,3.75692183257956,4.7534415385663,4.7534415385663,4.7534415385663,4.7534415385663,3.50030395912959
14.4160519952869,4.69725359125767,6.82278544092097,17.2284828340821,6.23173173149845,18.6523059872333,21.3879688078549,24.0642752020414,8.50290928829276,6.11262949775526,8.74634692153666,27.6412868048542,28.7056481215903,27.804731683586,2.80871990612564,2.81876415254982,6.02396227175115,9.92967524448298,28.5122090882031,9.92967524422174,4.04242764081216,1.80752533564976,8.98024368328752,35.5766699816742,35.5766699816742,10.7152000196286,2.50528263757925,3.72326555154983,10.7152000190821,30.157406808487,5.31174963034201,50.35947083285,3.57466056884511,3.627392431784,2.56623885951896,5.31174963034201,3.627392431784,5.31174963034201,0.469176884500625,3.627392431784,5.31174963034201,5.31174963034201,5.31174963034201,0.58770731688731,3.627392431784,5.31174963034201,5.31174963034201,5.31174963034201,5.31174963034201,3.57466056884511
14.4788782593986,3.91678622339675,5.9974903845296,17.7910968814539,5.53156888152908,19.2330783371815,21.6327213871752,24.5657977674611,7.44829894688955,5.37103895675575,7.71899179983939,28.217932649555,29.1806621752559,28.3667080121935,2.46494446331144,2.56577837107319,5.60591542270088,8.73268593880987,29.0831034852135,8.73268593826553,3.68114124853611,1.6821466631559,7.90259507912221,36.2079864086357,36.2079864086357,9.18115920036658,2.21732650023212,3.27657724050107,9.18115920037738,25.2030232379529,4.67653343982722,51.2408720160624,3.32752605589,3.44435093977671,2.38760991847222,4.67653343982722,3.44435093977671,4.67653343982722,0.495046652191692,3.44435093977671,4.67653343982722,4.67653343982722,4.67653343982722,0.568047539906887,3.44435093977671,4.67653343982722,4.67653343982722,4.67653343982722,4.67653343982722,3.32752605589
12.358315849941,3.95318901360246,6.08858368629819,14.7184309274617,5.59296119693257,15.836657689258,18.2788583556825,20.5046008130711,7.54154415628657,5.93618149042109,7.79967449592981,23.5436565481309,24.5223208261517,23.7073348559202,2.57091352036491,2.65875564887093,5.72826046871852,8.8325659304567,24.3991179210719,8.83256593056955,3.77574791533998,1.63269082157425,8.68747866961281,30.5394810979683,30.5394810979683,9.28062995340593,2.3540513995587,3.466055493534,9.28062995340593,28.3214356646827,4.94345311787203,43.2235067557832,3.35547629651399,3.40469506124594,2.31813026229224,4.94345311787203,3.40469506124594,4.94345311787203,0.480930452306552,3.40469506124594,4.94345311787203,4.94345311787203,4.94345311787203,0.514069946827525,3.40469506124594,4.94345311787203,4.94345311787203,4.94345311787203,4.94345311787203,3.35547629651399
13.574271367004,4.4565812697293,6.5992737008026,16.33597576777,6.05203179229827,17.5355955963632,20.1305707969717,22.538371171298,8.25979627387168,5.69013719313983,8.52651244620991,25.9471305480943,26.9414219154876,26.1098094921636,2.5152604126651,2.59170256853849,5.67859907744029,9.65443325118728,26.7586391471509,9.65443325164685,3.85475901736009,1.76223491183607,8.36908257204253,33.4513568864847,33.4513568864847,10.4722779450578,2.22877293155961,3.29093522150101,10.4722779446711,26.2889106113168,4.68935109683257,47.3456160320436,3.52885516135432,3.7896699769198,2.49911438276427,4.68935109683257,3.7896699769198,4.68935109683257,0.473532680494138,3.7896699769198,4.68935109683257,4.68935109683257,4.68935109683257,0.599913204098112,3.7896699769198,4.68935109683257,4.68935109683257,4.68935109683257,4.68935109683257,3.52885516135432
13.4582415031235,4.56153991145146,6.64370176107287,16.2950594759291,6.21069241922884,17.1542324426907,19.8522157888273,22.2284096371358,8.35738855211575,5.51049891179829,8.62057160444975,25.4832378212299,26.5867329596601,25.6417996304444,2.39741660402734,2.54680306651707,5.79966193641858,9.7685299749363,26.4271452125533,9.76852997472066,3.7377148029496,1.72900462595814,8.0776548816918,33.0471603140165,33.0471603140165,10.48896758419,2.01077088844128,3.10584430163707,10.4889675843285,25.0600539968815,4.44612764607078,46.790847609752,3.45254071062934,3.75005561633776,2.45542027170062,4.44612764607078,3.75005561633776,4.44612764607078,0.480517992063063,3.75005561633776,4.44612764607078,4.44612764607078,4.44612764607078,0.487209756107853,3.75005561633776,4.44612764607078,4.44612764607078,4.44612764607078,4.44612764607078,3.45254071062934
13.5448826008752,4.20749433447246,6.23874417493903,16.1979964452892,5.66017614236319,17.6764285089847,20.1228305560562,22.7325561102624,7.67338496668306,6.02794230897467,7.94093632767993,26.2157092763946,27.1945500843769,26.3980216264013,2.81178116945651,2.96153501663656,5.72462100279717,8.97598143243167,26.9434719975851,8.97598143188271,4.0939209018868,1.78562006679944,8.82348141359232,33.7442280938676,33.7442280938676,9.63497739756451,2.62280053602512,3.73472328448793,9.63497739808974,25.9858240311921,5.33845791603621,47.7672564377765,3.72875182387301,3.62494601769813,2.53747778864279,5.33845791603621,3.62494601769813,5.33845791603621,0.466179675300179,3.62494601769813,5.33845791603621,5.33845791603621,5.33845791603621,0.538543675368802,3.62494601769813,5.33845791603621,5.33845791603621,5.33845791603621,5.33845791603621,3.72875182387301
13.5510528804519,4.13940269040318,6.10893296283806,16.1549450916535,5.52511298753544,17.5727973325262,20.0937406566634,22.5944887086959,7.58610945061115,5.47745163773265,7.82204102887173,26.2379910121233,27.1068055076936,26.3654988606141,2.65266423422393,2.65065835394685,5.45115672086573,8.86943374926267,26.8971113672392,8.86943374852989,3.77140896693004,1.87141390469245,8.07752565260061,33.59429809228,33.59429809228,9.57750289906181,2.2928369494193,3.4223730891529,9.5775028996764,27.6635239992391,4.87771439706505,47.545548603213,3.48259794739361,3.33372578912316,2.65386499613463,4.87771439706505,3.33372578912316,4.87771439706505,0.443376117575658,3.33372578912316,4.87771439706505,4.87771439706505,4.87771439706505,0.578745406834087,3.33372578912316,4.87771439706505,4.87771439706505,4.87771439706505,4.87771439706505,3.48259794739361
14.4967713858879,4.32805684101941,6.40914795747191,17.5745020176048,5.8997992897345,18.966126400395,21.5496889276026,24.4089391864111,8.0103886432077,5.31622253152022,8.26749631573532,27.9007465513426,28.9613965587316,28.0646330072307,2.46148923672375,2.53320871872846,5.70096255745679,9.36583006889853,28.8351102316821,9.36583006911415,3.72658841977787,1.62681714288634,7.83088502063935,35.8963187172672,35.8963187172672,10.0151001621494,2.15755636381026,3.28589121946038,10.0151001621022,24.2416341053976,4.68788369932583,50.8022778029783,3.28320338581752,3.61825124924637,2.30925477550351,4.68788369932583,3.61825124924637,4.68788369932583,0.468775921104785,3.61825124924637,4.68788369932583,4.68788369932583,4.68788369932583,0.506592026459782,3.61825124924637,4.68788369932583,4.68788369932583,4.68788369932583,4.68788369932583,3.28320338581752
14.3377121808257,4.35110589401894,6.67921772054749,17.3501521689947,6.17500344718605,18.6033650174615,21.205456979297,23.9247094644946,8.33399687934541,5.93879221998392,8.59573339084197,27.4401349292137,28.5768178810351,27.6059652117488,2.67128593841832,2.82790031193414,6.12731338453023,9.73297885726498,28.3340011108544,9.73297885744462,4.01397648933306,1.841077402813,8.70028012732874,35.4255130196547,35.4255130196547,10.3001194347249,2.34009905304145,3.4912733231452,10.3001194349625,30.2425046183036,4.98109299594027,50.1328635268442,3.75960952026103,3.75830416961102,2.61235102908068,4.98109299594027,3.75830416961102,4.98109299594027,0.472196004333856,3.75830416961102,4.98109299594027,4.98109299594027,4.98109299594027,0.533394733074208,3.75830416961102,4.98109299594027,4.98109299594027,4.98109299594027,4.98109299594027,3.75960952026103
12.8956272977525,4.14223866298437,6.13135349659084,15.4874753548953,5.65553719755184,16.5323086106467,19.0505676550685,21.2972736758396,7.63805096781509,5.42082391378166,7.89949610072753,24.7856643567215,25.6247185031473,24.9261829635099,2.55740426906582,2.74098916183461,5.52187117957229,8.95779119834236,25.4303106158279,8.95779119745513,3.7945255240098,1.85151579792737,7.98340992394181,31.9276241136269,31.9276241136269,9.64619299671393,2.22166191062684,3.31319721064758,9.64619299680141,25.9494210382049,4.73859951751342,45.1878171122558,3.7193668492174,3.35014886515114,2.6283593691426,4.73859951751342,3.35014886515114,4.73859951751342,0.506666572818847,3.35014886515114,4.73859951751342,4.73859951751342,4.73859951751342,0.536572225095652,3.35014886515114,4.73859951751342,4.73859951751342,4.73859951751342,4.73859951751342,3.7193668492174
12.7916765122632,4.4661643950518,6.54801612185195,15.2742709854443,6.0407901378258,16.1961859316204,18.8141264880898,20.9250280743057,8.16656700418629,5.97985926035476,8.43656525485489,24.202402572277,25.2350250401438,24.3595728555072,2.63694904133385,2.76870671220697,5.90990403100672,9.54934381942667,25.0314711348319,9.54934382031791,3.93756009894549,1.88247910047284,8.74059897464748,31.4074950484771,31.4074950484771,10.1849933428914,2.31422420970157,3.41674391096621,10.1849933428914,27.5719355570857,4.87200723515011,44.4573392086464,3.64844040497603,3.73743385655092,2.66986029468425,4.87200723515011,3.73743385655092,4.87200723515011,0.484277138361517,3.73743385655092,4.87200723515011,4.87200723515011,4.87200723515011,0.577105456145191,3.73743385655092,4.87200723515011,4.87200723515011,4.87200723515011,4.87200723515011,3.64844040497603
13.202735996624,4.17079789520315,6.21805002706992,16.0888458468151,5.78371890235598,17.0794570143517,19.6066637265771,22.0091230602643,7.70988374318389,6.03352502239844,7.95025515554685,25.4386340658741,26.3461749326606,25.6181191611562,2.69962535555975,2.75484291590907,5.53976183952735,9.02770231677905,26.2018942796936,9.02770231635314,3.82270589920796,1.76008637839347,8.82535162786309,32.7397859910454,32.7397859910454,9.7706188329436,2.44705859744953,3.59310019170648,9.77061883299815,25.5060779312912,5.12308101419655,46.3467827097962,3.41323986425061,3.26428320406405,2.4979579966704,5.12308101419655,3.26428320406405,5.12308101419655,0.477396076264248,3.26428320406405,5.12308101419655,5.12308101419655,5.12308101419655,0.52235215467518,3.26428320406405,5.12308101419655,5.12308101419655,5.12308101419655,5.12308101419655,3.41323986425061
13.8392107116398,4.3976445199112,6.69362435438648,16.7198432482129,6.21486409715366,17.862678157118,20.4307774342192,22.9753501809491,8.36824872175834,5.60623843185939,8.62879378181364,26.2871073766806,27.4142946296544,26.4636100737896,2.600415076706,2.76740196071609,6.03906195114372,9.77944948458389,27.2247827141975,9.77944948440138,3.92939962889913,1.73000605537164,8.2281147854527,34.0420588977256,34.0420588977256,10.4083235259374,2.3563660182313,3.43980930391331,10.4083235258987,27.3585718865202,4.91978749831909,48.1875521734504,3.58521357123125,3.72084124793244,2.45817530605562,4.91978749831909,3.72084124793244,4.91978749831909,0.482452888814453,3.72084124793244,4.91978749831909,4.91978749831909,4.91978749831909,0.50921846722345,3.72084124793244,4.91978749831909,4.91978749831909,4.91978749831909,4.91978749831909,3.58521357123125
12.4991540007435,3.98277177748028,6.01693563377757,14.9579603752997,5.53089733396446,16.0827723471119,18.5548841414434,20.8229362138088,7.51357460077883,5.27385587919497,7.78028375290855,23.9291674418324,24.8690048330203,24.0719105220916,2.32445392097052,2.38514398106064,5.49460913226712,8.80732341421167,24.7846797668673,8.80732341406584,3.56352017658222,1.60281039679953,7.78886628333037,30.9883194839151,30.9883194839151,9.3230171730153,2.02461538376517,3.08325374578631,9.32301717342464,26.3392472967554,4.41015839419468,43.8667886789597,3.24641021875944,3.43627374533205,2.27680946157539,4.41015839419468,3.43627374533205,4.41015839419468,0.490123954123581,3.43627374533205,4.41015839419468,4.41015839419468,4.41015839419468,0.557318295402259,3.43627374533205,4.41015839419468,4.41015839419468,4.41015839419468,4.41015839419468,3.24641021875944
13.6351901562766,4.07653636949775,6.05064762155031,16.3157677339828,5.47971193028013,17.879661746384,20.3584883303355,23.0072781344493,7.51946741399931,5.56517175382583,7.79486343914312,26.5123027631267,27.4409760594589,26.6530139531353,2.46529741726174,2.58529424434381,5.53650247145039,8.81511071842324,27.3225576294098,8.81511071953161,3.71405073581541,1.71171356886691,8.16521852426831,34.1039498730774,34.1039498730774,9.36487659581751,2.1591962552642,3.26094421465096,9.36487659603893,28.4473890137098,4.64768968149474,48.2726458904407,3.39526431006316,3.5175439264585,2.42793619403262,4.64768968149474,3.5175439264585,4.64768968149474,0.494754913782518,3.5175439264585,4.64768968149474,4.64768968149474,4.64768968149474,0.591247350379151,3.5175439264585,4.64768968149474,4.64768968149474,4.64768968149474,4.64768968149474,3.39526431006316
13.211431921051,4.35157759019182,6.49092566991115,15.8364885642187,5.99065453821175,16.7666734217068,19.4949216381293,21.7074460839886,8.10291214130236,5.62886750389754,8.35495344272695,25.1507145524495,26.0703272265413,25.3154802559405,2.64889914914154,2.70429112397995,5.62983426891919,9.4811011020367,25.9402406465878,9.48110110166381,3.8187585611492,1.85329621762722,8.25596664305453,32.4107539849127,32.4107539849127,10.297163229017,2.27873056379664,3.4427890022598,10.297163228923,28.5666353444732,4.92397903123433,45.8717536801,3.41165812956637,3.51454267677753,2.63173503203644,4.92397903123433,3.51454267677753,4.92397903123433,0.48495796295497,3.51454267677753,4.92397903123433,4.92397903123433,4.92397903123433,0.572179072408244,3.51454267677753,4.92397903123433,4.92397903123433,4.92397903123433,4.92397903123433,3.41165812956637
13.2372021933291,4.08260536593489,6.0449730487712,16.0395071250769,5.56965499879127,17.1318722940071,19.6522823020613,22.1057863084268,7.48251632185145,5.79721429096174,7.73775283200762,25.5840666891802,26.5152426451421,25.7345531853243,2.6524359589303,2.69302689690459,5.60883359819115,8.76201187213062,26.365400510977,8.76201187207418,3.79208294515736,1.83824523555292,8.4949169382535,32.9290288842269,32.9290288842269,9.29877142103238,2.30608280961919,3.45881356059029,9.29877142123795,27.4698136361684,4.9427237160628,46.5960302586967,3.42832770736079,3.3874502211084,2.60969919017915,4.9427237160628,3.3874502211084,4.9427237160628,0.473493197769597,3.3874502211084,4.9427237160628,4.9427237160628,4.9427237160628,0.568383798190372,3.3874502211084,4.9427237160628,4.9427237160628,4.9427237160628,4.9427237160628,3.42832770736079
14.2103033696142,4.31279013789043,6.55227374888407,17.2205032153191,6.03594795347344,18.6000951591812,21.1189798242047,23.854496832424,8.09656842309717,6.25860839236386,8.3633633985018,27.3361266518876,28.4531242330527,27.5419491047382,2.85845275826774,2.9863331779438,6.18352058567389,9.47347753297403,28.2909841532458,9.47347753342081,4.10731019217773,1.80079102665262,9.14013269765092,35.3207303088112,35.3207303088112,9.96101011437217,2.68412293773939,3.83893369354013,9.96101011484208,29.842207232957,5.47076089658278,49.9918958023229,3.61206811650146,3.61992260670377,2.55585028096922,5.47076089658278,3.61992260670377,5.47076089658278,0.498244273485307,3.61992260670377,5.47076089658278,5.47076089658278,5.47076089658278,0.599000820894336,3.61992260670377,5.47076089658278,5.47076089658278,5.47076089658278,5.47076089658278,3.61206811650146
15.0943330694887,4.61347366881601,6.6632008331345,18.2821460035981,6.08329658336128,19.8808823747768,22.510259602579,25.359232398932,8.30074867369765,6.3091113666244,8.54723307201451,29.3811871895933,30.3248199145815,29.5235143685934,2.84191609086591,2.84197693493757,5.91650677605651,9.71672960980848,30.1812593660856,9.71672960801583,3.97774677756335,1.9744704233745,9.24156215793866,37.6105142523247,37.6105142523247,10.4971385758465,2.56554701254269,3.70635364358996,10.4971385752929,27.9383390913024,5.2874166305167,53.2355500430008,3.60240147043198,3.40144260053956,2.8013548350612,5.2874166305167,3.40144260053956,5.2874166305167,0.508174994640022,3.40144260053956,5.2874166305167,5.2874166305167,5.2874166305167,0.609570934535045,3.40144260053956,5.2874166305167,5.2874166305167,5.2874166305167,5.2874166305167,3.60240147043198
13.5975496440282,4.41486017697749,6.42552128421347,16.6034206074504,5.9897306822671,17.4876852352651,20.1731709034117,22.5271954525242,8.08082778817422,5.7559125602129,8.30653321192595,26.1553352474939,27.0154508530543,26.29003914457,2.5089399054522,2.5236757456423,5.37163359100507,9.45034658693412,26.8465493327258,9.45034658697558,3.63617400493051,1.85697441688828,8.455126637085,33.5286756769417,33.5286756769417,10.396692210507,2.07830690124741,3.20484043489532,10.396692210507,29.6485729103574,4.57821113250483,47.4430913384677,3.47006828773866,3.2629915367969,2.63444710756385,4.57821113250483,3.2629915367969,4.57821113250483,0.468725473518779,3.2629915367969,4.57821113250483,4.57821113250483,4.57821113250483,0.575566217847796,3.2629915367969,4.57821113250483,4.57821113250483,4.57821113250483,4.57821113250483,3.47006828773866
13.0061560249996,4.25365570964636,6.42430805748712,15.6938352523822,5.99883457661101,16.5825258565168,19.1207637062946,21.3432525863492,8.00031230235099,5.4506971243749,8.24940848211984,24.7190810363567,25.6997049209771,24.878363704925,2.7135604228958,2.87921917076216,5.87405006604469,9.36830170469121,25.518795744422,9.36830170457677,3.90025287518908,1.88465819680279,8.01581944793626,32.0089907983597,32.0089907983597,9.99857984703095,2.44098700437423,3.55500778469177,9.99857984687347,28.6658848884012,5.06601477617276,45.3131488828952,3.66931295747082,3.35058152841464,2.67292966066687,5.06601477617276,3.35058152841464,5.06601477617276,0.504134395473791,3.35058152841464,5.06601477617276,5.06601477617276,5.06601477617276,0.559249774412507,3.35058152841464,5.06601477617276,5.06601477617276,5.06601477617276,5.06601477617276,3.66931295747082
14.7620542717081,4.17223232331865,6.38587886054352,18.1397123424833,5.90861905330086,19.4823011745868,22.0010818951239,24.9175134347227,7.95175073229468,5.90972231097294,8.19912750681269,28.7017144119478,29.6891669512643,28.8383406121678,2.65567794627181,2.81971607907838,5.88925981061334,9.29313063228307,29.4181726783048,9.29313063249102,3.95255827892775,1.83283067266361,8.67660569612219,36.7598629154382,36.7598629154382,9.87428593476125,2.33830514977788,3.46152445190291,9.87428593444767,27.7609806442634,4.93982625378983,52.0199714060429,3.84852072862668,3.50305458144534,2.60091082159794,4.93982625378983,3.50305458144534,4.93982625378983,0.465104368156725,3.50305458144534,4.93982625378983,4.93982625378983,4.93982625378983,0.600145447931841,3.50305458144534,4.93982625378983,4.93982625378983,4.93982625378983,4.93982625378983,3.84852072862668
12.5173678090947,4.09849751001592,6.11788483537764,14.9369203032583,5.63856660222232,15.886237819355,18.3901782308138,20.5253804443845,7.57563150394646,5.2667642982204,7.84349774462045,23.8059865054979,24.7237377916329,23.9899781671747,2.6426332602647,2.74218089388314,5.60725301003401,8.87854323236786,24.5570173409984,8.87854323358086,3.86048878418741,1.83230144075731,7.78886409161278,30.8065451083,30.8065451083,9.4870923837924,2.35463933866512,3.47419986573931,9.48709238381116,24.5882823945679,4.94660829041681,43.6008797554457,3.58079088462427,3.46192541307253,2.5978622753234,4.94660829041681,3.46192541307253,4.94660829041681,0.492949031897878,3.46192541307253,4.94660829041681,4.94660829041681,4.94660829041681,0.50252885455104,3.46192541307253,4.94660829041681,4.94660829041681,4.94660829041681,4.94660829041681,3.58079088462427
14.5239757960551,4.45365693853853,6.74624197440525,17.7864445385867,6.29717442498295,18.9819985475217,21.537721596891,24.2644027051696,8.48139813971342,6.1238320151321,8.73304517231277,27.8242508060108,28.9041894802627,27.9845215112226,2.51022841836608,2.66727903748324,5.98759859362247,9.91149524734001,28.6833759044194,9.9114952473901,3.87055810631181,1.77606896012304,8.97974669372916,35.8538679753769,35.8538679753769,10.618320583033,2.21446378392496,3.27427020309034,10.6183205828618,29.8109760694737,4.68091212838179,50.7349178130225,3.76798001756999,3.61680943326129,2.52141940752332,4.68091212838179,3.61680943326129,4.68091212838179,0.489934164658984,3.61680943326129,4.68091212838179,4.68091212838179,4.68091212838179,0.496763064780048,3.61680943326129,4.68091212838179,4.68091212838179,4.68091212838179,4.68091212838179,3.76798001756999
14.2428569212108,4.30177227126304,6.36205234566011,17.4262699658625,5.91191551130466,18.4249546347046,21.0744150976948,23.7224061831413,7.9189682605576,5.25341374709797,8.17883239975171,27.4624494413016,28.3600123332686,27.5969660780581,2.62565416958845,2.66468705581257,5.52625231377063,9.26138624102394,28.1935797646805,9.2613862412773,3.84233094678343,1.84056910794658,7.75580065175021,35.1554353314637,35.1554353314637,10.0621711621019,2.25739072054014,3.40902345734853,10.0621711621044,26.8534957559111,4.875977525605,49.7511810947277,3.44140317729427,3.63332509644626,2.61351104213587,4.875977525605,3.63332509644626,4.875977525605,0.465669604110468,3.63332509644626,4.875977525605,4.875977525605,4.875977525605,0.539192796562827,3.63332509644626,4.875977525605,4.875977525605,4.875977525605,4.875977525605,3.44140317729427
13.3939475142355,4.32423984249444,6.49659896029612,15.9073379442832,5.92627032203908,17.2297204773384,19.8342909381348,22.3222348360018,8.04810761486637,5.7139222272586,8.34767494815695,25.5853862711916,26.6103139044148,25.7612514572471,2.63072638877359,2.85966773402033,5.93025458395401,9.42355635828624,26.4027897246973,9.42355635834507,4.09521448602225,1.66606133557507,8.40628775261814,33.1187731111837,33.1187731111837,10.0439102793647,2.40324388000312,3.55706620935619,10.043910279341,25.3706072675906,5.06965074632092,46.8911489837964,3.76512556899532,3.91767727844397,2.36493387353065,5.06965074632092,3.91767727844397,5.06965074632092,0.506604971421129,3.91767727844397,5.06965074632092,5.06965074632092,5.06965074632092,0.538890029639012,3.91767727844397,5.06965074632092,5.06965074632092,5.06965074632092,5.06965074632092,3.76512556899532
13.1551735392412,4.50645664234503,6.5782260021452,15.5889352576232,6.02453822203613,16.7326516945304,19.3734536645832,21.6623214609401,8.1951571722501,5.87314971492984,8.43060052804146,24.9665922820783,25.9926026384778,25.1321881784838,2.73557462928854,2.93903791696244,5.86525062306707,9.56788420784018,25.7181687879781,9.56788420813233,3.99019550596459,1.80570780775082,8.5758112771156,32.2557941455754,32.2557941455754,10.3142618236158,2.42499146676633,3.59371158453232,10.3142618233698,29.2880132857475,5.13522344529178,45.6556980058534,3.73488567532354,3.51249600810023,2.56467285365053,5.13522344529178,3.51249600810023,5.13522344529178,0.450041905759488,3.51249600810023,5.13522344529178,5.13522344529178,5.13522344529178,0.529125478031153,3.51249600810023,5.13522344529178,5.13522344529178,5.13522344529178,5.13522344529178,3.73488567532354
13.2016814797531,4.31422361605641,6.43158678081386,15.9136104492534,5.96200706875136,17.0382176980972,19.5349566620303,21.9800192076282,8.09190303202025,5.84155400073549,8.32314465955998,25.1323466929153,26.2129750768868,25.2790378958267,2.35710683041259,2.57836817160389,5.74715596711434,9.44332237858822,25.9242838747916,9.44332237844434,3.71126260849403,1.63812305227789,8.55552310345752,32.5097637186064,32.5097637186064,10.0855631552204,2.01699301321948,3.07735165950385,10.0855631546543,27.2208835329924,4.40654370859192,46.0045577710683,3.69840315776711,3.47080337851132,2.32736584682428,4.40654370859192,3.47080337851132,4.40654370859192,0.439597811939397,3.47080337851132,4.40654370859192,4.40654370859192,4.40654370859192,0.51890101307727,3.47080337851132,4.40654370859192,4.40654370859192,4.40654370859192,4.40654370859192,3.69840315776711
14.5745261425322,4.23323176178547,6.35338329768603,17.9724689195493,5.90492375370354,19.1814147064401,21.7076208156334,24.5308549996655,7.89700410571302,5.75240203437109,8.14591838576876,28.3198961216567,29.2084596348872,28.4482873406629,2.66845248634228,2.821798399622,5.63023470339786,9.23929037489289,29.0074635915094,9.23929037483696,3.90474633764673,1.77117607731906,8.43124424657108,36.1989483357544,36.1989483357544,10.0069497445044,2.42287389193816,3.53119399007657,10.0069497445576,27.9800658788451,5.03234526125658,51.2366328205187,3.62275846811426,3.45828813466975,2.51285663472172,5.03234526125658,3.45828813466975,5.03234526125658,0.473862747345917,3.45828813466975,5.03234526125658,5.03234526125658,5.03234526125658,0.534544343895116,3.45828813466975,5.03234526125658,5.03234526125658,5.03234526125658,5.03234526125658,3.62275846811426
13.1368481487103,4.36491106196362,6.36097340724218,15.8811991825404,5.89197961285158,16.7837706308498,19.3981208267983,21.7580987636523,7.94281657990325,5.68626844099494,8.20174046816305,25.0914232666123,26.1497687977723,25.2398546875907,2.52383584793512,2.67931886344002,5.70880113302998,9.27444032303299,25.8902999308929,9.27444032309102,3.8346887453015,1.83727255575032,8.31269756902954,32.4377297229831,32.4377297229831,9.90798085411998,2.09894633918289,3.22747057186678,9.90798085409721,25.7518142980676,4.60865427517045,45.91000627305,3.62156852561736,3.72705301561492,2.60647170873836,4.60865427517045,3.72705301561492,4.60865427517045,0.442072902180412,3.72705301561492,4.60865427517045,4.60865427517045,4.60865427517045,0.547856627750144,3.72705301561492,4.60865427517045,4.60865427517045,4.60865427517045,4.60865427517045,3.62156852561736
14.3684091377772,4.16023829235318,6.24592661649129,17.4790532461347,5.73526377689037,18.8234813131651,21.3673569159687,24.2161001472799,7.71206149350011,5.7404005792772,7.96734007297103,27.8173113002107,28.8368025650302,27.9739925528836,2.73720026078167,2.74007868540852,5.76384057781624,9.01227363323868,28.6610959855213,9.01227363318157,3.92619487447524,1.74547331470541,8.43322132645948,35.6981351281179,35.6981351281179,9.5710644802616,2.45661025070032,3.62133596088243,9.57106448029553,26.4692081837679,5.17841270027302,50.5291220745017,3.38033046769099,3.58428137403868,2.48086451953502,5.17841270027302,3.58428137403868,5.17841270027302,0.4453827600429,3.58428137403868,5.17841270027302,5.17841270027302,5.17841270027302,0.484655907569099,3.58428137403868,5.17841270027302,5.17841270027302,5.17841270027302,5.17841270027302,3.38033046769099
13.4050883241377,4.27340827340512,6.39760120703963,16.2603748067948,5.92271891851838,17.3308831508078,19.8915108054883,22.3358548907817,7.93587340042064,5.81932236824086,8.17762908019767,25.687079156583,26.6262829923555,25.8600852930358,2.71188946413172,2.7328186331658,5.58733977444597,9.27926875194992,26.4626016060921,9.27926875259537,3.89895151582589,1.67147074531962,8.55702819951121,33.0423654594624,33.0423654594624,10.1086473659259,2.50439781167696,3.65248741629918,10.1086473658016,29.9866967061525,5.19753712599689,46.7755418292904,3.40411818730393,3.44591425579873,2.37111475846622,5.19753712599689,3.44591425579873,5.19753712599689,0.460227382921539,3.44591425579873,5.19753712599689,5.19753712599689,5.19753712599689,0.52572575230384,3.44591425579873,5.19753712599689,5.19753712599689,5.19753712599689,5.19753712599689,3.40411818730393
14.7442874065104,4.14686594144456,6.3241362843934,17.7507457436016,5.78890983432266,19.2890746613281,21.8389719760018,24.816961457328,7.87029085876292,5.49256454433161,8.12473697309246,28.4877444400017,29.5761120339723,28.6348188673158,2.60860642109783,2.79954745672881,5.97406340000909,9.19416621830382,29.304122998242,9.19416621906208,3.92132937737613,1.81691752577303,8.08117479015313,36.6183198472811,36.6183198472811,9.62154519608281,2.21724086204346,3.39632228573772,9.62154519609022,29.4905180053868,4.84032215314436,51.8227097444796,3.7912738783033,3.57634830977384,2.57684015399614,4.84032215314436,3.57634830977384,4.84032215314436,0.458040401440588,3.57634830977384,4.84032215314436,4.84032215314436,4.84032215314436,0.509082010151522,3.57634830977384,4.84032215314436,4.84032215314436,4.84032215314436,4.84032215314436,3.7912738783033
12.9078058795632,4.10374098823026,6.38211104631741,15.2126463385066,5.84975307072428,16.5301915315151,18.9899186421426,21.2929869002876,7.90651431944357,5.6398653145853,8.1619497749608,24.4755974414859,25.4850850593695,24.6510583275141,2.74790188435712,2.95064639642876,6.09248897338094,9.26136421529816,25.2688961504989,9.26136421460781,4.04240557071783,1.73393757022257,8.33186861174236,31.7574884123869,31.7574884123869,9.7270037832281,2.58548555870622,3.71299235822943,9.72700378365836,25.6115041498541,5.28311562650989,44.953353257797,3.86354003293188,3.36073226096928,2.45932430027104,5.28311562650989,3.36073226096928,5.28311562650989,0.511639273910944,3.36073226096928,5.28311562650989,5.28311562650989,5.28311562650989,0.519959803511944,3.36073226096928,5.28311562650989,5.28311562650989,5.28311562650989,5.28311562650989,3.86354003293188
12.92545107017,4.24439440764876,6.20096286331069,15.5843908259632,5.7155995814548,16.7115246988729,19.2491711659386,21.5471792400572,7.73647575856482,5.85327031303603,7.97293264334103,24.8329677026107,25.6796081017691,25.0024634541666,2.51130884574323,2.60568146874559,5.35212816671426,9.0645711021926,25.5725399014819,9.06457110144328,3.6601558290177,1.61280817664481,8.56980896062481,31.9451446894914,31.9451446894914,9.90178187538268,2.27578577934967,3.39395595024698,9.90178187465362,28.9194043808585,4.83162279506475,45.2126284713982,3.31547364192496,3.1871170941395,2.28783062938348,4.83162279506475,3.1871170941395,4.83162279506475,0.485211647445919,3.1871170941395,4.83162279506475,4.83162279506475,4.83162279506475,0.564028040563669,3.1871170941395,4.83162279506475,4.83162279506475,4.83162279506475,4.83162279506475,3.31547364192496
14.5819658660992,4.11083140447508,6.27990003796791,17.9241938139494,5.80177075312621,19.2697365545277,21.7280335362254,24.5847811718046,7.82791880454157,5.79033310704022,8.08055401336858,28.3969233690922,29.4192090778781,28.5297951656943,2.62065125233947,2.6351721189391,5.76345065946017,9.15821846726119,29.2688693232527,9.15821846655187,3.76161972122055,1.91563336924662,8.48357943458091,36.4644072085041,36.4644072085041,9.70194001374662,2.28981480857169,3.35525270513151,9.7019400136936,26.1727974023894,4.79335712422304,51.6084110519536,3.43395808908942,3.46236996090753,2.71794923036265,4.79335712422304,3.46236996090753,4.79335712422304,0.477303009204024,3.46236996090753,4.79335712422304,4.79335712422304,4.79335712422304,0.593413913260781,3.46236996090753,4.79335712422304,4.79335712422304,4.79335712422304,4.79335712422304,3.43395808908942
14.8948857187194,4.59548483600392,6.70360614538274,18.0530473559862,6.1682010386954,19.4339787362483,22.1310931947271,24.9246147811584,8.318523530924,6.44669080347828,8.57032199967465,28.7926325095431,29.7499767392525,28.9656066664813,2.90619863110033,3.01608006180871,6.01289909658116,9.73424210078905,29.5394161882116,9.73424210089573,4.15360738840495,1.90655329019693,9.44203438711332,36.8976663632106,36.8976663632106,10.5242213864917,2.63161845295383,3.85731156780585,10.5242213855089,30.1715409974544,5.49365113432568,52.2229160647821,3.85977938809674,3.48293667711701,2.70448518851975,5.49365113432568,3.48293667711701,5.49365113432568,0.504383526153058,3.48293667711701,5.49365113432568,5.49365113432568,5.49365113432568,0.523103067135499,3.48293667711701,5.49365113432568,5.49365113432568,5.49365113432568,5.49365113432568,3.85977938809674
12.576915766556,4.30024408280985,6.45487424297706,15.0674501579634,5.99517038578386,15.9556246370151,18.4547736184324,20.6584483731909,8.04656303847639,5.10667579239181,8.2830739292605,23.6318182682123,24.7442783847023,23.8251054452788,2.58906583102083,2.7990784142467,5.71841761488813,9.38554354581137,24.4590241579855,9.38554354684773,3.88080708383803,1.65498917781795,7.50802742622991,30.7009573341808,30.7009573341808,10.1060139477015,2.35596816703806,3.44020496474011,10.1060139481168,28.2424301730207,4.9018234198215,43.4667182603878,3.56533848511852,3.6035306055604,2.34843819929447,4.9018234198215,3.6035306055604,4.9018234198215,0.42108416552787,3.6035306055604,4.9018234198215,4.9018234198215,4.9018234198215,0.514244852269321,3.6035306055604,4.9018234198215,4.9018234198215,4.9018234198215,4.9018234198215,3.56533848511852
14.3423798307484,4.19833551711477,6.21742801151926,17.640775828216,5.73354224170833,18.8707251050795,21.3610264596233,24.0847934929264,7.73502229919409,6.00108651440719,8.021793647132,27.8309086480517,28.810698857405,27.9891244650114,2.54808814490563,2.58113619107485,5.67458131270744,9.06262236601508,28.7299294674046,9.06262236595981,3.74910265504342,1.9002158944716,8.74497769842776,35.756120414525,35.756120414525,9.59790835847915,2.21788407872351,3.26258573425189,9.59790835875589,28.5026662030194,4.65597516304452,50.5992670111863,3.30314916607159,3.70644706454306,2.69486193771677,4.65597516304452,3.70644706454306,4.65597516304452,0.497276390807545,3.70644706454306,4.65597516304452,4.65597516304452,4.65597516304452,0.522139728333002,3.70644706454306,4.65597516304452,4.65597516304452,4.65597516304452,4.65597516304452,3.30314916607159
14.4740829584518,4.41820557752542,6.45081596669089,17.7876142135784,5.97719627926923,19.0406603371584,21.5974504400419,24.3776251119466,8.08487140580875,5.68921968088498,8.34728685083071,28.0502058579262,28.9821440517861,28.1880838562208,2.42476007740286,2.57398168690653,5.49331742577538,9.45948597193231,28.835999146698,9.45948597185432,3.73218883859358,1.69537207174081,8.3276940855522,35.9465029894777,35.9465029894777,10.3071120765161,2.13145565031926,3.19054735558943,10.3071120767479,29.7227865712073,4.55073050369949,50.8774571885168,3.44045244470509,3.63503705784903,2.40525537645145,4.55073050369949,3.63503705784903,4.55073050369949,0.482177133862065,3.63503705784903,4.55073050369949,4.55073050369949,4.55073050369949,0.561835634860333,3.63503705784903,4.55073050369949,4.55073050369949,4.55073050369949,4.55073050369949,3.44045244470509
13.6320358554576,4.30860067366896,6.21302523146214,16.4665241531143,5.71415610459135,17.6945318871814,20.2461362849303,22.7889454693253,7.69299460345064,5.49053546740551,7.94253661979392,26.3866606788365,27.2205733830181,26.5287095855105,2.70732150221399,2.90078061991,5.51528524809153,9.01263917273081,27.0137805957593,9.0126391727791,3.92980399563387,1.75447489018221,8.07521443365313,33.8126322490137,33.8126322490137,9.81870004233984,2.45227071429529,3.61355855375722,9.81870004260963,27.313394835622,5.15336219904722,47.8640240967198,3.68298917466617,3.32991996159146,2.49036867080606,5.15336219904722,3.32991996159146,5.15336219904722,0.486594792731739,3.32991996159146,5.15336219904722,5.15336219904722,5.15336219904722,0.557609533172925,3.32991996159146,5.15336219904722,5.15336219904722,5.15336219904722,5.15336219904722,3.68298917466617
12.5169224998781,4.18426085148369,6.13916992490887,14.7716859668297,5.58792717008071,16.1081869964101,18.4846400235708,20.7532332696601,7.63680626657607,5.29478528145831,7.86262015088583,23.8425133877317,24.8037476524219,24.0021353417383,2.56105742484657,2.68824157111744,5.47660238768045,8.92682672246698,24.596027388067,8.92682672207471,3.72692625003029,1.60940233779213,7.79042947742449,30.8122091857757,30.8122091857757,9.63221548152823,2.37533920144079,3.42494999120718,9.6322154833173,28.582515923639,4.89661441304102,43.6198634796102,3.40948981171454,3.23938083942898,2.28773164076655,4.89661441304102,3.23938083942898,4.89661441304102,0.442383675671834,3.23938083942898,4.89661441304102,4.89661441304102,4.89661441304102,0.497081466832931,3.23938083942898,4.89661441304102,4.89661441304102,4.89661441304102,4.89661441304102,3.40948981171454
13.8429713651457,3.94547972731731,5.96963030009928,16.6173436214074,5.38899799018019,18.1513431303015,20.528199816165,23.2408824902213,7.35188519154804,5.45268980246813,7.62930532001574,26.8617392945782,27.8453898740318,27.0118777914223,2.65363213294799,2.64929356221048,5.57998549407973,8.60098853399322,27.6644216748846,8.60098853402294,3.85252618786848,1.8563304780063,8.02801195347288,34.5098068347925,34.5098068347925,9.07574439625178,2.38293383906653,3.44044763634737,9.07574439619446,24.2888270570388,4.91429572984594,48.8441450145744,3.3919237371923,3.66804192042374,2.63461743180035,4.91429572984594,3.66804192042374,4.91429572984594,0.450612632020503,3.66804192042374,4.91429572984594,4.91429572984594,4.91429572984594,0.483870566931811,3.66804192042374,4.91429572984594,4.91429572984594,4.91429572984594,4.91429572984594,3.3919237371923
13.8274287168582,4.38378664219914,6.5458230015716,16.7190477764676,6.05697620367486,17.8493670542464,20.4242871298631,23.0114259531824,8.13999664916132,5.41351262014962,8.40924774134774,26.4293250167778,27.4092468526154,26.5779672571353,2.63013310313991,2.90305944499658,5.79369600818501,9.51198378305617,27.1354533803681,9.51198378320694,4.05280637909471,1.67938595757844,7.96237437242763,34.003690990604,34.003690990604,10.2774189096775,2.391993745699,3.50548818452057,10.2774189092222,28.8839414304887,5.01339840081178,48.1265438990148,3.80688946175241,3.79865201263013,2.38719277274613,5.01339840081178,3.79865201263013,5.01339840081178,0.466851061813791,3.79865201263013,5.01339840081178,5.01339840081178,5.01339840081178,0.501382934472603,3.79865201263013,5.01339840081178,5.01339840081178,5.01339840081178,5.01339840081178,3.80688946175241
13.7612198015063,4.38646477448609,6.37245458273001,16.7468125819111,5.93664888439959,17.9219476631428,20.3902359979594,22.964390100078,8.02074691692611,5.24456634892826,8.2447819367997,26.4209491549559,27.3930260362871,26.5498332109847,2.40747895994179,2.62741965496314,5.56210408359447,9.38001134912317,27.1829310426613,9.38001134915436,3.63070539904156,1.70289410618003,7.71197280163651,34.0071776586344,34.0071776586344,10.1538422777693,2.09677114762952,3.15208008248854,10.1538422777865,24.8530359867804,4.49954935236944,48.1335431957063,3.5970837333872,3.20411509827577,2.41635768166315,4.49954935236944,3.20411509827577,4.49954935236944,0.472270445022722,3.20411509827577,4.49954935236944,4.49954935236944,4.49954935236944,0.527569442640754,3.20411509827577,4.49954935236944,4.49954935236944,4.49954935236944,4.49954935236944,3.5970837333872
12.7497580601033,4.11100267020299,6.28586304945482,15.0808161723168,5.72909507794736,16.3235929694336,18.8464516992175,21.2029241876155,7.80516175281037,5.74202062561442,8.08408478124752,24.277428243513,25.3243022374172,24.4369217179878,2.50966855670504,2.7156399074637,5.77519306863332,9.12746624955134,25.1013437553351,9.12746625010516,3.90424079495308,1.62582541615556,8.40838789867357,31.490419677457,31.490419677457,9.66777679427234,2.24211582122187,3.36097921680707,9.66777679465216,28.3863693116314,4.80023549558271,44.5741492270254,3.59070045662117,3.77848312569643,2.30933979784691,4.80023549558271,3.77848312569643,4.80023549558271,0.468219432140301,3.77848312569643,4.80023549558271,4.80023549558271,4.80023549558271,0.488387978658031,3.77848312569643,4.80023549558271,4.80023549558271,4.80023549558271,4.80023549558271,3.59070045662117
13.2991639765667,4.36137931241149,6.45419327418508,16.0863546396832,5.98861560658021,17.0279845839004,19.6004333263359,21.9126469027914,8.03966350626041,5.40225916809586,8.32119259746905,25.3048850322674,26.2505402336734,25.4501386654794,2.5745303299247,2.74705036811023,5.76348443871075,9.41042012954855,26.0638987368069,9.41042012933917,3.94155794930948,1.79438728077893,7.96398667873232,32.6483856154299,32.6483856154299,10.1092028230137,2.3020343448352,3.37398688684555,10.1092028232765,25.7672659053167,4.82416842704908,46.2051637369319,3.68249162718102,3.77651100929888,2.54797260259382,4.82416842704908,3.77651100929888,4.82416842704908,0.49438929016092,3.77651100929888,4.82416842704908,4.82416842704908,4.82416842704908,0.533317296689113,3.77651100929888,4.82416842704908,4.82416842704908,4.82416842704908,4.82416842704908,3.68249162718102
12.3528481662611,4.27203720070396,6.26682984188993,14.7287416400923,5.76970541972666,15.6793570916668,18.1981252828382,20.2721993604256,7.85428240899042,5.73518574775199,8.09275219606778,23.3563727155509,24.3545889660864,23.4981155245852,2.41532135977301,2.50322194332536,5.53672006032451,9.17317027411815,24.1601014477672,9.17317027421916,3.63077825177158,1.72999102198821,8.38033375607178,30.2527809583932,30.2527809583932,9.84307933063473,2.06627547405758,3.12462064598511,9.84307933059334,26.1761706938122,4.45394603362523,42.8155135273351,3.3780138759143,3.4782918207532,2.45327333171274,4.45394603362523,3.4782918207532,4.45394603362523,0.438931753853433,3.4782918207532,4.45394603362523,4.45394603362523,4.45394603362523,0.517400749564281,3.4782918207532,4.45394603362523,4.45394603362523,4.45394603362523,4.45394603362523,3.3780138759143
13.3169033932321,4.34709143919198,6.3855823265333,16.0237765527489,5.87932874665995,17.0642183052459,19.6617123521088,21.9566433601438,7.92901004955712,5.5036113598137,8.20505444695353,25.4116860388071,26.3365515442761,25.5876948927802,2.67110525226304,2.65604018989025,5.67997553340877,9.28973851227765,26.2553968023538,9.28973851247313,3.86811687451559,1.83622973226465,8.12012991817734,32.765898424145,32.765898424145,9.99636839514757,2.40733141294336,3.50872522884712,9.99636839513501,28.9904140356105,5.0109336548274,46.3725329511511,3.33618276757441,3.64172279644933,2.60661188670822,5.0109336548274,3.64172279644933,5.0109336548274,0.501179294926119,3.64172279644933,5.0109336548274,5.0109336548274,5.0109336548274,0.543840222347437,3.64172279644933,5.0109336548274,5.0109336548274,5.0109336548274,5.0109336548274,3.33618276757441
14.0899091861284,4.48573973791767,6.69556344104202,17.0212340610554,6.1605028837238,18.1415358819662,20.8035237201861,23.3462075716737,8.26393758348885,6.28353972687169,8.56730451870758,26.981383505403,28.0353673836456,27.1780207814146,2.90431257503931,3.01151591104185,6.15971737871895,9.66703044902993,27.8115276861669,9.66703044916417,4.29389932051524,1.97917944976759,9.20566468202855,34.8165622005872,34.8165622005872,10.285802378084,2.63715319417529,3.80127867394007,10.285802378105,29.4524730536257,5.42100941498811,49.2836715455834,3.87020741991332,4.05363198051267,2.80810713457981,5.42100941498811,4.05363198051267,5.42100941498811,0.501575258075477,4.05363198051267,5.42100941498811,5.42100941498811,5.42100941498811,0.536341739317511,4.05363198051267,5.42100941498811,5.42100941498811,5.42100941498811,5.42100941498811,3.87020741991332
12.4473304811267,3.82759809574376,5.90585997154152,15.0256751065766,5.44801528595803,16.0419319041797,18.4498719855241,20.7164280490257,7.28710594984336,5.6346223964026,7.55742373275168,23.9239971452156,24.8468810618454,24.0892023132654,2.58185287990287,2.68041251810653,5.53919354659251,8.54398118625592,24.7361247871365,8.54398118631939,3.75291037691879,1.71893515075797,8.24421952678758,30.9392784348223,30.9392784348223,9.01491426948837,2.34117681833505,3.43061877724833,9.01491426948837,27.8783212779535,4.89420464461338,43.8009912394666,3.30898505110564,3.42777506687979,2.43981730928759,4.89420464461338,3.42777506687979,4.89420464461338,0.482567939001803,3.42777506687979,4.89420464461338,4.89420464461338,4.89420464461338,0.517713686718713,3.42777506687979,4.89420464461338,4.89420464461338,4.89420464461338,4.89420464461338,3.30898505110564
12.4745111119889,4.08026907660961,6.12325806981545,14.8359492009042,5.62042399057742,15.8179534802054,18.3335604668701,20.532390199705,7.55489086594959,5.76852442245631,7.8235009041259,23.758075007758,24.7507650894556,23.9212335705128,2.70556763891661,2.86387549439229,5.75490787348832,8.83782155499147,24.5095782042028,8.837821554917,3.96190178300028,1.84414937042389,8.44113553623418,30.7771562569477,30.7771562569477,9.33642817774252,2.37991871650173,3.54177721400532,9.33642817785735,27.0221811431321,5.05539175344263,43.555879962368,3.66482148764991,3.59419469007116,2.61727206426838,5.05539175344263,3.59419469007116,5.05539175344263,0.463470073821184,3.59419469007116,5.05539175344263,5.05539175344263,5.05539175344263,0.497598679736637,3.59419469007116,5.05539175344263,5.05539175344263,5.05539175344263,5.05539175344263,3.66482148764991
14.1592087845917,4.28901379556078,6.34718564028171,16.9549011700469,5.81549204939479,18.3020888464693,20.9216537631562,23.6045981416757,7.85217503839539,5.36353864017683,8.1195613161312,27.1874169221067,28.1969595294592,27.3642679648186,2.75573044566793,2.81988596453758,5.89026388296813,9.19673488782059,28.0735085287273,9.19673488783402,3.95533745329487,1.81771370118423,7.92204765355337,35.0172035986405,35.0172035986405,9.74752843513937,2.45550051491655,3.66205817210412,9.74752843522419,25.7923904218405,5.22171149108662,49.5707914991861,3.47777134494394,3.53924134268952,2.57961883561849,5.22171149108662,3.53924134268952,5.22171149108662,0.498584317704155,3.53924134268952,5.22171149108662,5.22171149108662,5.22171149108662,0.503183487968104,3.53924134268952,5.22171149108662,5.22171149108662,5.22171149108662,5.22171149108662,3.47777134494394
13.5240907323436,4.5014050519179,6.5944429424038,16.095380424617,6.05174884876485,17.3563131048279,19.9719158969161,22.3697868923383,8.25588661926191,5.46681858967701,8.51307054970351,25.6527707768221,26.634648232176,25.8068733816944,2.51227470800807,2.65749036714914,5.76066113917395,9.66151660518251,26.5260692573784,9.66151660508673,3.79232212790143,1.63518629600078,8.03438560032551,33.1271881009308,33.1271881009308,10.4277715686943,2.27667538047912,3.38424407151449,10.4277715681786,26.5810224566567,4.82871495937176,46.8822908575643,3.39316044256503,3.56910707380883,2.32165277001782,4.82871495937176,3.56910707380883,4.82871495937176,0.497294889873291,3.56910707380883,4.82871495937176,4.82871495937176,4.82871495937176,0.479911844140936,3.56910707380883,4.82871495937176,4.82871495937176,4.82871495937176,4.82871495937176,3.39316044256503
14.103981920509,4.49217879310179,6.65085386890127,17.2265122940262,6.16591980008167,18.1816908546711,20.8979572950781,23.4366707649608,8.23779566479919,6.09533934381161,8.51522340978775,27.1187677346209,28.1173450477522,27.2983710069042,2.84831920932996,2.90189814332712,5.88962313050002,9.63032349085374,27.9179685583258,9.63032349090932,4.13177540422525,1.94815805251729,8.92367046389192,34.8749010808323,34.8749010808323,10.4077266417608,2.52754854410599,3.72410019197925,10.4077266416046,28.8565611640702,5.3065613461092,49.3530956454771,3.64282881825349,3.88218378317763,2.76303348062723,5.3065613461092,3.88218378317763,5.3065613461092,0.47841566589152,3.88218378317763,5.3065613461092,5.3065613461092,5.3065613461092,0.597771623747828,3.88218378317763,5.3065613461092,5.3065613461092,5.3065613461092,5.3065613461092,3.64282881825349
13.4883342939333,4.33140420525317,6.4027302000339,16.4559510822696,5.97606333723186,17.4716735580724,19.9877967466779,22.4240697391423,8.04393151855357,5.9295812699412,8.27058525898215,25.8323184099399,26.8532464790303,25.9821284564422,2.49030099349573,2.58329300494609,5.68418972497493,9.40237524976579,26.6632623097692,9.40237524996164,3.65423618917978,1.7977589443679,8.66985700336616,33.3311089335067,33.3311089335067,10.0926027625914,2.14010730504788,3.2189177925952,10.0926027624691,25.4369201498813,4.59370990820566,47.170705677244,3.50299247428136,3.27056623423735,2.55014515593666,4.59370990820566,3.27056623423735,4.59370990820566,0.465691816748467,3.27056623423735,4.59370990820566,4.59370990820566,4.59370990820566,0.528898911658511,3.27056623423735,4.59370990820566,4.59370990820566,4.59370990820566,4.59370990820566,3.50299247428136
12.771642983183,3.86527936172027,5.85305584475635,15.5312550952414,5.37833771760308,16.6485953048715,18.9931221064913,21.4060798164688,7.2784277065336,5.84529455668948,7.53402080666987,24.7115795145702,25.6760161463528,24.8453619424267,2.40640443732389,2.40412397248538,5.35640160135973,8.5100338798587,25.5100475362896,8.51003387935078,3.57595676338332,1.74993862284439,8.54200273590668,31.8495068228222,31.8495068228222,9.01134346703356,2.06587211110811,3.08948861030834,9.01134346701519,24.6232415554653,4.40997391175527,45.0816269316757,3.23799520182911,3.48648692566156,2.48232792910121,4.40997391175527,3.48648692566156,4.40997391175527,0.432627154666748,3.48648692566156,4.40997391175527,4.40997391175527,4.40997391175527,0.520866260700041,3.48648692566156,4.40997391175527,4.40997391175527,4.40997391175527,4.40997391175527,3.23799520182911
13.4633675550163,4.60471325512334,6.67386875209209,16.2234536585263,6.17813234314124,17.2683153245935,19.9305501483563,22.2170049096896,8.35421379178767,5.84221443682817,8.61528792505013,25.583932362326,26.4695172994599,25.7442038877284,2.55425493427302,2.71780749841359,5.67389473694498,9.78130134815498,26.3345431362769,9.78130134870545,3.87976168378782,1.66426413745955,8.57584372316787,32.9361173538673,32.9361173538673,10.7013887015917,2.34619741214516,3.44086695301396,10.7013887015705,29.7935718967492,4.9014100620099,46.6046636419823,3.57049840900813,3.58927361737206,2.36127514910169,4.9014100620099,3.58927361737206,4.9014100620099,0.508713401987559,3.58927361737206,4.9014100620099,4.9014100620099,4.9014100620099,0.535617177954438,3.58927361737206,4.9014100620099,4.9014100620099,4.9014100620099,4.9014100620099,3.57049840900813
12.666656342039,4.54963583972461,6.71400891849887,15.0384824752981,6.19789398993066,15.9895638053778,18.599159860439,20.6387516500074,8.39018239488049,5.77339991747342,8.63859459523479,23.6491215691056,24.7147209052903,23.8503140544613,2.63652928509184,2.79255167425631,5.89525977945031,9.80331815899757,24.5367898816514,9.80331815892316,3.92066215502175,1.68325536417592,8.45165754327989,30.7543845812978,30.7543845812978,10.5776960084352,2.46060684319579,3.52726143160186,10.5776960084352,28.9345400488088,5.03875610212844,43.5276625579998,3.51183189213334,3.62635346877849,2.39144655628439,5.03875610212844,3.62635346877849,5.03875610212844,0.474156923231619,3.62635346877849,5.03875610212844,5.03875610212844,5.03875610212844,0.541415930005009,3.62635346877849,5.03875610212844,5.03875610212844,5.03875610212844,5.03875610212844,3.51183189213334
15.4265216644586,4.94721045399435,7.10608355981905,18.6071858237231,6.5471383980812,19.9737571809243,22.801557335792,25.6352116221043,8.87031166332763,6.22258690219524,9.11733409651031,29.567510548406,30.6664974974772,29.7487005983877,2.95823029081086,3.05585207271914,6.31582593352202,10.3621292167089,30.4619846733359,10.3621292168435,4.18912796319708,2.02896097601258,9.10512574048317,37.9993181177805,37.9993181177805,11.157922208913,2.60255231819309,3.86182576476813,11.1579222095355,30.0712338524473,5.50966401691247,53.7695379613144,3.81433472028636,3.6524719137715,2.87890742296505,5.50966401691247,3.6524719137715,5.50966401691247,0.49926347498055,3.6524719137715,5.50966401691247,5.50966401691247,5.50966401691247,0.566715060911606,3.6524719137715,5.50966401691247,5.50966401691247,5.50966401691247,5.50966401691247,3.81433472028636
13.1625387449248,4.30736255615024,6.35414809448244,15.7075675302164,5.77865165325125,16.9650571355426,19.570507573514,21.957543776971,7.92330589224773,5.91886922892351,8.1839231491453,25.3158490379392,26.2384979759112,25.4724204460315,2.51321151025671,2.70506838256483,5.48991144482785,9.26170219841075,25.9912176641575,9.2617021987977,3.87072729648456,1.69577633514661,8.65431643895326,32.570172025168,32.570172025168,10.0909639738298,2.19485214280222,3.30257210562965,10.0909639738775,28.4169326950382,4.72747701212034,46.0986502805843,3.65095446566893,3.68225519433187,2.40979233224307,4.72747701212034,3.68225519433187,4.72747701212034,0.456154499907987,3.68225519433187,4.72747701212034,4.72747701212034,4.72747701212034,0.587684845419641,3.68225519433187,4.72747701212034,4.72747701212034,4.72747701212034,4.72747701212034,3.65095446566893
12.7188279186524,4.19196622316184,6.36902325471346,15.0977031200944,5.81241251842034,16.2192649956639,18.7612385679105,20.9649176910857,7.8981423398421,5.94755094201103,8.17161479393722,24.0991540845198,25.1275588951179,24.2844087917777,2.63331095492591,2.7401187204444,5.82085504154587,9.23410401872441,24.9516583007453,9.2341040179023,3.9322974191698,1.7390250159699,8.69204620319182,31.2329071325486,31.2329071325486,9.80935732453344,2.38975085317177,3.48796767083213,9.80935732453425,23.914907643836,4.97335212407915,44.2035116754159,3.47975693596861,3.76436308041068,2.46789278760838,4.97335212407915,3.76436308041068,4.97335212407915,0.465402362589453,3.76436308041068,4.97335212407915,4.97335212407915,4.97335212407915,0.534817642926744,3.76436308041068,4.97335212407915,4.97335212407915,4.97335212407915,4.97335212407915,3.47975693596861
13.9624251351054,4.10216092673409,6.11383476661574,17.0970306311279,5.61859126672933,18.3428090443913,20.8878294213205,23.675460633686,7.5048731965722,6.14239638329373,7.76764982973002,27.2014411921326,28.1249522325268,27.3734337079466,2.75104955768161,2.89808174008822,5.58666022086314,8.77515803406579,27.9026367233663,8.77515803321365,4.011135950557,1.64190053206126,8.95468404261179,34.8281409515988,34.8281409515988,9.42764041690222,2.50715216297966,3.70880158733643,9.42764041690222,27.1023793204318,5.28499465892566,49.288595654812,3.53320883817302,3.602245179673,2.33129898103245,5.28499465892566,3.602245179673,5.28499465892566,0.442814885352502,3.602245179673,5.28499465892566,5.28499465892566,5.28499465892566,0.506879176715652,3.602245179673,5.28499465892566,5.28499465892566,5.28499465892566,5.28499465892566,3.53320883817302
13.0013254460237,4.17871818951959,6.22460493438325,15.6748730600315,5.73551947268137,16.7435134919231,19.2346271624861,21.6146679348862,7.71150172773966,5.76697954990042,8.00193303713972,24.8947340967065,25.8425492624076,25.070922007295,2.55240788002303,2.79369173925961,5.71763233933147,9.02793152441248,25.5930468224526,9.02793152429085,3.99326361330442,1.71134309501845,8.46808727356788,32.13943634142,32.13943634142,9.61350248408715,2.29946156153786,3.38115382492315,9.61350248401236,25.8025303165963,4.83171508342387,45.4850878883099,3.82281424268506,3.7928377866672,2.43056106131868,4.83171508342387,3.7928377866672,4.83171508342387,0.484980084752029,3.7928377866672,4.83171508342387,4.83171508342387,4.83171508342387,0.498963283341215,3.7928377866672,4.83171508342387,4.83171508342387,4.83171508342387,4.83171508342387,3.82281424268506
13.1862135207304,4.17700678162285,6.2805089442395,15.894907704958,5.75928046090101,16.9641016797325,19.6197542623675,21.9852019904873,7.7601105834314,6.08936123026489,8.06405611740924,25.4559828836991,26.3188663635471,25.6310629213125,2.64538181663125,2.75577273107791,5.61233620556584,9.10195975022443,26.1586771111966,9.10195975011876,4.02480683227697,1.77329241775611,8.94660462741382,32.7765762510274,32.7765762510274,9.83178639937184,2.35367783807414,3.52235714742239,9.83178639932644,28.8845326495516,5.0297442308104,46.3957508925356,3.67837874329037,3.82229302848763,2.5178057893011,5.0297442308104,3.82229302848763,5.0297442308104,0.514479861391659,3.82229302848763,5.0297442308104,5.0297442308104,5.0297442308104,0.604635258468535,3.82229302848763,5.0297442308104,5.0297442308104,5.0297442308104,5.0297442308104,3.67837874329037
14.5573162517781,4.5688100824404,6.80552356035706,17.5987774212367,6.32382087731433,18.8856976076434,21.5031745711788,24.1505656062494,8.58446716873536,5.86895354366156,8.82801028033853,27.7942756903299,28.8747478852539,27.9432909233363,2.53770814182005,2.73800838097013,6.09585386007368,10.0409331922414,28.6869777062015,10.0409331900475,3.8155643905829,1.8891437290978,8.60060826986707,35.8710947050668,35.8710947050668,10.7159334304422,2.16183703863489,3.24516343509302,10.7159334300881,28.6223673766075,4.65145063030085,50.7773403756356,3.80533618242959,3.42202406407082,2.68281225858898,4.65145063030085,3.42202406407082,4.65145063030085,0.515760356209311,3.42202406407082,4.65145063030085,4.65145063030085,4.65145063030085,0.523100123110092,3.42202406407082,4.65145063030085,4.65145063030085,4.65145063030085,4.65145063030085,3.80533618242959
13.438404392677,4.7188100965226,6.7187256460877,16.0450294729447,6.1778464949086,17.0950260786156,19.8657340424143,22.1909196533895,8.36518592121415,5.7551220360294,8.6172356089689,25.5316077353388,26.5122182387415,25.7275213000957,2.7395084079405,2.81112469545963,5.70474036676679,9.77597509282223,26.3215496773978,9.77597509351018,4.01343419192847,1.72487230365403,8.46844290695326,32.9256144041634,32.9256144041634,10.7300997883124,2.456360770906,3.66870139776247,10.7300997883124,29.9698634579603,5.23025375339486,46.6124181387861,3.54085280109542,3.6717940686658,2.44861464448068,5.23025375339486,3.6717940686658,5.23025375339486,0.471063365357365,3.6717940686658,5.23025375339486,5.23025375339486,5.23025375339486,0.569269073930913,3.6717940686658,5.23025375339486,5.23025375339486,5.23025375339486,5.23025375339486,3.54085280109542
14.2083705064992,4.54330702814739,6.74576516380703,16.9700591573793,6.17729970727896,18.2942013205141,20.9732179339905,23.591419252946,8.41113479039395,5.73056521089901,8.67361912398581,27.2033305990982,28.270305810906,27.3516901213152,2.73993385364978,2.89787394807299,5.99256095357555,9.82596735743362,28.0211427926342,9.82596735747367,4.06370055013563,1.89726986753899,8.40806219919484,35.0695828284748,35.0695828284748,10.5698852821327,2.39399343391671,3.56984037108764,10.5698852820019,28.1613226117034,5.08924548067825,49.6464105694317,3.77453104405077,3.77666992063718,2.69117879766609,5.08924548067825,3.77666992063718,5.08924548067825,0.476350385743815,3.77666992063718,5.08924548067825,5.08924548067825,5.08924548067825,0.533280486506488,3.77666992063718,5.08924548067825,5.08924548067825,5.08924548067825,5.08924548067825,3.77453104405077
13.1349008991387,4.00001772737708,6.02355105617332,15.6565738721598,5.4691441979683,17.0446826018788,19.487514015283,21.8655454032219,7.52879874609581,5.37545952007537,7.76748358171688,25.320286471507,26.1963305257458,25.4744731269162,2.44195306447051,2.48402367177034,5.28988397917467,8.81695590868922,26.0624597438464,8.81695591049043,3.55581210308633,1.76726732353697,7.90373510429958,32.5414763249797,32.5414763249797,9.53763680381322,2.11610440828294,3.16720460413979,9.53763680384395,27.5468144557941,4.51464812449838,46.0567815224586,3.31232671462212,3.23298599783414,2.50592644173863,4.51464812449838,3.23298599783414,4.51464812449838,0.468072491258205,3.23298599783414,4.51464812449838,4.51464812449838,4.51464812449838,0.516277676780191,3.23298599783414,4.51464812449838,4.51464812449838,4.51464812449838,4.51464812449838,3.31232671462212
14.4976212515613,4.33184270065482,6.55685934977808,17.4694292270033,5.9864325479658,18.9302233928649,21.5423978705943,24.2822966386639,8.21372341953816,5.86104770982007,8.49188706756992,27.8913426844379,28.917110994136,28.0554936489042,2.45932817330476,2.61125605873183,5.81547226427363,9.60747866398853,28.7350088528396,9.6074786640039,3.85514297052101,1.7706994774631,8.59405016523002,35.8740727162757,35.8740727162757,10.2878941895913,2.11378931822373,3.19118209928024,10.2878941899677,30.6442952010379,4.5643762169723,50.7630948085167,3.63822426265308,3.821751446443,2.51384182924284,4.5643762169723,3.821751446443,4.5643762169723,0.491783827669788,3.821751446443,4.5643762169723,4.5643762169723,4.5643762169723,0.51885861907834,3.821751446443,4.5643762169723,4.5643762169723,4.5643762169723,4.5643762169723,3.63822426265308
14.1276982182247,3.93317278429213,5.96358437465632,17.3500847133054,5.50181190241591,18.5844112240149,21.0063744975557,23.7163473547097,7.34365029766988,5.30517449240356,7.61128683568701,27.5418241987001,28.368389533734,27.6798543471504,2.71796539696587,2.80559450154713,5.47894182155212,8.6164032724831,28.2608066400771,8.6164032725198,3.83364265724087,1.85544750374982,7.79883445733345,35.2188782601242,35.2188782601242,9.23142762090624,2.50760808680621,3.57223832047088,9.23142762090624,29.3193691416962,5.09681124154499,49.8556017445593,3.38200286252279,3.36774453552606,2.63299249149743,5.09681124154499,3.36774453552606,5.09681124154499,0.493504834871646,3.36774453552606,5.09681124154499,5.09681124154499,5.09681124154499,0.567081484699612,3.36774453552606,5.09681124154499,5.09681124154499,5.09681124154499,5.09681124154499,3.38200286252279
13.8324737915555,3.98853992404344,5.97408866717676,16.8652728590497,5.45020350437521,18.0581841214717,20.5793715834572,23.1855855617739,7.37090384925877,5.46771891295364,7.65808155008767,26.9526692753785,27.7867850590514,27.0849284879502,2.61337039106744,2.5698596436785,5.34416579470732,8.63602628774492,27.6601578046381,8.63602628765,3.8071157535597,1.87304477212474,8.05207532010754,34.4664424758779,34.4664424758779,9.29914315002249,2.27945224265856,3.36745923365432,9.29914315002249,25.456185917732,4.81620936519934,48.7768538111737,3.30608217658135,3.71114736913368,2.65894053897257,4.81620936519934,3.71114736913368,4.81620936519934,0.467598817581469,3.71114736913368,4.81620936519934,4.81620936519934,4.81620936519934,0.524348004865611,3.71114736913368,4.81620936519934,4.81620936519934,4.81620936519934,4.81620936519934,3.30608217658135
12.9298287896318,4.47497890153622,6.51366197952084,15.6040997085747,6.032576768103,16.487485735996,19.0692966995774,21.252900287812,8.09653042597634,5.96833954714656,8.38350743198511,24.6022814687405,25.5565452502997,24.7701254920156,2.64745310877546,2.82002305629292,5.80298372298215,9.47563522564011,25.323802615993,9.47563522606342,4.0465253946198,1.84310978840555,8.75270595942074,31.817360882839,31.817360882839,10.2033918720962,2.39578921812509,3.47856820150372,10.2033918725313,27.3831406730834,4.95403216288933,45.0304660211457,3.80626805274468,3.85617985799847,2.61335033725468,4.95403216288933,3.85617985799847,4.95403216288933,0.496033902243862,3.85617985799847,4.95403216288933,4.95403216288933,4.95403216288933,0.565136615214028,3.85617985799847,4.95403216288933,4.95403216288933,4.95403216288933,4.95403216288933,3.80626805274468
14.2019388544015,4.30475934978352,6.38103452846092,17.0727005632858,5.80629304122679,18.5661277555081,21.0924240958301,23.7689977794623,7.90606730845118,5.99823302241382,8.15641426357783,27.4814976004622,28.4173484701067,27.6315491419968,2.78692996454744,2.88668904497893,5.73340811953242,9.24875324805329,28.2394377175842,9.24875324799292,3.95826174370188,1.85523619466872,8.7603926072368,35.2339471496112,35.2339471496112,9.96531937846532,2.55187006930195,3.65768979048097,9.96531937759151,30.4018622941039,5.23085772436511,49.8729907993751,3.5323597459735,3.48350635743833,2.6357049005165,5.23085772436511,3.48350635743833,5.23085772436511,0.473289276777676,3.48350635743833,5.23085772436511,5.23085772436511,5.23085772436511,0.523669422568527,3.48350635743833,5.23085772436511,5.23085772436511,5.23085772436511,5.23085772436511,3.5323597459735
13.1521140481086,4.28428989325045,6.28203987918349,15.5926578555638,5.72614752897249,16.8948199507315,19.395082717858,21.7924663141355,7.75813920742979,5.42420183592046,8.02992085671876,25.1404082345506,26.0827241508179,25.2945166637836,2.72551320409601,2.88408237873468,5.74782012372416,9.08341493436676,25.9098483600648,9.08341493434561,3.990296363685,1.74571507967011,7.97867189756836,32.434846885912,32.434846885912,9.71228054245477,2.51957937836478,3.63612811766033,9.71228054246557,27.0051928937251,5.19908118370435,45.9187961342269,3.56467984557853,3.60767197597863,2.48110157828756,5.19908118370435,3.60767197597863,5.19908118370435,0.485383185503814,3.60767197597863,5.19908118370435,5.19908118370435,5.19908118370435,0.49174218953425,3.60767197597863,5.19908118370435,5.19908118370435,5.19908118370435,5.19908118370435,3.56467984557853
12.6481084513356,4.11944158611211,6.19533781041274,14.9358105636507,5.62709169207213,15.9504406522657,18.625370943493,20.6965074061319,7.70810033885853,5.20409348894675,8.00406619032299,24.1159321603978,24.9872776999257,24.2773228069544,2.51538497235243,2.57467289177928,5.42908759211129,9.03739215024804,24.8640445530884,9.03739215010532,3.79209145728756,1.89340312793286,7.67852780250039,31.1440533116453,31.1440533116453,9.77199711363701,2.09420217169174,3.20725287768795,9.77199711363702,28.8632914017431,4.57687066899384,44.0868871512211,3.45631971614432,3.77892750594764,2.68504139072748,4.57687066899384,3.77892750594764,4.57687066899384,0.500019016616239,3.77892750594764,4.57687066899384,4.57687066899384,4.57687066899384,0.523644240106703,3.77892750594764,4.57687066899384,4.57687066899384,4.57687066899384,4.57687066899384,3.45631971614432
12.8532574339869,4.23761569113449,6.223907362209,15.3022481180404,5.66786324592926,16.3560558212436,18.9788741041024,21.2413938014886,7.67592629908309,5.36786299749292,7.95194307390029,24.6529023739233,25.5345234721867,24.8019163581095,2.72142906634687,2.8693655522338,5.52971266382942,8.97685895766949,25.2976852375213,8.97685895827956,4.01114625991392,1.82435327176047,7.88746844742746,31.7089153407311,31.7089153407311,9.72868898341179,2.39495918150264,3.57200697644125,9.72868898341179,27.5094009389972,5.08895616458973,44.8944696795456,3.61051887016916,3.76205345178452,2.58772671308241,5.08895616458973,3.76205345178452,5.08895616458973,0.453614910157064,3.76205345178452,5.08895616458973,5.08895616458973,5.08895616458973,0.577055323834593,3.76205345178452,5.08895616458973,5.08895616458973,5.08895616458973,5.08895616458973,3.61051887016916
13.4240306682558,4.22102124016121,6.3677108805792,16.1994586794565,5.87254994095949,17.3426230904421,19.9079297603184,22.421339001227,7.91609262164821,5.89394040750198,8.17272085300976,25.7231874104422,26.7111256131458,25.8969603418573,2.59033674181474,2.82615580189294,5.67625666900681,9.25249866576267,26.4727425040517,9.25249866595782,3.92398928373369,1.65012076322471,8.60246222617035,33.1438216891825,33.1438216900462,9.97152582541563,2.31640364387163,3.46453757263348,9.97152582523679,29.4133314033291,4.95153944423248,46.9075802860096,3.64660051122467,3.61343963068625,2.34485710098977,4.95153944423248,3.61343963068625,4.95153944423248,0.459439576613806,3.61343963068625,4.95153944423248,4.95153944423248,4.95153944423248,0.49499586248508,3.61343963068625,4.95153944423248,4.95153944423248,4.95153944423248,4.95153944423248,3.64660051122467
13.2877715780195,4.04631446009909,6.22132589526957,16.094565559499,5.76706630437412,17.2306508752584,19.7572641929507,22.2731691508168,7.78386485822084,5.7954999064984,8.02785174378688,25.6276884334305,26.579162113165,25.7678451517472,2.43583591667209,2.65347367182356,5.55703022839836,9.1082957723961,26.3238840652886,9.10829577307162,3.76036997210986,1.66786349122406,8.51427490640484,33.0270910631507,33.0270910631507,9.8124934422872,2.09959647528678,3.21148674068523,9.8124934425578,27.9542706029123,4.59620662485026,46.7516568515499,3.75789541090121,3.35369836688818,2.36970717617298,4.59620662485026,3.35369836688818,4.59620662485026,0.475891384191527,3.35369836688818,4.59620662485026,4.59620662485026,4.59620662485026,0.521627211154848,3.35369836688818,4.59620662485026,4.59620662485026,4.59620662485026,4.59620662485026,3.75789541090121
13.5523107722848,4.35561522098606,6.33482860897674,16.5727962822349,5.90645876792328,17.5846164731843,20.0664300482011,22.5952774031784,7.87931562614272,5.92749668573223,8.11357247197271,26.0683855645175,27.0412091572464,26.2141593530714,2.67500404522467,2.84845317515274,5.63847578146604,9.20488002581766,26.7946315754147,9.20488002614134,3.87509821859466,1.78862113763588,8.64071808221981,33.5239211585511,33.5239211585511,9.9435617454551,2.40326295910336,3.5129414078222,9.94356174545426,28.060329254769,5.01382809004923,47.4479076147519,3.60531870274204,3.40596150356228,2.53880055082067,5.01382809004923,3.40596150356228,5.01382809004923,0.446745320216297,3.40596150356228,5.01382809004923,5.01382809004923,5.01382809004923,0.480635288896797,3.40596150356228,5.01382809004923,5.01382809004923,5.01382809004923,5.01382809004923,3.60531870274204
13.2454890906715,4.27126409343534,6.33045356063071,15.9984088261596,5.89614989385844,16.8470377122259,19.4846928807879,21.7708480957787,7.87701451411114,5.44502333664713,8.1208922361406,25.2728433160326,26.1827919963091,25.4244449385283,2.70261437617295,2.77610716135493,5.64194700790574,9.21907262690458,26.0002129821924,9.21907262718594,3.85527470329307,1.88890134288696,8.02530921966175,32.5415366914974,32.5415366914974,9.96133611555377,2.3394071445012,3.51284332094791,9.96133611534453,27.9948610887984,5.01995263188068,46.058196244385,3.57646381173919,3.35550505309931,2.68141949977804,5.01995263188068,3.35550505309931,5.01995263188068,0.480865106183449,3.35550505309931,5.01995263188068,5.01995263188068,5.01995263188068,0.498698364944393,3.35550505309931,5.01995263188068,5.01995263188068,5.01995263188068,5.01995263188068,3.57646381173919
14.7079767953275,4.32772182714525,6.40609394748928,17.8123625838276,5.86075499663044,19.3472152555982,21.9192141032679,24.828354905012,7.92653452239772,6.3394124616271,8.16086749031643,28.5739172472355,29.5615486051874,28.7470875737273,2.84492178161214,2.96936650670419,5.88726269039395,9.26277629267001,29.3074351055769,9.26277629300549,4.05901219233799,1.80542544950734,9.26922192524833,36.5934341981916,36.5934341981916,9.92330885703357,2.56546339129133,3.77463213829432,9.92330885704478,28.6406931698176,5.39347151152067,51.7786065117632,3.78648823589494,3.36076342546995,2.5652149147147,5.39347151152067,3.36076342546995,5.39347151152067,0.460713743929003,3.36076342546995,5.39347151152067,5.39347151152067,5.39347151152067,0.525147296623911,3.36076342546995,5.39347151152067,5.39347151152067,5.39347151152067,5.39347151152067,3.78648823589494
13.5145330725265,4.20638242248348,6.31272476759254,16.1942743506541,5.79897255872936,17.5532336686905,20.068757406176,22.6600289546679,7.89323535403787,6.11091689010981,8.12999376347218,25.9893136482762,27.0354163886839,26.1271562867057,2.50613850402569,2.70862744757422,5.80603652268325,9.22713488378943,26.8227980068824,9.22713488405996,3.74827620976076,1.70222652340618,8.90109494784419,33.5577123905105,33.5577123905105,9.76852824660835,2.16902011160273,3.31203153455761,9.76852824644862,29.741183936072,4.71640444261956,47.5006381401148,3.59025769356916,3.3448021643396,2.41396220094261,4.71640444261956,3.3448021643396,4.71640444261956,0.46680909201355,3.3448021643396,4.71640444261956,4.71640444261956,4.71640444261956,0.498886393698828,3.3448021643396,4.71640444261956,4.71640444261956,4.71640444261956,4.71640444261956,3.59025769356916
13.4917112342971,4.1550263842434,6.36744083088366,16.2043612631943,5.83623492302705,17.5301916422827,20.037029279858,22.6150876092265,7.86228835580438,5.99703843847098,8.13439481680011,25.8729075551268,26.9442283598547,26.0652942783182,2.73710080535991,2.91056129893172,6.01763008917992,9.19754476431147,26.7637192630851,9.1975447642765,4.04200327571566,1.68564006702725,8.76657753234596,33.4607679820284,33.4607679820284,9.66061853036271,2.5319620462389,3.68762035197606,9.66061853017509,25.1883822929167,5.26768110227045,47.3479880811429,3.60053459569217,3.66736741791855,2.39566949806124,5.26768110227045,3.66736741791855,5.26768110227045,0.482322701671152,3.66736741791855,5.26768110227045,5.26768110227045,5.26768110227045,0.594037995139731,3.66736741791855,5.26768110227045,5.26768110227045,5.26768110227045,5.26768110227045,3.60053459569217
14.8620339182848,4.1860251065014,6.32276363424409,18.3193228505324,5.80450718825525,19.5625856984161,22.2809062438992,25.1771499094671,7.85101992404601,6.33500644487516,8.16522660085147,29.1342301348486,30.0608266904711,29.2620829023085,2.5560259199239,2.57768293492992,5.64233706600281,9.2012559607899,29.9423998286203,9.20125596090688,3.90448954800585,1.89375989369894,9.25214625072996,37.2944543457625,37.2944543457625,9.85486261935036,2.12997581793183,3.27423600127265,9.85486261908739,29.7031122367121,4.68443380413592,52.7805851659228,3.47939380690294,3.99431178344221,2.68800468799135,4.68443380413592,3.99431178344221,4.68443380413592,0.506794517316429,3.99431178344221,4.68443380413592,4.68443380413592,4.68443380413592,0.557467818470132,3.99431178344221,4.68443380413592,4.68443380413592,4.68443380413592,4.68443380413592,3.47939380690294
13.1536001479242,3.96069118465126,6.04380370508358,15.7832047454915,5.54497630521623,16.8882409491156,19.3897279292391,21.7677996920111,7.49947205549228,5.30655221199745,7.76494100141342,25.3102392155605,26.2413619975212,25.470559153017,2.60768827499672,2.64436554113523,5.54155379152694,8.7824001564807,26.0415442216887,8.78240015681011,3.79514632802924,1.93295993035214,7.84553495626761,32.6121894495717,32.6121894495717,9.35965404608135,2.20559414616128,3.32409001371762,9.35965404580023,29.0040040890709,4.74863600609471,46.1622275649567,3.5844762676237,3.48264785212183,2.74211486753915,4.74863600609471,3.48264785212183,4.74863600609471,0.476697248304948,3.48264785212183,4.74863600609471,4.74863600609471,4.74863600609471,0.511060913103791,3.48264785212183,4.74863600609471,4.74863600609471,4.74863600609471,4.74863600609471,3.5844762676237
12.5824457831418,4.08013800913973,6.15311858700723,15.2128364576384,5.68072342842663,16.1461735273595,18.6096575619133,20.9276129181481,7.55536605415992,5.88193345935902,7.83288739976535,24.0983295714375,25.0948020424694,24.2866823412169,2.74635067323206,2.85843543172658,5.70472806010602,8.83010550897979,24.8098817153418,8.83010550895727,4.08812729257647,1.73748762623972,8.64695237170012,31.1564476635212,31.1564476635212,9.41342357411817,2.51717491083978,3.65400865593618,9.41342357411817,28.1708260418358,5.20119328894503,44.1050932960462,3.7303521076206,3.76640901757216,2.46459890482727,5.20119328894503,3.76640901757216,5.20119328894503,0.443954553822916,3.76640901757216,5.20119328894503,5.20119328894503,5.20119328894503,0.585682389340467,3.76640901757216,5.20119328894503,5.20119328894503,5.20119328894503,5.20119328894503,3.7303521076206
14.3780957428606,4.168531889876,6.28399739730539,17.3957731117483,5.72199368801956,18.8782862675409,21.3656985573476,24.2517244596118,7.722309055402,5.95596392476418,8.00478698143018,27.8943930625986,28.9409986194147,28.0400733562554,2.80158248530946,2.88592620401048,5.94168675790819,9.02256328477158,28.7033746542132,9.02256328481812,4.10480252642224,1.824755346502,8.72454169451514,35.8326029155448,35.8326029155448,9.47385643387385,2.54599072142533,3.70435178117783,9.47385643390975,30.0092604865142,5.27418121978894,50.7188705644963,3.62357718113195,3.84809563499418,2.58807084165021,5.27418121978894,3.84809563499418,5.27418121978894,0.44990026085313,3.84809563499418,5.27418121978894,5.27418121978894,5.27418121978894,0.507626617929261,3.84809563499418,5.27418121978894,5.27418121978894,5.27418121978894,5.27418121978894,3.62357718113195
14.0249984657425,4.25558170476636,6.39893016293032,16.8671722090293,5.88266352605156,18.2814465556414,20.8361936671454,23.5492009938931,7.96740891915965,5.87157837931682,8.2287824310749,26.9722938403794,28.0201770855273,27.1602686931375,2.59329416643546,2.83301775472891,5.9748961342653,9.32719394132237,27.8079172295638,9.32719394233652,3.94631435267057,1.69912144017331,8.61852798862991,34.8059714430941,34.8059714430941,9.84911191305287,2.30976220965542,3.47706886680102,9.84911191295667,27.3955810257966,4.96142724368905,49.2550773964365,3.81317337612423,3.50103923633621,2.4123186701439,4.96142724368905,3.50103923633621,4.96142724368905,0.501686457152062,3.50103923633621,4.96142724368905,4.96142724368905,4.96142724368905,0.530298335374321,3.50103923633621,4.96142724368905,4.96142724368905,4.96142724368905,4.96142724368905,3.81317337612423
13.605401984449,4.47969062090837,6.5367253311193,16.558828889975,6.11742323493588,17.5952562670506,20.1035987827107,22.5329017464997,8.17556573367834,5.65457051376957,8.40278771946585,25.9038401319937,26.8884265262069,26.0580682983295,2.64219839519341,2.70687988485913,5.81137927925949,9.56377815184627,26.7908732771876,9.56377815178646,3.74636981096718,1.72093771278333,8.29348050166964,33.4068130117615,33.4068130117615,10.2767307706338,2.44634734695253,3.52781128371046,10.2767307701761,25.9024714040662,5.03516636650382,47.2767202230736,3.31030827649147,3.217395654533,2.44361109252599,5.03516636650382,3.217395654533,5.03516636650382,0.486358291640066,3.217395654533,5.03516636650382,5.03516636650382,5.03516636650382,0.517597500235766,3.217395654533,5.03516636650382,5.03516636650382,5.03516636650382,5.03516636650382,3.31030827649147
13.4112511556334,4.35910543253485,6.54653349206411,16.1158637953461,6.07432276376629,17.2032975479563,19.7802000597441,22.304514972553,8.12852221052633,5.55931168326907,8.38296441454458,25.4591251919261,26.5989731955296,25.6552588022026,2.70415018985958,2.92539721301832,6.00197780371916,9.49459615929803,26.3335642644005,9.4945961595894,4.04973316603044,1.66364959941764,8.17133995255633,33.0190910369348,33.0190910369348,10.1076936921589,2.45595789610051,3.63707736873712,10.1076936918981,30.2078993756928,5.18132266751518,46.7490844342769,3.73832676204817,3.65656783809228,2.36138004377491,5.18132266751518,3.65656783809228,5.18132266751518,0.462333897462376,3.65656783809228,5.18132266751518,5.18132266751518,5.18132266751518,0.504114168719214,3.65656783809228,5.18132266751518,5.18132266751518,5.18132266751518,5.18132266751518,3.73832676204817
14.1804523297358,4.70385220405914,6.8183746857616,17.2214820729802,6.37131077998564,18.3303048144762,20.9351178062795,23.4578498365877,8.58682926331662,5.40037466676869,8.81868513683627,27.0221651334742,27.9742696765753,27.1580586602062,2.55410188585535,2.80909539068511,5.8030485016118,10.0380532219333,27.7071021573284,10.038053221335,3.90216267333654,1.75650999525477,7.99031462844489,34.7401646412112,34.7401646412112,10.9949377078536,2.28875300258003,3.36502626902871,10.9949377084279,28.3303976724674,4.80679879011071,49.1648638177105,3.94967704012454,3.37389974914073,2.49371550771596,4.80679879011071,3.37389974914073,4.80679879011071,0.494372701626079,3.37389974914073,4.80679879011071,4.80679879011071,4.80679879011071,0.542943447246406,3.37389974914073,4.80679879011071,4.80679879011071,4.80679879011071,4.80679879011071,3.94967704012454
14.0041375268979,4.52705001309225,6.7803540689363,16.9183752743355,6.25489903061417,18.0415832099853,20.7053994250312,23.1811971982037,8.51192214028118,5.92749233059187,8.78418340376398,26.7113164236191,27.7881870188635,26.8501554372497,2.53365600322493,2.5677322467475,5.91923975528396,9.9439986969016,27.6091891902676,9.94399869777399,3.87500186758457,1.89487824466461,8.69674311394399,34.4897735063296,34.4897735063296,10.6842590485757,2.14671289030371,3.23384073946755,10.684259049047,28.979349758989,4.61216710827325,48.8037685524176,3.56961442447499,3.90175980024681,2.68664073253655,4.61216710827325,3.90175980024681,4.61216710827325,0.481452860078337,3.90175980024681,4.61216710827325,4.61216710827325,4.61216710827325,0.560457251056811,3.90175980024681,4.61216710827325,4.61216710827325,4.61216710827325,4.61216710827325,3.56961442447499
14.2771626730375,4.59274775270858,6.74433360553642,17.2011120903254,6.16948888815858,18.4980972865727,21.2371582794476,23.8126660438737,8.42035454757627,6.00478520833325,8.70636497866283,27.4409858467856,28.4158665943556,27.6159511640846,2.62600389681838,2.6960429928635,5.81485559032781,9.85522434062677,28.2797531330042,9.85522434115036,3.99540258934707,1.80807897919437,8.82072989740494,35.2987382175133,35.2987382175133,10.7058274677782,2.31944211547993,3.45518457148755,10.705827467865,28.1973223024644,4.94234219407381,49.951516167298,3.59011957502892,3.90356729090984,2.56817590911963,4.94234219407381,3.90356729090984,4.94234219407381,0.509318256646826,3.90356729090984,4.94234219407381,4.94234219407381,4.94234219407381,0.610817837153351,3.90356729090984,4.94234219407381,4.94234219407381,4.94234219407381,4.94234219407381,3.59011957502892
12.616803793562,4.11837709708464,6.31198804110748,14.9576554982244,5.7882492374658,16.0335739209569,18.5877955630943,20.864332450876,7.82230350745231,5.92337926216636,8.07831685082558,23.9427322889308,24.9758813167334,24.110704684456,2.64533051374739,2.82929222435252,5.81346836025174,9.13580133480966,24.6814200203213,9.13580133507007,3.98722526499435,1.68674506850194,8.6793225542658,31.0144480513185,31.0144480513185,9.71559673763977,2.35174312034199,3.52748769858799,9.71559673775509,25.1755727908561,5.02619836553956,43.8947317350518,3.74178290280763,3.63962078442952,2.39357370938611,5.02619836553956,3.63962078442952,5.02619836553956,0.444493925077166,3.63962078442952,5.02619836553956,5.02619836553956,5.02619836553956,0.521238823336102,3.63962078442952,5.02619836553956,5.02619836553956,5.02619836553956,5.02619836553956,3.74178290280763
13.0739349513947,3.87455207266305,5.84947734184841,15.5644988876652,5.29904544084392,16.8964548082092,19.3837266789555,21.8164144466199,7.2306565174752,5.22944939974842,7.50854077039508,25.3560085344062,26.1887137691361,25.5146615394304,2.53988164462447,2.7303502378043,5.32757066237473,8.48368351149373,26.019645959365,8.48368351073049,3.76755936398195,1.80754347726538,7.67906399394106,32.5789173408896,32.5789173408896,9.10575156636601,2.19130404679958,3.30801452119499,9.10575156650033,28.1533078491204,4.72522424210355,46.117267051207,3.54121213836166,3.45765000509276,2.56521577745191,4.72522424210355,3.45765000509276,4.72522424210355,0.488804583783069,3.45765000509276,4.72522424210355,4.72522424210355,4.72522424210355,0.513815323824419,3.45765000509276,4.72522424210355,4.72522424210355,4.72522424210355,4.72522424210355,3.54121213836166
13.0279923147079,3.97833968385946,5.93854598601584,15.5011926775829,5.36871952931999,16.9324732469566,19.4468002691442,21.8898909952602,7.41822394912719,5.76454828791041,7.6491564921933,25.2283771429655,26.1133104953837,25.3611289457939,2.38451565189941,2.47637422340343,5.2909780937669,8.67961523472414,25.9704819357984,8.67961523491228,3.50902493495444,1.65145621933253,8.40903631417849,32.3999341032086,32.3999341032086,9.32426328002048,2.01726320448987,3.13292691261356,9.32426327981834,26.8287193890321,4.46569390218515,45.8476507970372,3.23659192153133,3.20546663685975,2.34248328889533,4.46569390218515,3.20546663685975,4.46569390218515,0.44723013431704,3.20546663685975,4.46569390218515,4.46569390218515,4.46569390218515,0.564316185107601,3.20546663685975,4.46569390218515,4.46569390218515,4.46569390218515,4.46569390218515,3.23659192153133
14.0934222840876,4.12486471369217,6.13523095575863,17.1854901803087,5.69250491799473,18.3773386698561,20.878241831436,23.6157718115273,7.62430798151474,5.56709744584342,7.85194894641386,27.2608539840879,28.2677944709029,27.4216621762673,2.67977424650951,2.78690510404053,5.70372207398958,8.9149467078242,28.0362528875651,8.91494670787888,3.80555774910778,1.86629253385614,8.17685489562113,35.0268883998853,35.0268883998853,9.46809193901859,2.31042523702688,3.46709798401193,9.46809193897919,25.5946040463268,4.95910041427374,49.5768858487453,3.62575037212884,3.19629318237973,2.65018687181936,4.95910041427374,3.19629318237973,4.95910041427374,0.455947575145775,3.19629318237973,4.95910041427374,4.95910041427374,4.95910041427374,0.508369287378558,3.19629318237973,4.95910041427374,4.95910041427374,4.95910041427374,4.95910041427374,3.62575037212884
14.0160194418698,4.4522997634544,6.42950455224562,16.974202490157,5.92615547828933,18.2177965770581,20.7274440877246,23.2777234956884,8.04560453314184,5.34076610847708,8.29704508886233,26.9497357771696,27.9138014292754,27.099646684178,2.57896775433363,2.64516370052992,5.59900748023261,9.41670594119275,27.7723942903672,9.4167059412945,3.74869210991285,1.88845089795376,7.85783043919579,34.6653893343593,34.6653893343593,10.2017887280002,2.27605609358557,3.32340090121055,10.201788727905,27.4416671746484,4.73733114763756,49.0635633649377,3.45494709609941,3.47014851442948,2.67751307127323,4.73733114763756,3.47014851442948,4.73733114763756,0.4884173473336,3.47014851442948,4.73733114763756,4.73733114763756,4.73733114763756,0.527638527027363,3.47014851442948,4.73733114763756,4.73733114763756,4.73733114763756,4.73733114763756,3.45494709609941
12.609506938147,4.12824861670653,6.1575691905754,15.0766837782023,5.66800061854502,16.1288938118967,18.6454914200933,20.8725766657541,7.68397768434899,5.38201881598968,7.93699191560072,24.0537757167806,25.0449284630939,24.2124915383489,2.47018304623186,2.51615962089083,5.59045224654535,8.99268876402927,24.9208056354309,8.99268876411457,3.64597087676035,1.7356554127462,7.91421596765995,31.1574169457131,31.1574169457131,9.55333952717578,2.13380006536659,3.22820480638734,9.55333952709516,26.7195849451774,4.60564517213345,44.1166417275112,3.29086099835851,3.43548254468445,2.46250233326166,4.60564517213345,3.43548254468445,4.60564517213345,0.471305050498618,3.43548254468445,4.60564517213345,4.60564517213345,4.60564517213345,0.563936764648546,3.43548254468445,4.60564517213345,4.60564517213345,4.60564517213345,4.60564517213345,3.29086099835851
13.9923271881493,4.26784486621866,6.49320162759841,17.0106270625884,6.01241348547139,18.1860692672596,20.7485847871547,23.3513347045663,8.05037365510889,6.33821663730163,8.33664116172407,26.9599354074698,27.965162549117,27.1260644448288,2.74367628590095,2.83614065786315,6.03505115221707,9.43208375499237,27.7877214647029,9.43208375493475,4.06896692620939,1.885600716939,9.29828590638746,34.7797323732389,34.7797323732389,9.98358900209511,2.483538293803,3.61901202024151,9.98358900225251,30.6451478898078,5.15627762084509,49.228573807234,3.78324284585704,3.70670115012352,2.67429335207135,5.15627762084509,3.70670115012352,5.15627762084509,0.522212790960355,3.70670115012352,5.15627762084509,5.15627762084509,5.15627762084509,0.518495237752809,3.70670115012352,5.15627762084509,5.15627762084509,5.15627762084509,5.15627762084509,3.78324284585704
13.1103938527653,3.99408939030998,6.1411436319621,15.5569035419591,5.61462355551617,16.9415397350037,19.2837935735929,21.7095418216589,7.70627577473118,5.10087216234384,7.93946811623235,25.0162328370747,26.0993993753734,25.1768230415958,2.41672432270175,2.58881359035008,5.70778601570809,9.00562032063998,25.8284462547859,9.00562032085471,3.64411322123376,1.83345825336774,7.52912979791462,32.4006605917611,32.4006605917611,9.47447421114813,2.04255791250562,3.04789671855389,9.4744742114535,24.1894635363701,4.36173659785332,45.851524101495,3.68937091466726,3.30764359986378,2.60179058142107,4.36173659785332,3.30764359986378,4.36173659785332,0.453562301971159,3.30764359986378,4.36173659785332,4.36173659785332,4.36173659785332,0.495031328776538,3.30764359986378,4.36173659785332,4.36173659785332,4.36173659785332,4.36173659785332,3.68937091466726
12.4143376110306,3.86259964846123,5.90347481239062,14.7554107867991,5.37383380465704,15.9792827080351,18.4700306588667,20.7353315392078,7.35713031274171,5.86531399315125,7.6273098098569,23.9551514814158,24.8444612839171,24.1068321646532,2.34595106005892,2.58286463931807,5.39209954983213,8.62432959144744,24.6437823943307,8.62432959146367,3.66740458304174,1.69076023510555,8.56665419430715,30.9446281789572,30.9446281789572,9.19262966412445,1.97163059579831,3.07011430217198,9.19262966404022,28.349186031491,4.37882006365012,43.7939072099092,3.62235213735028,3.43906816081174,2.39810649559156,4.37882006365012,3.43906816081174,4.37882006365012,0.485584493043339,3.43906816081174,4.37882006365012,4.37882006365012,4.37882006365012,0.571918842137332,3.43906816081174,4.37882006365012,4.37882006365012,4.37882006365012,4.37882006365012,3.62235213735028
14.4152318814521,4.28261797866966,6.28088443649916,17.7026973534802,5.80377225198709,19.0357270916235,21.563409939117,24.359905666803,7.86062557029626,6.02862410110552,8.13246118818542,28.101391145507,28.9891470195781,28.2195645770166,2.41782820539098,2.60938116267564,5.60511776295391,9.21317930006202,28.8241515673942,9.2131792998573,3.75814517037597,1.73549590603516,8.82238379079727,36.0015285546626,36.0015285546626,9.89210441252856,2.09878839229948,3.153606939543,9.89210441184804,27.8382333184803,4.52041486213877,50.9497192654118,3.66131488412898,3.53658831315555,2.46591881912087,4.52041486213877,3.53658831315555,4.52041486213877,0.509221861680621,3.53658831315555,4.52041486213877,4.52041486213877,4.52041486213877,0.525913065205281,3.53658831315555,4.52041486213877,4.52041486213877,4.52041486213877,4.52041486213877,3.66131488412898
13.9566563322813,4.32543107407012,6.53391481073316,16.8896100267689,6.03462743267623,18.0254286573878,20.6801708253283,23.2891069976569,8.13692470659012,5.89688051673378,8.4088368847273,26.8113733658069,27.8721268608772,26.9560268562108,2.64172684966572,2.72861807426145,5.89691128331797,9.51489252467584,27.6945702072852,9.51489252344307,3.93634414269011,1.83062202975212,8.63655121127134,34.6003818928887,34.6003818928887,10.1478168935174,2.28807663841064,3.45785655815479,10.1478168945015,27.12447837644,4.93899150217169,48.9784880170878,3.54322890020438,3.77024210389422,2.59838336539115,4.93899150217169,3.77024210389422,4.93899150217169,0.481706926817623,3.77024210389422,4.93899150217169,4.93899150217169,4.93899150217169,0.516781796074791,3.77024210389422,4.93899150217169,4.93899150217169,4.93899150217169,4.93899150217169,3.54322890020438
14.7107470641095,4.27581387011362,6.47176073959155,18.046341510682,5.98350195310041,19.3823520810476,21.8857604465084,24.8399700258213,8.04682647246245,6.17190694693185,8.3184958529409,28.4513364801357,29.5900017816397,28.6049298291344,2.62707176430837,2.74378891364719,6.05085867004918,9.39656595694099,29.3418505939042,9.39656595600946,3.99470719069703,1.80797390046452,9.03322211326316,36.6307967324914,36.6307967324914,9.85801372705814,2.31730430977599,3.43586839206598,9.85801372671695,30.128389333218,4.90049266010368,51.8345220259429,3.72068540839079,3.83104666671789,2.56509054330586,4.90049266010368,3.83104666671789,4.90049266010368,0.457093590684125,3.83104666671789,4.90049266010368,4.90049266010368,4.90049266010368,0.514995784620174,3.83104666671789,4.90049266010368,4.90049266010368,4.90049266010368,4.90049266010368,3.72068540839079
14.5248631461511,4.4565804858115,6.41661331592342,17.8204536088682,5.9318451850328,19.1268495815977,21.6626977036282,24.4654219761099,7.97156153674741,5.71727849682492,8.2324854613219,28.2451692090037,29.1064205236983,28.38007553745,2.66628308177405,2.88570425360402,5.57700979797684,9.33320080331232,28.9241258552897,9.3332008029453,3.94657138410574,1.73458296317951,8.36471177852814,36.1078541246549,36.1078541246549,10.1898086435433,2.46690608095751,3.56392174474423,10.1898086436563,27.1272008222913,5.07334346070839,51.1177717309146,3.62485663491029,3.54936382131465,2.46024053580368,5.07334346070839,3.54936382131465,5.07334346070839,0.489722575951491,3.54936382131465,5.07334346070839,5.07334346070839,5.07334346070839,0.576978266576396,3.54936382131465,5.07334346070839,5.07334346070839,5.07334346070839,5.07334346070839,3.62485663491029
13.7232627992835,4.19961024977863,6.22019161690543,16.7451521010659,5.74714865302901,17.9021332374762,20.4669812567763,23.1249013655161,7.74425866337544,5.90012551826425,8.02174266346383,26.5726102544384,27.489460379087,26.7041688290237,2.42917164973968,2.68993060291899,5.58327126579096,9.06322913621622,27.2705228532404,9.06322913633392,3.84798752984559,1.62696354500934,8.6218533453593,34.1176248984159,34.1176248984159,9.71596236101726,2.11324681881726,3.23864075910566,9.71596236100709,24.724792589178,4.62407645808342,48.2752634566946,3.67340757298439,3.70603283698981,2.30997207146583,4.62407645808342,3.70603283698981,4.62407645808342,0.475550681004281,3.70603283698981,4.62407645808342,4.62407645808342,4.62407645808342,0.519884125360608,3.70603283698981,4.62407645808342,4.62407645808342,4.62407645808342,4.62407645808342,3.67340757298439
14.3438805666648,4.41923278123313,6.66988644242611,17.2982572938084,6.14786152572467,18.5889617609135,21.1571396366304,23.807606818842,8.36233008561079,5.69742822859715,8.60313116584194,27.4131708324665,28.5585537237612,27.5693084465895,2.6416928463603,2.61311880070824,5.96733672029244,9.76156926142401,28.3647158357743,9.76156926113741,3.82211574428919,1.94708117878801,8.38200439237381,35.3854347791834,35.3854347791834,10.4105129529384,2.26230537396137,3.36256280788424,10.4105129539494,29.9193880752252,4.79742892591537,50.0823912113926,3.50540272239037,3.59143097201478,2.76117505111744,4.79742892591537,3.59143097201478,4.79742892591537,0.458735367876686,3.59143097201478,4.79742892591537,4.79742892591537,4.79742892591537,0.50489317013141,3.59143097201478,4.79742892591537,4.79742892591537,4.79742892591537,4.79742892591537,3.50540272239037
14.0170211124568,4.3700789344988,6.3353124293439,17.0958078926284,5.8846309336992,18.1686194983836,20.7377903675161,23.379256896721,7.92540357800925,5.40430671328533,8.16151383910275,26.9854176542441,27.9513492351568,27.1162322471252,2.52729148908023,2.63344703030616,5.5529395449952,9.25502191868245,27.7056682668442,9.25502191905334,3.75523124569031,1.80582435511791,7.9512672036554,34.6191653294123,34.6191653294123,10.0043990671295,2.13372148362899,3.2560693070661,10.0043990666637,25.6107806668206,4.64592235919744,49.0141358502456,3.57328572299989,3.47453567879597,2.56163539245871,4.64592235919744,3.47453567879597,4.64592235919744,0.4384119087725,3.47453567879597,4.64592235919744,4.64592235919744,4.64592235919744,0.510456719792378,3.47453567879597,4.64592235919744,4.64592235919744,4.64592235919744,4.64592235919744,3.57328572299989
14.1181986610957,4.43607737920246,6.6027918246493,16.9493492596007,6.04827681144531,18.1642948625822,20.836186656446,23.3859720621255,8.2631575911626,5.39733300637389,8.5307544428495,26.9607527897713,27.9906628751822,27.1244338372507,2.5485592345977,2.70271857991266,5.73342879453968,9.65332311830964,27.7772657190261,9.65332311844003,3.88736224416924,1.8584025361166,7.9209384882508,34.7054305967441,34.7054305967441,10.4384008782325,2.15410067028069,3.27433828525352,10.438400878226,26.2192748846866,4.67055993928908,49.1132323537293,3.61080648348463,3.83976062970322,2.63556809513615,4.67055993928908,3.83976062970322,4.67055993928908,0.464325605189913,3.83976062970322,4.67055993928908,4.67055993928908,4.67055993928908,0.530752506461605,3.83976062970322,4.67055993928908,4.67055993928908,4.67055993928908,4.67055993928908,3.61080648348463
13.875223805472,3.92247798434145,5.91742506619656,16.7275873039812,5.35399357124819,18.2571536165975,20.6975647765187,23.42805419646,7.37780569164605,5.62590965398114,7.61707675202604,27.099038344156,28.0224810262459,27.2233279623177,2.44867970991955,2.5803532562697,5.34646252383892,8.62170483076052,27.7722139574445,8.62170483019126,3.63428576982861,1.81832836133129,8.21771849031677,34.6868652838295,34.6868652838295,9.22632095965604,2.0255091912717,3.10295101683916,9.22632095965604,26.7840385644628,4.43190097697941,49.092948782442,3.52499105650132,3.36958791513665,2.57934734294213,4.43190097697941,3.36958791513665,4.43190097697941,0.42775734288128,3.36958791513665,4.43190097697941,4.43190097697941,4.43190097697941,0.550870218909781,3.36958791513665,4.43190097697941,4.43190097697941,4.43190097697941,4.43190097697941,3.52499105650132
14.4852211011787,4.1778390725991,6.25737991439559,17.816777344167,5.76946030349405,19.1107280667218,21.6304466481911,24.4659416056186,7.81126306792031,5.90396242480692,8.09643013192021,28.295863888319,29.2054204415697,28.4168979134532,2.45137552656455,2.60801488790515,5.56993940548565,9.14753463583026,28.9859915614705,9.14753463553775,3.84212856667042,1.83102092144273,8.66693741197749,36.2379631185819,36.2379631185819,9.83224929045487,2.08398903990118,3.13802824263942,9.83224929196258,24.8039203727396,4.48132966749133,51.291653618541,3.7605924756878,3.74296053326508,2.59735440486399,4.48132966749133,3.74296053326508,4.48132966749133,0.492985388629979,3.74296053326508,4.48132966749133,4.48132966749133,4.48132966749133,0.530606880933064,3.74296053326508,4.48132966749133,4.48132966749133,4.48132966749133,4.48132966749133,3.7605924756878
14.3096068214992,4.41017100416679,6.46244788869656,17.2024796479314,5.92166577295572,18.6825563455435,21.2755403005533,24.0150240373534,8.11615809640824,5.81242010927147,8.35079525915191,27.6071594792904,28.6087813188809,27.7597214825107,2.48003962823582,2.6848332720316,5.7146457766419,9.48905290772747,28.3982890662283,9.48905290769412,3.73165064573583,1.749058615023,8.4973752079394,35.4778467830891,35.4778467830891,10.2077989508003,2.10850869994569,3.24133375762196,10.2077989496965,29.2427956106075,4.62042644041053,50.2101995859862,3.64103146139808,3.35161150622244,2.4806736332555,4.62042644041053,3.35161150622244,4.62042644041053,0.476015257203757,3.35161150622244,4.62042644041053,4.62042644041053,4.62042644041053,0.524920107246276,3.35161150622244,4.62042644041053,4.62042644041053,4.62042644041053,4.62042644041053,3.64103146139808
14.5052619768175,4.29922869999936,6.32579310293,17.7681901356066,5.84851292458556,18.9737185157917,21.5102755047518,24.2568041137457,7.83631359090661,5.42678131733815,8.12063211073554,28.0347214270863,28.9830068056733,28.1958814658887,2.69014308821445,2.72589197643778,5.71660555006549,9.18420835712819,28.891082904904,9.18420835707878,3.90172278804457,1.86207209350983,7.99111186994865,35.9821235013353,35.9821235013353,9.82711303783443,2.44872435254652,3.52734434534959,9.82711303771149,28.6270072548038,5.03894056157271,50.9275014578957,3.37511844383888,3.6885166234777,2.64335861760962,5.03894056157271,3.6885166234777,5.03894056157271,0.503980002898904,3.6885166234777,5.03894056157271,5.03894056157271,5.03894056157271,0.513758921969095,3.6885166234777,5.03894056157271,5.03894056157271,5.03894056157271,5.03894056157271,3.37511844383888
13.4871648998322,4.20108669987661,6.26406095156174,16.2548633730131,5.77958330069512,17.4560643470976,19.9463817185301,22.4627983745157,7.7310315212462,5.42974440347621,7.99876748472061,25.802394009687,26.7850998126904,25.9901144120086,2.73513157097303,2.82254609676557,5.82321316796467,9.05639119871823,26.6748400624285,9.05639119884396,3.94259568965217,1.70335461337037,8.00462943129401,33.2950971400707,33.2950971400707,9.602863324836,2.55460505700504,3.68532965046619,9.60286332494273,25.4974408578444,5.25348684898708,47.12648047314,3.41184495100951,3.51029792423933,2.41834244621608,5.25348684898708,3.51029792423933,5.25348684898708,0.494784890662074,3.51029792423933,5.25348684898708,5.25348684898708,5.25348684898708,0.521481035099447,3.51029792423933,5.25348684898708,5.25348684898708,5.25348684898708,5.25348684898708,3.41184495100951
15.2151012949346,4.26342149866557,6.27816077154989,18.8608237790067,5.7965421886921,20.1528678679259,22.7328730739136,25.6972813126413,7.69856237932208,6.01868761579876,7.99745255835139,29.8556279631501,30.7310063338279,30.0199379932936,2.93255487337589,2.97014613815486,5.79015026096112,9.0383432040233,30.6373046402168,9.03834320421782,4.11374420614395,2.00188442752187,8.82035225412107,38.1454910674098,38.1454910674098,9.67890331988994,2.71792559864114,3.84554334035879,9.67890331947027,29.040563077741,5.49540493328018,54.0037248542681,3.53833180016961,3.6706877444488,2.84252179521067,5.49540493328018,3.6706877444488,5.49540493328018,0.5301458578693,3.6706877444488,5.49540493328018,5.49540493328018,5.49540493328018,0.615793197988458,3.6706877444488,5.49540493328018,5.49540493328018,5.49540493328018,5.49540493328018,3.53833180016961
13.583486761369,4.18720961471627,6.23338572525156,16.5736215146803,5.73133152133106,17.6356249820766,20.1586956685575,22.6320038411193,7.65656397510658,6.20912114182219,7.94205566185296,26.350064568738,27.2179146665032,26.4960196438979,2.85919539343609,2.90118776849902,5.7188617320633,8.96568436532378,27.0093069923464,8.96568436506135,4.11042458483121,1.96848590616937,9.09536321662251,33.7899369665382,33.7899369665382,9.6175856321123,2.6055956944688,3.73158673610564,9.61758563201886,26.0690559146494,5.31527891685963,47.8178149364645,3.70640150174819,3.73399839228482,2.79136667865111,5.31527891685963,3.73399839228482,5.31527891685963,0.480993178345676,3.73399839228482,5.31527891685963,5.31527891685963,5.31527891685963,0.575270746756954,3.73399839228482,5.31527891685963,5.31527891685963,5.31527891685963,5.31527891685963,3.70640150174819
12.9193354608821,4.14192945657162,6.20386104540334,15.3544810311496,5.62849428843244,16.5558801773553,19.1189793921569,21.4264713986492,7.66302985735155,5.56093328161261,7.95364119514437,24.7957626968973,25.6937954243747,24.969471066125,2.6309158019082,2.79127655621329,5.5105614512787,8.97428851569518,25.4940570713403,8.97428851551029,3.97841360365489,1.76421850674235,8.16827577165189,31.9562358629953,31.9562358629953,9.71533775144269,2.36183289488342,3.48040959270593,9.71533775105634,25.5417286033616,4.96605725389363,45.235829017809,3.61203398162085,3.80469292269574,2.50402926915772,4.96605725389363,3.80469292269574,4.96605725389363,0.479747275616221,3.80469292269574,4.96605725389363,4.96605725389363,4.96605725389363,0.530607476806121,3.80469292269574,4.96605725389363,4.96605725389363,4.96605725389363,4.96605725389363,3.61203398162085
12.7339763030563,3.97765816976742,5.9231549872393,15.2527782240904,5.37346573134287,16.5948201753624,18.9927244366315,21.4117885303543,7.38457916181014,5.79419489757566,7.64363785571421,24.5927467282969,25.5336390175389,24.718616569773,2.30266103276025,2.35092801402382,5.2960199828975,8.63635626094789,25.3827564830108,8.63635626249934,3.55472209646486,1.58549556471375,8.47465518979547,31.6903663969266,31.6903663969266,9.22737522011952,2.00286556854269,3.02415896881191,9.22737522039007,28.579976204116,4.32488289614203,44.8551653559744,3.20341211074624,3.54039339893977,2.25186296454695,4.32488289614203,3.54039339893977,4.32488289614203,0.4385637339449,3.54039339893977,4.32488289614203,4.32488289614203,4.32488289614203,0.502563127131622,3.54039339893977,4.32488289614203,4.32488289614203,4.32488289614203,4.32488289614203,3.20341211074624
13.5157197030042,4.5273578946207,6.78712251015201,16.0112842593955,6.2238877446427,17.281702145843,19.9857252247412,22.3525013063167,8.53805064079875,5.8950331127479,8.77631536661607,25.6325823888232,26.6746403658714,25.8105860749768,2.51446267767711,2.72199705821041,5.82076734807414,9.97762664998121,26.4384807240428,9.97762665000852,3.85960962535715,1.68683888205544,8.65261374131066,33.1553261027099,33.1553261027099,10.8579888074703,2.20013314594988,3.34512289906651,10.8579888072152,25.8933986132777,4.77236822590906,46.9320648976218,3.75070924568138,3.49409753541745,2.39418314255881,4.77236822590906,3.49409753541745,4.77236822590906,0.485254941557492,3.49409753541745,4.77236822590906,4.77236822590906,4.77236822590906,0.549744484250942,3.49409753541745,4.77236822590906,4.77236822590906,4.77236822590906,4.77236822590906,3.75070924568138
13.6514010579219,4.68333294585594,6.86134322300047,16.1372924932762,6.28931071619776,17.3037391901592,20.0653020191077,22.4230872897838,8.57431376279424,5.41473093266805,8.83807658032308,25.784099415687,26.8985673947625,25.9491825143114,2.70608400829792,2.80828553026041,6.09675141059257,10.0191669454706,26.6892589976806,10.0191669453854,4.03352206799197,1.84567339417085,8.00725356538186,33.4335930896165,33.4335930896165,10.7492998201891,2.36797144353574,3.56063418545704,10.7492998203336,27.7839943749246,5.07478907768613,47.3300936397988,3.68241366070234,3.78843002212891,2.61811171792927,5.07478907768613,3.78843002212891,5.07478907768613,0.489430256627931,3.78843002212891,5.07478907768613,5.07478907768613,5.07478907768613,0.564073816834573,3.78843002212891,5.07478907768613,5.07478907768613,5.07478907768613,5.07478907768613,3.68241366070234
14.5413238635234,4.36354026011624,6.46837078815919,17.5929696847542,5.93651696491435,19.0062241094479,21.5806170348745,24.4014544890181,8.08478056318963,5.51212812370329,8.33175654782918,28.0211688912227,29.0215046996218,28.1627956544136,2.53871912543825,2.63881395474097,5.69489136834401,9.44445660787759,28.8111420686432,9.4444566066257,3.82707889245094,1.7133729884432,8.12059132468363,35.9411149194244,35.9411149194244,10.1813434991014,2.22418990199307,3.34173280768806,10.1813434990319,28.5271521883488,4.77050796994823,50.8679856303304,3.5516591464243,3.58766814340131,2.43218929605706,4.77050796994823,3.58766814340131,4.77050796994823,0.454721997167694,3.58766814340131,4.77050796994823,4.77050796994823,4.77050796994823,0.487230484574458,3.58766814340131,4.77050796994823,4.77050796994823,4.77050796994823,4.77050796994823,3.5516591464243
13.5094750031965,4.20631589439918,6.33214628104214,16.3414127939534,5.82167598755105,17.6052574068905,20.037638146401,22.6309296095042,7.83438867442624,5.76507392270754,8.09678984077213,25.9600328719774,27.0379717681906,26.1232038227429,2.69871969995334,2.82066406280238,5.89035574831152,9.15280816229394,26.8362621508843,9.15280816214756,3.95929284194698,1.74546570398188,8.43271294384157,33.5259113246279,33.5259113246279,9.65773533422858,2.48836652468702,3.58265923369039,9.65773533329392,24.8605557678099,5.10250701873036,47.4497443613733,3.5001655881232,3.6791553147408,2.4761255125323,5.10250701873036,3.6791553147408,5.10250701873036,0.451977275043844,3.6791553147408,5.10250701873036,5.10250701873036,5.10250701873036,0.582854688647188,3.6791553147408,5.10250701873036,5.10250701873036,5.10250701873036,5.10250701873036,3.5001655881232
14.7974210739161,4.34024813273581,6.33805493185289,18.0990241729568,5.78579851715123,19.6544845317806,22.2036854971684,25.2264833225753,7.88058420487236,6.19469143249327,8.14301120596627,28.9259088283453,29.9190320473281,29.0554255880187,2.5463111833283,2.70952444981387,5.61846135016524,9.20658897395624,29.7070733362886,9.20658897317144,3.8756264511413,1.65567327341182,9.01618328393613,37.0208976835945,37.0208976835945,9.91453839296264,2.26310044163356,3.38473000114586,9.91453839339848,28.7165178274444,4.83356309766992,52.4020341750406,3.50104237807695,3.73227378516781,2.35143738607726,4.83356309766992,3.73227378516781,4.83356309766992,0.445438282980918,3.73227378516781,4.83356309766992,4.83356309766992,4.83356309766992,0.534813002843544,3.73227378516781,4.83356309766992,4.83356309766992,4.83356309766992,4.83356309766992,3.50104237807695
15.0144100132337,4.36538771988122,6.45634361056791,18.2503448843388,5.89501565630424,19.7862797125407,22.3896514696646,25.2876580029096,7.99970819885763,6.15120651333922,8.25354200472782,29.2229146603604,30.1481522671204,29.3666430056256,2.81625237038333,2.89175339381366,5.7668074189034,9.36384219678969,30.0191549520825,9.36384219669903,3.96303629598007,1.86457660102231,8.96757000812745,37.361679169047,37.361679169047,10.1096400561946,2.57012004995735,3.71701719041996,10.1096400555768,29.989720379051,5.30322819236544,52.8838572314706,3.44454736888013,3.48288171501418,2.64657420892291,5.30322819236544,3.48288171501418,5.30322819236544,0.48758984658946,3.48288171501418,5.30322819236544,5.30322819236544,5.30322819236544,0.504400065525389,3.48288171501418,5.30322819236544,5.30322819236544,5.30322819236544,5.30322819236544,3.44454736888013
13.0483622632631,4.08740544380212,6.20410303608705,15.6842471342279,5.69103328249678,16.8965310252578,19.3696717517751,21.8139287666845,7.71898934552532,5.98920631479391,8.02119478135861,25.0263601749678,26.063974712753,25.1978950455664,2.40241835657932,2.57311797838728,5.84637078103655,9.04154253137429,25.8846504675274,9.04154252883725,3.85643511632905,1.69777779431821,8.78648948162299,32.4438712311427,32.4438712311427,9.42834704096406,2.10123860948289,3.1635295396814,9.42834704003666,25.4546255037788,4.51698708771538,45.9144233939504,3.6635019483223,3.85022154404444,2.40940071170363,4.51698708771538,3.85022154404444,4.51698708771538,0.501174008829855,3.85022154404444,4.51698708771538,4.51698708771538,4.51698708771538,0.545512347999687,3.85022154404444,4.51698708771538,4.51698708771538,4.51698708771538,4.51698708771538,3.6635019483223
13.1757178638062,3.8473347577511,5.90666692368913,15.8150356957438,5.38802778017437,17.2615950773812,19.6167642469555,22.1742173548312,7.39012972048706,5.46688853590112,7.62100146790561,25.4881694468992,26.4873015131978,25.6209462128141,2.35021099021424,2.39238494535613,5.48217535213378,8.6433677728701,26.3257697317081,8.64336777294066,3.47892603277915,1.69128594179545,8.03254512176849,32.8579613654825,32.8579613654825,9.0886888642809,1.99807783304947,3.04180511749206,9.08868886425124,26.1305180584134,4.34011939712133,46.5043120625873,3.28982892093863,3.19314961841101,2.39910652889827,4.34011939712133,3.19314961841101,4.34011939712133,0.446884365339066,3.19314961841101,4.34011939712133,4.34011939712133,4.34011939712133,0.557348430410121,3.19314961841101,4.34011939712133,4.34011939712133,4.34011939712133,4.34011939712133,3.28982892093863
12.735158582315,4.57549203829368,6.58366887758862,15.1192258576126,6.05566079648297,16.1217711015109,18.7481264194295,20.8254893292323,8.22433410706861,5.3525214430552,8.48509290251393,23.9504559530449,24.9260394754374,24.1286950926142,2.57071204926828,2.71402222960345,5.69875120375861,9.62270878507017,24.7927508277042,9.62270878567372,3.85584917989809,1.68556884991283,7.87911247550362,31.0451153401605,31.0451153401605,10.4483698247534,2.35468494434267,3.44020757437608,10.4483698247944,25.7384141713165,4.90880527243828,43.9381682094756,3.44778102525366,3.62733317613525,2.39301774174602,4.90880527243828,3.62733317613525,4.90880527243828,0.490685833473614,3.62733317613525,4.90880527243828,4.90880527243828,4.90880527243828,0.566064469653796,3.62733317613525,4.90880527243828,4.90880527243828,4.90880527243828,4.90880527243828,3.44778102525366
14.066777055414,4.70407881405278,6.91984688562007,16.9247254386139,6.39430294452656,18.1398826985,20.8195346241139,23.3532671718608,8.6403238484102,6.40515468497736,8.89090705660269,26.7681550760201,27.8594245197435,26.9353858589991,2.76866158604509,2.85599222605684,6.16595939692884,10.0926011509796,27.64180253008,10.0926011523295,4.08913138991122,1.77540306034146,9.38910607735569,34.5761937251252,34.5761937251252,10.8438594783356,2.5279828844166,3.69196053530917,10.8438594790917,28.1173113850607,5.2663551847629,48.9311330226162,3.74716982363215,3.67705775087155,2.52058669589684,5.2663551847629,3.67705775087155,5.2663551847629,0.486692817752906,3.67705775087155,5.2663551847629,5.2663551847629,5.2663551847629,0.573383979914054,3.67705775087155,5.2663551847629,5.2663551847629,5.2663551847629,5.2663551847629,3.74716982363215
12.8325916803643,4.15632275628808,6.17610392290323,15.199675439666,5.5847295343156,16.3733371656213,18.9890357281681,21.2275294733435,7.6399166264607,6.22188664702966,7.93661500832534,24.694975797296,25.5837941484795,24.8583409138061,2.62069772832027,2.71653838424442,5.54372649291229,8.94593444894188,25.3306117380696,8.94593444882569,3.99806188982386,1.89744304142912,9.123882767734,31.8187667375474,31.8187667375474,9.64406089272851,2.22927230292238,3.37465974600128,9.64406089244304,30.5736516262839,4.82176501232248,45.0462101371449,3.80275945795962,3.84632993063825,2.69251340148357,4.82176501232248,3.84632993063825,4.82176501232248,0.479507124368439,3.84632993063825,4.82176501232248,4.82176501232248,4.82176501232248,0.565903608892783,3.84632993063825,4.82176501232248,4.82176501232248,4.82176501232248,4.82176501232248,3.80275945795962
15.0601535007874,4.45720924004308,6.52728247958303,18.2452069945313,5.96757016238823,19.7724317185711,22.4366013223464,25.3380908950217,8.16049529663169,5.91848264117752,8.41329272223768,29.2497456829065,30.2792590060687,29.4087270638234,2.65923907132127,2.70796360659066,5.83654937093748,9.54857607773334,30.1487130428828,9.54857607721926,3.81432792920236,1.93645062966366,8.65304227301703,37.5323288446261,37.5323288446261,10.2247923363645,2.25584955176183,3.41292533637386,10.2247923373498,30.8044967407671,4.87597165059907,53.1149139550372,3.46946837978076,3.49976248747816,2.74776307175896,4.87597165059907,3.49976248747816,4.87597165059907,0.493791543776944,3.49976248747816,4.87597165059907,4.87597165059907,4.87597165059907,0.599650791409312,3.49976248747816,4.87597165059907,4.87597165059907,4.87597165059907,4.87597165059907,3.46946837978076
13.0592953205695,4.47418901742644,6.42867909781447,15.649830298358,5.93046862848238,16.6955414455419,19.2824836107367,21.4234565287981,8.05169559786651,5.36950645053547,8.29830446202255,24.8808242229478,25.7135637347569,25.03937072576,2.56840136648594,2.65440762234721,5.50296995954358,9.43670007361185,25.5827801607141,9.43670007388795,3.75689026461904,1.81390458960541,7.94455288736477,32.0337674098466,32.0337674098466,10.3335011311941,2.30065594399698,3.35950658079239,10.3335011311717,29.1383269458322,4.79969243937497,45.336514324532,3.57164555574388,3.29035536570368,2.57473094224,4.79969243937497,3.29035536570368,4.79969243937497,0.510897578159056,3.29035536570368,4.79969243937497,4.79969243937497,4.79969243937497,0.57865339137856,3.29035536570368,4.79969243937497,4.79969243937497,4.79969243937497,4.79969243937497,3.57164555574388
14.2754242970611,4.1878039628316,6.24766955438914,17.2962572984479,5.71669756483895,18.7480442147861,21.286506468972,24.1022608638938,7.76114300236139,5.73097450864994,8.00167361635757,27.7754156640137,28.725020106988,27.9123828540179,2.64612009215595,2.81498776433389,5.6114024427703,9.07385862351133,28.4975344892614,9.07385862389202,3.86403044148173,1.75598456661351,8.38471753835628,35.5847501962133,35.5847501962133,9.77647602492986,2.33506677289676,3.49361082127757,9.77647602487097,29.1036621803578,4.98136962538539,50.3711222719768,3.60736427055509,3.40001091327554,2.49174395490748,4.98136962538539,3.40001091327554,4.98136962538539,0.455698332520626,3.40001091327554,4.98136962538539,4.98136962538539,4.98136962538539,0.564824974652161,3.40001091327554,4.98136962538539,4.98136962538539,4.98136962538539,4.98136962538539,3.60736427055509
13.8267703621959,4.14148504578487,6.08810380224688,16.6579792941602,5.51481167839842,18.0922981541164,20.6292138213583,23.2916151918049,7.50205659316478,5.65911708392798,7.79548806352728,26.9315031213285,27.8220979425983,27.0592221008341,2.64136976551707,2.641480084259,5.53968154258817,8.79308464704892,27.7213847956879,8.79308464696645,3.87620610637973,1.78084594056517,8.31798198649154,34.5464668515679,34.5464668515679,9.39549377074826,2.36484829966649,3.49206248683491,9.39549377082145,26.0923378499291,4.97733485481823,48.9080157499684,3.30456603461595,3.73609665100271,2.52647653200759,4.97733485481823,3.73609665100271,4.97733485481823,0.485934478101425,3.73609665100271,4.97733485481823,4.97733485481823,4.97733485481823,0.554158720605154,3.73609665100271,4.97733485481823,4.97733485481823,4.97733485481823,4.97733485481823,3.30456603461595
14.8108398359594,4.49846697132045,6.59989033188671,17.794593692257,5.97895618200216,19.2677299114903,21.9751702510807,24.7007919291219,8.21920818073401,5.70480217049057,8.49444709807138,28.6326715906382,29.5634379889974,28.7890427070032,2.71363690269906,2.72802279674935,5.69287424012985,9.61203243655729,29.401278196559,9.61203243449128,3.97186127815196,1.96573625077543,8.38622934861294,36.6364600762142,36.6364600762142,10.4575899234963,2.3393612528193,3.48212973035832,10.4575899239199,25.539099752753,4.96914429297332,51.8455792794524,3.54666219739702,3.83786734990461,2.78828974089422,4.96914429297332,3.83786734990461,4.96914429297332,0.480892842243407,3.83786734990461,4.96914429297332,4.96914429297332,4.96914429297332,0.600523206442377,3.83786734990461,4.96914429297332,4.96914429297332,4.96914429297332,4.96914429297332,3.54666219739702
14.6231891080094,4.03025827800588,6.21139710554112,17.8542733590788,5.72757671038633,19.1389110262429,21.7678780008108,24.5596394410876,7.71964716576883,6.06836789535659,7.98347139029464,28.4430784277788,29.3714763957397,28.5722176046713,2.66752658681431,2.60152119048836,5.77931733633456,9.05110070739367,29.3020639167042,9.05110070705556,3.76374824361846,1.93698503322976,8.90054097952012,36.4557103220472,36.4557103220472,9.55240233987864,2.2630266537809,3.44643188319014,9.55240233955838,25.0490389884019,4.91556592749455,51.5858124872432,3.3612277592094,3.3823272522652,2.74703902749817,4.91556592749455,3.3823272522652,4.91556592749455,0.511433679286549,3.3823272522652,4.91556592749455,4.91556592749455,4.91556592749455,0.493525676136342,3.3823272522652,4.91556592749455,4.91556592749455,4.91556592749455,4.91556592749455,3.3612277592094
14.4670758752324,4.35328008107143,6.39298702307337,17.71307744752,5.90266948265689,19.0839444536758,21.580983761751,24.3852734677752,7.90399810285303,6.342662985181,8.17117696313193,28.1349595227477,29.0680859807952,28.3045461720062,2.80151353119617,3.0130507129361,5.90288915143949,9.26259099773879,28.8615251603346,9.26259099733713,4.09295362763425,1.81189099993077,9.26334584440405,36.0934106816405,36.0934106816405,9.90800055527668,2.63415245383112,3.73798595447701,9.90800055527668,28.6002612064807,5.33617612156159,51.0878833209762,3.8470069224592,3.49211563559829,2.57315576633191,5.33617612156159,3.49211563559829,5.33617612156159,0.511942136796325,3.49211563559829,5.33617612156159,5.33617612156159,5.33617612156159,0.510718586835202,3.49211563559829,5.33617612156159,5.33617612156159,5.33617612156159,5.33617612156159,3.8470069224592
13.861379154927,3.97979735696527,6.09864411776027,16.7706253271973,5.6104746669661,18.1149176847433,20.5755061735374,23.3349888612329,7.62088079013628,5.40268878157858,7.8613054958001,26.8112740616413,27.8642312940701,26.9497309592819,2.43957499123454,2.64462932873335,5.68229348129624,8.90290105000964,27.6009110458475,8.90290105012298,3.70010520568576,1.75985658603344,7.91962243607013,34.5179340843301,34.5179340843301,9.36362573656566,2.02981336101488,3.13515150429542,9.3636257366286,29.3352433126467,4.47922177458391,48.8535150728065,3.64005876951407,3.40923821860404,2.49737308172254,4.47922177458391,3.40923821860404,4.47922177458391,0.44182045036199,3.40923821860404,4.47922177458391,4.47922177458391,4.47922177458391,0.532654870885718,3.40923821860404,4.47922177458391,4.47922177458391,4.47922177458391,4.47922177458391,3.64005876951407
13.7227877401435,4.16564713068509,6.32342879045345,16.3936631280504,5.78545986694573,17.8892402906471,20.3339326662898,23.0106599755012,7.8699775973895,5.41558091137542,8.13407696385999,26.3022368089714,27.3858052442959,26.4761900566275,2.53393253312211,2.77703958346142,5.93070044159164,9.20543981996032,27.164513066529,9.20543982004481,3.89814781945382,1.66162498510763,7.97391443661014,34.0045231835941,34.0045231835941,9.67066286302875,2.28490235194088,3.39323980870417,9.67066286318037,26.0262926794697,4.83510986942684,48.1399140369764,3.72048121162328,3.58098863846841,2.35767061260403,4.83510986942684,3.58098863846841,4.83510986942684,0.481603633404905,3.58098863846841,4.83510986942684,4.83510986942684,4.83510986942684,0.55517707303231,3.58098863846841,4.83510986942684,4.83510986942684,4.83510986942684,4.83510986942684,3.72048121162328
13.7363088758039,4.36175862438522,6.26643294048,16.724240380105,5.7796278821615,17.8319297642357,20.4662295080427,22.9698839693077,7.80295164038706,5.91035169556286,8.05788148921276,26.6706590768249,27.4950252340208,26.7987294291045,2.60749860947912,2.65528756786205,5.39846845740034,9.14291446529362,27.3887604501494,9.14291446563927,3.74878321759274,1.8190955951618,8.63825755639444,34.1584569718665,34.1584569718665,9.9859055564302,2.26826292678162,3.42031721996174,9.98590555629457,28.3185843253094,4.87632586939974,48.3568138094794,3.33850816629274,3.41310779260959,2.58026399484855,4.87632586939974,3.41310779260959,4.87632586939974,0.489728590353716,3.41310779260959,4.87632586939974,4.87632586939974,4.87632586939974,0.551320222994946,3.41310779260959,4.87632586939974,4.87632586939974,4.87632586939974,4.87632586939974,3.33850816629274
14.5098744926473,4.28798493543974,6.26676541720455,17.5497993937166,5.71970775776109,19.0758707771624,21.6466573246731,24.4501560914708,7.79704372118459,5.85253881345683,8.0326052081034,28.2840953206273,29.155764909382,28.4294923010305,2.67632490605405,2.73392234026014,5.53807003978546,9.12832800493397,28.9754510072956,9.12832800481053,3.82026936703944,1.8097273874291,8.60080417124486,36.1470358541923,36.1470358541923,9.91430076104687,2.36597602172109,3.51831430498666,9.91430076094551,27.3430609412133,5.02440347119869,51.1642695888618,3.56491599872908,3.22886417089416,2.56917828384018,5.02440347119869,3.22886417089416,5.02440347119869,0.480191764456406,3.22886417089416,5.02440347119869,5.02440347119869,5.02440347119869,0.542751623836558,3.22886417089416,5.02440347119869,5.02440347119869,5.02440347119869,5.02440347119869,3.56491599872908
13.56943393105,4.29879364583751,6.24469731961515,16.3517399758469,5.71025916976371,17.6097574515408,20.1597225377222,22.7763431283979,7.73269580540204,5.42073591384718,7.9992441619757,26.1148195460138,27.1118307374472,26.2759896870945,2.58444565849244,2.61348538866764,5.5482567379361,9.03580820797667,26.9413117683071,9.03580820819606,3.85519843506149,1.62900029966756,7.98511765497098,33.6030334026536,33.6030334026536,9.72035225087985,2.31693909306137,3.45757962533736,9.72035225084534,28.2740515960888,4.92634572352633,47.5681071403828,3.29327577791846,3.74093382699765,2.31187188695437,4.92634572352633,3.74093382699765,4.92634572352633,0.440468908776497,3.74093382699765,4.92634572352633,4.92634572352633,4.92634572352633,0.512315607832825,3.74093382699765,4.92634572352633,4.92634572352633,4.92634572352633,4.92634572352633,3.29327577791846
14.2819843526566,4.60871540363129,6.59430920838544,17.155286130639,6.04812126436092,18.5264071393571,21.1899134699281,23.7756567796246,8.25262375224567,5.85378757180203,8.4890384008989,27.4667720799432,28.3864470301102,27.607430485653,2.66566954557037,2.68358591430131,5.71121402832192,9.66001078651124,28.2730386293203,9.66001078617998,3.7998119651925,1.81738938978627,8.60604196294344,35.2462267157563,35.2462267157563,10.511718347533,2.36100256983775,3.51596485316301,10.5117183475483,25.86888496508,5.01513331884846,49.8847409073705,3.44610746206208,3.29258639819592,2.57885519647482,5.01513331884846,3.29258639819592,5.01513331884846,0.499326959444339,3.29258639819592,5.01513331884846,5.01513331884846,5.01513331884846,0.533221385416674,3.29258639819592,5.01513331884846,5.01513331884846,5.01513331884846,5.01513331884846,3.44610746206208
12.832516271475,4.02380157476428,6.28599878307982,15.405335406424,5.83370334546009,16.3531751246304,18.9265411328489,21.2160963219105,7.84552105214973,5.42448562817361,8.09899290809492,24.4076899218321,25.4510662782127,24.5811905645337,2.5237878428461,2.71505653571114,5.88079556977379,9.17468613881343,25.2067827904351,9.17468613852147,3.82741497594732,1.77883558914351,7.99186599747767,31.6450620556476,31.6450620556476,9.6399986086012,2.14274460214244,3.29617505628963,9.63999860858221,26.3922278960778,4.69441304939727,44.7825688785613,3.73753455849305,3.4881360406805,2.52209438445681,4.69441304939727,3.4881360406805,4.69441304939727,0.474942684239003,3.4881360406805,4.69441304939727,4.69441304939727,4.69441304939727,0.592077839480999,3.4881360406805,4.69441304939727,4.69441304939727,4.69441304939727,4.69441304939727,3.73753455849305
13.655693892985,4.03455225110071,6.18122858608962,16.4924671528104,5.65759913228334,17.8424052696374,20.3201027340792,22.9450953008573,7.70367081911008,5.60530280701643,7.97312689061203,26.3587612195889,27.3580219661179,26.5002746793223,2.44430038262652,2.55207248214096,5.64176698267063,9.01554968549324,27.2094719011708,9.01554968557749,3.7254256953894,1.69888937114611,8.21824822824329,33.9598334977827,33.9598334977827,9.55570891091135,2.13958159190972,3.20609440063295,9.55570891089001,27.8499983510405,4.58289398393418,48.0625264048654,3.39798251148859,3.62095541177615,2.41228130350384,4.58289398393418,3.62095541177615,4.58289398393418,0.47325937084209,3.62095541177615,4.58289398393418,4.58289398393418,4.58289398393418,0.522570147938763,3.62095541177615,4.58289398393418,4.58289398393418,4.58289398393418,4.58289398393418,3.39798251148859
13.5846707084209,4.26224463703439,6.23617840348708,16.6735254552656,5.77116396577507,17.6675576658586,20.1855174936867,22.6696231739654,7.6972426030585,5.69696755332085,7.98623354011737,26.2924885263037,27.1470726431269,26.4407731968869,2.69542209689449,2.74882757855972,5.47592205000138,9.01952022518075,27.0231946948972,9.0195202259256,3.93927243529085,1.81775697669097,8.35463051146788,33.7292455032928,33.7292455032928,9.80063211185926,2.4912276850554,3.5548146353433,9.80063211181038,26.1498308141043,5.070259692533,47.7444762372171,3.3844103659046,3.76323032794418,2.5795087628849,5.070259692533,3.76323032794418,5.070259692533,0.487440042426615,3.76323032794418,5.070259692533,5.070259692533,5.070259692533,0.542770414417661,3.76323032794418,5.070259692533,5.070259692533,5.070259692533,5.070259692533,3.3844103659046
14.684908958655,4.68496591331712,6.81816693749379,17.7625085384623,6.27919923661394,19.14858168877,21.9021535902123,24.6130497191865,8.49849583378252,6.4370914255179,8.7482140297398,28.3013544450414,29.2323140841399,28.478778180952,2.79619536552202,2.87717867701189,5.92679194556173,9.95221401927227,29.1020377381488,9.95221401935923,4.04645495849995,1.72316486908981,9.44283693649273,36.3060595063175,36.3060595063175,10.8587329490117,2.57206127734234,3.7981468714744,10.8587329489405,31.0728595676512,5.40881381022577,51.376875465975,3.66208099994853,3.42142478656203,2.44548898665491,5.40881381022577,3.42142478656203,5.40881381022577,0.524476126882088,3.42142478656203,5.40881381022577,5.40881381022577,5.40881381022577,0.58508675950702,3.42142478656203,5.40881381022577,5.40881381022577,5.40881381022577,5.40881381022577,3.66208099994853
14.9037871313495,4.3859724433552,6.44928358583282,18.1289951550296,5.85772925216661,19.6428150091117,22.2447167611705,25.1219229089968,8.06544645645934,5.87429651989833,8.33867591284285,29.069336272758,30.0282575983939,29.2191921519428,2.52639017536004,2.59372444595004,5.52013583234046,9.42648756503969,29.7939343368765,9.42648756523758,3.86029938624135,1.91945374316323,8.61523300434349,37.1794580373894,37.1794580373894,10.2661476644037,2.11211864007888,3.17582723262485,10.2661476643542,27.679284587661,4.5397410119613,52.6193240553459,3.65848612643627,3.84380816925076,2.72300762864492,4.5397410119613,3.84380816925076,4.5397410119613,0.462242465214236,3.84380816925076,4.5397410119613,4.5397410119613,4.5397410119613,0.5932084299578,3.84380816925076,4.5397410119613,4.5397410119613,4.5397410119613,4.5397410119613,3.65848612643627
14.2459625741044,4.27370610644316,6.30370387858863,17.3917053076341,5.8032584256181,18.6137664827409,21.2662382891418,23.9609180369853,7.78525569185172,6.09876284412746,8.06992104093702,27.7262238139878,28.6063512970346,27.8958307117876,2.74768847550389,2.77538455037383,5.66570975677415,9.13242350444616,28.5095882834964,9.13242350416327,3.97333909014121,1.82738408567359,8.9445593003563,35.5459033214231,35.5459033214231,9.8453487205834,2.46368608938413,3.65449571276524,9.84534872000692,25.9199051852732,5.21982391786205,50.3081217167346,3.474550852963,3.61508208156852,2.59490269443326,5.21982391786205,3.61508208156852,5.21982391786205,0.516980202318191,3.61508208156852,5.21982391786205,5.21982391786205,5.21982391786205,0.547984391840802,3.61508208156852,5.21982391786205,5.21982391786205,5.21982391786205,5.21982391786205,3.474550852963
13.7851709911371,3.99114692964016,6.14369786631945,16.9064331812646,5.70997000444094,18.0288695942349,20.5050531343391,23.1846432239528,7.58086620347822,5.89099722227954,7.86549409042672,26.6883780930086,27.661917860406,26.8512197141145,2.66247978338982,2.81447142488523,5.85497430950484,8.8845366960319,27.5019092574812,8.88453669409052,3.95230446532503,1.76159935261911,8.63206770314648,34.3699317743026,34.3699317743026,9.29993978325485,2.40944098969033,3.54081355892782,9.29993978322974,28.9599793424597,5.0553281896549,48.6449688461648,3.60793688059127,3.61088957042672,2.50134775058678,5.0553281896549,3.61088957042672,5.0553281896549,0.500824232074317,3.61088957042672,5.0553281896549,5.0553281896549,5.0553281896549,0.537239418884082,3.61088957042672,5.0553281896549,5.0553281896549,5.0553281896549,5.0553281896549,3.60793688059127
15.1311071665506,4.59292423705615,6.77290612671067,18.5462266213767,6.29036182361413,19.8631658421672,22.4849333154928,25.5071845599138,8.41644678595868,6.039729462886,8.6820014084319,29.1959035160961,30.3022696323265,29.3427367701428,2.77392093704797,3.01528819742027,6.19452375113671,9.8248918241649,30.0051651260915,9.82489182573489,4.20255925167321,1.76918149933756,8.84675605343787,37.5081034367296,37.5081034367296,10.4619532282953,2.50569033169225,3.69576995522285,10.4619532282956,28.3483145682714,5.26384785449193,53.0861746500171,3.95423703459057,3.85911358679743,2.5101677382841,5.26384785449193,3.85911358679743,5.26384785449193,0.466557976710263,3.85911358679743,5.26384785449193,5.26384785449193,5.26384785449193,0.569758686047329,3.85911358679743,5.26384785449193,5.26384785449193,5.26384785449193,5.26384785449193,3.95423703459057
13.3264526444482,4.27763279920104,6.38646811958158,15.7581615294094,5.77372463724131,17.0644164776942,19.7079553414171,22.1362793393467,7.86916597865738,5.62440658396932,8.13995995266682,25.5225928413669,26.4837813488366,25.7150241552916,2.80035975119886,2.85173240436279,5.64090289705146,9.1981968584381,26.2776898226427,9.19819685824442,4.07386247776488,1.75460086716994,8.28245666252804,32.8588980541281,32.8588980541281,9.98746763419482,2.53489812886696,3.74098023646887,9.98746763419482,27.7115913959077,5.32484845707541,46.5126209610642,3.51358291925543,3.78013340620849,2.48895208993554,5.32484845707541,3.78013340620849,5.32484845707541,0.454237943083036,3.78013340620849,5.32484845707541,5.32484845707541,5.32484845707541,0.5391211323918,3.78013340620849,5.32484845707541,5.32484845707541,5.32484845707541,5.32484845707541,3.51358291925543
12.4956661433418,3.96755465628807,6.0739951369487,14.9105999097109,5.58857522564479,16.0023777974556,18.4466340979126,20.6565002099654,7.52912503761018,6.00207501035257,7.77264594094513,23.9002115830717,24.8651013339322,24.0609299241939,2.65922318025821,2.67229095774988,5.65784437583079,8.81921048486501,24.7231603823472,8.8192104847876,3.75768372580096,1.80879501072806,8.79365641265536,30.9594406809984,30.9594406809984,9.34243547516308,2.38602256977455,3.50187173177837,9.34243547515037,23.910002344587,4.9918337462447,43.8349330052886,3.39920454566307,3.2261938913441,2.56600132518893,4.9918337462447,3.2261938913441,4.9918337462447,0.481577482210991,3.2261938913441,4.9918337462447,4.9918337462447,4.9918337462447,0.504996560128572,3.2261938913441,4.9918337462447,4.9918337462447,4.9918337462447,4.9918337462447,3.39920454566307
13.4105691261423,4.1439259477036,6.2952088217396,16.2956674305579,5.83266864847381,17.3124800298866,19.824231426948,22.3036138926476,7.7717664312041,5.50091749182601,8.07464137902099,25.7772793306893,26.7497856380972,25.9442275969808,2.68342571359908,2.83000834040867,5.79733200090552,9.10644679805961,26.5581655624265,9.10644679773672,4.0562503543222,1.83122239268092,8.11514467690038,33.2852506075556,33.2852506075556,9.68924014362455,2.44153208775138,3.54247971711264,9.68924014362455,26.8569061018014,5.05093833567878,47.1421667494536,3.71196076299674,3.86360282949149,2.59807910161127,5.05093833567878,3.86360282949149,5.05093833567878,0.503813224748551,3.86360282949149,5.05093833567878,5.05093833567878,5.05093833567878,0.530599610104628,3.86360282949149,5.05093833567878,5.05093833567878,5.05093833567878,5.05093833567878,3.71196076299674
13.8783168226794,3.98179631695885,6.11726046733013,16.7183185355347,5.59720478060653,18.2429769266264,20.6191858284248,23.3161755800498,7.63489868969165,5.78136499414871,7.88482306956546,26.9094383846328,27.8662416450747,27.0534487778932,2.49840780156909,2.6976803723317,5.68903600615446,8.93960395833743,27.6191082576489,8.9396039582061,3.78288632135963,1.79792498892442,8.4941927168562,34.5994528100773,34.5994528100773,9.4675268504152,2.19391589607252,3.23618160044691,9.46752685042038,25.0461830931312,4.63189311021749,48.9848702002932,3.81560712976498,3.3284569992483,2.55297516139323,4.63189311021749,3.3284569992483,4.63189311021749,0.48523533884569,3.3284569992483,4.63189311021749,4.63189311021749,4.63189311021749,0.493522012155589,3.3284569992483,4.63189311021749,4.63189311021749,4.63189311021749,4.63189311021749,3.81560712976498
13.6672473753099,4.19213635118638,6.33654282865318,16.3218166430696,5.77670560377627,17.6821974403155,20.2953727661433,22.8397356978064,7.82422474690272,6.12972245207766,8.09111504720265,26.2946819466131,27.3023966472819,26.4942107534503,2.79563378883675,2.92432742845077,5.92029865701168,9.16286009308324,27.1561523780119,9.16286009312174,4.00740402947021,1.81070880831642,8.94725616200529,33.9197463261672,33.9197463261672,9.703857266716,2.50776249776701,3.72196998216778,9.70385726670518,25.4339368725452,5.31981136644517,48.0007184755699,3.55183499691249,3.52832491900151,2.57264889256673,5.31981136644517,3.52832491900151,5.31981136644517,0.496814371577588,3.52832491900151,5.31981136644517,5.31981136644517,5.31981136644517,0.583303609015656,3.52832491900151,5.31981136644517,5.31981136644517,5.31981136644517,5.31981136644517,3.55183499691249
13.1397137466755,4.34874112909153,6.52040181656624,15.8766659944682,6.04381801921813,16.8070967032315,19.4360554152212,21.811875416237,8.11270000602398,6.19228622136961,8.38543301747763,25.0045945636699,26.097983338386,25.1579271287709,2.60058244407424,2.64717827909962,5.89172200850142,9.47414215352999,25.8944344495514,9.47414215427317,3.94202742691117,1.73101749251631,9.06234719650308,32.3956883378827,32.3956883375859,10.0802240733437,2.28055317538923,3.42584211482597,10.0802240739193,27.6034070290373,4.89481421151556,45.8599067440381,3.49547992062731,3.86991621393007,2.4584002535489,4.89481421151556,3.86991621393007,4.89481421151556,0.455352303138099,3.86991621393007,4.89481421151556,4.89481421151556,4.89481421151556,0.573423523752671,3.86991621393007,4.89481421151556,4.89481421151556,4.89481421151556,4.89481421151556,3.49547992062731
14.3993819043052,4.58193304247322,6.73898104764374,17.3908471515141,6.2319340559325,18.7648459209991,21.3503106909131,24.0359684553201,8.41664274676085,6.02142576506897,8.64911149316718,27.5684788347972,28.6541250456724,27.7470772981544,2.76170156233833,2.84965102484857,6.03100106502033,9.84336209834378,28.5410740121658,9.84336209835028,3.89432288208316,1.78395794428321,8.80073958765949,35.5691372357364,35.5691372357364,10.5615615014959,2.5412978056053,3.70144521031001,10.5615615015105,25.7333564605853,5.27113672108513,50.3474985986957,3.42762392504314,3.30861912156568,2.53070375748694,5.27113672108513,3.30861912156568,5.27113672108513,0.497982523339187,3.30861912156568,5.27113672108513,5.27113672108513,5.27113672108513,0.547984800601616,3.30861912156568,5.27113672108513,5.27113672108513,5.27113672108513,5.27113672108513,3.42762392504314
12.7186112015364,4.35297601898774,6.49496999975875,15.0711978428547,5.99110878079334,16.0587086207807,18.7191355179302,20.8185319696715,8.153158711694,5.26180922124641,8.38854396334209,23.981536296711,24.928147900172,24.135595067199,2.48597743090953,2.62716744899504,5.67065456875043,9.53570964766811,24.7408054277495,9.53570964756297,3.73681146172027,1.69394047265221,7.78527362399567,31.0278047112651,31.0278047112651,10.3188223388102,2.16059147695655,3.29418378290731,10.3188223388273,25.871872879637,4.70306887145363,43.9052999261818,3.58365663018352,3.33917863494032,2.40451046266856,4.70306887145363,3.33917863494032,4.70306887145363,0.481782751778751,3.33917863494032,4.70306887145363,4.70306887145363,4.70306887145363,0.561362844140631,3.33917863494032,4.70306887145363,4.70306887145363,4.70306887145363,4.70306887145363,3.58365663018352
13.6655954050828,4.02060460484684,6.16386735878329,16.6095479119831,5.71278251908881,17.6557121531371,20.1776942025302,22.7785577074175,7.64644516678253,5.39286374706544,7.92369102391296,26.2688824076035,27.2924379435248,26.4306963916516,2.57820515077731,2.69508407741266,5.76864637605316,8.94419687453404,27.0649378994738,8.94419687444621,3.8902941793559,1.85159653069829,7.95720889282126,33.8667600009408,33.8667600009408,9.4094958531804,2.19003994403842,3.32936595591557,9.40949585312783,25.5047557522015,4.7502677945318,47.9255802502471,3.67967313761443,3.69573024024972,2.62643956890575,4.7502677945318,3.69573024024972,4.7502677945318,0.469615977192211,3.69573024024972,4.7502677945318,4.7502677945318,4.7502677945318,0.499391645445074,3.69573024024972,4.7502677945318,4.7502677945318,4.7502677945318,4.7502677945318,3.67967313761443
13.6982989413752,4.16123455848835,6.32843561674252,16.386216046672,5.74602396837316,17.7401827008628,20.339232314284,22.8844603601288,7.80742699491744,6.06312981291861,8.10276474017281,26.422672295774,27.389742823465,26.57613376337,2.73368817546335,2.76191864299189,5.85486114666294,9.14400633612824,27.2459966344917,9.1440063359864,4.03002097587571,1.8354718131868,8.89921366226622,34.0288138669434,34.0288138669434,9.69470265981903,2.45042043323147,3.60828830090807,9.69470266073959,26.9939966951451,5.14811929062087,48.1619099384006,3.52979368312027,3.83016482840651,2.60505463322911,5.14811929062087,3.83016482840651,5.14811929062087,0.496010648443829,3.83016482840651,5.14811929062087,5.14811929062087,5.14811929062087,0.558997635588326,3.83016482840651,5.14811929062087,5.14811929062087,5.14811929062087,5.14811929062087,3.52979368312027
14.4032465085658,4.47464339478472,6.57167634645066,17.3831430708032,6.01592473405085,18.6578177236584,21.3424441018506,24.05512848219,8.12965132704223,5.96514898035786,8.40516268578527,27.7757523723764,28.8507075203182,27.9403600721932,2.85986037718827,2.86157145437329,6.0026198078324,9.50089642656273,28.6790537302578,9.50089642449896,4.08125437107631,1.96923692676835,8.7364552752478,35.7569843521537,35.7569843521537,10.1080250988765,2.50176473492535,3.71288475547088,10.1080250994778,25.4151819210116,5.30884567392762,50.6118211221779,3.49883149280573,3.84785571214775,2.79629233451812,5.30884567392762,3.84785571214775,5.30884567392762,0.471764365285801,3.84785571214775,5.30884567392762,5.30884567392762,5.30884567392762,0.599645239483642,3.84785571214775,5.30884567392762,5.30884567392762,5.30884567392762,5.30884567392762,3.49883149280573
13.3646224693577,4.44031095760978,6.41316252596422,16.0784833166493,5.89041525239991,17.2526460736225,19.7820767950631,22.2049597089163,8.04967478113462,5.42173996513638,8.30348524328888,25.6450270540148,26.572352230424,25.7640573983107,2.39202869271555,2.55219975032551,5.40750895823216,9.40340523670605,26.293095612991,9.40340523604148,3.76871282724642,1.73726428109975,7.99415325989802,32.9716850814557,32.9716850814557,10.2951927404709,2.0464552442322,3.07423848255605,10.2951927405447,29.0963704029063,4.3981222964965,46.669686712153,3.6851961896204,3.67553340414441,2.46624285507776,4.3981222964965,3.67553340414441,4.3981222964965,0.450304797295088,3.67553340414441,4.3981222964965,4.3981222964965,4.3981222964965,0.512464281633486,3.67553340414441,4.3981222964965,4.3981222964965,4.3981222964965,4.3981222964965,3.6851961896204
14.3878297358804,4.51060129904313,6.69454270124172,17.3234169443543,6.10871071906804,18.7204290878578,21.399919204504,24.091049014368,8.30248090146032,6.19143782543701,8.548214022038,27.7464690481298,28.7649768740468,27.9137190128152,2.87539562979091,2.92078214020154,5.89467322549557,9.69638752651891,28.5799103031819,9.69638752742361,4.07210802307275,1.83465474088309,9.04203010590967,35.6300017571692,35.6300017571692,10.5092785373609,2.61101513681021,3.81936846282128,10.50927853772,30.8526998646695,5.43978478274823,50.4292258358051,3.50027361857557,3.64127410313311,2.60283725697752,5.43978478274823,3.64127410313311,5.43978478274823,0.458321562041876,3.64127410313311,5.43978478274823,5.43978478274823,5.43978478274823,0.600588503738148,3.64127410313311,5.43978478274823,5.43978478274823,5.43978478274823,5.43978478274823,3.50027361857557
13.2252978473554,4.22380653750107,6.28057028703153,16.0830934369133,5.82378067136603,17.0810940166723,19.621711654419,22.0660304868521,7.76021646318784,6.31985062004823,8.00950823873776,25.5231671838777,26.4816806322334,25.6847020909182,2.79064764173921,2.87410757383485,5.71449379419591,9.07501503494489,26.212911255733,9.07501503545621,4.0284983272725,1.83174270554063,9.25796988032972,32.8744381711731,32.8744381711731,9.77395077446524,2.50819529406175,3.68366039802665,9.77395077486279,28.6329374960143,5.25499929227408,46.5368382042456,3.76332370906684,3.46379238034855,2.59998763687935,5.25499929227408,3.46379238034855,5.25499929227408,0.462499553306137,3.46379238034855,5.25499929227408,5.25499929227408,5.25499929227408,0.560035186672666,3.46379238034855,5.25499929227408,5.25499929227408,5.25499929227408,5.25499929227408,3.76332370906684
12.7660533127475,3.99333448374003,6.21282820483019,15.2541410238336,5.75318601776242,16.3276643240138,18.813529755735,21.1545679936636,7.78122503960915,5.21896993334747,8.00290429435454,24.2278707998705,25.3105895605054,24.3920026626357,2.45241250503649,2.65766620603476,5.75158430801653,9.08675161558748,25.0568409537456,9.08675161632774,3.67176060813318,1.68184109037843,7.67298929768449,31.4138334296938,31.4138334296938,9.58612799105921,2.09291014633895,3.21213784317451,9.58612799112277,27.1265904781105,4.59277944569932,44.4547864812287,3.58211954975542,3.25198599997368,2.38846842341772,4.59277944569932,3.25198599997368,4.59277944569932,0.440551862132273,3.25198599997368,4.59277944569932,4.59277944569932,4.59277944569932,0.547435699719169,3.25198599997368,4.59277944569932,4.59277944569932,4.59277944569932,4.59277944569932,3.58211954975542
13.5445139717061,4.15713055363356,6.32478277952098,16.2223328865542,5.77083810801307,17.5890252186828,20.1716021180796,22.7391686789987,7.90199362047728,6.01569599041415,8.16979434039993,26.0678785517798,27.1043838982418,26.2093352921031,2.43406912240034,2.49269624736491,5.68947850660715,9.24282379540999,26.9863090456542,9.24282379544602,3.70759736328929,1.68094966604604,8.78643004221709,33.6544893402017,33.6544893402017,9.82784579560212,2.08770362192345,3.1985124677467,9.82784579563621,24.1774610255015,4.58013435266182,47.6419368638174,3.29077398881375,3.67112274209041,2.38856779286142,4.58013435266182,3.67112274209041,4.58013435266182,0.474631562955655,3.67112274209041,4.58013435266182,4.58013435266182,4.58013435266182,0.551646771487506,3.67112274209041,4.58013435266182,4.58013435266182,4.58013435266182,4.58013435266182,3.29077398881375
12.8922080409884,4.07329491150029,6.13015982586624,15.5281188861512,5.64997897121136,16.6708495067614,19.1144078881059,21.4089491143915,7.62607784665641,5.89295253394681,7.86492471154554,24.7785115880423,25.6820435779187,24.9396358552008,2.60433993802983,2.70040086787971,5.50017126988348,8.93693418763931,25.5638304444193,8.93693418882438,3.69878556889317,1.76645650003061,8.60357008272957,31.9600576705345,31.9600576705345,9.62550776691687,2.3726079682159,3.44445737168696,9.62550776640137,28.475562137184,4.90516605725304,45.2550716325912,3.35621566973608,3.168197758425,2.50510681736889,4.90516605725304,3.168197758425,4.90516605725304,0.486481005793713,3.168197758425,4.90516605725304,4.90516605725304,4.90516605725304,0.496512695580215,3.168197758425,4.90516605725304,4.90516605725304,4.90516605725304,4.90516605725304,3.35621566973608
14.7778636415572,4.17657720778423,6.31215781711636,17.7946218742911,5.71577408752,19.3579764259562,22.0226072345146,24.9747929314189,7.81653992458951,5.5516495822568,8.11685814708984,28.6961411780071,29.6743888961895,28.8523876772418,2.5600347912043,2.74779167953038,5.67042207382686,9.14831688717623,29.4952887336582,9.14831688713804,3.9739335953357,1.71857842904868,8.14251006372338,36.7804955835214,36.7804955835214,9.80075277133585,2.22160373894611,3.40590622468409,9.80075277099647,28.0375600485553,4.84870228660435,52.0539219403654,3.5771252913821,3.95353409070957,2.43705338346246,4.84870228660435,3.95353409070957,4.84870228660435,0.480806646997089,3.95353409070957,4.84870228660435,4.84870228660435,4.84870228660435,0.515111166133704,3.95353409070957,4.84870228660435,4.84870228660435,4.84870228660435,4.84870228660435,3.5771252913821
14.3750825929793,4.31190415159982,6.29228965531293,17.4477707458552,5.73508635976673,18.9782358000234,21.4345498012388,24.307070404352,7.7972617899849,5.75320005806303,8.06427769899542,27.8419582592349,28.8417235798555,27.9797366128359,2.58987540996081,2.68710911108767,5.64347973608842,9.11072330639635,28.683611358762,9.11072330667039,3.86851318009306,1.63244976422055,8.40930427407958,35.706635543055,35.706635543055,9.75677526249311,2.39373568509833,3.46681958699803,9.75677526269655,24.5194676615556,4.94775758528234,50.5341188585638,3.31481602264714,3.74609290185816,2.31850615507645,4.94775758528234,3.74609290185816,4.94775758528234,0.445305044785983,3.74609290185816,4.94775758528234,4.94775758528234,4.94775758528234,0.513411909253219,3.74609290185816,4.94775758528234,4.94775758528234,4.94775758528234,4.94775758528234,3.31481602264714
15.0695948620208,4.65399822971992,6.8487181138839,18.0286551873826,6.26812409253897,19.4917064883204,22.242082170208,25.0095971384735,8.62128586236562,5.50842586486043,8.8692279237568,28.8391041598218,29.889870111104,29.0002502344062,2.58209801569349,2.72040703639319,5.93034241651984,10.0739956987457,29.6689565445699,10.0739956988759,3.88100390421569,1.92734839735351,8.11476200752637,37.0537645046787,37.0537645046787,10.9004693598088,2.14088845657668,3.29938800175728,10.9004693598088,30.2440669417136,4.70507982302002,52.4487986368467,3.77050035630272,3.6292961537816,2.73260257352087,4.70507982302002,3.6292961537816,4.70507982302002,0.488326174090412,3.6292961537816,4.70507982302002,4.70507982302002,4.70507982302002,0.520479895932721,3.6292961537816,4.70507982302002,4.70507982302002,4.70507982302002,4.70507982302002,3.77050035630272
13.266724419451,4.63547363525527,6.80904149916806,15.716852823325,6.2773480490024,16.7772326900291,19.4424465120093,21.646077384719,8.51307626384826,5.94926130324722,8.73758397391776,24.9329686281965,26.0187208913631,25.1228595134902,2.79094929292537,2.96118345267738,6.04264252943476,9.93551141698602,25.7306739408328,9.93551141638966,4.03306064843022,1.86559275025718,8.71372339903177,32.2990419533836,32.2990419533836,10.7233714867913,2.50051370020953,3.65428091218994,10.7233714874115,29.2517843462252,5.22404493979279,45.7092986136683,3.84279767316566,3.43484801058117,2.64981968437478,5.22404493979279,3.43484801058117,5.22404493979279,0.458978650543702,3.43484801058117,5.22404493979279,5.22404493979279,5.22404493979279,0.496478411405375,3.43484801058117,5.22404493979279,5.22404493979279,5.22404493979279,5.22404493979279,3.84279767316566
13.1434531358991,3.97325282618671,5.95315575462841,15.840198789176,5.41575902968652,17.2003357720125,19.6394727877186,22.1526654161906,7.38860401751165,5.94149832946104,7.65819615082033,25.5476641570755,26.4122591609154,25.6753003559587,2.43110468888871,2.56824320930048,5.35722764391912,8.65490109865238,26.2553940763404,8.65490109864297,3.70284603498828,1.64486628276287,8.67369074513693,32.8061598652771,32.8061598652771,9.28156889647826,2.15742765006357,3.22774250641404,9.28156889639141,28.2610510510612,4.60064366351183,46.4374038080367,3.39889262298062,3.5280867810849,2.33359651160405,4.60064366351183,3.5280867810849,4.60064366351183,0.468068911679802,3.5280867810849,4.60064366351183,4.60064366351183,4.60064366351183,0.524313217079545,3.5280867810849,4.60064366351183,4.60064366351183,4.60064366351183,4.60064366351183,3.39889262298062
12.8040350248902,4.03416387412434,6.24325142531402,15.3206181224385,5.77791702615649,16.3594436364533,18.8479075104347,21.1273304464351,7.81138484154674,5.35146162633441,8.03191363190624,24.3509563221495,25.427449838096,24.5240166323971,2.56089313390603,2.67888319546735,5.76048231962617,9.12359132356217,25.1600692886315,9.12359132369341,3.72991476851155,1.83740385397635,7.88755874733521,31.5670424008605,31.5670424008605,9.66806580216195,2.17290357825823,3.28513661226962,9.66806580250433,24.3196312594326,4.70373549354965,44.6737939537935,3.6663475214641,3.22108904822585,2.60922378468779,4.70373549354965,3.22108904822585,4.70373549354965,0.445936829030385,3.22108904822585,4.70373549354965,4.70373549354965,4.70373549354965,0.563993383798217,3.22108904822585,4.70373549354965,4.70373549354965,4.70373549354965,4.70373549354965,3.6663475214641
13.7229714834523,4.55969657663815,6.53500546555664,16.6680552960422,6.07298332575764,17.6776265593381,20.2602561346658,22.6733057608624,8.12692905536807,5.46450243438705,8.3894105158837,26.3035883735118,27.1945540457793,26.4823778047691,2.75025594320188,2.93688223436511,5.69523977609846,9.51586550973108,26.961023525921,9.51586550995138,4.05214736681965,1.87595918038296,8.07011778607647,33.8105497152475,33.8105497152475,10.4022302883594,2.51562700124419,3.60636796299302,10.4022302875075,29.9594445639073,5.15621284856637,47.8678485883718,3.86957387016163,3.55521598940564,2.66433660369441,5.15621284856637,3.55521598940564,5.15621284856637,0.502282893311017,3.55521598940564,5.15621284856637,5.15621284856637,5.15621284856637,0.563736377952324,3.55521598940564,5.15621284856637,5.15621284856637,5.15621284856637,5.15621284856637,3.86957387016163
12.9759483608155,4.3707675669827,6.49697952323934,15.3977640290735,5.94723570560464,16.4184268615431,19.0708485472692,21.2946874036909,8.03594217612628,5.61924705052045,8.30442194604481,24.6326243307276,25.6007505926101,24.7957465222055,2.79685016717384,2.94381010114436,5.73661851966772,9.39439012267022,25.3799087097418,9.39439012300658,4.07708792099258,1.82249051327347,8.2348033830788,31.8149683244375,31.8149683244375,10.1892391599238,2.53176707364292,3.69978550766694,10.1892391593723,26.9876373612975,5.28023909158209,45.0413864843569,3.59956586099065,3.77393599601351,2.58750578603782,5.28023909158209,3.77393599601351,5.28023909158209,0.465401685989441,3.77393599601351,5.28023909158209,5.28023909158209,5.28023909158209,0.486273296379492,3.77393599601351,5.28023909158209,5.28023909158209,5.28023909158209,5.28023909158209,3.59956586099065
14.0991661810412,4.43128391138885,6.49965063484603,16.9852567342711,5.97294662672646,18.2036067780896,20.8678252633359,23.486396788614,8.03826842216491,5.91378045768967,8.2999094618405,27.1338846723626,28.155582227343,27.329161851173,2.8727207979858,2.98153925570362,5.94245106111832,9.40222729756441,27.9150852107251,9.40222729744505,4.12562691920194,1.9274060284115,8.69072887140593,34.9350858279281,34.9350858279281,10.0792560570571,2.54161368621231,3.76749801512137,10.0792560570158,30.0523736479122,5.37696385776346,49.4465579103143,3.80735392884401,3.60027605989554,2.73575478513025,5.37696385776346,3.60027605989554,5.37696385776346,0.483739688591438,3.60027605989554,5.37696385776346,5.37696385776346,5.37696385776346,0.572196988641095,3.60027605989554,5.37696385776346,5.37696385776346,5.37696385776346,5.37696385776346,3.80735392884401
13.6096252237602,4.67490034007495,6.85551420713482,16.1701465647559,6.30669941530568,17.3391522106325,20.022271498462,22.3294085560511,8.54708283831287,6.33529983660707,8.80262857752774,25.7623313706679,26.8143608822237,25.9280552560864,2.82905434760538,2.99120046967798,6.2115294872288,9.99361722401184,26.5810963157099,9.99361722262637,4.13575592815862,1.90523359856927,9.27066731271885,33.3463153762635,33.3463153762635,10.6956163143678,2.56763505722654,3.73312782235242,10.6956163149517,26.5765034180271,5.31969841817846,47.1983989157048,3.90086730014475,3.6120010004021,2.70266962797588,5.31969841817846,3.6120010004021,5.31969841817846,0.504790102793714,3.6120010004021,5.31969841817846,5.31969841817846,5.31969841817846,0.540091297378565,3.6120010004021,5.31969841817846,5.31969841817846,5.31969841817846,5.31969841817846,3.90086730014475
14.1360578389287,4.46561658944563,6.62258945812171,17.2877757262692,6.18434238067696,18.3656592390344,20.8795769442208,23.5308622027193,8.25340147217691,5.49968836850261,8.49391905735304,27.0203401319495,28.1245743758706,27.1934529043858,2.73141436203091,2.87902973395631,5.93554237680713,9.63487586450087,27.8769223134098,9.63487586553461,3.97938998589316,1.82400642374463,8.07919448080597,34.8467651492132,34.8467651492132,10.3420820302844,2.48735331140849,3.58747724407564,10.3420820313082,26.5578421628882,5.11409648525771,49.3285489132405,3.66321529238407,3.57792957099338,2.58794061657985,5.11409648525771,3.57792957099338,5.11409648525771,0.452605894957104,3.57792957099338,5.11409648525771,5.11409648525771,5.11409648525771,0.571522111805979,3.57792957099338,5.11409648525771,5.11409648525771,5.11409648525771,5.11409648525771,3.66321529238407
12.5911499632376,4.47925722396546,6.55092933237292,15.1076222785227,6.10744764852793,15.7474269742281,18.4446691253966,20.3342532047158,8.2199608270442,5.37669701064053,8.48837646760933,23.6162649150408,24.5332711799064,23.7914400721243,2.50327699652894,2.60677834174856,5.6041851490327,9.62428549786561,24.3846604596999,9.62428549797612,3.78734495154522,1.86326659146897,7.9282739595877,30.5956684504552,30.5956684504552,10.4746786373417,2.14646237289432,3.20600305564708,10.4746786373973,29.2431889258532,4.58774017681998,43.2938937287138,3.57334354214344,3.64690843355165,2.64481143462615,4.58774017681998,3.64690843355165,4.58774017681998,0.504036650311068,3.64690843355165,4.58774017681998,4.58774017681998,4.58774017681998,0.505102608300937,3.64690843355165,4.58774017681998,4.58774017681998,4.58774017681998,4.58774017681998,3.57334354214344
14.3167420946295,4.44213761274784,6.51163835836084,17.1981866439989,5.91489182874795,18.6079255653161,21.2860044901289,23.933940850592,8.10052677227853,6.2342338654952,8.39739396392221,27.7550892622041,28.708884269679,27.90628247769,2.66733180327326,2.83426811066051,5.82939660704986,9.48659876446589,28.4863218663357,9.48659876429079,4.05535418458505,1.96665953949837,9.11269564921321,35.6596387035106,35.6596387035106,10.1967954481338,2.27448331700643,3.41061215155568,10.1967954481338,28.1535719260918,4.88146084650513,50.4683165016961,3.86774877547752,3.89862147680191,2.79188249386984,4.88146084650513,3.89862147680191,4.88146084650513,0.510666609050725,3.89862147680191,4.88146084650513,4.88146084650513,4.88146084650513,0.572834085245596,3.89862147680191,4.88146084650513,4.88146084650513,4.88146084650513,4.88146084650513,3.86774877547752
14.2720879759644,3.97287780270883,5.98386515872385,17.6173111678121,5.52479971505101,18.8430707892434,21.2445258688067,24.1293847123996,7.39104255265671,5.44384855815319,7.6673747353005,27.8532949605764,28.8014900516693,27.9830863967749,2.57259724361634,2.79302580023684,5.55624207152003,8.64325389059299,28.5385253483438,8.64325389008294,3.89218093101223,1.79843159877606,7.96844333000568,35.6649069842789,35.6649069842789,9.16735780183709,2.26942495127877,3.33918755053862,9.16735780229304,28.295413829803,4.76697218832584,50.4832304919564,3.67689281082532,3.68275802469215,2.55203510292514,4.76697218832584,3.68275802469215,4.76697218832584,0.44611909792956,3.68275802469215,4.76697218832584,4.76697218832584,4.76697218832584,0.51949868462407,3.68275802469215,4.76697218832584,4.76697218832584,4.76697218832584,4.76697218832584,3.67689281082532
14.2075301957362,4.53077348368833,6.66376536920575,17.4265324384339,6.2068638081205,18.5051459357942,21.089348485569,23.662567253352,8.34517975154825,5.77271601776806,8.57473837335097,27.3267240264698,28.2921609620477,27.4771509439588,2.67129935432063,2.71989494552163,5.67559128570847,9.74919909549106,28.0762919092216,9.74919909521619,3.86609200671643,1.84279851187417,8.49374540528154,35.0681432899339,35.0681432899339,10.6769175619973,2.40008525676048,3.48952589675992,10.676917561098,28.6159746418492,4.97072273206488,49.6300771532914,3.60636082043479,3.42044925557143,2.61318554919485,4.97072273206488,3.42044925557143,4.97072273206488,0.4641603248278,3.42044925557143,4.97072273206488,4.97072273206488,4.97072273206488,0.600956753471195,3.42044925557143,4.97072273206488,4.97072273206488,4.97072273206488,4.97072273206488,3.60636082043479
13.0595377617935,4.40221295498341,6.55308897693382,15.6447205129412,6.06882423369579,16.6949168424882,19.2602000132856,21.6144479816331,8.14837798366346,6.09529984107395,8.39633572505996,24.7960446397853,25.836195616269,24.9582050796771,2.69961411373369,2.97114054405409,5.97105091306271,9.5179904320482,25.5326438142199,9.51799043209786,4.06159436063544,1.69583665641359,8.9050203179707,32.0922757644489,32.0922757644489,10.1767727498499,2.45910620841556,3.62078009121502,10.176772749797,27.4384008798139,5.15756824155463,45.4254095421034,3.88408811905237,3.57873389833609,2.40646987057716,5.15756824155463,3.57873389833609,5.15756824155463,0.463641945577098,3.57873389833609,5.15756824155463,5.15756824155463,5.15756824155463,0.53514920330658,3.57873389833609,5.15756824155463,5.15756824155463,5.15756824155463,5.15756824155463,3.88408811905237
12.8988004364306,4.22549149586286,6.29380024270182,15.4796255917301,5.79810129089686,16.4901748366408,19.0932502440473,21.4222738862591,7.85604105749593,5.27759477797486,8.12024880261297,24.6172717830918,25.5828194473236,24.7716660016535,2.42451124377874,2.62444329549304,5.50373536975271,9.18222435853128,25.3476537201648,9.1822243575894,3.80236092712432,1.6476715433933,7.77084228419887,31.7724537326542,31.7724537326542,9.93078014724385,2.08087229672635,3.20397036486808,9.93078014784317,27.0504298836173,4.567255141221,44.9745219353604,3.59105477300108,3.6958782698638,2.33757037980084,4.567255141221,3.6958782698638,4.567255141221,0.454053733342368,3.6958782698638,4.567255141221,4.567255141221,4.567255141221,0.567416808468788,3.6958782698638,4.567255141221,4.567255141221,4.567255141221,4.567255141221,3.59105477300108
14.390491181611,4.20096991821559,6.30805636837245,17.5025736864293,5.83213886057967,18.8464196196577,21.2924515431651,24.0987756571826,7.84544200729408,5.34945977849668,8.08374970252338,27.7054022177426,28.6775702865955,27.8585404760219,2.64385808911483,2.8719549049457,5.76371305428516,9.16902005602925,28.4295273240007,9.16902005602765,3.89781968655712,1.72993216552728,7.86177700894238,35.5198791140743,35.5198791140743,9.79518871249349,2.40433803228168,3.49024126673134,9.79518871251654,25.3624591808147,4.99248840039248,50.2694506916753,3.71054999422587,3.39085311726454,2.45846492089483,4.99248840039248,3.39085311726454,4.99248840039248,0.456328298017455,3.39085311726454,4.99248840039248,4.99248840039248,4.99248840039248,0.488248591841121,3.39085311726454,4.99248840039248,4.99248840039248,4.99248840039248,4.99248840039248,3.71054999422587
13.932574484272,4.14547925604572,6.25939789335458,16.9454332027176,5.78392190806106,18.2166781775843,20.6624128253019,23.3714855912565,7.75933905700006,5.45689115288285,8.03008272808913,26.8959927923573,27.9677799684718,27.0483847995951,2.66163391676115,2.74282320640951,5.93254389056671,9.08189183255334,27.7938633152369,9.08189183212602,3.90159385071431,1.84165108749816,8.04513175550927,34.7244823361411,34.7244823361411,9.49626788007588,2.38175693482354,3.48453302918952,9.49626787950663,26.3113501634505,4.96682978592847,49.1659038885047,3.56272712123902,3.58829279197896,2.61226351394316,4.96682978592847,3.58829279197896,4.96682978592847,0.487053804343906,3.58829279197896,4.96682978592847,4.96682978592847,4.96682978592847,0.586021517544088,3.58829279197896,4.96682978592847,4.96682978592847,4.96682978592847,4.96682978592847,3.56272712123902
14.1280232202967,4.29283367407217,6.46112366786592,17.2571809085633,5.9736112347052,18.4739184625124,21.0103760693759,23.6200007958595,8.07158959813754,6.28768548292382,8.31284877563515,27.382247044798,28.3804469154132,27.5489184019375,2.69447524920304,2.77457208103387,5.70644981117512,9.44012681912086,28.1762464011373,9.44012681890609,3.84066389144739,1.97711089604153,9.15927598582204,35.2114035155252,35.2114035155252,10.2015863086301,2.3472193288818,3.43923029986188,10.2015863091252,27.3680501748233,4.90376342225299,49.8694281610076,3.62085525782974,3.39925766276668,2.80339759813784,4.90376342225299,3.39925766276668,4.90376342225299,0.478588708627936,3.39925766276668,4.90376342225299,4.90376342225299,4.90376342225299,0.569248337567803,3.39925766276668,4.90376342225299,4.90376342225299,4.90376342225299,4.90376342225299,3.62085525782974
13.531348161012,4.26568190331683,6.24980856317057,16.5070022011451,5.76454614068969,17.5805374998125,20.1469069338656,22.6984055052835,7.81331864028696,5.45965588023641,8.07860597636905,26.1519392889074,27.1004301310053,26.2939972774266,2.38660580156163,2.51703235767071,5.33077137081234,9.12967519669981,26.8876272960427,9.1296751970649,3.72401584876244,1.70477627446354,8.00484191484717,33.59642250507,33.59642250507,9.94529654092161,2.01249555895783,3.07394686807766,9.94529654092161,27.7952258213899,4.40536666143394,47.5562316602541,3.44937609876889,3.75096546865719,2.42205908034118,4.40536666143394,3.75096546865719,4.40536666143394,0.441888053623342,3.75096546865719,4.40536666143394,4.40536666143394,4.40536666143394,0.571454588962929,3.75096546865719,4.40536666143394,4.40536666143394,4.40536666143394,4.40536666143394,3.44937609876889
13.0404393420636,4.43932176546331,6.49855421133986,15.5207443928604,5.98432417887476,16.6824928665664,19.2460331852052,21.4732631735603,8.15450454891596,6.04069131443717,8.38645866125697,24.7351862851284,25.7516002468806,24.9020711366701,2.55257505604865,2.67853137174344,5.79710616767562,9.53874277298045,25.5873321260879,9.53874277281837,3.7296450293288,1.78044116902743,8.82545174270921,32.0367393603776,32.0367393603776,10.2326277001549,2.24897585387173,3.33808187020277,10.2326277002698,24.8667185440415,4.77804819053716,45.3433615949794,3.53881330665693,3.26352078117855,2.52917311480155,4.77804819053716,3.26352078117855,4.77804819053716,0.487963295836439,3.26352078117855,4.77804819053716,4.77804819053716,4.77804819053716,0.527317103132771,3.26352078117855,4.77804819053716,4.77804819053716,4.77804819053716,4.77804819053716,3.53881330665693
12.2723604517724,3.92370009868086,5.91386698937121,14.5973992664167,5.39828358487813,15.7213442324276,18.1506017539296,20.2678062561047,7.38531950414253,5.71882902185283,7.62214614259754,23.5184157610811,24.3939182135083,23.6696814663365,2.42620214079706,2.48820692534677,5.25993403555128,8.64632310148105,24.2403675520474,8.64632310129808,3.53154171593343,1.77499567362807,8.35627532389782,30.3388296209763,30.3388296209763,9.30858404394033,2.06916567731435,3.11917940725349,9.30858404401809,29.5506004870595,4.45749965959652,42.9377819169654,3.32310477674581,3.20833644896865,2.51874219993502,4.45749965959652,3.20833644896865,4.45749965959652,0.457526272944812,3.20833644896865,4.45749965959652,4.45749965959652,4.45749965959652,0.494472523863485,3.20833644896865,4.45749965959652,4.45749965959652,4.45749965959652,4.45749965959652,3.32310477674581
13.0321818168002,4.39827129610575,6.51919622041276,15.3988941757887,5.94330921397563,16.6492963265111,19.1935289794916,21.4439991712916,8.12278133278725,6.05709691142078,8.36838465744964,24.676405919281,25.7059769790935,24.8363574177883,2.67077631075907,2.74274408094457,5.85221043865399,9.48941049507398,25.5319136517903,9.48941049579345,3.87632428498722,1.77749751528936,8.84464363464272,31.9239798934771,31.9239798934771,10.1521668762668,2.42481229344907,3.5256671002808,10.1521668759016,29.6690255200723,5.02904762860589,45.1740945375469,3.44298007445563,3.55465204362125,2.52266049167548,5.02904762860589,3.55465204362125,5.02904762860589,0.460455454483922,3.55465204362125,5.02904762860589,5.02904762860589,5.02904762860589,0.512051859550809,3.55465204362125,5.02904762860589,5.02904762860589,5.02904762860589,5.02904762860589,3.44298007445563
13.0180811722499,4.1486192356285,6.19198635858843,15.691116895301,5.72054671495444,16.7099609168731,19.2346285079204,21.5192096580058,7.76212150085246,5.20954976429483,7.99439146987985,24.946819540938,25.8691672523436,25.1011948622615,2.46595211461858,2.51176983694073,5.32722426310588,9.08106716154468,25.6943309776563,9.08106716228295,3.58728499877852,1.81868967076878,7.67868362872708,32.1412718387515,32.1412718387515,9.88954099037342,2.08526238654617,3.16319916601206,9.88954099045009,27.6385450761562,4.50852376017545,45.4947368914885,3.38842288373567,3.26727869336255,2.57842221063578,4.50852376017545,3.26727869336255,4.50852376017545,0.461649854177395,3.26727869336255,4.50852376017545,4.50852376017545,4.50852376017545,0.520006567787827,3.26727869336255,4.50852376017545,4.50852376017545,4.50852376017545,4.50852376017545,3.38842288373567
13.8036909598433,4.35362611756181,6.55554343172845,16.704893913669,6.02941837784218,17.8359108354842,20.4172095490207,22.9505778478041,8.07253309771655,6.20397669683221,8.35903001373276,26.5071827214118,27.570067798591,26.6842370674833,2.9227815415505,2.99997057761725,6.10325013503328,9.43705769330117,27.3601631733845,9.43705769290939,4.21567375197832,1.94932903130846,9.06969443927813,34.2111630689445,34.2111630689445,9.98988682920713,2.68314664758917,3.83759947887634,9.98988682913042,29.1642872672854,5.46732701589955,48.4229101041246,3.68757013517668,3.91229135281105,2.76502583744462,5.46732701589955,3.91229135281105,5.46732701589955,0.47780779265622,3.91229135281105,5.46732701589955,5.46732701589955,5.46732701589955,0.59689388341686,3.91229135281105,5.46732701589955,5.46732701589955,5.46732701589955,5.46732701589955,3.68757013517668
14.5674171114475,4.17725405510168,6.14291138363016,17.8055917315296,5.59518032193997,19.1562525421228,21.7899985249996,24.6912107952579,7.53642710030018,6.11894680123434,7.81923511009527,28.6283537402355,29.5392306487313,28.7670038928239,2.82440094666588,2.87426792076567,5.64314489155855,8.8171199009195,29.319989546072,8.81711990073018,4.06282742542461,1.92084317599033,8.94394498730144,36.5769163796932,36.5769163796932,9.43756294065227,2.45814718051204,3.67587680764361,9.43756294038679,29.8437280680437,5.2469165664998,51.7780843256318,3.59867809355196,3.75654378972729,2.72620451831217,5.2469165664998,3.75654378972729,5.2469165664998,0.458292847350971,3.75654378972729,5.2469165664998,5.2469165664998,5.2469165664998,0.573708970404169,3.75654378972729,5.2469165664998,5.2469165664998,5.2469165664998,5.2469165664998,3.59867809355196
13.3950408843794,4.28628421536568,6.35777753590961,15.9331124138705,5.79575166895174,17.206423976363,19.8162321495497,22.196530602663,7.92049247037297,5.48348748051559,8.20786976936089,25.67049381755,26.5832037985406,25.8405693745583,2.53519508365789,2.75833376087251,5.67485995239479,9.28301997485127,26.3726989949079,9.28301997475644,3.93797966235117,1.80499217267216,8.09013824654127,33.0939971505281,33.0939971505281,10.0028520417365,2.20271913272769,3.32340513403367,10.002852041551,26.8608886543083,4.74076779344272,46.8357498929508,3.83603558165874,3.70435112000759,2.56038917777929,4.74076779344272,3.70435112000759,4.74076779344272,0.514517367047598,3.70435112000759,4.74076779344272,4.74076779344272,4.74076779344272,0.556027880386012,3.70435112000759,4.74076779344272,4.74076779344272,4.74076779344272,4.74076779344272,3.83603558165874
14.5793920040823,4.58939647056848,6.68709117093068,17.7985249503653,6.26269160988043,18.8929052860076,21.5463842043133,24.3165367851532,8.35081859231683,5.34874120698358,8.59112743830378,27.9770415190656,29.0440640095926,28.1145133330349,2.73593957880811,2.85300046709834,6.05333329610881,9.76096284826526,28.8279610333708,9.76096284860947,3.97152990751756,1.84794107665907,7.91643327990917,36.024807672859,36.024807672859,10.4328811320512,2.40150111426591,3.6044309553556,10.4328811316596,30.0853910940156,5.13831466517645,50.996356995371,3.72489046059594,3.4514849345041,2.62165605112324,5.13831466517645,3.4514849345041,5.13831466517645,0.486345944710492,3.4514849345041,5.13831466517645,5.13831466517645,5.13831466517645,0.588252358316571,3.4514849345041,5.13831466517645,5.13831466517645,5.13831466517645,5.13831466517645,3.72489046059594
14.0849332754615,4.48392935990989,6.60703267550447,17.0371276523132,6.14760489848357,18.0812232426777,20.695173265119,23.289413045503,8.22620501397254,5.41087272972442,8.46590727083738,26.8679108432869,27.9947085444626,27.0333154406965,2.81076222592984,2.90150243121716,6.04108882705732,9.60504108603768,27.7585245870531,9.60504108604241,3.98464868694284,1.96729598304616,7.95940740453578,34.7025175385623,34.7025175385623,10.2161494411369,2.44272671912948,3.63154959698784,10.2161494413041,28.3696277704908,5.18033713141988,49.1218852577835,3.64771272489234,3.52871273271361,2.79076021915541,5.18033713141988,3.52871273271361,5.18033713141988,0.458704145329446,3.52871273271361,5.18033713141988,5.18033713141988,5.18033713141988,0.528801442167382,3.52871273271361,5.18033713141988,5.18033713141988,5.18033713141988,5.18033713141988,3.64771272489234
13.9577231515069,4.19468231312917,6.22282071095539,17.0403793295324,5.72047423948848,18.3797487026613,20.805482363438,23.5557795799839,7.75908224319479,5.7318435521311,8.03332976946089,27.0144213971166,27.9889714131386,27.1682563748549,2.38989080206633,2.58334744780452,5.58090736838743,9.0698337624612,27.7383759642474,9.06983376153486,3.82719679639912,1.64169019899756,8.42069002113447,34.6893473600694,34.6893473600694,9.70192804745581,2.11746273189576,3.15262483263534,9.70192804797088,25.8379966917791,4.5016142199172,49.0920023998173,3.68558990355913,3.75928903217914,2.33031374429656,4.5016142199172,3.75928903217914,4.5016142199172,0.456310058316446,3.75928903217914,4.5016142199172,4.5016142199172,4.5016142199172,0.513919614909774,3.75928903217914,4.5016142199172,4.5016142199172,4.5016142199172,4.5016142199172,3.68558990355913
15.0098012837874,4.23548918195324,6.46891040320074,18.4059422061261,5.96740989689163,19.8925479334316,22.3697271961448,25.449110608021,8.02111544735033,6.1134711411935,8.28505509266576,29.2202677390729,30.3248602906039,29.3646409523031,2.7434236288589,2.94052558868105,6.07124181868588,9.37041390861162,30.0330992343167,9.3704139099537,4.09671069287454,1.8406819924258,8.9453763208081,37.5411799299254,37.5411799299254,9.87670393101373,2.47080605110255,3.59673254159444,9.87670393096282,30.0773269868466,5.14303939539531,53.1327449164894,3.90272568499446,3.69922664320274,2.61456911699028,5.14303939539531,3.69922664320274,5.14303939539531,0.465891803874379,3.69922664320274,5.14303939539531,5.14303939539531,5.14303939539531,0.553034647301892,3.69922664320274,5.14303939539531,5.14303939539531,5.14303939539531,5.14303939539531,3.90272568499446
14.32773053741,4.60980437088985,6.56700629611056,17.574367236318,6.15588761273774,18.6924635309133,21.291318607339,23.9963896387106,8.19066379007988,5.55890995093892,8.42370183119,27.5831044605623,28.5144885406751,27.746465897317,2.6992833918027,2.87718920805244,5.7230501112695,9.58748482145811,28.3638282984585,9.58748482117031,3.88485922682893,1.67359075281975,8.16661985160197,35.4021318793048,35.4021318793048,10.4472496358519,2.48563470778116,3.65267833163299,10.4472496356632,29.8117323259471,5.19992808541461,50.1170541172592,3.5474990281772,3.23448714882116,2.37461836399878,5.19992808541461,3.23448714882116,5.19992808541461,0.497014175150485,3.23448714882116,5.19992808541461,5.19992808541461,5.19992808541461,0.56836034267978,3.23448714882116,5.19992808541461,5.19992808541461,5.19992808541461,5.19992808541461,3.5474990281772
13.2156499050044,4.52390707644348,6.72871492817572,15.9877919116881,6.30065497253261,16.8530496331549,19.5416221224328,21.8038312555935,8.46948306532615,5.90216904101842,8.70250466955654,25.006107463122,26.1079673249472,25.1757178124972,2.52225159319887,2.67557711054596,5.89846095283968,9.89912290848725,25.9380483756856,9.89912290756617,3.7477230046017,1.74640353959808,8.62343377320079,32.4738088028842,32.4738088028842,10.6571207347282,2.18098304372376,3.3174230668946,10.6571207346867,29.0732731678403,4.73998031395127,45.9626731986469,3.52046999671346,3.39906192143024,2.47938771745293,4.73998031395127,3.39906192143024,4.73998031395127,0.485957740218351,3.39906192143024,4.73998031395127,4.73998031395127,4.73998031395127,0.600472131689148,3.39906192143024,4.73998031395127,4.73998031395127,4.73998031395127,4.73998031395127,3.52046999671346
14.3961720210145,4.1470713387469,6.33489336666426,17.5098080706528,5.8526984950505,18.9282380562482,21.3792385105653,24.2176165601405,7.89454542645357,5.4793007407237,8.12716907374083,27.8424933019962,28.8554898761199,27.9878809086682,2.64218184668348,2.84095442739922,5.85793049106518,9.22894883079977,28.593196042438,9.22894883082876,3.89270069196591,1.77371957430469,8.07656031191682,35.7583242508554,35.7583242508554,9.81369684288955,2.36445820488957,3.4845976739874,9.81369684291882,24.8202378699969,4.97631167895008,50.6032626309315,3.81337967813126,3.28934388898652,2.51830694595016,4.97631167895008,3.28934388898652,4.97631167895008,0.46837845518841,3.28934388898652,4.97631167895008,4.97631167895008,4.97631167895008,0.592880970902644,3.28934388898652,4.97631167895008,4.97631167895008,4.97631167895008,4.97631167895008,3.81337967813126
14.1878082952213,4.58282924520278,6.67125639709156,17.0228231438957,6.13115996186785,18.3850372469379,21.0576559214971,23.676365898484,8.32112233415959,5.78581941269906,8.57471428924102,27.1981059760837,28.1874445444644,27.3485303444162,2.69419132598312,2.77710140551979,5.88585227928614,9.74127896333124,28.1021011293774,9.74127896369514,3.89170335434151,1.71962409954876,8.485550654838,35.0254867148893,35.0254867148893,10.5076758118902,2.44720353195283,3.63070787558155,10.5076758116569,29.8166919932459,5.1699731189871,49.577603302057,3.3748202221626,3.4823528658239,2.43970425480801,5.1699731189871,3.4823528658239,5.1699731189871,0.509114869585298,3.4823528658239,5.1699731189871,5.1699731189871,5.1699731189871,0.543945375450738,3.4823528658239,5.1699731189871,5.1699731189871,5.1699731189871,5.1699731189871,3.3748202221626
13.1253725600065,4.30859795581571,6.37259622459217,15.6927397313483,5.88073671040029,16.6336988839727,19.2647837943844,21.5115488182124,7.91667215370097,5.3580117583464,8.1911701817701,24.9064128462932,25.9101279587655,25.0851244898586,2.67345434963788,2.71564224590534,5.76987088896529,9.26719252798159,25.7763021710079,9.26719252829161,3.88096796985629,1.90893339854794,7.89418633079211,32.2322346488579,32.2322346488579,9.88729847205762,2.31153010503226,3.46811705863351,9.88729847203424,27.8285342543324,4.94607265400981,45.6216451063094,3.44557259855718,3.67036532628187,2.70751012111679,4.94607265400981,3.67036532628187,4.94607265400981,0.490635364329642,3.67036532628187,4.94607265400981,4.94607265400981,4.94607265400981,0.498277715585715,3.67036532628187,4.94607265400981,4.94607265400981,4.94607265400981,4.94607265400981,3.44557259855718
13.3341706285054,4.17499296154003,6.25525630397962,15.9521171570234,5.69436118403833,17.1218250650679,19.6984204478605,22.038561202147,7.71766095652534,5.48764224875285,8.03233872380526,25.5835568933021,26.5081512711647,25.7378064654608,2.69491962395744,2.6782602308875,5.7928252861917,9.05250127864581,26.4377696909714,9.05250127815949,3.95998627221698,1.92637776554366,8.09867867793177,33.0014977626866,33.0014977626866,9.56503687248949,2.40168240586279,3.51068014125022,9.56503687211074,27.8393453709276,5.00155316164545,46.7056142638155,3.39094054330024,3.90609101295297,2.73130646623881,5.00155316164545,3.90609101295297,5.00155316164545,0.51608879567112,3.90609101295297,5.00155316164545,5.00155316164545,5.00155316164545,0.576083929424507,3.90609101295297,5.00155316164545,5.00155316164545,5.00155316164545,5.00155316164545,3.39094054330024
14.3178675576302,4.18926862176197,6.32526661317642,17.2584386034691,5.77338556655615,18.9259449153299,21.3225276238412,24.234158261657,7.91340840421725,5.73049623379722,8.14446139156815,27.6860058081957,28.817037088473,27.8400517898749,2.4852176682222,2.66238662796886,5.8287930609752,9.23492223805266,28.5634934439441,9.23492223851776,3.75151561599009,1.68333567486182,8.38181594178678,35.6607865099434,35.6607865099434,9.74665158850982,2.18649151657041,3.25562265999135,9.74665158826282,26.4280355624446,4.65811260451095,50.4721821500116,3.58710587817894,3.43765037477294,2.39147889407493,4.65811260451095,3.43765037477294,4.65811260451095,0.432963518824954,3.43765037477294,4.65811260451095,4.65811260451095,4.65811260451095,0.547031104644169,3.43765037477294,4.65811260451095,4.65811260451095,4.65811260451095,4.65811260451095,3.58710587817894
14.1687505281776,4.49819392133575,6.68873950049843,17.0663840200303,6.12737298105664,18.4302570065006,21.0300502922034,23.6016984164003,8.40843714226741,6.00745379941917,8.65198675130815,27.3034116062773,28.2574445482259,27.4316170205277,2.5464279191629,2.77579373782842,5.68336182865363,9.82390384958553,27.9753673603933,9.82390384958534,3.88071250403103,1.86628075521902,8.7740192252747,35.0472987806697,35.0472987806697,10.7436183759648,2.19672394311794,3.26795932132502,10.7436183762647,29.2857642281084,4.6639199890977,49.5999224589969,3.85785379030481,3.577404769426,2.64710631383228,4.6639199890977,3.577404769426,4.6639199890977,0.472293714439774,3.577404769426,4.6639199890977,4.6639199890977,4.6639199890977,0.560262834927484,3.577404769426,4.6639199890977,4.6639199890977,4.6639199890977,4.6639199890977,3.85785379030481
14.955531122769,4.61146080032126,6.74134337890438,18.1236302231316,6.23063427257741,19.3450820866763,22.1034870964362,24.8619907691926,8.38582203758839,5.6790482276986,8.62435689913447,28.8770169773818,29.8001695239787,29.0153445589472,2.92695366592438,3.01922829914999,5.847115701651,9.80549181315582,29.5740002591596,9.80549181361952,4.09279409133737,2.01036924232866,8.35804239609264,36.9398654176433,36.9398654176433,10.7331612029747,2.56940605641078,3.8168514476273,10.7331612033504,26.8682897902389,5.43407512404576,52.2879964755957,3.77796055949404,3.43500098633172,2.85025103099971,5.43407512404576,3.43500098633172,5.43407512404576,0.488665894218865,3.43500098633172,5.43407512404576,5.43407512404576,5.43407512404576,0.559550885438364,3.43500098633172,5.43407512404576,5.43407512404576,5.43407512404576,5.43407512404576,3.77796055949404
13.485988740343,4.53260300151498,6.73199455816956,16.0925533527406,6.23455902216111,17.1091249615467,19.8472578459479,22.1363239017154,8.42235962290065,5.62244239890137,8.67428397817807,25.4904325355879,26.5338578559581,25.6709470979976,2.67795785729257,2.80047198800613,6.06883271534974,9.85312044287875,26.3649473339214,9.85312044171167,3.9420270839481,1.83398175212487,8.29063379143748,33.015221934177,33.015221934177,10.5260059557669,2.34008031263053,3.53457788002651,10.5260059561298,26.5827558735859,5.03917956827813,46.7235674601429,3.69109030775195,3.51217708210506,2.60180134597085,5.03917956827813,3.51217708210506,5.03917956827813,0.507449103258693,3.51217708210506,5.03917956827813,5.03917956827813,5.03917956827813,0.571601982660735,3.51217708210506,5.03917956827813,5.03917956827813,5.03917956827813,5.03917956827813,3.69109030775195
14.0721704555095,4.32429947308491,6.5628662309737,17.0723624643024,6.07504366614636,18.4220689089755,20.9365736391279,23.6515445353086,8.24302934954524,6.10912198183814,8.46091953992658,27.0431087239566,28.1326949183255,27.2105573447631,2.51913799656099,2.7752589432014,5.84612328000826,9.6218297512416,27.8557612034671,9.62182975134204,3.80505517733041,1.67334183906105,8.90818863465191,34.8545246559857,34.8545246559857,10.3365852570852,2.2195540435189,3.32940480788539,10.3365852570852,26.5983899876345,4.76027712233393,49.3237102857258,3.76041533899115,3.31002579195496,2.37715594937168,4.76027712233393,3.31002579195496,4.76027712233393,0.450725580073935,3.31002579195496,4.76027712233393,4.76027712233393,4.76027712233393,0.570166827013314,3.31002579195496,4.76027712233393,4.76027712233393,4.76027712233393,4.76027712233393,3.76041533899115
13.3217895813373,4.10158536211994,6.10949793194801,16.0451728814776,5.61478327673546,17.2507281307603,19.7799387284547,22.3043381682251,7.62832175656172,5.428061059329,7.89549683795833,25.6207502261434,26.5959116105295,25.7739627651579,2.36829119225736,2.62713406485529,5.60288847451293,8.92701618500832,26.3791446663025,8.92701618518466,3.73569150684383,1.67191583874506,7.96228846888204,33.0288030441445,33.0288030441447,9.46611608324234,1.99857333720703,3.090740966012,9.46611608344109,26.9375229535081,4.42784569451413,46.7450375131347,3.64973931329903,3.57342434328657,2.37550885332583,4.42784569451413,3.57342434328657,4.42784569451413,0.472181723220304,3.57342434328657,4.42784569451413,4.42784569451413,4.42784569451413,0.555287782482436,3.57342434328657,4.42784569451413,4.42784569451413,4.42784569451413,4.42784569451413,3.64973931329903
12.3859815432645,4.46656073830392,6.47701752421466,14.8275276094174,6.0422801115336,15.5213148810698,18.1338430015677,20.0462818910965,8.09475798649389,5.3304289831656,8.34143640910587,23.2339384971745,24.182034211671,23.4169655070661,2.61717277075089,2.77591496161228,5.7006282511186,9.47226218571089,23.9774634247364,9.47226218490851,3.85902013459769,1.82964418863264,7.86635361963559,30.1423569824527,30.1423569824527,10.2577076056861,2.33289216388653,3.43099789370311,10.2577076060421,29.1318901708775,4.88912071756047,42.6602397497823,3.68701205231451,3.41852114545763,2.59472163414341,4.88912071756047,3.41852114545763,4.88912071756047,0.489605339548415,3.41852114545763,4.88912071756047,4.88912071756047,4.88912071756047,0.544145717191573,3.41852114545763,4.88912071756047,4.88912071756047,4.88912071756047,4.88912071756047,3.68701205231451
14.3483312140217,4.28097945001265,6.31778323223652,17.6338257362921,5.84719001821779,18.8886796151561,21.4287611155226,24.2602902654918,7.90855121096381,5.85622570206978,8.15326177445545,27.8182501099751,28.8318942908248,27.9808559894022,2.42962530244566,2.63305450953701,5.59250648194719,9.23549402736949,28.5949458939801,9.23549402622855,3.7429163103926,1.69061793160767,8.54278431777789,35.6857948139656,35.6857948139656,9.92362231716313,2.06880222332286,3.1747472531011,9.92362231741244,25.9868358791528,4.53080923857438,50.4964879675625,3.58191260673319,3.56124914281143,2.39897608677718,4.53080923857438,3.56124914281143,4.53080923857438,0.441557184719621,3.56124914281143,4.53080923857438,4.53080923857438,4.53080923857438,0.580993919743427,3.56124914281143,4.53080923857438,4.53080923857438,4.53080923857438,4.53080923857438,3.58191260673319
14.2407008942619,4.40188324863036,6.65535223857623,17.3465995269205,6.20366803525937,18.3783013955753,21.0880844758545,23.7412245599257,8.32520735463491,5.93406498956886,8.61135380191301,27.2784620852552,28.3034624302788,27.4233710627375,2.51595502292249,2.80874352437009,6.02713433428218,9.73929032659904,28.0738817850122,9.73929032655052,4.00051125249446,1.77740636570084,8.68217715038113,35.1549224957721,35.1549224957721,10.3571624149448,2.13933213449438,3.29913450759878,10.3571624141941,26.4595529755626,4.71059647482504,49.7447335639721,3.88843451340859,3.8830315466761,2.52239990347099,4.71059647482504,3.8830315466761,4.71059647482504,0.506169501272177,3.8830315466761,4.71059647482504,4.71059647482504,4.71059647482504,0.505789815122585,3.8830315466761,4.71059647482504,4.71059647482504,4.71059647482504,4.71059647482504,3.88843451340859
13.1295285126023,4.27803618605301,6.3164433778842,15.6466565014238,5.76855750012051,16.7547506381711,19.3808080568141,21.7088935876881,7.8623609576084,5.56358964609638,8.14473807742959,25.0653433682798,26.0780714598007,25.2196523135876,2.53690938107564,2.57351002977424,5.68026751701423,9.19639118998357,25.9290251228433,9.19639118900196,3.81857510303465,1.83559116919754,8.17054775376443,32.4040914554476,32.4040914554476,9.80086162264368,2.14098667654945,3.26866695431048,9.80086162103636,26.4959006868938,4.67333616490281,45.8558739866655,3.40153954199951,3.81528476895701,2.60536210428748,4.67333616490281,3.81528476895701,4.67333616490281,0.472022949528582,3.81528476895701,4.67333616490281,4.67333616490281,4.67333616490281,0.527943450849284,3.81528476895701,4.67333616490281,4.67333616490281,4.67333616490281,4.67333616490281,3.40153954199951
13.6897591500769,4.53436160072252,6.51368613182839,16.3994390856915,5.95775810112667,17.7592328259318,20.3327479683044,22.8285585455028,8.09947695638084,6.07467604146361,8.33239015299097,26.3165631292609,27.2122167282433,26.4872474664891,2.7518025576017,2.96054855033986,5.69061726611987,9.47013621458765,26.9603803823168,9.47013621471731,4.00899181613492,1.71315797720536,8.88767603936973,33.7665036194549,33.7665036194549,10.3527294170621,2.54431464440086,3.68801659628348,10.3527294171291,28.7483331789559,5.26550105591569,47.7856168887427,3.79035100970556,3.35002839143153,2.43387690695919,5.26550105591569,3.35002839143153,5.26550105591569,0.471295609607713,3.35002839143153,5.26550105591569,5.26550105591569,5.26550105591569,0.577612369574419,3.35002839143153,5.26550105591569,5.26550105591569,5.26550105591569,5.26550105591569,3.79035100970556
14.3973205745229,4.33658272869356,6.306783999472,17.3948740374643,5.74449897675935,18.839046897938,21.5281949024927,24.2475166354696,7.88813588980353,6.09185264203052,8.15713555019409,28.0328610754182,28.942194224469,28.1956015214534,2.49026193267478,2.50903606342381,5.4986864921074,9.2472020760629,28.84607883295,9.24720207623096,3.70428925624234,1.82150192052311,8.92277819044409,35.9444345459117,35.9444345459117,10.0123581671788,2.0795240875463,3.21635649646734,10.0123581672823,26.9606687402529,4.60222529776245,50.8752115956836,3.41174437474286,3.51531326248619,2.58596759677908,4.60222529776245,3.51531326248619,4.60222529776245,0.507549140220443,3.51531326248619,4.60222529776245,4.60222529776245,4.60222529776245,0.532906633550299,3.51531326248619,4.60222529776245,4.60222529776245,4.60222529776245,4.60222529776245,3.41174437474286
12.5314539128153,4.15613079440332,6.18984648929525,14.9223953677345,5.62779275775458,16.0224529670603,18.5380569025648,20.7364429801295,7.66587185820244,5.84440919488573,7.93649121793583,23.9968995240559,24.9357123230522,24.1573505212705,2.60264054210772,2.64842060264293,5.40415230481068,8.96204736647905,24.7365988587526,8.96204736672695,3.86305306773712,1.76713016690393,8.55165626668073,30.9751661427657,30.9751661427657,9.73339604060325,2.32805369451691,3.40456654096552,9.73339604004162,25.9097045976193,4.86663084367753,43.8501714700956,3.39760419559655,3.74956137374589,2.50952066366328,4.86663084367753,3.74956137374589,4.86663084367753,0.444713780342965,3.74956137374589,4.86663084367753,4.86663084367753,4.86663084367753,0.53063602241685,3.74956137374589,4.86663084367753,4.86663084367753,4.86663084367753,4.86663084367753,3.39760419559655
13.7962061818999,4.54946188653961,6.5691814332548,16.8062356446448,6.11745667786761,17.8411774141261,20.4304233266849,22.8551672364751,8.27791281905271,5.57971184255255,8.50743051471889,26.4020579104946,27.3673985587026,26.5488279361956,2.4786983847368,2.5582228680603,5.62896202727872,9.67581468958309,27.1919087270821,9.67581468947393,3.66182442661652,1.83425283661344,8.1980724293599,33.966210695129,33.966210695129,10.5110529437465,2.11062627869219,3.17595967278638,10.5110529438701,25.8294561599895,4.53254860721706,48.0635916750744,3.52190859565853,3.34689866383681,2.60149722311375,4.53254860721706,3.34689866383681,4.53254860721706,0.474396545940552,3.34689866383681,4.53254860721706,4.53254860721706,4.53254860721706,0.587658304238523,3.34689866383681,4.53254860721706,4.53254860721706,4.53254860721706,4.53254860721706,3.52190859565853
14.7215886244561,4.70171023755511,6.89613137758263,17.9087466668861,6.44091349699682,19.0946589860339,21.7268798826705,24.4199317060597,8.64274231047603,5.80430889310946,8.89314445649074,28.130871453931,29.1966812988004,28.2747865950141,2.73376422560367,2.88835803228419,6.19395205326226,10.1110790162591,28.9922392558392,10.1110790140591,4.02056268492745,1.90788735816825,8.55238088933774,36.2704378311038,36.2704378311038,10.8337481846626,2.45572250987861,3.58458341084642,10.833748184071,28.5923187901365,5.11375140598577,51.3313670615647,3.87313924955618,3.50192721840882,2.70679981034786,5.11375140598577,3.50192721840882,5.11375140598577,0.521706034731493,3.50192721840882,5.11375140598577,5.11375140598577,5.11375140598577,0.519132674964852,3.50192721840882,5.11375140598577,5.11375140598577,5.11375140598577,5.11375140598577,3.87313924955618
14.1485345380356,4.66624847825582,6.75815790489931,17.1335893289406,6.25861285872686,18.2753186713862,20.9455315607791,23.5077045433923,8.40150338247701,5.98041889294433,8.65907782747337,27.0769169732157,28.035237174908,27.2263301254094,2.80578010358775,2.91585927477575,5.85767747248412,9.82693157677946,27.8810638701597,9.82693157562875,4.0577074617994,1.76151054572365,8.75840474772099,34.8088523770611,34.8088523770611,10.7128706121269,2.60919032520741,3.77160351768443,10.7128706110285,25.894330613459,5.37270600908427,49.2725403172709,3.53577936277318,3.647178413592,2.49982122650633,5.37270600908427,3.647178413592,5.37270600908427,0.492927981173479,3.647178413592,5.37270600908427,5.37270600908427,5.37270600908427,0.50176780506399,3.647178413592,5.37270600908427,5.37270600908427,5.37270600908427,5.37270600908427,3.53577936277318
14.6797354035772,4.17073070555126,6.48134197593287,17.7249996660291,5.99360207237915,19.2047470598181,21.8045636842747,24.7066669361524,8.1345978682941,5.45558996755253,8.38169798040426,28.2981483740231,29.3621857862538,28.4348052235664,2.47614850844924,2.67718914375563,6.00003150809065,9.52345306860105,29.2060880803518,9.52345306874482,3.75001653815194,1.71006284945692,8.03622483874618,36.4594266091298,36.4594266073313,10.0283940922626,2.12129984586026,3.28145948407842,10.0283940923242,26.7777549745964,4.69165456928298,51.6132545697466,3.63673688439049,3.34015958430294,2.42856947263171,4.69165456928298,3.34015958430294,4.69165456928298,0.5112563475437,3.34015958430294,4.69165456928298,4.69165456928298,4.69165456928298,0.556389705141823,3.34015958430294,4.69165456928298,4.69165456928298,4.69165456928298,4.69165456928298,3.63673688439049
15.2047083559957,4.50005899695053,6.73951439884137,18.5950564313182,6.25659197225719,19.8006798197885,22.5138484584284,25.3746364228024,8.4462408175782,5.48474936536754,8.6862666598481,29.2836894267344,30.3185963369892,29.414555046001,2.68825586776857,2.64297988097286,5.8892269280648,9.86304790420359,30.1516693730396,9.86304790346267,3.85153412098977,1.95040104355352,8.09941380750469,37.5272860296925,37.5272860296925,10.6376559481813,2.27029673063299,3.44105066093827,10.6376559479791,31.1318163906358,4.90961141829158,53.1037953384323,3.47721341823846,3.58019951584743,2.76629718793709,4.90961141829158,3.58019951584743,4.90961141829158,0.465725053156473,3.58019951584743,4.90961141829158,4.90961141829158,4.90961141829158,0.611179489238351,3.58019951584743,4.90961141829158,4.90961141829158,4.90961141829158,4.90961141829158,3.47721341823846
13.9448900516832,4.83243623443305,6.89202856674481,16.776973634107,6.38119102980616,17.660166199962,20.5068400408035,22.8701639823639,8.57638206837805,5.50825582027703,8.84345123866935,26.4718543317159,27.4499460527046,26.6340017125367,2.84513941141209,2.93934018696856,5.90540991998066,10.0170182359312,27.2040635914041,10.0170182364612,4.18039802650961,1.92624365444203,8.13905865573119,34.0573185255061,34.0573185255061,10.9587608223469,2.49073639830052,3.72057887289313,10.9587608226108,30.9320113828222,5.30715840607713,48.2048549726689,3.78367751775882,3.90169361938353,2.7333413422724,5.30715840607713,3.90169361938353,5.30715840607713,0.473637211366184,3.90169361938353,5.30715840607713,5.30715840607713,5.30715840607713,0.593762717613865,3.90169361938353,5.30715840607713,5.30715840607713,5.30715840607713,5.30715840607713,3.78367751775882
14.0434362170694,4.67736755137316,6.89740849941368,16.7700188940851,6.37345537591494,17.8248320150831,20.6226932829392,23.0575945090916,8.60715037574462,5.56885481748799,8.85517085293822,26.5184758313152,27.6291295997655,26.7054738852482,2.82198000095646,2.93215426843737,6.14934999973115,10.051379232859,27.4432714041142,10.0513792328546,4.05413995504918,1.88705817279938,8.17789789284258,34.2762073726314,34.2762073726314,10.7855525001759,2.47561126641633,3.69959596197359,10.7855525001461,29.3937804305476,5.29201993032754,48.5021263427327,3.5961912271039,3.67635624801813,2.68098669838803,5.29201993032754,3.67635624801813,5.29201993032754,0.476323986188198,3.67635624801813,5.29201993032754,5.29201993032754,5.29201993032754,0.538558290420509,3.67635624801813,5.29201993032754,5.29201993032754,5.29201993032754,5.29201993032754,3.5961912271039
13.755497433095,4.78300792508881,6.91577365927059,16.4838035158082,6.4194411967335,17.5286529087844,20.2193081435886,22.5469500681599,8.70277616204098,5.81020005638332,8.93558714749453,25.9805658256108,27.0878920308333,26.1455996688394,2.64982031432225,2.82002975847395,6.02114805058904,10.1635619668357,26.8297460295245,10.1635619664982,3.91840291822775,1.90182282834828,8.52249766376061,33.6462351761568,33.6462351761568,10.998073935221,2.29897941709639,3.4202431820834,10.9980739356829,28.3165389924837,4.88043302169362,47.6227207850444,3.81728672367984,3.49240496524492,2.69776711050354,4.88043302169362,3.49240496524492,4.88043302169362,0.482229202864342,3.49240496524492,4.88043302169362,4.88043302169362,4.88043302169362,0.522757205515447,3.49240496524492,4.88043302169362,4.88043302169362,4.88043302169362,4.88043302169362,3.81728672367984
13.6025943854383,4.36429124524244,6.50127238091816,16.2510789303003,5.94282715354577,17.4978448491315,20.1257087520477,22.5324609774271,8.16952904526141,5.62583415543777,8.4039643011237,26.041221068552,27.0490015836083,26.1800126512804,2.51398656351565,2.57357337157416,5.62400728044513,9.54124227525838,26.829705287934,9.54124227584687,3.72136030547032,1.87165533444795,8.26215391537536,33.5450655696829,33.5450655696829,10.3406604445683,2.08842738390957,3.18930393284904,10.340660444997,28.7696555497655,4.55535830889697,47.4743806023833,3.55637771203418,3.48210476906326,2.65493796071638,4.55535830889697,3.48210476906326,4.55535830889697,0.453201378836369,3.48210476906326,4.55535830889697,4.55535830889697,4.55535830889697,0.578461346801458,3.48210476906326,4.55535830889697,4.55535830889697,4.55535830889697,4.55535830889697,3.55637771203418
13.2452483409304,4.29398869587446,6.47259323018739,16.0385887749499,6.01530793245523,16.9781667659957,19.5629127471411,21.9405711123387,8.0861866580909,6.1109748107733,8.36659510483056,25.2361573693856,26.326849613161,25.4114460034813,2.50727581261993,2.66237656548758,5.89227660419743,9.45578060856566,26.0797094784492,9.45578060820447,3.91991147464105,1.82252344941636,8.9544949472044,32.7322219019024,32.7322219019024,10.0368010465283,2.13721474353205,3.23939934624275,10.0368010465283,30.6912245045254,4.62961901895952,46.3229106018863,3.78463417200646,3.82180067944642,2.58638685339017,4.62961901895952,3.82180067944642,4.62961901895952,0.485591145546784,3.82180067944642,4.62961901895952,4.62961901895952,4.62961901895952,0.515272165958124,3.82180067944642,4.62961901895952,4.62961901895952,4.62961901895952,4.62961901895952,3.78463417200646
13.0732286459481,4.28701670885974,6.24175299856022,15.8987744008915,5.79574088415903,16.8242194648849,19.3807519082945,21.6776729434185,7.8218334846352,5.4350354529466,8.08112190991637,25.1540059325747,26.0129015791217,25.2829914747369,2.41324693326976,2.61299177459818,5.3865251658998,9.15896866170182,25.8170929383931,9.1589686625992,3.69118432030058,1.79271115970646,7.96627470087274,32.3545669229716,32.3545669229716,9.95925874817247,2.03864262558628,3.09762567776002,9.95925874867045,26.9229161362229,4.42274882265506,45.7959278412456,3.58805991344691,3.5000229865526,2.5429560886908,4.42274882265506,3.5000229865526,4.42274882265506,0.483749607236204,3.5000229865526,4.42274882265506,4.42274882265506,4.42274882265506,0.578107904177422,3.5000229865526,4.42274882265506,4.42274882265506,4.42274882265506,4.42274882265506,3.58805991344691
13.2825748638357,4.2918418251958,6.34468357605549,16.0743471637744,5.90550429724122,17.0768219038168,19.5449816696776,21.9109411866495,7.91081374335302,5.24117294064849,8.14307614055416,25.3385293260037,26.2760806313553,25.4899745289447,2.64241688311756,2.8586916233586,5.59763774162991,9.25059077361358,26.0334774957005,9.25059077435774,3.84573630104662,1.79754403193653,7.70585461029193,32.6325662518605,32.6325662518605,10.0402606609667,2.39885491802188,3.47311771291865,10.0402606606103,24.4515688936357,4.94966848966629,46.1890867930847,3.67516105825923,3.30741631618029,2.54974259070663,4.94966848966629,3.30741631618029,4.94966848966629,0.465355274226816,3.30741631618029,4.94966848966629,4.94966848966629,4.94966848966629,0.491100211012805,3.30741631618029,4.94966848966629,4.94966848966629,4.94966848966629,4.94966848966629,3.67516105825923
13.2591801618075,4.53330303250044,6.63790253468803,15.9095127760594,6.15559587245752,16.8026566967886,19.5004822101262,21.7189804453563,8.26324772967369,5.72130617452457,8.49663032245038,25.1508149251458,26.107886698674,25.3224767420784,2.82391451223049,2.95608527937523,5.81631184147945,9.65619554611561,25.865755895518,9.65619554518389,4.02691137285646,1.87431795859811,8.40457378886287,32.4241073487191,32.4241073487191,10.516555559589,2.52262060847401,3.71126036791815,10.5165555605523,28.1557806635447,5.3059609421102,45.8823067190378,3.73711514929067,3.42414778023372,2.66244976817468,5.3059609421102,3.42414778023372,5.3059609421102,0.469372654965519,3.42414778023372,5.3059609421102,5.3059609421102,5.3059609421102,0.567302135091803,3.42414778023372,5.3059609421102,5.3059609421102,5.3059609421102,5.3059609421102,3.73711514929067
14.982316270254,4.41326167468587,6.44337469063314,18.3719704485378,5.92808191423069,19.7231097397614,22.344134277113,25.2657768756129,7.96610860854296,5.81170248357394,8.27460946102939,29.0876493317734,29.9974644496584,29.2478853303313,2.66668207500354,2.85313323083148,5.76660446808411,9.33842388268373,29.8723427656773,9.33842388273177,4.06801793963466,1.73766870316199,8.51816409884545,37.2296368445521,37.2296368445521,10.0500123313966,2.45594672828601,3.5890266483775,10.0500123314859,26.0687040268161,5.11037536298722,52.6828898417194,3.60639400557369,3.93461585989605,2.46487822653764,5.11037536298722,3.93461585989605,5.11037536298722,0.518135084209547,3.93461585989605,5.11037536298722,5.11037536298722,5.11037536298722,0.52556816573839,3.93461585989605,5.11037536298722,5.11037536298722,5.11037536298722,5.11037536298722,3.60639400557369
14.1511668303796,4.20592624471937,6.42666804160665,17.1497405025963,5.92044537223354,18.3198005264079,20.9623060236476,23.6267035192336,7.980176963369,5.68055875799557,8.28904306780841,27.328251352213,28.3872082954074,27.4684365865999,2.65367382674011,2.73095662693945,6.02621496552888,9.34730929647085,28.222754192616,9.34730929641689,3.99957172284454,1.99182776238369,8.35860042597516,35.2863351561797,35.2863351561797,9.78526652489473,2.22147163655541,3.37814809802136,9.78526652489473,28.234525700267,4.82314110430147,49.9462426230382,3.69298361944658,3.94934497937509,2.82494652489534,4.82314110430147,3.94934497937509,4.82314110430147,0.517089712149478,3.94934497937509,4.82314110430147,4.82314110430147,4.82314110430147,0.60039437288312,3.94934497937509,4.82314110430147,4.82314110430147,4.82314110430147,4.82314110430147,3.69298361944658
12.3444222889731,4.19610287502737,6.13718885449152,14.8454693157219,5.66423720705821,15.8871391597616,18.2855823543464,20.5053906450951,7.62238210224669,5.58250413229133,7.87042272109849,23.5431755775215,24.5043111518947,23.7103922502238,2.52745395758407,2.69184663504716,5.5184813773742,8.9154633499282,24.2948321314386,8.91546335059889,3.78740518166281,1.59530854366022,8.18831792273082,30.471064356348,30.471064356348,9.58236393734868,2.3482268168503,3.39669261432331,9.58236393654812,23.9992536070633,4.846291024471,43.1332867427054,3.48456257448557,3.43804177061083,2.26549696980797,4.846291024471,3.43804177061083,4.846291024471,0.455066102286458,3.43804177061083,4.846291024471,4.846291024471,4.846291024471,0.557802290398672,3.43804177061083,4.846291024471,4.846291024471,4.846291024471,4.846291024471,3.48456257448557
14.4127068447478,4.36272105582006,6.38090207994883,17.5773147249033,5.86157192741827,18.7748010490406,21.4915970269948,24.2067669271304,7.93879348883068,6.01614585908286,8.23525368602393,28.0690513824,28.9904414374507,28.206115823638,2.60182775644052,2.6655020142115,5.62166171296372,9.30351856252514,28.8769859528338,9.30351856253738,3.87826820226427,1.92041735871898,8.78558644848353,36.0069252588103,36.0069252588103,10.0287261203502,2.17747032521712,3.32855142626378,10.0287261203907,26.4853051863859,4.76493952567292,50.9659916873991,3.46760745748865,3.837941939163,2.72644795889746,4.76493952567292,3.837941939163,4.76493952567292,0.509398394050849,3.837941939163,4.76493952567292,4.76493952567292,4.76493952567292,0.554207382610504,3.837941939163,4.76493952567292,4.76493952567292,4.76493952567292,4.76493952567292,3.46760745748865
14.5294362362946,4.29742055845701,6.47109005042482,17.6989554698428,5.97204864665306,18.9485808282104,21.551195690687,24.2878682652145,8.0423370337275,5.52134562028599,8.2859265362648,27.9991083752215,28.9899690959826,28.1633215899706,2.75539127120059,2.72149701057364,5.80256070841026,9.40118812656916,28.8347981768483,9.401188126581,3.90567043076577,1.85028749806869,8.16045351673836,35.9121321551766,35.9121321551766,10.1007127020665,2.45993000945505,3.6186776544945,10.1007127021314,28.2352784592605,5.16213925492193,50.8204644256289,3.43818515215636,3.48448148077256,2.62579867962431,5.16213925492193,3.48448148077256,5.16213925492193,0.465487502254546,3.48448148077256,5.16213925492193,5.16213925492193,5.16213925492193,0.604423754633464,3.48448148077256,5.16213925492193,5.16213925492193,5.16213925492193,5.16213925492193,3.43818515215636
14.1839898915455,4.28011025401941,6.27245664231867,17.1445829871903,5.71264947815506,18.5441387431148,21.1196878144053,23.7937017559237,7.80621940894631,5.39596827139509,8.07677177705513,27.4799666706602,28.3191069399701,27.6038031444019,2.51571710155151,2.61827374575753,5.40296114371305,9.14058399147543,28.2161894868893,9.14058399094585,3.75889856803823,1.70722870408957,7.91079670482478,35.1312719869361,35.1312719869361,9.94611914229135,2.24079987267921,3.34133173571283,9.94611914223528,25.3799239267676,4.75907462964265,49.7143546240517,3.27535997406012,3.65101802939621,2.4212011218774,4.75907462964265,3.65101802939621,4.75907462964265,0.478674742915237,3.65101802939621,4.75907462964265,4.75907462964265,4.75907462964265,0.551281683820943,3.65101802939621,4.75907462964265,4.75907462964265,4.75907462964265,4.75907462964265,3.27535997406012
14.8498550122566,4.37805387203212,6.43243343540935,18.1391694878414,5.93400365107844,19.3392163089074,22.05474330815,24.9076790166181,7.93421300436075,5.55084938090377,8.24463179591535,28.76115890635,29.7058728404686,28.9253770593747,2.76535509297491,2.81417613009036,5.89499434748434,9.30082922162842,29.5897458840194,9.30082922160329,4.09875364495942,1.86529525720905,8.20632488459147,36.8773574842289,36.8773574842289,9.90192893027135,2.44960577753963,3.65599549521136,9.90192893018932,29.7325033528156,5.21838038353431,52.200713938736,3.57061449572296,3.93464969846249,2.64781472961776,5.21838038353431,3.93464969846249,5.21838038353431,0.519219277186631,3.93464969846249,5.21838038353431,5.21838038353431,5.21838038353431,0.573316205409437,3.93464969846249,5.21838038353431,5.21838038353431,5.21838038353431,5.21838038353431,3.57061449572296
13.5163466560312,3.98632197098648,6.07302238700195,16.3271422158533,5.51035780715559,17.6789641302594,20.1808135700228,22.8102496108594,7.48448843542315,6.06374265492139,7.76008009134938,26.2303662503394,27.1870594789963,26.3776545904149,2.61696238436698,2.63746988006576,5.52835766014621,8.750246993125,27.0312764683501,8.75024699310667,3.85859187517004,1.68840683059031,8.85006865329601,33.6857294279378,33.6857294279378,9.33328452025594,2.34662450738542,3.47563348806184,9.33328452024415,27.2737786947622,4.95655043023694,47.6709318569738,3.26207266222631,3.75002042637491,2.39658989195229,4.95655043023694,3.75002042637491,4.95655043023694,0.439607639995523,3.75002042637491,4.95655043023694,4.95655043023694,4.95655043023694,0.539939607649011,3.75002042637491,4.95655043023694,4.95655043023694,4.95655043023694,4.95655043023694,3.26207266222631
14.7081892156053,4.54356233558019,6.62903971741938,17.8455343361816,6.03255518119807,19.2635330036407,21.9407723238522,24.6972076647113,8.29162251599812,6.29931090084632,8.5771961725363,28.5218369024421,29.5534788682424,28.6554255999005,2.56212721061886,2.55149871464789,5.82183342431635,9.69121170914863,29.3996002618657,9.69121170925087,3.87742682158707,1.94064405491796,9.19309160594607,36.6213096027208,36.6213096027208,10.3927705724382,2.14110893583286,3.23332672339773,10.3927705734939,29.5694760182293,4.62181797892036,51.8221204232583,3.46559110269815,3.98764874509884,2.75312942236491,4.62181797892036,3.98764874509884,4.62181797892036,0.476807793544874,3.98764874509884,4.62181797892036,4.62181797892036,4.62181797892036,0.608191123468566,3.98764874509884,4.62181797892036,4.62181797892036,4.62181797892036,4.62181797892036,3.46559110269815
14.0077515750048,4.36082108551355,6.39356199736788,16.9911820565202,5.901268418878,18.2321533177046,20.8431716619129,23.4325165072689,7.97008165069221,6.10521888457428,8.22238827473059,27.107555507362,28.0501822009759,27.266071866492,2.67157459478642,2.79877768035561,5.78038451672756,9.33925473299508,27.9069021274062,9.33925473184937,3.84899614668679,1.86724104557303,8.91919032379987,34.865386800427,34.865386800427,10.0125906625512,2.33949833237249,3.49522459017495,10.0125906624115,26.7629613489204,4.99301423420837,49.3502570786223,3.59999879979682,3.33819387278606,2.65043697749785,4.99301423420837,3.33819387278606,4.99301423420837,0.511608160769385,3.33819387278606,4.99301423420837,4.99301423420837,4.99301423420837,0.577291257015282,3.33819387278606,4.99301423420837,4.99301423420837,4.99301423420837,4.99301423420837,3.59999879979682
14.151690196754,4.47636803175225,6.66079729074002,17.0876291220859,6.1389997478796,18.2079110720503,20.9589155685735,23.4519829019543,8.33905957894998,5.83847008074173,8.63643721914018,27.1230871825881,28.0287148911354,27.2541792548483,2.51640543734712,2.66696150676682,5.78550508964435,9.76998405318552,27.8777105645808,9.7699840530422,3.94100239425825,1.84268454317367,8.58370790403257,34.8631961788207,34.8631961788207,10.5738159115187,2.14051853130511,3.25006675305791,10.5738159107883,29.2986354020859,4.65642717271576,49.3481183026543,3.7238752413897,3.90767539847741,2.6172521090913,4.65642717271576,3.90767539847741,4.65642717271576,0.526917160823241,3.90767539847741,4.65642717271576,4.65642717271576,4.65642717271576,0.52150668217021,3.90767539847741,4.65642717271576,4.65642717271576,4.65642717271576,4.65642717271576,3.7238752413897
14.2384214565416,4.26202497014833,6.42591611672331,17.0897216843994,5.82611172741999,18.5319553442586,21.158722336633,23.9073756080421,7.91565546348245,6.06854428485584,8.21758324784695,27.5973975475546,28.6102873840464,27.7608685316641,2.79978334560191,2.95970859553245,5.96240840561635,9.2582072435181,28.3564922010933,9.25820724360212,4.20090156637346,1.89407403758374,8.8865888719874,35.4812942661302,35.4812942661302,9.8224016805774,2.47717506645371,3.66427014794084,9.82240168065475,27.450571129291,5.2341383979047,50.2206481677892,3.84168583475008,3.99477627281246,2.689184182458,5.2341383979047,3.99477627281246,5.2341383979047,0.480325341460657,3.99477627281246,5.2341383979047,5.2341383979047,5.2341383979047,0.585572550371935,3.99477627281246,5.2341383979047,5.2341383979047,5.2341383979047,5.2341383979047,3.84168583475008
14.4119042258751,4.72719951540395,6.79957317434073,17.3863828123454,6.25222330981578,18.6779900044049,21.4098781808822,24.0547128711073,8.52643663509435,6.35404567913359,8.78343120590804,27.7188130696734,28.7072960777383,27.8601987470734,2.59937245204999,2.79094773593579,5.89358542483491,9.96223727606899,28.4252516993337,9.96223727621076,4.01615554408608,1.82772957011772,9.30877874790156,35.602835507686,35.602835507686,10.8219981951157,2.22567962844402,3.39070684944079,10.8219981951799,30.7932977756554,4.83349791550698,50.3930732584532,3.96096151566334,3.72064054501876,2.5923223424757,4.83349791550698,3.72064054501876,4.83349791550698,0.483697109602978,3.72064054501876,4.83349791550698,4.83349791550698,4.83349791550698,0.577405324997653,3.72064054501876,4.83349791550698,4.83349791550698,4.83349791550698,4.83349791550698,3.96096151566334
13.5678762729698,4.48570831016386,6.55546825377748,16.0628346270011,5.95626522076067,17.3012531384169,19.9735940954351,22.3001243740062,8.10024200762425,5.57420408823031,8.36847725783944,25.8841693634706,26.8419832978682,26.0579710003867,2.9165671911261,2.91863304471089,5.90501755106532,9.47748578177534,26.6990426109111,9.4774857829154,4.08433529498345,1.97398046143332,8.21136521281361,33.3457702029238,33.3457702029238,10.187640957628,2.63114374568037,3.81598025938844,10.1876409574134,27.2548981825458,5.43879148219879,47.1940449020704,3.4977670039151,3.67722522538145,2.80022568471085,5.43879148219879,3.67722522538145,5.43879148219879,0.48812769255141,3.67722522538145,5.43879148219879,5.43879148219879,5.43879148219879,0.593619860342979,3.67722522538145,5.43879148219879,5.43879148219879,5.43879148219879,5.43879148219879,3.4977670039151
14.24264338251,4.23281943364423,6.2974213421521,17.2914483829506,5.78260297006841,18.6927679644479,21.1480519382794,23.9377640172754,7.82123981501356,5.31435703611936,8.07041820315781,27.5040028436052,28.4882942100863,27.6415269894343,2.61938627149254,2.73013940150761,5.60315300291199,9.14097787915654,28.3279129905979,9.14097787915032,3.81851367535786,1.69859324780696,7.79714050001938,35.2895388074945,35.2895388074945,9.83807000513455,2.40131778941002,3.48017545227584,9.83807000517048,25.4982589805345,4.96139119719089,49.952608700447,3.33112882193394,3.5439423357065,2.41064741493965,4.96139119719089,3.5439423357065,4.96139119719089,0.45017187052245,3.5439423357065,4.96139119719089,4.96139119719089,4.96139119719089,0.546199546540695,3.5439423357065,4.96139119719089,4.96139119719089,4.96139119719089,4.96139119719089,3.33112882193394
13.2117185062164,4.57558072271006,6.50812777646568,15.7865990057566,5.95385182349311,16.946224425362,19.6073425829811,21.8623194031325,8.13249873183859,5.88188603205414,8.40238089854669,25.2560818311018,26.1054944075588,25.435281614762,2.52492647889623,2.72141038878814,5.53121839089955,9.52437257614726,25.9163160693206,9.52437257626941,3.9053156515229,1.70376741032747,8.63680891531743,32.4894334021276,32.4894334021276,10.4483185700128,2.2542954178999,3.35845434930004,10.4483185700513,28.6545967315053,4.80084085402735,45.9809836481628,3.7240701107058,3.64577037397833,2.42003373516667,4.80084085402735,3.64577037397833,4.80084085402735,0.501899804018943,3.64577037397833,4.80084085402735,4.80084085402735,4.80084085402735,0.591875246861016,3.64577037397833,4.80084085402735,4.80084085402735,4.80084085402735,4.80084085402735,3.7240701107058
13.0369615463526,4.46568503125776,6.53714237433392,15.5169939235443,5.98292365334427,16.6993044866866,19.3226821099982,21.5343495035166,8.18078167668663,6.21357901952849,8.43063343921809,24.8324289670072,25.7568013841307,25.0014946253916,2.55783050524093,2.67743007908199,5.64806340601875,9.57211151575676,25.5612124922593,9.57211151522129,3.85937571177025,1.72160866835301,9.10894035146618,32.0434012246508,32.0434012246508,10.431919924635,2.28972538919919,3.38978081815192,10.4319199251236,31.0869089852655,4.84376324944542,45.3450938105315,3.67625119817014,3.483868356732,2.44497914371172,4.84376324944542,3.483868356732,4.84376324944542,0.489779284721353,3.483868356732,4.84376324944542,4.84376324944542,4.84376324944542,0.581128558034932,3.483868356732,4.84376324944542,4.84376324944542,4.84376324944542,4.84376324944542,3.67625119817014
12.5045701159664,4.17868464852648,6.20166660873472,15.0938034519704,5.77272156610248,15.9854303378906,18.4230574729372,20.5700408121147,7.78990151265513,5.25184728380978,8.01635466330237,23.7181811818841,24.7576057594286,23.8610273226321,2.41088377947927,2.44155238566426,5.60236054254091,9.1026261246917,24.6054127379075,9.10262612460321,3.51002858668243,1.78389250996355,7.71340321817242,30.7632785090898,30.7632785090898,9.65611749671907,2.05402134758972,3.07274690759407,9.65611749759359,24.3844120213905,4.39626985656381,43.5472049244684,3.24914773015827,3.28168942882976,2.5319845349152,4.39626985656381,3.28168942882976,4.39626985656381,0.44695983655473,3.28168942882976,4.39626985656381,4.39626985656381,4.39626985656381,0.566621768591222,3.28168942882976,4.39626985656381,4.39626985656381,4.39626985656381,4.39626985656381,3.24914773015827
15.2566587665651,4.43221865396962,6.51528725985286,18.5075409359124,5.96538432065406,19.9089892138775,22.6442537887252,25.5424685791043,8.09975948660131,5.49688279424917,8.38847178934643,29.5623995581827,30.4561991486041,29.721322418271,2.68954829474543,2.80890039627023,5.77283594491245,9.49010638246588,30.2824051931489,9.49010638260179,4.03735816310724,1.90511661213987,8.13142624523645,37.7787565173827,37.7787565173827,10.2604617270879,2.32186304726647,3.49967095278061,10.2604617270875,28.2244574453865,5.00742157243833,53.4600669254622,3.78122555571248,3.7860042203798,2.7053766172372,5.00742157243833,3.7860042203798,5.00742157243833,0.516133541980567,3.7860042203798,5.00742157243833,5.00742157243833,5.00742157243833,0.574979990272863,3.7860042203798,5.00742157243833,5.00742157243833,5.00742157243833,5.00742157243833,3.78122555571248
14.4878362599295,4.69389036350954,6.76228891650473,17.7309486642242,6.34031051321798,18.8713462702457,21.4257513623385,24.1607026388495,8.46583971213315,5.80055486604492,8.67403494326848,27.7126714553473,28.8045036471547,27.8551199483326,2.74879801787208,2.83234873168632,5.95980795802046,9.87797237204175,28.5888188265473,9.87797237216647,3.88455818820994,1.78261314840341,8.50285020099502,35.6679211882043,35.6679211882043,10.6685789813928,2.49699383619243,3.63994686397214,10.6685789812751,26.8895196561496,5.188775343825,50.4876352684059,3.54796329829306,3.26111617566406,2.52970332234055,5.188775343825,3.26111617566406,5.188775343825,0.449163018379285,3.26111617566406,5.188775343825,5.188775343825,5.188775343825,0.507166027010066,3.26111617566406,5.188775343825,5.188775343825,5.188775343825,5.188775343825,3.54796329829306
13.9611338122318,4.05582570622685,6.27304334945417,16.9637955944936,5.77025329848159,18.2831939089295,20.7981072262338,23.5832809101273,7.71026101237296,6.05890232512702,7.97611415232511,27.0447411355399,28.06545465872,27.206644587578,2.80971753401706,2.92552611579672,5.88081482899293,9.01539632342878,27.850783296077,9.01539632331832,4.07878139857026,1.69405847799544,8.87076563186251,34.7896939195191,34.7896939195191,9.54902038741172,2.58732633989775,3.78733544679601,9.54902038747221,27.6992032863958,5.394044029283,49.2506895883997,3.59659900002109,3.62946334694706,2.40453879231233,5.394044029283,3.62946334694706,5.394044029283,0.461457528451359,3.62946334694706,5.394044029283,5.394044029283,5.394044029283,0.551982485513901,3.62946334694706,5.394044029283,5.394044029283,5.394044029283,5.394044029283,3.59659900002109
13.3618706289835,4.4919376663364,6.50964875937091,16.0352332647715,5.97774648761669,17.078807071774,19.8020845440686,22.0930695346207,8.17201925597863,5.85580196957205,8.41576554198907,25.5707392510833,26.50558040502,25.7235765492388,2.50420304801036,2.60560239300728,5.46459301653919,9.55105861878367,26.3246195359716,9.55105861867333,3.72124912557728,1.82453993059652,8.54318255171083,32.904170387632,32.904170387632,10.4651863348264,2.08599032749366,3.20934879536574,10.4651863347066,25.0696556746183,4.58784761031617,46.5744649316327,3.44669223997121,3.5553323168144,2.58942109399376,4.58784761031617,3.5553323168144,4.58784761031617,0.461684408343862,3.5553323168144,4.58784761031617,4.58784761031617,4.58784761031617,0.564615370552116,3.5553323168144,4.58784761031617,4.58784761031617,4.58784761031617,4.58784761031617,3.44669223997121
14.2097802819613,4.51664456189899,6.86680634078927,16.8753365277129,6.3046719066846,18.3228904814866,20.9415933432023,23.5773365562873,8.58575810529925,5.60514862813272,8.80359232825272,26.9752458091722,28.1402513005498,27.1574956203644,2.80549348265384,2.96293574817184,6.18659401724337,10.0188760864452,27.8827968854904,10.0188760852345,4.0216074028481,1.7850827203608,8.24736303509202,34.8818174446286,34.8818174446286,10.7302993872018,2.54064059370142,3.7232838456018,10.7302993863213,28.0181534815701,5.32084303306701,49.3727764054097,3.74908603118274,3.36628738670279,2.5364940986293,5.32084303306701,3.36628738670279,5.32084303306701,0.462031876145992,3.36628738670279,5.32084303306701,5.32084303306701,5.32084303306701,0.561812644200121,3.36628738670279,5.32084303306701,5.32084303306701,5.32084303306701,5.32084303306701,3.74908603118274
12.9115894075378,4.30222754822573,6.42964580954168,15.2410039548319,5.82536705765115,16.4302447345952,19.0937172336724,21.3253932875033,8.02170795980704,5.76025904558293,8.30061587532786,24.6087341047187,25.5717791792517,24.76394423772,2.49173512742712,2.5929136341114,5.59711206410676,9.37727888519093,25.3610207732715,9.37727888536507,3.87179737659485,1.75674314764348,8.45744265391302,31.7781422068288,31.7781422068288,10.1353943921896,2.13026213781533,3.24685796439495,10.1353943919526,28.280532084789,4.63853826773024,44.9717081165601,3.55816295263891,3.87778480515483,2.49343747717861,4.63853826773024,3.87778480515483,4.63853826773024,0.465029487191743,3.87778480515483,4.63853826773024,4.63853826773024,4.63853826773024,0.575342554433536,3.87778480515483,4.63853826773024,4.63853826773024,4.63853826773024,4.63853826773024,3.55816295263891
14.0521440909599,4.31891946001654,6.51434009069408,16.9014846823734,5.98348857091197,18.2201904377738,20.7748097672935,23.534875439716,8.05505465635901,5.60661830105094,8.33735034790701,26.9516794347792,28.0965341780065,27.1320360147401,2.74896097917364,2.92952703703318,6.15030025758816,9.40760169207425,27.7922906297704,9.40760169171676,4.18638080919378,1.79030382001261,8.28094297098704,34.8310762063176,34.8310762063176,9.87161742406973,2.45752926115014,3.64501180382972,9.87161742406973,27.732810674919,5.19750961221763,49.2958293772724,3.92507395003728,3.91833072414032,2.5408838747873,5.19750961221763,3.91833072414032,5.19750961221763,0.463580407452277,3.91833072414032,5.19750961221763,5.19750961221763,5.19750961221763,0.566523553997187,3.91833072414032,5.19750961221763,5.19750961221763,5.19750961221763,5.19750961221763,3.92507395003728
13.111252834955,4.15099590330343,6.17613019101868,15.76728913369,5.70411306241499,16.8766349795369,19.434031614334,21.8284958423619,7.70744539941207,5.44135904490597,7.95941187678945,25.20186290573,26.0952103899548,25.3472434907954,2.48277239184427,2.61544834312285,5.47845306635766,9.03134666635648,25.9357589220901,9.03134666521137,3.7145116302462,1.69484887030513,8.02180175323515,32.4752624653531,32.4752624653531,9.7517323455144,2.16283397585989,3.29319477719662,9.75173234548602,25.3472292927993,4.70456071358744,45.9681594022962,3.51709509343699,3.33193902749161,2.40642810649094,4.70456071358744,3.33193902749161,4.70456071358744,0.492172277455927,3.33193902749161,4.70456071358744,4.70456071358744,4.70456071358744,0.50899753003373,3.33193902749161,4.70456071358744,4.70456071358744,4.70456071358744,4.70456071358744,3.51709509343699
13.4456868232195,4.54650561097724,6.67856128587846,16.2607936341202,6.25352758080505,17.1802642866576,19.8092058200866,22.1652043140566,8.36854245910837,5.58694065754132,8.5926462925291,25.4810223060056,26.595407683034,25.6572188231978,2.6819849616348,2.8119087311906,5.98719609299348,9.77632684359458,26.3775133948709,9.77632684423338,3.86098989513947,1.83331346430415,8.20912473516686,33.035135923934,33.035135923934,10.4766109530833,2.35744706963559,3.51302650861374,10.4766109513498,29.8535533673644,5.01352124387563,46.7652604280011,3.63707386914537,3.3158890084417,2.6017633104005,5.01352124387563,3.3158890084417,5.01352124387563,0.473947140342677,3.3158890084417,5.01352124387563,5.01352124387563,5.01352124387563,0.582152124337125,3.3158890084417,5.01352124387563,5.01352124387563,5.01352124387563,5.01352124387563,3.63707386914537
13.629161301233,4.36978703227973,6.43852207219648,16.4946136666045,5.8977334219749,17.6956721610592,20.2387275448184,22.7608865162615,7.99797654288566,5.95914977148117,8.26964613779317,26.2242939584766,27.2401365797941,26.3796088298652,2.63663800749816,2.7183524808497,5.69674627637506,9.34414288808145,27.0367901949472,9.34414288800289,3.93857608245602,1.79475277344224,8.70579212505257,33.7763617089058,33.7763617089058,10.0618130345016,2.36672781342927,3.44773858659513,10.0618130341129,28.4094165612026,4.92757751550848,47.8044074304798,3.48526612898205,3.83823368784338,2.54844700017551,4.92757751550848,3.83823368784338,4.92757751550848,0.452350278859482,3.83823368784338,4.92757751550848,4.92757751550848,4.92757751550848,0.555236292003163,3.83823368784338,4.92757751550848,4.92757751550848,4.92757751550848,4.92757751550848,3.48526612898205
14.7548594875748,4.26098068757821,6.36720163147703,17.9124259510771,5.77500271930512,19.583865986066,22.0976844685722,25.1044374768402,7.89785044945009,6.16277924699084,8.1788299744752,28.8185760275689,29.8352690994001,28.9791055976726,2.59574476496378,2.81635788227794,5.7973745430309,9.22896114784734,29.5348611724581,9.228961148319,4.05580671846964,1.74052532192918,9.0216278461071,36.9362750650855,36.9362750650855,9.85812955322666,2.31047876190958,3.42607412143002,9.85812955291559,30.2811383248821,4.88429198931896,52.2737366143729,3.90187008733822,3.86051519830861,2.46954574437164,4.88429198931896,3.86051519830861,4.88429198931896,0.459305675828274,3.86051519830861,4.88429198931896,4.88429198931896,4.88429198931896,0.589681705719024,3.86051519830861,4.88429198931896,4.88429198931896,4.88429198931896,4.88429198931896,3.90187008733822
13.7053574994308,4.24550410798097,6.28714749001145,16.3514746998033,5.73538577430647,17.6466245704912,20.2756027822799,22.741322620396,7.79795597323171,5.55498436752841,8.06272129888584,26.487052472065,27.3576722697633,26.6458277575454,2.74770246403055,2.85104776513435,5.66483338983473,9.14305892504239,27.1799577259327,9.14305892412404,3.94587802352435,1.96004155097088,8.19061676858988,34.0294815608543,34.0294815608543,9.86607179696237,2.38479654203568,3.57287500786358,9.86607179655821,25.7685668229492,5.09154034914921,48.1655025260336,3.72948737682475,3.42102321481886,2.77917327091935,5.09154034914921,3.42102321481886,5.09154034914921,0.512770150066212,3.42102321481886,5.09154034914921,5.09154034914921,5.09154034914921,0.561422376672695,3.42102321481886,5.09154034914921,5.09154034914921,5.09154034914921,5.09154034914921,3.72948737682475
13.2506789574339,4.3931438808082,6.43410698850558,16.0901249241535,6.00385070158449,17.0876241144353,19.617087094167,21.9645261371398,8.04444711019561,5.98937775818084,8.29285815190726,25.2425002104059,26.2147579700083,25.3927163096481,2.53644545571404,2.64337954883699,5.75138077421633,9.41860118362229,26.1379803511212,9.41860118396361,3.71341045466243,1.68289625243772,8.73579811399402,32.6170327070651,32.6170327070651,10.0789412627883,2.30993441966665,3.39372818191793,10.0789412624185,25.5920718989112,4.83608673505805,46.1696529207282,3.28832659255677,3.38365485713719,2.38767780085093,4.83608673505805,3.38365485713719,4.83608673505805,0.497283063903711,3.38365485713719,4.83608673505805,4.83608673505805,4.83608673505805,0.48156478709553,3.38365485713719,4.83608673505805,4.83608673505805,4.83608673505805,4.83608673505805,3.28832659255677
12.0911562682914,4.10606731169154,5.97602340320645,14.4290734265725,5.44979140416544,15.4491368955231,17.9392154178372,19.9783074237672,7.44776775110253,5.72883688630971,7.73454333773621,23.1390580091696,23.9657079549229,23.2743982965953,2.31026546345825,2.39567359614894,5.18645811375827,8.73254410193066,23.8874276938724,8.73254410198328,3.58976288540662,1.66385743457269,8.36677013048887,29.8784534021239,29.8784534021239,9.4501109424751,2.00974395051614,3.02248513650743,9.45011094245816,28.3686631202414,4.31526270065973,42.3031953303137,3.19799010847013,3.66671346844057,2.36079759980566,4.31526270065973,3.66671346844057,4.31526270065973,0.482101119701766,3.66671346844057,4.31526270065973,4.31526270065973,4.31526270065973,0.539565173818379,3.66671346844057,4.31526270065973,4.31526270065973,4.31526270065973,4.31526270065973,3.19799010847013
13.9824292826817,4.3410345285361,6.39870607500554,16.7898964320507,5.82786001454687,18.1284902064197,20.7330535441312,23.3209222471487,7.94655443499016,5.65845998738077,8.23512064487606,26.9457416877592,27.9274345097498,27.1180524731231,2.63665650729406,2.77739431917734,5.77592819409509,9.30119062794273,27.7455923800543,9.30119062789454,3.96499562052542,1.88226091727675,8.29615993268908,34.6734180574869,34.6734180574869,9.94028012758182,2.29346977519946,3.42155636531992,9.94028012778342,26.4813249646471,4.8810491925317,49.0700172516322,3.63552030607979,3.83669611734251,2.66994835830375,4.8810491925317,3.83669611734251,4.8810491925317,0.491510753120654,3.83669611734251,4.8810491925317,4.8810491925317,4.8810491925317,0.581388896016284,3.83669611734251,4.8810491925317,4.8810491925317,4.8810491925317,4.8810491925317,3.63552030607979
13.0107897691413,4.14204885491595,6.27880113040758,15.5498715539588,5.78550727123309,16.7053714661927,19.2578574977703,21.6688089417833,7.82484615829951,5.71502401429666,8.07953430913161,24.8432295230041,25.8760894368025,25.0230705113116,2.51919437766405,2.6909338452385,5.75530781519795,9.15584473781,25.6708656565281,9.15584473777057,3.82113401701908,1.65931591136937,8.39558643963906,32.1790483400661,32.1790483400661,9.73000840104433,2.21243639621972,3.35945893994984,9.73000840157013,24.5680003120482,4.80519621032492,45.5460283152137,3.61666602197823,3.4708377587464,2.35798539947106,4.80519621032492,3.4708377587464,4.80519621032492,0.479614402131325,3.4708377587464,4.80519621032492,4.80519621032492,4.80519621032492,0.506513940452009,3.4708377587464,4.80519621032492,4.80519621032492,4.80519621032492,4.80519621032492,3.61666602197823
15.2498053352256,4.46204991813843,6.6217762749523,18.6826339897142,6.14026038215447,20.0288007149404,22.6357855801041,25.6575688005943,8.19543336756722,6.10089919420274,8.44211998590985,29.5199873369721,30.6058480820253,29.7041396522451,2.94010235387001,3.03475771207509,6.18258964044655,9.57375587441285,30.3232793620539,9.57375587496638,4.20164848737094,1.92400457512571,8.97854226143866,37.8823674835165,37.8823674835165,10.1625823030588,2.64780913438107,3.86011576930917,10.16258230359,29.1111982117546,5.5204267752457,53.613463932561,3.94014838606624,3.54139156928015,2.73383063252062,5.5204267752457,3.54139156928015,5.5204267752457,0.471536037620275,3.54139156928015,5.5204267752457,5.5204267752457,5.5204267752457,0.560229743308221,3.54139156928015,5.5204267752457,5.5204267752457,5.5204267752457,5.5204267752457,3.94014838606624
13.2973687272802,4.20609971157546,6.3800746112167,15.8875441708681,5.84485853872991,17.1515789625875,19.6838948777385,22.0946013536954,7.92994244873625,5.86741926457038,8.19383155305784,25.3788058363558,26.3705608986175,25.5614850051641,2.6169976348639,2.72377682327472,5.81328709090657,9.28175596348422,26.2101265614442,9.28175596337846,3.90370352225784,1.70360327408883,8.62085285507924,32.7839826370648,32.7839826370648,9.89823701839458,2.38652159567459,3.50364628751063,9.89823701859993,28.7644068310375,4.99770157744063,46.3922528872387,3.56432892570245,3.56748170934594,2.41841414646269,4.99770157744063,3.56748170934594,4.99770157744063,0.489550598213899,3.56748170934594,4.99770157744063,4.99770157744063,4.99770157744063,0.520604728976736,3.56748170934594,4.99770157744063,4.99770157744063,4.99770157744063,4.99770157744063,3.56432892570245
13.1132731170966,4.27309205513458,6.35465331670815,15.8153990371276,5.90403622892932,16.80974497851,19.3817196538899,21.7262881285399,7.9345504541871,5.63859893384064,8.15468565902748,24.9718693329938,26.0098631730064,25.1445984182938,2.62402113087012,2.68030840340104,5.70954836677125,9.27138208552491,25.8607816258694,9.27138208545398,3.70552701656278,1.74552444825102,8.24998456055176,32.2825703245603,32.2825703245603,9.92503081561402,2.30348282471802,3.45140100540425,9.92503081561402,24.7274914314589,4.92918879610619,45.7022965696901,3.29147996986429,3.22815487497777,2.47854980099996,4.92918879610619,3.22815487497777,4.92918879610619,0.452054292585207,3.22815487497777,4.92918879610619,4.92918879610619,4.92918879610619,0.54572341554449,3.22815487497777,4.92918879610619,4.92918879610619,4.92918879610619,4.92918879610619,3.29147996986429
13.3004895175966,3.8867397926757,5.99790752281019,16.1625427567016,5.53230958230459,17.4558505775979,19.8459902757744,22.4719481866483,7.47429688839554,5.57136402505986,7.72182813822158,25.7392704806061,26.7249877481992,25.8730442888333,2.39347578435438,2.55577102761962,5.59776242135031,8.74539788130356,26.5681302623472,8.74539787962293,3.62490624342246,1.59411174377659,8.15372898416842,33.1677538801619,33.1677538801619,9.18688964914227,2.10899302086299,3.19541669851545,9.1868896492301,28.3647617555246,4.55382947738363,46.9405215504305,3.37462577241446,3.3489188621184,2.26168633591651,4.55382947738363,3.3489188621184,4.55382947738363,0.461340068276801,3.3489188621184,4.55382947738363,4.55382947738363,4.55382947738363,0.572339787814367,3.3489188621184,4.55382947738363,4.55382947738363,4.55382947738363,4.55382947738363,3.37462577241446
12.9586015190109,4.01805248455484,5.94634567781711,15.4752118803693,5.40111999857533,16.7311746942008,19.2284862617672,21.6414941938307,7.34054627819256,5.22877485788562,7.63681573392628,24.9371028346928,25.8132814221434,25.0915856633888,2.4831993951045,2.58094350331106,5.4237423375113,8.60551797617839,25.7115883663128,8.60551797590232,3.77596411600476,1.64635162095319,7.70165057825659,32.0998383276617,32.0998383276617,9.16611770570972,2.20818974583423,3.30865983288176,9.16611770542291,27.0201278996024,4.72913252212274,45.427657739405,3.29112400576657,3.71603326534905,2.33881294774424,4.72913252212274,3.71603326534905,4.72913252212274,0.482736454959428,3.71603326534905,4.72913252212274,4.72913252212274,4.72913252212274,0.516700360180736,3.71603326534905,4.72913252212274,4.72913252212274,4.72913252212274,4.72913252212274,3.29112400576657
14.4881332907891,4.20099286146997,6.27393426296369,17.5232720310361,5.68995523489576,19.0181590452064,21.589068034911,24.3363223905479,7.82082954491803,6.08882676782185,8.07645653086919,28.2103156627441,29.1435480827256,28.3744520028853,2.60834203736207,2.59491988444184,5.47065070453926,9.14876524130857,28.963545230213,9.14876524133813,3.78420054246954,1.92785311833042,8.91149780801611,36.1078806164777,36.1078806164777,9.93211286728697,2.22331614622576,3.31606351769625,9.93211286741429,27.1900562042521,4.73990923401299,51.1029258043209,3.48523445479513,3.5535830468968,2.73547185865889,4.73990923401299,3.5535830468968,4.73990923401299,0.465026231436476,3.5535830468968,4.73990923401299,4.73990923401299,4.73990923401299,0.497390930454146,3.5535830468968,4.73990923401299,4.73990923401299,4.73990923401299,4.73990923401299,3.48523445479513
13.0798612604766,4.43042725489267,6.42886573303502,15.6146808344141,5.90513421746028,16.6945919913967,19.3181453968497,21.5951609408365,8.03844527419494,5.55403164683281,8.29016182878306,24.869048067676,25.9035381465138,25.0367978337706,2.53320213941347,2.5926937183226,5.62309069967959,9.40040860572882,25.7853069624549,9.40040860571586,3.71789561662349,1.77214349473854,8.13123003286305,32.1979374067829,32.1979374067829,10.1397727433984,2.19332364020945,3.31719975749356,10.1397727432042,28.1692337749171,4.72464143670121,45.5771923345108,3.27141565150147,3.55346050233841,2.5127197783551,4.72464143670121,3.55346050233841,4.72464143670121,0.470773060801738,3.55346050233841,4.72464143670121,4.72464143670121,4.72464143670121,0.530052921962422,3.55346050233841,4.72464143670121,4.72464143670121,4.72464143670121,4.72464143670121,3.27141565150147
14.3398499905772,4.51993544082354,6.55819393241748,17.1707516265646,5.97877297641547,18.6815450667151,21.2502932829726,24.0106141469385,8.14257728348436,5.47473515836686,8.38798810734832,27.5762865500689,28.5208211418315,27.7484422138651,2.73306533709133,3.00723659096932,5.67402181181951,9.51017189389802,28.2330080800202,9.51017189385898,4.08096902138965,1.65806617862117,8.04095323269675,35.3248415966311,35.3248415966311,10.4215667624447,2.52816082961848,3.68016815292691,10.4215667624222,29.3990302667904,5.24967508356824,49.9912319562241,3.81975095721894,3.60665547022642,2.35514797889898,5.24967508356824,3.60665547022642,5.24967508356824,0.452500876745259,3.60665547022642,5.24967508356824,5.24967508356824,5.24967508356824,0.523776235970375,3.60665547022642,5.24967508356824,5.24967508356824,5.24967508356824,5.24967508356824,3.81975095721894
14.6181947661385,4.61880360402404,6.75134205117587,17.6487977590541,6.19934019402331,19.0936907150393,21.7382879852006,24.5705674957733,8.45847190234267,5.92603244227511,8.71245710825247,28.0566230895452,29.1896292647785,28.2239221398194,2.54842368551494,2.66469341096055,5.95930207128381,9.87620535234816,28.9976989140112,9.87620535170852,3.89203916819622,1.68369057370562,8.68017167018187,36.1633667297893,36.1633667297893,10.5914691084133,2.24420373350662,3.38172521917302,10.5914691084027,25.498030560289,4.83258123612184,51.1820386637022,3.53031105128023,3.75498636655457,2.39156346864447,4.83258123612184,3.75498636655457,4.83258123612184,0.46454725231968,3.75498636655457,4.83258123612184,4.83258123612184,4.83258123612184,0.522095046191235,3.75498636655457,4.83258123612184,4.83258123612184,4.83258123612184,4.83258123612184,3.53031105128023
12.908999997363,4.16200115453059,6.26066829724939,15.2183179572908,5.71506175827609,16.4730534365023,19.0117166241268,21.3036409481897,7.77510364364293,5.5033041052734,8.01782052025588,24.5537436255719,25.5852294113212,24.7370090654026,2.68647831416798,2.76629448990469,5.8569819762736,9.09849955978718,25.4318821634722,9.09849955912876,3.82493547228909,1.80953436974157,8.09248178272702,31.8178466791313,31.8178466791313,9.59303417032289,2.37817913293731,3.54731245965815,9.59303417008475,26.0809451485042,5.05557035441354,45.0334334599747,3.4659730640365,3.31161043053043,2.567015428778,5.05557035441354,3.31161043053043,5.05557035441354,0.479325539546812,3.31161043053043,5.05557035441354,5.05557035441354,5.05557035441354,0.539879275341531,3.31161043053043,5.05557035441354,5.05557035441354,5.05557035441354,5.05557035441354,3.4659730640365
14.5578320130962,4.06972929483727,6.09726908401986,17.6889636097883,5.57071841593458,19.3339097883686,21.6938593741424,24.6562511376468,7.52681397531289,5.65412692409821,7.76146761104967,28.2918600154232,29.2613716589561,28.4513645537404,2.71620530769007,2.85301845301641,5.67082663973794,8.80190169924728,29.0812431352059,8.80190169935636,3.85891719532224,1.66489688386173,8.27256917833789,36.2225637523749,36.2225637523749,9.35644389883425,2.56488446816984,3.64242334410371,9.35644389883425,25.3416630300998,5.19859721604992,51.2744868149522,3.42752122647474,3.27816683745909,2.36528330148739,5.19859721604992,3.27816683745909,5.19859721604992,0.449215114610578,3.27816683745909,5.19859721604992,5.19859721604992,5.19859721604992,0.492603156043749,3.27816683745909,5.19859721604992,5.19859721604992,5.19859721604992,5.19859721604992,3.42752122647474
13.9996000102152,4.1417461397163,6.08362747652222,16.8524655642805,5.51379881445897,18.3558432516112,20.8385596955264,23.6140623875276,7.49277621147033,5.35719281054783,7.76509099957378,27.1556384973439,28.0919787049569,27.2881575820416,2.65135316618211,2.65031376298806,5.55998930674074,8.7637022198858,27.9403069618847,8.76370221990335,3.87692140237304,1.67575005674254,7.9100418143401,34.8020591035089,34.8020591035089,9.34747511412246,2.40994094328632,3.5353039532057,9.34747511416261,27.6284183251005,5.04980801484563,49.2557015856639,3.28952650785277,3.67071891531179,2.38083002099595,5.04980801484563,3.67071891531179,5.04980801484563,0.4488921297739,3.67071891531179,5.04980801484563,5.04980801484563,5.04980801484563,0.539316727425503,3.67071891531179,5.04980801484563,5.04980801484563,5.04980801484563,5.04980801484563,3.28952650785277
13.9689676989429,4.26807334114998,6.28893873647272,16.8637481474791,5.77987094486882,18.2665431117081,20.7718832322286,23.5811897638628,7.84319585251143,5.50241036462431,8.11248062729063,26.9546380318637,27.9966224667396,27.0959125032338,2.41763158217785,2.68683822479768,5.76231527604119,9.17029833493334,27.7493667197943,9.17029833447967,3.84987689834832,1.59867648257643,8.0853583156368,34.7287141610057,34.7287141610057,9.71629134714895,2.11176820141447,3.23368263060624,9.71629134765236,27.6524219990429,4.61210252012658,49.1534193090165,3.70859565152592,3.68970069415907,2.2691060911735,4.61210252012658,3.68970069415907,4.61210252012658,0.46853425351656,3.68970069415907,4.61210252012658,4.61210252012658,4.61210252012658,0.513133019311595,3.68970069415907,4.61210252012658,4.61210252012658,4.61210252012658,4.61210252012658,3.70859565152592
15.0432632496702,4.30209220129197,6.47364015104377,18.1954992499659,5.87727080001647,19.84097316985,22.487625865397,25.4222552319047,8.07374278625081,6.23746923717027,8.33530175214863,29.2954746746125,30.3019173944381,29.4497605914309,2.6315618228711,2.62027440918369,5.7814167908987,9.4454210342937,30.1609108552233,9.44542103340908,3.84911765183853,1.86195794084954,9.13013830481809,37.5461031286609,37.5461031286609,10.1259855268843,2.27003799760765,3.42074618142358,10.1259855272533,27.1299561020705,4.87848228366997,53.1475110329842,3.46611588427191,3.61730040659989,2.64098367757976,4.87848228366997,3.61730040659989,4.87848228366997,0.485223997141211,3.61730040659989,4.87848228366997,4.87848228366997,4.87848228366997,0.54041652817618,3.61730040659989,4.87848228366997,4.87848228366997,4.87848228366997,4.87848228366997,3.46611588427191
13.233013563365,4.42263339786672,6.42137609120069,16.0612318561899,5.9432052164252,16.8998284304443,19.5849248526954,21.844623248586,7.94730182717204,5.77775449610345,8.23167444539072,25.3303695516366,26.15895922463,25.4728605626893,2.70733672912953,2.79628432496665,5.51438779515729,9.30765737951942,26.042815542045,9.3076573807538,3.97505361309469,1.78016200303395,8.4543821242023,32.5254330353959,32.5254330353959,10.1907317875771,2.45348967861183,3.59811388526593,10.1907317879999,24.5846635311188,5.13036315044978,46.032328239241,3.38782800804662,3.80282238202992,2.52635126224846,5.13036315044978,3.80282238202992,5.13036315044978,0.488932471895982,3.80282238202992,5.13036315044978,5.13036315044978,5.13036315044978,0.522138901156817,3.80282238202992,5.13036315044978,5.13036315044978,5.13036315044978,5.13036315044978,3.38782800804662
14.312325683713,4.44851340835324,6.7498158086995,17.3083061422133,6.27809681787078,18.5428706841796,21.1249289552438,23.7880749910966,8.48104075844881,5.43431687910497,8.73013489378525,27.2854296730814,28.388267920478,27.436405073263,2.54692216321294,2.76826647793977,6.02922547623029,9.9143236747651,28.1720034195601,9.91432367485026,3.87924389553856,1.78781904721943,8.00298025716357,35.2505986127375,35.2505986127375,10.604946682105,2.23605799082002,3.33786956792928,10.6049466820048,27.7511248067967,4.7694531681056,49.8920049135982,3.76435402634487,3.55446544063212,2.53788715877638,4.7694531681056,3.55446544063212,4.7694531681056,0.497107507672365,3.55446544063212,4.7694531681056,4.7694531681056,4.7694531681056,0.539454078281263,3.55446544063212,4.7694531681056,4.7694531681056,4.7694531681056,4.7694531681056,3.76435402634487
14.0879967829905,4.41985525247418,6.52553165957666,17.1440809426769,6.05387384235046,18.2754654800562,20.8558526037979,23.4576629713951,8.1975064137844,5.61545818211948,8.43625901027007,26.9895613782732,28.0763258580346,27.1388513720838,2.51186430411706,2.57544878957858,5.78029499888679,9.57296253005215,27.8975945163866,9.57296252890756,3.69795113789045,1.85052981846119,8.22037195936069,34.7926217139653,34.7926217139653,10.2453499941289,2.11200022083776,3.19089412947032,10.2453499940088,29.5237553102863,4.57113000381652,49.2369100309995,3.42074789720893,3.5199936430921,2.62777441885902,4.57113000381652,3.5199936430921,4.57113000381652,0.455124979418989,3.5199936430921,4.57113000381652,4.57113000381652,4.57113000381652,0.559629727406502,3.5199936430921,4.57113000381652,4.57113000381652,4.57113000381652,4.57113000381652,3.42074789720893
14.3172548822386,4.50630509993159,6.56611770642675,17.6251854042968,6.096976306329,18.6881797942066,21.3705718893037,24.0132973095238,8.1768774155375,5.98634258080908,8.45787918758429,27.6967982166858,28.5438920768333,27.8328360186029,2.59155654633967,2.71546520276189,5.53210161852932,9.57611421171294,28.4430289381109,9.57611421085538,3.91652613219579,1.6900429869265,8.74389220297256,35.438891880198,35.438891880198,10.515662297352,2.357883876018,3.48197343015233,10.5156622961825,25.2119558145409,4.96579317063487,50.1517318943549,3.39870140178535,3.80701635596693,2.39890649480485,4.96579317063487,3.80701635596693,4.96579317063487,0.499792559325153,3.80701635596693,4.96579317063487,4.96579317063487,4.96579317063487,0.53514457928159,3.80701635596693,4.96579317063487,4.96579317063487,4.96579317063487,4.96579317063487,3.39870140178535
