Plant_1,Plant_2,Plant_3,Plant_4,Plant_5,Plant_6,Plant_7,Plant_8,Plant_9,Plant_10,Plant_11,Plant_12,Plant_13,Plant_14,Plant_15,Plant_16,Plant_17,Plant_18,Plant_19,Plant_20
0,51.8284193831643,25.1540447743949,42.7168457042974,32.2242366482741,99.6494856479543,6.0516315605601,23.6856443162503,17.1673820947779,0.0831325400006244,22.5299386928855,4.61279265848551,7.35494523398197,4.45574786138577,2.3645763754813,0.0549153780465413,3.93736310613602,30.3122464314539,0.0725555715648514,0.0783143270250388
0,50.6427850893556,24.7082600213559,42.4929221151746,28.2439063399849,100.496203563292,5.43688779513092,27.4419302951313,14.9808842613335,0.0806119113940217,25.0199710424482,4.63144495980742,6.59093573215532,4.4882252772283,2.57382123283151,0.05286121337265,3.7571681351821,31.1512626156876,0.0653390886196807,0.0641322245624944
0,54.6160918247845,28.2586923126915,50.1633553896046,33.2001191032902,105.049775916162,5.81531819926107,28.164073781589,17.3724312127729,0.110901569200864,24.0369400772781,4.75293798229886,7.17860967731751,5.08661005405554,2.27859107811756,0.0651414394216502,3.80628149830945,32.6777727627647,0.0892028728263923,0.0543896687010877
0,49.1633567969121,23.5464685675586,47.1538567701912,29.7809671351023,116.744818102018,5.50271898653435,26.7261268877537,15.4720697957459,0.093599228888351,25.3052047917526,3.99237415554749,7.66121617667494,4.74533659458774,2.69589039921884,0.0680281169224544,3.67505939522068,30.6251677083303,0.0847647625975454,0.0891276472717584
0,49.0433741615742,26.4209383515115,46.8239244108691,34.6600327845643,108.259673253285,5.57756086502412,27.6273054804983,17.2490501355709,0.0716737399504734,24.8061270586242,4.28129172166968,7.23237020834457,4.77722152963657,2.46798088199633,0.051288379261989,3.60284494883077,33.064964631721,0.0587211799385881,0.0746971546560991
0,49.9559783487027,28.3342050480302,45.8530916599344,33.4096020846355,110.292039274209,5.68761445743379,27.9904557616004,15.5219552788092,0.0905440449534403,25.9841666334318,4.79232503738064,7.18827418985387,5.09365075403271,2.64234175196235,0.0618569264936871,3.4263955193776,31.9618229826376,0.0603360146981034,0.066022766523136
0,49.7952968379713,24.6804160292613,49.5783123761411,33.1522581072937,108.552859405757,5.21263462211794,25.3755447298617,16.3788405114437,0.104017079127239,24.5789399706243,4.62366977434812,7.54949642506261,4.54064413491031,2.21140929124672,0.049314515924811,3.81837445756016,29.7320610108955,0.0886671751132492,0.0774931860719077
0,48.6755344116647,24.3874785044473,49.8569231594397,31.6861861156377,104.283616686345,5.4336376869846,25.0307702825737,16.9366943960425,0.0954485873970437,26.0406068824562,4.17046277341539,6.89656192762859,4.60826078560869,2.44972599432404,0.0597541046972519,3.90047691648085,31.2218422158836,0.0739293704015902,0.0567677644213001
0,54.8490167551448,23.7472100611923,47.1729582999281,33.9834807636864,106.266105101629,5.36734746385258,23.6203382138492,14.9236772692046,0.111455102529822,25.1495060375651,4.33161158481201,6.34320223891554,4.40307235933797,2.71732299528339,0.0691133758285212,3.81796760381691,33.4278502437551,0.0589016355960957,0.0547701502555338
0,45.4153486897998,26.2972292773122,41.5935538655388,30.2019711069574,96.4157256710341,5.08451571495966,25.6896848963337,15.9709106377065,0.0952297650578249,24.3751392984716,4.19129705745541,6.45533172581736,4.39551883000421,2.6946220117411,0.0589742708129685,3.90003274012512,33.8146772327969,0.0818742434238486,0.0516186731702535
0,54.3760085782283,24.7113411678348,47.7750031040692,30.8495347883023,111.214587105812,5.7569943539432,24.7287074646814,14.9796766796302,0.0830735705279232,24.5068298856389,4.27641939948882,7.28495151406721,4.65814855089206,2.5009516064014,0.0677790360520658,3.72568820301051,33.5080566070042,0.0563117841604219,0.0646357143098049
0,54.3848207934036,25.7898845959151,43.2725857537644,31.2725209629626,113.148812778724,5.51959988500442,27.0738549502131,16.4760733731719,0.0870446508627287,22.1932607824271,4.54655168815695,7.16342571516246,5.07179150814011,2.22710302003979,0.0543142258104854,3.5808367819039,31.2692977273143,0.0967615632617245,0.0593021370707346
0,46.5506338905927,25.7498229507274,44.8839991940337,31.4579970282813,106.790515748162,5.68812112710443,24.5037845281776,14.3280732601582,0.100610813053751,25.5631310223698,4.3409769859233,6.47580259919796,4.69887237852282,2.1793298822164,0.0546268768034572,3.48882368843649,29.2593404982976,0.0639552510640554,0.0715235763956101
0,45.27903896939,26.7062538146015,48.1076616716489,30.0262807873058,113.593852810242,5.81944275891092,24.0372036672485,17.0929975107028,0.0702090647985221,22.8958547466742,4.18637098529508,6.93713079045781,4.65142696219452,2.36048415223647,0.0520831492651444,3.63733999641689,34.5095032422954,0.0635883445622629,0.0945005332389576
0,48.404065959986,26.6652549718816,42.0008644109965,32.9112838891756,109.7904047413,5.12018331906875,25.538814781594,16.8451646514497,0.115397270545254,24.1233950916932,4.79808456283451,6.74951830552173,4.11903396483485,2.4034810168351,0.0493989979323693,3.92848204005106,32.3504150395746,0.0835109247637126,0.0574948758095448
0,47.0040476606521,25.805017141593,45.1165137124908,33.5615338668875,97.2506244625339,5.55318060655939,27.7858789646892,16.1691550562769,0.0956835654572913,24.16522399183,4.24952858599256,6.332076452642,4.8250422700636,2.60805169222113,0.0567429958756535,3.31403231950629,32.5571079812885,0.0720634734529515,0.0573400242554505
0,47.9248795759129,24.9259932098418,42.8333817757355,29.1307359659234,105.362787838318,5.10557450479335,23.935294475949,16.6394471170122,0.0829451800879807,23.3024277480739,4.58743485512371,7.34811888924596,4.2633152622634,2.35106788429022,0.0492111814294152,3.74729908825296,31.6626544980619,0.0574839650744854,0.0603058184168444
0,47.0106137425593,27.3602679144798,44.7530227954245,29.3256164844268,99.092524451768,5.71942959437028,27.9003214019098,15.2369683921955,0.100942344500115,26.0528077314878,4.78955542207575,6.52649045846434,4.29749531169274,2.54374797679092,0.0538002541181007,3.86387764921009,31.5958873963834,0.0696210377226239,0.0682467692794683
0,49.8029048561732,24.6062609914491,41.0709465518505,31.8510805231759,98.7048076852075,5.96191509989141,23.4898314127012,16.2781821955553,0.0912455443712701,24.2940063153982,4.37134021425828,7.34959170815262,4.92507439628326,2.34726769512817,0.0476695946771943,3.56599023226251,29.3612355365698,0.0832936936260147,0.0560976457750084
0,48.1915776348992,26.1685278635775,50.5263536969784,33.7591385397161,104.179106036442,6.1021295747061,26.4376158910443,16.4927456014201,0.074747848670867,25.5657035797588,4.86594711869155,6.87741069729597,4.75560904673904,2.33923028492524,0.047864062923623,3.77524817425824,30.7039176024339,0.0583323858432368,0.0799071186494214
0,50.165175003013,27.6731551485295,48.1634865410003,31.1548714922572,110.031898484221,5.68608050702215,26.3317802125553,16.7948766404868,0.0990137601442993,26.2572616098004,4.78608103765146,7.48467442169584,4.31135164593461,2.72048093629472,0.0535297873486435,3.25896124706792,29.3575408946804,0.092821494757973,0.0668136095671021
0,47.2986831846689,28.0235736614948,43.0096668906677,32.5438203389183,97.6225853160606,6.25967312936042,27.8768821238108,15.9364105862149,0.0737924725324,24.9496281397808,4.49936272659832,7.3199308966304,4.3061100410503,2.77048236760899,0.0544462375590194,3.97496410167948,30.7015603859328,0.053922302258277,0.089242237712567
0,48.7773328307048,24.9525605580196,48.9188267514109,29.6975571647496,113.949199990942,5.92626434230844,26.8969319826597,15.0085745323422,0.0920623214346543,23.6499330530459,4.44466171362813,6.63057887927577,4.96192738463709,2.2269121828139,0.0554573518740957,3.33516922778761,34.6038830918435,0.0842700976218052,0.0551728156182879
0,49.3701851070565,26.0856325037076,48.1438361531433,29.4964873694459,98.9061102011847,5.83411409969172,26.8180853901439,14.7343887661725,0.0697139287698701,25.8314092288887,4.3108031855234,6.73074022068398,4.64091437513125,2.25907160657859,0.0438534973796518,3.27734244497023,30.004963899189,0.0771147842062075,0.0627765356777161
0,50.9304576605143,25.7596957976475,47.6003031452394,28.4896867493198,99.6892770426621,5.11590851532223,24.8811941525405,16.3269463469889,0.105750942638632,25.6516721259485,4.25473838365418,7.62413291118448,4.80516909625853,2.70027921634796,0.0533186574675321,3.85741771712989,31.9725254778858,0.0715139307282756,0.0706869337936135
0,54.0860426307859,27.1006263128803,42.1454792189448,29.9510441944145,94.9425815312146,5.05674422438209,23.2177240766196,16.9332312843969,0.105357364655441,24.4614464002261,3.95827682710758,7.5435504107458,4.55856736747329,2.45038837023301,0.0478779447862174,3.7442227682733,31.0281475381727,0.062965401471904,0.0541260369596291
0,47.8911160252659,26.6244003094829,49.4504741934396,27.6724952925448,113.070820502183,5.08376051673479,24.0410077353992,14.835009783517,0.0756331124311373,21.7056938571416,4.61760566264331,6.22450827167707,4.76589634630731,2.53221125203872,0.0465848915769412,3.88090573337866,32.878191922631,0.0731514082457723,0.0795119154606925
0,49.1078102447653,27.0963442438636,41.6629575830547,29.7458225004702,95.0003746366556,5.37196235803611,25.0736318183436,15.3189022668931,0.113229650466628,23.6208983964692,4.18545676215747,7.32212370940648,4.27378314875254,2.18552493899397,0.0603941579870687,3.89240072206081,34.8152644597391,0.0839704282897265,0.0702634425104315
0,45.8220130961214,26.6179625277033,48.018258927248,33.3342827133356,99.4427847670426,5.28696424292271,25.3526050005663,15.3380865777121,0.0657810709235528,22.6540746306265,4.65274208373769,6.74635956838837,4.3934821162922,2.39812604549477,0.0556582133354417,3.9104050554929,30.4724134877753,0.0816302152189822,0.0705318271655464
0,50.9211460867902,24.4151978493099,43.0775425782259,29.8961187434189,113.706651389953,5.56748781246154,26.77076276413,14.5115385551579,0.0853851291387788,23.3742913099671,4.16233257702305,7.24806242668859,4.944663059151,2.72575723225967,0.0504501562466219,3.76035262626064,29.9189924899442,0.0730702353051873,0.0744340760769033
0,54.7553409257454,24.5437945090202,47.6480502917226,33.2848581685794,103.939209736647,5.23882944496731,23.9541236976643,15.6254568697006,0.0859981803941826,24.5166714312796,3.96543396796009,7.18472139894827,4.54683009680417,2.37251198202981,0.0556393811339771,3.85069801275944,34.1493939824058,0.0627699962300769,0.0613627168800409
0,45.5486260005092,25.7994297125873,48.08309181386,33.1877513159898,101.693975645207,5.90341979573842,25.7807063857809,15.3004951317594,0.0728178272393836,23.9808124613541,4.3549379534448,6.49715789499512,4.39239622684067,2.32921250576392,0.060508821612284,3.75320244030603,34.4133500041783,0.0793829882640237,0.0705850550771155
0,48.2077020678537,24.603238345762,49.4326175240278,29.3456987042941,112.435999954815,5.28702074548238,26.689511581933,14.6757726363992,0.0743016923783487,24.2782085941874,4.35926212029143,7.21173510066686,4.80475478769088,2.52746124824472,0.0536266833839392,3.46727706265781,30.9212955693639,0.0794813202396428,0.0592642337588318
0,53.7624130444676,25.2956429352033,46.4922018982945,30.9035913750479,113.269889499187,5.804724455803,27.3392052992553,16.9673561147798,0.0871190678730775,21.9058970031419,4.76212750831778,7.07254548820391,4.35948912929185,2.61250538763997,0.0729875018052383,3.93327471780217,35.5550845044748,0.0728969875585718,0.0799288258572743
0,48.9058618540221,22.9167551510609,48.7088365140062,29.4854718048046,104.047712381744,5.75094142656387,26.5706618597987,14.3717632665201,0.090174562974462,24.7822576381761,4.09235028012383,7.10771634106512,4.57612189698358,2.69232634295954,0.05436319946946,3.22170361199295,33.0238062770018,0.0801533728660725,0.0856889471195777
0,48.6665105068081,27.0644417326175,48.5893952109277,31.3893598515418,98.218706598446,5.89416687875851,26.3859914607664,15.6069657461695,0.0977589632276196,25.1088759884246,4.57003647131979,7.01325993372897,4.10202728934216,2.27721992645735,0.0774654405185514,3.31169477296905,35.0928617841661,0.0664055209975372,0.0726252984111897
0,54.8878548161434,26.5959196220513,42.1840135108883,29.3823567142329,110.255071645258,5.24603156176624,26.4300511883035,15.527238162158,0.0948307572727354,22.1143118240491,3.99506803627719,7.38423912773205,4.53399060786747,2.43744362946393,0.0544299019262754,3.36374471293777,33.6193506863982,0.0647750729011597,0.0901355608726605
0,51.4830484624594,25.1935286043775,49.1383393329814,29.6473053864889,114.108066530792,5.87629210434135,24.862248325209,15.2007193372842,0.0932329812903648,21.5559792276981,4.52771419877925,7.23343759670981,4.87252924646725,2.58836582186904,0.0459633713533946,3.88433387110856,32.6987211471167,0.0599437121110446,0.0491884853400359
0,55.1243079013526,26.6209748105532,49.0476417655064,28.9687201650603,110.267383443913,5.8440983583516,23.7989253052044,15.1544809472006,0.114713092573427,21.7300886833879,4.64512337818716,7.01005096582802,4.22338318626836,2.75628647579455,0.0698911870743751,3.30842363069006,33.8487987530389,0.084962236772966,0.0497096748453197
0,50.0687004384128,25.0170904476192,41.8977415661222,31.955904498275,110.099308827691,5.24033291942266,23.3362553773902,14.1029222257583,0.0713058575019408,25.3076420014684,4.69466431651384,7.03495914857598,4.82080746611837,2.61453660538931,0.0434847820437099,3.69964315345517,29.0847845835436,0.095873322191523,0.0522969591776062
0,49.4590529497907,23.6207417289709,41.8530605376282,31.5024754272121,109.424394176919,5.18771075624813,24.3751114491059,15.1377498891345,0.0896800334832085,22.2345946578373,4.13575256265204,6.4763408687839,4.44966528489667,2.37588498390247,0.0548191590627052,3.50583762024319,29.541159575396,0.0800631403542963,0.0583575215627055
0,48.8736648019132,26.2126352296259,43.8600218476638,28.0699029522461,101.576831875545,6.13117389115918,26.0749519180093,16.344307572577,0.0950386921185751,22.0826170225259,4.2334289931845,7.24239806108287,4.15267165068316,2.35849074763717,0.0629779877838789,3.52528154638626,34.9743135898323,0.0554250973815011,0.05872098083648
0,44.7024041102187,23.8912312248794,41.2951234981619,29.0725067502563,105.678848682094,5.58878687014189,23.7273879709836,15.6332564430746,0.0681415658545719,21.004777281758,4.20094835046481,6.29177317099668,4.94396360605533,2.54026330424733,0.0462750181531065,3.64385885788988,30.6361144620839,0.0849111481475485,0.0718331345713999
0,52.7927312815929,24.2929099695288,42.5370089968925,31.9543637695395,114.034463160738,5.88941157716031,25.0927706506645,14.6938571070352,0.076871412329372,25.9547992824332,4.79773434476474,6.50486861034465,4.44366653346655,2.25186098747209,0.0590529123119698,3.3756335122891,31.1236243884299,0.0687784556418443,0.0574594212988137
0,53.1515644097429,27.4969080230312,42.8389267414788,32.3392150621268,100.635884974744,5.49558318759835,25.2845169589627,15.8517265827885,0.0727655697086812,22.9846441191287,4.01265582811339,6.74145283291172,4.87534568678554,2.21104244118007,0.0562287675933904,3.69630771892119,33.5182054979908,0.0864977719184184,0.0475035084595033
0,52.6722375821458,24.7847809822071,43.3648588071859,30.49098085956,111.840900578517,5.13681036079665,24.0430741721385,16.0678814323572,0.0720324752464772,23.3954772973759,4.38848678571334,7.3684432678394,4.59334391868782,2.56949019523826,0.0418536988509715,3.57406818518347,31.2514203521184,0.0676179980908801,0.0541278941295395
0,48.3079860964249,28.4183988301567,47.2765127966538,32.1647978801941,98.1943472424158,6.20335223590584,28.038961353902,17.2472213156417,0.0690684535066317,23.4820396256311,4.61740479833089,7.004374907487,4.58738986720134,2.33556562927677,0.0457157324431419,3.41473317251257,32.3073962845597,0.067491009991051,0.0704262969028715
0,54.8476868738675,24.7024954185984,49.0290665167521,32.8302714886156,96.7949561418021,5.78819399281228,24.8108966940966,17.4441728586023,0.111516364235656,23.4440328587321,4.33542730816759,7.30289902394436,4.26634155821001,2.57424442564054,0.0545263525130622,3.33033588739819,30.4290665975434,0.0827972255702419,0.0545968878433647
0,46.2984487870817,26.6227632783771,43.3436374665524,29.4720098647156,112.046785732045,6.05028020418038,24.5236362107602,15.9065391596955,0.114961742944938,26.1529211865801,4.82690220779297,6.74619528521243,4.17556418896925,2.3455415273225,0.0687501733625072,3.85055539508898,30.6263120795129,0.0827783665214539,0.0873928341057326
0,51.0676426875795,23.7733924835458,49.6311541708708,31.4560475389137,114.168126138228,5.76148877278237,26.9192027219872,15.7733516629773,0.10674035158149,21.3165637142131,4.26979407232719,7.59430771164322,4.72360604457444,2.59700003370404,0.0522972949372473,3.36396577473859,34.5167565251391,0.0775466741563409,0.0803808454553897
0,47.2739710360547,24.5353263083854,49.1211956460739,31.2641131703569,92.7706757291175,5.21374909288879,26.8327579578402,15.1765836270314,0.115760306804106,22.8336972173126,4.73902114306402,7.04649843227146,4.32161218529142,2.37494411187135,0.04294985135034,3.66042603135419,31.4450958157553,0.0596966994449313,0.0633269311852162
0,53.8192756410099,24.3519572440418,44.1757160258204,31.1029603572051,98.9823405747125,5.27332798417589,26.1262601209794,15.4686647305681,0.107833619248688,21.8858436169156,3.97338266362796,7.14581142940653,4.8855552075584,2.33079547831487,0.0541105339157859,3.36072994137621,29.3891372421625,0.0725007419381135,0.0671258955617927
0,49.0241655541745,27.1025400292976,49.9757147140655,29.7136540136361,106.430349044465,5.96735543654659,27.582699127123,14.9664200873495,0.114400048020057,24.5732458066899,4.36879034087426,7.65174510960561,4.25904587613917,2.6030594064365,0.045946638020071,3.57727317691218,29.7390057098482,0.0733777642491048,0.0570978217229115
0,46.2668450858291,24.1197167991699,41.9466789364387,28.9354117941679,101.163866814108,6.00101301018491,27.0880115616697,16.6808829741952,0.079103579637489,23.8113259118559,4.33501318528694,7.27105085443739,4.54286288736279,2.49625351720786,0.0384667494833912,3.93914652890652,33.7051939611427,0.0710048961483988,0.0683227173787754
0,47.0928442951964,27.4774066144441,42.5013394534428,33.6948245504074,107.586488131142,5.70275563115417,25.7233368477489,16.8310254350172,0.114578453130159,26.2183047053466,4.42123558799301,7.46007173491021,4.87023064545664,2.7051863624914,0.0434156818606765,4.05373148970764,31.5679367612041,0.0732382485963177,0.0526059094268088
0,49.9312776281112,24.8829725289587,43.5766702549458,30.8618835177601,111.327399151796,5.33594188290436,26.2560756771249,15.7470403190586,0.0816387906870825,25.1756203638048,4.40929206083023,7.58882229085098,4.35032093622584,2.33237958642342,0.0605428825607354,3.43989357622639,32.4272615129096,0.0769678423913352,0.0808291900590999
0,49.1703097090023,24.6321630646608,48.9603366457062,28.8663000660815,113.469110366806,5.56452723458566,27.8531772606107,15.6446139106888,0.102828509415789,24.5852531088752,4.19405442791588,6.94970801768284,4.77151180454876,2.68681816242924,0.0432597417485068,3.67408832676559,32.8433116945136,0.071418512466456,0.0681377449257164
0,50.370814677606,27.0660186092961,48.1661156670987,34.0730824112296,101.54342301662,6.11322923123599,23.9862793772266,14.9014606140893,0.10440148225927,22.7904901570328,4.53612382665899,6.48467563086325,4.7756018119814,2.70674882916732,0.0647927450237324,3.30825297955333,34.0995128007418,0.0721829526358622,0.0686487228945145
0,52.7774189458005,27.3928472339204,42.3991131778568,28.850136119778,107.082376326249,5.42531321842313,26.3752357987756,16.4252957466386,0.0958104213090192,22.9830949613969,4.31179640234415,6.41366784247904,4.50677142337635,2.73388501798631,0.04609767044742,3.24311164022029,29.4444760991871,0.0927203290860447,0.0563767158147787
0,49.7271565930189,24.6188246777699,44.2465312891419,28.5699930703854,105.660245437276,6.03723970428883,26.8882838934253,16.7743206048575,0.0779990116710472,23.0836563755123,4.61044011754917,6.6565350960752,4.95172216557007,2.48025790324729,0.0647618567435334,3.75694031244353,34.901448287839,0.06411648680964,0.0889620741791107
0,51.0128894706395,27.3573682144164,45.117550875141,32.0779648113845,109.802206991178,5.29568652873309,25.5672979422451,14.974528527232,0.113383694962006,24.7932694607027,4.70647723463163,7.22500143525037,4.95196733585486,2.4986856338522,0.053303930844545,3.46267322549418,31.3356058471058,0.0668498624348283,0.0551311988585334
0,47.3610546567922,24.3194042618807,43.3803992377217,34.1150342895638,109.656368899365,5.15554475886822,27.1303043896052,15.4373658862076,0.0705462694754769,25.0149899890388,4.20384155714235,7.37971818653314,4.31492641403475,2.49382599202283,0.0501324497171108,4.0271647356796,30.3292787066156,0.0719379452612037,0.0657782564100454
0,46.7061794498444,26.3655291789971,44.0593041239789,32.6349267746822,105.156213829851,5.28057693864205,25.7021840750496,16.3916922249768,0.114323073194554,24.3977055355723,4.40859746870183,7.49128418795715,4.90492479066901,2.2986805854331,0.0442754417080918,3.71692622634593,30.2429390782372,0.0817717967956581,0.0872682712329002
0,52.1391658784067,24.7791148632035,50.0336592446576,29.7001834797238,96.451715084803,6.11035032806227,27.2568747412301,17.106335776352,0.0948320644496364,21.8595374895771,4.24341742958703,6.27111077161231,4.42717806140851,2.77474505830685,0.0589266910598865,3.98487895757438,30.0125622709333,0.0755726252390411,0.0874556897136062
0,47.5834931157555,23.7572562818772,44.4683162919393,30.9895396494657,104.690594167441,5.89753090109458,24.4434848474004,16.4346856927413,0.11150422490612,24.0226037335263,4.71287342011062,7.12147589835117,4.33141395815563,2.599167006377,0.0660743140031445,3.63825091413838,33.5771888355457,0.0715697825869982,0.0625350387674657
0,52.5460646264746,26.6474395135647,48.3897521806769,31.3368276369936,102.182357166121,6.0156960179808,27.0961195720537,16.8782165235549,0.097666150358448,24.2381346278624,4.51533208250079,7.19735706025688,4.4078212580206,2.52851937703093,0.0509846547982269,3.56245671661441,33.2374268241317,0.0685974536444227,0.0760474024919991
0,54.1184526409407,25.9269674443677,46.9996497076607,31.8350704732578,107.103052087026,5.03596192513364,25.2024435883038,14.544035307492,0.0835874416068143,24.7344154159081,3.9083113132657,7.23848263387437,4.3052616177962,2.15504656747196,0.0427202513267836,3.63037168127212,33.0738243001133,0.0815424853361715,0.0661961794981402
0,54.3142451950888,25.9587893176851,47.4421690721382,29.8605175421983,101.386973473565,6.14496207778645,23.2707734856692,17.0950341770641,0.0769871803169473,22.6631179397425,3.9390606665195,7.21236669685049,4.40421657859683,2.43973683195153,0.0701056728541119,3.98703091779985,35.1913606344623,0.0775730861982857,0.0541644480500755
0,52.5002658434915,24.1330967050112,48.8522524762517,31.5681373922888,110.982289199832,5.59753743424547,23.2269190590142,15.3999729226358,0.103848750039209,21.6085569156038,4.48294363644459,6.75104860798451,4.51320798539252,2.72973400512148,0.0471422551294339,3.74063759609796,35.6041809279399,0.0608073272238158,0.0727339058346907
0,47.6878652276414,26.6138069258282,47.3620267460296,28.3964647204689,100.870068962478,5.79482017068755,23.6395609346844,15.5814491255841,0.0780915216082321,23.7494438319033,4.41660954597635,6.93439155628241,4.68496521131383,2.15248379685486,0.0650846331298883,3.46892271085463,32.7752897490831,0.060144418975612,0.0605556203889492
0,48.7057694489944,24.7522037243035,47.7528952196332,31.8186594465484,103.230918988681,5.72770995514325,25.764338345834,15.4576461301724,0.0909213063090197,24.0666863892252,4.45852007182222,7.23525754333062,4.71147550903232,2.67036206163414,0.049088615497934,3.34842109832616,32.0958805078139,0.0785884489400836,0.0611780414231786
0,45.5026652124533,23.8768206284599,47.3232410678303,29.7805416787781,101.219064200365,5.15392582275707,26.4874872733014,15.4751656987559,0.10271480742466,21.5350253756417,4.68144288498165,6.80917998162089,4.51092052075116,2.57200691654682,0.0575484882281901,3.76479617862195,30.3377511191909,0.0740376353956481,0.0788911139485648
0,54.8401188908551,25.7570017207329,50.0144852708191,29.3202694490159,111.082966244052,5.69120300675825,23.9218723542215,15.8131214490029,0.0824796503568442,24.2345839082233,4.48825556837096,6.95972987246158,4.68175833199379,2.34667547372682,0.0664127398560647,4.02263961051237,32.1297822340914,0.0902450574255861,0.0545533741215459
0,52.8080908701236,25.3379902511981,42.4503167717178,29.9556141469456,94.3505737720062,5.7649643797378,27.6261428931063,15.8905297312771,0.107640328147093,22.8329902922812,4.52890335800434,7.44394471640094,4.99854855646472,2.6183030703439,0.059652891300421,3.4130798165293,33.3588933431075,0.0606200141321297,0.072651218323103
0,49.020261233554,27.2060790408509,46.9337629095365,33.6915520838363,98.0304037349422,5.31850225068692,23.8343770801506,15.6844190471519,0.0879636087373589,25.1083224135399,4.3412513236214,7.49863082095172,4.33760741909296,2.57094172866259,0.0413455497245629,3.27960641754605,30.2344610480284,0.0802284140280871,0.0774193451979995
0,46.6704578465483,28.1774080009721,48.9202261987544,31.3112294064769,102.857865921712,5.94347460652762,27.358717946298,16.0240739060984,0.0939444398562074,24.6878530718171,4.55171161282577,6.51479911589455,4.12181042832377,2.60557014832099,0.0596474605411921,3.81537110149042,32.9605280527412,0.0609228193899979,0.0668282671732355
0,51.5307429096207,27.3627625523533,47.6066140536589,32.1128826349293,99.6819095789072,5.58682178993834,24.1094404147124,14.9337401549862,0.0934185681570855,21.6535696660513,3.89698816648245,6.8942004990789,4.33444718089072,2.3885206381492,0.0636405809977628,3.58763622676947,30.2692271842214,0.0616453423973827,0.0563461398628453
0,46.2271063137613,23.8818573607592,47.9847260620248,32.5054876680481,97.1096406282093,5.28375803944166,23.0206372288385,16.3766510838401,0.0733617341713331,25.2571878683653,4.38621774175875,6.83257203860606,4.73049487246061,2.18964221599523,0.046108484657371,3.95666276672985,29.4235435667147,0.0802884295550904,0.0597220459565022
0,47.0326240037179,26.5518063121955,49.3981152803936,31.5919094380959,101.662384176097,6.28411800078899,26.126706631814,17.2465179812291,0.07987370993045,24.0508481697025,4.49149060558534,7.17827271008845,4.37040857499938,2.28018158515515,0.0492831854246775,3.75832365827812,31.6973402864325,0.079422060966529,0.0705619162622573
0,47.8561506829971,24.3596203141836,48.6169808944862,31.1755632969683,98.4262775648961,6.10553001826354,27.5406666832574,16.2487072888112,0.100234248117133,24.3420296958684,4.64008616212824,6.42177292528749,5.02060128880641,2.42413287582065,0.0499493134154129,3.77641372062513,29.760305184625,0.0621227126554673,0.0691667942020299
0,52.4304191128124,24.1965248004857,46.8394190609221,32.5241495158896,100.06159313078,5.06976273602184,24.0315312957302,14.3711203494697,0.0982732968654252,24.6089945394924,3.82942507581756,6.11510299665705,4.83882133668829,2.39117272834716,0.0502452961243945,3.67206669152556,33.7703129530861,0.0799785232037606,0.056653572689067
0,55.4732627232578,26.5736219723415,47.8383032738126,30.5139367366879,112.455349349924,6.10043509841873,26.5013006555037,14.6720745693533,0.0752770544476653,22.0264310013686,4.72177054268341,6.82287572022315,4.22164659055805,2.25590381598678,0.0657364897138536,3.44035469407107,33.7626225059119,0.0843577214100534,0.0736399715643826
0,46.9735013599579,23.1597204642845,45.6974867560735,30.1931045007271,100.521442465529,5.71597119055843,26.636398269241,16.7046971251782,0.10793733098858,21.3629506598375,4.01873755545354,6.20162772759173,4.46650400986556,2.45543862799643,0.0541086153081164,3.37754517924252,34.7806960871252,0.0873820679660422,0.0624305981082226
0,50.9653204822117,24.3971092113408,43.3374973594029,33.9874595670371,110.676808723697,5.85028016931529,25.9965034789889,15.9055685666628,0.0768584085313371,22.5971656074612,4.75879951047717,7.05234390498605,4.86152876704334,2.78265492157958,0.0589979406713181,3.94134172689661,30.639175131705,0.0844915046106412,0.0603133361595285
0,53.0912844001447,27.8430586652189,50.3717039832799,31.565265659345,113.688209008419,5.2887317069574,23.3833136851184,14.7964608111031,0.0830767849361593,22.0047916459961,4.51612288323821,7.71678365015684,4.29579373094962,2.71832987971361,0.0530402640025575,3.75978876565136,34.1241389072316,0.0843419820340515,0.0629592213112773
0,53.0515678295347,27.6126137744165,45.7331921002674,33.5188209158485,97.6048539532739,5.18836906574969,23.76667282295,17.6488118908045,0.103430624769161,26.1894089843578,4.82266991680182,7.20267971696605,4.77934457135162,2.456930456085,0.0498504330128893,3.59469087614665,33.6025465598393,0.0699329256925963,0.0735963250001758
0,53.3832525840594,23.7754607933307,48.1904842402155,30.1780739936157,97.393395061625,6.15912157088445,26.2463661558763,16.4095712475002,0.0802425362345273,21.5958304197084,3.98922405693229,6.82418528821231,4.72511824758333,2.36058616548335,0.0570076064572849,3.57505256204704,31.6016036442566,0.0761608411971543,0.0559501706785212
0,48.9578739357373,25.191330825001,43.1382708710249,32.3913824815455,114.994074759195,5.68394269691854,26.501177663372,17.6831289755886,0.0710503183963286,23.4391089386013,4.39258763313124,6.36219681930018,4.42158336861776,2.40556456293798,0.0586879823377232,3.97353480091581,33.9834335251731,0.0816991400018401,0.0796611539192818
0,53.9962846607161,27.6438166897003,48.5679975448338,34.498598827914,97.1528858942365,5.94623206650778,28.510811560551,14.8882588333272,0.0917884947932812,21.9448564656592,4.23254003909094,6.93951128609987,4.70675140543924,2.82056705341438,0.0588015360130043,3.9920692920285,35.1538675093871,0.0714010553919295,0.0513225232644258
0,53.603727317124,24.3141502130306,47.8603616499582,27.9703369782642,101.73263983461,5.95358925583271,25.8934648312544,15.7433074343661,0.0798699215274486,22.1507822751256,4.03703390104036,7.21760809185107,4.56615094357252,2.3404294790356,0.0585238247718833,3.36107868336786,30.9387457018725,0.0809040910190632,0.0554510998749082
0,48.7531791579776,27.9719207373918,45.288599656774,31.1099588153006,111.50760430203,5.92171620176861,26.298542977332,17.441390621969,0.0654911981293259,21.846759068919,4.20555911598178,6.79767748627068,4.60857354544468,2.49214283924444,0.0544412680990312,3.41983895441564,33.1150842890841,0.0627528063899016,0.0767487162216026
0,50.4622801316643,24.7469078114772,42.0481078110026,31.3951539952436,115.839626984504,5.3409596641738,23.223100154588,15.6056347423104,0.115757375156948,24.9992446867095,4.61489169131299,6.93224131309345,4.86423173758374,2.78517623245671,0.044610295350858,3.62507360205474,32.9332121670309,0.0689843018677958,0.0752601613806245
0,51.4665500968937,27.2407689890617,48.540584916407,32.6621988184119,96.8274210904973,6.12993892073146,25.2979083070643,14.6132276354769,0.100309096131378,23.5946645050742,4.21943496480969,6.3446375072373,4.48464506175193,2.4494796679519,0.0485540055995541,3.39508233710556,33.1192591498694,0.0611503492777498,0.0973509233782508
0,48.2324382640878,28.3089932330952,46.1572764738658,30.6351897839882,99.7969148105027,6.22646683742601,24.790157242898,16.0054094000482,0.0653545859013155,24.1220416985039,4.82729339768898,6.69824120964918,5.06489603682021,2.63192655140946,0.0453256142509666,3.40605321516037,31.6847220174186,0.0716306191131543,0.0828396167081032
0,48.5647077199443,28.0463731194817,48.8883098673315,32.6532051724902,107.695718194947,5.48295079486971,23.8591310156085,15.9270065697112,0.0957407577003661,24.6392998804016,4.77947445448032,6.51750702668895,5.09354068752618,2.57660503013369,0.0438863985947661,3.52214052116993,32.5754752874944,0.0853993974218331,0.0530750148311593
0,53.6606345105497,27.5265706425853,46.048157296703,32.6496163580752,116.016827459464,6.0780162844192,25.7677734386007,15.9122437135857,0.111903810648963,23.1731480701962,4.21525157870322,6.75674531971021,4.94294371033942,2.31953186616932,0.0502310483578714,3.72373805466804,29.8137808069589,0.0600523445264268,0.0556491514556536
0,51.1987133878382,25.8316091565939,47.124457611845,29.0887375697472,112.385791149517,6.05132553843497,28.0367939207943,14.9094707490685,0.0891424124769998,23.0986166457803,4.75366967520674,7.65981772943021,4.77261092519914,2.75549535272284,0.0505461385093285,3.45793444912607,34.000497670303,0.0744768922451073,0.0936704409098361
0,52.7232169271996,26.7616232990498,48.1592227911075,32.2623560318005,103.729478490288,5.2019592440097,25.8993756845526,14.621184938084,0.0707084904043585,23.376959354266,4.1235447406016,6.76065837070258,4.37782892091384,2.44106456185877,0.0578660701396295,3.60374734279327,29.2644275914475,0.0832584167190743,0.0879492346058741
0,51.4614504191279,25.4871073357136,47.0104758517168,34.2729964824879,113.254460929276,5.33474714740097,23.8891946687807,14.8755089147996,0.0831000962031563,21.9020625775513,4.68898153492263,6.48323338469173,5.08608032875757,2.58524978225366,0.0570564122681504,3.71348265300687,34.3168555419292,0.0803502790144603,0.051522162955505
0,55.0380040571607,24.5166142133872,50.3803271664853,29.2168120375065,108.304282123027,6.22876614534475,27.7065128516953,17.7714841432387,0.0854049259608028,22.5232566293357,4.35168451524748,7.04866281960776,4.54444158315877,2.36617552659696,0.0682688714741412,3.69370240130669,35.6268037998417,0.057699125594305,0.0750387407487077
0,54.9216661880286,26.1404540124096,49.5011135725602,30.3986649742258,95.9999788113721,5.99512133230073,28.0430098919232,15.9428712783862,0.0854942985867694,25.2086863521754,4.65554840889319,7.56986326296936,5.02482362778336,2.2516436146937,0.042674037757031,3.31804577565089,35.6819250614396,0.0766296627934837,0.0624241666829202
0,47.7320981022222,24.2658454841671,44.8770805661352,31.0946217873773,109.688340008927,6.25863972348944,27.2913834402918,15.3469148767237,0.101548523721788,23.3614895248547,4.21466584194153,7.09568885337364,4.30498209908994,2.48406319666074,0.0417074793606246,3.39732349883873,34.6942806997278,0.0600113756219186,0.0818660256538325
0,52.7189421350243,23.7896684722201,42.1833620100938,30.4248975902366,95.432781614997,5.19031825966942,23.9810158997533,14.5702746366919,0.068357736839807,22.6685987133157,3.89812803783487,6.17845794392776,4.13759011324467,2.50253338659032,0.0521693181630216,3.35905997192817,29.4990666411566,0.0801940535597875,0.0679071674020486
0,47.4837364655246,26.7795417778131,49.697364583945,31.3751465061388,96.207770427746,6.29271704016677,24.0714914983769,16.3932001260719,0.102066020180429,21.7385407918735,4.67818165367855,7.42545023616191,4.53371733479991,2.76654404741299,0.0586370631847497,3.92373308847009,34.1264762107564,0.0794671083189113,0.0778744864863573
0,47.6132277019695,24.3426209861155,42.6734289341565,32.6068539440537,106.513686688808,5.45970540834074,26.4975056878684,16.498532502179,0.0914794071386186,25.0662183737385,4.0679708064471,6.47715874613591,4.37596183471148,2.27307176990133,0.0514557575076016,3.51565997081555,29.9637466726429,0.0776854818735617,0.0513690537035068
0,47.1880464240074,27.1644413718784,44.8174271117784,29.602592931207,112.425059468356,6.10213818481531,23.9856967341113,15.3143264154302,0.120959138069926,24.4133454231324,4.48027764942192,6.69111678605197,4.26483303619876,2.23184512421951,0.0514856077849886,3.48705479403649,30.4418671162345,0.0779443742163288,0.0760792918646393
0,44.2935744303005,26.667645735287,42.923112925151,33.4906368347263,95.6416659489236,5.72775963106171,27.0118352003336,15.7044803305978,0.0945487663395057,24.51784730989,4.35013278175465,7.36626641675473,4.66588038172013,2.34001524111228,0.0472560731360715,3.41689102559009,34.2644535567258,0.0591731677355413,0.0762975899276089
0,52.714139450438,24.3789677297786,43.7642394815487,31.4723911704446,114.301585424117,5.99773609534895,27.1978388243637,16.6246724638632,0.073774821904409,26.5932835390175,4.52487395740763,6.86250563281481,4.35311978860531,2.63082870166344,0.062873261160869,3.53068929639378,31.2413029336838,0.0634274446497738,0.0591571190612728
0,48.1144087728397,24.8601572644697,43.8084190372921,32.4377127172408,104.943551381549,5.79527369546165,24.7972155555895,14.5605755519273,0.0982566151909956,21.7061314197362,4.1614299372811,6.74009592032212,4.58170241435441,2.5159250848204,0.0451950158883536,3.34842501524208,33.8836593749036,0.0674433263604124,0.0722421847331649
0,54.9815235190862,28.0526651328841,48.7402212005162,28.9194672416114,106.78827714053,5.98798508927928,26.803868943052,15.0516579382369,0.0889757957188776,22.8352566228049,4.84904519219709,6.62876219188468,4.21459362770278,2.68614572246941,0.0690137603480873,3.80086516656266,35.6115672169029,0.0860340304287768,0.0875174254871191
0,50.3000477544567,27.2860190377176,47.9723359814536,29.8656264096156,101.72912482187,6.03464308553394,25.9782387643852,16.5897730025428,0.0758880575499496,23.5772145426027,4.36491710280401,6.16608178973175,4.4659408349881,2.20374393328507,0.0453553410596107,3.26446606580906,29.0044683902508,0.0813538168440811,0.0604900581489289
0,54.1036751912771,26.7399805028899,42.2661292028854,31.2096900417128,106.834250631602,5.70173010570487,26.5272660716828,14.599595401011,0.0776110671508553,25.2125876647552,4.35944172304397,6.59251696653929,4.50319282135465,2.71147141121918,0.0452694253527094,3.453137695138,29.2888377817107,0.0802900389003168,0.0605714320065126
0,50.7593472773484,26.0901597507892,48.9597617962798,32.0238606411794,95.834294204511,5.25617477021424,23.0752933921152,16.9619463919671,0.0657316911789089,21.7059055161687,4.14243246025495,6.61121557881227,4.77925776143466,2.19003897294316,0.046459804216596,3.69574377857117,33.5769612636581,0.0630489331796846,0.0515964572320208
0,55.0075489866276,24.966248739211,48.2905693455669,34.2211231525355,114.429459335079,6.11420827813472,26.1223837000041,16.0201523088388,0.102492731206473,23.5807782268351,4.36728389338245,6.50849959662534,4.70795270618161,2.50729477972755,0.0691538228577523,3.27960428937986,31.0824596916308,0.071023876886013,0.0556378869291855
0,49.3139696847146,24.6462117913208,44.6007440356115,31.7513818461322,113.766992413214,5.4535552464999,25.861464164976,15.6115379417558,0.105628242530862,25.1882386436298,3.9544128661449,7.58499252578043,4.63458219166826,2.30349218321222,0.0421963017086062,3.76877080567756,31.9267425626616,0.0591959812083137,0.0709047914637707
0,47.062000856341,26.2751647486283,47.5593461555608,32.4364311328309,96.3725534301094,5.10217818619833,25.5867506592609,16.7586722937143,0.0828581534452541,22.2843983365465,4.42394742613459,7.51483775617575,4.28428017005081,2.7326566080147,0.0575230702482256,3.32334904384598,33.0275593640348,0.0686355233420518,0.0891990201022023
0,50.6239680826094,26.2620912321491,48.8529974557234,32.7849361775477,101.819104847892,5.6480867337351,22.7162648007027,16.1563240814637,0.0890616822045549,22.2835233514766,4.13291357600882,7.18063057532051,4.19946152083295,2.25792366762237,0.0390241609369118,3.81053869870911,28.7085192639968,0.0780507009149339,0.083535035071881
0,47.1124916186942,27.1282682367724,47.1120785080871,31.8836902887936,103.401808392424,5.48535300300156,25.9928066216686,15.0234251441468,0.0911843088514123,21.7084705760544,3.87685456902284,7.25127319889276,4.91919998562911,2.35770629721414,0.0624420216203614,3.20778565444967,29.8413637970311,0.0813391193379817,0.0541879359308116
0,46.6923481931909,28.0065887849095,48.4282672719602,33.4020013798494,105.642019421074,6.22196919814536,26.9696444610109,16.1303031116441,0.119763219203432,24.8800635839031,4.83536945013866,7.59014720962334,4.59335223683367,2.46642231071884,0.0515975114691132,3.69505127664714,31.4169059526608,0.0655963647737758,0.0766029010303804
0,52.4904306446627,24.5059268891883,45.3215345517021,30.112003659064,99.6184194065576,5.08858713597719,23.9899694187066,14.486543749256,0.0894795121312832,23.8815911845424,4.61527911941034,6.66713865849218,4.52842714491752,2.74840067383733,0.0533106077019205,3.78072984078185,34.4003349519059,0.0552941048574633,0.0881312079808419
0,55.430334263824,24.3683738831939,43.2315961612153,31.8149132525557,108.685511735729,6.0558693469232,26.3635891072999,17.3224237085483,0.0815450452999389,23.4050133580175,4.76539162190691,7.4195087492172,5.05971387718402,2.62077229909327,0.0617969070322856,3.92411338240774,31.9379301102267,0.0844377729585038,0.0513277945755941
0,46.6316862892521,25.8437944331673,49.8638841554288,30.0913322125221,108.039278899162,5.67086521871342,25.1853696517716,16.624989823957,0.101677420486412,23.9856063855928,4.09586388381743,6.9221360251115,4.72329193434132,2.64712654039463,0.0634337430181855,3.74111903998494,33.5821667271405,0.0713191421698531,0.0861786478126614
0,47.9339814560471,27.0116011219364,48.9626014201531,30.4262292146792,111.173057140766,5.55970685658763,27.5176709933507,16.5041811011787,0.0974664314876176,21.788251774403,3.81933358711025,6.78212173190722,4.91415233940768,2.72270034746816,0.0545954163935304,3.27679635175624,28.435488700773,0.0646873856336974,0.0721281795592291
0,50.8487043788338,27.0681531478265,42.3830948451721,30.5504236873077,93.551836392633,5.03820558098569,24.2341984042361,16.4799977480158,0.0796273413786935,25.2512493148623,4.65829276816826,6.51372386839498,4.55078583425254,2.41881668596758,0.0624694892426726,3.28031688412467,32.6161893365488,0.0854419299662788,0.0756178761952438
0,52.9278162301189,23.4874812306008,49.4880127722415,32.5035261558606,99.7021933649261,5.72255787533276,27.1684883991672,14.4783199515636,0.0773212292530157,24.7908196568266,4.78795266777233,6.33454263170444,4.15990450159813,2.74754880384907,0.0627734419451819,3.44842590236088,30.8133374130097,0.0669549451893157,0.0628418581010064
0,46.3377882535407,23.8757185961456,45.4797217283582,28.4555554746111,95.9904212004415,5.92245911769096,24.6456589032631,15.7800954024811,0.0991204269378052,24.2065040799941,4.41161543127979,6.730662294093,4.93401478960732,2.73240188123806,0.0483624650310808,3.72505880045582,32.348043156904,0.0761706020359876,0.0600697309131529
0,47.5127444610862,25.7392418425985,42.0923524647126,28.7485340775908,109.03225821861,5.09615429564015,24.5407553403027,15.7831207259215,0.10340580185888,23.381163184673,4.40630374324173,7.585382283008,4.37787406094893,2.41826386591555,0.0464531616322149,3.7724618651698,34.2336364745066,0.0852329479884136,0.068669666652525
0,49.5270023907476,24.7085337462306,43.7604309544045,30.4327980672061,95.1869901550151,5.83343657814646,23.3256949407662,14.1872783572904,0.0638400560646324,23.8489713304198,4.55758645262737,6.6728770440381,4.55204042053976,2.49866589009406,0.0622786335558047,3.64282226690703,31.785594539067,0.0634050920237857,0.0657257384615106
0,49.0586152656255,27.5777808427537,41.7994561803447,30.0971645050413,112.65452488854,5.17166869696852,25.2365951963815,14.9880153667978,0.0918608854097636,22.3993443799214,4.26866139261515,6.28480086615137,4.67616224607139,2.59353264870832,0.0507795375635741,3.88888308004065,30.8670604858247,0.0660823161733724,0.0588844191092097
0,50.7590930460349,26.4770326655519,41.7283328846275,28.5723905824037,104.215898393906,5.14805962466065,25.48010904766,17.3215172131526,0.0914669008486497,23.9388758246149,4.63608922478846,6.30995843350926,4.26211209103529,2.57140912913598,0.0459750575612599,3.49659147872974,34.5575852638782,0.0912628007327926,0.0698138846353147
0,50.5808170949309,22.8119453939015,43.7461070222593,32.7641227334114,94.2279572115193,5.35674724844614,26.4237909405164,14.5597469159339,0.100291852470416,21.3772283478717,4.09646747328749,7.04156077222715,4.21561795312005,2.36920729730481,0.0678879551168937,3.43392372914164,34.3051570148757,0.0743593385072072,0.0543086245969004
0,50.027634380385,24.4077259780779,49.0048599592181,31.7946260863389,104.766951718131,5.96604215358302,23.1193749141027,14.9725254616555,0.0632870119467953,24.2229032502462,4.22032001537632,7.23714764220383,4.07534474759173,2.70591771290129,0.0572144538014684,3.66105527038203,33.7839630212897,0.0595406063554555,0.086698711844266
0,48.3012219487576,23.4680855553156,48.1281784201218,31.3956236812558,116.765556431893,5.19806185126606,24.5402848465667,17.1788695768887,0.096141942804835,26.1016972948772,4.4328164944081,7.74975921335166,4.99364457801271,2.53219703424308,0.0586574804076411,3.9931251084088,35.9879407019046,0.0778539737886208,0.0638736224854209
0,47.0154974774033,26.6247610808166,42.2402493151781,27.8729460991632,98.4809684841853,5.28295894930962,26.2129564027251,16.7840452760731,0.109890495772404,22.1375927218514,4.44520973880691,6.8199275949218,4.1559638159581,2.41546214797192,0.0386260385217455,3.54555985119381,29.610753056711,0.0872528009432417,0.0645229427813597
0,49.965221612597,23.8282013081926,46.8493454155523,28.9242725123273,114.447921562262,5.59009608973344,25.0628603535997,16.2391319133852,0.0694392227275755,21.9813278326009,4.52137247980469,7.68173310287012,4.29626548146821,2.52427333016621,0.0476489323734712,3.47332102620613,31.5621409697003,0.0665954656565538,0.0927078733333005
0,45.1582115755572,26.7348830647282,43.4568044780344,29.0374782778934,114.284199415186,5.78108004373902,25.9537510945511,14.3728675322759,0.0694357252398694,21.1923418639527,4.17141170084124,6.50252412837546,4.78554181400092,2.41595249753589,0.0528071523481468,3.37451567271736,31.0758837027372,0.0880025764365923,0.0801732631069092
0,45.0613916573378,27.8109663124983,42.0240414788889,28.6306452757038,108.31053650603,5.28086652659744,27.7780715126973,15.0354163735962,0.101140742516887,25.9844765989425,4.41243270852971,7.2432317460925,4.66891244153443,2.38868124841001,0.0514385120129679,3.8913994930368,32.8174145262228,0.0815059039217189,0.046414452924165
0,53.7666788580332,27.3394271367962,46.6919660575058,33.4897742640846,105.290189141535,5.77740961552552,24.7927030504952,17.1536318721891,0.0901553407814423,25.8631710720031,4.60237870377784,6.55458468228835,4.23389011047016,2.66721116003407,0.0542005111304611,3.91718068188048,30.9308280686893,0.0701656419873943,0.0643034809811291
0,45.863050883988,23.7779810610594,46.0863567347475,30.7194010585863,104.547793483919,5.97069597154579,27.7736738779142,15.8472346111392,0.102330617249009,22.381537366712,4.58486370616045,6.3432940782774,4.54223682025882,2.69057602722018,0.0431319399188074,3.64028502300189,29.8565959374933,0.0647855051209135,0.0707050829715731
0,51.0032156662812,27.2140225891247,49.7017378094983,29.1609021854327,109.921518248808,5.60078721066944,23.1557486264732,15.0793764618076,0.0981507203919133,21.4288418391232,4.12259190625172,7.68178235706916,5.04664004918966,2.35417465932618,0.0571680256650952,3.70305332277999,31.2075795670515,0.067272145920029,0.0613052416299864
0,46.5827002248106,26.1004934463092,42.361264144055,28.9551172131041,94.5282799480875,5.22725354908263,26.1797873183091,16.2269561946651,0.0727045440488792,21.4996804732248,4.4486826806308,6.629702724947,4.72153970641424,2.69310207339802,0.0512953677978509,3.17349771678592,34.8288388671393,0.0669045398616711,0.0481499629836526
0,46.9683604845663,26.5469010372762,42.3475250291196,29.8967606407943,98.5557639184256,5.89341457205685,27.1888331426996,14.4359962919228,0.0749960193881397,21.9221591843178,3.88743527437303,6.96190393074584,4.20803906121081,2.57798656428669,0.0467676123455967,3.33766276923355,29.3017398861234,0.0677445763910041,0.0683224469972902
0,52.2728952104801,26.2845877776005,44.0035306218979,31.0353792192269,101.298688564026,5.20415312405155,26.0841122904225,14.6603202353637,0.105064045105273,25.6186991860094,4.85136350928874,7.61253824634641,4.61178427872741,2.41777924880689,0.0669700028675061,3.48588029642789,33.6464677731129,0.0756983166548872,0.0583978122294222
0,46.8236463433786,27.6304482390567,45.8195031484674,33.1612321303867,97.9649608426154,5.28037990429316,27.6574123015836,14.6641597411489,0.0999099644085486,25.0262660453962,4.05175636121227,7.34145113365665,4.39202713907663,2.35075876968419,0.0421005224527708,3.40998617524396,31.0561266375307,0.0699178188054492,0.0667445345199786
0,53.8414312795877,26.9918107431282,45.3588912732414,32.2298135362551,101.387729556985,6.01527013478499,28.0623828938559,17.2247168572929,0.0860423131815847,25.1111628743468,4.47878677983122,6.61045138775251,4.72686176140616,2.3576238025055,0.0417281834151456,3.57903879797136,33.2597148681843,0.06725508317376,0.054288289001687
0,49.1105835550369,23.6556233368992,48.4821434718399,29.0784192374469,113.130471886742,6.22152272840608,23.7719649837454,15.8743741263334,0.0948034581760004,22.7305079319081,3.9776075625574,7.59597800640386,4.61739576934351,2.60113904535659,0.0542719115020347,3.9501275219277,34.2128273410653,0.091289329132291,0.0695713875657703
0,48.5026538620221,27.1187350615276,44.0943863626923,28.6745191123211,110.841716661283,5.73925772651091,24.6732591400885,15.6158794889493,0.0691271006554955,21.5079899452599,4.67227147411392,7.24423879545979,4.87814339456537,2.23512994391428,0.0487807253955447,3.22235713767578,32.1196846994746,0.0915877570094241,0.0820613764327844
0,50.8962206146908,26.5529688564351,46.245288652149,28.5824481634367,101.542549813243,6.23189554123987,23.3504621932536,15.2818897855614,0.102036732376803,24.8352579601213,4.05659605518832,7.32350253267569,4.28683166967088,2.69910284115651,0.0482368195459183,3.4517937984004,32.5437870026155,0.0687287130600734,0.0649528529560046
0,52.6775069443504,23.6718246657449,43.9047600677229,31.7357364430749,105.504029607737,6.17997399056195,27.1320859058451,14.5878232066141,0.0677035430439615,22.6770481550414,4.65387179967367,7.39711161509835,4.79501626978366,2.30994327522573,0.0564200917760286,3.69339150354277,32.6952067327387,0.0727033630279459,0.075423531421278
0,45.4765200411251,25.6709690305449,47.7432457176601,33.6848437848631,93.2209854580294,5.32201886965494,23.4813888593897,16.3418507348429,0.0960833265210629,21.9764746048596,4.22491155247135,6.85941059538944,4.85396380224938,2.32111613135193,0.0413269424685505,3.93785599417346,31.5125817139855,0.0627654940879165,0.0912738515371659
0,51.3729680778756,24.1510187513924,48.9330750008058,32.5590518197995,99.1577802239106,5.5824269863767,26.5360423084475,14.8519541752979,0.123805607256835,24.1516006502547,4.09503421746045,7.64038362189447,4.49741113146926,2.30324130560366,0.0481063156353159,3.47627444955916,32.2293144279314,0.0855336300798719,0.0864105499638384
0,46.2817066004057,24.9710497172808,43.3861856311819,33.4203313040324,98.5365425644746,5.73192262179696,28.1147232519113,16.7810135314097,0.0987357118370109,25.0632163843464,4.69162945470052,7.47919412665739,4.283264974086,2.35568615809,0.0576714503873604,3.28487648147705,32.3555982106938,0.0734676836311815,0.0875382287801953
0,52.8081700455816,27.8727979527656,46.9252995118743,28.5633077590342,112.535896132034,6.11431947996585,26.9482504087604,15.5701632635762,0.114586121166863,24.0800321494053,4.53393012122429,7.4274637102415,4.14370404141777,2.49488836152182,0.0507431881612372,3.73008053571349,34.3310899524149,0.073022093302157,0.0638921427040116
0,54.4631608772887,25.8257180746938,49.9797070534161,28.2084469366086,104.196774875909,5.83497618923074,27.5982478815551,14.3687214828832,0.109381969921139,23.714646498637,4.34473067717503,6.80538033607647,4.54601987822629,2.3446785366754,0.043807812970093,3.42918029466407,32.891441564883,0.0616967216665697,0.0585257028361316
0,53.95693860125,27.8333456702504,44.8931217476095,29.5408545764304,113.253424243154,5.78580315222248,24.4187642045245,15.2252555496011,0.0875138112028636,21.8172197636484,4.7913728804602,6.52903796501669,4.35255178375227,2.16142763306686,0.0577430021712688,3.27276304266388,29.9562339834554,0.0620555528569126,0.0496046548438939
0,50.4583591058855,23.2625656164121,48.7902035658251,31.7417773683433,104.520109465573,6.1500576435006,27.350951061365,16.7192485895857,0.0710284294207859,23.3467249361075,4.38533919500924,6.9262767783705,4.44522251889975,2.63987156295432,0.0397762059468686,3.51018491512345,32.8812313207689,0.0748640868932103,0.0857825772171478
0,48.8613014400652,25.4934167670757,45.9073915781548,32.0141461756631,100.860838910237,5.88962741884826,27.4061124250535,17.0214670980163,0.0854621575403292,21.4548718020792,4.57271734319383,7.66573470192767,4.26333863051235,2.77837245009948,0.0698170454133357,3.67980480999679,32.3909622929118,0.0809733754548692,0.0588117625088636
0,50.4356014893825,27.4184308628409,49.6178143492073,31.0940949795253,99.061692040234,5.38800047979379,27.8150700275681,16.9668957107501,0.118318807881161,25.3977315781336,4.46925179802395,6.50805643408814,4.51699760621175,2.62360429308742,0.0571032166737657,3.59037631098207,31.393946354538,0.0600801167663165,0.0497794867059414
0,48.5770625532345,25.560321474255,41.9081923641225,32.1684029495739,109.549503451852,6.2835369003672,25.7374056286915,15.7370863629634,0.0919204466942189,23.2850748604751,4.24994358727937,6.47755565074904,4.90224564686938,2.33890430324127,0.0531534088023429,3.54290605101966,36.1978523283811,0.0683599847336322,0.0631381784263052
0,47.2494312163456,27.0065385441924,43.318903722576,28.9099485146548,113.687396951946,5.23080801786703,25.8339701857504,16.7438153416161,0.108725135800799,22.8321570345408,3.99371321214331,7.42481950377618,4.86457602149275,2.27640535459848,0.0569889543473343,3.93654311331508,30.0875348416601,0.0777837625051975,0.0786636768395687
0,50.6945739760986,25.07990368743,49.5868981529581,28.775950157717,110.163732990395,5.37906179773255,25.7732456603792,15.5264944808529,0.1060238331961,25.7105017350845,4.61565382288591,7.63814748423026,4.25162332889288,2.25680822538479,0.0516832646077475,3.32949635280836,30.1397689584926,0.0650828408349913,0.0678107199233983
0,50.6331321402077,25.006044594156,43.3416139635926,30.6773597873964,97.1139795651585,6.06940357891801,25.3105325593035,15.8548564056103,0.0967003295279423,21.1206444418694,4.62172459448612,7.12538931099559,4.89427835012645,2.71916452261652,0.0440541543020026,3.59376170006388,34.5443663208857,0.0550140438921355,0.0830086150595283
0,47.2795557430065,26.6781902426642,50.6809330388294,32.6757885955604,107.796420471548,5.79704655300771,27.1003213884623,16.5724325889869,0.0994974253687008,21.8890112571829,4.36624256930117,6.77165516628164,4.84117451847345,2.72978595888357,0.0547814628779411,3.95182295700677,33.1989013388838,0.0924481339302463,0.0812593412385655
0,49.867554268177,25.1888781107998,45.6186427710849,32.8853740286823,105.691533889674,5.35742057699657,27.6615158631156,16.8324187606334,0.0871566536296098,24.1006937191182,4.54478576778364,6.19624941136262,4.79449069193881,2.32533478278773,0.0431328661851733,3.33253184434366,34.3879446830973,0.0709614610970409,0.066677622438155
0,50.722765430273,23.2013245380757,47.6220490073452,29.8483558711228,98.019998095227,5.36964105499528,24.8706596014989,14.5813698551057,0.103245056984837,24.2520316146693,4.27315163871652,6.31189693639415,4.4497769471522,2.26499312090009,0.059801867673339,3.50071080866462,34.1190949832152,0.0803770418636475,0.0845822985915615
0,52.479199449247,27.0676701167865,45.9683598166735,33.6927665971178,100.065817682405,5.71159275298798,26.2824420002923,15.3716489473097,0.0852435780643368,24.377174340896,4.5945084650765,6.2014469115937,4.74529146672252,2.46762372299576,0.0401277752593382,3.34493152410228,30.3627275555594,0.0672871481512105,0.0889936668815561
0,45.9807466754887,23.6911156103273,49.286966437092,29.3912632554393,96.1184385093329,5.45037496714826,25.4939930935445,17.4223150172583,0.094796715439795,24.2117019658148,4.35795492502906,6.38399410628237,4.30565420078474,2.22984560329462,0.049395374161285,3.26877761935852,30.5813289722364,0.0600686251515882,0.0756686530695546
0,50.9238016506618,25.6421231011332,44.5142753867,31.9333354234989,102.764711308045,5.86971442331121,27.0333282869062,16.4942628479773,0.0722529781241124,23.8561416295744,4.27635644958279,6.93152300062679,4.7505559936955,2.34189221434476,0.0501357024634045,3.51317875389165,34.215249065522,0.0717030558202379,0.0827557760302589
0,53.1279092990656,23.2100560564175,43.2796735265583,29.0450652196996,106.163412995296,5.79606534753467,26.9042909345781,15.8133040154945,0.0817748383599736,25.0842026640378,4.1066254565242,7.57012991600544,4.17820459443129,2.29954236079976,0.0617639374415171,3.54124195731687,33.9010207526198,0.061216836162459,0.0682067052068047
0,50.1598495870985,27.8326654669551,43.1864804024793,28.9679267640786,106.152330950893,5.78715686167556,28.3624553354747,15.9609289888666,0.100578909733072,21.8404137272077,4.12101960480673,7.53743040622075,5.12060344673797,2.25635298027148,0.0460363842139106,3.85819938842046,34.3743034673584,0.0801969796517124,0.0765026207723403
0,54.9380671882457,25.8705511578203,47.7317180603877,31.9986820099629,102.978451282755,6.02262567404405,23.7095847204973,15.6452460087954,0.0694527747715954,25.1019524671633,4.35556982400074,7.05261594523235,4.42638767372312,2.42633246669388,0.0536360910943151,3.30249685878904,33.0177818320628,0.0781217054917903,0.0739848453675881
0,50.9736115121578,27.9256729904504,46.7250399929759,32.6377615269551,98.7964122540656,6.23143474866194,28.0269770131633,17.0351096615038,0.0784897377157191,24.8047688493421,4.1554949836376,7.4851399631237,4.99221963060841,2.23815096617633,0.0550414766988554,3.75301697807223,29.4709916771241,0.0563516099678794,0.0763590505662275
0,49.4821244466004,23.8536948205958,46.7632457018737,30.2670607235427,105.487970925794,6.0774340055246,25.7797505464755,14.6771755484754,0.0737354162356433,25.0731294847263,4.20924144716913,6.36246625050275,4.38683847778067,2.41845088594037,0.0626491075634058,3.21422188444343,31.7505034823787,0.0730383935194622,0.0964756007745505
0,51.6473895032986,24.0255523337859,44.2926579626149,31.9999928789113,101.59189133041,5.52105778207812,26.5601130464642,15.6483509310979,0.107325468027273,25.2920778794454,4.58113177200472,6.86529465572454,4.21328225976589,2.58959103216298,0.0569046999255882,3.90125466709664,35.3552302434475,0.0686486318578623,0.0556047942770354
0,49.0909452674383,27.0960280693501,46.5084532803056,29.420620710857,111.6176452113,5.18539893685329,24.9549145985842,16.3410539934367,0.084514025875811,23.4944308767116,4.67725431922591,6.95435792860794,4.52096396545583,2.46595651454764,0.0536277262146576,3.60613244694055,30.6810467975037,0.0855123331209304,0.0765327316352857
0,49.6742459266462,25.8154700490631,46.2409354278404,32.5111914487532,113.599309464946,5.64438792196056,23.9721859464647,15.7983774860235,0.0762555591483667,23.2870375058356,4.89853451364931,6.77984889949876,4.75293302967955,2.48120244161787,0.0501962337662775,3.67245942541436,31.2122803588308,0.0722355642818306,0.0904530376445981
0,46.1325410910683,24.5360937318891,45.554245579382,34.0602102744232,104.894351452304,5.44118671310257,25.2735778471451,14.7745919399568,0.0779743650854363,22.880624600029,3.95165167957176,6.68363005560346,4.19443344273503,2.68504292667916,0.0510904233597476,3.86448765341611,33.252800100057,0.0721355017765251,0.0619451934778872
0,53.0402357791235,23.9138732482475,43.733818518034,28.8004432411808,104.169223514441,5.41474780832704,26.0209641197472,16.5054100812773,0.113281710186704,21.3136057467536,3.97588506307556,7.4283962743093,4.35100728055842,2.22920471792014,0.0463074369644361,3.66019338111888,29.1215427538023,0.0771851911863903,0.0747367017224493
0,47.7013845368708,23.5924848538499,48.8598915223083,28.0877730484885,107.632110140516,5.93210769215143,26.1962391645394,15.1396911454327,0.114437474733504,24.8005525334521,4.77568773380349,7.19627059972281,4.39053246538263,2.4608886566928,0.0489261792638734,3.51065973681118,33.1627049599688,0.0985555977919072,0.0841218618180142
0,48.9813345578202,24.7042476163677,43.0107292740497,28.6700537105663,98.8450701132295,6.28664336403914,25.7926939182573,15.3499636904533,0.110171426301361,25.8025292029423,4.65350190831033,6.74498801424008,4.77735362106861,2.22189217208191,0.0421344682950091,3.83401297391916,31.2963787031518,0.0660268626283226,0.0849433581572841
0,47.5844354651389,23.4658598127334,44.4402286380298,29.0736735083902,103.453081973362,6.17430909405875,24.1654909173625,16.0699118605768,0.0930105585314932,22.934192113443,4.57319092674409,6.62153298135541,4.52908302029366,2.44777160718215,0.0683346679113453,3.71425305142637,34.5936910999183,0.070059758682625,0.0837629652670894
0,46.2012360949351,23.6386101141194,44.7964861184422,30.4547800196546,106.281803574059,5.13406378335674,23.2605288009908,17.3872195491272,0.105709859054293,23.1030789898076,4.59026952977723,6.66665324250854,4.75753847539068,2.32148392344482,0.0676759294669288,3.2512929537042,32.8685118544136,0.0899868708996889,0.0793085485904766
0,47.5218908259086,24.5581334510401,44.0074020188224,30.3667784572099,102.193086854367,6.04326902985906,23.7703922115061,15.4388126716632,0.0993129925186835,22.0316060250632,4.85896691385746,7.1324376231402,4.89577206372571,2.24253606186085,0.0455530818561799,3.70136714887903,31.4848172148565,0.0833466958177258,0.0573513604648176
0,49.1406420836656,24.4997237305227,49.1680625484144,28.6076949856478,109.537329945664,5.91053051553927,25.6637858741572,17.3924241651594,0.078411072384058,25.4313778703246,4.58076864349491,6.62159151342203,5.02423556670959,2.38068461987686,0.0393654304464089,3.94013602768815,33.0353531899055,0.0618754417112923,0.0622181768739073
0,51.6645436651523,23.9942536057028,42.5484995293507,31.3454613434336,103.597551113323,5.19087142325432,24.9906198046423,15.9508410622828,0.110603163463857,24.155339201398,4.42418244687183,6.85372839234929,4.69283713547188,2.7058410398574,0.0603262121293143,3.52007891380056,33.5755567720156,0.0942720618806825,0.0482085361304977
0,53.720007670328,27.2238395807403,42.7691679959614,28.1290259325254,104.756970540125,5.51859084225103,23.1815849808824,17.1134854286311,0.115335172549526,21.2713570476407,4.47506606530897,7.19420891588955,4.47385080540704,2.25312021006016,0.0616078293209125,3.4714512408781,33.8144162065428,0.0613759962753002,0.0683373898351175
0,53.5410131196433,26.5132726121594,44.5275106798667,29.0655915946246,98.5461837153701,5.27039534025517,26.7698222926273,16.7926334051629,0.123435807081327,25.0523962907182,4.53289293784156,6.84500131077233,4.73964256255746,2.70290683712396,0.0453568598862991,3.82781263198983,33.0597159567851,0.069088902313867,0.0571431791932005
0,53.020107758948,26.8589738455029,42.606086449719,30.0941444751142,104.517000809979,6.14494715007195,24.788752635977,15.0480087509929,0.0781083069651996,22.3019378781166,4.44816801136163,7.14086406695892,4.76093734740297,2.67432415070075,0.0528448598505243,3.37966328534417,34.4323047190626,0.0850002813792324,0.0655693400891476
0,51.6747813843271,25.8239963391178,44.3002918106781,32.101412252964,99.1313903385094,5.75483391061172,28.1634779089358,17.6003575670907,0.0762265878255843,24.0245836014323,4.38786787788263,6.86687364175709,4.67864552568006,2.41372124548705,0.0680640218095116,3.77794650432904,29.35210682276,0.075749754619,0.0758269352518696
0,47.922848607666,27.1309174461197,46.0330983096981,34.2894035709708,99.401200455346,5.42533725075258,25.3200998316058,14.6575437654792,0.0814666444252027,24.0549422849654,4.14746000582677,6.32713997004012,4.67370142496364,2.73141943969742,0.053799092235089,3.87558906007015,29.917286816497,0.0675560241718017,0.0653687617546139
0,49.1485212760799,24.9512987267601,49.7375578148429,32.8176385254866,112.749943686863,5.81289340475934,26.8774502631837,17.1511469719953,0.102661341809154,21.7969923317626,4.57472030949515,6.36090715798828,4.88250743988933,2.49284010330196,0.047062718469592,3.65186309781369,30.1727217395145,0.0633079551560481,0.0579274120594867
0,52.0295420872728,27.6204664630995,45.0241603274882,29.4077088018288,112.769331219507,5.27469679656637,27.4758393880921,17.5042080997024,0.110848439891518,21.745182869017,4.71684803393963,7.42634524171986,4.25298366468436,2.83550943337027,0.057941312173802,3.82415840864565,36.0136113236417,0.0722483349096903,0.0634465947112765
0,49.9838316052871,25.0929951180975,46.5450481351002,29.0798433997779,114.602420945916,5.14225171002718,25.5543774711054,16.4146671366718,0.121606282516259,22.8064253070299,4.08657021531687,7.41929288273252,4.44994705542909,2.59906647246316,0.058852681256911,3.93288034220264,34.961376702066,0.0817414112518843,0.0617716749296751
0,51.4677472022197,24.6144978741747,49.642694816514,31.6612122273125,99.5715498554039,5.97546607835123,25.6330884040947,16.1186121727231,0.0935590186369968,22.6987274838419,4.79570020881311,7.64360962827592,4.5235609487612,2.71327821868694,0.0499180120374481,3.94383098973978,30.8810869373866,0.0882727874761246,0.0862043708691738
0,50.1829278135986,24.1499266860843,44.04250696673,30.1691593825346,111.277278001623,5.67602534678956,25.0658579923608,16.3854836538815,0.0954267417294204,22.0966936392111,4.1528107025216,7.13400226681199,4.45361210980385,2.37253756314877,0.0658533335316619,3.61776137413786,35.8058806983679,0.0678625768508862,0.0858795346769457
0,48.2465551118207,25.5779388561971,47.9756778928671,31.8083439939618,105.335888237443,5.34185223120305,28.1466329780434,17.3666807941684,0.101316610698675,22.5159172604927,4.58276822096709,7.52303475692078,4.23929397849107,2.47626388938856,0.0569362094602866,3.67659097521739,30.4432652855855,0.0783752245312015,0.0556470327266249
0,53.9303733111033,26.1640488330799,47.0512246776453,30.089343090982,99.1685123801847,5.96959406997366,23.2180459482409,14.4849670786929,0.114836950983907,23.2135314473385,4.24206822186827,6.73505174096163,4.70995220916366,2.39027244545083,0.0691665186238866,3.93680140647888,29.4033854948477,0.0790925957671507,0.0660224458377308
0,53.0360612725013,23.7419508226163,42.6010407617166,32.0536830992086,97.9974331596559,5.02256045228169,23.8264981598028,15.8114812882778,0.112530973672667,21.712693812268,4.27996690638248,6.26237565312112,4.69073507857288,2.20636132329904,0.0729007196385118,3.74751936210597,34.2552263854382,0.0652783084113129,0.0751307325607363
0,53.7193855857044,25.8260819391245,50.390525184683,29.7671480247598,102.674298690772,5.31316151950775,27.1394951459562,15.3036247966741,0.0956839223223794,21.6041478886842,4.72324369541504,6.53123605184262,4.18420253525209,2.55293984076815,0.0487142926659536,3.46989640528282,30.2315483776261,0.0860754467031291,0.0581614322298177
0,49.4588678762892,25.5650409966866,43.4721715282471,34.1562901596312,110.384950168618,5.32443233367422,24.0550134606569,15.204076152497,0.116676120652678,22.0312539975347,4.31488109346766,6.9762895614647,4.641640997024,2.39999398474435,0.0596737482412464,3.54687562155432,35.0811187918578,0.0849346375761826,0.0727838356796724
0,52.061199966806,25.5865135741224,45.9945444668542,33.2211344395629,112.315721996656,6.12922319238193,25.3448116437936,15.8950354183414,0.118164216909032,23.5636140391843,4.66454944275528,7.14053155609679,4.77343052869175,2.3847323415355,0.0526913341978453,3.68391330944029,30.6545162513406,0.0922314568765298,0.071947368095849
0,45.9080254624986,22.9282385671575,44.9710747309357,30.1551862914768,102.342979305499,5.5844937493843,25.6899828764829,15.7101534615864,0.102273106049291,24.8720746272441,4.22512466703101,6.98494590037671,4.95226545832756,2.28247213253559,0.0477004870580623,3.28139429480203,31.4470910459579,0.0764572255392392,0.0553873182998047
0,51.2438284567478,27.0796313905287,41.8186783440461,28.9851804257582,110.517864876725,6.09769079586953,23.4847754918957,16.2001915589638,0.112633326691149,24.1607710088409,4.37332638991487,7.44760985551934,4.89791518016522,2.62184457956662,0.0417316825420586,3.38954932772984,33.4674930704764,0.0589643080739815,0.0599934583256635
0,48.1795054350123,26.3601400561772,47.1157768048986,29.0937292589167,111.192876113266,5.6100730433681,24.1908014222325,16.0627877951909,0.0677199009246844,22.5011640504937,4.6510374426311,6.19066277467811,4.46327551838459,2.37150235884817,0.0651352316312173,3.64127983494268,30.1832892005396,0.062207410422852,0.0742291045510303
0,49.3548342032008,23.7267562513252,42.9965116312203,33.1442008963506,109.212980497333,5.64002016016299,25.4311930825916,16.3019341901038,0.112173801934539,23.2344703979749,4.24706459832177,7.16698479732367,4.66351432213147,2.69548668887457,0.0582513040498859,3.81183335419988,34.90203008654,0.0807133856251963,0.0744981610604292
0,51.2748188319156,25.1414572581911,44.5928104682519,31.7927423929948,99.8121233941268,6.15537022808354,26.9871084553874,16.5895374766583,0.0810009283624248,21.2414278810667,3.86894387474728,6.7097243590678,4.70570132668172,2.65474901684119,0.0606652599665227,3.52926804428793,28.7924926975583,0.0826338778139797,0.0572722368142917
0,46.0373250728676,24.1608698153878,48.6247914990312,30.4452787105377,110.20465860493,5.61155418810773,27.2121911376274,15.4449732589921,0.101798210593512,20.9890516555912,4.6683331153053,6.1532173721523,4.14537237464502,2.18393687032601,0.0652407360427121,3.21504473382475,31.5572324925882,0.0715891638470605,0.0572165863426787
0,47.7657064756291,23.8349649050633,49.8299255973744,28.4751129735345,105.935941738265,6.12702066202783,24.6549337886012,15.8555064144248,0.0817980899862681,24.2889137651737,4.48284574268678,6.67600966338135,4.3537161144451,2.42799738500536,0.0677592926146164,3.80791899825703,33.3756702830765,0.0828511315327613,0.0831144523264102
0,51.6382319299322,27.6639773916968,42.616212253021,29.2343182267922,113.125568636523,5.39245928589577,24.2034462413866,14.8088006417706,0.109717690422837,24.9599293838289,4.47038933827606,7.12634196997978,4.84199288432361,2.60754877639156,0.0521422474980835,3.42806359902719,32.9829925533355,0.0644476118021966,0.0709008515903018
0,52.8400602396233,24.5625720182461,49.7798748157214,29.3535481682494,114.213568013737,5.74302847787788,24.1845972797646,15.8538026056188,0.111054503393183,24.6881938542381,4.1506210815712,6.87754109885756,5.06929648289342,2.25785755306569,0.0628990451939286,3.50512093495488,34.2237460209602,0.0853033872884878,0.0566837983847274
0,52.1963579982174,26.440823929887,49.0162618500858,33.578181372108,102.996588623031,5.18074613513129,24.5920462798933,15.1274206584742,0.0698176827131685,24.0758506763367,4.46034908950967,7.44360276941687,4.97560971589289,2.35593464327381,0.0552614863003785,3.48163024480501,30.8267728392865,0.0637316964418528,0.0511986996126634
0,44.3676656511099,24.4343001479547,42.548221007648,32.7231803217617,110.027489255055,5.90490969310626,26.8037748473127,16.2630449258905,0.0736550749832367,23.4023354874164,4.39006634887148,6.90380283657616,4.2888292837184,2.60752674329009,0.0558121397301996,3.26151451450174,30.9690616845532,0.0701448899670603,0.0753201097816278
0,50.498908246187,26.4893350763705,48.531131537107,28.1728980211722,103.806183186082,5.69283816165961,27.5193197677234,17.1393480982434,0.107473800651621,21.892625170257,3.99970383940286,6.72374007035684,4.74656014006713,2.28821250850045,0.044036579112633,3.88210865402595,29.8418390827448,0.0692377110289389,0.0616325906961138
0,44.7402493406214,27.7297670395929,50.038966922261,28.2844714357365,103.268951075126,5.74791595646469,27.323810044586,15.0412499524612,0.0877231910826059,23.8709180887653,4.37240079204612,7.48455251303454,4.86350189825216,2.53174239658644,0.0437526476837218,3.85889466588395,33.9522892564968,0.0570731060912105,0.0609138888482174
0,48.8890938562973,25.1721108120898,45.6514758018687,30.9246064855731,112.646291154722,5.99401773065862,27.6955539267635,14.1683740016462,0.0645735355623733,24.4343150040498,4.50430114459874,6.43189329067277,4.42002447336778,2.49784369024487,0.0496534941133153,3.67284585471669,34.3948820063397,0.0653671301568386,0.0635255431275252
0,53.937530963218,24.3528074107752,49.2565610746896,32.0041632553555,108.317018956639,5.35330744115185,25.6795073324144,15.7319840953385,0.0947548338402563,24.8149457788379,4.69335143191516,7.67968748922894,4.90156122621107,2.85581096667388,0.059764366619042,3.46494416797798,34.8508278542033,0.0711048843643276,0.0677697480111546
0,47.694319241102,23.5887528187962,41.1695886042004,31.8244702191965,113.889972385865,6.07451763244377,25.051848644523,14.8631932733017,0.0867778591386965,22.151677743999,3.9953822947578,6.50151843637892,4.85364914977637,2.45025891200421,0.0417106544788182,3.58170340286749,29.7582138129038,0.0802048936597165,0.0823391637119941
0,51.7988207284723,24.091963984271,42.3034077475945,33.5980261593207,94.7113432401513,5.98304891067824,25.0136688551837,14.70208537985,0.0889047360638905,25.3379147492025,4.34749956516487,7.06010996114173,4.42744548234312,2.55411235293719,0.0490091648968671,3.78237407226495,33.9528386797412,0.0600641698230254,0.0452561619516723
0,47.1589806842375,24.4395142976879,48.6236799272843,30.5660798109273,102.336818932743,5.55081160529925,27.1879204523245,15.4712431448878,0.0689737645810412,23.4694283360648,3.94847541796676,7.10690736379526,5.04654892360158,2.7018737609658,0.0628964915606482,3.82015760497896,30.5812899657552,0.0816224505757604,0.0647492251691783
0,44.9923234902969,24.0454980427171,49.1751798554736,33.9114677580286,100.993471595089,5.79205215712659,27.290263618961,15.4411244596086,0.106118782633735,22.9441476398307,4.65056741659329,6.23061892831938,4.11660290990233,2.3253899343429,0.0483801786317892,3.35998672433947,29.4717238148069,0.0789528203485059,0.0646495219330068
0,54.9394657388171,27.0240075276495,43.1152195701716,29.2207272967971,102.667387420755,5.44598498205092,26.0404533153458,15.8152682124894,0.11969938004629,24.6832102199357,4.04224127766484,7.5395041108382,4.52802864907575,2.47123446959964,0.0592820299423455,3.48450508854355,30.3734220772227,0.0868822136138432,0.0851814201973649
0,50.4543763417115,25.1251463720408,44.0033097809567,28.3077646824919,105.58535230028,5.17673901704692,24.0110082603493,17.0415034425004,0.0758048121357101,22.608527882819,4.44109890375217,7.61458474864205,4.95370831948795,2.76676273950822,0.0429823489286891,3.48341252074341,32.7306581937588,0.0539096114842217,0.0641101690687712
0,48.2408147011773,22.8460487714029,46.9731478660782,32.6318791130176,113.143427606296,5.66283308841108,26.646847256883,14.395117100994,0.0849443440559658,22.1057390360544,4.57871068374185,6.87032411738228,4.34568346598453,2.59649813795965,0.0552790947083317,3.54723933084136,28.9135910865639,0.0930846108301041,0.0497156595829367
0,49.2996848253504,26.1815550322864,45.2222738608821,34.1448932204829,107.12667687795,5.34441438355656,26.3400266620523,15.9366326037597,0.0851769457134168,23.947258015683,4.33769729751126,6.79249915868538,4.380517871384,2.45142537683726,0.0569139445767703,3.91993075312724,34.614751073863,0.0756744223255738,0.0935607777862897
0,47.5178216944628,27.2220784889595,43.0738487763375,28.7482194864161,96.4994103165287,6.17343507303363,23.6823110469325,16.5411225866724,0.103611730154357,22.045147837089,4.23162049330965,6.69787910806074,4.48234255175204,2.40561686892715,0.0448170802495098,3.36949452543809,30.032838690046,0.0579326662557238,0.0657821569208265
0,49.6183945433237,25.9035631746593,46.4384742559264,33.45389147922,94.8441044320046,5.7610763307617,26.8658120611951,17.02972348915,0.0785145744974863,24.8800905463094,4.20951290869038,6.99398107622844,4.86993149217431,2.36462635325239,0.050381788894353,3.32972357361221,32.1646009733632,0.0580517822679458,0.0540470635300747
0,53.639705464702,24.4224639935333,46.1375965656895,29.1674072770701,102.019534781539,5.7901516188694,23.5737107175768,15.8987224418519,0.087834649527138,25.452932418538,4.44549197517596,6.31492311451568,4.48028905954536,2.52823563994954,0.0550673277625859,3.81152195489767,30.433810397313,0.0880575580367218,0.0629760312037924
0,50.0374069211421,25.0309626480634,47.400446815896,34.4845461127036,103.61075844185,5.70396298994381,26.718393131369,15.1296901594023,0.112626937969989,22.8029923089976,4.07414738878162,6.70186093952191,4.26590742098207,2.37488345828032,0.0653446659284873,4.00862918990404,31.9126691618309,0.0859692573137339,0.0566180626918764
0,45.2044551730359,22.8961871557969,42.7782509966707,32.1940582714678,95.4707067798033,6.16410661440511,25.0651541382152,14.2790860141706,0.101687092882097,22.1554349074988,4.39005773909162,6.81603802026593,4.78112159508628,2.73702417208394,0.0458191242880294,3.48753566228711,31.2465177738566,0.0646522013151892,0.0486063217904979
0,47.2330095657763,24.1376026157489,42.3596118218066,30.6708267232221,105.43783572589,6.06734647472033,25.5058612671421,15.2014474069942,0.0718715811817274,23.1201567903231,4.33154965403385,7.62281283740115,5.03777998868518,2.39234712908571,0.047580125812196,3.24240678298447,33.5432130786437,0.0689679620918693,0.0836808730009037
0,50.4229225552139,23.7404949605893,48.4380441514035,30.1203366961619,100.101351070956,5.78792553480918,25.2228164896674,16.6183253669277,0.111425158818651,23.0535553813541,4.75494849466794,6.83960407833437,4.84391499098086,2.37482084951694,0.0427267171219031,3.99254259377163,33.4159995862948,0.0737160221025037,0.0729351015697501
0,50.988072459901,24.5976856340357,41.9701773142159,31.111112821205,103.073275465133,5.6883098624036,24.5820685848851,16.7162794490622,0.104522572798577,24.2255580817283,4.62769749235821,6.6087176089725,4.86056333463939,2.5020550808442,0.0528886775083433,3.21766016742786,32.4897090388341,0.0634663587914944,0.0741999920202401
0,55.7065405384466,25.2133090164698,43.7912920256535,34.5315002148045,107.821534468547,5.85761005360176,25.6692031303626,15.7120829144106,0.0862618611615544,25.417678701929,4.10533463105533,7.09470629512896,5.01791899484737,2.35653416544236,0.0635709237622355,3.7055952178088,34.628927884322,0.0975352573300979,0.0662487369915723
0,53.7331060231512,24.9378171435316,48.1435150580737,30.5663492905457,115.827217944592,5.93920877248429,23.9549308807537,17.5446004129926,0.0914235205136556,25.9598382783028,4.13132389247744,7.73991879128385,5.1077780376467,2.7105939483503,0.0511122524236433,3.33173009122556,32.4004783528649,0.0657149513177015,0.0770477886756567
0,46.3570606942556,24.5544045837656,49.7657241179818,27.9231238364641,105.239060899463,5.55256078261846,23.4024019891216,16.8278230534509,0.0896952427779361,24.2549424834725,4.69897443192044,6.23516125084039,4.90888463007388,2.74160955152786,0.0504616118508897,3.67801599194003,35.0196498949677,0.0647960020264241,0.0698241857991258
0,52.7988107210189,26.7758495512745,45.9816001425468,32.9429494709077,98.0724951622812,6.19822180383117,24.0663008697312,17.1365199380053,0.0784916105520057,22.223589813499,4.22328552108937,6.4956570174896,4.7812582756781,2.30619349885926,0.0461411313014431,3.82348768655256,33.8184574345924,0.0611297766667381,0.062710311416134
0,49.9699310520389,28.0962621132842,43.4749989266227,31.5381063533906,115.041653886345,5.34684739853659,24.9162109592315,16.1534750001845,0.0893109052417049,24.3609270073104,4.26029564472553,6.58300914260429,5.05508621989541,2.66186029120169,0.0449420938682714,3.82234208776472,32.3035271955385,0.0637330765108962,0.087097606359995
0,51.7660099956025,26.3853025475234,43.6321387835063,30.9476066584602,95.6389841565675,6.1491334268975,25.3083815336971,16.8403655827808,0.0680559492591098,21.7270195644187,4.34815984895916,6.81626958827669,4.32152469234157,2.64344213261535,0.0621121621974739,3.54680285202061,29.4008488812668,0.084626258525306,0.0584357153253844
0,46.8884650277387,26.7697565583111,48.5924475894989,33.6071945586264,111.328646385079,5.75582803788996,25.7532470743039,15.6052109422387,0.0996948160664598,25.6641334757981,3.99642438922619,6.50309364663796,4.15584807623757,2.77282975444376,0.0591409963690387,4.00164846984975,34.7453804021616,0.084080991359366,0.069665978270418
0,50.2828763103622,24.5333246842492,47.8349353363017,29.2568291337662,111.684255087981,5.55394579760527,26.7295614440203,16.738550926497,0.111563077634794,21.5715782276537,4.67523887453195,6.18715582820889,4.63896448403283,2.6084573530274,0.0520225772038422,3.83035384988508,32.0082067334081,0.0625559908330512,0.0896491207163535
0,51.8391364931672,27.1787074039082,45.0053451831952,32.5760522983696,100.347070100371,6.17771186510551,28.3773923028071,14.4905314682613,0.0812822115126404,23.3823764112625,4.4199003633674,7.55339030584963,4.53695639095192,2.55645902133274,0.0455909685185929,3.70671747920854,29.5802734496691,0.0794310833308055,0.0786251572819476
0,53.5534342026461,27.2695212431309,48.13692396485,31.851553925342,99.9192196885492,5.28298988180532,25.4803713208437,16.3921678894373,0.110487815095507,24.4881701803976,4.64981998862979,7.5349245637387,4.52482889339895,2.23422158084839,0.0420394095963031,3.41448772935992,34.8076745855099,0.0657209062564468,0.0914720264428247
0,45.0165474360623,27.3149584420925,47.0016233801717,33.4406593927032,102.195620779559,5.2142670054243,25.3559813024958,14.7564072412557,0.110145005034432,25.1093407482049,4.41119812999434,6.74218319022321,4.45983994016889,2.62269373399159,0.05708331631025,3.5061620172614,32.4521737366101,0.0702316998243239,0.0533461247543678
0,52.1005099864986,26.1857331112064,46.2337457756233,29.0651012605149,113.971310478152,5.61949917888857,24.9623901782928,15.7176559972075,0.0801052131267393,23.7629001163394,4.1410462778478,6.25866572850468,4.55128967938878,2.41747778733741,0.0474136106872801,3.91128984154559,33.1494566993391,0.0602616624229449,0.085102432278594
0,47.2275916889168,26.3670438089781,45.5913672869831,32.6143762198743,100.835402282363,5.18866265366157,27.4594379216202,16.87490901916,0.0876382441756554,23.9817901866183,4.7415047252379,6.44555862591363,4.69926326840366,2.29911083507611,0.0658744641447818,3.18822296431427,30.5971672301566,0.067781500606749,0.0524783635094401
0,53.9153830904338,23.7588908352864,43.431216556771,31.6491569257919,112.27755460166,5.17654524695773,26.0557434536002,15.5783305197005,0.121551534796902,23.7220516596481,4.55987343627601,6.73848084619658,4.11784812710609,2.70377462455804,0.0645296228751096,3.61032634101368,31.4247599815874,0.0757357313838649,0.0633245900785794
0,53.4292906388439,23.5446307617223,46.9575678804167,28.7764409169087,101.444195490863,5.38996458888239,24.5196288445359,14.5431278550552,0.0677088091470241,23.8012254353711,4.25780212569232,6.41973035911658,4.41526632776829,2.76763574611521,0.0605159490517027,4.00685894718005,34.9218953436493,0.079050331230854,0.0563891041117787
0,49.2329664076468,27.8074484926741,42.3215633924712,33.7525485987451,114.581856397865,5.31956576552724,25.7139146681403,16.1733616574941,0.0743097301268842,22.4818700338953,4.80002027150777,7.26551978649936,4.30249998785615,2.50833739109869,0.0510192048041065,3.52067187859921,34.7154096129485,0.0736778554253774,0.0745385358811337
0,54.2986767017916,28.2030699082855,42.1830613432501,34.1019939169395,95.8085865614186,6.24400813455375,23.6734571193225,15.1767929589777,0.0666175498549186,22.7679715739377,4.08416881755278,7.64194475076928,4.35256588592172,2.72362905474918,0.0679606025293922,3.89772958108342,29.7285554155706,0.0594930421768522,0.0580018478673415
0,50.0171600746274,23.5323178897479,47.230606110903,28.0750100025359,99.9254774153184,5.99505235266658,23.0252575983285,14.2867691947938,0.0664142050876939,24.7168484592407,4.36097703332989,6.81795179479829,4.84157767767704,2.50654001163043,0.0608171460478765,3.54817901933121,34.2897547079407,0.0832248420037913,0.0522213155237829
0,48.398411845519,23.9408252753022,43.5521954032449,32.213988177009,112.593093371303,5.56976216597026,24.7360732798525,17.170546186948,0.0946922805406783,23.9030783580093,3.95301613468777,6.58388365250822,5.00928230605916,2.48549479001113,0.0427016928895303,3.84967752236572,30.5063803549291,0.0645107582499373,0.0552276235058999
0,55.701960730739,27.348273564918,47.379106696867,30.3448127016318,113.6446818793,5.85773568254574,24.3252356145799,16.6943829195138,0.0780165925321212,26.3214986778719,4.54128897847649,7.23494672106663,4.33883615773192,2.70865491089844,0.0656382084114982,3.50057130917312,34.9469648142668,0.0812217308541576,0.0578818209166412
0,51.7964769751547,26.0845824431476,48.0901806515311,32.4058206483563,94.9659720101946,4.99113075115056,26.7052750536806,15.0303420752677,0.0775534947148268,20.9370414775665,4.17118410766972,6.50780148360505,4.46022206365398,2.23786412459519,0.0482892916870818,3.89563519176368,33.9181322956506,0.0927576417566113,0.0759642304730913
0,47.4054813304555,23.0808650277751,43.7613595130996,32.6175484589657,113.37160056151,6.01589802127045,27.1806093198479,17.2870577338841,0.0818588818720155,25.4233551803082,3.89676077678724,6.57516178024183,4.44911633480252,2.21050175016136,0.0611832500306646,3.37421555170415,33.7145548815844,0.0851235305519341,0.0555405740130301
0,46.2578130361787,24.1703516260032,48.8884375572857,29.3815930310012,112.543515438346,5.79679228003046,26.3824952962514,14.9693294189829,0.0773518399059157,23.7706407639508,4.08788395455979,6.44230649194678,4.78511878003768,2.34645285961916,0.061061171279992,3.59992613697058,35.1134373015594,0.0761244766478986,0.0747941593100272
0,53.8527881679852,27.2875352315605,45.529099023275,27.7425356921655,105.67342471191,5.95292084084054,24.1136929735837,15.7705600763292,0.090845647082452,22.5160475041212,4.51020896036285,6.89891728766645,4.79225502149532,2.40711646277844,0.0668764261879419,3.21594295251876,32.4057066665068,0.0626674659937282,0.087504391789313
0,50.8834534481355,24.5018064404082,44.891106967589,29.5417249272142,94.4173882652789,5.30201581070599,23.3513071473236,14.339758947313,0.112082303925319,21.7413378839109,3.93451079645985,7.46683667603572,4.23592698481068,2.43744142258465,0.0564761690848608,3.32792297266256,33.7677445337334,0.0660582847189088,0.0537667082303519
0,50.9194665183664,24.5005224961709,40.6760349848287,31.0367925891489,108.646325552398,5.3394663595878,27.1297812638457,17.0401306185586,0.0992204644425263,22.689053467444,3.90739903775839,7.49704050359379,4.14721068773444,2.65413993842138,0.0674895091708422,3.56090652882376,28.9203904928403,0.072917309991371,0.084651197472958
0,51.329834660214,27.6694025110809,47.0751272039959,30.4356320130582,104.67443298794,5.49757891120326,27.3463127572286,14.6832108716322,0.11681114340139,21.7953909460696,4.25102534916167,6.57398821136406,4.21643897441353,2.32700654887337,0.052993732631051,3.80741107591028,33.7996457389123,0.0645795878721158,0.0881458109602346
0,45.7470362903641,26.1177062617923,47.5976437419346,30.6595695661512,105.767662053313,5.72466644053508,23.0394363023137,15.2258844882859,0.0831062841532205,21.7853052321849,4.12850577459144,6.41631054560592,4.505352652757,2.32841849420032,0.0658110092158126,3.25565470663224,29.4016861662451,0.0614286195982344,0.0547289426222211
0,49.396831882365,26.1786270906286,43.8519074704299,33.1840633276264,96.5386851995628,5.68840575223969,27.8427974063452,14.4837707489855,0.0976812782808351,24.2110901488109,4.46410904662994,7.46936680319478,4.16351433922573,2.411720731615,0.0560993309897246,3.86516491008615,33.7147607018656,0.0649094724894592,0.0531173657767378
0,49.5929639822956,26.7016945249422,46.5194201567814,32.1168986468264,102.113241011799,6.05440634387574,27.6556175831989,16.2119321419277,0.106831045410332,22.2906622938408,4.09873084669368,6.5458845736955,4.5528301451436,2.53116423117313,0.0466079629550681,3.60236620302143,30.6011330640803,0.0577469288272344,0.071018175285009
0,45.5402656588059,23.9118676854253,46.0462901469658,31.9102810208549,93.7233159626761,5.19115342845123,25.3156130166127,15.7160828130523,0.0690720021470098,24.4219669212782,4.23639633791092,6.83669997554513,4.41283068711849,2.39601893632267,0.0666272075635257,3.29469561850257,30.9991430888072,0.0560387117680799,0.0651310730524435
0,52.1363485370714,23.2147542970007,46.8720392524114,31.2845106019892,102.377400766106,6.15962499603424,26.583706998055,16.6378814331342,0.100646014400894,22.6626840143882,4.19237985727936,6.91289176345204,4.65221935559766,2.71650552136248,0.0492282871336802,3.54460230657954,34.427673410367,0.0832380912020536,0.0792533456751793
0,54.8183727608959,27.2868015927816,45.2892516394976,32.8160119253499,105.462339636432,5.79600016668798,28.8276930661196,17.4977212559402,0.0901167847625292,25.5189360392716,4.21222321539424,6.98493821429724,4.43375496070348,2.61106586101951,0.053674281651205,3.68691628901968,33.9381376088872,0.0897626283101936,0.0891411470721624
0,51.7116113774935,24.0646994731337,41.0750079459139,31.7172677418009,96.6019319532765,6.04805951705786,25.3027122481815,15.7190162503909,0.0900614459238695,23.8975711489304,4.25767956517059,6.52264621894414,4.48738103232593,2.28445204984479,0.0494204705474598,3.87955123069963,33.5994598274552,0.0718963844045838,0.0495541877843682
0,52.5751738941429,27.2267462120217,41.6571191665079,32.4251971741843,94.8645750692349,5.57359058408304,26.259604909273,16.9497352342088,0.0956880381827098,24.0970793532727,4.63055807139861,6.93336427376367,4.25559400004607,2.31444592028337,0.0525077544029644,3.42455349095265,32.0610727326733,0.0571445212160321,0.0563084656733178
0,54.2939698936331,24.5337712984965,44.2937801486115,32.7768154484919,109.15497881805,6.07072589007777,25.7088413530648,16.3096387589894,0.0894049127036158,21.6481775841864,4.76427340735806,7.26435082361597,4.28040474229018,2.59062891783743,0.0441853828718749,3.38240972933135,30.5437995807995,0.0864483894349719,0.0549539799388556
0,49.619603791691,23.6454562302891,49.4238085830875,32.3992095488763,102.946769588098,6.13968342907664,25.9937268112639,14.4098400009695,0.0883987750682651,22.5556533788824,4.28485843083966,7.41170236782595,4.08024173415634,2.40462990181837,0.0502865994861226,3.53976646256784,31.531222457417,0.0673922267833531,0.0762697399860587
0,54.1469579454715,25.6065559942305,47.7835553976688,30.8885747156971,107.647870801631,5.53923698495709,28.0281940864337,17.443845039595,0.0799334958291051,25.0085516130268,4.52579560658797,6.47809984685764,5.04328571902225,2.53923635892983,0.0531660662547073,3.88151548179451,33.7334423861822,0.0842720195760656,0.0715634417336672
0,46.9568020727249,25.1724912196433,47.0803372973272,32.4410008667656,104.422603550121,5.56466431243793,23.5383686140832,16.3360829590492,0.082203415070013,25.2833560988372,4.27232652137862,6.34491467796644,4.5267444422622,2.50478841518688,0.0581501761541256,3.47155276628943,30.1746711274992,0.0718225477890088,0.0605343131526257
0,45.3211294961047,23.117291463461,41.32615043179,30.8891590028686,100.170071062568,5.13076414313642,25.7057553852416,16.0917971298384,0.0808196765308555,25.2117168867402,4.02221209697199,6.43182912731509,4.48257582794991,2.55699347909248,0.0440754578564937,3.53963216987482,29.4785693993043,0.0606818376100387,0.0541351234952735
0,50.0624442333011,25.00216926884,50.5535791599697,29.7463653326618,101.749149394526,6.20399484956187,25.6876638226644,14.4874726571788,0.0722679258911716,24.1067779360788,4.09160621880635,6.84952526244422,4.5077994213087,2.55378987276755,0.0548878847422722,3.57481588960585,34.7236358282795,0.0727983555304783,0.0789520394120221
0,52.1576405567606,24.6107655582268,49.8987253491637,33.2659111477151,93.7877932852074,5.7048891619897,26.3041280668047,14.952281009184,0.105774112537372,23.8321562401564,3.93375047674761,7.16551053546406,4.60210575943491,2.33746811379505,0.0605254938264968,3.72605859814692,34.0312484537388,0.0882870679059704,0.0628426123009386
0,55.1516574917823,26.2195985670889,50.8980014459533,33.4013344641211,116.36236697534,5.66860685856223,25.5586505200947,17.8510771475106,0.0948426108983332,24.9401076837812,4.72815946801167,7.49063575303861,4.68587723702203,2.44994471010596,0.0560783461660739,3.3101583411236,34.5027906826106,0.0844705569093219,0.0764321824438386
0,48.0034527522267,26.2932244846479,46.6414957798984,28.2267240000959,99.8878081442658,5.35943679723397,26.6028015837624,15.0027535040121,0.115736176622515,24.6993155873158,4.4523405845004,7.36289326378114,4.97757907573844,2.41796501723545,0.0586793469044981,3.67256343574675,33.2796775837327,0.0770662746140377,0.0741329230344278
0,52.0277099877882,24.8614477391095,44.964495783763,33.4608310159981,97.3974620495635,5.60583392897321,27.7619005459098,15.730567794402,0.0847146197960354,25.1920519488396,4.20617950290966,7.43142883586779,4.59284022652673,2.43212116944026,0.0573297618538707,3.88549041738376,28.5642850209987,0.0816761276148377,0.0687774676433761
0,54.7594239914622,25.5876927594972,42.5135478155269,28.4315214128938,109.182599773791,5.14871274304045,26.0923810557243,14.3814811495337,0.0862436316679182,25.5675892055892,4.64354782549642,6.40793844138816,4.29533872534314,2.31622560410178,0.0619207563280202,3.57814565870606,31.9957956572118,0.0859522346199896,0.0552851941481506
0,48.9379402396055,28.0489634819576,42.4869486615628,30.602832429434,98.179129199602,5.81260777735353,27.3312835491277,15.0424861176067,0.101627236964514,23.8150023782444,4.11564369327481,6.58312617305052,4.16926531484402,2.52667608815158,0.0441673998513838,3.37590495957284,30.0161267924889,0.0848180367988667,0.0559103031783089
0,50.8072745776269,26.3321884942688,44.2569195413255,28.7402118517336,99.6365425050726,6.25195583986856,27.5310759413728,15.6059728343413,0.0979470081080703,25.2220016915853,4.57546128234172,6.86020538212385,5.08631021893736,2.78675975590435,0.0619691353953284,3.89850166600025,33.5549271736921,0.0832650698232018,0.0874148929069572
0,46.1180378398345,26.8075108337618,48.5297565774967,34.6197991783699,110.058408081568,6.12163098763117,23.9348715634931,16.6831457271333,0.119122190356751,24.1039196068796,4.21352584836858,7.04030085618877,4.34908624305146,2.39633297609966,0.0599392404908915,3.57580127863551,33.19289732763,0.0705659721021412,0.0889702787664308
0,53.0966784270946,24.3432229335471,50.455840483108,28.7929283140957,99.2488625609639,5.48206564557186,26.0472224725163,14.9667196583783,0.086423118549493,23.1407578249575,4.70941962011382,7.04092423403954,4.74960674038515,2.66769685218487,0.0618717091815747,3.38121933936982,34.5823621825091,0.0942931556624347,0.0659655987847741
0,51.6413903351209,26.6973616794934,48.3753117670896,32.1923531226404,106.23305405792,5.51581046600605,26.9287972559554,16.816976248632,0.0813006824898688,23.213434868291,4.52530944679264,7.48510513643576,4.46405974133389,2.40511381260975,0.0646367989200506,3.78691575015409,32.7693905265865,0.0641997882137093,0.0681685626292076
0,46.2608083643944,23.7039766739105,44.5513116375889,28.5653519323303,102.263884698839,5.69579071660753,23.4952513915209,16.0751427496197,0.070080447611797,22.631353682287,4.08163392923419,7.50047935539448,4.42709199017171,2.52130616253934,0.0438471329119697,3.82976819427596,32.7160669372431,0.0809260782205655,0.0679813624663459
0,45.4594702558882,25.6269607085409,46.3579305344829,32.1827458213372,111.385927873552,5.8081849456193,27.4924905527704,15.4930179699758,0.100638044479699,24.3211416338401,4.2123355003797,7.39598644240705,4.33681209632479,2.56185982590025,0.0514980729204229,3.92184920941148,35.6819599052373,0.0922913505578755,0.0658868540020643
0,53.6003343614558,24.4098103258306,42.1479975678435,28.7512103944091,111.378010663009,6.06971758996501,24.5407054067315,16.9006722161743,0.0938653876252182,21.5743425965733,3.89135572175668,6.41534165645097,4.89310041096603,2.22794702195126,0.0493672985821123,3.88029337349896,34.921041328668,0.0669669660530194,0.0618911499603277
0,49.5202626337841,23.4346409123715,42.5743183954399,28.0411163539931,108.727255641947,5.60357925109508,27.4446763537113,17.0961585763611,0.108578730756089,22.7745637027293,4.20224354124614,6.65152457283126,4.49320336409987,2.68901776005065,0.0440048047545737,3.76011817477907,30.2260840087825,0.0636324889495703,0.0850517765720313
0,50.3004409554672,27.631247596469,46.6570628391333,31.0899399931642,96.6187526634212,5.96384344067891,27.9428179059933,16.5129340898289,0.0682764425884362,24.848267491643,3.94808430040931,6.62337356862421,4.76526560757782,2.5756158390102,0.0494676226037411,3.30344352359538,31.9116403040143,0.0697445548607103,0.0986531895564404
0,53.4180569316551,24.7364553751731,45.0746700758872,29.5213184217946,108.219590246806,5.48346068391654,24.7430667565521,16.3907076762918,0.118872304257722,24.3500621196544,4.02494245955007,7.46870506794536,4.36998463848034,2.25569851592701,0.0537088581606242,3.64362567540066,35.2585480024342,0.0670276405179911,0.054246839305696
0,54.1822745122737,25.6436753475721,44.5700176362089,31.1014452987631,99.9092480343539,5.92001156858388,26.2323394478017,15.6420288393924,0.120125944876643,22.0042316245534,4.21169886569287,7.48944905170638,4.18080258340086,2.35258919442267,0.0633058492931694,3.31261821224401,31.8756917871679,0.0563002753676504,0.0702982939257124
0,46.6671549377145,24.631240425581,44.8574175024372,29.3775533283632,95.3666447747183,6.1621519697884,27.6039735104237,17.2823163084592,0.0798619082648074,21.473812983295,4.60397451019944,7.37607651930333,4.44622619176871,2.48420073550282,0.0561554711086393,3.96683499388581,33.9561036085126,0.0797772303659905,0.0726520152540142
0,53.4228850247966,26.501963308186,45.0592511868637,28.5158897545861,98.5101183538207,5.408026474534,27.6825665837194,16.6429907609239,0.0778364145240828,21.9596159428555,4.70737121628059,7.16433098551531,4.97113613585315,2.31330672776194,0.0526934335398621,3.59334104163301,32.6917791151045,0.059338903544992,0.0746628632907657
0,50.587523475504,26.4482426721642,45.7805175188538,30.3386778668157,102.803793834636,5.42988224644747,26.0791258361411,14.5218613664805,0.108755692266622,24.5283269948625,4.53037500491956,6.69198943586773,4.18404899054681,2.22889426474989,0.0644581130217275,3.92529542661275,34.5405821991691,0.084008259146509,0.0537161920357092
0,46.1462685305068,27.4946290411924,44.1624850637035,29.653283276738,100.501878310969,5.67873655962507,23.8233286760344,14.6265409547612,0.109685739270738,24.2118767309453,4.58499358578415,6.4533472696144,4.3785121016053,2.6716674125634,0.0502488456214956,4.0224357739481,32.6818339317701,0.0664810475899177,0.0724302322333855
0,52.0560904961522,26.3448180884943,46.5225492093544,30.118034799872,104.691231044138,5.24353616034872,24.6942368785069,16.1909229671116,0.0953723240426196,24.8356038900911,4.22847889845408,6.17810032542343,4.09838442111618,2.18520774945143,0.0459873251524772,3.34578835163436,33.371128416193,0.0626636956860706,0.0545052676687984
0,51.8245140237829,25.8344340194855,46.1586339485855,30.2113879367783,101.227071431983,5.78042877678724,24.1159625894948,17.2050495234029,0.105634701570712,22.2755316780384,4.7468510243636,6.32671010921873,4.23428624197759,2.55982450138874,0.0452212091667617,3.69501071732982,33.0432887178755,0.0605965571905916,0.0551543663818649
0,54.8875761389201,27.2501096861635,44.3380359363457,30.1231397873643,113.982004744471,5.24538000008197,23.6795644472064,15.835323539981,0.115894294622463,26.0823047642701,4.5957058854362,7.29141754807219,4.38913867925795,2.61622766360883,0.0469600060493941,3.45415541080525,33.3401464764713,0.0844077612159156,0.061551472462464
0,48.0562685612533,25.7940664147921,44.2441418932194,33.0810447672624,103.309421142056,5.53809820426631,23.9079480657163,15.0703003364607,0.0656216816687036,25.7823014571741,4.63840737302963,7.19761801014532,4.20942635734587,2.24299450977411,0.0491588250757214,3.38063121892636,34.9578000701426,0.05924602465572,0.0782407752387881
0,53.7986292427253,25.4390547338068,42.4643265981346,33.8478393826149,102.663541561461,5.71444574380353,26.2769782783048,14.6632175826261,0.111476258270051,24.510344091022,4.32356357879474,7.16383656628947,5.00393074594617,2.32115829327748,0.0449642638405064,3.70735876693877,29.400076115006,0.0850528645463451,0.0795562691925682
0,46.242559668812,23.9677347891977,43.6461448178507,30.1559741545392,114.269586738095,5.94307301338838,28.7180873601055,16.6424912033449,0.103749487910061,26.4059286091665,4.64766740189713,6.52642759289374,4.62513877433286,2.57344023151509,0.0541238870974844,3.90178757758402,34.314074602525,0.0655243558750904,0.0605975029939489
0,48.0485934395436,26.0594090569488,41.8551296283378,29.9280378657494,100.171545866989,5.6871523055402,24.9674106458757,17.6143419413203,0.0931208616976182,21.7104839172019,4.43446471973071,6.7916030750167,4.31419632081412,2.70584264106806,0.0502275571925533,3.84153929457357,33.9907271709321,0.0773998750665617,0.0612557638480271
0,54.1582295459319,27.4016133477686,42.0300535105421,30.3576262623918,95.327100560672,5.18337131100423,27.3886905667542,15.4977046213626,0.0707715434002578,24.3548734520017,4.29068843487867,6.32659030319936,4.98068751171254,2.77951146733961,0.0603882472454633,3.67473806645578,33.0024851721413,0.0818162563252423,0.0567668508530111
0,54.2996909571782,26.0696741879244,41.8050814132836,32.6500807450077,111.618816696887,5.17526384992634,27.9986188312049,16.2636439537325,0.0729764645620073,24.527739885842,4.26686797630885,7.21022094121557,4.29147072400198,2.55446561962077,0.0556321547148346,3.49491489851091,35.2597459637283,0.0596246057065642,0.0854657342421847
0,49.9425388446923,27.5840106544921,43.2859068119109,33.1713910982853,107.247322013079,6.02822371582731,24.9018431818062,14.7740805094996,0.0893400012583325,24.1735976085417,4.55563903265369,7.20283018854496,4.44151764268371,2.52876164031974,0.0384334717868575,3.38044047235649,31.9027963889512,0.0962324684711253,0.0774626513491953
0,52.5313790655341,22.9567424400303,49.2286448205174,32.8996694055709,104.922039720013,5.93736722342182,23.1781964843975,15.4062662510787,0.0967337752189699,23.4264303442068,4.02326878808245,6.3814353714917,4.4338910996542,2.4298307618292,0.0430864682082651,3.39776243581044,30.8657160557251,0.0626806507906323,0.067303708459137
0,53.3361576705306,26.8005720681788,45.5370552830883,33.3946469249292,99.7947101041469,5.42522624540619,26.244893505131,14.4877189721212,0.0791890418172067,22.3945527966603,4.57020660175951,6.60035418488196,4.23129437202831,2.40274673973622,0.0469089029241365,3.63347350023898,35.2048135604248,0.0925758342195914,0.0720056165786295
0,48.151959838668,28.4251130822992,51.0221155672128,29.9583819402309,106.30417205833,5.85040974892974,23.5419923044228,15.282104687472,0.0952185701107469,21.8079126084604,4.00417987303119,6.52538273661607,4.52956759190891,2.70369386933153,0.0448145695223815,3.53837104414707,32.7783535072745,0.0596243736158105,0.0640086093362017
0,45.7788846950288,24.5579697043116,49.2994571423893,33.6508424053073,105.850396410553,5.60372582258782,28.0473535223597,16.8616879566865,0.0737031557234237,24.7421083086499,4.15364054972538,7.00042516428017,4.69979050334673,2.72341371673491,0.0607692569818373,3.95317218386556,33.6451721999915,0.0609401212032058,0.0735122968339912
0,49.2307410544093,24.4469473741666,49.1774330766097,30.5035006683004,107.562900190285,6.00721556194786,27.808450013917,15.6928805461588,0.110726601104529,24.5615151754141,4.33855984816127,7.3478939980567,5.08253486015302,2.72843702458709,0.0510242237150378,3.7844692615045,32.3907558800162,0.0905839184155362,0.0561362345352272
0,51.8027158922869,27.5781488563079,43.7884528924402,32.2219492806393,95.1690712290647,5.22100222649741,26.4356907548588,14.9995599428619,0.0785464287545751,24.7349592007341,4.68739418078784,7.10675426772713,4.42384784206259,2.56957295937853,0.052756199479704,3.93256588497468,29.7122829084271,0.0628170064862831,0.0555585397086257
0,49.2612888811871,26.604485930494,41.6599676852393,28.1483092925787,102.280119216839,6.12430403756994,25.4868126942364,16.6835828133276,0.0958762601333736,21.8075811009696,4.57357363807705,7.43612689371295,4.45050972032504,2.15180179200852,0.0510831154596189,3.71437330222605,33.84636832934,0.0837449014400208,0.0708519971716952
0,45.4682712262997,22.9139051648458,42.7481151910048,28.9285910394029,101.539267107776,5.33005183665541,23.1314279101164,14.7201108183492,0.070246848306389,24.3528704556524,4.70637985177094,7.51546099920453,4.81612584237865,2.25241828185089,0.0438160193812987,3.40803972047485,31.7308468550012,0.0624236687161661,0.0728858295598575
0,51.707577378122,26.8585153138555,42.8786406858814,31.566549173473,110.913113580408,5.41114719476269,23.1103399280479,17.1318659472466,0.116148513644035,23.157976257508,4.72463641842186,6.45750154993308,4.37185345990982,2.4960455300047,0.0553369665107461,3.29752389813955,30.6583938970907,0.0833029471610073,0.0758140854910954
0,48.5845681021004,24.4515567853966,48.1937033170879,30.5686823346587,107.916607896378,5.92012768790099,25.2319760527295,17.2114411671453,0.0730642489422976,22.092787293473,3.86740318943472,6.94835860700996,4.51427793566708,2.41811252148734,0.0642053473764138,3.3386749417084,32.6472126471685,0.0766365607107144,0.0566400606357093
0,47.3522981511448,23.0652374353378,44.1268375915722,32.2814792051561,95.7143387276631,5.73292154486946,24.9101377287269,15.6621611653272,0.0808564706848479,22.413368942369,4.4317230183946,6.83750075971669,4.81948778082722,2.50308852841673,0.0543243645861866,3.42102439495312,31.5965655484185,0.0706131609088539,0.0600339221223975
0,51.8678983143683,26.8036657402441,43.7952794972426,32.8341989187473,105.081222609164,6.20815418869388,26.140969286409,16.5492802821971,0.0760029119951678,26.1052463430287,4.15035438736941,6.71310620083828,4.28733021809269,2.81028902977122,0.0666403784770411,3.77908072089761,35.3713435332232,0.0737101539460031,0.0811897709874353
0,44.4276862755363,27.5172868150199,42.5930799959612,33.5268535752872,100.758566353885,5.43365123620814,24.0116116101979,16.8968082941824,0.0996402480980958,21.2806893836575,3.93606547560124,7.4855294314665,4.23922864168048,2.51553783224477,0.045921009675412,3.62231939439715,28.7685893012346,0.0846618258362083,0.0774926848051649
0,44.745208533909,27.3353816462824,41.6281140698697,30.1281293950192,96.5667246038359,6.07803149269478,25.2062618002147,15.3711374861721,0.0736832317909258,25.4288783074015,4.71178633667496,7.36695232316462,4.94809461883528,2.33774742305874,0.0455708339382296,3.71623514141056,33.9025979999658,0.0751880752783913,0.0609054907956932
0,45.3319277237825,26.4586166922497,44.7794918241218,30.2494601402032,112.268674871719,6.19910784337234,25.4265976887452,15.3334512119958,0.119867835116015,25.5024651978013,4.16469471030809,6.6230679157823,4.43182393066536,2.52951830643482,0.0616718490893112,3.26733992779341,32.6600551941519,0.0576839542658404,0.0589749385007806
0,50.2207535795653,24.9478734456361,46.3263541502288,33.2642664889292,106.236858514049,5.71920083112309,27.4399834479071,16.3978774953671,0.0987431518534968,24.5387685996728,4.6753458935085,6.7909326707147,4.37486168616786,2.5112003799255,0.0541802821832499,3.87309690510872,31.8998634086212,0.0615716385365219,0.0871702442418899
0,48.8964553797487,26.3414629315334,43.0115288456678,34.4271068234777,113.236894955785,5.19511191681822,27.5014177392246,15.8549921085646,0.0816044705619123,25.5707934316314,4.16596609211977,6.5293618817185,4.29299643167237,2.65992720764375,0.054106096168101,3.50286145416222,34.9867665008256,0.0732173717166639,0.0602664433309259
0,52.97212721124,26.2754923101635,48.1957710869606,28.2261519054732,113.541909412066,5.93550963794222,25.8634782689497,15.4020255884529,0.0695741569785803,23.572394956526,4.03793940688219,6.64775997466195,4.9541337710766,2.18552789251683,0.0496910746935345,3.42359311101054,32.2719286559637,0.067432631811455,0.0589513292197532
0,47.5779868766438,27.3437965153048,44.8622034299477,30.6985303492506,108.588831676075,5.83312960145658,27.4557331973339,14.5469496419195,0.0909355365498824,25.2796240162408,4.68318963914957,6.5149296219762,4.4872950879166,2.37857525242236,0.0554036787557746,3.46368074373403,29.6680594185808,0.0615002824936252,0.0581588208541002
0,48.2952543574418,24.1468701326604,47.8211122429076,34.2297027515404,109.002890103103,5.25019165065004,25.6965457429534,17.5167343869359,0.0808254609053523,23.5217098317466,4.15585361480077,7.10922375457937,4.2399450781446,2.77135100001953,0.0435675408875581,3.90282561769286,35.0141016677587,0.0753329985562722,0.0780677694356707
0,47.526460622559,25.8797356019292,46.8211935789173,29.9284387063741,108.925743939444,5.10409039478566,25.1793923482896,16.3765326090514,0.0818111828386351,22.4122270970253,4.58384185248789,6.24936723735343,4.35459967382344,2.55957041965257,0.0525833305566101,3.23985743517798,30.4246782859692,0.0621078030973185,0.0863434089680426
0,47.4014648071497,25.7331222013431,48.5144398578755,31.5862926534967,108.828418064425,5.46165704966648,28.0475599199654,16.7646637124908,0.0778842586828262,22.224068039564,4.46329918275711,7.21213637864728,4.51697483967263,2.2836464362206,0.0499406562868574,3.89956042752122,30.9948643755763,0.0869353290731529,0.0741649239422214
0,45.5254524165824,26.3457075090996,41.9118724549792,29.0976162837655,110.792106566012,5.00759211304138,24.7066057866483,16.7408645011071,0.0864501917031221,24.0502878452892,4.4572170877718,7.42445078408306,4.7698863534311,2.28441893836041,0.060145483667792,3.60974278108161,32.0767809730132,0.0645573858286635,0.0574412086551112
0,45.1894130561799,27.5742268768721,44.6476469866959,29.7530142486354,113.162919607716,5.92133151442007,27.2813044472713,16.4245285793018,0.0845409519254809,25.059755364001,4.12988234488833,6.58153052220263,4.4989520895166,2.72495796703185,0.0504114371932504,3.68420044524285,29.2068873075208,0.0634471914132033,0.0896892084638737
0,47.2958257147449,26.4648224077188,47.7560189831808,31.4957902985791,111.725177653004,5.70890722182541,24.2052428329378,15.6612974472587,0.0731080852265534,24.5654289142596,4.67266520874844,7.48391868886522,4.48798617314746,2.33000770395202,0.0722889103211772,3.3514942190669,34.7782854605905,0.0840179551411389,0.0879254802384697
0,51.6163505757241,23.4014050315644,44.7795287942197,30.9935273482922,111.806315838495,6.08875509302466,26.7130130548742,16.63124992383,0.102139036448145,21.9595603711418,3.93387351591241,6.44203158535693,4.33844081418244,2.45091032808598,0.0605739584893348,3.43551886501701,33.6130288369484,0.0820582441104257,0.0671525687683319
0,54.6604972727984,23.84194620877,43.4885259851787,32.1901136714997,103.007501855715,6.01547075216504,25.2118851973068,14.9472679065189,0.0886068908637801,21.7730234230307,4.1977271098536,6.73891246518449,4.40570522486282,2.49500121225075,0.0636142268157273,3.44416431290374,29.8595642980833,0.0865971641421138,0.057031257029788
0,55.8277030004084,24.5671559443144,42.8026553451712,29.0553851725323,116.77547982105,6.29399851693867,25.9680634246798,17.6582981852907,0.115559946420815,24.0132506878719,3.96706800995514,6.42305963934725,5.13083152635253,2.37564991522182,0.0460297693659455,3.48254917151982,33.5538110715429,0.085078237227357,0.0710192837074564
0,53.9485822434707,26.5346551064059,42.3019447659492,28.9072387166816,103.584453704115,5.58118096513589,26.6053772367703,17.5905088678217,0.0756310431787851,25.4832135620803,4.00717443352015,6.54140405727225,4.80265630611454,2.64016372614203,0.0639535687729282,3.61147559302928,30.0937424246211,0.0529808690888082,0.0584991477316253
0,51.2219265708138,26.236043846966,44.4101681177573,28.5645215617319,98.111749513644,5.80808562582257,27.8960406785849,15.8264961977571,0.0904671570695918,22.9127035641956,4.30585908361701,7.38051611906076,4.51229545602831,2.41597798700334,0.0429743855406584,3.9090621971169,30.1717282608338,0.0834827715724249,0.0498709959287321
0,44.7636127878271,22.8364612338904,42.9193200552704,30.4068586458673,99.9292212532643,5.31939028011362,26.3610615020891,14.3595479226376,0.0989748800972825,25.2167401284027,4.17285082979876,7.20544707186768,4.34637650984761,2.62466054827605,0.0607686011931618,3.37918307841854,34.2865025959396,0.0585528100187268,0.0611592780335506
0,47.7299400881224,26.4546977643325,50.460998044954,31.0382371512178,99.7879492725731,5.72438545646883,24.601883490233,14.629104939477,0.0826541209587213,24.27698735661,4.54795608107614,7.61306423725483,4.58620019017071,2.61244955600717,0.0644910707961645,4.04908167067964,30.0568956362749,0.0898517444774412,0.0903437337034265
0,51.3745967656658,25.6338195333103,49.1354735603019,34.0677932392101,100.174805398899,5.76469343714612,26.962240207083,16.3145886241655,0.0781072253558632,21.644313449392,4.66518767992947,7.60296754434239,4.72216890537496,2.68528243700172,0.0598154722250853,3.50224661631335,32.2938335096197,0.0671139199130974,0.0700428202891661
0,48.9152319402381,25.2535901712906,47.386033111992,30.9390408717368,113.151016351287,5.33774540136674,26.0581228733529,15.2218720779283,0.0912493089236741,22.9056034425134,4.41740289336512,7.03947125893338,4.14138496008905,2.73254708368011,0.0427371376729908,3.64931100964883,33.7237426001762,0.0728746359283439,0.0820412222005919
0,52.7411362036579,24.6489522488501,43.5467257763409,33.2481579387049,103.218195033555,5.26679550674919,26.6359741436652,15.5053567240864,0.0743629010987131,23.6374793136666,3.99356454763192,6.84319388799064,4.9487886187935,2.30335244165562,0.0549057466662809,3.52334477712071,29.2227806444612,0.0699788034720556,0.0722487613744333
0,48.990158884219,24.7615916207144,45.2879809922263,29.9307458596427,115.458513373397,5.14228337845142,27.187479093688,14.4872286562631,0.0961823562823322,26.0107028275456,4.33403138753128,7.00584496677387,4.52388724436369,2.27907947794247,0.0565360766841392,3.34628142669021,33.7309658246777,0.0640175426147032,0.0546261913500782
0,54.4794564027514,23.7705643463595,46.0743268997705,29.7042037703111,115.890979429281,5.6975656957363,24.7811067893891,16.4576689568216,0.0962853439571083,25.1878606626554,4.2064675286932,7.2976386539622,4.2215227770914,2.22684679019831,0.0573959050156345,3.69340283200808,35.0538887344876,0.0691453476400564,0.0724130014808054
0,45.4050200918339,26.429938477262,41.3911529233713,34.2650081242178,99.49302413488,6.1378811745447,28.1179719753556,15.0434401153814,0.0849094722878959,25.3942367403312,4.17061338226439,6.97526552743305,4.60705649105026,2.73503324598734,0.0526312547326076,3.3431784583932,29.8554583183516,0.0870760304031554,0.0617951429066855
0,44.8525175402668,23.7409059386742,41.3579749231653,32.4197089027975,103.851459941568,5.40209303729402,23.3101737801285,15.4229489297673,0.0771517908567274,23.3637339166081,4.28367465314251,7.24220610940412,4.83160795837114,2.65647338291688,0.041510871148843,3.53640925755113,31.2659982240851,0.0669493578333091,0.0707393702359354
0,50.7036377909565,24.1662525219972,49.6395624895868,31.5672339131837,95.3028525864008,6.03887452302793,26.3569823162152,15.0004447895464,0.0899024429658591,21.8536413263683,4.10095907888189,7.22716987145319,4.83630488602049,2.39636343142954,0.0453339005836617,3.33332727834396,30.4243159216247,0.0770939090083797,0.0742539592826038
0,52.8701319984559,25.7751783791712,49.0731468542326,33.4320533092105,104.232838563582,5.57786280657922,25.7419884596106,15.2664957191532,0.0918047884948532,26.1545429271486,4.28561672751968,7.13709735704303,4.72889401712187,2.84163660107266,0.0507270008859206,3.55235706094172,32.1763132999627,0.0666446588254348,0.0825091691966168
0,48.3656828087304,27.9074824062592,42.7046823273616,28.580608210006,97.0771735587613,5.66893704494075,27.7576889561352,17.1359677170622,0.09568614396241,26.1884620076502,4.56672748015769,7.54103763610036,4.75586199748087,2.82643646114588,0.0653244271387151,3.61045155928478,35.5736838064348,0.0718138705141925,0.0659898207872432
0,48.7632755022895,23.6992724291429,46.3017950957686,31.6389898525183,115.057909922086,5.73868889108982,24.7224149076076,17.1252919336966,0.0956155711256898,24.1196749414664,4.53865152537317,7.3731123601583,5.01347610056215,2.30554979591505,0.0579894491483026,3.33295337355956,35.7425588110222,0.0866906597371048,0.0715254789315772
0,48.9015326147364,25.2638890859119,48.4438629310135,28.4113019003469,98.3398512703005,6.26515846930559,23.3263584318099,16.1909804652566,0.0967552680488048,21.8766336950178,3.971877749649,6.99391241901046,4.88331424316877,2.73369464900965,0.0488766293444431,3.31664174709424,34.0359086899446,0.0731143139872231,0.0751621116853323
0,50.9832943311222,25.9622616475855,44.3500293704663,29.2228636879235,110.251349271632,5.30710111861965,24.3501799498617,15.5449285375324,0.0833943944143998,23.5449726153535,4.52530388503975,7.04400329857516,4.7834889402937,2.29678139763362,0.0534333261417333,3.62305487129069,34.1073588839618,0.0658327755528351,0.0675112899735421
0,51.9791943159083,23.2938919762553,43.1410162539528,30.1391606154277,108.339195332338,5.94490125895182,27.6561813696934,16.0964096398237,0.0807621372611024,23.7050233831065,4.36805750574102,7.41063027908939,4.77206574507476,2.65784132059202,0.0672151789593082,3.39371774379481,31.0815229484692,0.0557601866152976,0.0489136977402043
0,49.8744386148555,24.383641182335,48.1540053580314,29.1001488981694,113.635440646117,5.54077009579112,27.4717229426303,17.4514804283924,0.0866907938238733,23.060468132557,4.32173395207102,7.69782591914227,5.03351467901373,2.58177278484213,0.063402788069401,3.7526394836854,29.6152273112921,0.0811711995491008,0.0943188302303284
0,49.9129159209929,23.2365889756764,42.6838072969345,32.4681003317667,114.578751274651,6.13954366446915,24.1310084048386,17.3893948393685,0.0822672922797024,25.4007258259488,4.76988979799145,6.76132726105731,4.1482449536724,2.76446462286877,0.0449118149958889,3.95782595812933,29.355011806104,0.0571392402234615,0.0587521691503371
0,54.7480773992869,28.0141071217576,43.8759821035455,30.4135556831928,111.197925642121,6.12883597378601,24.8269747724754,15.8989657106373,0.104002160037682,26.2232082935456,3.94348901410265,6.80985132219142,4.27253154036009,2.40511916297385,0.0436870661912623,3.28094711863078,33.3982569825843,0.0842133608186686,0.0615836706409495
0,45.426789122774,26.7340749436107,41.6232393050518,32.387930836162,107.567700908283,5.156270719552,24.5937206500913,15.7986699670037,0.0899263328005817,22.4670948783832,4.63798512486335,6.74167289871556,4.52939961034977,2.28477012652704,0.0601452916694385,3.55976570781344,34.642359475875,0.0710853395818601,0.0590824588009196
0,49.0809716352866,26.8738715670101,42.7325324920345,33.8746419234819,104.859675135428,5.77918676720008,25.6663242871857,14.5173665035291,0.0738176298598026,22.049156310575,4.20809122744059,7.40163378927203,4.6887723062834,2.44668473839632,0.06138020844166,3.47065695069059,30.3613511477271,0.084966750790074,0.0750109171311065
0,50.3869982424216,23.5787307752084,47.6475484201499,27.975432567802,106.858435151928,5.97604755722083,24.8853267538322,16.5217892293621,0.0796355689581968,24.9168202666445,4.61395616184594,6.66753724843018,4.73370592614552,2.37522984212286,0.0495872278934904,3.35758154812819,33.7672853119257,0.0582327501477312,0.066017969786907
0,52.0869854365702,25.8037629181138,46.2002824628899,28.1918191908517,113.809932084226,5.7535527032704,23.2140922368241,16.2528576623672,0.102145026760307,24.4599883755916,4.53653303361177,7.40178937400924,4.64483539522448,2.75486641194459,0.064633442260861,3.45950296006509,32.4082385183621,0.0776390555532767,0.0732300919436914
0,51.511972198253,23.1514409096761,45.6809263453064,30.3629134603199,105.243575664251,5.22887795243142,27.7115508285758,14.5256889758944,0.0776558943740649,22.5156633808871,4.52055760179917,6.88275505866548,4.40176419878905,2.7074097738391,0.0637974515503792,3.28844948834679,33.7087272139427,0.0809477813652905,0.0569103036072578
0,51.2568201031533,23.7473664092977,49.4373791973548,30.2055527244895,109.386240447104,5.98098026635578,23.3681784028485,16.1276393393181,0.0865091002767663,24.1247797280645,4.46453622979906,7.41753025881995,4.49609389279099,2.72549053346273,0.056166157799153,3.26083171691294,30.2507868544008,0.0625907114363044,0.0576260411465011
0,47.2476264831131,27.1494692572503,42.3207311411523,33.6389566883494,96.3433291644557,5.62906509941604,24.7569985065828,15.7370781613263,0.0643646377258429,22.1366491454444,4.72868790215866,6.49540896345238,4.97959389610646,2.5190855760294,0.0467532479845124,3.92324307762167,30.6421476060712,0.0793112980824354,0.0739517342911459
0,47.0741051974318,24.2307032169948,43.42680534548,32.4871428075566,106.484708665297,5.74261318719681,26.6274591279174,15.2159462520171,0.0994525816671168,23.6704368818723,4.23424642154054,7.04778752765454,4.4786638223992,2.46614658855335,0.0632859451223022,3.85442837027768,33.208258314976,0.0700399349623635,0.0650423345593789
0,52.9399199846048,24.0198272683704,45.9088385853985,28.3893171615478,105.122755844903,5.92286290919418,27.6934914461835,16.4098193495014,0.0890254307911734,23.5667544545699,3.87929872424961,6.23001148943008,4.64469855236589,2.42473380398114,0.0525765954529829,3.60873128408345,31.0060532375915,0.0690261925059775,0.0832164654915028
0,54.6310337054815,25.1128171653066,50.0007338031406,29.9067675433816,111.182843466452,6.21360451494086,23.8356519758015,14.6666243339579,0.0779255262353631,26.2781817028612,4.59007956252679,7.28905253346463,4.85230776824671,2.86082382148756,0.0675644846878024,3.65562786020402,35.8191023543674,0.0858096304534958,0.0545714049953951
0,45.3622237774948,26.1325364999046,47.1951000993975,28.5361153916309,115.76934841903,5.31472985580062,27.8537993554892,17.1910405059425,0.0924759951964167,24.5786259881058,4.11288169564564,7.3790260132737,5.01430546096588,2.66739619401698,0.0485845556028411,3.72439783257698,32.4840417623623,0.0889240775343722,0.0803591294137245
0,52.9731055265092,24.1665346461131,44.7574983612424,29.0935208207124,109.339951721217,6.23138334444517,25.8695692147422,16.0938630533559,0.10596233725589,25.1197714125922,4.57533110005435,6.6932214491673,4.5921586244267,2.67377769467987,0.050440338449825,3.60018399089372,30.2404521533266,0.0854375049579583,0.0517518616701774
0,52.4720116712407,26.386402516432,41.2441551990578,33.1068388371154,107.928398907044,6.1342166502959,26.2773693934704,15.7468720197319,0.100579855790134,24.6038992453265,4.37126549361968,6.26135679376592,4.58700016673668,2.46373451685309,0.0594240737427299,3.72028041449597,34.2628997245854,0.0761165885334959,0.0778078604714623
0,53.1196047873041,28.31420017214,46.4481379303488,33.4217584036026,115.548898126574,5.29207224659107,27.4795990255884,15.2473895292952,0.0762422259600022,24.4117530076916,4.42759122319246,6.55665488611625,4.74736677904804,2.47065068857917,0.0563930542661524,3.40692981853377,32.7978376290361,0.0629543694515221,0.0727702511873256
0,54.9705620483691,24.6509361894105,46.0385390620927,28.5182997766624,100.279343617512,5.2706661827251,27.2834155491742,15.4777064772892,0.0716561597329337,22.6484546960945,4.61397571066346,7.63400563446371,4.5371212394955,2.64943576441137,0.0456951336874042,3.9571786698668,32.3995463654209,0.0923835287119418,0.0794173613332158
0,52.4816012991347,24.6491525884825,42.8433408491885,32.2972509900874,95.4792617074075,5.93219885160221,23.456878648609,16.62638923244,0.081714422493838,25.6105560781646,4.35168391562086,7.04890377776858,4.34720856152707,2.68179040449174,0.0574446652500797,3.80021247242248,28.6003655618495,0.0622541299057189,0.0891133273669785
0,51.3108049577239,26.6120184471858,43.0040748927611,31.1819606433476,100.39912148598,6.06645032538464,27.8498515798328,16.2108559119434,0.0821906192901961,22.1868666546775,4.03882817560221,6.3219680787368,4.43487750614621,2.56152469365238,0.0600680110584944,3.871820181762,31.1060431821867,0.0740248576666341,0.0590492779601741
0,46.521380527486,28.2734549946172,41.533756177658,30.9351744320538,107.044416676677,5.80371430696272,23.7188365824571,16.0491270406245,0.109066192692823,24.1360473691964,3.94061273533016,7.28848919793396,4.1461586636548,2.63433105408187,0.0550633098142889,3.70493567003451,29.2540208616406,0.0704923182309176,0.0726158236332631
0,54.8052324493204,25.3468316086754,43.3728850688793,32.66040815716,105.565225732972,5.97360769265977,25.3713671305547,16.13829644931,0.117403943769603,25.3635187617796,4.76591968394265,7.60489350667213,4.96070442254427,2.2819638766729,0.055845612250164,3.72179822308529,29.9954573523342,0.0946062368763766,0.0545967251791778
0,50.1093001180885,24.4449049288479,46.2071972442916,33.9798381084208,99.2611165782545,5.31616485548538,28.1503259012585,15.4125178533649,0.102154313101126,26.0720681410619,4.60839314329652,6.48634189812179,4.86236955993026,2.74619996596237,0.054110427575036,3.69549426082935,32.4695723387426,0.0593409004357546,0.0773271366549367
0,53.9497959513648,23.3984065051812,49.238345430342,33.6245560455774,109.516636075797,5.92254360966185,23.3805694898567,15.7016033023112,0.0748518177986503,24.6597064914594,4.24564267593808,7.20353096852435,4.62052979685091,2.33317618716731,0.0565709661243302,3.5661289957603,30.1659793905365,0.0834862296940051,0.0683430588889135
0,47.7066834757283,25.5470348028062,48.3135381364983,31.2030199137958,95.1682293003391,5.85312093835646,23.7985196342107,15.0383765888176,0.0892105537265101,21.5437019546581,4.61661607273709,7.09768345612243,4.76433702205956,2.71681935575273,0.0555947202442864,3.77496896709485,30.4304940579737,0.0614408724717505,0.0700622343829231
0,48.3856391705738,26.9359822954245,41.7974013253584,32.7126060474227,105.877508162152,5.58286178982545,26.9207960365516,16.7219395594455,0.0831246246475561,22.2376747226048,4.60757900850073,6.28268385834401,4.23436340898808,2.66106318157086,0.04932996140887,3.69202768067091,30.0847003222542,0.080093113796494,0.0882417927961559
0,53.0232833233984,24.9158991150513,43.1602568034179,32.2579549190836,105.223388915794,5.93935225639352,27.8223782303031,16.3877354223073,0.0931733453471078,25.1592015614487,4.4464188273641,7.56097844777392,4.73127212311633,2.75392566857526,0.0679248690969731,3.88121344135687,31.6353534095003,0.0638795083853389,0.057145482573067
0,53.8508637815858,24.090446183458,45.6834100116844,32.892733601371,109.688977341522,5.40743764899666,27.7138904869184,17.652736231601,0.116182591081468,24.1631292710004,4.67707421638012,7.19405493225356,5.04295846367348,2.47680931366907,0.0645862606395097,3.41473339073951,29.6255570258046,0.0715464142057876,0.0797565216059885
0,44.6786639914909,26.9880405883676,48.9232782606915,28.4393224264774,102.033489228779,5.33678136356247,26.8458594087269,15.6595392971311,0.0995367821471449,22.8539057907013,4.07853661658933,6.95060143576884,4.36820416793044,2.75246040852618,0.0456795110194627,3.44915537099076,34.4604489632337,0.0556820774264908,0.0673636125794028
0,55.4859062396378,23.8743335798173,48.4060559050139,30.4412756947422,109.165049229362,5.19115958782262,25.9215267346487,16.0946399115327,0.0790587345400114,25.2003124692221,4.46563570341229,7.44900344149512,5.03829880218367,2.43209920820285,0.0530240290843861,3.9050543470515,35.8158219516887,0.0737697879706105,0.0759593707164508
0,53.6585805105387,27.3251120467344,43.667915937647,29.3517237596037,99.5607338423466,5.35696543328045,24.5565828227919,16.3073061252701,0.0931391381393344,26.2553200991972,4.48107573749115,6.33748384210125,4.6962775981161,2.7909471440482,0.0476874265763062,3.58832697598917,33.3309591028592,0.0653071619520837,0.0519415573269564
0,46.8675970428586,26.2085108330699,43.4021130274395,33.7732170994481,97.4881162801543,5.22260598610741,23.412862597562,15.0913121613157,0.101221735489021,21.5320980392392,4.68902771866605,6.70110751195532,4.68436641454466,2.33039147210701,0.0457302374709497,3.92019652950674,32.0362278215076,0.07423031255968,0.0606145730369479
0,46.7335995905675,22.9066778729745,45.5885095795315,33.3206049611368,105.240834809758,5.73379132967323,27.0163123457889,14.9997191039394,0.11512893671696,25.7150084510092,4.64873956082088,7.44414866927095,4.72626735736842,2.51561994232276,0.0521319363919626,3.93299617294155,28.752556708791,0.0636060777754647,0.0590623339351
0,51.5096053147175,24.0739793430026,44.864639986697,29.968303646927,98.924737326679,6.00384579302978,22.9006324920178,16.070174226504,0.0701102068756773,24.9276512443773,4.04887247540259,6.86940701413713,4.25599865375983,2.26900389215222,0.0611240345003535,3.77968440366361,33.9675744920889,0.0760231472536295,0.082145518022765
0,48.461658859035,25.0981539404309,43.5393329040047,29.9525098952518,113.231546736713,5.6420595071031,28.5829320064039,14.8611442914201,0.0637064065376975,22.4717150639771,4.69033557956317,7.33670583302195,4.29622063326552,2.27700618666491,0.0711455691504858,3.85119998141511,32.5070810662962,0.0842243652509354,0.060937481234604
0,51.320798139008,23.1883352479013,45.440073491497,31.2396577356964,113.314769144543,5.2549047724003,27.6965996933601,14.4632833929219,0.0951784109250911,23.9864578954989,3.96265331324471,7.14899055228764,4.40379579015445,2.34163314909094,0.0591322486406417,3.32094246922811,29.319389153206,0.0641532854719838,0.0535218778617604
0,46.5358418025297,26.5569015938201,49.9640716267569,31.9800426331729,114.59563563303,5.66999310346258,25.7391182760005,17.0865405227717,0.0734766933282704,22.3824838849384,4.60840121121798,7.66440077179509,4.34340832698938,2.5582622010101,0.0455380888307564,3.70798952201084,35.0550924582642,0.0854480473744675,0.0768603088646361
0,53.9009468686294,27.8006525178725,50.0065707198948,33.0372278166395,99.2400952312857,5.34355333308521,24.4882208426876,16.8524639682959,0.114920111217775,24.6299767674277,4.42255568393127,7.47093537692324,4.19942393061396,2.48463439994666,0.0518591847796434,3.63598708576082,34.4414712751685,0.0789932939547094,0.0723413813926316
0,47.1189454008612,24.4530822879404,42.2038863018145,28.8394889928332,102.182009426817,5.67462555039445,25.7806298396757,14.6270038489613,0.0732274675469217,25.2379369199342,4.17821509711333,7.08088663321576,4.46241337058445,2.37016618241757,0.0569539879362178,3.54984111590175,33.3971547396672,0.0575749296562077,0.0553244446692276
0,48.2559249712628,27.0212060227001,43.9043978317108,33.2748940955466,97.9271779864531,5.27169593202414,23.1485994425409,16.8508994942948,0.116270874645074,22.3135935785349,4.57413598940998,6.82318766431113,4.84362605184384,2.62666366017336,0.0491766486551804,3.93315956391089,28.8613769825825,0.0811610916301714,0.0835315747323961
0,53.0847607812945,28.2756042332243,48.3151898413506,28.3799670012252,103.846105235377,6.05018330042675,25.3629603873966,16.7980237451683,0.114703173690818,22.0343544576934,4.01892326341465,6.54016078606439,4.76442866040944,2.58600658762076,0.0585357371587263,3.31824514685008,34.966692125165,0.0901401094822021,0.0843774564361412
0,54.7444444607577,25.7172508077809,47.2158491621115,30.0601267522004,96.5628322712164,5.50285387930777,27.4865970038558,16.3707813561483,0.0997255217682653,22.7798276864536,4.45813246734547,7.18606659058326,4.10825756540269,2.24393029421385,0.0491370236690437,3.93837587394083,31.7936985739637,0.0592367719717493,0.0594065944897389
0,54.5549907690173,27.2544068263996,44.5808855012722,30.848052477862,106.256268077593,5.59538549889208,25.3339607211158,17.0373081307657,0.0993543855864895,23.7332465125178,4.71672815946221,7.02214884005357,4.76827869126728,2.59641243698422,0.0464223779209584,3.35426319571136,34.712937137407,0.0960980908279601,0.0709129422732639
0,54.0616584694891,27.7691935224467,48.1948059156604,34.0431548576947,100.873815137143,5.94528850692517,25.4680481631933,16.8943334227348,0.0806512158911562,26.086427006378,4.29203275438943,7.62373204727916,4.50067418251335,2.57338453037631,0.0356487702167739,3.442386182333,30.8392652936353,0.0560040002304161,0.0698684401095148
0,52.4878553490668,26.036608010922,47.4359469529335,32.6375976010243,107.540984445233,5.21358251968016,25.6177769984398,16.1977308066456,0.0824465175351327,22.1518084826045,4.0042706991007,6.24199902913113,4.83556236416941,2.37251311181997,0.0562461948157879,3.63152934059676,31.1459622188051,0.0828318651856631,0.0817846492803112
0,46.7351469477835,25.5300495315571,49.7821364096449,30.8735901222428,94.1212130247859,6.22450419011716,26.4513081178616,16.9861647556828,0.104921854981715,22.3367322048745,4.20198629089609,6.4555588962821,4.28533250847723,2.56610228788659,0.0618327154263271,3.66815065863219,34.4129720123161,0.0835401277062673,0.078939784819556
0,48.4501505833843,27.7962704205267,44.9604066998291,30.4442036570495,108.414998728401,5.99682259582085,27.8240190976602,17.458640856261,0.111841550012501,25.7128262552151,4.40380895781361,7.63337490337969,4.7561583946082,2.43075757041107,0.0599352105150695,3.41377697192449,32.4890472523265,0.0739352814629796,0.0610339156029045
0,49.3332604113582,27.6120203939423,40.85267701965,30.0704197396666,112.954172476357,5.27110345805853,27.1336369352665,16.3649287911369,0.0910435733821591,22.6829799774959,4.09360391688232,6.14531790820035,4.46787793287317,2.16257659970188,0.0539409488738457,3.48911046006724,33.7352381431656,0.0655192598829539,0.0675641763908346
0,50.5492702005425,25.3189528276965,49.9100491390893,29.2969538607157,108.225456927694,5.34974141414978,24.1757445257682,16.3327974476877,0.0713513610097462,23.6942132878238,3.97180938067152,6.3546666038053,5.06657336538106,2.76822046590717,0.0535809170055062,3.82632732943682,33.3092268299397,0.0729506382690833,0.0869625308918233
0,52.5271057887602,28.2404029808167,45.8033583313776,32.21297378489,96.8104490763424,5.40326713703583,25.3908694087168,14.8191621847144,0.0764066120177014,25.0206355544442,4.39722943036346,6.77554101096348,4.47243202724902,2.33850995889866,0.05808690684034,3.49626063403235,31.8152532612344,0.0570705960369997,0.0852759538592307
0,46.9466031740826,26.188044630082,46.5001519864725,30.185122545654,99.0383252123662,5.47270544373938,27.1146372232422,14.7288422458875,0.0734514051407241,22.0151376198498,4.71535778279073,6.69364219453307,4.8817437084705,2.49064343268546,0.0665006597447333,3.7313230000006,32.1838202892104,0.0748288311903623,0.0764182826730349
0,51.9035973103015,27.3628679436257,44.6767168670236,31.0247670799177,112.849912209871,5.39298977115294,24.4312093131653,15.4353676360946,0.118834595970584,21.8089603031883,4.1134880480604,6.66368286534982,4.16178435503841,2.30262717200025,0.0467199496358743,3.62769210759491,30.11361088589,0.0759539033535492,0.0681670313853133
0,51.0528375888604,25.4196900962494,41.8931748301101,34.1779069251593,106.714526566126,5.83515596077247,25.8310743730188,16.4857495040091,0.0790911448622656,22.2418885358781,4.13728792099005,6.6641642287816,4.9826576285249,2.59628136989471,0.0552756837683206,3.38569207238427,30.8987324455315,0.0693480121279426,0.0614467306366192
0,49.3540222197089,25.536825529383,46.3746085524558,29.9295396879978,106.975303326772,5.50633351535513,23.8403049541525,17.6593464456833,0.0769475250106778,26.1110775710611,4.0221146983688,6.7155961682671,4.74511450286175,2.29144391166866,0.0498184399214886,4.01788756151287,31.6556689464642,0.0862440428032711,0.0527646754036408
0,45.1804403931996,24.7792921218094,47.2399229394788,28.6971148550317,105.370063269724,5.24057428992719,27.7295821596216,15.3826766667847,0.117183343858834,23.0813701160458,4.45739092803883,6.37828025125078,4.92644906241791,2.42293169657341,0.0428284986262611,3.6373060972857,33.0538249172367,0.0781558795913701,0.0513411944939945
0,48.7236958107458,25.1184648333575,47.5334594804197,32.8543309316097,98.4604984003255,5.89454439947342,23.2322483765318,16.0165309012986,0.114852837529589,25.4759398158809,4.26376186642823,7.3646431087413,4.46571651820081,2.42144916548239,0.0480263490391683,3.28786809395946,29.3347189908719,0.0736454126053656,0.0862934097937211
0,45.4683621725996,23.927103893256,43.1598466011556,28.8306391932503,94.2798700183228,5.53209169680388,23.1988542675374,16.2422872312884,0.0910199176348244,24.4294287595034,4.20582758606179,7.10501390086679,4.21597531066987,2.3569275153983,0.0441223234141301,3.68922452070686,35.0434332858498,0.0703405012482152,0.0684594447884618
0,51.1490267657649,23.7690126826146,46.6748273777897,32.6281909961864,97.4636336890322,5.36031727709977,25.3578445757196,15.7510761364018,0.08632084566553,25.028168438249,4.05266778249584,7.6396664618577,4.28641891347966,2.38910554940831,0.0454188776396409,3.54232046287573,34.5755007302418,0.0565641300576546,0.0694444321462835
0,46.1180751204163,24.3220616145706,46.7819326851399,28.6649760184853,99.3971675595223,5.55832824348184,23.6121901199034,16.5899366616807,0.0686063332348072,21.7190189294071,4.3234928351669,6.58236498774333,4.44950786389891,2.54667121977508,0.0448270056029077,3.84163240556685,32.8053678997969,0.0811217970983314,0.0771405901497924
0,55.5516483110301,25.6371907688512,43.8100019260171,32.9203629438643,103.131995574097,5.44789012885675,27.8015586879387,17.2272505589176,0.0808230952929251,25.0112320089459,4.11483893948143,6.85416691818735,4.95304284380249,2.42111616690948,0.05977047746576,3.73642272162379,33.4731941964705,0.0697538641878439,0.0575364357203092
0,53.7327080781742,25.8264026425248,41.9470396713371,28.5038839933156,113.042296898452,5.25655534190226,27.1032383924828,17.2001895354205,0.0988644442720951,25.2439831330055,4.79804900410393,6.85016637047793,4.83902090977841,2.48166157223898,0.0683116822278186,3.35546638948558,34.9680589251582,0.0669760968130959,0.070710258134068
0,47.1730705136522,27.8493238026219,44.3368758800934,29.7515308714687,100.458198638976,6.22665921103184,26.2661759537721,15.8503208278439,0.0797732646532642,22.2466731762961,4.34708195281302,7.42831770837889,4.62961568298622,2.56186469089099,0.0539870423884377,3.51842713129018,31.0456657947866,0.0852983696930686,0.0685241118944278
0,52.6724832514202,26.5026177052346,47.9137304128097,33.5235959737792,110.918733615159,5.75864374029312,24.5940120094103,16.4615934139145,0.0834956639098869,21.4895195787071,4.74211378805256,6.30468515960878,4.99360636178138,2.71742285067892,0.0616836051379952,3.26593670053023,35.3306063831673,0.05652745887463,0.0606201246642724
0,52.7624988759829,25.6970527134335,46.4022196939448,33.661088282918,105.696686190031,5.2589995295929,25.0532294702705,17.6993392187111,0.0887033473538818,21.526597703978,4.58100132460743,6.48249046196712,4.43596166008817,2.34937927931791,0.0455000055881981,3.3845618386568,32.9680605161514,0.0716792062175949,0.0608746327498261
0,45.3349280028346,26.992483252489,44.104624242446,30.4285386759401,109.36679274141,5.40309800456758,27.4533448897795,14.4679473958534,0.086163554513973,24.2548903812526,3.93422955114362,6.65589755482405,4.36231265995854,2.73416342846975,0.0492839078314049,3.40348657782167,30.4297331846137,0.0830817552080499,0.0617483641070011
0,51.9781087921872,28.3682793828357,43.1697226844296,33.1873659059337,115.504943838135,5.32764117296249,26.3658062103232,16.2163008276889,0.114908939155993,25.1664551764589,4.15677276393786,6.80393727309395,4.63684938811052,2.513275593762,0.0492420059268841,3.74737558578887,35.053899368843,0.0674460066045968,0.0702831213458854
0,54.326442059971,25.2221301605718,49.8441651740584,29.7922762205192,110.380350483353,6.06361108745601,23.0606777680402,14.6696533968737,0.0739964210235397,22.5933188645935,4.46007602117613,6.1988227632131,4.85591589170793,2.36589144338523,0.0691451695098019,3.1861511757806,35.2624291486078,0.0831980305943288,0.0722674315520213
0,47.5099391243259,24.4027560187018,49.4078783636546,33.6729143020024,97.6026348845281,5.77870485733367,24.0271293088648,15.3546469100439,0.095620621953105,24.4427713175703,4.56630382030914,6.3835055143874,5.04783372347024,2.29767744650236,0.0443759050005762,3.68371123077653,33.8468836721218,0.0772792287229213,0.0908310976931342
0,50.4477279302799,27.9241748046939,43.5560863181084,31.7783291027474,111.386102048996,5.48165721559073,23.2567070749172,15.6624617262705,0.097877893603723,22.2734114731521,4.2193033571976,6.82022850710277,5.01985653284214,2.5828105078511,0.0589921995987904,3.78024908521989,29.1046400395105,0.0654278731085026,0.0608744251794799
0,53.3569641954994,23.0693913662136,49.426186444531,32.273220258235,107.94557314895,6.18641928725268,24.9130461616972,15.0449804893621,0.0741408691123337,23.6935809194048,4.5511249591431,7.39726196790289,4.60549320520056,2.44682204314724,0.0496850323588926,3.48355930793208,34.9912319604782,0.064600911352517,0.0642476193593212
0,50.550579534936,24.2245732101423,45.4036638134373,32.5149193201413,99.0119300260989,5.92148538928258,26.5559282582674,17.334906843665,0.081816088808122,21.7349973646953,4.55692223846416,6.78324674897896,4.20993831148761,2.4457754622327,0.0551258625171721,3.47066197590189,32.5883773252758,0.0802061170891469,0.0835810918865034
0,50.8823196398678,23.4279053023587,42.4047436876737,32.4612236508612,101.402830615925,6.28804078765323,28.3982052993596,17.326567665226,0.0721292860326812,22.2148560258016,4.09334553775165,7.26656541441257,4.86046579854978,2.63034205582361,0.0564839153908979,3.54137049960411,32.5165088238259,0.0594119053284359,0.0676762960479673
0,47.6887825343874,25.9705404226398,44.4308827897868,33.6837773373441,112.278055551198,5.03595661549784,25.028453099373,15.0672817739374,0.110309539637791,24.189441159489,4.17348058956181,7.50165660049612,4.69633300234842,2.41337199865085,0.0650071067882139,3.4911848118876,31.4736728783631,0.0821838835338874,0.0752797109717257
0,46.6903513564159,27.9840244629862,49.8905443687113,29.3241626112337,107.733869305195,5.48409924628384,25.4746988973703,16.6476311711161,0.0813029740684808,25.1295059739531,4.04254126106001,7.44375938235878,4.71571818923325,2.33481675257998,0.0495268680156534,4.02328864482837,34.2096261688907,0.0594770168173993,0.0726617954972899
0,55.2749552620656,26.7016962130154,49.5602573385791,28.632013017511,112.668879176036,5.61276412703798,24.07896357795,17.8046778355052,0.0723978002822005,22.4901233484438,4.74651457657824,6.90666254460085,4.66350111935405,2.49271268797133,0.0498533000026448,3.823947851562,31.0766901729069,0.0601872811300532,0.0663825239051897
0,50.597273020801,25.6509715462594,47.6084208266689,33.7381043080584,99.6588409758996,6.03645512625944,24.6255804010046,16.0838015386267,0.0802373601076812,22.5705691662048,4.70015319441232,7.02372670994867,4.75505423593556,2.6328241119881,0.0499724307642636,3.5477493762038,30.5785898711997,0.0780824490925211,0.0761008051423294
0,47.8576571892323,27.0386925976122,47.0872672604807,32.0375912462222,107.564542708641,5.18975807496645,23.3835860820529,14.5958244852355,0.105066583214708,25.443355458451,4.33483355784351,6.85714610309182,4.80036538363177,2.31146446922482,0.0615121680202312,3.92038019507379,31.0723356102882,0.0871611907330503,0.0510870367170953
0,45.190742825721,27.0444015506442,42.5235883767701,31.9711807247255,104.285261124705,5.76550709460217,26.1959001397046,15.021626083812,0.115065594138331,22.8005019879571,4.70621965129272,6.83271805188954,4.76814442479879,2.30394966363703,0.0494106434647215,3.25532950060058,32.0287991673138,0.0802969084729302,0.0538888763020253
0,51.1240799400693,27.1774060014273,48.8037359130376,31.5898173338232,93.3871635928074,6.08371825791628,24.9084301365302,16.914875538186,0.074868423132752,22.1165128559756,4.24849343577965,6.56099817348982,4.70441141036814,2.55700563572523,0.049982481716751,3.38346578082322,34.8192941699057,0.0786060811614565,0.0636178671327789
0,45.8440253424655,25.9385613504419,45.8628377849571,30.6847752290027,113.345455074566,5.13315648600381,25.9158691790733,15.0063794280969,0.0819950986592134,24.7356632756084,4.50577899083013,6.39981081379987,4.96652749779849,2.27277060665913,0.0386595883352885,3.4596525966515,30.7248090635954,0.0936355678224957,0.0460048100067584
0,47.0594574869864,28.1338273577972,46.446205287168,33.7675470323842,108.782385468055,6.05232927794677,27.9555326466921,15.5795847945358,0.0881324048260438,24.5990202308387,4.77004713104567,6.39827402714939,4.22829784807216,2.32421614483737,0.0464236382447303,3.81966790509276,30.8620468443929,0.0659333678029138,0.0567594994563629
0,47.4908788924986,23.837983700387,45.0560637034443,32.4958822526842,100.158221130643,5.65042124456201,27.9431150480545,16.6610615350363,0.0997697155378855,23.1916093241706,4.63520582560231,7.19396792045576,4.48489992764571,2.52406000487573,0.0515240646417559,3.41095773741797,31.2208470612428,0.0688137709086468,0.0634267723605355
0,54.4955042311022,27.7239678889274,48.3204941927742,28.2756012604667,105.297600198794,5.58037567844719,23.9448430141829,15.1275834752098,0.105727441812126,25.1340198714645,4.28642301595004,7.49812520086213,4.91299080592872,2.45169216326478,0.0493147166333917,3.34534158688577,33.853880614188,0.078516813323181,0.0594213900633003
0,45.8926325714804,23.5265483026257,45.7900746166398,29.0278544346193,110.611172961355,6.08990058330011,25.0531339857184,16.0953118314055,0.104341163852156,25.5127407168401,4.72634350398308,7.32215521681777,4.45811560076437,2.67204717263029,0.0540351083087635,3.34748706077105,31.3783379094073,0.0945755683340849,0.0462672057761261
0,50.273090118985,24.1647215365228,45.6111377793515,28.5533121923881,94.7494714679095,5.25683336802145,27.6504076739848,16.0395733317472,0.106041353225411,24.6263646873351,4.12972349454118,7.192306155986,4.53114577361375,2.51087633834114,0.0498902489897095,3.90461609172512,30.7258933624108,0.0701769771735529,0.0540452565446915
0,45.947101101906,24.8840400235891,49.9859546892508,30.895407391629,106.417968531972,5.64388460106555,23.9958596131158,16.5828449590905,0.0797584902695834,23.3659277636728,4.17650863794254,6.52496289072431,5.01515848989202,2.58002350290029,0.0523963256703535,3.36475389479811,30.5195376176649,0.0740599900467912,0.0599741694814758
0,51.6535488362108,27.5491778923428,49.1820327690446,34.2957823784224,110.909386107166,6.22644400586628,24.6817488253671,16.8535864360901,0.0887779470386942,23.5714362833513,4.14972237166753,6.7469476458944,4.33448717502804,2.697089797263,0.0600405273739379,3.45358794320339,33.1738441919072,0.0593494653739808,0.0800263775749707
0,54.9224772376469,24.3307695485949,50.0118543381511,30.2193423523772,105.916273197768,5.80722196646926,25.9622641183777,15.3103539262708,0.0806393296574422,24.1242541775509,4.22751381138549,6.75430167819872,4.18036342126377,2.40851318115788,0.0416358378151122,3.61946527764482,30.0110245176134,0.0579720762036508,0.0536910696279658
0,46.8987939094113,25.7520293282184,44.8230446676738,34.5248652632403,112.247828648275,6.19192878431448,23.6235774244216,14.88733012112,0.1017470797434,22.2684865025224,4.80408364114035,7.05777544044972,4.68290267021875,2.49047534862624,0.05510798800754,3.96978444869425,31.1901569846961,0.0642901499195246,0.0895975735096259
0,48.9318106766048,23.4722406789792,48.926180731764,31.8895048964554,116.101086461985,5.25636922511314,25.2437154587224,17.1866716052776,0.0833442521964605,22.0037346514434,4.56537761352944,6.52032731486574,5.10415319273336,2.78805944226605,0.0606901129631355,3.99837540279492,36.0140806363024,0.0594417582367955,0.0589099195138208
0,53.9970581575794,26.6131292750121,51.1017721572681,30.1314316745088,104.184594119582,5.45515688190503,27.8428158576633,17.1061562825474,0.0913829963839654,21.8281823902693,4.80151053070359,6.74878047962338,4.97991091208216,2.68376819809439,0.0599307921418656,3.47388926351634,35.8383894313545,0.06504483222547,0.0550172483786988
0,53.4019187510323,24.4899584517805,49.158692618492,33.8100440646791,103.994911227191,5.46183777330582,25.8764529634729,16.590411035521,0.120783149994078,21.9175217965453,4.80058388807698,7.06118244804708,4.46683784253855,2.29666414497858,0.0551422433575421,3.61117438477328,33.8014500319164,0.0811391819830581,0.0933579991524609
0,49.1521944078169,27.0976401134568,50.8462673701692,33.2455075757979,101.618723960911,5.62664400606471,24.6021725527118,16.9593107166868,0.0844717836349451,23.7981622494584,4.28387743973325,7.0426486987267,4.36533158497078,2.46035558445482,0.0643911060118647,3.37885895385794,32.8373727130366,0.0749307287743742,0.062100039600654
0,45.9075485273835,25.0799343133802,47.8449871716421,30.7949869596761,103.552185496306,5.24989405528737,24.9707215139636,16.8879677204668,0.0869318845323748,23.4277115102905,4.46116229091169,7.40468636431466,4.90131410908438,2.6116029677126,0.0447801755846338,3.82088312665367,33.7789227970444,0.0655622053927955,0.0670509583024754
0,46.0391759047698,27.3049655717484,44.7051089822201,33.6054383500331,99.2331338544891,5.75035513039421,27.4959012067463,16.2165462533682,0.0937279371929937,25.700792002299,4.36385802887891,6.40617100327004,4.30827501690234,2.70136221199456,0.0446547288784407,3.64184588114066,35.7505360131732,0.0871048219962638,0.0552261698488317
0,45.2489701523919,26.4263219324083,46.9952859455526,28.8207573347835,100.71959551068,5.94324502662958,25.544108300142,16.3399395346522,0.0826840414406131,22.8436708933662,4.31103949848658,6.33714119618051,4.9748207769462,2.22759344311733,0.0687896390319164,3.39187889593107,32.0726955157615,0.061334294682313,0.0758577523894245
0,51.5846680540608,27.1531335817698,46.99761377319,29.6847202896802,101.487783971856,5.60250902811063,23.9199971096121,16.3208455882535,0.077814913960591,21.3250149310278,4.00413212494637,6.39963365034037,4.20029861095743,2.19779457115385,0.0480812199183279,3.66218352332559,29.1253670334674,0.0665026777783587,0.0651898566047631
0,54.430341339386,26.7823553382769,48.865995069,30.0263952569396,99.3467979332107,5.4814634140775,24.3459880273185,16.8274027228851,0.117577585120769,23.1202636394061,4.59519999472553,6.75198082914248,4.78700417761135,2.47550997634879,0.0650731306938736,3.69110871111562,32.8299606915945,0.0653199800207828,0.0639259761451686
0,51.6286578023527,25.204409234832,45.3412159828025,29.9431316033854,115.652308094807,6.23053229266674,28.3962887888123,14.9930305649588,0.0705773403041127,23.5304849962364,4.11086977521646,6.65574168635226,4.38880216839342,2.31885173528301,0.045573534018952,3.4046016564103,30.3275444592549,0.0832984035983774,0.0584901249956931
0,47.9949777852318,25.9898228117474,42.456535304588,34.3823664056878,106.557429524226,6.13622750603919,28.296846910894,17.7091965842786,0.0879598439664039,23.0531104413531,4.59278328977779,6.81178352850324,5.00610973729449,2.55941730450212,0.0448203624915561,3.70971482863072,32.5639974982254,0.0616497867575322,0.0741513018228425
0,50.777292126789,25.5151912729242,44.6316425678818,30.4988226274982,94.2659772183155,5.56572070776458,25.2591316980191,14.3373976390965,0.0907367878745184,23.4982545109312,3.96136748919614,6.64414371721553,4.82080117522067,2.46250609614554,0.0426107350881895,3.19127402269113,28.6977579970796,0.072512814196592,0.0870999283304781
0,47.9200525078795,24.1014740490387,45.9256842974798,29.9499197492628,110.37331589155,6.0808284561542,27.7436796358589,17.1450572215328,0.112645289492291,24.9949590718065,4.72920863885198,6.773116979524,4.65221385960692,2.29834116644593,0.0560890380270109,3.4959705786823,30.9217025078968,0.0702058913512523,0.0644494013583052
0,52.3244591924656,23.5029202332956,45.7530319974131,30.8615201475349,111.474320426794,5.34617651729192,24.6708589974093,16.266133206933,0.0896933730523794,22.0623927223678,4.32768135512501,6.641522734434,5.07612679635693,2.84154386846563,0.0429619723502513,3.90230173369844,32.7724615634661,0.07812079596497,0.0556941858565863
0,49.0120151563162,22.9417980026943,47.3054599057125,28.4746291968734,111.638219290214,5.82351613962604,26.9378854274437,15.2629195663716,0.068381045043425,22.3634878405489,4.22309581732768,7.20537712502155,4.7422269623353,2.24499561384643,0.0483869366534477,3.67956146079537,30.2299410128257,0.0574979255396476,0.0549778797319209
0,52.859549401666,24.7118113324115,44.148401328237,31.2098455034658,113.556878194832,6.19851920028507,28.2633367756109,16.3315718182007,0.0972529032147973,22.0668126033392,4.67453798621661,6.52528274047326,4.78594922933922,2.73454389970047,0.0693007564486756,3.36317833605419,34.4561028426763,0.0821983394618159,0.070077382342952
0,51.2176620756991,22.8319799271802,42.4103249541275,30.2137209587862,105.753366598887,5.13790952840241,27.6646672821272,15.0183206024038,0.0860938881292606,25.5364139875351,4.36441033145498,7.07301209450934,4.60757147599878,2.47561623653765,0.0543645734699438,3.88852356245346,32.2477350051465,0.065794757745905,0.0745760092878809
0,45.6698063108551,23.5411915685749,47.0152437010072,32.1743442698824,112.797789139686,5.45665514918453,28.664450291258,17.2691632222063,0.092539511208208,26.3489654334632,4.22068506161959,7.41943502431867,5.08261167478055,2.56628359948952,0.0463508950966923,3.36116472199687,34.3192892492865,0.0651128300156569,0.0855177466098365
0,51.3114577492436,25.8452298587719,45.865141608482,31.3450793443775,108.189784582355,6.2243235929132,23.904093274886,16.8308451083743,0.10170576873477,25.5490785235983,4.57536248102683,7.00673382096254,4.91138231537951,2.36781404600571,0.066527596920023,3.32393626855513,31.5285423489642,0.0777174767255269,0.0791747024199345
0,46.2192574511639,26.1771893353646,47.9389322132603,30.9910930046526,107.07085706358,6.34075250356155,27.8606936097792,16.1270132696327,0.116415083743606,24.0057294229545,4.45132637172326,6.94332670362775,4.32897056652359,2.62404070999491,0.0455229449410693,3.86920146259078,33.9196626564624,0.0569574692184627,0.0908206312904354
0,52.9870451436935,27.6382511432074,42.8155700531467,31.4447256316331,108.35343353772,5.54125538799504,28.6241256935914,16.7313694018513,0.105037998315903,24.697114950844,4.54139702520888,7.54713128637159,4.89437961992593,2.46964031138427,0.0619360344164838,3.71406004731166,31.8494193164586,0.075075913884464,0.0699310106440341
0,48.1292125010807,28.3992162970791,49.3310889204226,30.6765539634049,109.287217917188,5.58145902944608,26.2819365714035,15.9998406286936,0.0745590515039683,26.429986495721,4.61686918766265,7.26610238711543,4.80720613375235,2.79314702084762,0.0481667183130625,3.30001271027452,35.6800196182784,0.0656130368655664,0.0675907248323301
0,55.604355056438,23.9390521718872,46.1693464541518,30.8871952407998,101.110143431108,5.67784174041139,25.9611083503865,17.5434979887978,0.0847332274441418,21.9268681006322,4.36228893205774,7.70281737081022,4.94946946450288,2.50199246071831,0.0523186190405216,3.45880815167717,31.3375211920071,0.0669815953624396,0.0734208285087922
0,51.7458626854567,23.3775902450609,46.1237359827479,30.5388595976598,110.922510969407,5.32674249023482,25.9327094421632,15.1376239470908,0.0832605076272948,21.6376708459483,4.00442190833689,6.8502727314911,4.68647748218333,2.23397564602629,0.0419020955963511,3.6945963248712,30.3598482695306,0.0648872644891141,0.0791119458296945
0,48.819911105996,26.9588433850389,49.2793627360476,28.0660661603259,100.956373770823,6.15389309957114,26.3624587276963,15.0760159636882,0.103972634357908,24.6480037004769,4.30517232910763,7.38323093072873,5.03563637493672,2.63651572611638,0.0635112680831699,3.22489533534521,33.6926875701499,0.0923500948554214,0.0872365551180717
0,48.4053984265592,25.7822813923389,47.7519124068847,29.2648292475888,96.7581856666872,5.79314155262106,24.4339527220545,14.9605262290435,0.0994640803651052,25.853893801139,4.17188125218752,7.3740377730735,4.83063724296005,2.78713980778428,0.0592811788965966,3.55326620658805,35.863321981412,0.0766804625231481,0.0581337177496427
0,45.2701055218745,22.9812476901963,45.3307898169184,33.7496943433593,95.8039335785659,5.39259361012983,24.0198969330886,16.4895839807836,0.10005757334075,22.0896887518165,4.06516443593229,6.35389562646344,4.90246911528402,2.4038663431526,0.058732455466652,3.30893095034324,29.0813784559928,0.0594208204156226,0.0583459791937031
0,49.7242647601381,26.6579052809248,45.8035501718134,29.1394134778734,116.861315364308,6.08283329122536,26.8561517773265,16.6373365264556,0.114328508607337,21.8682177937332,4.58268092693821,7.08584876054657,4.77451592275495,2.71817762177453,0.0656217492784743,3.57713196544379,32.4988184834307,0.0847441506798974,0.0698260578803344
0,53.4052352481393,24.748675374084,50.3012141602104,32.8175520535434,110.762394233861,5.16460526796178,23.1762726053214,15.8228612015579,0.0847542607866714,23.8035561364163,4.24645639372806,6.30123252625759,4.28815601424674,2.51721046758513,0.0412531423487898,3.29484829416814,31.6530531298492,0.0572899168587373,0.0645898207994944
0,55.0925970114673,25.4204718232289,41.8557119769988,31.3181120365186,106.156616499971,5.31763687343496,25.7748816636879,14.6229933728891,0.0804087321783222,24.5377660057162,4.47280923336431,6.6502014386511,4.61260854347529,2.49627989028769,0.0647209439463447,4.02875058005456,32.0533352990189,0.06724163162055,0.0590929725070295
0,46.6794670162226,24.2939229495988,49.8448750548496,28.9800108918279,101.975930044836,5.44618086328793,25.7715399621037,16.4877115387643,0.0967078007117545,24.6634984695782,4.7178156566674,7.0570937727195,4.80161947830185,2.2462222825166,0.0455283582903642,3.62506294177916,29.5684564485374,0.0784013528186795,0.0524461788102329
0,53.921647442047,26.1900013631703,48.7453505870404,33.9007439615161,105.461786684104,5.26649141017712,23.5070283166185,15.500775435356,0.113815035534151,22.2251584041829,4.44224750273242,7.68204179940972,4.68126837413149,2.47643776899018,0.0503677612869971,4.04740759904541,32.3099973699387,0.0799233977180217,0.0939179808356336
0,46.3179731061361,25.0250692486614,46.500348052288,30.0227026907794,96.4285328151851,5.45424975348665,28.0327785238653,15.5402062280301,0.0911912961030604,23.8521174512108,4.47430618603704,7.61797018733615,4.82721338147668,2.62480773830001,0.056174787867636,3.85523880847921,32.7520404999387,0.0690258992492854,0.0669572504321898
0,52.4630564756383,28.3657873466465,43.0282965398931,34.1499544818989,106.026760837764,5.33392753798988,28.1567765104685,15.6720956068471,0.0865126895005281,22.5128620935133,4.50054384020151,7.02733079146939,4.73957142619978,2.77885426714585,0.0436758963530419,3.449892569983,32.1351638048565,0.0822167767991651,0.0863263431645462
0,48.1546132084475,25.5078844370525,45.3788471096752,29.5475315050279,100.161788468482,6.09350779838509,24.0763226189807,15.1664871153221,0.0960548621032408,22.6603023175135,4.63874082079659,6.71033471762622,4.34156484569044,2.63263118020157,0.0555091604714756,3.57359677856141,29.9573707357537,0.0664846837090067,0.090157213740704
0,51.2376189225958,25.711983999776,48.2892551332643,33.8177058623834,100.218217705413,5.57806909578084,23.4622982167684,16.3818901315363,0.0912556575558279,22.7157337132921,4.52272593307413,6.41178708973973,4.91588672001028,2.44671454815245,0.0576788476877826,3.40895412597044,34.9087130705033,0.0784475960484401,0.0674845341990425
0,50.6347472003276,24.6548113862917,46.5652134342335,31.1000743054536,104.753648380846,5.28504686608024,28.1002101217767,16.1784311107852,0.105742549362681,25.0199052762612,4.06686414929351,6.97575537492821,4.73335007376865,2.42276574436573,0.0611989544847297,3.57957155011929,33.6010078934817,0.0720837771109199,0.0793166736460895
0,48.836958183412,28.4489976719678,43.2067365810432,30.2059854230031,114.057769666401,5.25210243980732,27.6188347013905,15.1013313327269,0.0780848647325221,25.5828482396179,4.15679904797565,7.44744930158054,4.93974537732108,2.63060774065082,0.0707585608848147,3.47981277004736,35.139262793536,0.0866145664671192,0.0958827295241608
0,51.6369283495901,26.8937094074309,44.4708181227232,28.8252017049864,103.587026710797,6.17610986856574,24.2549518755965,17.6253756708755,0.0767900741327156,22.4728717122419,4.6095755548952,7.46251956838787,4.71274586952922,2.57225384073033,0.061273996089118,3.58506039479295,29.9887009180569,0.0742651597932469,0.0683040314201603
0,50.4296066963858,22.9178058008694,47.8193632672108,33.2602425733188,102.073520108366,6.16860176531636,24.6330840299587,15.0930650590836,0.0761458380089713,25.4317940867103,4.15517544705679,6.43590727510593,4.12481205282657,2.26658600819681,0.0523147326563479,3.3365877801656,30.6195111393704,0.0629144097626391,0.0763207470957599
0,44.4141257741654,22.6837649697236,44.7593367269283,28.9733572831294,93.1697084686109,6.07212907044744,27.3562099548513,15.1827195582818,0.0812368195344502,24.7414612991567,4.04558803722299,7.00070411695887,4.65787692302122,2.31986437216395,0.0612456399878872,3.31815409550287,33.9794676922942,0.0591931552795209,0.0561486445573968
0,49.6163110411924,26.0673452981317,45.1054567748834,31.4560873418106,107.994619664401,5.87109304698983,27.9509148530173,16.9076776184428,0.0837149545952741,23.3109983005574,4.34892678579588,7.4450028136237,4.93442774537376,2.33937509403309,0.0503452852390144,3.45249298415043,31.1349000545549,0.0891199960254812,0.0655192732943476
0,48.9944599897321,26.1880932335728,44.1780443077148,32.4114869571701,98.5186091140364,5.82749615550176,25.0459226592022,14.7019834505386,0.111904859175082,23.8744406453743,4.7035274029065,6.93611709613084,4.29531895329548,2.60121760235579,0.0551942285568903,3.64817083145324,28.9499469397525,0.0879173722832404,0.0748527405551468
0,55.7473903430584,28.2658610698486,44.4331882010251,32.4334555689941,116.607934823736,5.30904311171449,24.7346775488985,16.8363894850485,0.125705359954405,24.4962394499362,4.51567232050628,6.63841958530443,4.64606285071881,2.86188440151553,0.0618982743258489,3.42447773452602,33.4841208145115,0.0909140112354654,0.0598465316914004
0,51.8354641621906,25.630260332264,45.5505176244824,32.6919196687087,102.940541220266,5.99554785437483,26.0732490335341,15.2244123460829,0.0896712743005599,24.7145864946975,4.27723228249055,7.38922931632804,4.46026672110916,2.74531584082258,0.0547015522922139,3.89700873702873,34.2572246555522,0.0862722662421597,0.0581540592343694
0,51.5746944735801,23.0566502167241,46.6549324736795,32.5730257098446,100.670498101221,5.37967095144528,23.3441225182194,15.7725476634878,0.100853680631646,23.4728649216068,4.67188976006693,6.54557781746839,4.68603322003916,2.32449680563485,0.0503182393005943,3.59390790683254,29.4953234618525,0.0805842991443494,0.0534667067929632
0,46.9532435797091,24.3226025453081,41.8034382065473,32.7163328866673,104.747745054986,5.62340959252037,24.4559472866332,14.2013027230455,0.0719451966343349,23.6265322359858,4.37246523458198,6.60619647924337,4.94599550077271,2.34321883097362,0.0595423952486234,3.66562174393992,33.815813339061,0.0600884219113701,0.0624190494815732
0,48.9458703199233,23.4296484674868,41.9249144917281,30.0334240811468,100.925207127857,5.9836835831171,27.4219409744131,14.6776726390367,0.104526026438585,21.5983238650026,4.4196155138031,7.11423622279512,4.4203642235365,2.44581930231694,0.0676293727135397,3.28665037139847,32.0623228927778,0.0721743021621338,0.0776685888105257
0,47.6569872048219,24.5206637546601,45.27249497199,28.2185051320363,112.115359224576,5.36786896856408,25.5306598348652,17.3223937025858,0.097463339635695,25.484185905145,4.19054324078657,7.41782977195337,4.16940316654033,2.66219985185555,0.0544802528450994,3.85781811722011,31.6998060207089,0.0946261216041969,0.0808749360702091
0,48.9406575190387,22.7162255840745,48.1533949124281,32.1767274576805,99.548332443539,5.71456528534402,26.0808357957219,16.1293741545111,0.0670536015703335,23.2455248600749,4.52448174619799,7.13114259031535,4.55593028904139,2.30025361515741,0.0631190065709894,3.34382435138559,33.6401618948778,0.0819618706250889,0.066650456980404
0,54.2662112677678,27.9962051386159,48.9800829786446,27.961551990908,110.576452510002,5.29649367880512,26.1111194347374,14.529553069586,0.0967460872623309,22.0913110826821,4.29255022583786,7.52308732324498,4.45388892160952,2.29650196303894,0.0473418202251771,3.59147752171619,34.7115224080954,0.0879861913529264,0.0848101159359103
0,48.7478003172462,24.3346261158003,48.9314937679292,33.4769086754521,111.596687288431,5.40440506223059,27.1067397697239,14.6963758008619,0.101678689593607,24.6381925304289,4.467742866315,7.26198114476754,4.39418201289327,2.58929515163324,0.044376534866433,3.41631586635311,29.9148464107849,0.0887541516571702,0.0643655510473103
0,52.0121303332213,24.4957790412014,43.1124174050542,33.3432785814353,97.2714916472601,5.7598414913461,23.5940972436527,16.2715063519482,0.0791299136458881,22.3855924606568,4.5781665068699,7.58476856584686,4.5672230703621,2.44201441386832,0.0473209552618491,3.39982787546402,30.6407254190397,0.0784807618243475,0.078879375214999
0,54.2295956059548,24.5055472407893,42.4059855468933,30.2741306171068,114.411157492472,5.2865071470323,23.6690114653072,14.6661612231353,0.102190747892362,23.0887876671632,3.87289813969482,7.07756129099015,4.19333333798603,2.23428743568311,0.0371633448650801,3.47896828372419,30.1269164668536,0.0811884779860651,0.0553224773759918
0,52.4322185558,23.0992069908699,42.7287747136575,30.0506302570566,109.431417254053,5.31238094631287,26.8991895487307,14.8751155596308,0.106655617138943,21.8951847611959,4.3090421684739,7.23313133590795,4.6111653688075,2.75628180914078,0.0421211713285427,3.248435901819,32.7791661991756,0.0566632300873598,0.0691765615215895
0,47.4740293136709,27.5380692627796,44.6434569922656,32.9026668801881,109.339149567742,5.7206176056179,27.3359339300104,14.2088388937048,0.0806151854977149,23.200173029215,4.62586061570258,7.01716077466263,4.42407364469075,2.49476068368096,0.0519984287773866,3.1585917980618,33.169408206413,0.0703049509971561,0.0697691846867406
0,48.7875467657178,23.6719939618587,45.3773951670173,31.0152577922751,115.597426240122,5.60240548782707,25.7134611049607,16.3269268889869,0.0806619771414276,25.9021479938814,4.45054596123815,7.62726592069462,4.49561338191298,2.74440809194392,0.0627748566408416,3.8071422494351,31.4349863840167,0.084389361281785,0.0900760125583904
0,53.6883710318459,23.8637555384329,48.3971451855965,28.5063499483489,101.783230371249,5.94950506414525,27.9599876820596,16.0233700861427,0.0878748022308834,23.9750703635876,4.42225627783181,6.39696139465958,4.46058176977648,2.31382612022992,0.0556853839344633,3.7159168590383,29.1818455071023,0.0542342240131493,0.056412986780281
0,47.9632958909492,26.8434524489802,48.6037502417296,34.2356635217184,108.197676886308,5.9370138050597,25.345736559432,15.7675395986315,0.0969466423004889,22.1118260260607,4.22803807817994,6.8245246717537,4.54275570775536,2.4396185339488,0.0508568866306878,3.99611187247513,32.3812381529873,0.0712276016340266,0.0775054563221081
0,45.9539124958063,23.6479192464661,46.9988512604856,33.0147920790641,107.581752358367,5.24535664830886,25.0906023488808,16.5659590716669,0.113523406567471,23.1305043778841,4.32050446411268,6.51567611073411,4.70767719757806,2.33079479904188,0.0429270120539947,3.46230488096679,34.4311492006718,0.0749185387172758,0.0572558658562743
0,50.7222994114753,23.4845652927558,50.1027159273038,28.3631269529378,111.026887921335,6.05260971875269,27.8056616457233,14.7979067866877,0.0858743190670947,24.9978663116374,4.24627440121788,6.28331498300866,4.54040642470789,2.33960507605239,0.0659785919088784,3.85665303439615,29.7843367726317,0.0633331451983636,0.0502739540446496
