Plant_1,Plant_2,Plant_3,Plant_4,Plant_5,Plant_6,Plant_7,Plant_8,Plant_9,Plant_10,Plant_11,Plant_12,Plant_13,Plant_14,Plant_15,Plant_16,Plant_17,Plant_18,Plant_19,Plant_20
0,61.376908416878,29.8039621807544,50.5934814008064,38.1740682601983,117.99735653001,7.18715436452091,28.0637475472335,20.343533971382,0.099472972200652,26.6965150713049,5.49345318828785,8.74028003264063,5.29484291347057,2.88772000847209,0.0609884676545434,4.6945033359938,35.9058989011839,0.0830619350312462,0.0974101706061798
0,59.1540395758805,28.8728841843996,49.6397460687094,33.0016112072487,117.370486309694,6.36733429322091,32.0639793350609,17.5131293990298,0.0951230708620167,29.2399993965741,5.4373218369364,7.7286681123614,5.25866724344986,3.06462620478882,0.0584333888410349,4.4158531391944,36.3946149046349,0.0742259370962882,0.0782184576311811
0,63.1580213170773,32.6911639296719,58.0145351545095,38.4056263609677,121.468844993945,6.74160172520821,32.5780407603635,20.1032772665908,0.129054794199851,27.8091130095419,5.52289357124013,8.33120363368168,5.89838190917812,2.71584848743317,0.0718281960507042,4.43687526918528,37.7959412973663,0.100088559060766,0.0655986752646498
0,56.628218139681,27.1360778834985,54.3198713771945,34.3150503686385,134.460114008566,6.35575753788832,30.7958786641734,17.8327173189042,0.10847990861042,29.1599315190152,4.62321897338157,8.85353204519105,5.48243148675517,3.15782821640281,0.0746082493923526,4.26049656407614,35.2831712217059,0.0946073932538299,0.106382975472427
0,56.8203283522191,30.621328959763,54.2517247002826,40.1669107243534,125.410738467728,6.47904880276573,32.0173851246403,19.996489346455,0.0842059832298322,28.7507156123078,4.98760008866422,8.40917922772621,5.55183698992513,2.92121943036069,0.0561374056761419,4.20546700908094,38.3159636989096,0.0663673781141304,0.0898087384220538
0,58.280295072138,33.0665230278344,53.5002850698559,38.988784434359,128.652966575541,6.65469420166835,32.664058790701,18.1224025745736,0.106284279384955,30.3266209060265,5.61332437654263,8.41521310236084,5.9614223537862,3.141509937095,0.0680947159538473,4.03325674442504,37.2983565773498,0.0685014497016326,0.0804479373982728
0,58.7933815831433,29.1558532966679,58.5423443870506,39.1536461234389,128.148768296748,6.17476871984755,29.9730319415532,19.3514940160929,0.123502119937945,29.0332433050544,5.48628034490546,8.94570650824116,5.38248608246053,2.69715000773704,0.0542651802094256,4.5441441530797,35.1152515329469,0.100992606643911,0.0955393818482289
0,56.9537751582279,28.5494162182133,58.3418237288157,37.0875939711959,122.003090850728,6.37771426036215,29.29973788959,19.8311634388235,0.112635224590332,30.48322726473,4.90919646428626,8.10647351873943,5.41206110856521,2.92537158013436,0.0656110612945603,4.5919379691655,36.5426813426657,0.0839555001597992,0.0697235835100596
0,64.2397112053131,27.8287770951443,55.2557397933417,39.8155305307941,124.449161367915,6.3066558857055,27.6750757368412,17.4921516022722,0.131854743643597,29.4701089027281,5.10232526166025,7.46593759725886,5.17452076098448,3.24584570220147,0.0766521619293762,4.5036243570781,39.162809804119,0.0672478809008867,0.0676088865462581
0,54.1553143107442,31.3725212840135,49.6033382666564,36.0253704934593,114.950861513369,6.08313558586033,30.6423077586587,19.0588257535079,0.114640792256193,29.078636311453,5.02499220083947,7.7347508571451,5.2617137599488,3.28581104723686,0.0661419333337093,4.68372910746131,40.3288330364523,0.0943373760960463,0.0650375596756773
0,63.460241895655,28.8536192463783,55.7635244606148,36.0179327706705,129.781563194507,6.73803892470414,28.870651113436,17.4974229182672,0.0980635768959855,28.6138938875193,5.01731973562967,8.53242353876056,5.45469742099948,3.00207345720304,0.0745808187672398,4.38302961544648,39.1170201743469,0.0638198507962159,0.0786964938189788
0,63.2253231385525,29.9993744731256,50.3165850637391,36.3680620276965,131.532282249443,6.43686248466872,31.4863912009863,19.1663983368172,0.102018123669507,25.817110855111,5.31619586297549,8.3582149427432,5.91464897291651,2.69034692705843,0.0595840963494399,4.19656514097049,36.3619844151182,0.108516044866726,0.0721486693930591
0,55.3634269006223,30.6404368827098,53.3891199415664,37.4297712172895,126.995374626097,6.78471381906484,29.1560345120083,17.0545870063235,0.12141407524779,30.4170940120397,5.19270637602631,7.73928548090293,5.60873198468365,2.67913132732171,0.0610072201361282,4.18600863370259,34.8110246516399,0.0736217794670156,0.0892358179311237
0,52.7898065238011,31.1472177474395,56.0910455653633,35.0200100052069,132.414821879771,6.80341973769838,28.0360197987969,19.9409449976258,0.0825226397094842,26.7055690438274,4.90908360942336,8.11847440351785,5.43852247724898,2.82949976214947,0.0574953742214474,4.27320916754389,40.2418557671317,0.0720400346670555,0.114540282512645
0,57.0011789991984,31.4172947413326,49.4673432884913,38.7697943252066,129.26907682145,6.04966673299847,30.0852418700035,19.8489666211266,0.137694241786991,28.423490768381,5.67794221643574,7.98391018392388,4.86786516799297,2.90992859038298,0.0543042681622692,4.65810478465679,38.1052537392998,0.0950333597064502,0.0715980943011358
0,55.4641374822314,30.4633980428731,53.2473504811785,39.6155076138331,114.747365875545,6.57214565001046,32.7998104995804,19.0954654525614,0.113883641226502,28.5321628784377,5.04054470357265,7.50961840554101,5.71409309317081,3.13821622424879,0.0630537495106763,3.94711142072782,38.4268972334854,0.0824485013085949,0.0710862770590832
0,56.574731289697,29.4379882844079,50.5700070635799,34.4004718373925,124.365038637921,6.04879325547394,28.2666697548393,19.6560671955127,0.0984532707445036,27.5254470417329,5.44466969750159,8.70606395453565,5.05074438450763,2.84615054844191,0.0545172550355757,4.4552198618375,37.3888870307004,0.0657938646908423,0.0749610911016831
0,55.2950749828128,32.1949678750582,52.645781436129,34.5042350401695,116.539866816866,6.74780307182344,32.8261785198857,17.9340937060233,0.119855979629445,30.6570130064713,5.66050584016928,7.70626870450696,5.07398767637368,3.05700403611991,0.0601246126017666,4.57742047394249,37.1700708528547,0.0795456355684881,0.0842452982722596
0,58.9365065334282,29.1350076961576,48.6097346255392,37.7057855580195,116.789709095046,7.0771135489394,27.8114024976904,19.276826874259,0.109153737071456,28.7641992267005,5.20498210281748,8.73011283875853,5.84875664203485,2.85370229289405,0.0528098576158581,4.25296699719011,34.7574295632632,0.0955427646472392,0.0704022309671899
0,55.5406050440073,30.1737530977303,58.237651502478,38.9201575030803,120.056200688766,7.05032774303878,30.4787475209834,19.0195424459983,0.086940638717602,29.4781007604309,5.63104746545672,7.95444653076605,5.49551601849552,2.75442845705874,0.052099920937959,4.38295535849199,35.3956058542522,0.0654532485535044,0.0952742015302435
0,58.2158268863577,32.1262115568521,55.899081556153,36.1686221142878,127.67821330428,6.6148784447601,30.5692836359018,19.5023854899344,0.115950273648044,30.4859410350996,5.58176611616108,8.71716520532436,5.02101917402877,3.22368426426079,0.0587819092503484,3.81831437839736,34.0804402910399,0.104128664123455,0.0803629143270139
0,55.1471945401926,32.6876435122474,50.153742650381,37.9568524346394,113.811007493297,7.31789296209219,32.5144962998039,18.5953333500755,0.0872418292701943,29.1026544494332,5.27377955165191,8.56617154324366,5.03683287863416,3.28271221241654,0.060072183343823,4.66565815946188,35.8042780357284,0.0613307410959282,0.10887779867133
0,57.5679611998012,29.467405698953,57.7442868563463,35.0641053590784,134.472711804745,7.01274180475093,31.7576340438661,17.7273161960329,0.109646951212207,27.9270692639658,5.27255925543095,7.86337535802166,5.87324754283253,2.69491285316967,0.0613701804563559,3.97383673582345,40.8501305615245,0.0961222308122443,0.067673357483318
0,57.9735425151723,30.6453505271166,56.541111709203,34.6493918657009,116.132223869751,6.87038687318708,31.5037628893231,17.3168736578687,0.0826833191612954,30.3481963412624,5.08959134101814,7.93393124428814,5.46738695114764,2.73261224400455,0.0482620523340259,3.89066477053065,35.2451480575824,0.0878841523146291,0.0772104416944863
0,60.1417852400375,30.4337793479374,56.2154890025779,33.6545082788146,117.703796841919,6.05998795642264,29.39187677293,19.2932343038546,0.125746188609213,30.3034301028631,5.05746053756392,9.03165443212488,5.69549004138062,3.25400124920837,0.0594832346054882,4.58666747381199,37.763270029233,0.0818280513385122,0.0873854611787714
0,64.230741346968,32.2018623943002,50.0619054602367,35.5855936252009,112.745252031004,6.02643187923405,27.5880442268893,20.1250123915325,0.125570727203608,29.0681085910149,4.73410165296904,8.99118383035759,5.4335345516153,2.9933877506701,0.0533661549325457,4.48118880126086,36.8587289601006,0.0725571186292606,0.0673773114097269
0,57.0923633169521,31.7543424085182,58.956377842855,33.0064873079488,134.779076649929,6.08351707350869,28.6752498451352,17.7004164553369,0.0913761928991657,25.8946515744264,5.53280467918134,7.45832815507949,5.70385396252964,3.09748024606692,0.051856053184765,4.66517356510545,39.2070280816481,0.0840511181945169,0.0994791516547292
0,57.7548459770391,31.8822114576189,49.0078650230886,34.9983197603068,111.718356067464,6.33832067218609,29.4992007626645,18.0308039217732,0.134953179448055,27.7961707834871,4.95362640055025,8.64159282863411,5.04582928080369,2.68221509338835,0.0669107888743457,4.60980387545483,40.954829233493,0.0954603121380196,0.0872782920608697
0,54.036784870383,31.4032192321312,56.6324698865328,39.3233633965324,117.256907956008,6.25616313006921,29.9084011529284,18.0999332856307,0.0783188519210174,26.7285171289774,5.51540982653335,7.99095271414299,5.20046024403331,2.89664266789509,0.0613054321891401,4.64339241855226,35.9473770103171,0.0929708597944318,0.0872320333862244
0,60.1870679510361,28.8741013226225,50.9277689921129,35.3511549289099,134.385862240039,6.60040451318365,31.6534695348205,17.1680594063408,0.101834746341738,27.6450530175868,4.95101650460208,8.60299841180572,5.86364361881496,3.28630389829642,0.0558386548896503,4.47950725413151,35.3753292106434,0.0834163304612324,0.0919067570010077
0,63.4270345278863,28.4473533913495,55.20273768367,38.5685347312558,120.393866595161,6.08474932988948,27.7583453353581,18.1117701069468,0.100435076186414,28.413648739737,4.62509823415313,8.35328904214356,5.28323055210102,2.81124675318386,0.0614608241144213,4.48965161606682,39.5653535640871,0.0709904542543444,0.0745156071984562
0,53.275217426793,30.1900984019231,56.245104861962,38.8276890387358,118.930210796526,6.92399466002379,30.1639798566239,17.9081175478033,0.0862318676146733,28.0627508905408,5.11992583613187,7.63235841465434,5.15429637696777,2.7956009660265,0.0671041746184399,4.42393802646136,40.2576487406241,0.0898401332356484,0.0860800966089567
0,55.8976223005083,28.5410206079178,57.3215327145096,34.0389310134413,130.35955149373,6.14847327198942,30.9584195026958,17.0303682185297,0.0869468192541612,28.1632982926864,5.0782937256358,8.39403951212408,5.58910562718679,2.9924440867645,0.058337094459566,4.05613576274229,35.8641485155536,0.0892602115220101,0.0713685690098729
0,62.6533906212259,29.4940868734314,54.1877348108739,36.0269054862098,131.989148733563,6.78214737790886,31.870232712169,19.7871402334093,0.101893752873283,25.5415245394634,5.57716254056571,8.27162333709729,5.0968041227646,3.10476855668427,0.0807819181339564,4.61348101510606,41.4449324520006,0.0824497950467819,0.0979403675506613
0,58.1604424481825,27.2681686566846,57.9307843306442,35.0813815892099,123.723906253894,6.85870518342873,31.6110756275334,17.1049073442761,0.108414349825981,29.487658404331,4.89533967563865,8.48852421582234,5.46091890041989,3.25971987936135,0.0605673022353005,3.8724122175654,39.2848871150069,0.0921900792447756,0.106061636009098
0,56.8662191876557,31.6374844589426,56.7801929365865,36.690600667883,114.753510206217,6.90414649889928,30.8407774859696,18.2476521657472,0.115192974331406,29.354163993066,5.36830150840548,8.22625374657361,4.81249760225874,2.72768658579012,0.0860561022931062,3.90802478363217,41.0136808543408,0.0754611822144497,0.0882128471374507
0,63.7386343163326,30.8990822826473,48.9947872078239,34.133050586809,128.020833696865,6.10912644653696,30.7034824018387,18.0439236384319,0.110847298251069,25.6944132460577,4.67118046579024,8.60609842234547,5.28076202867294,2.9002739915134,0.0598356087840197,3.9415596087023,39.0478769001801,0.0731743234050667,0.109606110556119
0,60.3387019666854,29.5414531250322,57.5946767424256,34.7600184098048,133.718265322744,6.90818188997175,29.1510467018323,17.8303906108669,0.110021264590644,25.2779484050695,5.33729714003068,8.51032965639776,5.72708833731417,3.1060910617318,0.050714424046057,4.58718947254922,38.3333567217572,0.0682793506076158,0.0605172324016879
0,64.1666087622782,31.0018972483672,57.1023425134495,33.7352996318649,128.345044868323,6.82027055560741,27.7145357882339,17.6535025119765,0.134244753890059,25.3087132159671,5.43579370687408,8.18872966026976,4.93308469169231,3.27372544916124,0.077296866764345,3.88433082413484,39.4107444167526,0.095881986286797,0.0602975761086459
0,59.3406566751569,29.6646182936014,49.6634914857185,37.885935442527,130.471869782329,6.23310135736619,27.6690760683632,16.7317774976517,0.0851922442435495,30.012001363683,5.59224999718637,8.37117481359315,5.73380211968431,3.17747972010474,0.0480645005549641,4.42192081115834,34.4806559189395,0.109484045010155,0.0654374419680104
0,58.7279778289228,28.0653620475903,49.7044161822921,37.420579006532,129.916532027825,6.18200641730254,28.957351295449,17.9903723217812,0.107421683703355,26.4156614620458,4.94353331677005,7.73031875676799,5.30172272858941,2.89353654998853,0.0615860056633627,4.20066814263729,35.0892446037657,0.0917901613245797,0.0733347668167561
0,57.6064227293658,30.9099015498707,51.7057084386313,33.1005628906816,119.715690777521,7.24765249223408,30.7463424297938,19.2787758133028,0.113262795772705,26.0427885683876,5.01850565530251,8.56527722494388,4.91455820663894,2.85311103528662,0.0699208473060414,4.18964419486288,41.2312490245891,0.0636556931806627,0.0729115963281835
0,53.3766659523454,28.5435089984091,49.3140454406664,34.7287885055467,126.168298759576,6.6926805963483,28.3448330923721,18.6796823580925,0.0824921214429434,25.0972703806056,5.04715055633736,7.54712439687457,5.92493913000133,3.101935777926,0.0515540026477655,4.38821714576651,36.5907406644666,0.0976497984596739,0.0900164656565415
0,61.5008239069113,28.3169742867715,49.5618073258753,37.2390594454248,132.835012898598,6.87959535535567,29.2438820484721,17.1307944955718,0.0903543571317569,30.2502675076752,5.61365568561365,7.60834671185138,5.19293629987996,2.70906404457102,0.0650576243138446,3.96892791903309,36.2689654506932,0.0776100771390886,0.0704253228547698
0,62.940320281403,32.5782811342736,50.7370919676621,38.3064586478675,119.156434682093,6.52917830482525,29.9548544914362,18.7844298031586,0.0873032120390065,27.2344369966087,4.78498886704145,8.01643807711582,5.79511663609796,2.73375636755019,0.0625991363929975,4.41440408601844,39.698937352134,0.0988506526397449,0.0594510051838518
0,62.0779515106634,29.2252702827964,51.1153064258273,35.9495420125908,131.797046285102,6.07523964249408,28.3502148087268,18.9508414751949,0.0854736361724021,27.5873748821332,5.20282368707756,8.71478051570009,5.43334180374012,3.09529363182074,0.0462733307988353,4.2465119902233,36.844533657714,0.0771574062040553,0.0670022847189004
0,56.1014469338755,33.0161190978876,54.9117566438147,37.3673027183925,114.025197169827,7.22179337693626,32.5739218627285,20.0439855912467,0.0813008380844422,27.2826741428423,5.38813174063287,8.16433477469655,5.34619673262199,2.77043101438766,0.0498685964689121,4.00239523782856,37.5301024355466,0.0762017813209503,0.0849357304745278
0,63.844644611232,28.7677957835618,57.0775425054778,38.2269357886793,112.66621612257,6.75750867244455,28.8921513303624,20.31688605668,0.130697334853899,27.305985643418,5.07547728328932,8.53131804704051,4.98241885184045,3.06260850885769,0.0597881890912094,3.91107528679305,35.4292983147639,0.0933540341834267,0.0661484436012197
0,53.6320451490615,30.8531656858886,50.2154916145764,34.1525708446523,129.779788505192,7.02738800039268,28.4166439902385,18.4391938077069,0.134175794548504,30.3070855049115,5.61437477581472,7.84376599827161,4.85224599272554,2.78920473601354,0.0759843767235021,4.48858460181467,35.4853759454863,0.093094275743327,0.104644902872496
0,60.1636199476353,28.0224931303769,58.4745004713432,37.0702264253365,134.484588807974,6.8089346880687,31.7246299729724,18.5982948324266,0.125881446245347,25.1287123891125,5.05785129475712,8.97616227257601,5.58200821881909,3.12224557997602,0.0579943061843561,4.00350496284124,40.6740998010945,0.0883886927729657,0.0988555430317202
0,55.9089566221964,29.0336107085765,58.0985088875001,36.9882480976001,109.702925392737,6.18746673298266,31.7470530807164,17.9621376649543,0.138519564324469,27.0194978396639,5.63159647479504,8.36890964310979,5.13045607669205,2.87611650462263,0.0474319800794776,4.36530626382235,37.1986713340327,0.0686149219474061,0.0785790549434304
0,62.0958924952818,28.1096629962177,50.9753115370028,35.8965141261509,114.192900261594,6.10177082874443,30.154361256573,17.8596409878968,0.125019135526558,25.2656831631609,4.60809221858335,8.274207327953,5.65163405404099,2.76035742361973,0.05910040057093,3.90982941738097,33.9182881952955,0.0814671419007136,0.0809707442582582
0,57.461561785815,31.7792867901286,58.581019249479,34.8420153331248,124.730690461759,7.01260124906825,32.341044006372,17.5558927311834,0.13540174447967,28.8156600393105,5.14897545796713,8.99987685362953,5.00945520558845,3.10774666373866,0.0506423195407638,4.23043884661079,34.866120174585,0.0833542248243808,0.0702836728023836
0,54.4887060818435,28.4222152323394,49.4066157219067,34.0888597182415,119.126950477614,7.08732889741469,31.911143565222,19.6576882399064,0.0943502714388617,28.0547989894321,5.13446165032979,8.5973265797809,5.37025166154541,3.00330621948515,0.0420046165661428,4.67178422256171,39.7035187290617,0.0810928196005513,0.0849083415837459
0,54.4421784222586,31.7779992172755,49.1413675674065,38.9632667534907,124.362723674657,6.61093722257324,29.7474255825932,19.4683045873444,0.134188714035615,30.3237061213952,5.1364887127475,8.65460902088997,5.64668941090436,3.18832908268878,0.0473762551978277,4.71253874064453,36.5021453766172,0.0823683274913701,0.0641661065109452
0,57.989764028376,28.9114381171135,50.6181797790353,35.8541989613965,129.284067808351,6.2170643440348,30.504901777058,18.3012696218834,0.0955609425527032,29.254383558529,5.14824632308828,8.84203846806222,5.07067076430704,2.77621381538085,0.0663498366563179,4.02425109903654,37.6724967237907,0.0867008918059322,0.0979443941610337
0,57.908117261727,29.0261139799414,57.6680310915923,34.0121598183173,133.619195536944,6.57377362629711,32.8123524588533,18.4388863507303,0.122214068287245,28.9691632090739,4.96727590380795,8.22133297707492,5.63646147547228,3.23617275077526,0.0475776378816651,4.36523980697626,38.6910443432701,0.08137892925431,0.0843360200691864
0,58.4449053820507,31.4153622512191,55.8937200590691,39.5456599292828,117.808883480925,7.11131298111168,27.8408193302257,17.3011655566845,0.122318477971259,26.4574401751632,5.28940787772583,7.55328082541975,5.55875374116884,3.20172534278798,0.0710991096304627,3.87189077475223,39.5718592446291,0.0814884159745634,0.0826719593367169
0,62.8260535097988,32.6232801636891,50.4793935920874,34.3588602599526,127.451568834689,6.47815391755904,31.409463663851,19.56793537274,0.115021902409918,27.3738622689872,5.16395019351336,7.66663658975866,5.38576836621843,3.32020094304418,0.0509636985985502,3.90128591055091,35.0613227180057,0.106299884437624,0.0706433397831154
0,58.0094823606214,28.7309536309555,51.6211119708777,33.3408908154343,123.240653851523,7.05974939569598,31.3748869864646,19.5812982342248,0.0917269553509264,26.942933575344,5.40621296836965,7.79958847568622,5.79446080509055,2.95314039079356,0.0714944533651633,4.41559949893677,40.7209709606239,0.0726215978647473,0.10738654876001
0,60.6710647024815,32.551782282184,53.6660045296214,38.1625318819777,130.569952374721,6.31749088826619,30.4206765919146,17.823907090081,0.135346835214232,29.502601605192,5.62948566102757,8.62849847092699,5.9084725960208,3.05260642156577,0.0590610410055465,4.15863266161468,37.2782692778436,0.0768150264110733,0.069213726486871
0,55.3666880775497,28.4441675724793,50.7180661336537,39.8932522688629,128.173811157376,6.04658019912297,31.7265537002755,18.0599809615304,0.0830601959414912,29.2564226966364,4.9427362932748,8.65789319059036,5.06106423179948,2.97554197438021,0.0552290456341806,4.73759824161321,35.4662038072415,0.0815100172005828,0.08087388047005
0,53.9023707153938,30.4392990328651,50.8519791765895,37.6723205821239,121.342591933155,6.11234441101193,29.6708480368845,18.9277445029645,0.133259518926743,28.1676622525666,5.11099620116467,8.67187454337697,5.6753827518393,2.71825191597732,0.0482394990648846,4.31882531689821,34.910472365652,0.0914623957966926,0.104338402294833
0,61.259259859806,29.1275962981611,58.7913981227372,34.9104297274076,113.311513695186,7.19882547466335,32.0351314551436,20.1102186107444,0.112507894297074,25.6960152593141,5.01514233916472,7.39940359827357,5.22198983398265,3.32176351968307,0.0651488576046046,4.71339287111439,35.2727671522313,0.0859081356336862,0.106427007995153
0,55.2742254237771,27.6100325733808,51.6610227427395,36.0101660927749,121.59476184771,6.86825589512942,28.4032197577286,19.1026905381718,0.13026654987198,27.9184774762337,5.50084051937828,8.30175622899399,5.04804636159454,3.0796764555281,0.0731442005291324,4.25594915102548,39.0094424015526,0.0808921278063192,0.075962291834242
0,61.6824743031386,31.2954911084495,56.809066228591,36.7960822574814,119.933387281655,7.08021918268741,31.8193065599974,19.8258107570308,0.115241201423397,28.4662104899556,5.32976208183269,8.4813114258514,5.19376078354639,3.05075854772481,0.0557103457764553,4.22213905200249,39.025742078293,0.0779857617284451,0.093028219698148
0,64.4559705138701,30.8973699772163,55.9843854750008,37.9310108772899,127.542401855558,6.02064046351879,30.0278262184891,17.3388951686548,0.101098293905241,29.4767023319672,4.68927674160123,8.6601663697283,5.14908075988872,2.66898649662754,0.0472818632373339,4.36276841642085,39.40290161954,0.0939338782264574,0.0833343537629101
0,63.269834473527,30.2517130668268,55.2708193603869,34.7982048886219,118.09446064181,7.17478251210671,27.1193029843063,19.9260047541141,0.0904000806966596,26.4129648443687,4.61930294227849,8.43351346630807,5.14950324052799,2.91090457391745,0.0775275324747327,4.67566278823995,41.0026428039997,0.087421945882047,0.0662246188339827
0,61.0044087673401,28.0571289853908,56.7719003444212,36.6925602002825,128.945709351132,6.52134009907578,27.0002906877105,17.9087105649608,0.121541031214916,25.1209387992142,5.2347623622694,7.8797603093601,5.26059765498178,3.23156027685868,0.0517520787836422,4.37773324092624,41.3802148984691,0.0688160845930742,0.0879185716085695
0,56.3290518836001,31.4513648226456,55.9501809869164,33.5558970398142,119.132115281817,6.86593999219871,27.9350763082541,18.4200748489883,0.0932864004848442,28.0697437277771,5.24358830901137,8.22364329841734,5.55207926924937,2.64724585610592,0.0727111237828623,4.13473479566835,38.7236919255181,0.0689705912775236,0.0755888081038419
0,57.4507010422622,29.2099458170185,56.3296641395026,37.5436035759893,121.747372785139,6.77415460966756,30.4028108918388,18.2453605304115,0.108370259936568,28.4030954873145,5.2860275786772,8.57090746263233,5.5763051190504,3.21516801085529,0.0540602794142772,3.98631499693173,37.8670217986289,0.0898372574220406,0.0754489555281167
0,53.195785721577,27.9280570683159,55.3287424173203,34.8305005674946,118.319054853477,6.04375146192044,30.9755220898127,18.1058745222634,0.121428246089832,25.1902180863726,5.49874970108286,7.99415250804157,5.29018273958708,3.07181218771029,0.0637220805899531,4.4329820893823,35.4775949034947,0.0838782074593147,0.0967841963022952
0,63.2004700619242,29.6984474028161,57.6426231511575,33.8020209447071,128.004836520715,6.57674327040792,27.5785735156539,18.2364072030529,0.0960901869142722,27.9408066545583,5.19712059490905,8.05003792670197,5.41270853804521,2.7786314578066,0.0727608580927554,4.66458030323794,37.0359126948285,0.100759244429494,0.0658256415290562
0,61.9442027428846,29.7378912724304,49.8013522061562,35.1522215012412,110.664493073847,6.7820971866252,32.4166223319275,18.6551238273922,0.127165066831882,26.800089394394,5.34562655575267,8.76171909502255,5.8825594817236,3.13700191151734,0.0661120870149418,4.0388882187817,39.1423779236019,0.0693498904607086,0.0892177754036108
0,56.9728654861406,31.6314371147779,54.5519729619154,39.1690959471376,113.923624770477,6.19846814621106,27.7128867950975,18.242634370953,0.103191193909737,29.1933248211718,5.07313178621838,8.74466077612952,5.05696072369741,3.05478791481886,0.0449034034544397,3.84602778290473,35.1486326112617,0.0905144460632446,0.0934032955298301
0,54.4783441846699,32.9033694696774,57.1076197770965,36.5616922728571,120.048942530695,6.95488650169324,31.9450442036454,18.7167611931711,0.110787995838683,28.830502868779,5.33772771098911,7.63788055314592,4.83027560237918,3.09987576238803,0.0654525143955978,4.48795222884685,38.4851301501485,0.0690990649896796,0.0815671497362836
0,61.039083182684,32.4265779524919,56.3952388619466,38.0518610133355,118.060683499556,6.63840380535787,28.5680781785511,17.7053670431337,0.11176874731951,25.6662646905234,4.65017600950106,8.20194771518537,5.15383414335676,2.92269057984853,0.0711723471935586,4.28746405207922,35.864058603663,0.0709383688939964,0.0696185501636786
0,54.8249764561657,28.3409822299805,56.9153219876877,38.5631256594101,115.156822999357,6.28516791990014,27.3162374398762,19.4366209382158,0.0883240314024838,29.9693588170505,5.23204151523506,8.13921317066908,5.63175224565339,2.68680745052808,0.0509034224609652,4.72605348114206,34.9081407423975,0.0921163150368033,0.0744286130475219
0,54.3087939912509,30.6723297115294,57.0441480420812,36.4910958559528,117.375914363544,7.2734068637662,30.1757525369425,19.925250842583,0.0930331897423317,27.7840294059639,5.208376792251,8.31605972203918,5.061227217329,2.70531303277579,0.0538767663615757,4.37204984570555,36.608085560431,0.0892050720569105,0.0853006694708304
0,55.3310323509949,28.1781758569384,56.214702222166,36.0563500696949,113.789701365497,7.07754294504891,31.8501210418144,18.79899721023,0.11666807619093,28.1578425286769,5.38744480539113,7.45679371078154,5.81999957275136,2.85990739287883,0.0546556754409936,4.39899880808706,34.4177407926647,0.0700974914855014,0.0832427114299407
0,62.0787769055476,28.6669434223332,55.4667206151546,38.5210786941165,118.46257995178,6.02383484047872,28.4659204467749,17.0321075630429,0.117366606261651,29.1522031574996,4.56898887310304,7.28216407911172,5.75058094314909,2.91006920451663,0.0560683437313369,4.38338546719759,39.9935434556758,0.0915043447515845,0.0710568411714058
0,64.0560754182492,30.6999166374588,55.2443343350324,35.2455376373975,129.841186219074,7.06080498748639,30.6106921055799,16.9547727042648,0.0879872645717613,25.4475991962845,5.48023163043886,7.90793954777475,4.88969732796267,2.68353241695616,0.0719469902787311,4.00635339195782,38.9963577963698,0.0947114912410819,0.0881968153487865
0,55.5525737615795,27.4063662283361,54.0536952717297,35.7202547559911,118.871891678084,6.77902299257791,31.5125591118804,19.770936856785,0.128944201253599,25.2810607477039,4.78056299219703,7.37163101452044,5.30087406205475,2.97177582899306,0.0602738521057415,4.0330674921373,41.1411806873377,0.0998081123197682,0.0770394324035613
0,59.1790836014667,28.3431418688042,50.3315071444468,39.4776089313902,128.504471982989,6.81274245740053,30.1957407842769,18.4801542706654,0.0904494877956374,26.2529653448493,5.54999495754922,8.22068107965514,5.66049965405052,3.28865063583242,0.0651097359852726,4.60741912238093,35.5859095638957,0.095182782977962,0.0732638576217525
0,61.8609571886381,32.4551397657458,58.6977104430924,36.7937484445174,132.45319312064,6.17926936918541,27.258886927073,17.2539840771881,0.0981813596287044,25.6553751367958,5.28983183621313,9.02188325795427,5.02422440020725,3.23066552580163,0.0586437996215179,4.41409701353677,39.7672394868334,0.0953484167087191,0.0766421163459982
0,61.1405211225522,31.8353342145522,52.7115095675073,38.640115528137,112.475608231071,5.99691609193559,27.4016278724326,20.3510125358657,0.120691004432786,30.1941624906225,5.58160128781039,8.33079153095311,5.52471346239056,2.89349803372599,0.0546763540509491,4.17075067749366,38.7323877344484,0.0786566485589649,0.0880161198363291
0,61.6413019897689,27.4687213795765,55.6488919380914,34.8567761155062,112.449259303326,7.12970199778195,30.316371642427,18.9597395337287,0.0931459711940557,24.9517217173853,4.63255036049292,7.90732882386287,5.47348346514844,2.81042405160288,0.0621009543617484,4.15797999652215,36.4999971674074,0.0853695335633671,0.0674081937423146
0,56.9972938177511,29.3413865740523,50.2288620370419,37.7245730509848,133.863439650979,6.63720164878485,30.8631438577477,20.6003184547943,0.0834124161584217,27.3035775791166,5.13829424760377,7.43993890348006,5.16522171882602,2.86275784152675,0.0645933584735492,4.65772367926144,39.5758396793826,0.0920419388841761,0.0971228085374745
0,62.3583431181032,31.9376344802384,56.0948870898072,39.8530594833311,112.190631083656,6.88504477663563,32.9367237482174,17.2066007234839,0.107148141225826,25.3561578670857,4.91391037148914,8.04408624716354,5.45149936142494,3.31184373461803,0.0646505616913577,4.63955160334278,40.6050336522065,0.0802238066495968,0.0620747694074921
0,63.1114627967822,28.6437040201461,56.3553849645775,32.9447014466604,119.762722462226,7.02916856071222,30.4965311164297,18.5499781020576,0.094875636984301,26.0957372709581,4.78154058722033,8.52919694073248,5.39417001575071,2.84963818933458,0.0647059042170147,3.99491319181562,36.4372297700603,0.0920531704962864,0.0683989765994879
0,56.1614859543742,32.2347122332031,52.1746540922464,35.846880121099,128.435654232761,6.83899365533071,30.3035780023719,20.1010574752223,0.0763409418003897,25.1797108626245,4.86776653770026,7.86408673964989,5.32368786073631,2.93262177887274,0.0593361052358391,3.96832697154786,38.1525192887178,0.0705187973598753,0.0922896914376832
0,59.098234192643,28.9967862747268,49.2489629908241,36.7794805904255,135.645901848512,6.27241273828898,27.2098628702186,18.2887516626787,0.13605308181202,29.2901913469293,5.43135444915222,8.15258097221519,5.71494118553839,3.31259173135893,0.0490558035239128,4.2786408846591,38.5757715798908,0.0783956678547486,0.0922946258325507
0,60.8122123491977,32.2034777725461,57.3629362614643,38.6065194864003,114.400462325276,7.26261205885984,29.9030304320678,17.2832919803278,0.119102430295452,27.8962934679096,5.01701891790485,7.53222695569614,5.3196127996235,2.96993520543742,0.0541263635255411,4.04863566615429,39.1459168502477,0.0699644856404963,0.119438972527444
0,56.0536932353413,32.9100179580683,53.6457449210153,35.6147752633747,115.964670936091,7.25245998454662,28.8193458235958,18.6115275389771,0.0772369590619749,28.0466874404578,5.63649880167761,7.81410069002104,5.90457623495594,3.11069868100451,0.0492502352356815,3.98770356547073,36.8327894139863,0.0808664689620126,0.10044781242222
0,56.690956779103,32.7527525777599,57.0733928321866,38.1280939994529,125.700092085818,6.41732731226987,27.863944594712,18.6040852121835,0.11314055409546,28.7750170609062,5.60276161284705,7.64475520545127,5.96407320743361,3.06537389000565,0.0480721540877312,4.14304752408928,38.0343412179865,0.0966216979366583,0.0646613071934799
0,62.3903937058099,32.0178896130633,53.5487110491909,37.9749109759939,134.879281915446,7.08529797935847,29.9720721049657,18.5149282581779,0.130872291618602,26.9568215936037,4.92697178685515,7.88701790928352,5.76621595254076,2.77077962292327,0.0549337419272857,4.35944375110982,34.6728134637987,0.0680908757182609,0.06750198839156
0,59.2771216982457,29.9198728609625,54.5673064189203,33.6902079914056,130.106541835468,7.02237064911378,32.4698515633193,17.2735099033732,0.104535714137652,26.7572439917676,5.52799312259864,8.89487497700515,5.5414087725488,3.25697469816753,0.0549988304149871,4.03437998834135,39.3733405776775,0.0837894341347156,0.113104402317825
0,62.3900446791932,31.682099242929,56.9952374078705,38.1913907068749,122.734809668014,6.17497836887643,30.6592245535085,17.3158916965589,0.0846036103134878,27.6785910021378,4.91017862940597,8.03433134369691,5.20029370735036,2.95470016731723,0.0644348306352685,4.30394186630279,34.638211354473,0.0952987482096929,0.10853405548103
0,60.1677368463043,29.8141040335362,54.9677796537762,40.082850321382,132.397700120732,6.25670828773452,27.941612327699,17.4043604903794,0.0984006155627127,25.6242088280323,5.50739527199349,7.61090311038737,5.96576007578887,3.10358871032206,0.0629818260634792,4.37580484281055,40.1298073476636,0.0908918944876935,0.0631146775236972
0,63.5549014659521,28.3226496984575,58.1818407457624,33.7493046296848,125.051199771765,7.20850164722733,32.0040963732945,20.5320188061021,0.0990568010999158,26.0227949835694,5.05437976618777,8.16540796604284,5.26560558607502,2.81115161209805,0.0749635455382499,4.29488045830854,41.1467626387234,0.0648907895781763,0.0896495031990078
0,63.5422992228324,30.2560285084527,57.2754999809967,35.1828809052884,111.0572906569,6.9533173767012,32.4556706395323,18.4589427846462,0.0999327432534511,29.1803922140156,5.41470084939909,8.78777396943267,5.82888948695603,2.69140244883675,0.0465256260504264,3.87804080950569,41.2893155079184,0.0861151477278205,0.0754652239425809
0,55.44142201481,28.1975585429477,52.1284255957804,36.1258915170872,127.386852903355,7.28717155883474,31.7087226888109,17.8395326450329,0.119122686532853,27.1457557215205,4.92027138040151,8.27087313819409,5.01839886303228,2.94733238759391,0.0452026797167901,3.98083735334321,40.3062144149211,0.067668334985598,0.0985930681447285
0,62.2890143809137,28.122733682707,49.8500452418701,35.9650981912059,112.74726128528,6.15254255551378,28.3466440084529,17.2291267058953,0.0814786458135775,26.8002276039461,4.64056830316564,7.33471983399588,4.90766613469499,3.02248179563342,0.0581519437835198,4.00501842240206,34.8637047634793,0.0916322272942507,0.0845845562452232
0,55.1487385564455,31.1156407789809,57.7248406968945,36.4523000165852,111.725180080435,7.32442372956305,27.9670157459611,19.0514236887285,0.119818072361892,25.2603033549222,5.45643630415012,8.6493072657303,5.28227819011833,3.26651291073715,0.0642348923777155,4.58787926747463,39.6452656350203,0.0894775257769724,0.093986624863015
0,55.906897328909,28.5966700061214,50.1149356501773,38.2983737524959,125.051091684719,6.42900472845168,31.1216767787063,19.3876353144811,0.107990996835411,29.4476172479545,4.80629415303079,7.63485783444285,5.15506681165891,2.76391420261897,0.0568986982575119,4.16273651671688,35.1948296522426,0.0882837285562832,0.0633540607692063
0,56.2392944533722,32.389845419523,53.4251392444561,35.2964196297505,133.975895235879,7.29380753491418,28.5994442250379,18.2655219367078,0.145249341676194,29.1136076420464,5.37009841797839,8.0125225325013,5.10556266755503,2.73381594781381,0.057210619866693,4.1962953502402,36.2922560621618,0.0896074421531186,0.0956592542094681
0,52.5563766780942,31.6562268773797,50.9345545851981,39.7480541214579,113.467847156092,6.81502753615677,32.0619725434405,18.647271651775,0.113302615847776,29.103908475633,5.19013985642999,8.77378558876669,5.5576411432851,2.86149936609579,0.0527398365607118,4.09565965451102,40.6624588527364,0.0682044690653802,0.0943998606299018
0,60.9503071241776,28.2010835949591,50.6070939814176,36.4010163435999,132.142648567345,6.95152429611348,31.4548593663482,19.2335568964269,0.0855683686762343,30.760431727469,5.25751743729895,7.96261823977098,5.04869223580688,3.09693429016681,0.0691016485584812,4.11376353189456,36.1302299088358,0.071372134507752,0.0714426768065799
0,56.3799242433373,29.1428740992886,51.3422707413387,38.0205892064425,122.958582642073,6.81113276573643,29.0693225686039,17.0741108789386,0.116211782736068,25.4503486133035,4.9001984852993,7.93538390744424,5.38630304954592,3.01422673108004,0.0497617181659038,3.96008032706535,39.7144120402426,0.0767950025714834,0.0885033584595948
0,63.7005347435257,32.5132581819715,56.4731591700299,33.5192988296925,123.710515524679,6.95434558272908,31.0657210373061,17.4527568419835,0.103551959420026,26.4716236957512,5.6406257186274,7.71202687125217,4.89838796381482,3.17082663870908,0.075942833993376,4.43005969562954,41.2676713431461,0.0965291390890493,0.105746625400647
0,59.8455741696179,32.4786503395643,57.0828915924626,35.5482130781595,121.018058657926,7.20033735844106,30.9179617086576,19.7512704010483,0.0909068582566173,28.067040607131,5.22321307948907,7.37612028863573,5.33392423738107,2.70571237065825,0.0501956396139961,3.92394713934126,34.5212398526552,0.0933120708997704,0.0753384111732471
0,63.7631274977388,31.5278887059548,49.82023867413,36.7950929499598,125.893686801631,6.73944404156713,31.2761703303591,17.2208888945189,0.0924321172774993,29.7268313388891,5.17099487814463,7.80183703440438,5.32649121359009,3.25164802475188,0.0498676362106697,4.10195635321682,34.5311694484615,0.0915244552042321,0.0745234384857388
0,60.2385940580083,30.9790542408026,58.1080060719329,38.0176443057454,113.718724806674,6.2605807029911,27.3974053312393,20.1424177228534,0.0790240192058986,25.7757901444474,4.94999539686578,7.88488486686049,5.69122889566385,2.70586206100457,0.0517736958605823,4.42019109308532,39.8599999527286,0.0726662970725009,0.064473834272405
0,63.7715955968456,28.9576472491682,55.9919366490627,39.6878207434118,132.650912496387,7.10726357183779,30.29573481149,18.5862428960317,0.119500211834142,27.3527778255854,5.09069117468812,7.57764600516293,5.47675332557752,2.96868571480308,0.0761947675775587,3.83572292255538,36.0457308219139,0.0800512173209456,0.0670441960277957
0,57.1912289573207,28.5990845403407,51.7332974177876,36.8365776124064,131.928160678597,6.34377921584212,30.0010522341062,18.1172897306053,0.122891876668794,29.2243578454917,4.6154689940377,8.82631447532113,5.39164811222468,2.74355866837123,0.0460373057005719,4.40018294168521,37.0371590494624,0.0668653567376454,0.0860669372156849
0,55.2802708112501,30.8785470886377,55.869665300128,38.1123170311682,113.193819468605,6.01255613046562,30.0645143164089,19.700329491045,0.0982975689230187,26.1914500887449,5.22512400242955,8.85732934759069,5.05041495244554,3.26646961773967,0.0636842707634275,3.93950418609443,38.8073455395605,0.0782394526806355,0.109693201066332
0,59.8118657573274,31.0434018988543,57.7258101682034,38.748057648446,120.282655300186,6.69326626233107,26.8516034892567,19.103687225127,0.106569793936461,26.3429486835195,4.91385004231909,8.51618227245253,4.98265239321919,2.76680616852277,0.0429175254090965,4.53662512710336,33.9311482115241,0.0893047301350246,0.10313897990234
0,55.8868009211701,32.1971492862863,55.8920427372563,37.8353337858198,122.642865649307,6.5271065163772,30.8466861652873,17.8369351877322,0.109134808990865,25.7669263223311,4.63080301921688,8.63894336032247,5.85673008930891,2.87622768564219,0.0695073011314233,3.84475993302813,35.4075186594037,0.0931114071567351,0.0679349231368783
0,53.8196955887977,32.2931908971394,55.8260380138231,38.5107174231378,121.754906919467,7.18720283928763,31.0948125057293,18.6051237992018,0.139447390540218,28.6899794347482,5.59528304366397,8.78014125357144,5.30952895504466,2.90786298113461,0.056369451276379,4.29123744617306,36.2215247455968,0.0739638791126535,0.0915235979605228
0,61.324334708779,28.6462945232331,52.957009519285,35.1929180043804,116.374839659897,5.96337660689793,28.0384236809972,16.9368423247922,0.105395369619206,27.9164487414035,5.41735183132719,7.81885247206416,5.30667034232088,3.26778892184489,0.0586859458617562,4.45000113704883,40.2004380654018,0.0629582881040383,0.107407743773365
0,64.7557697485832,28.4841999310109,50.5147305021653,37.1820562010716,126.958367922497,7.09424473577634,30.8113479776859,20.2518262293067,0.0958654639023729,27.358690961257,5.59277534500408,8.69928718810786,5.93094081709902,3.13156196935532,0.0682257647309262,4.61834018349327,37.3198610770129,0.0954472469842796,0.0629982261181012
0,54.5102985715796,30.2225436549365,58.293443660623,35.1894030467227,126.279802086387,6.64762756465334,29.4511591838916,19.4481254953505,0.120261475236763,28.0537761610783,4.81506764249312,8.12588897398654,5.53771445951707,3.16050349873162,0.0701429002541305,4.40668667042505,39.2666482263407,0.0807305468395522,0.10536823878341
0,57.1100802880562,32.1960813944812,58.3408854867693,36.2647175330204,132.433813961065,6.64558931348184,32.7965250094373,19.6778999010871,0.116949972473037,25.9749144791131,4.58238345269874,8.12191783589047,5.87598253229332,3.30856166334241,0.0610166589867092,3.94843590185634,33.8896948910248,0.0746121279370314,0.0894073071063935
0,60.3957710168876,32.1677157235949,50.3479588792767,36.3022853703854,111.106467104411,6.0056782779079,28.7993263760089,19.5868401839184,0.0951224046734606,30.007684945682,5.56296397485692,7.77512331678713,5.4256713236853,2.967954068098,0.069764417331217,3.93354428139114,38.7507934779123,0.0979775418780112,0.093863831274004
0,61.4729397281645,27.2920273135078,57.4825940653045,37.7639659892927,115.788301594012,6.66429756935376,31.5649581144576,16.8296769654039,0.0905932139897781,28.8051923836975,5.58703296886311,7.38993744060562,4.84879060101091,3.24501038282383,0.0691690370950255,4.03831254847139,35.7964475753408,0.0756743943313129,0.0764276029419479
0,53.9498837621606,27.8112498364446,52.956231388443,33.1420927236139,111.746684882257,6.91187687203149,28.7061284037496,18.3855366097413,0.116677814615109,28.1960880380216,5.16252874182691,7.86630488798363,5.76291685190902,3.23730883680131,0.053505619631128,4.36893860688798,37.6680662564061,0.0861016155631179,0.0729821119079986
0,56.1953491855746,30.4558935013114,49.7942456269167,34.0163654427382,128.942589296545,6.04982247501594,29.0362693067313,18.6831911605857,0.124081875438303,27.6694354542428,5.24177230950716,9.00026872979766,5.19581359786653,2.92870304548378,0.0514375447771423,4.4939041760164,40.5000971850058,0.0971854144003564,0.0852541666821738
0,58.9136353543181,29.4098212612648,52.0631476542522,36.2160460207009,113.21612933197,6.95997434301688,27.758390799357,16.8937987274276,0.0774286124133583,28.3872627961749,5.45030807939754,7.97417296234028,5.43537189931454,3.04874731872406,0.0697844523588005,4.37113752329386,37.82356333737,0.0731180754609329,0.0828177197019308
0,58.6398021543406,32.977425862808,49.9712150984771,35.9902259991709,134.638487399583,6.20500498642114,30.1765101294839,17.9314749080286,0.110763907551494,26.7899425448874,5.13520262243098,7.54858314099338,5.60847237852376,3.17166654290887,0.0567946524004469,4.68485213302358,36.905095696795,0.0764110925675352,0.0744176486296337
0,59.5364704580191,31.071062892804,48.9534188752242,33.5269861435842,122.224365863491,6.05624974171075,29.8952042347809,20.3298509709109,0.107940585057381,28.0929222425583,5.46774343635854,7.43433694930151,5.01572952675308,3.09691513101602,0.0505126990318077,4.13609161973616,40.5438201156654,0.103319422738712,0.0859297126065953
0,60.2787095245282,27.2039000802823,52.1404664544749,39.056374665027,112.28058837322,6.40357861307008,31.5035699556763,17.3666449280006,0.120589141175084,25.4922789986846,4.91240204152853,8.42818931845844,5.04298622004002,2.89375144808246,0.0764357865458276,4.13307485803229,40.892308028326,0.0858088906693184,0.0682144144575124
0,59.674495117734,29.128186458512,58.460734455623,37.9411394331847,124.949575162268,7.13536914292161,27.587922301949,17.8757997623466,0.0764538881994508,28.9074501755549,5.06545186229132,8.66693402088185,4.88186170973495,3.30070905778998,0.0635443611728165,4.40405606582247,40.3079221415029,0.0685948921279516,0.108214110137742
0,55.6410962166265,27.0479505401683,55.4488602715115,36.1775740979952,134.494712189547,6.00545893654253,28.2801447008293,19.7999805422822,0.112466662728606,30.0815036132493,5.13109444743249,8.95604138553145,5.76840937228261,2.97090838575771,0.0642227113548019,4.62653230034792,41.4655788950904,0.0871401440168509,0.0765362686240913
0,56.0197426010099,31.7393270093624,50.3385330980397,33.2271599480949,117.325032681939,6.3145210688418,31.2446051994654,20.0118367050338,0.131985695390563,26.3963781839519,5.32802258781459,8.16005152152347,4.97062566924212,2.96360636939201,0.0425523910377119,4.26186117000421,35.2950270046925,0.100248293825474,0.0807910023088055
0,58.623650707112,27.9726518952386,54.9742974769567,33.951892116453,134.264939441291,6.5772305821569,29.4160679838426,19.0656887203882,0.0822249180892551,25.8067544053963,5.33156027988887,9.04227210397112,5.0578254098854,3.04107785711091,0.0525973553443682,4.11331542951996,37.0391087221216,0.0757987495517672,0.113234504665761
0,53.0501220851962,31.4204550115895,51.0564991313714,34.1233693540456,134.232219984172,6.81228226748794,30.5008154531653,16.8965212464203,0.0826543989342123,24.9094395505541,4.92893729081144,7.67107510800594,5.64124576009402,2.91071006021902,0.058772881030706,3.99771308771639,36.5127938578213,0.0997470934533089,0.099035523871332
0,52.6575296551275,32.5131906447093,49.1125674722356,33.4703246802088,126.551483028874,6.19138418145474,32.4702289893166,17.5844130742914,0.120183588412606,30.3769996462654,5.17984725707863,8.49645520849447,5.47490461265243,2.86487190983667,0.0568827982840015,4.5772264185227,38.3594287043442,0.0922948798585097,0.0571298116210981
0,62.1567075822125,31.6214581455878,53.9858194910858,38.7278269288546,121.711383425801,6.69591083256882,28.6733162673038,19.8413518608438,0.104844382626874,29.9113406163047,5.34913455531725,7.6083903447568,4.91177871285778,3.14694822817071,0.0593512112272782,4.55903400826512,35.7671967787813,0.0788965986566704,0.0776719131888157
0,54.5512056749877,28.2975779392086,54.8206275649295,36.551418308763,124.335119795912,7.12400737401778,33.0450078315607,18.8648883923079,0.123301950699338,26.637976379491,5.48149402387179,7.58254201314182,5.42218071199307,3.26946573621612,0.0474961289963299,4.36712845159575,35.5225279160171,0.0747148704335147,0.088196291176032
0,59.7391795710368,31.891768760001,58.2178564640407,34.1675850854565,128.733971128716,6.57801346258851,27.1351874349809,17.6758446943195,0.116404821073285,25.1153377789147,4.85933204811957,9.02808175249339,5.92969061029491,2.84341829956561,0.0632684623783599,4.36976850270417,36.5614439252457,0.0765980887491262,0.0753044146711457
0,55.3806891862599,31.0421923812045,50.3683659870206,34.4392558418752,112.36304776668,6.2336204449366,31.1349604705252,19.3062580993256,0.0873504288852562,25.5764200624358,5.32016709516624,7.91904345859729,5.63447400242159,3.26732191477675,0.0571704469945449,3.8159025968649,41.4174287063497,0.076903582537498,0.0604634135345783
0,55.7921986508642,31.5495176614439,50.3136389424135,35.5297093378774,117.057744891689,7.0198069368168,32.3068961201077,17.1624920547468,0.0899231356571367,26.0549588587813,4.64719643633349,8.30757527113985,5.01698887981219,3.13965770640436,0.0518145557019418,4.00654801022596,34.8176017425372,0.077831134965655,0.0854602181730022
0,60.6116984590524,30.4900586209356,51.0302227989722,35.9981417854292,117.445579487229,6.0527461625324,30.2563409297823,17.0118137499051,0.122995443575914,29.7167801944505,5.65181801945739,8.85531045499916,5.36544110621329,2.86514730531743,0.0736619828315427,4.07340455926282,39.021590688964,0.0854384794926128,0.0708315347758979
0,55.833898567628,32.9621866929783,54.6423918476157,39.5542621416543,116.803393155424,6.31960641579679,32.9900545462556,17.5013943760097,0.121407921564504,29.8559206390869,4.86372539929213,8.78666750371998,5.25947691719043,2.873031632038,0.046627662192193,4.10403861774408,37.041202205616,0.0805239081122604,0.0836718086089406
0,63.8292067688949,32.0174545870206,53.7847556494996,38.2244854800915,120.186223624951,7.15248975042777,33.2799740136636,20.4346546966155,0.102870206076716,29.7878235203255,5.33984982208323,7.87218571311705,5.62508638673889,2.88477188559687,0.0459844102434403,4.2812888031131,39.4427011905644,0.0771049742533056,0.0678760031999579
0,57.0903709093223,27.5139226663387,56.365218343476,33.8162238865554,131.494382093731,7.24957391080076,27.643761411822,18.4658355082567,0.111856609487485,26.4389358698523,4.65324459148329,8.86041280354094,5.38508497770332,3.08699491590798,0.0600544872111727,4.62011654028014,39.7780282448546,0.10270591679617,0.0846236084971685
0,56.5757294986987,31.6473270407317,51.4395506734731,33.4614522905107,129.27684970013,6.71394002547243,28.7895537036491,18.2281326125582,0.0812118098058637,25.1024840419302,5.4744063202732,8.48371039579785,5.70947660148834,2.70200489061086,0.0534883812123514,3.79649846522762,37.473562638517,0.10297213693252,0.0998208403995191
0,60.1400195211584,31.3905809684571,54.653509757845,33.7876895149749,119.971611410503,7.38387040575163,27.6059108254097,18.0711298597472,0.121783831354334,29.3614094399909,4.82527044512898,8.6886746614413,5.08526628426806,3.26297407722399,0.0538092528619017,4.11721322950673,38.4645153562585,0.0786471597981664,0.0805628583460268
0,61.3111925505378,27.5662965478474,51.1090031905935,36.9510188202606,122.786590806675,7.21210183316724,31.5899560671332,16.9915449332431,0.0798029091024441,26.4088652967347,5.44252822910329,8.64088507425626,5.59635709657552,2.75832325657157,0.0622063217356503,4.32952290576246,38.0614241810424,0.0820583353882005,0.0910049636096367
0,53.68958391268,30.3235080428314,56.3692640327326,39.7813171790754,110.04599103331,6.30126122862397,27.7355075964839,19.3068518031905,0.115164535262012,25.9594240296818,5.01627197862375,8.1309026344167,5.74774673996108,2.82217335019038,0.0455506324200536,4.68071676897972,37.2151632329333,0.0720315105142167,0.112544648362049
0,59.7598652243427,28.1069362569022,56.9269314943074,37.8853770185143,115.333198807046,6.51275684415651,30.8781959436933,17.2897410216063,0.145743936185205,28.110139215502,4.78811557832765,8.91785741395867,5.24774713738726,2.75579913908194,0.0525453704713427,4.07908509713266,37.5001893963604,0.0965349358206526,0.104432728766413
0,53.8908232499658,29.0879170455701,50.5237433692958,38.9224716619389,114.720440583853,6.69398549920886,32.7450642873256,19.5519167284367,0.116576112174038,29.196001022015,5.48675561238536,8.73751579538717,5.00638324818867,2.80835484673081,0.0635537473874683,3.86200426399306,37.6838481256382,0.0831153856366987,0.10614854774165
0,62.3611587859378,32.9296543111867,55.4215182495449,33.7437529786137,132.878168142533,7.2401610914374,31.8355165741404,18.399707204464,0.1361640846121,28.4504911917596,5.38094263553469,8.80455575057205,4.91184373316674,3.03194963808668,0.0562204723199849,4.44051399223421,40.5513971670421,0.0833913039899292,0.0792440658143484
0,64.7583098858876,30.725277243341,59.4319862010985,33.5562679621739,123.876985266494,6.9568085256853,32.8282515154053,17.0985089611481,0.130666028048519,28.2108364533391,5.19773661619406,8.12656278622872,5.42344780379065,2.86687386052792,0.0483132549314848,4.12328576198858,39.1179040933073,0.0711297844741623,0.0734425983867909
0,62.9006682367178,32.4614779572902,52.3413759600453,34.4511141760841,132.015842581895,6.7634321845797,28.4786798824025,17.7640741005771,0.102513984337795,25.4501337228174,5.60957217173131,7.64435106491799,5.09362894818028,2.62948230103232,0.0634209278158635,3.85086582967096,34.9299392175942,0.0703570609038623,0.0606507060942153
0,59.768106235518,27.5695026596622,57.8015142791088,37.6147468014306,123.796336661886,7.30505816889473,32.4109589988249,19.8186450056092,0.0854525545357965,27.6714375774993,5.22642070692754,8.23888048701791,5.28579774229505,3.18374373715267,0.0436832805884257,4.19768721211284,38.9578715581622,0.0860315229838281,0.10626323973336
0,56.9677029737442,29.7377665909845,53.530006732628,37.3390427585681,117.582500083226,6.88643360973268,31.9628434861214,19.858857306573,0.100410357358531,25.0279275393775,5.35877211512239,8.96529143956932,4.98948655181276,3.29517826346625,0.0772711334295791,4.32153175006175,37.7740286174039,0.091511918080024,0.0716125332443426
0,60.0552961790553,32.663280253636,59.0847135357166,37.0374613146219,117.938174522491,6.43812247317706,33.1293336187789,20.2159427043763,0.142789478154737,30.2585636960834,5.35647743714096,7.78340583611337,5.3966957839412,3.1900647464499,0.0636345089057176,4.31317389487184,37.3909821085522,0.0693690097720897,0.0623790641771742
0,56.341350422689,29.6579604122768,48.6127663239976,37.3208114001981,127.042085683981,7.30478301260088,29.8623363650796,18.2644261713875,0.107678646968523,27.019581043464,4.95604255415449,7.54173710275405,5.70160676413408,2.78489110510664,0.0582738332928395,4.14149939917546,41.9885448420713,0.0771352806985326,0.0765569629828021
0,54.7912103813097,31.3303266237151,50.2427381293718,33.5375784467529,131.820963040377,6.08464616603165,29.9675317511707,19.4285074832072,0.1270581656123,26.4899105247606,4.65782258987822,8.63839230134967,5.65770870959207,2.70218498866724,0.062203527903658,4.59193428624803,34.9011571167645,0.0873475840195389,0.0953384523106067
0,58.4325674590099,28.9202212416065,57.1612139332913,33.179706534511,126.963228138913,6.21829408295806,29.7174126790693,17.9068883918974,0.12274333409273,29.6459375636117,5.3463168362725,8.83310633997939,4.91836144166643,2.66910704537024,0.056663074488953,3.87084902123356,34.7491349233195,0.0729889600495987,0.0808917664312451
0,59.9931273380429,29.6453752721806,51.3654479629362,36.364283897795,115.059569273542,7.21200622392632,30.003757197706,18.7991979007833,0.114922721388384,25.0437696523512,5.50523819579582,8.47879893900607,5.82031972987487,3.27791623872482,0.0486897359246391,4.29424767395051,40.9425047396527,0.0634072482066692,0.103024642778104
0,55.0769417043101,31.0889086359052,59.0425189260992,38.0771135103537,125.556140221651,6.77028015704701,31.5802522088054,19.3186828540939,0.117025129721251,25.5132065221106,5.11180399283754,7.92083441783153,5.6567493141228,3.23627586503562,0.06017194047851,4.63595015577655,38.683625011732,0.104050155804503,0.098159513264691
0,59.1012833940043,29.8666680149322,54.0724813274289,38.9873443007177,125.245065075124,6.36756370587427,32.7947798783565,19.9623557720339,0.104565694014571,28.5793122032322,5.41560990366516,7.3836814579991,5.70038907773724,2.83507287677169,0.0477250141237119,3.98888372808766,40.7619722032945,0.0813341225137546,0.0826722464659292
0,59.4759409415936,27.2212053226293,55.8454947778835,35.0102552513382,114.919820690115,6.31583061925991,29.1712260565142,17.1109141652888,0.121822244098355,28.4520228245835,5.03912098695035,7.43521557441474,5.23748164765531,2.72922288088718,0.0659665431158771,4.14142578162584,40.0166237610496,0.0914956619110238,0.102894075921742
0,61.650622705031,31.8151963500048,54.009406567393,39.5944098709334,117.545969881212,6.73140777778905,30.8858249116048,18.0710624427418,0.101473461712658,28.6509967934203,5.42268290869127,7.32239209552213,5.59253347110082,2.979900597205,0.044184268969707,3.96836521407482,35.6797614818243,0.0767234052955005,0.109363389350063
0,54.0992600267708,27.8886463925938,57.9949485731865,34.5932497700784,113.074542580682,6.43081757408234,30.0071206035257,20.5130183918098,0.112883414907304,28.5005696937238,5.15697921070207,7.5447688091128,5.08385361286233,2.71435721892309,0.0548042503444105,3.88843636773991,35.9918534922135,0.068717614686855,0.092803021739171
0,58.846860294973,29.6467751414046,51.4472256324345,36.9144125100659,118.745389522125,6.80030827032747,31.2502995921344,19.0721400789669,0.0841415426997308,27.5831161839868,4.96821884594357,8.03925493248349,5.50674855658203,2.77041930314693,0.0544545116750608,4.09144608498072,39.5466636888033,0.080751603588042,0.099257905216013
0,62.063346196296,27.1273481289538,50.5658062513531,33.9417840165249,124.005730619582,6.78784834438744,31.439216343334,18.4866553124094,0.096216150070983,29.3178970675548,4.82475019289277,8.87173455345419,4.89885887078666,2.75326694854294,0.0679928439160675,4.17039048677536,39.6100858415194,0.0695320892532846,0.0834102691874156
0,58.4681359540475,32.4564471627959,50.3473348990771,33.7787934535239,123.719999750796,6.76544219653595,33.070181545909,18.6177080335144,0.118515920925354,25.4724603444395,4.83084608754725,8.81549268371378,5.98482514020529,2.71216563037475,0.0505413666307692,4.52993732545032,40.0743453798206,0.0905219460212076,0.0931326269816617
0,64.4303321603731,30.354696660588,55.9888009920285,37.541031461658,120.764309849974,7.08250562135624,27.8190250544011,18.3633606786581,0.0820319998222011,29.4547102698568,5.137365111883,8.30146246611995,5.21143202396153,2.91350533638055,0.0587993695847308,3.90935219163664,38.7354914960754,0.0886642133764074,0.0906999314242865
0,60.6103690847701,33.2205621853763,55.5657558899188,38.8204864974524,117.45656952919,7.42856070784605,33.3377501904394,20.2695422887143,0.0947453045265312,29.5089544557491,4.97436541931785,8.93502534800038,5.95723931376559,2.77047265713772,0.0614149879141558,4.50207160972633,35.0518848707398,0.0651865075247392,0.094635477418022
0,58.9920655996189,28.4568428899817,55.7607693895407,36.1013285432269,125.751040025587,7.26568797931817,30.7492282340527,17.512351118111,0.0886283917204763,29.9075442139848,5.05259604841943,7.622855535207,5.25032380797952,2.95730768049488,0.0700919246189498,3.87454829064399,37.8628733284513,0.0843358858098682,0.119921617238568
0,60.4234162079708,28.1245050113827,51.8287179177181,37.4508358225922,118.845473830429,6.47938433375842,31.0855073779501,18.3225648054526,0.126379509434019,29.6050285737215,5.38632336049063,8.06331345796309,4.94925827860015,3.09897043900739,0.0629945060092328,4.59434517672918,41.3724204524641,0.0780257599488013,0.0683814413267847
0,56.4848808697465,31.1876483473039,53.5181826379171,33.8640531672961,128.414272554065,5.98260179625428,28.7237578794618,18.8134066843363,0.0982830660374811,27.047335256371,5.40533275173251,8.03245462271743,5.2162535156009,2.8874884648151,0.0583148645024152,4.17641615678584,35.3112710004333,0.0954424840996719,0.0914642912457885
0,57.6012380912826,29.946829443056,53.6247913570396,37.7083349757628,131.709744040934,6.56052641342772,27.8092153333419,18.3307072888662,0.0891021327010046,27.0159610549643,5.70448058232916,7.89262300333453,5.52742351499038,2.94972836882889,0.0548461973952386,4.28611271699509,36.203084159202,0.0813545040443212,0.10933009784899
0,54.4154298996476,28.9574424184211,53.7415225808791,40.1876215892239,123.711813478722,6.43610032780781,29.8231882166926,17.4421152483146,0.0931607207460879,27.0023104815736,4.6881568144938,7.9199945356902,4.96554506607031,3.22830141887281,0.0565354722780446,4.59663102305842,39.2317669073125,0.0823970620502292,0.0766640455253026
0,62.7484901839863,28.3050660365199,51.7464014863487,34.0858540963755,123.221216949812,6.42468431381401,30.7964428431156,19.5411402253164,0.135315990771362,25.2330474033069,4.73596568754282,8.81955211049793,5.1672018375909,2.72271619433056,0.0512232273658242,4.3654828377225,34.463853955123,0.0883478508304016,0.0933092531304855
0,55.8711856095697,27.6470874047171,57.2361252590671,32.9148529817622,126.054064614119,6.96834176599918,30.693794335288,17.7448536489267,0.135267580347619,29.0642009294604,5.61835516568716,8.46224576229688,5.16189410389929,2.94772523452583,0.0537228440527648,4.1461969917517,38.8515713976099,0.111193271211848,0.103033456911405
0,57.5578920642669,29.0434324731595,50.5498206602873,33.703618049934,116.139455661411,7.4052736440507,30.3177914269711,18.0530317517564,0.130421987145521,30.3343708790379,5.49420950218768,7.95938027468928,5.6331573977044,2.70074369034448,0.045854298239068,4.53814146007148,36.7867934790569,0.0754174824731864,0.104018481168345
0,55.9558593609675,27.6083273797959,52.2671450411065,34.2037615279295,121.640265279078,7.27805860662863,28.4302037555554,18.9106641280749,0.110297766691269,26.9836141811174,5.40161029252769,7.81940930651644,5.34445351076786,2.94634673664297,0.0760949915285792,4.40468490611687,40.6898977896331,0.0801032067846451,0.103372801888205
0,54.5120842171594,27.905910351124,52.8585591396284,35.9463470368839,125.381023911956,6.07671515179666,27.4545574261566,20.5284080883619,0.12528271105991,27.2744061591142,5.44008783186581,7.90488858390335,5.63122023011013,2.80777166134496,0.0753171541283654,3.87597325403419,38.7909836375228,0.102383823235693,0.098399681632468
0,55.4163395756672,28.6530816448527,51.3230397978142,35.4215899775341,119.156726843031,7.06375975440923,27.7299446960729,18.0161585753572,0.117297620180043,25.7052945505169,5.69277702215185,8.34583475978733,5.72537073453029,2.69609314105968,0.0499814144935449,4.34532941656525,36.7249439012215,0.0941167314985579,0.0700471873800134
0,57.6254664985989,28.7427196302244,57.6640556908944,33.5599767680982,128.432500953776,6.9516457192395,30.1051324516801,20.4072589056088,0.0929851787059553,29.8340024106067,5.39994779290467,7.79583493897824,5.90843596387804,2.85611631532371,0.0428838536468465,4.65453471948698,38.7470122178079,0.0704212792934702,0.0763877427274976
0,61.3225331690922,28.4940171646026,50.5119352808689,37.2192005525719,122.94648452239,6.18195695663665,29.6731887900804,18.9475649404514,0.131836341096805,28.6877781653136,5.27933755655288,8.16821918117454,5.58916251787465,3.27765327498939,0.0672760846940977,4.21446327414115,39.8612076479523,0.108052670591818,0.0605804662983722
0,64.0983662577241,32.4998096668361,51.0387264525247,33.5780065699326,124.978406684931,6.6076036055275,27.6733015733577,20.4350545292645,0.138476360312235,25.3969799925031,5.3706727779564,8.6216450512182,5.35763365677966,2.79737723181126,0.0690373987946564,4.17717589112462,40.3561869857139,0.0710384522888677,0.0857800677777714
0,63.0235883839776,31.2244161158768,52.421304079196,34.228288408422,115.988359159113,6.22437832172001,31.5233164470837,19.7820127745714,0.145891284714346,29.5043013398571,5.36293840550336,8.09428247206606,5.59741974566026,3.25168807756359,0.0498815453853216,4.5390981377245,38.9249047272294,0.078750552049442,0.0703693465139562
0,62.4804682617825,31.665049945865,50.2176217244986,35.4789270122095,123.153281424097,7.26091568845692,29.2222026116928,17.7462685448825,0.0930670508324195,26.2958154811866,5.27236671260719,8.44961688764273,5.62815526238138,3.21719273119169,0.0588032639303807,4.0203028961202,40.58696539368,0.0966367168884155,0.0811169017500985
0,60.4207850401816,30.2085252220878,51.8054476361192,37.548440966429,115.8999290523,6.74877309245154,32.9429332311478,20.592641960075,0.0898019586294262,28.1053252317411,5.1583281344329,8.06226126146355,5.48810509513334,2.8788902667635,0.0752429704348092,4.44608744873537,34.3295953039088,0.0857266691356031,0.092777878966896
0,55.9469230394875,31.6867946800048,53.7455544386668,40.0410157430151,116.02951966341,6.35226518367387,29.5710748545937,17.1265120996917,0.0961411481683501,28.0959045513314,4.8674239875801,7.4191629545833,5.47249878617831,3.24773677090403,0.0592173749597544,4.55573277444031,34.9342803305063,0.0767164984723338,0.0799763848498332
0,57.5054175155562,29.2108562353353,58.2023070411538,38.4114935391888,131.909163320339,6.82186414447007,31.4566683179625,20.0819751817621,0.121608819155664,25.5171328656682,5.38115904337049,7.47776719001429,5.72882808609001,2.9824654547899,0.0517574389079769,4.30420417883284,35.3129252254842,0.0719731792006551,0.0709775444840236
0,60.2345526297103,31.9897270668061,52.1317283699653,34.0590629089285,130.540301954048,6.12417406166839,31.817507986708,20.278025618989,0.129300444303899,25.1876969448746,5.48661652732073,8.62871699926167,4.93892229172767,3.3393365873128,0.0637622062808377,4.45713202308735,41.7022834188181,0.0813474251309278,0.0765884779346963
0,58.5070610990198,29.3861053933936,54.4869318164871,34.0520754768053,134.127691853788,6.03935884735302,29.9240631034924,19.2286356920577,0.143087416935467,26.7115271253861,4.80991404493337,8.7144896699457,5.22515614308437,3.10289682126314,0.0651251015787364,4.63463992852004,40.9312790336064,0.0927261886591679,0.0753119704849951
0,59.7891768879737,28.6093761296486,57.678022726957,36.7949092333449,115.663629519376,6.95952452939283,29.7891131676122,18.7377938623401,0.109678423513509,26.3820992385351,5.59960137376015,8.90747661288628,5.27410121510108,3.20791017069164,0.0545121205741102,4.61410599348379,35.8852200672714,0.0992152789949268,0.103735494863306
0,58.1684445568033,28.0057684144468,51.0557414876404,34.9802756258583,128.969519391541,6.59655235366433,29.0649234704931,19.0060081347059,0.11145002105394,25.6258166730401,4.84068367268086,8.29694663442456,5.17802906469385,2.82039548734392,0.0725215587918862,4.22400936368291,41.5135517657146,0.0762694601881756,0.103936879634025
0,55.90550940808,29.6511491198052,55.5957147992863,36.868671904804,122.044024090996,6.20619431982253,32.6247839307878,20.1361723396597,0.118499773881949,26.10201173009,5.33439384227445,8.74531578920243,4.92965345951321,2.94024984910386,0.062605070435285,4.29495929385205,35.2849042952758,0.0882484409490537,0.0670456610479797
0,63.4953581301054,30.8175000213681,55.4028615689216,35.4395725763732,116.744690442605,7.0486458252024,27.347339123147,17.0687482306111,0.136404690214517,27.345269512973,5.0230052727857,7.96891507906401,5.56521402938218,2.89276054670615,0.0771305701866572,4.66756032237284,34.6264937435314,0.0900622264295408,0.0815226993156189
0,63.2389502812822,28.3249500719217,50.8028436836643,38.2335644436046,116.835492403538,6.00896499303482,28.4209961388676,18.8687337227163,0.135211968759329,25.9070410614712,5.13556725721607,7.50687763414991,5.61472496677692,2.71166005498595,0.082277446453282,4.50820499411252,40.8554733716084,0.0753678102428229,0.094228762554368
0,62.9004276284399,30.2549593512862,59.009216648512,34.866768954552,120.208371204944,6.23965473308308,31.7883589872122,17.9321813698615,0.113285467704121,25.3134199789635,5.55725446651461,7.68178933214859,4.91723215976843,3.05250309225501,0.0536958728087193,4.09795489397581,35.4081500972103,0.0976390309324947,0.0708729002308772
0,58.1017435314015,30.0468515587078,51.0771085496143,40.13599661203,129.661000390669,6.27325852452582,28.2699824082983,17.8750731820638,0.138767656889544,25.8961885500494,5.09579556312343,8.22823197185491,5.47210844310414,2.88714518510337,0.0662093517172206,4.20259884575874,41.2206777753403,0.096340295412654,0.0893167639976729
0,60.8501253917699,29.9202737660645,53.7670615591997,38.840761532512,131.260524347602,7.18172415130478,29.6346533669034,18.5911455697002,0.138807676337296,27.5555514114435,5.47878307638343,8.37601941814828,5.59906762516322,2.85517909539367,0.0584681655453902,4.33609852594858,35.8370347343907,0.104122892230285,0.0881838589515918
0,54.243321523057,27.1063098237812,53.1441751889835,35.6440470281894,120.911254792691,6.61721649163993,30.3654477469082,18.5773478097752,0.122592142473622,29.4040794861467,5.02375229090585,8.28456744970692,5.87115450636068,2.76750518026874,0.0527866272712973,3.91226412355769,37.1675552987061,0.0875558799971496,0.0690818964691857
0,61.0905975426765,32.3001263490852,49.8643773883716,34.5701332051275,131.738936048013,7.29107659263173,28.010707778284,19.3287525648273,0.134917642418435,28.8194293647135,5.24714636952254,8.91797135768812,5.85743272488878,3.18679277922565,0.0459877870056179,4.08068214721516,39.9084386226952,0.0678873220676308,0.0750207315238973
0,57.1533036624471,31.2832564981908,55.898708004625,34.5261228932998,131.885258218355,6.67319568593484,28.7063915925175,19.0683987940126,0.0814312574917572,26.706395838094,5.54430920415079,7.37887580874082,5.313020039228,2.89230881691826,0.0729069495091568,4.35677637155788,35.8155549162548,0.07142436302889,0.0921986524423141
0,57.4449871569583,27.6306336713864,50.0521162867895,38.5901733056847,127.102111115928,6.58414115017229,29.6121409386565,18.9873839222299,0.131650569161114,27.0560800076279,4.96946357597049,8.37213551962199,5.44598097777136,3.18592209263296,0.0644385908920451,4.46544478242794,40.6307834621703,0.0912319524609722,0.0908374686359347
0,61.0484433370105,29.9487881297519,53.1008561645614,37.8674363160249,118.824534804694,7.34807500747473,32.1431488521226,19.7677602182444,0.0968421202285256,25.3075945714575,4.64277359491352,8.02458356410003,5.62150587808324,3.22615578771914,0.0681114194806494,4.23950040019966,34.2902079267622,0.0951756428009474,0.0715934470587043
0,54.8788510048632,28.8189008860106,57.9686347416629,36.3034742671026,131.348624156934,6.70857702224994,32.4497081363169,18.4260313341769,0.123093865004524,25.0361404443819,5.5944012870419,7.3745332445341,4.96168596066728,2.69809032034978,0.0732271754683509,3.87790727914232,37.6272853073319,0.0825446947521193,0.0720315696661107
0,55.2725437492863,27.5933305029374,57.6644351206299,32.9630314189594,122.574274721119,7.10800881522929,28.5396277629813,18.3585804601724,0.0959206600666605,28.1184875475249,5.21349926071902,7.75671064943361,5.05522613100015,2.86946994947897,0.0747984085650809,4.43553595217553,38.6275528453692,0.0931967840904182,0.100069114634628
0,60.9885764731357,32.6860145228951,50.3396059279062,34.5411559120892,133.589515953121,6.3871096726775,28.5962993172329,17.5056890271952,0.1307183309003,29.4959604965733,5.30819301643284,8.44762318781368,5.73856571663512,3.1509719404515,0.0577816525009397,4.08739162624079,38.9670379183191,0.0738904464044316,0.0882713451649994
0,61.3686240950081,28.5395976908091,57.8198970853489,34.1020548736083,132.631209839176,6.68906645932958,28.0982684274332,18.4242077776773,0.129758318000285,28.6872552706016,4.84542624673073,8.01594266890026,5.90294187998138,2.68907846374734,0.0693239038481883,4.10140445694368,39.7568486132284,0.0962000386483113,0.0686417996855965
0,61.8477952382983,31.3454712829691,58.0880032729229,39.801567982863,122.029231989657,6.16023735568649,29.152465916755,17.9394028653176,0.0837192117894861,28.5424820518477,5.31416040929017,8.85482074845615,5.91475526654003,2.86892081308194,0.0610210978892063,4.16459998188402,36.5392581562635,0.0732734653721049,0.0636879741637858
0,52.8429194363084,29.1178539072464,50.6848583448887,38.9885807922817,131.028231998626,7.05267285446957,31.9376811466688,19.3842058715823,0.0885592877008584,27.8898361714297,5.25614159173629,8.25828345504348,5.12763163233328,3.17055851249986,0.0621629243185741,3.92217611907399,36.896334865952,0.0808965219722892,0.0940491536763181
0,60.0397379220251,31.510774122303,57.7073344624438,33.5101018282408,123.402260499539,6.79087696723278,32.7299946471369,20.3896018006096,0.128682528673165,26.0443033183613,4.78457241373188,8.02796061480907,5.66125455036543,2.81294335682347,0.0492613269749952,4.65000040041892,35.4889445201829,0.0797091419655781,0.0769678780804113
0,52.3949173200638,32.4851718070771,58.6041565134891,33.13710931022,120.918127110113,6.75201616058163,32.0093584129146,17.6294807217502,0.104282254302086,27.9675075165085,5.14637333687799,8.79769664806905,5.71361581898931,3.02737978450846,0.0479907520931035,4.55153406400287,39.7693359457711,0.0650129761659555,0.0747775439435735
0,57.8827853455502,29.8165501180619,54.0551949760879,36.6286178025982,133.347936209902,7.11688314238166,32.7981658510693,16.7905730914488,0.0770810819254695,28.9444458185869,5.36451750495358,7.65453936741577,5.25339897206666,3.03043907150586,0.0551316560358646,4.38802489987223,40.7283985588636,0.0748589385530984,0.0786721541158437
0,62.491797658115,28.227303591706,57.0738164209834,37.0913481040247,125.481325345081,6.21864769366384,29.7627285619112,18.2380037212979,0.111235415429268,28.7631184851151,5.46372840864229,8.92773268094709,5.69415411392897,3.35924131691262,0.0654777366828014,4.04972376236397,40.3839219950583,0.0800043888839328,0.0820217493014797
0,56.0784613900305,27.7485047949257,48.4134869240831,37.4327863226008,133.88975047427,7.16190603838652,29.4642382847241,17.4895018801406,0.103182269125768,26.0617572305358,4.72619518128348,7.67523095420925,5.72510834823492,2.95035449839517,0.0457720780958984,4.24867555909343,35.0000106622797,0.0910469250008826,0.101571098333318
0,61.807227758372,28.7624776686764,50.4854190873635,40.1040178572403,113.001636715369,7.16073763915036,29.8596321593257,17.5581332761982,0.10762846508989,30.2478409760876,5.21749855333394,8.46173580673669,5.30343644522537,3.11067923317064,0.0548799964511559,4.55073067581974,40.5215692245583,0.0693877608780112,0.0574887388676334
0,54.8576872704133,28.4432640069378,56.5659936541955,35.5674192315389,119.025782254317,6.47599170452419,31.6347056273176,18.0076297757125,0.0812047492596209,27.3129504318408,4.62050413231691,8.29756025443256,5.88628150259955,3.19634662693972,0.0691981956123754,4.47288298066885,35.5796500810075,0.0921793068060223,0.0790507040373417
0,52.6081448808666,28.1301986437398,57.5047116793683,39.6614849956309,118.072114842344,6.79134079251893,31.9197131592011,18.0684914643576,0.124979245337154,26.8432969925731,5.46415924249796,7.32663278863329,4.833333439591,2.77559184011799,0.0530910198616425,3.96288104065539,34.4714618721866,0.0893985467694025,0.0790640170211143
0,63.824968217421,31.4076044026696,50.0982083519338,33.9607909795111,119.26397000577,6.34385606935684,30.2636349109212,18.3872540839877,0.139997771521964,28.6904657736454,4.72459150119282,8.78667087375155,5.27982619835623,2.93418820122963,0.0649087850974215,4.07596205329475,35.2984014036929,0.0975468469281166,0.102501868650318
0,59.7822368997212,29.786281699937,52.1495265073865,33.5587283502964,125.094485338634,6.15346244014114,28.4614399457809,20.2068112872269,0.0903451154447835,26.8068790346537,5.28877072246395,9.05358233625555,5.88883637834511,3.34243165178962,0.0473170496000487,4.16637110272621,38.7938636235794,0.0620105866164548,0.0794332772256134
0,57.0361294197241,27.0280132740003,55.5423318890377,38.5953280234316,133.755327499133,6.7163278411328,31.5155293087953,17.0349867117711,0.101954463521558,26.1501404187404,5.4434764065772,8.15708364180779,5.15819034347631,3.13344144169406,0.0614718582926433,4.23527512639359,34.1935296876202,0.105969859506169,0.0619272092993252
0,56.8639835916582,30.2122572735235,52.1668108275972,39.3932941796692,123.549479586405,6.18217379274869,30.3911093664946,18.394025962087,0.0993219581037005,27.6329494816101,5.02989205865863,7.86399596261409,5.07070367954356,2.88405699336415,0.0623400469850073,4.55112349300877,39.9326948117037,0.0848995732227435,0.112700631989984
0,54.7745591695596,31.3934864765966,49.6601173227391,33.1497015145477,111.228672699048,7.13377457753619,27.3107586905446,19.0798146817802,0.120423729632378,25.4240084577872,4.90296473056308,7.7497206944121,5.18187199288594,2.83322694576159,0.0488689727916686,3.91540116297911,34.6289595249385,0.065235191814072,0.0790577592317826
0,57.8680608516758,30.2250714110076,54.1668900955327,39.0284574570915,110.602528637965,6.73710808753197,31.3425721167453,19.8732609821453,0.0919169993485795,29.0294295314113,4.93447159500292,8.1848166965924,5.69909902205917,2.81465648526497,0.0551280589791782,3.92003108085196,37.5235501112382,0.0659447096348767,0.0658695928049653
0,63.4551052476152,28.9062415414386,54.5882588311487,34.5199723514967,120.678708541882,6.8699565665842,27.8993757543197,18.8244247973378,0.104845059003392,30.12846147254,5.28764450218803,7.50430546801885,5.31950076567615,3.06120031062496,0.0609558288366721,4.54288178912836,36.0165441014863,0.100631168169542,0.0782424597784419
0,58.1277100622027,29.093179809007,55.0686640911065,40.0701125792119,120.352224035933,6.64522726274072,31.0475813380883,17.5887942842251,0.131717377039073,26.5029391918579,4.75886442227111,7.81605503252208,4.97306086210995,2.82316875826526,0.0722116840834375,4.68458805482348,37.0788284286428,0.0969272050993986,0.0687277463020877
0,53.2206743966401,26.9718745414566,50.3701001905829,37.9123903707662,112.385939606408,7.27452023788507,29.5188204727526,16.826254944233,0.120867410867287,26.0996697719692,5.19593061607762,8.05625787505079,5.64543574394801,3.28176634979633,0.0505292012056386,4.1379135574778,36.794571807025,0.0738507152572727,0.0602994869935733
0,55.3650013611042,28.3081880378187,49.6582977005911,35.9636804616351,123.575806442844,7.13124226302372,29.9088594110365,17.8326771926333,0.0849450569073729,27.1154327548181,5.10445906297143,8.96645748309595,5.92313101672917,2.87555987946409,0.0522167018346093,3.83959551572974,39.3280589534711,0.0784847111909054,0.102647395684083
0,59.5945706210995,28.0746288036305,57.2529645449118,35.6115224478255,118.293769178071,6.86081390978762,29.8237804039514,19.6535251929132,0.132464172333222,27.2644215407048,5.64705362045168,8.11993080149603,5.74228822760818,2.88186046059195,0.0473090549950565,4.74956241225905,39.5024589541229,0.0841668482797933,0.0902204784562735
0,60.4737183146498,29.1890718036179,49.7883100944254,36.9143819004481,122.236777575254,6.76690482499122,29.1701517420437,19.8404246383728,0.124633605683535,28.7473681712209,5.52127131824383,7.87362014695312,5.78548068359973,3.04308840457953,0.05885045417188,3.85252781022653,38.545748391357,0.0728384416455051,0.0933510485290319
0,64.2960754495106,29.1140739534092,50.5524143860409,39.8667204857223,124.436884380881,6.77710345173452,29.6379906094016,18.1474795557725,0.100423069691778,29.3517778765729,4.76366486279149,8.21443010008041,5.80707951289348,2.79134579586877,0.0697398606318233,4.30960808268891,39.9767863924766,0.109079885711936,0.07937218933391
0,62.5436192424673,29.0413388077956,56.0453624855664,35.5935587708196,134.806587964723,6.93118487146506,27.8946943617365,20.4338109707978,0.107133985324303,30.2315554632682,4.83512830218466,9.03556788976035,5.96206847286833,3.21416560900412,0.0560046422834013,3.91293199298441,37.7229979431216,0.074169725549001,0.0927079742591796
0,54.7645461543117,29.0202289776497,58.7973066622256,33.0022929632488,124.307832840469,6.57932001216153,27.6596510573675,19.8936519950592,0.107565415588386,28.6662523375271,5.57823718680239,7.40021343902175,5.81624640685451,3.2941789096864,0.0560650637953545,4.38027748939365,41.3810911376588,0.074532675767825,0.086497499807924
0,62.2889452330784,31.6047148740843,54.2513499344513,38.8761686036511,115.684705262616,7.33081613626614,28.4016606213653,20.2301753421325,0.0935417163421078,26.2340981148737,5.01459334223046,7.69912185285101,5.65867533909689,2.8163452230262,0.0510660369544609,4.54654463803031,39.9083489385585,0.0700734103897982,0.0779237964400248
0,58.5785612303044,32.9524584983242,50.9738322264506,36.9854480599758,134.845679285992,6.28810144073296,29.2205960913386,18.951369633598,0.105598323961939,28.5744520510202,5.0218964416215,7.74833453784593,5.94477401680689,3.19321318271886,0.0494642551421705,4.51393790368765,37.8777277754183,0.0726293878875652,0.10675897082321
0,61.5378652339442,31.3832100015041,51.8751538334219,36.8016439071487,113.680276894607,7.33224548851668,30.0980127370466,20.0332492884249,0.0815382571371646,25.8450385282076,5.19930095248306,8.14296786823525,5.15843840516693,3.21805885646028,0.0694580387060735,4.25303956667551,34.9613930168003,0.0968779886924943,0.0733835798782981
0,55.0017756347643,31.4159076148563,57.0077327225738,39.4348137787412,130.581475078752,6.77256238878314,30.2224130769708,18.3188895162381,0.118157005436875,30.1179494823365,4.71508707800483,7.66213569209964,4.89207526589731,3.30699514768417,0.0654044587460643,4.7283430897729,40.7662221383557,0.0951445797359632,0.0855690375327067
0,59.8988066536132,29.2411687498398,56.9886637776393,34.868611174883,133.028902870696,6.6359663189507,31.8545988903812,19.9555972082082,0.133280092591117,25.7162027340072,5.59807551590297,7.41200006014191,5.54776252850375,3.19016321785581,0.0579173588744024,4.60050791959494,38.1434901768038,0.0720672017337981,0.111406122557035
0,60.18021843729,31.566635876859,52.2548741289933,37.8285816032197,116.483797605324,7.19036721630719,32.9519205681093,16.8357970257176,0.0956461533748815,27.1586162450451,5.15762859339474,8.79769800540913,5.28417953973319,3.03346877202329,0.0498394299889527,4.33281694647588,34.351300066917,0.0893207331447384,0.0946244231509162
0,63.5026944000903,32.3500990315433,57.0867567010213,37.7836175896352,118.469338180514,6.28309873455027,30.2258105668194,19.4497014934984,0.131825970230897,29.0550206388799,5.54487342444199,8.9713326462351,5.3871696065084,2.73390623517832,0.0464403278934643,4.08690421442251,41.2831664150574,0.0756519326318317,0.112940231331459
0,53.7304952071303,32.6159324717543,56.1051482098359,39.9268259776812,121.963466390802,6.24667110495599,30.2768809860196,17.6265203507905,0.132573286763076,29.987180973607,5.29377927652777,8.08883885397345,5.34374230681649,3.19560904427379,0.0641868349570045,4.22738473738043,38.7444417350917,0.0809513077056942,0.0675339129528629
0,61.5018326959481,30.9266127388371,54.5831730552037,34.3237639249538,134.525363588919,6.65435146490066,29.4794644166456,18.5699336028208,0.095474727195874,28.0671958286685,4.9208421784647,7.42598548090912,5.38998535445876,2.93280506983787,0.0524538041594383,4.65537127284114,39.1440616913868,0.069156939328984,0.104824196667288
0,55.8824708805179,31.2138911175293,53.9524337992952,38.602210323723,119.30050574475,6.15949003188037,32.5029792247536,19.9823736672592,0.104790904735714,28.394005130788,5.64014832248885,7.66484149246011,5.5775589834382,2.80427267794713,0.0738348064835534,3.81211389952532,36.2118963385047,0.0778258681538758,0.0651589937440607
0,63.8825610629403,28.1656808939303,51.468221652446,37.5145704328948,133.022319339548,6.1523886717909,30.8844882550795,18.4753199701097,0.145206835280716,28.1216062058683,5.43450721926875,8.01601603138908,4.89756951660152,3.26305760482315,0.0721488714743122,4.31210739117486,37.2431184577097,0.0866331479282906,0.0788982950700934
0,61.9114385915615,27.2962268100532,54.4199547212862,33.3575511934677,117.542055634172,6.26409403968065,28.4222581207363,16.8634746745667,0.0794744302248402,27.5942109736678,4.96372570563612,7.46966125464342,5.13234268684592,3.25772504187411,0.0665947440096912,4.67003746060758,40.4754914344086,0.0888994000117952,0.0683145007915018
0,58.1410143339251,32.8523010405183,49.9855160081216,39.8707922797203,135.293029246448,6.30131505083146,30.3777379663895,19.113655639209,0.0889221716425848,26.5648497277232,5.69575126127704,8.6133603855539,5.09949751975329,3.03563491139967,0.0565234916643787,4.19499245741433,41.0034282276665,0.0842510412441757,0.0922024944113683
0,63.1169645125372,32.7984290065256,49.0414601034846,39.6512627439001,111.360443810779,7.27684099464795,27.528705835811,17.6531207759628,0.0783551546498703,26.4783561889638,4.77516022428806,8.91243540852225,5.07681393155265,3.22452404613389,0.0748853147810767,4.55741440586643,34.5645128927411,0.0673466434434464,0.0707721950648355
0,59.4329270163053,27.9805407382253,56.1298247435862,33.3771378191296,118.72437449995,7.14329494591869,27.3724997110231,16.9924047250655,0.079765099969388,29.3837683284096,5.21327428013007,8.13951301078724,5.77157396297471,3.04272198491132,0.0676511079261692,4.25332406197819,40.7544418068746,0.0951853420716605,0.0653735982096475
0,56.299838123687,27.8625221605824,50.672618496809,37.4867938422264,130.96471213533,6.49682650141164,28.7862916777141,19.9884553755184,0.11124376864025,27.8193581252692,4.62685563645217,7.69277697920231,5.84376960441858,2.9428777805485,0.0466984488048467,4.50788392352572,35.4978824501501,0.0730768036316235,0.0674977998159845
0,64.5962704747955,31.7292696359455,54.949710003674,35.2018032181843,131.776284137131,6.81042909032348,28.2206844821002,19.3742546652999,0.09146771512645,30.5370218977841,5.29279354815435,8.41914761733582,5.05024879444634,3.20539022333958,0.0720185457442597,4.09373375786619,40.5373716498981,0.0913073565983532,0.0701675066936994
0,61.447308110273,30.9611530681444,57.0536478936899,38.4564850030115,112.646751685017,5.94187846292988,31.6910698336136,17.8476575537811,0.0929341176841511,24.8554283886185,4.98144021584033,7.75523074264052,5.31316735998827,2.75519847067498,0.053839922832402,4.65649553478247,40.2460030491452,0.106032498311411,0.0946171010084831
0,56.4316989605178,27.4936814005326,52.1029130724269,38.8424004091407,134.941003799198,7.18093381104414,32.3660461256976,20.5940614767759,0.0983789462953963,30.2797271071566,4.67324749290982,7.86286639827318,5.31461716543136,2.72094057257442,0.068507845121017,4.05006822545793,40.1433385035303,0.0976104824314715,0.0696647920260506
0,54.4711184251458,28.4766616379441,57.5745643481926,34.6136088950824,132.511781495365,6.84635477414849,31.0783305600976,17.64156212348,0.0926140050675157,28.0078762947463,4.8418158748516,7.62020052773858,5.65353504970581,2.84225822996395,0.0679548130030571,4.27543870230733,41.356636384643,0.086666493226139,0.0917729654385769
0,63.4355120426061,32.1600847297452,53.6390523214224,32.6941395584887,124.466301289366,7.03144392593646,28.4187880352508,18.5916832154856,0.107752382340902,26.5396536207771,5.34077999715185,8.16504027859947,5.6636643683018,2.91171333302266,0.0744175814633231,3.83055356138804,38.1809000557086,0.0716615268367243,0.107557967172666
0,59.5822319650392,28.7039009823144,52.572422456917,34.6062277396352,110.545545014452,6.22854609887015,27.3553202785727,16.8060100689312,0.132979085231257,25.4728410720165,4.63277558801575,8.7735120073482,4.97648657385208,2.93075474414292,0.0621164401868997,3.9333689265159,39.5503111551116,0.0752331403063943,0.0659216536174592
0,60.343958929403,29.0513016406965,48.2130250302452,36.7970996752411,128.746106530047,6.35065038488732,32.1617514159594,20.2096959200998,0.118145857088542,26.904051556115,4.66684564054617,8.91803766110964,4.93475074069273,3.22083378929502,0.0755474920603665,4.25296464208072,34.2843002152103,0.0837904632311395,0.104511937057862
0,59.9021161002603,32.3046588446264,54.941053875993,35.5326085406552,122.139763302836,6.43271651551136,31.9231760967647,17.1492847910922,0.137719236044706,25.4520309952097,4.98795721480435,7.70299392569569,4.93956309408784,2.80736255712689,0.0579046140365884,4.48121498548207,39.4530492435873,0.0732757268704333,0.10822909160729
0,53.5383019169787,30.5804905206128,55.708028415449,35.893895134438,123.764307304122,6.71861190890703,26.9734077112946,17.8324932387016,0.0987974144715747,25.5091333166164,4.85682729702842,7.54825398999241,5.28857198075321,2.79596949598587,0.0730134409890532,3.84783026369425,34.4183886194031,0.0701689600980697,0.067145928888735
0,58.2607929642305,30.8884438786906,51.7243376178647,39.1486544739356,113.847858144397,6.72966319865731,32.8483466272456,17.0986157603659,0.115582144899082,28.5677385957647,5.29530924193758,8.83867191150648,4.92901793535435,2.92558808151042,0.0618189630600894,4.5945031199534,39.7725169658522,0.0742111679384064,0.0659008148402579
0,59.037020980151,31.8005240443538,55.3848035620942,38.2456400495787,121.541406407363,7.22857152428352,32.9333498997531,19.3114911710299,0.128513787361897,26.5529698367461,4.91081691736843,7.82649682767621,5.43934914057076,3.09522854765405,0.0521455275986364,4.32826718682275,36.4359119967311,0.0668420963084921,0.0888706341679966
0,54.1961892104706,28.4734711193564,54.8069853948639,37.9877695133701,111.522649711342,6.19726060121299,30.140730070177,18.7185999512114,0.0835074826580869,29.078368761883,5.07129187719484,8.17079620674395,5.27031723787239,2.91668887218092,0.07458567171296,3.96010539990716,36.8995779717311,0.0647257624883088,0.0813009781391603
0,61.9417545005068,27.5966976044462,55.698373286221,37.1843837894296,121.624745616786,7.33975173028359,31.5962147722784,19.7835498044875,0.120811898326962,26.9418106438253,5.01779521850031,8.24566240231079,5.54872065494366,3.3018662144613,0.0548248830088969,4.24978323985934,40.9162259972544,0.0954105560366716,0.099600319228317
0,63.5546964020874,31.6476700217186,52.5146702891037,38.0584337009009,122.26204185042,6.73792836501446,33.4326540831092,20.2985041914717,0.105306269062365,29.6007551745658,4.91183158981306,8.12807796170688,5.15634513661205,3.08757371237148,0.0587054059129335,4.30461963035212,39.3552591602434,0.100956897710153,0.108152264600134
0,61.5826710445176,28.6768008136368,48.9239735940823,37.7856877595201,115.032140980955,7.22495931911841,30.1460582497195,18.7330176100247,0.107864627581586,28.4754264700668,5.10583896595715,7.80392700457936,5.36382681874245,2.80918416695809,0.0550227880291442,4.65058773235098,40.0222914498598,0.0828358587848974,0.0621849914707814
0,61.8360460019196,32.0403296701829,49.0053436195162,38.1504457860384,111.567813557338,6.57633980674985,30.8991020596848,19.9517990633382,0.113274800650975,28.359543858067,5.47623321777474,8.18852732639657,5.02331460391111,2.80376526858373,0.0582233211994324,4.06767789368934,37.7222681711824,0.0653502181639743,0.069350058258829
0,64.1931773129218,29.0223723772396,52.3797102511527,38.7654363830598,129.047700907751,7.19890839399683,30.409150734554,19.2998988905554,0.106605638273689,25.6137366123589,5.6625041959372,8.62791918234911,5.07882880744865,3.13737163218317,0.0489235253513327,4.03686374501859,36.1224453499075,0.0987036137647303,0.068377685155375
0,58.5611310844014,27.9231355068168,58.3331854218069,38.2503483893123,121.482997522326,7.26377506776633,30.6880898445689,17.0203670885691,0.105760210558386,26.634994431614,5.08572344849701,8.78159457472424,4.83571997045427,2.9150070302275,0.056050134372079,4.21945888687716,37.222932401764,0.0769746993040466,0.0936987946142665
0,63.5508016863553,30.0676558593876,56.0899622542074,36.267669716206,126.330229138521,6.52030161339491,32.90573212382,20.4856926240962,0.0945497939061938,29.3675260989004,5.33652584421265,7.63725845970959,5.93692796963287,3.0443869567913,0.0585692040991065,4.58969784845681,39.6029805011638,0.0954832933698763,0.0877084924221044
0,55.5274157547827,29.7793253006629,55.6759885983432,38.3718151991956,123.464228830572,6.60105204105195,27.8455293661417,19.3320415889311,0.0984311534220429,29.909688240921,5.07801169404319,7.53820991304424,5.37076198236444,3.03312577574074,0.0644764704809351,4.14176742385004,35.6914068430591,0.0823595521045263,0.0756457222787338
0,54.0586333234626,27.5913987869137,49.2994640622119,36.8579517234306,119.466633984233,6.14010128740903,30.6722524337397,19.2084665638582,0.0972431679506589,30.085830185424,4.83133627946348,7.70478930648018,5.36864552152755,3.11103770931749,0.0488493999664305,4.25872832916821,35.1714900106268,0.0702177328463536,0.0680730676552619
0,58.7337549701149,29.347741743043,59.3172936697817,34.9144103236291,119.362752081479,7.29895070848144,30.1496458259206,17.0117057084601,0.0857622225540948,28.2993014853769,4.82993480795758,8.07029290221166,5.30879628480057,3.05812930066999,0.0603016074149537,4.23188607690116,40.7505552363451,0.0828018036953164,0.0961152091558322
0,61.269837478942,28.9249977943309,58.6226691050938,39.0908359460404,110.164165838599,6.71925298841634,30.9128407466444,17.5786617747368,0.124818380211176,28.0110957675525,4.65261455787687,8.45325657583926,5.42307161529395,2.82446529180685,0.0672107503941461,4.41079288644101,39.9858710683748,0.100466851677023,0.0770557608970172
0,63.7940324613104,30.3405823202261,58.8804662022323,38.6471090502134,134.58275335289,6.57419345915014,29.574872995569,20.6611294061348,0.110316650480524,28.8603320598825,5.49463808608324,8.69476473957426,5.43643088953823,2.89176819739577,0.0614483880186317,3.86602666540562,39.9172662556962,0.0947036545393554,0.0916883690123387
0,55.9607672105958,30.6647735197967,54.3791521655733,32.9195830687331,116.433294983437,6.26787230977103,31.0219015489565,17.5027918570753,0.135755680729871,28.8070773481359,5.2188784171951,8.61742879421376,5.81946438928543,2.88280724730913,0.0647945699857613,4.31172267048889,38.8075163045521,0.0873260584929529,0.0909582897665578
0,62.1488368982917,29.714692846882,53.7181561791108,39.9823740066125,116.328255638289,6.71713103049675,33.1724429913514,18.8063963519032,0.101675562907761,30.1079178816694,5.05453272988991,8.90866105087535,5.50543787502666,2.98383460264759,0.0642456184902085,4.67524766179513,34.1325683254995,0.0940244723889229,0.0863964209505264
0,64.2198348070961,30.0232709519197,49.866693672696,33.3592907711795,128.030498352971,6.05701984572138,30.6110485588628,16.8816959875933,0.101899702303515,29.9988834614599,5.47278545061265,7.55054423561239,5.05619964349065,2.80460224836717,0.0686830889174661,4.22755916564212,37.534892335188,0.0976083803277537,0.0681668816027725
0,57.2063618158501,32.7988043693028,49.6696908493335,35.786362665522,114.751266230141,6.81186816567331,31.9566063697093,17.5968025444738,0.120349979966648,27.8505507811878,4.83956218244737,7.72959729487035,4.89237328141312,3.01124102099386,0.0483851441952318,3.97753344218136,35.0981583842637,0.0958018563472609,0.0685751247909483
0,58.7669051445137,30.4716745569888,51.1971693707878,33.2554497403292,115.236016980615,7.24964453783279,31.8544771418094,18.0615204645641,0.114099432114484,29.1864297474294,5.31643125452768,7.96495377492726,5.89890340282345,3.27863394398559,0.0681949404408846,4.53812502623561,38.8202522029194,0.0936743290773741,0.104974064251279
0,53.5571076695048,31.1453470540541,56.36139655508,40.2140747195585,127.791334318923,7.12707621522875,27.8067706605139,19.3858012598792,0.139768577495187,28.0059979717749,4.91915303925997,8.20950360136663,5.06894245775641,2.8452780280726,0.0655643489714298,4.1834464540298,38.5543423121855,0.0795418970043434,0.107514022462656
0,61.140861087182,28.0455123898448,58.1059998686196,33.1694745486262,114.277969400323,6.3288148065442,30.0054994152403,17.2461240727916,0.100623545884857,26.6612937097505,5.44468762202664,8.1364401058524,5.48661160797984,3.1251725791905,0.0677349644982869,3.92333047329011,39.8301896393911,0.105110647054016,0.0792269053935744
0,59.7011499772897,30.8746549193611,55.9306942399942,37.2285505685878,122.796888894034,6.39410188548275,31.1389480275839,19.4520321772744,0.0946726434500626,26.8484912423862,5.25651918823386,8.68004085730669,5.1784162015276,2.84318339107271,0.0713349062824459,4.40882685760079,37.8920561997715,0.0722337083459611,0.0818321477052438
0,54.9957581208931,28.1950341125054,52.9708741949067,33.9737728897237,121.562747728275,6.79061059927466,27.9431488998076,19.1247915605464,0.0845968537101857,26.9214289304238,4.88229841045653,8.95092981041052,5.2838127565921,3.07663628508382,0.0485233859098943,4.58987367701146,38.9058947637345,0.0928799104348534,0.0852084529799615
0,53.0401628430726,29.913823218643,54.0923315757194,37.5603157556945,129.94426222469,6.79294896837797,32.0864525037152,18.0909852056753,0.11883118353022,28.3893858302225,4.94107363709492,8.66062753042536,5.07966624395268,3.04095398847859,0.0569740416819386,4.607668211682,41.6410049403487,0.104264527447667,0.0803728962452434
0,63.5089791009081,28.9411410620614,49.9450986426721,34.0788267834105,131.948585385015,7.21045591131453,29.0903840176748,20.0381447000619,0.111392809500753,25.5776499106505,4.64045087796831,7.63779255840848,5.81894591840029,2.75868912337099,0.0550925371604213,4.63148475260496,41.3845749890996,0.0769137612522762,0.0771715512156769
0,58.0449827829318,27.4846742397399,49.9119430358582,32.8844878701742,127.430634615832,6.58646071994388,32.1783710390077,20.0520739255596,0.128203844213111,26.7110206788693,4.95271327585651,7.83250397968485,5.2842822659817,3.20529365335842,0.0485105593827513,4.43737522087376,35.4402017847054,0.0724283166442489,0.104413550831361
0,58.5675290524981,32.1864420214331,54.3325708267716,36.2139535587653,112.489371564083,6.9612002113345,32.5469670792908,19.2405674365361,0.0805616114002579,28.9476435909363,4.627768832145,7.74640424536896,5.56524013258108,3.05970076098218,0.0540952732773579,3.88410828037425,37.1661965858201,0.0788769599497832,0.119184221482178
0,61.8642660086561,28.6628155063391,52.2085385938131,34.2029547771443,125.317298296351,6.36752518670371,28.6639284642988,18.9960876433726,0.138539011849706,28.2149700062892,4.68833148587463,8.67637468015927,5.07705531532926,2.68893614557257,0.0582818314918748,4.25254409860555,40.8439996280827,0.0754288953879384,0.0654503440570082
0,63.7351163298833,30.1819929661119,52.4347303065888,36.5987497522849,117.515895142397,6.98507648569414,30.8697726410155,18.4149212480478,0.142162181162606,25.8985260853146,4.98284321442566,8.84019774736901,4.93757787270584,2.84442177773567,0.0704566617123144,3.93383690303203,37.5058627120354,0.06443950360118,0.0866943467246544
0,54.611553360289,28.8395614387741,52.4991705653319,34.390863185334,111.591106943242,7.23116482235299,32.3130989276854,20.235825147268,0.0949673054968118,25.145097749463,5.41198984056761,8.66575200156711,5.22046275567511,2.96129154351598,0.0621937434738032,4.66976201978656,39.7431723806599,0.0904066936826006,0.0893067134708044
0,63.1571114353367,31.3460384440621,53.2777322315941,33.7283055779235,116.450800194258,6.41490941007715,32.7370341572533,19.6926068662643,0.092454660446129,25.978898874965,5.59927191383187,8.49914611499869,5.8977840990694,2.8275309315975,0.058639950383888,4.28345516664107,38.6579059365879,0.0681167249359093,0.0929144331206784
0,59.4347610433953,31.08658830343,53.7930037843733,35.6561705966793,120.7684383189,6.40026563041249,30.6489619768713,17.0752671569658,0.129177785587791,28.8308752493638,5.35234194489847,7.89995507294354,4.93486506896602,2.6892210867581,0.0715831083855122,4.64571987238329,40.5884539093603,0.0955383254973558,0.0665917246452431
0,53.4606297429633,31.8644667978929,51.1681472524901,34.3640606715963,116.420131604928,6.5970926942117,27.6081404063196,16.9587243160646,0.12817937258062,28.0609291968191,5.33536443680168,7.50591528975934,5.08790243584317,3.14762173000391,0.055102358129632,4.68929927410838,37.8699204203837,0.0751435047104809,0.0872310121713456
0,61.6109683770441,31.1972188320332,55.0683255016918,35.6611741405941,123.89312827075,6.22687601107487,29.2388937869083,19.1779774239822,0.113180234525722,29.4086012933135,5.03599863084531,7.34755107688778,4.86998854469904,2.67708630281143,0.050638613060694,3.99800178236893,39.5084504084764,0.0717405084225762,0.067897181027786
0,61.5527942772526,30.6996216950937,54.8307550105482,35.8959786052239,120.217736699699,6.88532681414408,28.6582241254951,20.4494381558718,0.125769243049108,26.4732833375832,5.66943202739376,7.54770211182802,5.05002124175782,3.11972252629935,0.050108241205373,4.42670222316887,39.2589891022993,0.0699344856334014,0.0691372407500321
0,64.4454515918992,32.0122115969148,52.0691545809711,35.3824179149761,133.822217541056,6.17761691077533,27.8174300641684,18.6067699423771,0.137214797672351,30.6387813188345,5.42365298602101,8.59181445997992,5.17062311898004,3.14360693978105,0.051711580056609,4.08916249365588,39.1585642906058,0.0958777342874452,0.0761265155386691
0,56.5491378438216,30.3653707443983,52.0698462845359,38.9383996444527,121.551048918038,6.53525918483486,28.1463031363798,17.7477253379457,0.0785903254612312,30.3504393294385,5.48500385044994,8.50291486243113,4.97303329972466,2.70909888669437,0.0546062585835529,4.01870243924931,41.1422523908772,0.0678527060857928,0.0964713620027803
0,62.7059512990047,29.6648442882197,49.5005348681609,39.4631440889436,119.646525255877,6.67947547369122,30.6371211116814,17.1049969188489,0.130970442158666,28.5835133037027,5.0673263402645,8.38171124272154,5.85036499310908,2.79256409478408,0.0494511918591847,4.35534089519163,34.275283745072,0.0960947231385837,0.0970929557599809
0,53.308857088685,27.6421285637293,50.321664998928,34.7753475462662,131.718853181525,6.86891569485767,33.1170922267445,19.1971640369695,0.120256384393478,30.4519709459499,5.37932323910494,7.55141994912635,5.34834408193565,3.02163496985918,0.0590781192156346,4.5281624973649,39.5671714297051,0.0735579150858536,0.0732676729284091
0,55.9528215283553,30.3610796354192,48.7491191568447,34.8619612375699,116.637225026512,6.64228026076698,29.0845862920468,20.5229265546038,0.109184951923401,25.2953853050015,5.19184718318954,7.94255542189053,5.04348762628383,3.2176288921311,0.0549063813716014,4.50475770158942,39.5933432337076,0.087553501216375,0.0752749775470122
0,63.7945237403016,32.2900065873103,49.5161568227371,35.7740600281136,112.280451512769,6.12566435052907,32.2717090303356,18.2715144801178,0.0844464434489896,28.7028849040914,5.08511425931777,7.4874100518964,5.88689003248047,3.34333638594698,0.066970125312692,4.36217790608727,38.8857663942185,0.0930036750155491,0.0702183658955105
0,63.6031879517228,30.5494626666447,48.9746079728023,38.2553456029734,130.728895131102,6.08058789622708,32.8073833505647,19.0623991765374,0.0859558256017594,28.7435115289165,5.02885663886962,8.47626601570351,5.04329610313684,3.05071540177542,0.0613035627697508,4.13072319636492,41.3081627271482,0.06777102299991,0.105064527523991
0,58.0470813225495,32.074766720425,50.3169598843744,38.5682372944729,124.642056709202,7.0237378335776,28.9545951661424,17.1837483446213,0.105279526216029,28.1102645845561,5.32105977059427,8.40337975024953,5.1779081215799,3.01211047026398,0.0414915778016994,3.96164638937219,37.0919813244035,0.10806953307682,0.0939891473374184
0,62.4793117871644,27.3220034181783,58.5586777570417,39.1457342651126,124.780781422972,7.08142177442036,27.5839953334615,18.338234920117,0.116220903260588,27.8792300276942,4.81443054343771,7.63354708863817,5.29393631811439,2.9608661077722,0.047535641405012,4.07827114498701,36.7262025833381,0.0721437506073064,0.0837981196634592
0,61.9303249635043,31.1311019304957,52.8785673380213,38.7866995036794,115.861303527273,6.31880309218415,30.4836775941169,16.8335054743609,0.0929226362647578,26.0160025972637,5.33379580746344,7.69340701313529,4.92912652779327,2.87345674605675,0.0511067621179062,4.25395191737253,40.8866563256662,0.103999513953677,0.0871080608866073
0,55.6662179635172,32.8724450299867,58.9885384286352,34.647277727719,122.884071520017,6.77906689790493,27.2271501540563,17.67873924053,0.111071852125898,25.2270674192596,4.65468981286179,7.57619148712888,5.25330526362772,3.18601984625394,0.0489664812610113,4.1258863013134,37.9035913123501,0.0670103917712356,0.0772424317773537
0,53.2927451814823,28.6012131302505,57.3960542834719,39.1866853000063,123.208049895113,6.5433998781384,32.6586212531498,19.6423218010382,0.087402025381222,28.814716228868,4.86187530652218,8.18287500605052,5.48750456362512,3.22335433535197,0.0669525999101775,4.63342833648125,39.1731650950115,0.069165975279771,0.089648092029928
0,56.7474072568037,28.1941979459995,56.6911879317903,35.1731895211195,123.975006829619,6.94019101679849,32.0620739803208,18.10269939174,0.128846432934532,28.3259621115599,5.02508925683325,8.49930536601525,5.875161329733,3.1998213143068,0.055888215327595,4.39105760147404,37.3460081703187,0.101401001942248,0.0676392729354625
0,61.1836880526627,32.5868204880745,51.7288646600857,38.0730099024241,112.395494981553,6.18501984959587,31.2331676189838,17.730187714134,0.0935654960469414,29.230970330104,5.56515121617026,8.4280232897163,5.2436151868937,3.10841178905137,0.0589188948039738,4.68069061181281,35.1041484495338,0.0720993198789095,0.0695539035722099
0,58.4660570129094,31.5927359707151,49.4531583901127,33.4218120112598,121.374247992216,7.28939567784391,30.2622308294327,19.8165956334327,0.114948351995857,25.8995401871025,5.45718007455626,8.85898544325271,5.29996229461695,2.65614793407441,0.0569065147613368,4.44453719468053,40.1808806872943,0.095757349209172,0.0882832420575292
0,53.8612080886711,27.157568567767,50.646237083754,34.2806069517434,120.262988263196,6.33474029468579,27.4114402768385,17.4528550205486,0.0843700724537544,28.8651164512384,5.60275642684721,8.93870345770735,5.72300767964762,2.75312009484078,0.0481639846827627,4.07464340441993,37.5997011168232,0.0716799948486717,0.0910139232976137
0,61.6509222226208,32.037731756231,51.1333133869329,37.6496952876956,132.224418033848,6.47416376311938,27.5672533182802,20.4411320670053,0.139330819682931,27.6271663854152,5.66200623325713,7.73784802451456,5.23225262901264,3.06692302724289,0.0614446756136435,3.97076935994924,36.5650188072552,0.0958763065640596,0.0952690551825367
0,57.2292469043756,28.8180703555353,56.7769795059872,36.0201937184006,127.102367648236,6.99440302845665,29.7330831184938,20.2876582191502,0.0867956159395891,26.0414941270861,4.58671671476716,8.22014807510219,5.33879737477513,2.92530923839496,0.0714429478066803,3.9731097650948,38.4645439836676,0.0874793133498801,0.0699233913026834
0,55.8072202341916,27.1977194080118,52.0151927674901,38.0597302464672,112.793149902087,6.77816857464578,29.3716376515751,18.4736288746605,0.0965778458802878,26.4310112015647,5.25387923625235,8.09161146737054,5.6998032152614,3.01098802433701,0.0603182210867105,4.06838317261845,37.2480997665545,0.080719770811284,0.0745099189139779
0,59.9344604660139,30.9859780310548,50.6136461398521,37.9525916987443,121.413763868344,7.1890722205396,30.2155846597636,19.1343549542769,0.089146758751396,30.1791207298734,4.82115029068296,7.78504676783166,4.97104292709185,3.29723945265638,0.0732662826942847,4.39807655168148,40.880112448638,0.0828729765411409,0.0973963382698422
0,52.5866821871344,32.5825534970353,50.4208380840378,39.6943810800496,119.24397124708,6.45270198973168,28.4303080278682,20.0123300625967,0.118880444674822,25.2040312958946,4.69088773239994,8.89475552881418,5.03896684168251,3.04752914794343,0.050944384262023,4.32230622983907,34.0585176712389,0.0967885446558377,0.0962873226325128
0,53.3055873917023,32.5791204528144,49.5980570015718,35.9048767482112,115.024943124788,7.26150806618836,30.0400618612941,18.326064929125,0.0888008026675424,30.30708191971,5.64033026668255,8.8120586695979,5.91617799891769,2.86670564515879,0.0512176247281052,4.46063955906127,40.3955429121503,0.0868086719640676,0.0768737657334377
0,53.1146141499971,31.0162972504772,52.4767810930188,35.4584699987218,131.532510631943,7.28401484117413,29.805095619247,17.9784966619155,0.141586104209819,29.8958093922041,4.90509109102577,7.79559817767925,5.21142711258854,3.01836906037141,0.068169507329646,3.85992847429132,38.2791183524487,0.0656141749548924,0.072461941252314
0,58.2517248939972,28.9514453300502,53.7415205506069,38.595795546752,123.214708744762,6.65044697021714,31.8390515536845,19.0341057774208,0.115275473816482,28.4759893985097,5.44899645136629,7.90699557975364,5.09117074546276,2.96423015042023,0.059313298127886,4.52231839683261,37.0119873033792,0.0695540070876631,0.10484815556032
0,56.6792452018387,30.5454595613,49.8626003963556,39.916327069505,131.246677970372,6.04015792337108,31.890013243253,18.390864765248,0.0955747354520727,29.6533917597429,4.85270333552708,7.59623546725208,4.99314827282929,3.13505429278022,0.059475000727772,4.09120051798148,40.5651726706392,0.0824191134987502,0.0726462257629039
0,62.8109352335535,31.1740146321561,57.1564540026593,33.4848752290072,134.617442664926,7.05856023739478,30.6772426347595,18.276777048557,0.0834188093139585,27.968900986343,4.82146385726215,7.92062251342617,5.8932245558608,2.69796786622733,0.055103690733673,4.09867525456517,38.2783046600992,0.0774646524804801,0.0734430312323015
0,56.6999140434448,32.6012058146614,53.4701311432164,36.5999530190511,129.391311311398,6.97281339713716,32.7298713275627,17.3527008421727,0.110427294401162,30.1420644012406,5.61300648190617,7.79991548648625,5.37022712580318,2.91425728980648,0.0615481088768511,4.16592116167095,35.3682197338944,0.0711507571131624,0.0725168008170932
0,56.3915828385504,28.2086293638117,55.8436658722286,39.9782579997384,127.265156555093,6.14942678304575,30.0164311723048,20.4651950201607,0.0952381707447699,27.4780364223794,4.8782919728421,8.33302024392402,4.96683806922871,3.29157258573467,0.0478722424045987,4.58897961068604,40.8924093417411,0.0851532314003057,0.0949125718225856
0,56.314180382686,30.6803376177031,55.4849092666051,35.4761361085245,129.052167401088,6.06736378809836,29.8455406674282,19.4212764136298,0.098103736379675,26.5731201596469,5.45976634971596,7.44882949910147,5.17877205703879,3.09863024568346,0.0587358656170082,3.87934696073994,36.0602956758273,0.071390273971881,0.106311226357821
0,55.9871137141734,30.4080400424724,57.3067934601449,37.3196217435068,128.5206288126,6.47010076437499,33.1383656360057,19.8155884234887,0.0930913137876026,26.2628813789479,5.30191543532832,8.55631606780026,5.35469040049869,2.78284785114555,0.0553214337835527,4.63972101577962,36.6180765427042,0.0992097684943101,0.0915218743200443
0,54.2815781428358,31.4276212212961,49.9795891919837,34.7056515208407,132.079566060188,5.9908328070479,29.467918323619,19.974971060397,0.103909365672838,28.6906515293915,5.34501918828697,8.88348060159679,5.70623093802933,2.81175885254707,0.0674055415740924,4.33807127379903,38.2536904125863,0.0743147064208645,0.071815955812509
0,53.1819590400142,32.4636920882518,52.5498977607341,35.0267968032417,133.156668033692,6.9890450151918,32.1146556323107,19.3446261574672,0.100416843277605,29.5059326722095,4.88862925850235,7.78572202486475,5.3135551855374,3.26786452700391,0.0557594106123222,4.37120514800191,34.3830501446719,0.0723115382895467,0.109920861246892
0,56.276307182186,31.5026697578545,56.826226992378,37.487960743848,132.918664811578,6.81186703743415,28.8142559981226,18.6483188441672,0.0876380511453071,29.2462449282538,5.58899800536405,8.94254476140669,5.35878667513552,2.85158974766821,0.0814956094476188,4.02821985968658,41.3917973324255,0.0962665326175186,0.108577855042187
0,60.1881844436376,27.302316371836,52.2233513571684,36.1544641682688,130.362625328101,7.11977725876937,31.160493755838,19.4067318399884,0.119654642389383,25.6224354970335,4.61337612164719,7.54556159812886,5.07567276273533,2.92635965628786,0.0668947875532878,4.03702768583026,39.2066850170837,0.0926352157912308,0.0818860529310194
0,64.5377923039624,28.1682964296989,51.355550520719,38.022090600678,121.610128247853,7.12169147807752,29.7790967603839,17.6625537929402,0.105335782644323,25.7244889404391,4.98779863749581,7.99183916353937,5.22070429722506,3.02722494570222,0.0710086345453428,4.10267523248926,35.2663043858528,0.0988581012143314,0.0710512022777841
0,64.3274022508911,28.3221069294745,49.3273078655725,33.4906461458163,134.543036704239,7.27018816877962,29.9337515587659,20.3600853283529,0.133881817912839,27.6824369286104,4.60054128339402,7.42978081581086,5.92878896428512,2.81686466586561,0.0502919878569426,4.04214510759615,38.6727754088232,0.0951526088688195,0.0849993584922265
0,62.3671229627424,30.6871033458595,48.9084660051812,33.4285081560481,119.734857527867,6.46857217832531,30.7660798147616,20.3458129179622,0.0878792993962695,29.4716166222224,4.66158777436848,7.59011905384624,5.56966682244054,3.12107821560875,0.0700581537647521,4.20726090660408,34.7990503670549,0.0597063168054398,0.0706650065182671
0,60.0295701614394,30.7633145722717,52.0534934971355,33.4914982714792,114.972695407238,6.8257715317292,32.704071884623,18.562389451412,0.107286750484608,26.8665307213817,5.07493524382844,8.68020429774721,5.3075024086535,2.9019458118235,0.0471745235104067,4.61300986340058,35.3699876425179,0.0947607387760209,0.0616992585946285
0,53.3227382500554,27.2212089506756,51.1339045875336,36.2368242744592,119.02740866554,6.35927085073767,31.4128905502021,17.1228375935611,0.11978302759116,30.056202545386,5.00068063910038,8.6185108699218,5.19755072937243,3.18607327685516,0.0683815422582712,4.06750723868657,40.8556115197813,0.0677571193420885,0.0765582568177636
0,55.0281621035508,30.5141824071432,58.1816065064287,35.7962680368321,115.038712948569,6.61611927087071,28.3741660818499,16.8799096245164,0.0963206205597383,28.0041730018139,5.26946968393979,8.80517911477278,5.30335022352686,3.05863175321835,0.0707092223250041,4.69562945694817,34.6603915178925,0.100487835174284,0.108222547785482
0,59.2089463513974,29.5562813105826,56.6343436939501,39.2743693371304,115.441059732424,6.66175143611922,31.0844284213306,18.8159171744881,0.0906554605957281,24.9574409682567,5.40283565937746,8.78956588914906,5.45994283291526,3.16365089314416,0.0650023761101965,4.06759660257712,37.2259086004128,0.0754382189439209,0.0836736976438173
0,57.6753962735857,29.7907230487049,55.8789439789688,36.4939723257497,133.402439192095,6.31458638799653,30.7377525215754,17.9610218965039,0.108458961806517,27.0234128161139,5.23683298767538,8.33532773308367,4.90021209394079,3.29615874910094,0.0470228198331486,4.33577944910364,39.7745883970268,0.083077963137142,0.101135523557549
0,62.165795612646,29.0713025472234,51.3383505420542,39.2030971145118,121.653118590462,6.22713277642798,31.4080518894728,18.2924487006232,0.0883767857445392,27.8764801492078,4.74030570993307,8.10079764261733,5.85163098916554,2.81554783234402,0.0604289302139874,4.18707454068567,34.4551058154515,0.0799136850518004,0.0888491441642517
0,57.0098627169638,28.8304137608768,52.7073579206255,34.8434722169763,134.341232769416,6.00126075144797,31.6479860854467,16.8705900814551,0.113222491491999,30.2819065041168,5.07097759948386,8.18166080807347,5.28283864782716,2.71352008382763,0.0618983604502502,3.9304711940652,39.2597410819388,0.072227017812826,0.0664699274170903
0,63.3556173687366,27.6603895561105,53.5895480801481,34.5572104012981,134.75874476211,6.64397775836562,28.8294110044222,19.1534826799075,0.113152327130853,29.3078426100228,4.9203879956391,8.51773814657203,4.92603146247285,2.6748635544416,0.0630684887292025,4.32580400397413,40.7736396765726,0.0782910535630619,0.0885839771924445
0,53.2841170159516,31.0284459499566,48.5793930602493,40.2203417120813,116.742417333983,7.22168664679826,33.0072625584381,17.6663858215108,0.101149898275629,29.8137903177978,4.92181703909626,8.21830300385437,5.42327128669249,3.26365037379339,0.0582127312477003,3.95710098691002,35.0448861889208,0.0988773087160723,0.0760177038636872
0,53.4410420662839,28.30316100194,49.2837565829073,38.638840862704,123.715828434804,6.45604916426897,27.7828332125945,18.3890866269763,0.0929000514504814,27.8506091977822,5.1318659829874,8.66274272071087,5.77781540623833,3.22281472890126,0.0460496974162699,4.24762840689278,37.2603725052578,0.0773038047352797,0.0887001216767757
0,59.6245210441764,28.4319752895826,58.3810214769499,37.1327773424604,112.061956440175,7.11936867284062,31.0062285462839,17.6538351722426,0.10612166442717,25.7164670478718,4.85487508190929,8.53017529561475,5.7060414895755,2.88829002490584,0.0498962458371598,3.95741242270695,35.7866898571144,0.0879209993239997,0.091094896653412
0,61.1361844535519,29.819464324746,56.7512326885823,38.6716845706176,120.517091576291,6.46842866879055,29.7776726614355,17.6648121086825,0.106812691404533,30.2546271492843,4.98348551485244,8.28166411137551,5.48494456503077,3.33379390815905,0.0552281178243156,4.13757307297136,37.2142198851488,0.0749153412753456,0.0990049126260319
0,56.0903784994559,32.3764765918906,49.5332354225809,33.1602286204742,112.569284669381,6.5908297429769,32.2013876735773,19.8853035143521,0.111478633227232,30.383736618627,5.32174027197968,8.77360151489866,5.53428268256106,3.32474572456339,0.0718642439917034,4.21496581202084,41.2622522093989,0.0810413301133517,0.0801120118130625
0,56.2283104052586,27.340908126777,53.3948808342649,36.4944886482067,132.656349303365,6.63521280690528,28.516935507484,19.7593722451794,0.111435013378874,27.824156113989,5.25842069484025,8.53137857012262,5.79590099606924,2.73290977801048,0.0631720630174855,3.87591970022233,41.2191101161547,0.0968148444012234,0.0856778013200286
0,57.4844575398795,29.714268067045,56.954048611852,33.4144999323516,115.589389861058,7.38239578857605,27.4335942016573,19.0453245723929,0.114987047313297,25.7334018973335,4.70043618876934,8.25648740155138,5.76124689834313,3.27509763463363,0.0539284813687503,3.93819600500175,40.0214995780794,0.0833653882788107,0.0919423312198877
0,59.6261924021337,30.3797346049754,51.8762458719717,34.1882164563983,128.924737629889,6.22640963585648,28.4878451426021,18.1924317617166,0.0981286363793846,27.549629643334,5.31883964993628,8.26884633966449,5.61216918427637,2.7545125384814,0.0584619921460815,4.27121510006266,39.9007561457728,0.0746993820698199,0.0823596582330458
0,61.4842542535142,27.5685690786103,51.0389352729376,35.6650804027384,128.134942098347,7.05324310332714,32.7237073038375,19.0531086950468,0.0965992434377655,28.0551822175255,5.19672508938618,8.79567099597217,5.66535211192875,3.21474330285896,0.0751393014415007,4.05167784169261,36.7746714135092,0.0641548999301399,0.0608639144389972
0,58.0849559103902,28.4110532258435,56.0881992911148,33.904555046303,132.329985324051,6.47191157261714,32.0068933771323,20.3362504152198,0.101218311479735,26.8700560392768,5.05944993586952,8.99536830587468,5.88000005940134,3.06337355188371,0.0702785623542595,4.400698848101,34.4996746157499,0.0916789717429624,0.114502906051121
0,58.9882315046447,27.4774810603955,50.4531769995971,38.3871046943105,135.397863595046,7.27812635786403,28.5315523602443,20.565359586455,0.0980293977935341,30.035388794855,5.6658281218679,8.02656887701503,4.92398737966515,3.32804634791507,0.0494256761078605,4.71138736542397,34.705518213541,0.0655602667762917,0.0736229568400084
0,63.5071942388304,32.5080531422598,50.9021524649086,35.2911901127034,128.974297918841,7.12801981796312,28.8091894747373,18.4532070116858,0.121307038843001,30.4299891689805,4.60438306949071,7.92877642550646,4.97382641566244,2.85988237115459,0.0474400177632616,3.83857443417801,38.7515771775393,0.0947714071638484,0.0744067539417064
0,53.5520023246532,31.5294221338028,49.0744632298936,38.1918704934208,126.790712956833,6.09617696326178,29.0022488254186,18.6400328831763,0.107522475711177,26.5016920604203,5.49481349740249,7.97909906406907,5.35973926582503,2.76153721640556,0.0670422926101455,4.22799234023732,40.8486814589614,0.0811975583969984,0.0731410108769454
0,57.5130986161747,31.5041945962953,50.0815777152283,39.7047341059373,122.863930928065,6.79275287424076,30.0884461368374,17.0244436628188,0.087670221010798,25.8513505943816,4.95725320309221,8.70494080241756,5.51365138122215,2.93579217323227,0.0676590357022425,4.10014083869499,35.5895872106914,0.0965419243884762,0.0916804082500562
0,59.2663612889518,27.7508196108335,56.0516525822645,32.9207384566799,125.67796284332,7.04969751071454,29.28473304832,19.447015124496,0.0943146674287488,29.3248971759316,5.45609027330103,7.87804492899115,5.58710912745037,2.88233285973682,0.0552645175565924,3.9844436332927,39.7281922078247,0.066658459103542,0.0811098897862707
0,61.3082480812245,30.3878408414617,54.3881039948443,33.1974170820339,133.946586543072,6.79389694445045,27.3344705021522,19.1437496168941,0.120669614876085,28.804979976633,5.36619019281508,8.74474415934172,5.48468530911029,3.3115537926347,0.071917267692705,4.10814125854515,38.154677303435,0.0883669629515381,0.0903463640047283
0,61.2969286363349,27.5645120801517,54.3656621881956,36.1470064920699,125.221947506021,6.24438875333147,32.9885657386961,17.2996601529121,0.0934528489385544,26.8106670353675,5.41067062665225,8.2269102803604,5.25865640083779,3.28782316096342,0.0714322614673592,3.95284429694618,40.1214454633138,0.0930493491758806,0.0712014154378391
0,59.9228728505731,27.7789467575459,57.8014388584212,35.3257026460508,127.868391211354,7.0115067470857,27.3313802187651,18.8672435268786,0.102266196499323,28.2186375921575,5.24755141960018,8.70916955156785,5.27409754986667,3.24854531863012,0.0621313315088928,3.8471408364126,35.3760151251742,0.0713244948073447,0.0702960348110743
0,55.1986629262981,31.7335953065962,49.4520723639619,39.3109576932647,112.546951646959,6.5936550782411,28.9355201122496,18.399185072104,0.075980893277729,25.8757104436359,5.55318339181268,7.62263655545645,5.83696986463628,3.0107252987314,0.0512921713909417,4.612714008011,35.8062533369147,0.0898563077725899,0.0902412519755389
0,55.7541586300789,28.7149959598373,51.4422966617427,38.4915069970071,126.107292321955,6.82182483182901,31.5502480082919,18.0368459459277,0.11939785329971,28.0499874913921,5.04838655177924,8.38114306765941,5.32377118709,3.00494642503263,0.0708782697834632,4.59706410376252,39.3411987655257,0.0804879315396955,0.0812632890194221
0,62.3612957315731,28.3115709535644,54.0883574763531,33.4571241305327,123.819902129545,6.99815878492597,32.6314107790261,19.3462716775227,0.106228559523277,27.7757222159045,4.60202180158405,7.37572540116374,5.48833887250775,2.92514591007004,0.0579153234174088,4.2861283519708,36.5361203627419,0.078904309098011,0.102555861169522
0,63.5010518737395,29.2056691257678,58.1268209473503,34.7760152261281,129.225038321037,7.23961579718102,27.7164146745782,17.0601092015229,0.091750847221123,30.5577721126888,5.35980133318723,8.50503673660831,5.65834233890855,3.38180820975041,0.0741137187090534,4.28428611162809,41.6446326503372,0.096615636909837,0.0658214271776816
0,53.1617668211617,30.641207298164,55.3188593372106,33.459301259284,135.659884402936,6.2488429739614,32.6552418447137,20.1607088705865,0.109299806508805,28.8180483295988,4.84568023991551,8.67644165911049,5.89478765370159,3.18735853990153,0.0534628443008385,4.40146441932414,38.0809575320217,0.100544042614561,0.0984550411641539
0,61.531082552281,28.083125669987,51.9959647661189,33.8084072970261,126.992043016004,7.25528956774722,30.0612062158807,18.7064772144816,0.123695391565707,29.1899980488899,5.34008922964074,7.80654578561761,5.35193525093272,3.16228003054938,0.055127033842531,4.21545016682364,35.1371242673631,0.0962621075098101,0.0633145660600321
0,62.4255522249955,31.4075738285645,49.0766095041271,39.3983770495079,128.38678015878,7.31888393952834,31.2751850005724,18.7478605851167,0.120051432122594,29.2879242154504,5.23320106895582,7.48406727957344,5.4770032261618,3.00995270445265,0.066188508472252,4.46112274698496,40.773718755204,0.087208913725589,0.0974060441518514
0,61.8420848174623,32.9793387311225,54.0818545805449,38.9226401707051,134.509077898588,6.18076022643728,32.0016451552216,17.7644238176022,0.0896668844699277,28.4350582304749,5.1813567034722,7.66240459168691,5.54339771341376,2.9500585633574,0.0622973656198476,4.00176551837954,38.1942496591859,0.0713291127204931,0.0884586418464135
0,64.2198648285991,28.8145636574768,53.7904499805637,33.3313752276672,117.143422202074,6.17656779402326,31.8836422187547,18.0946140207067,0.0846673539053639,26.4730156095048,5.41699015149054,8.95075789237678,5.31751857858761,3.16503431004481,0.0502052599311851,4.65477114671724,37.8607417417036,0.10441142404229,0.0965633282792573
0,62.4148400351324,29.3311430817644,50.9596285011654,38.4250601872297,113.5363320843,7.07428680348843,27.9089092046797,19.7883503233375,0.0977326866763737,30.4734100338052,5.20660216971003,8.42056755929813,5.19108639561607,3.24724700233509,0.063852168736304,4.55367351478453,34.0242228596397,0.0717255061773181,0.110514459528186
0,59.2713647357994,30.7533162258412,49.6811592853907,36.031497838302,115.959446686406,7.02411531423152,32.1779419514942,18.7357787374444,0.0955605928405062,25.6421535929773,4.69176209753488,7.33467233537931,5.13944701725358,3.03131159407225,0.0656481112144843,4.50438388984867,35.9392775025161,0.0832466458362393,0.0714426384051975
0,54.0499463081034,32.8599379005657,48.2638455002145,35.955396853566,124.352810049541,6.76246088270022,27.5693397692025,18.6583325529623,0.127744796173285,28.0565447462623,4.60475778679252,8.49696539768211,4.83479877029756,3.11527687468496,0.0606412409288952,4.33456349952638,33.9974772003096,0.0795936180018539,0.0883686694353462
0,64.7120760053969,29.9457774007803,51.2233538876793,38.5776610632747,124.637584537451,7.07354386183448,29.9684303765275,19.0691864476017,0.139934689934422,29.9645347977716,5.65793662755897,9.00900255569205,5.87596610733132,2.79351203232313,0.0622537802877832,4.42705406601406,35.427241239528,0.107610572643679,0.0677382875326819
0,59.143222780483,28.868320272913,54.5465168469808,40.1188429545101,117.14941033213,6.29441776947726,33.2361101448399,18.2058451697012,0.121883235454789,30.7867285213539,5.46762924522525,7.69472025197591,5.759986562958,3.29970781508438,0.0598532919674222,4.40048679225047,38.3345350525138,0.0680919908251586,0.0961351482322876
0,62.9423642723563,27.3119266793319,57.4519109783029,39.2412659847611,127.758822865347,6.92839540932769,27.2885092374799,18.3337230150189,0.0883882219823303,28.785858483112,4.98541865391195,8.43438356159848,5.40746080950343,2.79811062572451,0.0623168532600182,4.19243765122674,35.2032154942583,0.0943618565999513,0.0829627539585316
0,55.8760845777343,29.9373734654402,56.5925342487282,36.5607297747601,111.457445068001,6.87560881770036,27.8861834012503,17.6273653422043,0.105310857290406,25.2466970292445,5.43357680545687,8.34690071461835,5.59832533698418,3.23489398557395,0.0614529681601909,4.45627471476711,35.6526261075619,0.069925842763222,0.0859411135772573
0,57.3763898539266,31.9577270961231,49.5716978250521,38.8022030863022,125.536682306647,6.64021970537496,31.9329838322657,19.8455062359268,0.0994007044338653,26.3840906218277,5.49131642834508,7.48761021481701,5.03981732854448,3.21613567172467,0.0549077556599905,4.4162616488781,35.6883524731419,0.0915879349448667,0.109407490169364
0,62.100138994386,29.1954230103558,50.5576910857004,37.7929916852351,123.224920401827,6.97658781709625,32.5943593861945,19.2058768752569,0.110054852213325,29.4798132998354,5.23586283784002,8.88670006817644,5.56125916381512,3.28688774951375,0.0754352322748547,4.57513013036551,37.0626903078839,0.0727262590575847,0.0707180340688456
0,62.8412623178963,28.1269804839775,53.3141822708704,38.3972624027329,127.987220313018,6.32677719047422,32.3493594818452,20.6107251884771,0.135543393136747,28.2129552861547,5.48562960070294,8.42618717540086,5.90109574922432,2.9674992812978,0.0712262921605091,4.01913074643203,34.5813103798244,0.0809549079542281,0.0968258187260328
0,52.7372576769562,31.8708594108294,57.7528719311185,33.5843744894256,120.419975578189,6.32089998588188,31.6974739704531,18.4961406045048,0.1189331777711,26.9922383045351,4.84416925628646,8.23550126324849,5.17616805458236,3.31758467493095,0.0506469687465788,4.10946404747607,40.6867837460901,0.0640383175396381,0.0832343115830232
0,64.2231518927967,27.6488234811339,56.0373770969975,35.2492350765863,126.346026013363,6.02481599534381,30.0132192369942,18.6428768985238,0.0922317070683857,29.1815290192282,5.19881587688576,8.65312087072198,5.84865033057202,2.88543204794159,0.0582568242465592,4.55112492195852,41.4666878057096,0.0828428980723613,0.0916069717689154
0,61.9655795387094,31.5687437353772,50.4342305865103,33.9079941904836,114.96491654388,6.20517812435014,28.3676432645198,18.8433865692643,0.10829746524238,30.3333344327029,5.20022638921406,7.34799488359659,5.44089005144004,3.27069978600334,0.0517651933870316,4.17488381435315,38.4995232105909,0.0734430776146772,0.0629656926220783
0,55.369096697851,30.9765440332674,51.283315957325,39.9103855198036,115.157830287386,6.19038298871634,27.6705228741374,17.844369629132,0.120361223386463,25.4525545010012,5.56615029102382,7.95029593832559,5.55443450563796,2.82704865361901,0.0506955961766029,4.66339236724078,37.8577502385703,0.0850802538312172,0.0757754723931667
0,55.5993528150051,27.267801882347,54.2408358974097,39.6523318724566,125.186060448981,6.84185011905323,32.1499426107721,17.8618167174164,0.138552132471865,30.6080506014846,5.55938221456351,8.89028740123791,5.64463625450562,3.05569334069122,0.0578412650782381,4.71565199568635,34.2175779314014,0.07334878201939,0.0737402111300147
0,60.7634527099264,28.4123268129368,52.9300191051393,35.3633139186398,116.682575928824,7.10245959126254,27.0268590517108,18.9691580757484,0.0833315321999835,29.4225118988207,4.80688301849652,8.13967057366602,5.04166952443652,2.74817249757827,0.0681174746528335,4.49139856657379,40.079494192532,0.0868497318664948,0.101522401202164
0,55.9401345864306,28.9850849081394,50.2661329821925,34.58758628461,130.690848040144,6.52915758111763,33.0019238281589,17.1665234401602,0.0743567378351312,25.9545067078929,5.43662973114872,8.49746132430914,4.97524556668611,2.71851159783158,0.0783416269511542,4.4786431876562,37.5325466377303,0.094394102282342,0.0735832276931659
0,61.0758022643001,27.6117282233827,54.0834750594225,37.1927123021308,134.836179549118,6.27618686684414,32.9740033198442,17.2279036372112,0.114811692978517,28.5614281355662,4.74938224263935,8.54543743072374,5.26255698040928,2.86594744162979,0.0658404015274372,3.98804833915449,34.9052883599699,0.0741207536483645,0.0670737246986449
0,53.7595466180185,30.6912643376172,57.7249318507331,36.9534384935979,132.365279979196,6.56584559307188,29.7450540367166,19.7515309433998,0.0859900294900799,25.8692876993069,5.34823208490644,8.88134463727056,5.03446573207051,3.0111989694295,0.0493787996694811,4.31686306131399,40.5052645737215,0.0956153495024994,0.0924215581548653
0,63.3746269828852,32.700902488159,58.8016531199265,38.8556032732859,116.67329954736,6.30392468349099,28.8038180707869,19.8280440923848,0.136451398676984,28.9751417902047,5.22936926181255,8.81435702558544,4.95500743989011,2.99336731976685,0.0575148598036118,4.3089898361745,40.5063417737675,0.0897582181482017,0.0884441103454965
0,55.4612134458292,28.797260267168,49.6825502415738,33.9594149092489,120.255825850233,6.69880656450343,30.3560541519109,17.2293397686134,0.0878013336553134,29.7211871639542,4.94633885283715,8.36406756131993,5.27088982804902,2.86535120466308,0.0634420313820463,4.21322287309207,39.3164547979742,0.0660260877445949,0.0687168798752766
0,57.3474397162745,32.1289530246281,52.1825751836693,39.5581668823493,116.363559859358,6.28553744890315,27.5211283976143,20.0393710071051,0.139278496310459,26.5358318627181,5.46274795126968,8.14598822273728,5.7743903346189,3.2022213585862,0.0546027768778652,4.71025147504993,34.3116245037831,0.0932800509038099,0.103675330293892
0,61.8324427150961,32.9479792844493,56.2856641234851,33.0726951952554,120.948977210676,7.06737651280019,29.5531644524291,19.5789396946737,0.133890114862771,25.6820886137688,4.71178268999067,7.64953698349753,5.56729760103556,3.07646028023391,0.0644538650791904,3.90138093385692,40.7376703684592,0.101792175828821,0.101397386510011
0,63.6568010596901,29.9167986851008,54.9076035892943,34.9674157289894,112.273565229725,6.41784142923512,31.9702795736207,19.0475081778827,0.116592174500485,26.5030750112476,5.21100402344725,8.38543543097173,4.79406560375957,2.69616599690015,0.0542783835519041,4.61190654473056,36.9782848844387,0.0672099550357095,0.0719776388173621
0,62.9831355775304,31.4780153886777,51.4765170922443,35.6251715645429,122.660408569352,6.4762855306633,29.2587501496772,19.6799908902634,0.115154580365957,27.4123950198114,5.47128716276002,8.13731859311988,5.52083734687069,3.05650005530935,0.0506581458308577,3.90446171328163,40.083384858243,0.107426943692582,0.0851993461850692
0,62.8921460796867,32.318230995369,56.0728175770102,39.6155044631245,117.342944320344,6.93409223099577,29.6409142554728,19.6657916033353,0.0947993877044117,30.3600070075746,5.02031221880895,8.89738062580524,5.25152266449777,3.05439487482155,0.038299015075658,4.0419627025034,35.889328958084,0.0635125641339407,0.0843666478220306
0,61.3371450889661,30.4386120024641,55.4392434177266,38.1512265346339,125.656535673342,6.10937970028886,29.9459365634845,18.9425725073526,0.0974512917074027,25.8989763230205,4.70746260427244,7.33343873508084,5.66758680876525,2.84075523419324,0.0623095212878721,4.27983858446506,36.4047045840288,0.0937353997440747,0.0997676835427303
0,55.1740964383206,30.156309908093,58.7765536154468,36.4610376893466,111.109163721189,7.37016104607456,31.2373080624391,20.0679367943196,0.124463085807722,26.3860498391275,4.9894476769906,7.65263869952437,5.07896014527808,3.09389314550794,0.0686192633872141,4.36665736995073,40.6363264813852,0.0951733456015948,0.0968750264219718
0,55.8448374880508,32.050350679228,51.8297632217415,35.1015551608165,124.950983168304,6.92844869274917,32.0787038575635,20.1339898569687,0.129874835402797,29.651962435315,5.09952992526924,8.82862397590428,5.50009379083426,2.86311789606869,0.0658881935044849,3.96612100940936,37.4553472469167,0.082930510291425,0.0732048103301201
0,58.1009211045653,32.5353332093533,48.121191753881,35.4291361014877,133.01345755324,6.22885120646682,31.9683214541595,19.2887256051213,0.107806483023373,26.730285756855,4.84819823227461,7.27541935672743,5.27910429871161,2.65050343668906,0.0599026275350207,4.14381086766827,39.7424115157904,0.074824297216454,0.0835186059843761
0,58.9220384438005,29.5246200396114,58.1804040039217,34.1623939708525,126.13855079747,6.25485718769079,28.1903683232092,19.0502053825991,0.0841481842797195,27.6343823482902,4.6575647165726,7.44511298647205,5.92194598100235,3.28174162264234,0.0586055524793033,4.49094712010512,38.8361016385078,0.0825998054757502,0.105751016053386
0,60.9428157842045,32.7767115539372,53.1472678384462,37.3847278653675,112.313061556046,6.28613152600455,29.4712436342496,17.2058957269786,0.0891463462741126,29.0442929875069,5.12639627911391,7.89193053535708,5.20669368741349,2.77630949225026,0.0635753059325782,4.08609237649268,36.9214483687412,0.0647282022799038,0.103094754274694
0,55.8943303154979,31.191877213951,55.3682738057815,35.9501935852751,117.892846417261,6.53749126422704,32.2938632173231,17.5511705099489,0.0885635628770063,26.2262982286902,5.64095847311966,8.00638690669325,5.83005704262393,3.05416635016843,0.0745702315802764,4.47667542586922,38.3257174553326,0.0858603981830703,0.0960294510635555
0,62.004047344961,32.7021702970515,53.3789927705602,37.0766922670548,134.793943961092,6.46538893670803,29.1969326117232,18.4528443817932,0.142254480498577,26.0707661483397,4.94873696705396,7.99601535445254,4.99284266177712,2.83131767583004,0.0521012903901809,4.37195174499959,35.984560430004,0.0874049754920877,0.0849774260853217
0,59.4346293755369,29.6068629570232,48.7800514824742,39.8020698734543,124.226451816703,6.8116845714786,30.0829946270423,19.2060469553477,0.0928246636369737,25.9070909789395,4.84354072724202,7.79127160498912,5.81728617177199,3.09099765193566,0.0608982717816004,3.97832823718042,35.9842099230651,0.0783282438836557,0.0748447904098909
0,57.0991627509368,29.5580345055938,53.6579245672573,34.640025758271,123.753655753863,6.3881598256053,27.5912351180484,20.4444306807342,0.0894613163484808,30.2217685221554,4.67985593654934,7.79660136926414,5.50488964908678,2.71563416265388,0.0543931469223268,4.67741111969082,36.6324852416816,0.0968562439196782,0.0638700259521151
0,53.5376648858741,29.3793032987641,55.9840293387057,34.0194624480236,124.846372298124,6.23103264196598,32.8702176489622,18.2419493555523,0.139852791564022,27.3663200557172,5.31009106541741,7.59835285573345,5.85689819644128,2.95134775916556,0.047434882373526,4.34507069101146,39.1794722145965,0.0892451824886285,0.0642619964282539
0,57.3571569758929,29.5862128140735,55.9640156878136,38.6906300441103,115.896660302021,6.95864532485709,27.3617520218107,18.8686678161678,0.136878725312828,30.003716748602,5.05038861281967,8.70522808172912,5.27441773260776,2.90970225097179,0.052920232940182,3.91066032910872,34.5448584668562,0.0838584348777197,0.105641165162129
0,53.9195552794119,28.3874898819532,51.1872784927155,34.2009846984421,111.788439410373,6.57961399729423,27.5236540844154,19.2734030594997,0.109113187313543,28.9842027140755,5.01648589902701,8.45700008320008,5.02095897658955,2.85854294844942,0.0489778669558006,4.40905602209008,41.5667115621726,0.0808271633660492,0.0852726374608977
0,59.8344805080647,27.8195914672598,54.6071175981815,38.180354295769,113.999891266595,6.28847903946818,29.6729949796178,18.4386282732353,0.102022896345415,29.2903798549377,4.77042852849149,8.96444527585127,5.03063803794054,2.85515162622559,0.0499992950368252,4.17774803169699,40.4564328037473,0.0644451323460851,0.0843297136450177
0,54.2072710827881,28.6029737826756,54.9920682436768,33.7049462287186,116.818510462964,6.5511424399238,27.7648149278601,19.5149648115342,0.0815169042363988,25.5429790599756,5.10915609917154,7.77405600472962,5.24747165890381,3.05172950848527,0.0493589015060245,4.54952848513502,38.5678682895892,0.0921529679153474,0.0949041293842559
0,64.0358224475096,29.5664982453734,50.5093572996418,37.9614216469481,118.876586816059,6.29561126870167,32.0593487776515,19.8720400027223,0.0937820922154577,28.8438863931048,4.77221556049684,7.92995461615278,5.72711286006624,2.85996011092253,0.065464778879972,4.33751277425258,38.5929671601701,0.0782128238560037,0.0694780723012589
0,62.5620000913516,30.0850362254541,48.8485893218837,33.201434654012,131.60689773655,6.13767160133302,31.5660591897086,20.0403681123595,0.115120761588768,29.4056263806634,5.61249537877372,8.00808409240603,5.65244636421295,2.95811332525111,0.0756902710466228,3.94219142021152,40.7227388990961,0.0757811102478234,0.0859104779776795
0,54.4261501373033,32.1413262395212,51.1580305726259,34.3375680326332,115.889374132472,7.20145673259711,30.3137582251684,18.2982537530663,0.0933374759918729,25.6783620145503,5.0390766474644,8.59722323171157,5.35592090705174,3.01898399346802,0.0591761016247501,4.08918742023435,35.8255080693118,0.0953781365245969,0.0827260494757644
0,61.4022689203833,30.908382161437,55.8617183388052,39.0926981161084,129.292539972648,6.73317250735717,28.6825445008504,19.2044882494025,0.0982542998062649,25.0680149952418,5.55210699266453,7.38847450635071,5.84053809252898,3.22713194019123,0.0681581077999399,3.84472651556237,41.1945352496652,0.0639936919766422,0.0738697836145603
0,61.0082271231227,29.7270204087107,53.6610762989888,38.9303809636247,122.201139755502,6.09938880031365,28.9789147728692,20.4780067887296,0.103514665955471,24.9046607616998,5.32076985496393,7.53069488600408,5.14745690919441,2.78956712357747,0.0496272070355218,3.94871704507634,38.1270504423821,0.0803956957338914,0.0732968973107161
0,53.5707056737387,31.910487967442,52.1230617175405,35.9716430137938,129.218145707902,6.40459828345788,32.451551976553,17.1131011341233,0.102922326254352,28.6766083855391,4.67601439987036,7.89590395626754,5.17508875383009,3.29164485864899,0.0546625838733305,4.0632159889363,35.9659433052777,0.0949435909512839,0.0761011050046319
0,60.2515722361568,32.8966348185678,50.0495732651659,38.4829193547433,133.879590784237,6.19452329365481,30.5717325088761,18.8101663454365,0.133485513197177,29.1863413162302,4.84576543192983,7.9194483688184,5.39054586716673,2.9711862286761,0.0534758857312182,4.37216290041717,40.6443700369976,0.0761241359450339,0.0850883147574281
0,63.914770343711,29.6898959572325,58.6451326495243,35.0656704881546,129.847594646434,7.15307183867503,27.1445941659616,17.2744832895269,0.0879058528892653,26.5978096205569,5.27573195433187,7.33002816420024,5.73286470357571,2.85201521139738,0.0771137720713907,3.79349874006744,41.4926769375887,0.0946517484431825,0.0884945350065434
0,54.7980518467718,28.1601853791688,56.9918607516181,38.8484712015932,112.565724695158,6.68293566285547,27.7234489680007,17.7238356110201,0.111144490859095,28.2044469895766,5.28985946872666,7.39465025318732,5.83772473963283,2.70627158897795,0.048492269368514,4.28097918996997,39.0462495807866,0.0868065561477719,0.108521775382929
0,59.1278552107579,32.7444287020867,51.0581347451427,37.257839571942,130.5407697545,6.44587846910097,27.2704617627285,18.3716983538572,0.115698396475803,26.1193709321487,4.97146430152067,8.02773975440739,5.90389175495156,3.09608578548666,0.0650118973965698,4.46323424081752,34.1239083851014,0.074361727666554,0.074945094860525
0,62.4884872216449,27.0323349746867,57.8921153923673,37.8098747839682,126.403446423795,7.26273651864201,29.1858181236173,17.6354954914322,0.0875679025063839,27.7608594296741,5.35775349017898,8.69451688412377,5.41269354630514,2.9277024876109,0.0545595751378694,4.11468192898451,40.9882225660245,0.0733966821230561,0.0786821352846707
0,59.3738400009617,28.4700848340648,53.3346937898661,38.2055967169084,116.286278056005,6.97514813483246,31.2007652162082,20.3747090318489,0.0966548544762719,25.5427662265261,5.37909909016886,7.9966898224793,4.96310896611208,2.94509366154486,0.0610860863752798,4.1119812796982,38.285316483088,0.0911070315873848,0.102582625973409
0,59.2216033388601,27.283774231641,49.3618552441677,37.7960872141306,118.013650444036,7.33656184060739,33.0613320708522,20.1811388043317,0.0846294870995376,25.8710617943452,4.79050720795826,8.48885500650915,5.67493673556613,3.12787132266409,0.0621558576155745,4.15375807944615,37.8542653999184,0.0672655110114058,0.0824169676500944
0,56.4352110207573,30.7475573073522,52.5878834543493,39.8729773065046,132.851730451243,5.98167770029273,29.6314201590313,17.844610039329,0.132047766150126,28.6422932911979,4.96541958747309,8.9133951361556,5.57811843422569,2.93109666073281,0.0727016749280813,4.16972320953341,37.2535378134566,0.0940947487802907,0.0931118115928628
0,54.2405024797237,32.5200076395342,57.9622404661088,34.0800992597259,125.139988438324,6.3874389028064,29.6054097644539,19.3527317522496,0.0956766522900151,29.2069629019925,4.72250205675305,8.67701640722005,5.49622007110381,2.7758758807452,0.0540976567853721,4.7025893132669,39.7472616479333,0.0672790078821818,0.0889124248173929
0,64.0217096440014,30.9407969627505,57.4082642279453,33.1773913642287,130.485677046519,6.517628711506,27.9012447144351,20.6341579079181,0.0842687504626481,26.0621960554481,5.52187932758237,8.03077879737422,5.4183373225703,2.95676195293779,0.0540458508436973,4.4580101132739,36.0034694976071,0.0677625081258541,0.0801083622814284
0,58.2993999509544,29.567135384932,54.8613381003537,38.8861275650829,114.82121544147,6.97317929742124,28.3843485217005,18.5447278120741,0.0932119910008516,26.0213600656121,5.4395833644586,8.12373416861948,5.49650457036839,3.08339777377223,0.0542372119036904,4.12171348570675,35.2436362377311,0.0875664477065841,0.0912246879505596
0,55.7549432839839,31.5138334876749,54.8650730026394,37.3373358152384,125.30177381573,6.06423922804556,27.2530849601454,17.0166451530417,0.123320842246029,29.6552752428264,5.07354201777189,8.02047743851712,5.60911041516547,2.75048792567275,0.0677367664147398,4.60166310487662,36.2103711979285,0.0983009148415417,0.0624785824963733
0,54.0019074401053,32.3342941944033,50.8208192812774,38.2193139215442,124.601153305964,6.9110814554156,31.3139779365821,17.9676269944522,0.139079356428822,27.2609145428897,5.64986045820821,8.20033616693972,5.7190982667855,2.84399610887553,0.055322496528361,3.93213661757003,38.2826818081208,0.0927637642995536,0.0678905690430109
0,60.9516799819615,32.4163576306162,58.1887490916987,37.677082379813,111.323565461803,7.27404910712962,29.7063082483007,20.1791821543738,0.0902331571748706,26.3837470142685,5.0972805776975,7.85829382193227,5.6292751593255,3.12051124398212,0.0555736898273715,4.07643770030995,41.5215429643028,0.0905895786260745,0.079888230479806
0,54.5111937397245,30.8597725058185,54.5389364688059,36.4995486646633,134.755327595205,6.12310443566601,30.8266974236701,17.8580572435751,0.0990069092794167,29.4285342001334,5.38481509640718,7.6512138654222,5.92727248858975,2.77888709095874,0.042274696555939,4.15131379043193,36.5426962511817,0.107274432324595,0.0576980514369964
0,55.2817737678078,33.0641674223226,54.570201962809,39.6811381087323,127.774621361396,7.12974277733288,32.8514062726662,18.3168103621569,0.104628447096236,28.9116674708776,5.62853870910227,7.54865812209263,4.98459733961176,2.8043668694555,0.0510399839790958,4.52113292683487,36.2639550250531,0.0750471542357055,0.069999358742363
0,56.0687712540703,28.1568903086471,53.2002666001744,38.3755711333771,118.233839180007,6.69178889823111,32.9988478804664,19.6835286209542,0.119059146043701,27.3936077592836,5.49960859822536,8.52532423089783,5.31253095149788,3.05394939021857,0.0573086556953479,4.06379893734264,36.8669076126011,0.0787480424658827,0.0784837215130734
0,64.2788907599092,32.7192323362211,57.005553122619,33.3704295390904,124.193368499105,6.60359647173541,28.2575576734767,17.8568188553732,0.12581122193371,29.6645601648093,5.08749344987376,8.87463721686297,5.81480099895793,2.98362648314715,0.0545307742291148,3.983792626397,39.9444654995071,0.0897459125042387,0.0730756945677441
0,52.9084941658091,27.1358404103163,52.7952351378961,33.4785875390889,127.506200561576,7.03898175031858,28.8924256888668,18.566702707525,0.12139655259702,29.4242122417839,5.47412488717481,8.47281525634273,5.15552310324035,3.13599496068072,0.0589160497364053,3.89353982138466,36.1846477292393,0.10578489620351,0.0559190898541729
0,59.0275020257231,28.3853292236625,53.561927583429,33.540219860952,111.23688872111,6.19149947900497,32.4740964435743,18.8468442895964,0.125532322632744,28.9310736190012,4.87632426970075,8.47707220117249,5.33944097971205,3.00974069217689,0.0549897723119686,4.61831871547682,36.0864401612196,0.0800261456408506,0.066835132479733
0,54.514710887304,29.5399954036295,59.3098476810317,36.6684916145697,126.243862996632,6.71528096536687,28.4821550261094,19.6907184000262,0.0957261036890564,27.7369286264614,4.98582310128201,7.77880462712945,5.96915653131717,3.1376373923909,0.057942623149212,4.02846459429893,36.2190409039963,0.0847838722026945,0.0744389211508324
0,59.6834646785695,31.8447003671956,56.8330048909349,39.6381357631274,128.138725164829,7.21234172138749,28.5299099558333,19.486745774925,0.102804313564852,27.2496173781837,4.82186637807717,7.8292912022524,5.0234684896613,3.18471842352753,0.0657897247995533,4.02253000277025,38.3414108161054,0.06687657161058,0.0959543421901327
0,63.3148976436565,28.0640194017433,57.658540549893,34.8508791402496,122.089610618467,6.71229780838616,29.9398327952755,17.6613742544787,0.0936345861965245,27.823230398437,4.89827008124096,7.81792634051896,4.83456913926744,2.83915871311045,0.0453732277055309,4.20312378179164,34.6044736713018,0.0652999332011198,0.0648341649311692
0,54.3063831199186,29.8320954370522,51.9104405905652,39.9898555561795,129.963323784995,7.18828923723438,27.3665795897781,17.2522964131482,0.119044498407629,25.8004419248925,5.58648230114318,8.20193104512407,5.43834140217927,2.94865164824928,0.0603021020452389,4.62216373933732,36.1238915158062,0.0726844272196587,0.108015947994233
0,57.0034993979746,27.3580407145177,57.0047140124691,37.1623950710203,135.240207615741,6.14373442989658,29.4206503029674,20.035499051148,0.0982233930818115,25.6473284057962,5.3444691801236,7.62795851390677,5.96270686404287,3.30458272551403,0.0667880061474312,4.69149061677674,41.9631163759295,0.0675058713965907,0.0719042288636015
0,62.9837719251654,31.054767940575,59.6133207535483,35.1609175463028,121.511743164936,6.38094805276039,32.4867276009911,19.9657626063344,0.107638580297549,25.4754538538182,5.62912444160849,7.90689613331767,5.82714495109469,3.19726104988908,0.065956048643032,4.08951748786837,41.8119670018948,0.0737609305776814,0.0672258262422851
0,61.5447373865807,28.238223712787,56.6620299128874,38.9760811910301,119.842376706696,6.3114808144083,29.8343236419209,19.1309823677962,0.139805935839373,25.2729718484469,5.55612774968,8.1662627796692,5.1636684980622,2.7085510198132,0.0603459598713806,4.19153052212138,38.9658785178659,0.090924317036333,0.111034853917195
0,56.6192297933529,31.2283278137481,58.5747399653413,38.3062224712628,117.048206156313,6.49672968801083,28.3492780444338,19.5477722518162,0.098078127757544,27.4270496526344,4.9617274720465,8.14411616236575,5.04559669205235,2.89707034166256,0.0707828111011251,3.92445711223269,37.8360983874922,0.084038294781161,0.0746034463528211
0,53.8684262684849,29.4403213077495,56.1466146718948,36.1470175364059,121.491492920618,6.18015104678764,29.3109586625168,19.8314343794134,0.103736285346026,27.5056759208625,5.26081895086794,8.71931554157722,5.76819581079866,3.11645266266046,0.049224916911798,4.51817858224333,39.6463212417558,0.0746253751211709,0.0821457438383951
0,53.3922123915749,31.6795559282284,51.8523696678463,38.9844985066563,115.073664073549,6.68752425435405,31.8981783733609,18.819836820309,0.109641072978562,29.8199565504351,5.08646237156524,7.46293254092824,5.01340411479484,3.18718624091633,0.0489050386115957,4.25194841174903,41.4677903629986,0.0979934330086413,0.0673870310244849
0,53.5971068904349,31.3170174106958,55.6723696824936,34.1519895860679,119.283180545378,7.06146216418127,30.2679029048995,19.3679701623922,0.0989784390721425,27.0738621266446,5.13752216231682,7.54311876124716,5.90981634500798,2.72891631653246,0.0770800524199318,4.05640520573997,38.000337406807,0.0703285462408756,0.0939939467808313
0,61.0972374313167,32.1753554980598,55.6701405998863,35.1732348618532,120.191171921221,6.65771001029854,28.3442995352025,19.3449074776407,0.093308939927954,25.2759441690038,4.77227601710217,7.61728368369597,4.99641865371485,2.72543118205645,0.0535956479381569,4.37435345315299,34.5060648670183,0.0762783259467424,0.0809619970155028
0,63.543604904196,31.280637933105,57.0530300378279,35.0681387527356,115.968787227619,6.41857422653528,28.4349567284607,19.6585305189524,0.137302715525685,27.0066031900175,5.39123056184541,7.91390513478011,5.60503479671657,2.95654035156907,0.0720242521075492,4.34093299743714,38.3338273163354,0.0739870069477214,0.0779592260220917
0,60.0412717404911,29.3261866213204,52.7345249920205,34.8340019927581,134.48065085492,7.26227756118878,33.0330989235817,17.4478581511966,0.0828985920972236,27.3767810629458,4.80546438772179,7.77388848597474,5.12001650156187,2.76899004965002,0.0500194215981635,3.99689949209645,35.2788330935737,0.0938036026464509,0.0712466938912047
0,55.4799499589391,30.0549461123478,49.0880140137845,39.7574830034727,123.166918805453,7.10882563499537,32.7191228286831,20.4842801415848,0.102271748031084,26.6619682236444,5.33350990086868,7.90404008095378,5.8026887325346,3.01101912962187,0.0485496369731793,4.31982101335658,37.654435072358,0.0695795096377428,0.0895857850938136
0,60.1551572734154,30.2421738626547,52.8820148199848,36.1472087366901,111.663670441891,6.61522213742076,29.9350477726449,16.9984708740074,0.108404354722785,27.8529986619043,4.72519288740062,7.90574680464984,5.72994198633577,2.98927012609051,0.0471520803249693,3.82619825892563,34.0083483277008,0.0833959119715682,0.107162949986474
0,55.9356847935875,28.1474764059232,53.6129843700115,34.9700625261197,128.81545172308,7.11658650378624,32.3946011995728,20.0244984261749,0.132652912909209,29.1875271660674,5.54716329433855,7.93675365273088,5.44913390343534,2.76076657815084,0.0615351091752688,4.1130215186388,36.1035580380295,0.0795711883980275,0.0791558893107012
0,60.8162921215629,27.3326305980254,53.1874621325651,35.8835681630352,129.555570151763,6.23100126254311,28.687088880522,18.9208616676479,0.104807572539623,25.6577958817412,5.05704927278167,7.75258431537707,5.91542060992636,3.35206097139953,0.0468403917241961,4.56823950503246,38.1021666032283,0.0880332722941236,0.0678075903010641
0,58.2009066009835,27.2584033154423,56.1804263166518,33.8288103932253,132.550289116787,6.93448147039839,31.9990038602838,18.1389775210433,0.0820387266429854,26.5707622649443,5.04343272158401,8.59083411176663,5.64916043680585,2.75282722482761,0.0538687040828028,4.40701695224165,35.9089653884529,0.0664138459205336,0.0685846347580655
0,61.3750194371047,28.7055436118361,51.2671377146166,36.2490156654578,131.837621907753,7.21482492518223,32.8278263581822,18.9758793267843,0.11390604809188,25.634816214841,5.45267192807675,7.60892785115851,5.57442862812739,3.22300633252405,0.0763628612666321,3.94060608766781,40.0144507161747,0.0922822224502848,0.0844450583048709
0,60.4695350434044,26.9722278535401,50.0814334663384,35.6866652114358,124.847979794065,6.08446076414371,32.6759374391427,17.7446737306809,0.102859171579551,30.163093000815,5.18217240806842,8.38488707267843,5.45819797185762,2.99832185690306,0.0603860810424619,4.62279499951569,38.0825301352721,0.075282445450116,0.0927754479364981
0,52.9386881161418,27.3006351546444,54.5057229585026,37.3063392719507,130.737757721386,6.34310317226389,33.2372910729251,20.0313907637743,0.107920496982264,30.5560383822421,4.91678628540807,8.62788655220032,5.90981786196971,3.02606581752337,0.0507245171786528,3.93020456283518,39.788361239598,0.0733811919936618,0.103133443557569
0,60.2657941705767,30.3723363972469,53.8761031384473,36.8292143375532,127.060309646862,7.32909734798545,28.0867299080129,19.7809787219962,0.120442308443812,30.0223796576783,5.40275522590764,8.26741771163519,5.78838995789369,2.84774914428979,0.0739600071554489,3.94176966316595,37.04149614841,0.0883023259498885,0.0970152180196676
0,53.7619663456824,30.4621292456986,55.7664587370683,36.0607643839853,124.524919091809,7.39333178006412,32.4146408111031,18.7715256109496,0.136126532149756,27.9374025924609,5.20072389596748,8.10812432597063,5.0534040039328,3.10976248912225,0.0495125900960764,4.52725744940788,39.4613996863931,0.064543857533296,0.109673542086396
0,61.468997578348,32.074768059392,49.6776920646702,36.4915387041865,125.686544739726,6.44586861019678,33.2166691265788,19.4207421408837,0.122682799496895,28.6646732842202,5.29584320225099,8.78335220158996,5.69325076042896,2.93500829850708,0.068167179119713,4.33434961823306,36.9568047682053,0.0846462992018917,0.0848321242235529
0,56.1193632520933,33.1267420372002,57.5236418203037,35.7816166938995,127.411756253517,6.52595087962998,30.653238905418,18.6687956215338,0.0880169524150136,30.829909382367,5.40827962177861,8.50188996443264,5.62449630882774,3.31333383715275,0.0527873897548245,3.88521510907776,41.6106535472982,0.0742988734307054,0.0820529338828216
0,64.4070785208088,27.7423073529538,53.4834311333288,35.7900809882739,117.105921931791,6.59423927121344,30.08295430763,20.333460779164,0.0988821525420489,25.4131507130231,5.0783926452644,8.9482753848587,5.74832147104143,2.96469143960117,0.0571953207272471,4.03687443768787,36.3082939044261,0.0753899374807876,0.0884555832788935
0,61.5439910826021,27.8232214532876,54.8634317733771,36.3353307843262,131.911128558784,6.35737452774118,30.8570909155534,18.0182395690518,0.100512774309616,25.7518520254593,4.79380620885982,8.18241277173356,5.59564543254942,2.74040116457968,0.0463966551745559,4.43041843698232,36.119415368416,0.0747621258554482,0.0988061160442618
0,57.4545447227338,31.7425668676297,58.001531296429,33.0438955707827,118.801456541771,7.26247169712489,31.0365383969577,17.7586151818733,0.123720199890032,29.0241908205041,5.0931829375382,8.72202391078275,5.9449248624587,3.17450071568419,0.0707488876870092,3.83364576333489,39.6639041940346,0.104946376512694,0.106922978612138
0,55.9591924534335,29.8165597571239,55.2097525857345,33.8429243569748,111.847811621071,6.71552434614108,28.2565030269377,17.3083893186042,0.115663505611621,29.8993803097503,4.85025533012185,8.5549498248594,5.60015236775139,3.27632931260782,0.0647033477044208,4.14033984004078,41.4682575355605,0.0860550188428418,0.0700893790236821
0,53.8099287437018,27.3304052293572,53.8900452339072,40.1275935333641,113.860158553459,6.42894599361095,28.5630953290811,19.6159772230685,0.120132765536411,26.2698403949047,4.86127217683137,7.5947466551037,5.84491105780403,2.91767379318121,0.0652085467420836,3.9753993960686,34.5772983259474,0.0684038330686974,0.0732591571978017
0,57.361439572642,30.7640250929701,52.8440453358497,33.6281130918915,134.796722053176,7.03261389645816,30.9898236222483,19.2056516760584,0.133048565613287,25.2419108384818,5.31108704975197,8.20272913281118,5.5227090434462,3.18852050458432,0.0716429996506611,4.15505408590048,37.5005483101325,0.0948466510480823,0.0837482459048407
0,62.5305509789426,28.993479722057,58.9013678737165,38.438451660371,129.674437162938,6.06737293765501,27.1484888565997,18.5407061633602,0.100510983187251,27.8868210762582,5.00288513848718,7.40889634100293,5.04060922557126,3.01450590011413,0.0452385699363707,3.8935115854643,37.0705821343543,0.0653722181028251,0.0789023010873277
0,63.4641473955859,29.2964906081447,48.2209576900205,36.0896951575551,122.273946296985,6.14095753977924,29.7020974789193,16.8573066141175,0.0936427523307954,28.2804338403262,5.17732102484924,7.68760419061588,5.32913236793224,2.94966800700838,0.0708813764190569,4.66658241793317,36.9329902543806,0.0754536624429562,0.0710504924927177
0,55.197970575253,28.7436987177201,58.9445263974721,34.2803210895831,120.565908420915,6.45868538714587,30.4870792261707,19.5084045255726,0.115408967981335,29.1775360854896,5.60488662823084,8.37942022860718,5.69856272238659,2.74412219500371,0.0506647480673327,4.32838049613845,34.9728785721558,0.089882472052943,0.065371220624732
0,62.3664168559784,30.3075440230315,56.3873912177813,39.2236041357832,121.970473726018,6.11074619834922,27.2014961981111,17.9407120521094,0.132116779514304,25.7214580570507,5.1608337472085,8.91463021577026,5.43141264282272,2.94974230489429,0.0552006508984699,4.71256682830687,37.3789058459279,0.0897000178108055,0.113644131952018
0,53.7557824600521,29.0571390381123,53.9722461433812,34.8559207968652,111.900853069577,6.34713665972962,32.5414730791724,18.0497910255656,0.10675312274551,27.6955910263825,5.21797378301708,8.86766452505695,5.61863031521121,3.11069684535653,0.0617084232507248,4.50118491907842,38.0186761273895,0.077734354321616,0.0812928769473566
0,60.7145129552334,32.8399839139764,49.8035456264009,39.5346502917472,122.694033344625,6.19066342734899,32.5972619859268,18.1494678484067,0.100565380869491,26.0674475861839,5.23526628832362,8.16329029774291,5.50168635876647,3.2661195929163,0.047569778724486,4.02659146705035,37.1996281714487,0.0922306284330277,0.103801112542039
0,56.3555082389456,29.8659229184704,53.11256664379,34.5915820852467,117.204303537202,7.15052574683602,28.1884315587424,17.7631785350035,0.113951015005591,26.5318761311075,5.45759607988804,7.88721093439603,5.10086411666926,3.1467548435267,0.0614626818835534,4.21105592347591,35.0693251696337,0.0757690527737334,0.109626382103154
0,59.8991293210176,30.0720149074169,56.4588529885518,39.5484692540823,117.151000994815,6.54106229474507,27.4416494672396,19.1631183569855,0.10726977824528,26.5730171810304,5.31601933336375,7.52849480168539,5.76661578902416,2.92515271808475,0.0635080099313329,4.01789633862389,40.8222154207556,0.088828273053844,0.0827736963413844
0,59.4029930434943,28.9386016787639,54.6341296725579,36.498260788854,122.878456878453,6.21919838612366,32.9750297113296,18.9947506175982,0.124765519810597,29.367706170797,4.79760220484657,8.21609828121571,5.57052418646714,2.92143063105051,0.0677991575668857,4.23150194461347,39.4278326522694,0.0819843016190666,0.0967856152289409
0,56.3577646719313,32.8409351070143,49.8665869352989,34.8701645461198,131.603527057788,6.07648204235495,31.8788733054255,17.4377143305115,0.0913025504086183,29.5361938273623,4.82271778601061,8.62015046834837,5.7167186075679,3.09437925983349,0.0779215897015369,4.04594079381698,40.5588943357838,0.096941825654524,0.115095627131935
0,59.9829357648083,31.2527967145037,51.6623966030452,33.4956958392001,120.314486425246,7.19249509232252,28.1868002918267,20.4861289690473,0.089426994321544,26.1189002432434,5.38099799182815,8.69819162238352,5.49310550779883,3.04954727672477,0.0670210614913342,4.19557646453559,34.8467470162441,0.0836060256135166,0.0829582649842406
0,60.0283771578081,27.2973119409009,56.9248819820578,39.6033174400154,121.482627152946,7.36218352282608,29.3341837758051,17.9818091285231,0.091496052644815,30.2890260892272,4.98022608497472,7.69583688293821,4.9305496292036,2.78789802809306,0.0585041090835628,4.01128633676463,36.4573773710239,0.0724872658956032,0.0950786190028377
0,52.9993616498056,27.0859882925411,53.4193289884609,34.5906130805151,111.166229773467,7.26822489026871,32.6531726855988,18.1303076543142,0.0983337813437804,29.5395154248073,4.85500175460596,8.38488388052704,5.57750123697909,2.83292179501227,0.068910086888365,3.99819709338661,40.5565099771801,0.0686886560934134,0.0710484671728585
0,58.6673826699163,30.839982760394,53.3406944744321,37.2095531988842,127.678365077046,6.96064028378786,33.0587646043811,20.0059184968679,0.100005471774215,27.5781702739634,5.17033167693223,8.83425616419185,5.85341380818622,2.84659039314598,0.0558578995150884,4.1223833454583,36.825190544099,0.101859660562744,0.0814043155375355
0,57.0828709727556,30.5261420317197,51.4789175673733,37.77316044825,114.772325700263,6.80884974009793,29.1898163059847,17.1415334463471,0.1315330031802,27.8279561839539,5.50716826727804,8.11332553030707,5.02079764557635,3.09521495736613,0.0606715223581877,4.28361378460802,33.7383451672669,0.0993849728691992,0.0910392224477672
0,64.3575978445918,32.643545970057,51.3053512461693,37.4540766368577,134.607698654262,6.14489234201629,28.5660755185993,19.4485622415909,0.145083016874778,28.2935030180135,5.23709123848841,7.69530716457986,5.37889492075653,3.35604611112035,0.0677406811451171,3.98125648021488,38.6662586499748,0.101851836225102,0.0718477591879657
0,61.644131143946,30.496381744774,54.1789584640745,38.8912643264609,122.407727691727,7.15110363941114,31.0186948723094,18.1222902584776,0.107422631004952,29.4083154931471,5.11489722961388,8.82292823449298,5.32355057467421,3.32190531706363,0.0613594866783113,4.67155577871846,40.7498793009334,0.0990763806705016,0.0726474183992219
0,61.5200570860711,27.5198213056858,55.6596206218427,38.8679332802723,120.072421961397,6.4399478465141,27.8579093288722,18.827599432145,0.121454556404464,28.0140395333543,5.60266274332644,7.84535632446769,5.60978836838821,2.84687849407727,0.0562127272091887,4.32598615591793,35.1963458552931,0.0926102543433433,0.0670253973576893
0,55.9903265415594,29.0213535486055,49.8598250904091,39.0276441721105,124.895135957617,6.72879273767019,29.1770394425904,16.9527251784179,0.0866359011712101,28.1904922609178,5.2448700615397,7.91636623639488,5.9201087333218,2.86497305940734,0.0665040090880346,4.40966991287992,40.3366429624585,0.0692204257492258,0.0784953405729751
0,58.514644276288,28.0258911545784,50.1287938026054,35.9181079499812,120.641923058699,7.17364669881288,32.7930034788772,17.5619478366633,0.125941094891156,25.8389676206935,5.31253804395064,8.54097013049678,5.30384412667408,2.98398197834669,0.0761377979850052,3.97430173703468,38.3397563532077,0.0834910179752627,0.0974913175168083
0,55.3819472167901,28.5102095712845,52.617913102912,32.8073745248641,130.275349058321,6.25488318270551,29.6779137946815,20.1418995768323,0.114473178672324,29.6275012306603,4.89748471611827,8.64875657552599,4.86344283401675,3.1505475220158,0.0596434155528639,4.51521971413663,36.8493608904039,0.106305832237397,0.0978710839411524
0,57.7117842315818,26.8042644694723,56.7868456346694,37.9549791924693,117.373745817186,6.75857721741598,30.765764504863,19.0350660598609,0.0801192821443675,27.4243015346802,5.36347297017612,8.44547966990715,5.38975617654758,2.78391885601617,0.0703422019263514,3.97913066014947,39.6759383401049,0.0932646641981099,0.0822477000989129
0,64.1625123278027,33.115245838957,57.9152780608355,33.0761456578475,130.722584851797,6.28273900058952,30.8829104656227,17.1950709196513,0.115584462948722,26.1347369146079,5.10793340990561,8.93133739455094,5.2838203890808,2.81722068148998,0.0523423674091924,4.28092712657645,41.0507918795059,0.100170068959178,0.105010094112273
0,56.4977578155628,28.2151379256739,56.7140024264339,38.8091983127901,129.323687277255,6.27961807901411,31.4262929733313,17.0445445338401,0.118174686837849,28.5678752423646,5.20135612505838,8.44956790684747,5.11014364923899,3.05835093979148,0.0485583161413267,3.99843088259361,34.677932197634,0.0994849497795981,0.0776360724132738
0,61.0138287624839,28.7520515043133,50.5832589490475,39.1268212823771,114.095521564578,6.77619370844836,27.6902970984158,19.1028527175087,0.0933653953150667,26.2771242327892,5.3972857626072,8.92826233076749,5.37516954023406,2.94137516205509,0.0515752981816774,4.0249722832251,35.953218748258,0.08910614252439,0.0967032107022332
0,63.8922583881007,28.8903211216449,49.9692687110213,35.6827979658321,134.782091030364,6.25042845028079,27.8971778850286,17.2926725832948,0.120989660688484,27.2199059504095,4.59553029564167,8.373215800337,4.96114108487178,2.73655737736248,0.0404466696707983,4.13203372012705,35.5094415516795,0.0924204247906616,0.0683922104099283
0,61.9466597133063,27.3045818760935,50.4902129737203,35.5172491630731,129.273483429113,6.29714081560348,31.7928453797427,17.5877638040412,0.127316100107959,25.8813995826368,5.11786698370898,8.57853043904864,5.46719605127925,3.31982518597413,0.0465326713755338,3.87614046160763,38.7358982324026,0.0650457895940272,0.0862584522634514
0,56.4221217394573,32.7443936960329,53.0667187891575,39.1186881590368,129.935912803232,6.81942657194702,32.4985561720644,16.9034784425965,0.0972083502517229,27.5907663298133,5.52566305307855,8.37433740502047,5.27605537457324,3.04411103258971,0.057614770380583,3.79682928426881,39.4322699472136,0.0807821371030043,0.0866728955342742
0,56.4952203429345,27.4234363263934,52.5502354745473,35.9267032189315,133.843029578186,6.50376586740901,29.7856016890064,18.9194510898166,0.0947189532958959,30.0065794457703,5.17637758418346,8.85921423653165,5.2224541545445,3.24156592892557,0.0687774481601879,4.43562788481898,36.4080747004357,0.0947770396642551,0.108678631008855
0,64.0349830469068,28.4798218199791,57.7317013223085,34.0165305442619,121.387027302249,7.1172793245873,33.362196766697,19.1251285791573,0.105903302167811,28.610343195817,5.30900029388651,7.67048458519024,5.34227041879439,2.82885848447689,0.0620675177851092,4.47275587327207,34.8195738418394,0.0628515693238733,0.0708064466280637
0,55.8955954051224,31.2946698736627,56.6450953699114,39.9071066414379,126.074902752263,6.93640051698213,29.5459957066525,18.3874987239656,0.114281580137838,25.7815841465973,4.95390473355816,7.9849361852001,5.31277767886356,2.91251536758114,0.0561184626548835,4.68543970248184,37.7467759315739,0.080814251035264,0.0946568560044413
0,53.8119411746235,27.7079437841839,55.0431597250025,38.6740882421134,125.965255711049,6.16179270511286,29.3918146603934,19.4115466531374,0.133638321940603,27.1022547497546,5.08500537287877,7.66471152400635,5.53266245666478,2.79512645134524,0.0469889122484551,4.08691172970402,40.3272049725633,0.0849570941831445,0.070217461000992
0,59.5798410707763,27.601482325224,58.8587986418577,33.3303912647785,130.406531520038,7.12949561375742,32.6711921950211,17.3979014266828,0.102467266205736,29.3792797292885,5.01696016852346,7.41550891564842,5.35315483273288,2.81169799378937,0.0735836685506376,4.56522496135652,34.9961802380733,0.0721699772554951,0.0623920314483281
