Animal_1,Animal_2,Animal_3,Animal_4,Animal_5,Animal_6,Animal_7,Animal_8,Animal_9,Animal_10,Animal_11,Animal_12,Animal_13,Animal_14,Animal_15,Animal_16,Animal_17,Animal_18,Animal_19,Animal_20,Animal_21,Animal_22,Animal_23,Animal_24,Animal_25,Animal_26,Animal_27,Animal_28,Animal_29,Animal_30,Animal_31,Animal_32,Animal_33,Animal_34,Animal_35,Animal_36,Animal_37,Animal_38,Animal_39,Animal_40,Animal_41,Animal_42,Animal_43,Animal_44,Animal_45,Animal_46,Animal_47,Animal_48,Animal_49,Animal_50
11.5708653482202,9.62881992463982,8.01624400645093,13.9556035054614,11.0657033714626,10.0999841974957,13.1126839335726,11.4418932766207,9.88763849968955,11.3430795561697,10.1386000621254,13.8215300915239,12.4092338874383,14.0890445715892,5.78382499863316,5.82902474051241,8.4360103301045,11.1759092680781,12.7401629173776,11.1759092694377,5.77615446210648,5.55374773345499,15.1658914881084,14.9270918660194,14.9270918660194,10.6025818689059,6.09211354438818,3.33950569853287,10.602581869483,37.4328977606729,4.72320808450498,20.5749323840268,6.42787971176698,6.03864061529287,7.85453540247088,4.72320808450498,6.03864061529287,4.72320808450498,4.04402213075698,6.03864061529287,4.72320808450498,4.72320808450498,4.72320808450498,5.29202800619414,6.03864061529287,4.72320808450498,4.72320808450498,4.72320808450498,4.72320808450498,6.42787971176698
11.6810849713453,9.23760051103757,7.69705118418618,13.2960644818089,10.3011780355318,9.9224337693522,12.612529642295,11.1236709708258,9.33117262994086,12.0922455060203,9.7515291827448,13.3648992010833,12.2071337486999,13.6238804617949,5.23665106224291,5.79752543496187,7.80930643736673,10.5637736716448,12.5483057621081,10.5637736717619,5.92394235662416,4.89409564894779,16.2826942193626,14.7236880849061,14.7236880848123,10.2836364471499,5.9597982579534,3.22872490514336,10.2836364471496,37.9602992990163,4.56658438901355,20.3151936066396,6.23142541828963,6.75234494016315,6.92181162096086,4.56658438901355,6.75234494016315,4.56658438901355,3.67444493164819,6.75234494016315,4.56658438901355,4.56658438901355,4.56658438901355,5.26231861779375,6.75234494016315,4.56658438901355,4.56658438901355,4.56658438901355,4.56658438901355,6.23142541828963
12.1819862980848,9.99615685763475,8.6470547114439,14.432592999529,11.5068509038099,10.4311948679443,13.773982732615,11.7397246674822,10.6254773887785,11.7423743510687,11.0045112654087,14.2662666276579,12.7793527821366,14.54231860212,5.78422727040319,6.06146207863842,8.80279942376737,12.059708858565,13.2117431469065,12.0597088593076,6.34599865332178,5.53813401981491,15.7913915340974,15.4057972295002,15.4057972295002,11.7591130276493,6.21298392686017,3.44419481333585,11.7591130271372,39.4417014575439,4.87109095579622,21.2363921207332,6.99948180204317,6.93508070135766,7.83254918456527,4.87109095579622,6.93508070135766,4.87109095579622,3.91081924577743,6.93508070135766,4.87109095579622,4.87109095579622,4.87109095579622,5.8872361440368,6.93508070135766,4.87109095579622,4.87109095579622,4.87109095579622,4.87109095579622,6.99948180204317
12.3245195543379,9.4011125704013,8.01246730306731,14.567172779156,11.1289027771264,10.7526873123559,13.7812397175939,12.3472727716468,9.836073758084,12.1336929578958,10.197866739775,14.8576404117751,13.6558382947774,15.0777957229128,5.28543279705758,5.73261136983204,8.01714068161073,11.1524376746138,13.9343844450102,11.1524376765869,5.75439982861113,5.01785921074977,16.3241977964781,16.5170415466408,16.5170415466408,10.88067297779,5.50665969708313,3.1279468292326,10.8806729786587,36.8222924803216,4.42398343008489,22.9414253502995,6.07504596435879,6.5469621148148,7.09686282561335,4.42398343008489,6.5469621148148,4.42398343008489,3.724145497049,6.5469621148148,4.42398343008489,4.42398343008489,4.42398343008489,5.49392125412504,6.5469621148148,4.42398343008489,4.42398343008489,4.42398343008489,4.42398343008489,6.07504596435879
12.248996870203,9.5648337340327,8.42348987682744,14.4006544499163,11.3315890422439,10.4792072316631,13.779386483213,11.9086608471752,10.3760528891778,11.9769279118301,10.7530854162632,14.5856078053398,12.9989534248907,14.8100645418785,5.61277126831135,5.87570702687927,8.74585742370895,11.7792487513311,13.3758542128782,11.7792487513689,6.06225032933829,5.49283339630111,16.1213626778472,15.6930915089592,15.6930915089592,11.1974257800856,5.70580278679185,3.14428632085024,11.1974257800925,39.9856331776694,4.44669206273356,21.7434686195325,6.64924709129033,6.80200640078391,7.7680139482398,4.44669206273356,6.80200640078391,4.44669206273356,3.79385424025448,6.80200640078391,4.44669206273356,4.44669206273356,4.44669206273356,5.5582988594332,6.80200640078391,4.44669206273356,4.44669206273356,4.44669206273356,4.44669206273356,6.64924709129033
12.5674015764426,9.37194538236395,8.43645030823195,14.5477578474631,11.3372328728425,10.6722588993403,13.8577179412262,12.0566535430648,10.3606010438764,12.5707553449193,10.7529911666477,14.7788637145393,13.2883467846027,15.0119021004051,5.39874549768243,6.18251451763277,8.77977214725165,11.7536865206097,13.7116294462125,11.7536865207081,6.27316348673225,5.08596561357614,16.9189547420869,16.0445835837321,16.0445835837321,11.2512482871268,6.10977574757521,3.22402257034139,11.2512482869566,38.918524030729,4.55942627297672,22.2267780129138,7.01448137266806,6.93297918104815,7.19267063942766,4.55942627297672,6.93297918104815,4.55942627297672,3.86206297645234,6.93297918104815,4.55942627297672,4.55942627297672,4.55942627297672,5.95501033564024,6.93297918104815,4.55942627297672,4.55942627297672,4.55942627297672,4.55942627297672,7.01448137266806
12.4054206033856,9.93031715602631,8.53455802047079,14.8513277652595,11.7027225864357,10.6207908168617,14.0201294408383,12.0745062170839,10.5783898581301,12.0331389254382,10.9018565789561,14.7721824079159,13.2366144700629,15.0078517804351,5.53874792866107,5.73511062867342,8.68515400787651,12.0291466988502,13.5877922059701,12.0291466991235,5.88898647858495,5.36407551619057,16.2750426871252,16.0023374651447,16.0023374651447,11.6304478169073,6.05388884705479,3.23834231388746,11.6304478172505,36.6232929527757,4.57990902290852,22.1628684933755,6.46202391322522,6.42708504640123,7.58622141015417,4.57990902290852,6.42708504640123,4.57990902290852,3.67499653914426,6.42708504640123,4.57990902290852,4.57990902290852,4.57990902290852,5.39674063708643,6.42708504640123,4.57990902290852,4.57990902290852,4.57990902290852,4.57990902290852,6.46202391322522
12.312424722237,9.90511335314757,8.33735026816622,14.1595061860683,11.1842444847792,10.2065412311225,13.5729468637737,11.6357362607746,10.3364875208551,12.4958858678277,10.6399430775952,14.1246553613306,12.6789830817962,14.3564150896454,5.56966569786839,5.7486469000747,8.36393545736652,11.7379023867517,13.0164429270907,11.7379023867414,5.75259286848725,5.44495905472006,16.8996829093996,15.30114340065,15.30114340065,11.4725936602713,5.644296817437,3.14036304797179,11.4725936601331,38.1278002118818,4.44145101028263,21.1776886759469,6.32831848159124,6.28511351924808,7.70076020012477,4.44145101028263,6.28511351924808,4.44145101028263,3.74625196263116,6.28511351924808,4.44145101028263,4.44145101028263,4.44145101028263,5.42492999577823,6.28511351924808,4.44145101028263,4.44145101028263,4.44145101028263,4.44145101028263,6.32831848159124
12.2459728230359,9.59869838265235,8.30266855046214,14.1197567723123,10.9682425406328,10.2935464715354,13.5859876243153,11.747548614646,10.2781753436094,12.3252762036539,10.5427584058588,14.4598275773076,12.9515267424593,14.7367939890669,5.37732127599973,5.99633665063696,8.66074797056155,11.6736974696737,13.2699875806225,11.6736974694183,5.73798161485343,4.93957395157463,16.5689325261123,15.6447769760106,15.6447769760106,11.1083970248439,6.00620550382827,3.47926156933993,11.1083970248727,40.8561533076807,4.92055590430327,21.570412415338,6.22760726868326,5.98149468923926,6.9857998055945,4.92055590430327,5.98149468923926,4.92055590430327,3.7057373978102,5.98149468923926,4.92055590430327,4.92055590430327,4.92055590430327,5.19251971385417,5.98149468923926,4.92055590430327,4.92055590430327,4.92055590430327,4.92055590430327,6.22760726868326
11.6599236498487,9.45638739786822,7.83785360011821,13.2812508796345,10.4793199092652,9.7507964915402,12.7349145489674,11.0039112371495,9.61587957412139,12.0218025085551,9.99245804665516,13.373479923103,11.97071609777,13.5960768787164,5.32521147119819,5.95866499507948,8.14338137634529,10.9110449530037,12.3946447818876,10.9110449528485,5.88388303889449,5.21654453707536,16.1322197970241,14.4427473793016,14.4427473793016,10.4838501978008,5.55937402955025,2.99426627160468,10.4838501980892,42.0332399942949,4.23477530018483,19.982779420367,6.60917584850644,6.49968743876106,7.37774058255444,4.23477530018483,6.49968743876106,4.23477530018483,3.56496408388806,6.49968743876106,4.23477530018483,4.23477530018483,4.23477530018483,5.26245685165506,6.49968743876106,4.23477530018483,4.23477530018483,4.23477530018483,4.23477530018483,6.60917584850644
12.2512938034458,9.57882116207225,8.22398552654714,14.5124667325144,11.243955587899,10.5856949199625,13.7390502816495,12.1099494412285,10.138193457229,12.0304134390821,10.4232621351076,14.6536410408792,13.3843470441697,14.9227479369628,5.41704082232989,5.92528204796084,8.36702547900352,11.4895504305925,13.6979575585299,11.4895504282358,5.85643229743128,4.95741324993618,16.1685885238518,16.160790320678,16.160790320678,11.1880263867198,5.95572178017845,3.44735517048118,11.188026386762,40.8153378052593,4.87572472714704,22.3303318718718,6.36917985399038,6.20919117312446,7.01132691017671,4.87572472714704,6.20919117312446,4.87572472714704,3.88595582341231,6.20919117312446,4.87572472714704,4.87572472714704,4.87572472714704,5.4634829828653,6.20919117312446,4.87572472714704,4.87572472714704,4.87572472714704,4.87572472714704,6.36917985399038
11.8848408099215,9.30932617888997,8.03262274002196,14.3546104005209,10.9400727942342,10.7981402279094,13.6762736846507,12.2858575401978,9.789114430495,11.0688606972176,10.1719830558499,14.7614664269494,13.5023397719225,15.0274050809116,5.61508038712542,5.8056710662437,8.37134666145824,11.0928552427589,13.842290289372,11.0928552429505,6.06569069208169,5.32867031652125,14.8402980842512,16.3222596704962,16.3222596704962,10.5964262159818,6.11203841508119,3.43779949073146,10.5964262154958,37.9393489959114,4.8622931425012,22.5673117364631,6.48144154959261,6.6877454052505,7.53634329766664,4.8622931425012,6.6877454052505,4.8622931425012,3.76136875614474,6.6877454052505,4.8622931425012,4.8622931425012,4.8622931425012,5.89592637834714,6.6877454052505,4.8622931425012,4.8622931425012,4.8622931425012,4.8622931425012,6.48144154959261
12.3274053818333,9.2440527741113,8.13793041955717,14.0670754636506,10.8509189983076,10.3548844208206,13.5216206724533,11.8023303599559,10.0723360496697,12.4231441159873,10.36570152114,14.4541030847744,13.0485686732918,14.669921402486,5.17066215327592,5.71332388589452,8.40392593747452,11.4132456536677,13.4044630557671,11.4132456526253,5.80378068924147,4.81647261451808,16.8290512194539,15.7451233168493,15.7451233168493,10.9759566292298,5.74171195811558,3.06453742610064,10.97595662927,36.2867332208432,4.33418783756701,21.8406334436716,6.57690012471894,6.24587348456113,6.81193514440868,4.33418783756701,6.24587348456113,4.33418783756701,3.87538377740257,6.24587348456113,4.33418783756701,4.33418783756701,4.33418783756701,5.60720919457066,6.24587348456113,4.33418783756701,4.33418783756701,4.33418783756701,4.33418783756701,6.57690012471894
12.0299164951014,9.54474371616323,8.16334346063614,14.4016764373182,11.0501612033742,10.6914706456159,13.9296013734383,12.3051880965695,10.1558185297877,11.2713925309062,10.4137385384017,14.763745361014,13.4838545314099,14.9593354501968,5.56634090707255,5.7428592268776,8.22794902247138,11.5068466316076,13.8392934591222,11.5068466318736,5.7275914554673,5.48777453460898,15.0957349965215,16.2809481902672,16.2809481902672,11.3129442464263,5.52231395734328,2.94728490151688,11.3129442465102,41.9812247141458,4.16845821541655,22.6440076742456,6.66874723953081,6.04713001893668,7.76130382408435,4.16845821541655,6.04713001893668,4.16845821541655,3.91625774926187,6.04713001893668,4.16845821541655,4.16845821541655,4.16845821541655,5.44127844409829,6.04713001893668,4.16845821541655,4.16845821541655,4.16845821541655,4.16845821541655,6.66874723953081
12.0887242226957,9.54668048176522,8.06177548795459,14.2151251247593,10.8690730977237,10.662218890484,13.6701010430575,12.1096521690958,9.92109389807926,11.8393198920273,10.2717552424239,14.7128508006732,13.2539435453403,14.9371410199428,5.55235953784498,5.88467773603898,8.56170632280908,11.265055848459,13.6460471669126,11.2650558486676,5.94088412979534,5.45802726720599,15.9424364080314,16.0315528568847,16.0315528568847,10.6146366060388,6.08628987670789,3.15431407237825,10.6146366059179,39.7469589916188,4.4608970913961,22.2284449845124,6.68175260267667,6.42930468260302,7.71885954283296,4.4608970913961,6.42930468260302,4.4608970913961,3.60622757060192,6.42930468260302,4.4608970913961,4.4608970913961,4.4608970913961,4.89244547733613,6.42930468260302,4.4608970913961,4.4608970913961,4.4608970913961,4.4608970913961,6.68175260267667
11.848407508136,9.24732909646755,8.27123156692108,13.5635872549361,10.7980777162032,9.85976564860993,13.083279302231,11.0775453840486,10.1530737267608,11.8847447134895,10.5576429366025,13.6670957899854,12.0541092387071,13.8947785711038,5.41555593456937,5.89826508640409,8.55404817819589,11.5186805854663,12.4475580436888,11.5186805852383,6.04936232988383,5.24072870858031,15.9422975453915,14.5196141548652,14.5196141548661,10.9654077049273,5.62833032668855,3.06171351977208,10.9654077047947,40.0703307873699,4.33026622549717,20.0721374967662,6.57326374196681,6.91552840998902,7.41192221002433,4.33026622549717,6.91552840998902,4.33026622549717,3.78097347030085,6.91552840998902,4.33026622549717,4.33026622549717,4.33026622549717,5.70146858046311,6.91552840998902,4.33026622549717,4.33026622549717,4.33026622549717,4.33026622549717,6.57326374196681
11.6732089095569,9.32527127751854,7.75560752674315,13.9775536924362,10.8342862480654,10.2874261418424,13.1735454931199,11.7025349586454,9.55138618093571,11.4858875260558,9.8595669928408,14.0207791591357,12.7775473427943,14.2503306462677,5.48390294800821,5.6743846047695,7.99359876669295,10.8340303816344,13.1284503997742,10.8340303822756,5.66271516767295,5.38559061443048,15.4565727782719,15.4440958317222,15.4440958317222,10.4860263956638,5.91178488458268,3.11620214454847,10.4860263966949,38.9905027160662,4.4072457924208,21.3916019844925,6.32899203571348,6.05962954042058,7.61661835103169,4.4072457924208,6.05962954042058,4.4072457924208,3.575084343252,6.05962954042058,4.4072457924208,4.4072457924208,4.4072457924208,5.0613223819604,6.05962954042058,4.4072457924208,4.4072457924208,4.4072457924208,4.4072457924208,6.32899203571348
12.0130299500304,9.57812073334369,8.04449745684958,13.5044344455536,10.6241052702811,9.95208141381985,12.8997912877793,11.1129025228598,9.8280822420803,12.5445006714635,10.2406576410356,13.4675418221033,12.1673735572333,13.6981011019758,5.27214987215187,5.97184423285909,8.12842109416386,11.1289787870119,12.5863852182115,11.1289787873264,6.1255449802937,4.99276020623076,16.9162187804294,14.6520636737338,14.6520636737338,10.9082782469805,5.96117066303186,3.05983484320046,10.9082782468146,38.7533207726682,4.32745292666765,20.2639085768827,6.77573824548355,6.92311187425374,7.06120485057939,4.32745292666765,6.92311187425374,4.32745292666765,3.84681844630447,6.92311187425374,4.32745292666765,4.32745292666765,4.32745292666765,5.09258615947641,6.92311187425374,4.32745292666765,4.32745292666765,4.32745292666765,4.32745292666765,6.77573824548355
11.709324064109,9.12009640735981,7.82468358821091,13.7249704829386,10.8689666025932,9.90880320855614,12.851504158191,11.2472432382123,9.64625954940301,11.9328287425481,9.90005159096315,13.6446440962121,12.2473712952984,13.8962628759373,5.5551204955096,5.71671012309582,8.27412046261128,10.8993121472867,12.5653077110341,10.8993121480375,5.65333041718328,5.29233761909014,16.0614801169933,14.7338901031326,14.7338901031326,10.2767521061446,5.83975674573351,3.21967574609522,10.276752106584,36.2452898131479,4.55366497327419,20.3325500880697,6.28376140152384,5.97152290359923,7.48498375640743,4.55366497327419,5.97152290359923,4.55366497327419,3.97703220052199,5.97152290359923,4.55366497327419,4.55366497327419,4.55366497327419,5.82501558284383,5.97152290359923,4.55366497327419,4.55366497327419,4.55366497327419,4.55366497327419,6.28376140152384
12.2291620373531,9.79545792940975,8.50354834605578,14.1935581980092,11.2618834532745,10.2002235006222,13.5850877112402,11.5011515065805,10.5445717939918,12.171340424482,10.8530931527824,14.120726193856,12.564488263739,14.3445645503689,5.49461098848985,5.75325572583894,8.60510866808946,11.9540310932829,12.9223830932947,11.954031093558,5.91254893187138,5.26873529517397,16.4260759456945,15.1254845075245,15.1254845075245,11.5962489023316,5.98958389478588,3.08023070043561,11.5962489029297,36.9464384869052,4.35653157714352,20.9451118005776,6.58971537935011,6.51707979270407,7.45159486957927,4.35653157714352,6.51707979270407,4.35653157714352,4.00815115663286,6.51707979270407,4.35653157714352,4.35653157714352,4.35653157714352,5.50168988914917,6.51707979270407,4.35653157714352,4.35653157714352,4.35653157714352,4.35653157714352,6.58971537935011
12.4680408199137,9.32918381293289,8.33510503875725,14.5526696050586,11.3860106543183,10.6179296887647,13.8039651566217,12.0445768276258,10.2818757089165,12.6240050787416,10.615558458599,14.5406239369462,13.1932895280299,14.7770528882375,5.58794429083613,6.1561465010629,8.47764578507024,11.6621666360275,13.5955382730456,11.6621666359183,6.07269662266159,5.38997634940157,16.9823855391994,15.9274638921806,15.9274638921806,11.4081302689017,6.08842207374712,3.21840152063419,11.4081302695173,35.566394131722,4.55181388233565,22.0600680615902,6.86791523339475,6.5379933233038,7.62294460536321,4.55181388233565,6.5379933233038,4.55181388233565,3.85305667189833,6.5379933233038,4.55181388233565,4.55181388233565,4.55181388233565,5.05143909919798,6.5379933233038,4.55181388233565,4.55181388233565,4.55181388233565,4.55181388233565,6.86791523339475
11.7946542552953,9.5913993605834,8.11983505928392,13.6772033391312,10.9912110031035,9.83132316195815,12.8773074087823,11.0140537672754,9.94603343085402,12.1232156295481,10.3238191889141,13.4900206397688,12.0045536541654,13.719108726387,5.42009407972417,6.09195434798834,8.45684401677506,11.2415624049287,12.4199932272661,11.2415624048506,6.13367525192619,5.14378021028677,16.2119419139574,14.4182163867959,14.4182163867952,10.7287873811062,5.75028335157421,3.05216372959153,10.7287873812482,37.351400322104,4.31684470350341,19.9272760566021,6.85691482040115,6.87115543587524,7.27488532048759,4.31684470350341,6.87115543587524,4.31684470350341,4.07090183966511,6.87115543587524,4.31684470350341,4.31684470350341,4.31684470350341,5.05242093225898,6.87115543587524,4.31684470350341,4.31684470350341,4.31684470350341,4.31684470350341,6.85691482040115
12.3490167826484,9.45168832185468,8.33459168491938,14.548494762896,11.0636210499056,10.8722478651937,14.0199228285449,12.3928935333932,10.2538908083317,11.7048911833554,10.6076635565086,14.9536615766913,13.7135291828357,15.178126412222,5.36481052312361,5.70098787240652,8.2647891775786,11.6131048590256,14.0245786935039,11.6131048598468,5.98730134487141,5.00824820278591,15.7570700577153,16.5569782455765,16.5569782455765,11.4391390437783,5.89826207299455,3.17779835444253,11.4391390442876,42.6026922740018,4.49434236260001,22.9797679407334,6.46847271111702,6.74559385914791,7.0830588887587,4.49434236260001,6.74559385914791,4.49434236260001,3.99672741100199,6.74559385914791,4.49434236260001,4.49434236260001,4.49434236260001,5.85934551812095,6.74559385914791,4.49434236260001,4.49434236260001,4.49434236260001,4.49434236260001,6.46847271111702
12.0575103741217,9.25872626451699,8.19454769770617,13.6828016257405,10.8910482377092,9.85098378127001,13.0122170301867,11.0886799224422,10.0654093413692,12.4189219347439,10.4249555920326,13.4816571104535,12.1744047664052,13.7299869362862,5.245323753135,5.79118019468291,8.15766410345691,11.4031547055494,12.5554451467003,11.4031547042349,6.00688372809069,4.85697812010094,16.8046589113577,14.6546491844935,14.6546491844935,11.2708212360739,5.74396993472167,3.17753118606094,11.2708212353414,36.765762588735,4.49420399972207,20.2318232848644,6.58922364140187,6.68068411517582,6.8693294214669,4.49420399972207,6.68068411517582,4.49420399972207,3.89279849533881,6.68068411517582,4.49420399972207,4.49420399972207,4.49420399972207,5.46915274062381,6.68068411517582,4.49420399972207,4.49420399972207,4.49420399972207,4.49420399972207,6.58922364140187
12.0684935850421,9.7473972864526,8.09612751778838,14.0362835681192,11.2498782278935,9.96941317747499,13.1210447794242,11.2976185066906,9.97047466566348,12.504967448958,10.300039794674,13.5607527209836,12.3047498147899,13.8242195191627,5.50159591115598,6.05937920530478,8.0965885925556,11.3246019733122,12.7071869959827,11.3246019738224,5.89625620783679,5.30686527773094,16.8395629401982,14.8551006067366,14.8551006067366,11.2414447556451,5.81978698476153,3.28420422617045,11.2414447560306,39.3734219944584,4.64480989127017,20.4880171966556,6.56446463993381,6.295221149712,7.50529153100822,4.64480989127017,6.295221149712,4.64480989127017,3.59137839399257,6.295221149712,4.64480989127017,4.64480989127017,4.64480989127017,5.68944690676589,6.295221149712,4.64480989127017,4.64480989127017,4.64480989127017,4.64480989127017,6.56446463993381
11.6580666586504,9.39083239125788,7.87076819891209,13.639318946467,11.0200170734135,9.70329447424788,12.7433461885108,11.0333776154341,9.67393507684741,12.0811558313971,9.96266064096102,13.2556251437924,11.931693628601,13.5543730455046,5.67092016885731,6.08445580207584,8.28970992887286,10.9795079875027,12.3813596681691,10.9795079883964,5.91051141296921,5.46978150570872,16.2714158784425,14.3949846919701,14.3949846919701,10.6045599851819,5.76865406377751,3.45990724983775,10.6045599852512,38.4202040006708,4.89335984405864,19.7609227332932,6.74392247980533,5.94778944786144,7.73577457273239,4.89335984405864,5.94778944786144,4.89335984405864,3.56223994307108,5.94778944786144,4.89335984405864,4.89335984405864,4.89335984405864,5.42654132127957,5.94778944786144,4.89335984405864,4.89335984405864,4.89335984405864,4.89335984405864,6.74392247980533
12.0581671339536,9.86545152852728,8.24833720772735,14.4267977048267,10.9194554716866,10.8048956582478,14.0148450369084,12.3473685803354,10.2249403731578,11.0992051764612,10.5277945902099,14.8385019048428,13.6625416962408,15.0609934549128,5.25242676541579,5.98911228038335,8.15582791799597,11.6213803926946,14.0607206184972,11.6213803928946,5.89332104011564,4.99240897943286,14.8012798625985,16.5378592612382,16.5378592612382,11.654099387974,6.01481804165376,3.15298020699499,11.6540993876423,40.8706020155331,4.45929403355854,22.9581233712742,6.79246164101909,6.17823706149957,7.06064938398762,4.45929403355854,6.17823706149957,4.45929403355854,3.60903482164918,6.17823706149957,4.45929403355854,4.45929403355854,4.45929403355854,5.69429774473737,6.17823706149957,4.45929403355854,4.45929403355854,4.45929403355854,4.45929403355854,6.79246164101909
11.3614789859225,9.31667789701229,7.76196885716046,13.3599346833802,10.7321899385377,9.54447469756653,12.4834153833449,10.7636024325204,9.51736388850443,11.5316796805102,9.85558442536887,13.0700461754338,11.7426060900234,13.3219265456544,5.25930569463589,5.76428357997588,8.08727814355767,10.7857643677444,12.1733671056994,10.7857643672851,5.87826329295428,4.9878873912075,15.5411417006483,14.1483630723494,14.1483630723494,10.4141822738284,5.63633255429189,3.15394004212769,10.4141822742513,42.7140110813964,4.46055005422145,19.5045790320309,6.65053151968331,6.28771754590537,7.05427020282051,4.46055005422145,6.28771754590537,4.46055005422145,3.6497789198867,6.28771754590537,4.46055005422145,4.46055005422145,4.46055005422145,5.05367050611493,6.28771754590537,4.46055005422145,4.46055005422145,4.46055005422145,4.46055005422145,6.65053151968331
11.7266266587465,9.78071360715292,8.39688254257976,13.9860225664237,11.1836775079832,9.92858922113871,13.3420224560356,11.1806056821937,10.4241064743519,11.2465285472981,10.7501447537073,13.8747549342542,12.2393448367909,14.0894553054552,5.22532815000975,5.81997841526844,8.61778260525861,11.8507262920794,12.6683333075137,11.8507262927408,5.8960326695337,5.03091298564967,15.0720597970296,14.7664380717999,14.7664380717999,11.4425218128631,5.85046636592413,2.99687409525094,11.442521812703,37.4960427298955,4.23846001929776,20.4476956637411,6.73626644206123,6.39896645812359,7.11494946957624,4.23846001929776,6.39896645812359,4.23846001929776,3.6502767990728,6.39896645812359,4.23846001929776,4.23846001929776,4.23846001929776,5.20756756571926,6.39896645812359,4.23846001929776,4.23846001929776,4.23846001929776,4.23846001929776,6.73626644206123
12.1438382489621,9.41033023990309,7.97875148283008,14.4527263435275,10.9710303081794,10.8000153082099,13.6910213691065,12.3399783551662,9.73308030465972,11.7308496362721,10.1163662437864,14.890476210627,13.6818559358887,15.1329605665155,5.28546997617228,5.95056882022011,8.19827655368284,11.020945967985,13.9878517937835,11.0209459680281,5.96243504191963,4.87493493312139,15.6742619770786,16.5388143158526,16.5388143158526,10.592783936172,5.80936211131788,3.29564996181974,10.5927839361643,36.8892432330288,4.66114203078216,22.9200839908117,6.31985451776389,6.70704417978473,6.89465538744704,4.66114203078216,6.70704417978473,4.66114203078216,3.81381937348866,6.70704417978473,4.66114203078216,4.66114203078216,4.66114203078216,5.84760115619633,6.70704417978473,4.66114203078216,4.66114203078216,4.66114203078216,4.66114203078216,6.31985451776389
11.9607855926397,9.59281892050406,8.23027478266371,14.1012477103682,11.1951895635765,10.0365284589487,13.3565563172083,11.4753093430093,10.1823873546012,11.8692797683929,10.4603045321189,14.072229681059,12.5895453815078,14.3492054170833,5.40850704434787,5.79485099477099,8.53067165614334,11.5723533045447,12.9375111280017,11.5723533049021,5.74658573565984,5.06189317501558,16.0152223722009,15.2078011690457,15.2078011690457,11.1037290217578,5.7132221554202,3.43065010975296,11.1037290217755,41.2794574207543,4.85197242357202,20.9524590606874,6.29343446119772,5.99342224106074,7.15895296438099,4.85197242357202,5.99342224106074,4.85197242357202,3.60029406200203,5.99342224106074,4.85197242357202,4.85197242357202,4.85197242357202,5.2939336781565,5.99342224106074,4.85197242357202,4.85197242357202,4.85197242357202,4.85197242357202,6.29343446119772
11.8999367342801,9.61492057342277,8.33820037660721,13.8633052011552,10.976941996521,9.97788111087602,13.3416652251937,11.2975457727638,10.3407340144706,11.6692500329328,10.6513625127047,13.9532810810979,12.3912136790643,14.1626386197017,5.25495516425811,5.68923223847988,8.50200077548936,11.7239006431247,12.7554497861028,11.7239006431823,5.82638641967633,4.99642147742914,15.6941081581956,14.9212701006323,14.9212701006323,11.3107175206609,5.60899430985976,2.95973863497132,11.3107175206242,41.9896113911194,4.18621385013086,20.6845944767026,6.54604698108307,6.43944599228583,7.06659891015211,4.18621385013086,6.43944599228583,4.18621385013086,3.92190802834665,6.43944599228583,4.18621385013086,4.18621385013086,4.18621385013086,5.16660007061415,6.43944599228583,4.18621385013086,4.18621385013086,4.18621385013086,4.18621385013086,6.54604698108307
12.1560570612342,9.36648267840624,8.16514081421669,14.4038553566283,11.1074160192443,10.538784121546,13.6802279234297,12.0088960995194,10.0529478724271,11.7620902800458,10.4220271787014,14.5397559232608,13.2965875728659,14.758065303066,5.12205845868493,5.72793684659309,8.06232930178447,11.4183097819127,13.6264335150433,11.418309781929,5.83722052770078,4.82044525116225,15.8230268891847,16.0826909365055,16.0826909365055,11.2914883762886,5.71547891777252,3.0910928050598,11.2914883763471,37.4365932850841,4.37185107410054,22.3193046225279,6.30537183504523,6.58392569537048,6.81758279160599,4.37185107410054,6.58392569537048,4.37185107410054,3.6212158864552,6.58392569537048,4.37185107410054,4.37185107410054,4.37185107410054,5.59256365701446,6.58392569537048,4.37185107410054,4.37185107410054,4.37185107410054,4.37185107410054,6.30537183504523
11.9436109551543,9.84162568781035,8.23713884499118,14.528898960849,11.1051519292795,10.903955225371,13.8890495902527,12.3786339116497,10.0710056901637,11.0877055712566,10.4426779866759,14.8264218716833,13.5729374113872,15.088457370573,5.74483945231544,5.96472242840134,8.38296041260628,11.4064695392857,13.8937656900518,11.4064695383607,6.08474760951867,5.48793188829438,14.7451732993941,16.391083399717,16.391083399717,11.0608137975294,6.24332057844552,3.4195963982557,11.0608137975678,43.2372775549514,4.83638346695386,22.6723446114862,6.46516647511743,6.77375976735358,7.76150276309605,4.83638346695386,6.77375976735358,4.83638346695386,3.92128639537014,6.77375976735358,4.83638346695386,4.83638346695386,4.83638346695386,5.11270738359732,6.77375976735358,4.83638346695386,4.83638346695386,4.83638346695386,4.83638346695386,6.46516647511743
12.1765975461474,9.31660931538951,8.23709980024805,14.2004468482476,11.1610045604651,10.2242890497003,13.3981968440513,11.6018644436591,10.1219712600459,12.2612442547493,10.4807126009967,14.0920773511363,12.8027496559548,14.3328778910695,5.23553021502787,5.82826658450829,8.1141848171372,11.4687947972495,13.0901683335413,11.4687947973889,5.85021956222808,4.82905944333633,16.4640063271263,15.4364597276421,15.4364597276421,11.2903711775187,5.67307090168368,3.19025645970215,11.2903711774358,40.9550567791321,4.51175488233295,21.367359093214,6.12565737689773,6.69308997978516,6.82945213114388,4.51175488233295,6.69308997978516,4.51175488233295,3.90306548409029,6.69308997978516,4.51175488233295,4.51175488233295,4.51175488233295,5.46165139601171,6.69308997978516,4.51175488233295,4.51175488233295,4.51175488233295,4.51175488233295,6.12565737689773
11.9389930688747,9.32953955772517,8.32264000563559,13.8516916397051,11.1397484703161,9.84663903162542,13.124945160171,11.0621033678659,10.2727471080417,12.0999646462888,10.6056830196826,13.5354884486789,12.0854642026218,13.7754505973982,5.36161571197452,5.83376676956508,8.40011679742303,11.644449801478,12.4964519807882,11.6444498020577,6.01080782766881,5.06489909519773,16.3317041694564,14.5407523660616,14.5407523660616,11.4092076440479,5.8616241226461,3.13071005969871,11.4092076439856,42.777383019794,4.42773806406143,20.0808028991385,6.75554731280137,6.56852501679537,7.1629804355841,4.42773806406143,6.56852501679537,4.42773806406143,3.91492305415469,6.56852501679537,4.42773806406143,4.42773806406143,4.42773806406143,4.84215062843045,6.56852501679537,4.42773806406143,4.42773806406143,4.42773806406143,4.42773806406143,6.75554731280137
11.6217581371157,8.94961439126321,7.82034893936183,14.048696301564,10.8186469971878,10.4515875101991,13.283616303456,11.9388664615309,9.50977139894808,11.040078386596,9.89210998311089,14.3117872385367,13.1544225764088,14.5870024855498,5.40783369305266,5.93087144090053,8.14461808318668,10.7829181046585,13.5313968675509,10.7829181048141,6.04107490772195,5.05103609245578,14.7645394225282,15.909455035979,15.909455035979,10.4086853426076,5.76325635933564,3.44743872805039,10.4086853426118,40.7412244505043,4.87586245039691,21.9648190574528,6.56504953532476,6.52755842411052,7.14368396794555,4.87586245039691,6.52755842411052,4.87586245039691,3.59536409852583,6.52755842411052,4.87586245039691,4.87586245039691,4.87586245039691,5.28387169817665,6.52755842411052,4.87586245039691,4.87586245039691,4.87586245039691,4.87586245039691,6.56504953532476
11.9976376178259,9.82031049627048,8.27820139842405,14.7055752295807,11.2943258278694,10.8151294279101,13.9798827355423,12.3660641293569,10.2298730933702,10.9824029915934,10.5146539598356,14.8849391047666,13.672683218247,15.1288484494992,5.42666727685799,5.91941824766678,8.27227711594116,11.5898178164711,13.99074188153,11.5898178155759,5.86330554929689,5.04275386602476,14.5875507979294,16.5112334542202,16.5112334542202,11.435606349862,6.02980445860179,3.30525819715173,11.435606349862,39.98515119303,4.67478541780579,22.8774696497449,6.48187162986504,6.26624898165041,7.13199898306301,4.67478541780579,6.26624898165041,4.67478541780579,3.95298053155029,6.26624898165041,4.67478541780579,4.67478541780579,4.67478541780579,5.7145038520389,6.26624898165041,4.67478541780579,4.67478541780579,4.67478541780579,4.67478541780579,6.48187162986504
11.7792122127154,9.27819037131513,8.19518767092197,14.3501817770577,11.1074638019247,10.5281216135877,13.6526300592339,12.0060446528564,10.1245886297505,11.0630381066471,10.376904158202,14.4063531670025,13.2522809689389,14.6842512930051,5.45112989271115,6.15323371327349,8.24712786780309,11.4716900218911,13.6170893769431,11.4716900220342,5.90877422647011,4.98622642652141,14.6555922083492,15.9950346500147,15.9950346500147,11.3921288904727,6.19360203606505,3.4775256243052,11.3921288908782,41.1154975754381,4.91805058571757,22.0789395597315,6.68029127069547,5.9939419004516,7.05180770881186,4.91805058571757,5.9939419004516,4.91805058571757,3.9023421461452,5.9939419004516,4.91805058571757,4.91805058571757,4.91805058571757,4.95343153605512,5.9939419004516,4.91805058571757,4.91805058571757,4.91805058571757,4.91805058571757,6.68029127069547
12.2992235791576,9.17808516701484,7.93771496204287,14.3137474494125,10.9314423686978,10.5587285113106,13.5371375523118,12.0407619933332,9.80180429621659,12.4202586112576,10.0806699965807,14.7256474953774,13.35014391141,14.9647252240805,5.15752258582905,5.9481454713094,8.42377573452554,11.1195148764316,13.6928013584074,11.1195148761105,5.71348771583877,4.75433444495107,16.7323569899004,16.1448506480745,16.1448506480745,10.4983276115415,6.10975659124962,3.25688506247859,10.4983276119565,35.9513875709153,4.60648456010257,22.3633293654726,6.41557173084966,5.96257938209675,6.72420335989019,4.60648456010257,5.96257938209675,4.60648456010257,3.65574052144652,5.96257938209675,4.60648456010257,4.60648456010257,4.60648456010257,5.72765607374596,5.96257938209675,4.60648456010257,4.60648456010257,4.60648456010257,4.60648456010257,6.41557173084966
11.7680280644566,9.07952127987352,7.86860830964365,13.9924686654114,10.5984260386607,10.4995034512721,13.4590704183215,12.0235169623144,9.67518109344966,11.1881331275748,9.99480759924903,14.609333386301,13.2618463486739,14.8438212150038,5.30600167506533,5.65389436783272,8.26779398103115,10.9739275837376,13.5692150064427,10.9739275839241,5.68210577387446,5.03182768110543,15.0033868272225,16.0394665410894,16.0394665410894,10.362553909421,5.72366535803644,3.21455290309248,10.3625539091095,36.5771560417285,4.54635435016934,22.2221099090691,6.15479872767063,6.18926811686848,7.11632203755288,4.54635435016934,6.18926811686848,4.54635435016934,3.62610260743467,6.18926811686848,4.54635435016934,4.54635435016934,4.54635435016934,5.30139802557104,6.18926811686848,4.54635435016934,4.54635435016934,4.54635435016934,4.54635435016934,6.15479872767063
11.4176150339827,9.28448547672075,7.8684615115601,13.7188444102773,10.7900129216542,10.073079006321,12.9574975158146,11.4145347978284,9.62920355324009,11.0781771858005,9.96408110085087,13.6028844134906,12.4481703317275,13.8459808120125,5.55393311109148,5.78000438784334,7.94625293213726,10.8713975914961,12.7997576391085,10.8713975919036,5.92902680621752,5.30411207829711,14.7860270423872,14.9759835404972,14.9759835404972,10.6774873603047,5.70072260538879,3.15759451300656,10.6774873598564,42.9957593707007,4.46582988895367,20.7040140045518,6.55301860205967,6.52485712200777,7.50151513502482,4.46582988895367,6.52485712200777,4.46582988895367,4.03994049560418,6.52485712200777,4.46582988895367,4.46582988895367,4.46582988895367,4.92885306112497,6.52485712200777,4.46582988895367,4.46582988895367,4.46582988895367,4.46582988895367,6.55301860205967
11.4049137842179,9.14745453847922,7.65567093177169,13.585856965171,10.2943626655011,10.2604810496155,13.1156519818438,11.7304584140946,9.43582346979011,10.7473073167967,9.72500116260235,14.1035320866115,12.8723111333251,14.3096528259771,5.33224292124218,5.62507316301898,7.89907651273325,10.671355117373,13.1737447360581,10.6713551172263,5.54349350230879,5.16308139754562,14.2849530709254,15.5342759967974,15.5342759967974,10.2459284719669,5.56942491947528,2.95519547438711,10.2459284719667,38.1379583844642,4.17973338995938,21.5682035300249,6.16803201326868,6.05605755430779,7.30216571678015,4.17973338995938,6.05605755430779,4.17973338995938,3.808630471251,6.05605755430779,4.17973338995938,4.17973338995938,4.17973338995938,5.88810738847505,6.05605755430779,4.17973338995938,4.17973338995938,4.17973338995938,4.17973338995938,6.16803201326868
12.3721876886112,8.94877961685217,7.9314118549975,14.1863638966313,10.6076552414393,10.7665256117189,13.6165402180496,12.2672519839615,9.72909665482989,12.4601648463392,10.028880914208,14.8745051632323,13.5970200013632,15.1266218026166,5.33465234720394,5.70101234801342,8.33544377304038,11.0024869507558,13.8777306683029,11.0024869504814,5.7830462596967,4.86445663906712,16.8707002736086,16.4198936158586,16.4198936158586,10.3899284170053,6.20511643486213,3.36041775328831,10.3899284170318,37.8387480840824,4.75283868083111,22.7286059434564,6.2118291296716,6.25729944449697,6.87983749515985,4.75283868083111,6.25729944449697,4.75283868083111,3.93103365590465,6.25729944449697,4.75283868083111,4.75283868083111,4.75283868083111,5.21165354232034,6.25729944449697,4.75283868083111,4.75283868083111,4.75283868083111,4.75283868083111,6.2118291296716
11.7503712744663,9.42123090095111,8.13619225879718,13.7857101267123,10.9061865133624,10.0524248467777,13.1849563053638,11.4223879582037,9.98880512504341,11.4938433960979,10.3184338391691,13.9296538197821,12.4859172575595,14.2056877139933,5.52906546094431,5.9810791315844,8.60500861630957,11.3261821839249,12.9145378495515,11.3261821832249,6.08850586643591,5.20554765388821,15.444079365472,15.057656636848,15.057656636848,10.7906046181298,5.77231642683591,3.40983542142946,10.7906046179821,41.3886100044027,4.82252559808575,20.7410100895651,6.84937820245161,6.40617255821999,7.36207688689019,4.82252559808575,6.40617255821999,4.82252559808575,3.77537024966159,6.40617255821999,4.82252559808575,4.82252559808575,4.82252559808575,5.7766004997157,6.40617255821999,4.82252559808575,4.82252559808575,4.82252559808575,4.82252559808575,6.84937820245161
12.0282408357745,9.25747927300415,7.9389373577473,14.4386325566793,11.050569283719,10.7028834872675,13.6605922762987,12.2563080986279,9.7614934247912,11.6656383798778,10.0653534734949,14.7396674273118,13.4825368769028,14.9969783266073,5.52166156968222,5.92093708815176,8.28184298747947,11.0770651270763,13.8175378411969,11.0770651267878,5.78830001694352,5.2691430353259,15.6445797349333,16.3146258342026,16.3146258342026,10.6231652339131,6.00755946925417,3.38346510971453,10.6231652339382,38.4250274167,4.78513437407849,22.5710986533819,6.36152053258013,6.09474629732025,7.45174043419538,4.78513437407849,6.09474629732025,4.78513437407849,3.61099876031575,6.09474629732025,4.78513437407849,4.78513437407849,4.78513437407849,5.43721533391637,6.09474629732025,4.78513437407849,4.78513437407849,4.78513437407849,4.78513437407849,6.36152053258013
11.7020959407224,9.45991488714528,8.34489509549837,13.7788517031867,11.0921176923415,9.9357193008425,13.1489551987701,11.1308672852612,10.2562374412405,11.4658506128626,10.62892762835,13.5304099425291,12.0521306316469,13.7677339697348,5.63876200743194,5.90611124307237,8.49761552198226,11.6100092864637,12.4856699473676,11.610009288274,6.19166870724636,5.46755610333107,15.3676137144114,14.4813257964126,14.4813257964126,11.2962148671063,5.8496370476446,3.09746298928047,11.2962148653909,39.166906273787,4.38093274235238,20.0125620079025,6.94843550774477,6.89483322563504,7.73273328071111,4.38093274235238,6.89483322563504,4.38093274235238,4.04932648162118,6.89483322563504,4.38093274235238,4.38093274235238,4.38093274235238,5.35170213236201,6.89483322563504,4.38093274235238,4.38093274235238,4.38093274235238,4.38093274235238,6.94843550774477
11.6746149461199,9.43359407362007,8.33744575048145,13.9485027552223,11.3047219803483,9.82915177531981,13.1498631834439,11.1150445718578,10.2993716146624,11.5922770625598,10.580201646531,13.5048252974315,12.0126726786288,13.7957207804788,5.77646113177935,5.93284381556936,8.51115221663402,11.6798629030215,12.3597632045919,11.6798629044876,5.85161675941338,5.53458322466497,15.5098059474499,14.4546972690074,14.4546972690074,11.3171369832993,5.9491869983292,3.44885416224124,11.3171369836255,36.9642948335477,4.87762208942576,19.8515484988437,6.35813134005869,6.20542408626652,7.82732705180202,4.87762208942576,6.20542408626652,4.87762208942576,3.87844284020494,6.20542408626652,4.87762208942576,4.87762208942576,4.87762208942576,4.9982930346521,6.20542408626652,4.87762208942576,4.87762208942576,4.87762208942576,4.87762208942576,6.35813134005869
12.1925704943009,9.31651000215032,7.80024297179317,13.9688786211801,10.5545751243857,10.5599425577522,13.4214636691347,12.0364946423236,9.62841404566869,12.4010531189374,9.9014605970825,14.4382062042268,13.2494779467568,14.6433125624921,5.37355593932688,5.71735597392143,8.02471218203005,10.8772735271757,13.5835951245188,10.8772735267334,5.7117941660797,5.14138566030362,16.760946762419,15.9810045096021,15.9810045096021,10.5453684427998,5.92629357902756,2.98981793483982,10.5453684425918,37.0232224877538,4.22827608543869,22.2014574334602,6.54056398844668,6.10054966486626,7.27118147964605,4.22827608543869,6.10054966486626,4.22827608543869,3.98443908143891,6.10054966486626,4.22827608543869,4.22827608543869,4.22827608543869,4.8824368587655,6.10054966486626,4.22827608543869,4.22827608543869,4.22827608543869,4.22827608543869,6.54056398844668
12.1014544909782,9.57697905507858,8.46852803323735,14.9872565724228,11.6104453178084,10.9213380981573,14.1764729359365,12.4770689788298,10.4255303583431,10.9358708880275,10.7799968087212,15.1090138194512,13.7635728119782,15.3481360694558,5.52571062909163,5.84182435647074,8.46991704115224,11.8230138336451,14.0539377773389,11.8230138337842,5.96938597762335,5.21602738512035,14.5259233662695,16.627231811359,16.627231811359,11.5226589368385,5.88341215910605,3.2989981651374,11.5226589367814,42.4193686033924,4.66576013734179,23.0460512643616,6.29621685743728,6.7444960482161,7.37690126814941,4.66576013734179,6.7444960482161,4.66576013734179,3.92574263149427,6.7444960482161,4.66576013734179,4.66576013734179,4.66576013734179,5.5778021312718,6.7444960482161,4.66576013734179,4.66576013734179,4.66576013734179,4.66576013734179,6.29621685743728
11.504072120343,9.64887268581776,8.30304508749636,13.7236692276554,11.158156151259,9.57531261760372,12.8604414514323,10.6445958201664,10.2293539942462,11.311602589556,10.6150705729465,13.1366872055003,11.6008429036263,13.3744269576693,5.20736746015807,5.6810611724958,8.27288630882194,11.6273347331534,11.990778345548,11.6273347347711,5.90451152837206,4.97490183733709,15.1898727459817,13.9784014873114,13.9784014873114,11.3955629638153,5.94272926381329,3.07318536771829,11.3955629639674,38.7880574369474,4.34598612713915,19.2839404499282,6.36907069766031,6.7183914452121,7.03544266290875,4.34598612713915,6.7183914452121,4.34598612713915,3.60053562815601,6.7183914452121,4.34598612713915,4.34598612713915,4.34598612713915,5.13592148616633,6.7183914452121,4.34598612713915,4.34598612713915,4.34598612713915,4.34598612713915,6.36907069766031
11.2022718272491,8.94887479647003,7.84586928952996,13.4489437421226,10.6949592051144,9.6793951203927,12.6506394287436,10.959857215823,9.5844996880155,10.800956642398,9.94756629553605,13.3264557539002,11.9889355434533,13.6047821906102,5.30312491933088,5.64476911247329,8.1021942242667,10.8749508391764,12.3335291792932,10.8749508390219,5.80948678507539,4.96388349086253,14.4675506515159,14.4668205728678,14.4668205728678,10.4422471101503,5.61540926970753,3.34919486344851,10.4422471101665,35.4058048268004,4.73641679201142,19.9028719735918,6.14747323288451,6.40508929555921,7.02003423138833,4.73641679201142,6.40508929555921,4.73641679201142,3.55727751307002,6.40508929555921,4.73641679201142,4.73641679201142,4.73641679201142,5.62942651455668,6.40508929555921,4.73641679201142,4.73641679201142,4.73641679201142,4.73641679201142,6.14747323288451
12.2107585316909,9.68718125291803,8.43168835625753,14.5084196829818,11.5249286869567,10.3661619295525,13.6308092930674,11.7289688377231,10.3738011840997,12.0581054747652,10.7437778987611,14.2255554050505,12.9264012234483,14.4605331566286,5.32080835003829,6.04670552244239,8.33767595075556,11.7559279966989,13.3175186104503,11.7559279970611,6.160126308039,4.94824585069367,16.1675372487243,15.5793645505199,15.5793645505199,11.6785918987941,5.80703919430555,3.17000129931021,11.6785918989336,36.3647510249809,4.48320930366624,21.5738329349369,6.82865499218869,6.86387563131981,6.99828449848226,4.48320930366624,6.86387563131981,4.48320930366624,3.98209455629631,6.86387563131981,4.48320930366624,4.48320930366624,4.48320930366624,5.0322078733482,6.86387563131981,4.48320930366624,4.48320930366624,4.48320930366624,4.48320930366624,6.82865499218869
11.5960852981264,9.51944439605815,7.73565792509796,13.6110306280298,10.6440219716222,10.0574756719561,12.8214161074301,11.3582813036333,9.4286205636673,11.6818945266934,9.80981540830368,13.5727428187113,12.358004989268,13.7964305611761,5.53296833749959,5.63521711828641,7.84739619486978,10.6422402031403,12.6539554531669,10.6422402030386,5.81198748066235,5.37800756351925,15.6680889268263,14.8724623789683,14.8724623789683,10.2757698937436,5.65196682328583,3.01209090357794,10.2757698938654,41.4147057142336,4.2602639868287,20.6041146952635,6.1655893784451,6.72122521976484,7.60618676872721,4.2602639868287,6.72122521976484,4.2602639868287,3.97934953957702,6.72122521976484,4.2602639868287,4.2602639868287,4.2602639868287,5.3689734390153,6.72122521976484,4.2602639868287,4.2602639868287,4.2602639868287,4.2602639868287,6.1655893784451
12.2291609044303,9.54755456642442,8.05284882196728,14.1394871166127,11.0725931071717,10.3302122213755,13.4224007478079,11.762016826378,9.93834816638652,12.4912262569622,10.2582637704675,14.3569413575272,12.8571116283834,14.5696344773511,5.4921036612836,5.99959465317436,8.54788098403249,11.2608373311245,13.248511335999,11.2608373296302,5.89283322259348,5.36021792659971,16.8099982315574,15.5126634579186,15.5126634579186,10.6037822383266,5.68974627910033,3.02964328660353,10.6037822383266,38.091699291357,4.28473437832716,21.5161927020614,6.73083083055963,6.364993270501,7.58081684700108,4.28473437832716,6.364993270501,4.28473437832716,3.82896582177939,6.364993270501,4.28473437832716,4.28473437832716,4.28473437832716,5.64777497473152,6.364993270501,4.28473437832716,4.28473437832716,4.28473437832716,4.28473437832716,6.73083083055963
12.1232818927836,9.06938496893824,7.916813807702,14.3069422767493,11.0168486929192,10.5473874391281,13.4688476104288,12.0193279836824,9.69918208425366,12.0787634807136,10.0624791830885,14.5254890795085,13.2382505923176,14.7579624990961,5.34950365302558,5.68047929545031,8.18567229770673,10.9989500947393,13.5651962689637,10.998950094558,5.83390951952117,5.1045757121342,16.331613433298,16.0065758819917,16.0065758819917,10.5339371003881,5.82708693807495,3.19085382291687,10.5339371003881,39.3177640227654,4.51292124064609,22.1815217905473,6.29678501909271,6.48747390590656,7.21941650583482,4.51292124064609,6.48747390590656,4.51292124064609,3.65570344209934,6.48747390590656,4.51292124064609,4.51292124064609,4.51292124064609,5.0942849346206,6.48747390590656,4.51292124064609,4.51292124064609,4.51292124064609,4.51292124064609,6.29678501909271
12.4270621698439,9.75079266884128,8.29110420172806,14.5462505597157,11.1287161050335,10.8346540573974,13.9530473153815,12.3550914221795,10.1565781582392,12.1311170219335,10.5605402728902,14.8286273847605,13.6281750664478,15.0575031672135,5.43258163951779,5.93906261708499,8.14923186398602,11.5172393837451,13.9479645295816,11.5172393860836,6.04777277228467,5.16830692210168,16.2746210291679,16.4703136700782,16.4703136700782,11.4074498652536,5.74466911435139,3.19563561539201,11.4074498643896,40.3536819946108,4.51959170807465,22.8498860285904,6.41328752553341,6.94045023257297,7.30949605874686,4.51959170807465,6.94045023257297,4.51959170807465,3.83172992770585,6.94045023257297,4.51959170807465,4.51959170807465,4.51959170807465,5.63546271036619,6.94045023257297,4.51959170807465,4.51959170807465,4.51959170807465,4.51959170807465,6.41328752553341
11.7337832574678,9.19038435776746,8.36646301457938,13.8723354016833,11.0217692905165,9.92656485526565,13.3228568301025,11.2525274367979,10.4081167102723,11.3273310389207,10.6483032778649,13.9383886349179,12.3705833681098,14.1829973199948,5.28521810120087,6.04214473983003,8.68362317683683,11.795497886924,12.7628106744467,11.7954978869369,5.83500229846927,4.86600970918796,15.0631923941178,14.886319247875,14.886319247875,11.3398403154016,5.87830116927608,3.20384596622076,11.3398403152328,41.2923327516971,4.53115547212672,20.5604785520024,6.74277222538791,6.01206854707314,6.88186167684396,4.53115547212672,6.01206854707314,4.53115547212672,3.98853440940067,6.01206854707314,4.53115547212672,4.53115547212672,4.53115547212672,5.55467077839341,6.01206854707314,4.53115547212672,4.53115547212672,4.53115547212672,4.53115547212672,6.74277222538791
11.8974400068587,9.10758849603924,7.97700873191003,13.8861847178816,10.6093067057721,10.55789536035,13.4280862034035,11.9984341446974,9.71598485784922,11.6738693399436,10.0976233623786,14.3106320828361,13.1353956068241,14.5807930101461,5.65201839170159,6.23685208809014,8.2601839218475,11.0055979711347,13.543058638147,11.0055979705101,6.18374325938845,5.39598637192882,15.5634148451941,15.8646856763314,15.8646856763314,10.6983248228933,5.99444410825953,3.41784663067042,10.6983248228117,36.5535406631174,4.83393240110369,21.9081240308621,6.84591845786721,6.66953105818853,7.63149034219045,4.83393240110369,6.66953105818853,4.83393240110369,3.77200022163424,6.66953105818853,4.83393240110369,4.83393240110369,4.83393240110369,5.38665089624102,6.66953105818853,4.83393240110369,4.83393240110369,4.83393240110369,4.83393240110369,6.84591845786721
11.6584352728281,9.45592797134754,7.84321041473017,13.68137968475,10.4958730601752,10.3235517362459,13.1098267066026,11.6740916578617,9.56887987448165,11.3919906590845,9.93042375793172,13.8840480048629,12.7419363882286,14.1264235632393,5.605158174739,5.71255740410829,7.89003785690946,10.8068595425757,13.0408335947854,10.8068595419339,5.87026215952194,5.38845849744754,15.2417008330186,15.349430388621,15.349430388621,10.5566841010394,5.93757081212402,3.18452210918856,10.5566841011308,42.4795567098018,4.50398082306513,21.2347672342462,6.24503858751256,6.64031599894604,7.62091438965793,4.50398082306513,6.64031599894604,4.50398082306513,3.98601166963225,6.64031599894604,4.50398082306513,4.50398082306513,4.50398082306513,5.77513990397508,6.64031599894604,4.50398082306513,4.50398082306513,4.50398082306513,4.50398082306513,6.24503858751256
12.4587985258949,9.3825505783328,8.33834337574151,14.6544632942753,11.3763786725253,10.713461883416,13.8851370462938,12.1617723520821,10.2731101099299,12.2923821801121,10.6149146466613,14.8570342546871,13.4322615638311,15.1050489603886,5.36566421241293,6.13753146205437,8.70050824736931,11.6665706105902,13.8490096617309,11.6665706111441,6.12318397262466,5.01807081899858,16.5483331165442,16.2403196593352,16.2403196593352,11.2099932045762,6.19813100970342,3.33030161615526,11.209993202562,38.8643779649455,4.71008385926556,22.4793195060625,6.92192081298675,6.51014246503196,7.09707099853733,4.71008385926556,6.51014246503196,4.71008385926556,3.71712113361488,6.51014246503196,4.71008385926556,4.71008385926556,4.71008385926556,5.89436029130132,6.51014246503196,4.71008385926556,4.71008385926556,4.71008385926556,4.71008385926556,6.92192081298675
12.2011466279388,9.60059408572951,8.13604799569737,14.3607869914026,11.1493585045635,10.478537578018,13.5940133113001,11.9292610561063,9.99189205264777,12.0852505698026,10.3881961176274,14.68780606882,13.1433000618366,14.9006508128803,5.25103947860092,5.70465133433985,8.54140717407325,11.350059452223,13.474197593808,11.3500594537574,5.86870949485072,5.05015189956674,16.3067193759284,15.8964448370702,15.8964448370702,10.6237939047042,5.62183261390703,3.06832047803594,10.6237939047051,36.9972297402273,4.33945538525997,22.0578102037253,6.26897620756362,6.72266837387466,7.14219211817998,4.33945538525997,6.72266837387466,4.33945538525997,3.58852180933346,6.72266837387466,4.33945538525997,4.33945538525997,4.33945538525997,5.08168023657356,6.72266837387466,4.33945538525997,4.33945538525997,4.33945538525997,4.33945538525997,6.26897620756362
11.8185062262914,9.26899239168131,7.98615472830754,13.9806655626543,11.0173565570577,10.1013560964414,13.1997267331438,11.4726218538131,9.85458081622789,11.6547966088433,10.1935770769738,14.0179998608054,12.5449579909959,14.2301149516442,5.32909569463807,5.65333775755702,8.33866397665657,11.1880427526054,12.930752374536,11.188042752496,5.78606804285974,5.21357532753959,15.7297281820994,15.1529707185546,15.1529707185546,10.6588527538447,5.63554291311924,2.99106473082146,10.6588527534924,36.4386813019597,4.23027885267703,21.0073276451393,6.51258581432914,6.33452802826809,7.37352362320506,4.23027885267703,6.33452802826809,4.23027885267703,3.5962023567553,6.33452802826809,4.23027885267703,4.23027885267703,4.23027885267703,5.66608680592078,6.33452802826809,4.23027885267703,4.23027885267703,4.23027885267703,4.23027885267703,6.51258581432914
11.4847286607708,10.0914276841488,8.3262691629283,13.5420410565014,10.8125104727824,9.87426399397588,13.0811487140097,11.1061788365381,10.2110867115161,11.1251842430081,10.5686776351786,13.3135425103541,12.0125320766801,13.5891403140169,5.74466449053921,5.99455602219684,8.17811043487895,11.5570355260994,12.3504282279909,11.5570355239121,6.03596147189861,5.49927618130043,14.7330334275529,14.4320774051561,14.4320774051561,11.4728144521113,5.81609474667526,3.32725600640004,11.4728144539478,36.7905021108651,4.70594421257725,19.859352711035,6.4074525006237,6.7894291674365,7.77763226770412,4.70594421257725,6.7894291674365,4.70594421257725,4.04533311157922,6.7894291674365,4.70594421257725,4.70594421257725,4.70594421257725,5.22609191958697,6.7894291674365,4.70594421257725,4.70594421257725,4.70594421257725,4.70594421257725,6.4074525006237
11.7054297913892,9.23834098610147,7.85630255522995,13.8447435198512,10.7616648668691,10.1532097684347,13.100137151715,11.5191109360225,9.70062391795241,11.6742038610761,9.97706593154381,13.9117634341092,12.5874071180361,14.1343916161873,5.45655612084309,5.6545331663057,8.05983562921038,10.9723975189562,12.8727021548008,10.9723975190933,5.55761233528384,5.2644183982993,15.6474651368915,15.1681212561249,15.1681212561249,10.5348710642254,5.89171812230572,3.05483558065724,10.5348710642253,40.6943928829665,4.32036693191925,21.0111422349996,6.08310776832233,6.08200999826564,7.44529206096383,4.32036693191925,6.08200999826564,4.32036693191925,3.90168048495674,6.08200999826564,4.32036693191925,4.32036693191925,4.32036693191925,5.06363620999616,6.08200999826564,4.32036693191925,4.32036693191925,4.32036693191925,4.32036693191925,6.08310776832233
12.0592275353652,9.70580031380045,8.42278065441447,14.2115933758028,11.3236100266553,10.2661327304681,13.4847417935074,11.5784140331043,10.3455869394448,11.9791805693384,10.6969001458847,13.9866918160826,12.6051807652211,14.254762055304,5.72973390337144,6.07166758538269,8.51363137883483,11.7173468593381,12.9874190134347,11.7173468587349,6.16635008574192,5.45788003942463,16.0535759366499,15.1731961132484,15.1731961132484,11.4609029377063,6.04116291392008,3.36724926198259,11.460902937851,40.7145868897079,4.76222693358238,20.9216779727591,6.75159116768252,6.76822781083502,7.7188150846047,4.76222693358238,6.76822781083502,4.76222693358238,4.02858974449728,6.76822781083502,4.76222693358238,4.76222693358238,4.76222693358238,5.20942979910942,6.76822781083502,4.76222693358238,4.76222693358238,4.76222693358238,4.76222693358238,6.75159116768252
12.3655668887893,9.6105508452745,8.39507805325348,14.5522985728139,11.4516093035443,10.4520765699827,13.7732349307188,11.9462484545728,10.3391646289509,12.2212959014341,10.6785079088938,14.6210747673746,13.1992082484129,14.8979391366189,5.33580093605555,5.9398838160644,8.66149426529934,11.7575154385068,13.5967314896335,11.7575154381513,6.0712342613456,4.90706307496272,16.5514571095841,15.966347981273,15.966347981273,11.3755338058899,5.81213410183815,3.49003924308042,11.3755338050007,41.0827487930969,4.93598085977486,22.0411299431484,6.69327497239221,6.43566681199651,6.94012724723212,4.93598085977486,6.43566681199651,4.93598085977486,3.58909749587631,6.43566681199651,4.93598085977486,4.93598085977486,4.93598085977486,5.16814207085782,6.43566681199651,4.93598085977486,4.93598085977486,4.93598085977486,4.93598085977486,6.69327497239221
11.5736121329139,9.80204048091166,8.09204767959893,13.8721510439117,11.0500817145676,9.98861587760328,13.1691473575387,11.4313698083283,10.0064733504703,11.2928391056116,10.230455435281,13.6580726840455,12.420693062721,13.9417762148229,5.76288553951643,5.91323305824204,8.21776854713646,11.31634289568,12.7675586988503,11.3163428969336,5.78565818167216,5.47214047481252,15.0804438312345,14.9415988662614,14.9415988662614,11.1249532616252,5.69498853448473,3.42005514192532,11.1249532631487,42.7756735442951,4.8372261811137,20.5683199086948,6.5229255619359,5.87144926713207,7.7393076381479,4.8372261811137,5.87144926713207,4.8372261811137,4.0417413183682,5.87144926713207,4.8372261811137,4.8372261811137,4.8372261811137,5.16003667652452,5.87144926713207,4.8372261811137,4.8372261811137,4.8372261811137,4.8372261811137,6.5229255619359
11.7859040698949,9.5612987131248,8.20632006556407,14.3324116378782,11.0375106827041,10.5044868824096,13.7330861227344,12.0275478516939,10.1866301379116,10.9266064660722,10.4279059372441,14.5991330635511,13.2646219586904,14.8510227482697,5.39284880913778,5.88083714343109,8.35088525608992,11.5579834631835,13.5712401596753,11.5579834638137,5.63727925122499,5.03953303257045,14.5024155251353,16.0245919804136,16.0245919804136,11.2399015335997,5.97320456327965,3.32729010889726,11.2399015340531,43.1780551174885,4.70567369522549,22.1696227001754,6.24367339083738,5.84894679072286,7.12727608580964,4.70567369522549,5.84894679072286,4.70567369522549,3.78231098694985,5.84894679072286,4.70567369522549,4.70567369522549,4.70567369522549,5.26853509279324,5.84894679072286,4.70567369522549,4.70567369522549,4.70567369522549,4.70567369522549,6.24367339083738
11.764718159666,9.3392732723497,8.04496244507789,13.8119184256171,10.9216600932204,9.9684307502767,13.1198611986929,11.3199429530354,9.97086867502228,11.6597897587772,10.2304705100808,13.6244904551566,12.3879129153907,13.8584966167814,5.37267198993599,5.73774252526993,8.05561318363802,11.2914542347471,12.7760628475185,11.2914542345448,5.76970575937027,5.10830551125079,15.7092233670077,14.9203065626127,14.9203065623543,11.214146021225,5.77564198780275,3.10040456547273,11.2141460225627,40.3745881802798,4.38490580783358,20.6394792115194,6.66918904907978,6.01358007621148,7.22452664687967,4.38490580783358,6.01358007621148,4.38490580783358,3.89542529328086,6.01358007621148,4.38490580783358,4.38490580783358,4.38490580783358,5.54246747817753,6.01358007621148,4.38490580783358,4.38490580783358,4.38490580783358,4.38490580783358,6.66918904907978
12.0338227112178,9.3546784671447,8.29931647757052,14.2385581627157,11.2762430758133,10.1940816427441,13.4378557903017,11.5411805257883,10.2487513286583,11.9104007086934,10.5726175635947,14.1108306672245,12.6635820220784,14.3459336074532,5.37691331451694,5.90972392541612,8.41730794623503,11.6205449078705,13.003637734434,11.6205449081079,5.86615944750663,5.0837546054552,15.9510044993112,15.265804910769,15.265804910769,11.2644939718166,5.86150838996998,3.16248375742787,11.2644939713269,39.4919446607549,4.47277729575717,21.1209859110865,6.41987560280992,6.48185021045904,7.18985805575571,4.47277729575717,6.48185021045904,4.47277729575717,3.87720504726459,6.48185021045904,4.47277729575717,4.47277729575717,4.47277729575717,5.57220420193012,6.48185021045904,4.47277729575717,4.47277729575717,4.47277729575717,4.47277729575717,6.41987560280992
11.3444871171788,9.49909758615287,7.99666781419493,13.6911258706892,10.7528720066469,9.93435038549353,12.9923322809577,11.1718438064341,9.83923911357886,10.7391505060105,10.2192331840862,13.5842782552579,12.2321737181865,13.7962612924722,5.17324104870073,5.60363182382327,7.95738816522521,11.1759048467083,12.5726528176274,11.1759048465967,5.72376779472067,5.01862363804813,14.3152510712596,14.7706783121129,14.7706783121129,10.9543085292308,5.79924831353346,2.94705261396832,10.9543085292052,37.004488400228,4.16796516862702,20.4678374064437,6.15475359104861,6.55987371453487,7.09777191496129,4.16796516862702,6.55987371453487,4.16796516862702,3.54062912513168,6.55987371453487,4.16796516862702,4.16796516862702,4.16796516862702,5.28524081750946,6.55987371453487,4.16796516862702,4.16796516862702,4.16796516862702,4.16796516862702,6.15475359104861
12.0922688004638,9.84777967917663,8.18727269083099,14.2985928359031,11.0579378175567,10.4999030383338,13.665995281724,12.0061379720022,10.1242173919422,11.7619411323558,10.3806195931338,14.3903294489461,13.2170327482898,14.6620741450521,5.49937610152495,5.86142070424373,8.18630444199266,11.4801107133397,13.5582783526756,11.4801107130596,5.80984905187695,5.12413787104207,15.8319159221189,15.9607010087269,15.9607010087269,11.4002719156324,6.03423948618021,3.43395356830874,11.4002719145851,38.6552079086337,4.85678573144348,22.0439199625524,6.48210209337339,5.97135585010517,7.24712392525329,4.85678573144348,5.97135585010517,4.85678573144348,3.82351035620518,5.97135585010517,4.85678573144348,4.85678573144348,4.85678573144348,5.42370640293145,5.97135585010517,4.85678573144348,4.85678573144348,4.85678573144348,4.85678573144348,6.48210209337339
11.3288949312994,9.10282140354196,7.86585968056661,13.4554953096276,10.8084611522053,9.68492907153081,12.4817743957816,10.8023632494246,9.54061447970456,11.3871072134405,9.94878438522217,13.0334824335531,11.7457945470656,13.3190893714679,5.47856705651587,5.92569668694286,8.08754633735546,10.7914706977301,12.1100494866343,10.7914706978273,6.0497767352191,5.14028898923484,15.1963704039875,14.1275652079816,14.1275652079816,10.4018138672023,5.99760292720862,3.35180014174403,10.401813867081,40.8290928076009,4.74044602920785,19.4103027011743,6.38585244834673,6.82259373359484,7.26980604234645,4.74044602920785,6.82259373359484,4.74044602920785,3.83682554851604,6.82259373359484,4.74044602920785,4.74044602920785,4.74044602920785,5.84989433679182,6.82259373359484,4.74044602920785,4.74044602920785,4.74044602920785,4.74044602920785,6.38585244834673
11.8733523642892,9.09075604994834,8.24315069385358,13.9536801546272,11.3231530720192,9.69443194892657,13.0929445703214,10.9854099690215,10.2504381677557,12.0835090004638,10.5227819621575,13.6136566846432,11.9969608887598,13.8524577721329,5.28210390678449,5.97371049660196,8.60483380392524,11.6498739623213,12.4383971896583,11.6498739625286,5.79848611357123,5.04709042496237,16.2633447644901,14.4684978304192,14.4684978304192,11.1832952934221,5.70283038606532,3.13209788141943,11.1832952933509,36.6830457876264,4.42978857475218,19.9755539074932,6.7441605290405,5.98002567565824,7.13812473465245,4.42978857475218,5.98002567565824,4.42978857475218,3.62289075842842,5.98002567565824,4.42978857475218,4.42978857475218,4.42978857475218,5.07274609186504,5.98002567565824,4.42978857475218,4.42978857475218,4.42978857475218,4.42978857475218,6.7441605290405
12.0623490957626,9.80955159925395,8.41073998498022,13.9255208105568,11.014784178919,10.1501741481826,13.4509292908067,11.439722564747,10.3774334335994,12.0147603542184,10.7378738904482,13.9437309773536,12.5104474513392,14.1626120191494,5.4128348225222,6.04721197340467,8.458908202584,11.7630911452518,12.941369442775,11.7630911450887,6.13661613774088,5.19139654331127,16.1081074590448,15.0649439444408,15.0649439444408,11.5611252801455,5.78388171834588,3.0276322533252,11.5611252790973,40.1594103267084,4.28208791667693,20.8716586787829,6.96671942122626,6.78985387915278,7.34217307652812,4.28208791667693,6.78985387915278,4.28208791667693,3.95622215565158,6.78985387915278,4.28208791667693,4.28208791667693,4.28208791667693,4.86066862373303,6.78985387915278,4.28208791667693,4.28208791667693,4.28208791667693,4.28208791667693,6.96671942122626
11.623048422552,9.52807491452586,8.37023576927801,13.998379925823,11.2419250047969,9.90350122028476,13.333142485804,11.2834599977389,10.3751251921878,11.0246507144745,10.6529444051328,13.8735513021796,12.38350193085,14.1362718793889,5.34533516875525,6.02206373758146,8.62870059862244,11.7768679841421,12.8192552993902,11.7768679837043,5.98047517977537,4.96074985064406,14.7027690317742,14.926477832003,14.926477832003,11.448764983636,5.62795521425234,3.3171325202419,11.4487649837029,37.3887408575089,4.69133069631198,20.5808999128291,6.88662097866978,6.15337416558161,7.01585149814511,4.69133069631198,6.15337416558161,4.69133069631198,3.80606622646136,6.15337416558161,4.69133069631198,4.69133069631198,4.69133069631198,5.15998320735189,6.15337416558161,4.69133069631198,4.69133069631198,4.69133069631198,4.69133069631198,6.88662097866978
12.0034288805563,9.81880996280293,8.2292578737489,13.8602136880554,11.1048839715641,9.79002915042119,13.1835188054018,11.1068283513138,10.2587307317813,12.2181125841819,10.5142040658915,13.6472177209144,12.0667447271654,13.8698621569771,5.43115739926547,5.55307067088759,8.39116885722344,11.6540126931667,12.414673425395,11.654012692921,5.54253955646741,5.3212449167358,16.560693142441,14.5487207510524,14.5487207510524,11.26103484977,5.71026776049093,3.02836184849817,11.2610348499219,36.4016240448796,4.28304250339784,20.1234444753415,6.25026326385075,5.89484344559886,7.52564874511082,4.28304250339784,5.89484344559886,4.28304250339784,3.67574403927918,5.89484344559886,4.28304250339784,4.28304250339784,4.28304250339784,5.62577955250231,5.89484344559886,4.28304250339784,4.28304250339784,4.28304250339784,4.28304250339784,6.25026326385075
11.8093903184667,9.72494150914278,8.30039551413279,13.9633109127876,11.1618219916405,10.0164417566088,13.3025403108976,11.3311704062086,10.2784757706159,11.5933557060484,10.577012606799,13.724848186777,12.3025605926957,13.9449766660529,5.60604364037988,5.69949688058993,8.32142007416283,11.6324831738361,12.6641701324656,11.6324831742021,5.87118356705869,5.45367626005943,15.5786602493618,14.7892910514442,14.7892910514442,11.4029933292497,5.6997004279304,3.01219978449795,11.4029933294434,38.2094311074041,4.26026072186218,20.4788707434568,6.6109855045742,6.44643543533037,7.7130550162629,4.26026072186218,6.44643543533037,4.26026072186218,4.07934203118595,6.44643543533037,4.26026072186218,4.26026072186218,4.26026072186218,5.07769526679289,6.44643543533037,4.26026072186218,4.26026072186218,4.26026072186218,4.26026072186218,6.6109855045742
11.7213866385863,9.63796760551685,8.17143585419,13.4803268528254,10.6831238630952,9.8141693850914,12.9371866403871,10.9969869659174,10.042464502623,11.7160678873876,10.4036128178263,13.3681331009718,11.9710404896899,13.5991854639305,5.42512182396936,5.61377515411821,8.12473897396597,11.3661712793029,12.2850987044872,11.3661712786603,5.85060455339855,5.1877720958565,15.7480953231187,14.389650607499,14.389650607499,11.1097112561286,5.80601880572763,3.05269802797212,11.1097112561671,35.9200940152255,4.317302299329,19.886067694735,6.21902434179227,6.73595424491299,7.33684050912339,4.317302299329,6.73595424491299,4.317302299329,3.9782619262696,6.73595424491299,4.317302299329,4.317302299329,4.317302299329,5.80069110888872,6.73595424491299,4.317302299329,4.317302299329,4.317302299329,4.317302299329,6.21902434179227
12.0010806917396,9.46664262898118,8.21752469691139,13.680967012212,10.784099765585,9.86454353806073,13.1972812726026,11.2475040441233,10.1574707149518,12.0871217012022,10.4577984333907,13.882508252644,12.3821361778107,14.1522514648903,5.20671797258905,5.82211396283299,8.48554001287914,11.5477287423795,12.7435055852104,11.5477287414128,5.77042952641881,4.80006459906445,16.3178458503065,14.955486271363,14.955486271363,11.1020647041914,5.61340373047049,3.36119075122905,11.1020647041477,41.6939980146066,4.75374281605633,20.6088231106046,6.31490625575394,6.11694314535695,6.78867129719474,4.75374281605633,6.11694314535695,4.75374281605633,3.55595320526509,6.11694314535695,4.75374281605633,4.75374281605633,4.75374281605633,5.73922335130197,6.11694314535695,4.75374281605633,4.75374281605633,4.75374281605633,4.75374281605633,6.31490625575394
11.8573060076794,9.33264504712691,8.24288211192131,14.3352588853558,10.9976562261296,10.6546029524785,13.6969005921719,12.0949950606048,10.1088330793009,10.9943993288833,10.4347691503787,14.607795820899,13.3957591295149,14.8824561851094,5.38156142225272,5.87929421572673,8.36727283957495,11.4426140452809,13.7402748137857,11.4426140450337,6.07913434582047,4.83573054085944,14.6965223958665,16.1625115753772,16.1625115753772,11.1996918077005,6.21979381750757,3.47397989320427,11.1996918076246,40.7085225837324,4.91333321715819,22.3322718777783,6.6311572893502,6.53887873407333,6.83929542909522,4.91333321715819,6.53887873407333,4.91333321715819,3.99569964987789,6.53887873407333,4.91333321715819,4.91333321715819,4.91333321715819,4.91335015353655,6.53887873407333,4.91333321715819,4.91333321715819,4.91333321715819,4.91333321715819,6.6311572893502
11.3807844948769,9.29197810357433,8.00004973845766,13.4748878360362,10.4993931952668,10.0082673873865,13.052280186824,11.3484740007727,9.81171810785678,10.8052329734483,10.1794214363656,13.6765702219215,12.3403225212724,13.9030030536762,5.53310512390228,5.57129880779203,8.02978998690131,11.1087064404667,12.6338765755468,11.1087064396316,5.767859427869,5.39924332467271,14.3973153289507,14.865986289298,14.865986289298,10.77738775292,5.48837200727066,3.05496135181073,10.7773877524307,42.892518609663,4.32062623200724,20.5743364602392,6.07127210878782,6.65404287698551,7.63610463064979,4.32062623200724,6.65404287698551,4.32062623200724,3.85576557087393,6.65404287698551,4.32062623200724,4.32062623200724,4.32062623200724,5.29537397116509,6.65404287698551,4.32062623200724,4.32062623200724,4.32062623200724,4.32062623200724,6.07127210878782
11.8724765114041,9.52260939903463,8.09691391700553,14.2936551220099,10.9719670734062,10.5977643238177,13.5945978479784,12.0351622309284,9.9535262799897,11.284319781531,10.2780474476314,14.6952755077633,13.2412646941003,14.9337455084399,5.4696531369554,5.89094264507262,8.53461416830717,11.2701692537352,13.538442216275,11.2701692536821,5.82364586676099,5.16585715328328,15.003717143047,15.9804827338952,15.9804827338952,10.5540081845158,6.08774318868288,3.25036930658998,10.5540081845833,37.1262062085575,4.59703583579455,22.1276120702475,6.25372393570782,6.44223582829143,7.30592119940047,4.59703583579455,6.44223582829143,4.59703583579455,3.90408555927381,6.44223582829143,4.59703583579455,4.59703583579455,4.59703583579455,5.65114739243824,6.44223582829143,4.59703583579455,4.59703583579455,4.59703583579455,4.59703583579455,6.25372393570782
12.0943793607284,9.72350936482579,8.48159834526597,14.9858827484168,11.7409453140574,10.710907607156,14.1308650534071,12.2727492634656,10.5539661248661,11.1395701963532,10.8088292316524,14.9657531421632,13.5940574941539,15.2188974222076,5.30242107469338,6.21398260330071,8.66206833087674,12.0022807411713,14.016863236874,12.0022807414893,5.95618938809776,4.90411268639339,14.8055115863733,16.4476039289248,16.4476039289248,11.7967765988333,6.06464062453186,3.38115096764595,11.7967765992083,41.4815530563818,4.78181450367973,22.7633347663431,6.95692667924982,5.92991732815913,6.93565050138572,4.78181450367973,5.92991732815913,4.78181450367973,3.65747839081837,5.92991732815913,4.78181450367973,4.78181450367973,4.78181450367973,5.04872176984443,5.92991732815913,4.78181450367973,4.78181450367973,4.78181450367973,4.78181450367973,6.95692667924982
11.9490987975516,9.32950071653114,8.14199186561283,13.7593123001588,11.0805707423606,9.79813349716992,13.0170272386548,11.0478151396774,10.0831824826838,12.4104694897299,10.3573272606767,13.4836595654878,11.9332802627311,13.7560486315234,5.65564890115137,6.00034521090831,8.5838043956973,11.4593920065603,12.3840875876917,11.459392006322,5.85897532808447,5.52322640864651,16.780511631088,14.3962999000832,14.3962999000832,10.9713943119677,6.11898898076009,3.33341075989087,10.9713943120067,40.4248459671467,4.71426035734362,19.8055913630625,6.75366003471277,5.928449471257,7.81110307597139,4.71426035734362,5.928449471257,4.71426035734362,3.56644516148505,5.928449471257,4.71426035734362,4.71426035734362,4.71426035734362,5.52733816511722,5.928449471257,4.71426035734362,4.71426035734362,4.71426035734362,4.71426035734362,6.75366003471277
11.2236157745207,9.4374031635842,8.05108614857727,13.4373403902874,10.7433559958397,9.68031593585714,12.7744338770646,10.9526581189562,9.87420079995909,10.7593228529664,10.1941008690541,13.1802104808481,11.905016985761,13.4584653705623,5.55871721459863,5.63723881514861,8.02859183588309,11.1672319314816,12.1992606094077,11.1672319326285,5.79895393063216,5.22679869858651,14.3376373107912,14.3056533608217,14.3056533608217,10.9561917528221,5.6135807982026,3.33000924744826,10.9561917527085,38.1007555231005,4.70951871830599,19.6767101672398,6.09497950760867,6.446317853884,7.39192439326525,4.70951871830599,6.446317853884,4.70951871830599,3.98469096456581,6.446317853884,4.70951871830599,4.70951871830599,4.70951871830599,5.46385135905566,6.446317853884,4.70951871830599,4.70951871830599,4.70951871830599,4.70951871830599,6.09497950760867
12.083779352167,9.64712106180774,8.03714621708569,14.1894946370819,10.6255495373435,10.9027936390084,13.8706652532887,12.4763066864307,9.86326869528598,11.5068075331038,10.2146760839017,14.9956221728921,13.6477473096822,15.2156671660984,5.73536251019774,5.72144957680335,8.39297504412137,11.1684254254659,13.9590453680328,11.1684254257068,5.88125829784554,5.65066490294181,15.4452137618747,16.4906562647454,16.4906562647454,10.5706140523457,5.80188197972934,3.1528207748405,10.570614052157,41.2993554947857,4.45925851669424,22.8898662128118,6.38099998433466,6.56996387503875,7.99162393329458,4.45925851669424,6.56996387503875,4.45925851669424,3.86402283969519,6.56996387503875,4.45925851669424,4.45925851669424,4.45925851669424,5.18286947250058,6.56996387503875,4.45925851669424,4.45925851669424,4.45925851669424,4.45925851669424,6.38099998433466
11.5591730238619,9.87504719657456,8.54327701984627,13.8354503365134,11.2542800619186,9.74249042833165,13.1320734207217,10.9109023742912,10.4805487067457,11.0462223075113,10.872299490752,13.5764622641146,11.9600852558077,13.8548329590126,5.32762370926181,6.20289289772469,8.79161346506474,11.8904377883049,12.3958984694388,11.8904377882502,6.28779703827273,4.85106261141914,14.6179199378962,14.3865262788607,14.3865262788607,11.4497174235914,5.80848672386545,3.38135706881795,11.4497174235975,42.3735328578707,4.78220308253172,19.7750125195745,6.85960224960845,6.97749272915601,6.86071233377941,4.78220308253172,6.97749272915601,4.78220308253172,3.90009798480389,6.97749272915601,4.78220308253172,4.78220308253172,4.78220308253172,5.44754692870427,6.97749272915601,4.78220308253172,4.78220308253172,4.78220308253172,4.78220308253172,6.85960224960845
11.5677063915508,9.36545894058936,8.07268121909862,13.9120415573707,11.0039366972413,10.0715445042658,13.1087914823289,11.4359312511578,9.8847489832326,11.1628993824122,10.2126772067381,13.6502506044337,12.5153199922459,13.9315725815061,5.54451680816741,5.78037601617822,7.97745568452741,11.181745283826,12.8282837946456,11.1817452834798,5.91297838067716,5.15918433883949,14.920817674542,15.0694609383522,15.0694609383522,11.1121927827211,5.77266914620819,3.40946761448368,11.1121927825164,38.0010968489876,4.82202025308795,20.7575093220977,6.28765746835229,6.48871241512906,7.29645865031556,4.82202025308795,6.48871241512906,4.82202025308795,3.96659430344156,6.48871241512906,4.82202025308795,4.82202025308795,4.82202025308795,5.38934668701793,6.48871241512906,4.82202025308795,4.82202025308795,4.82202025308795,4.82202025308795,6.28765746835229
11.7037700620625,9.22295625118581,8.08185807075168,14.0575157815553,10.8122884779939,10.5503635753002,13.6272171145781,12.0667869344328,9.95084911379771,10.8465803098568,10.2784512218956,14.4862525792181,13.1862069518948,14.7068356570698,5.64072715810634,5.89710359066166,8.33037201035077,11.265440252484,13.5715600803797,11.2654402522373,5.98425672515833,5.51435777997754,14.4310713932058,15.9106891623153,15.9106891623153,10.9114690555842,5.60716731020409,3.1054888524524,10.9114690554035,39.8258721667218,4.3921770883003,22.0673467764762,6.80320732572829,6.46982458775933,7.79874547346343,4.3921770883003,6.46982458775933,4.3921770883003,3.91667945835918,6.46982458775933,4.3921770883003,4.3921770883003,4.3921770883003,5.32804033563776,6.46982458775933,4.3921770883003,4.3921770883003,4.3921770883003,4.3921770883003,6.80320732572829
12.3153606577569,9.11754345846165,7.84661076373543,14.4019183569693,10.7851991250968,10.864393524667,13.7764862077487,12.4697201182135,9.68686163861946,12.2322360356082,9.95271007793273,15.0575050496693,13.7779414429438,15.291137112662,5.39312489293354,5.95510310002925,8.29669147036761,10.9804236865582,14.0912847489531,10.9804236865044,5.64148963059877,5.12236665651255,16.4235024153123,16.6718602424722,16.6718602424722,10.3960706463499,6.03549143517118,3.25129129789039,10.3960706465922,40.2383395591988,4.59810805135996,23.1260607211861,6.30994379201189,5.87551164568943,7.2444254787804,4.59810805135996,5.87551164568943,4.59810805135996,3.69217956279823,5.87551164568943,4.59810805135996,4.59810805135996,4.59810805135996,5.71210566910052,5.87551164568943,4.59810805135996,4.59810805135996,4.59810805135996,4.59810805135996,6.30994379201189
11.8624043206683,9.44161741991299,8.47124872094779,13.7532061836847,11.0611580456083,9.78734358743403,13.213115672173,11.048362399161,10.4811255310287,11.7584276317222,10.7704283044048,13.6482834195925,12.1238325304752,13.914229734576,5.34294620179239,6.05503139468899,8.66796437221155,11.8743085130511,12.5401340375443,11.8743085123422,6.05954877370393,4.86340630998248,15.7446103532663,14.5699546109684,14.5699546109684,11.5483153937301,5.80504657790659,3.31035634558135,11.5483153937432,40.8164246029038,4.68172444969032,20.0662500816791,6.87143405749747,6.40462573200638,6.87820365373361,4.68172444969032,6.40462573200638,4.68172444969032,4.05114849810424,6.40462573200638,4.68172444969032,4.68172444969032,4.68172444969032,5.32471009968012,6.40462573200638,4.68172444969032,4.68172444969032,4.68172444969032,4.68172444969032,6.87143405749747
11.7374637481543,9.18719888095248,8.09083367163378,13.6136177441046,10.7887184939681,9.8977894590695,13.009599068899,11.1496121589513,10.0104160165041,11.7706474021674,10.2803662251148,13.5174728933604,12.1692614247172,13.7524464211605,5.43118541236398,6.0343409309884,8.28720267712885,11.3207940133434,12.5877755350117,11.320794013408,5.91168360491169,5.1471570242465,15.7352014004917,14.6279310661157,14.6279310661157,11.0684295623767,5.97567933839241,3.09409331269164,11.0684295624413,38.4429334141584,4.37611094805343,20.2182911790871,6.88671219700979,6.18602849573207,7.27962625328587,4.37611094805343,6.18602849573207,4.37611094805343,4.04340084967655,6.18602849573207,4.37611094805343,4.37611094805343,4.37611094805343,5.88400808224439,6.18602849573207,4.37611094805343,4.37611094805343,4.37611094805343,4.37611094805343,6.88671219700979
12.2685351340378,9.48496804298158,8.41292706320702,14.271883399784,11.1417481661799,10.4052477855489,13.7972181645033,11.8355376290363,10.4804358234153,12.0175411961948,10.7429680554581,14.4892645911699,12.9960893771154,14.7146967305542,5.39793545021691,6.07237738400185,8.66101834141919,11.9059952340868,13.4291064630233,11.90599523401,5.90216007701395,5.17751575423923,16.141299082478,15.6944405954784,15.6944405954784,11.5830020591453,6.02516558227225,3.13865831500482,11.5830020591453,39.6842615528146,4.43891330660406,21.7485120857615,6.95787678469329,6.03244476064795,7.32230527611722,4.43891330660406,6.03244476064795,4.43891330660406,3.75389651958493,6.03244476064795,4.43891330660406,4.43891330660406,4.43891330660406,5.95051343726643,6.03244476064795,4.43891330660406,4.43891330660406,4.43891330660406,4.43891330660406,6.95787678469329
12.2755261823871,9.58404127774633,8.34188306605082,14.5797397109777,11.115850843793,10.9252547639271,14.1095770953538,12.5359735623955,10.2774280342139,11.4989935264462,10.5777190613593,15.1797412686601,13.8362665161438,15.4351600112652,5.59220901795899,5.99282704451807,8.69132681027658,11.635494611626,14.199145792856,11.6354946112291,6.09543026841009,5.20710825055318,15.4092496963131,16.7042066125523,16.7042066125523,11.1711563960437,5.8902451780779,3.40790929205039,11.1711563960406,36.1777970848524,4.81971491415144,23.1352674907999,6.8432777932683,6.43459612472054,7.36435898806462,4.81971491415144,6.43459612472054,4.81971491415144,4.04397779880998,6.43459612472054,4.81971491415144,4.81971491415144,4.81971491415144,5.76340908679644,6.43459612472054,4.81971491415144,4.81971491415144,4.81971491415144,4.81971491415144,6.8432777932683
11.9820932663585,9.32124682524412,8.13208585981984,14.4950525404218,11.1959318447731,10.6694802276586,13.5986853601696,12.0723843478243,9.93150907206809,11.4601856907583,10.3184573949873,14.5141027744433,13.3546797416303,14.7564197432506,5.32251158001423,5.99265281151647,8.11578088754586,11.2355025366962,13.6813472402806,11.2355025363138,6.07519291869592,4.89550949206213,15.2536347773065,16.1124123939533,16.1124123939533,11.0602464374516,6.08767767382238,3.25691536789256,11.0602464376344,41.0953177991247,4.60641094042217,22.3156063239532,6.50604430981142,6.86847946189427,6.92376060090166,4.60641094042217,6.86847946189427,4.60641094042217,3.97861191937483,6.86847946189427,4.60641094042217,4.60641094042217,4.60641094042217,5.5408677889606,6.86847946189427,4.60641094042217,4.60641094042217,4.60641094042217,4.60641094042217,6.50604430981142
12.0471413339414,9.61682388116015,8.46001005899068,14.2240535152699,11.2644000101938,10.2147588079039,13.5912602968546,11.5970847469115,10.4290181661548,11.6830733703473,10.7793424340846,14.2639754283831,12.782455323475,14.5315043449037,5.29184071933055,6.05555072902684,8.67819216889529,11.8578610602748,13.2087603343348,11.8578610605443,6.12117527040814,4.88721255855864,15.6875263586764,15.4429514274512,15.4429514274512,11.5184571754953,5.83618129048634,3.3912329875084,11.5184571756358,36.112357986178,4.79650125438359,21.307705753337,6.81524985958662,6.5537459347494,6.91210833194983,4.79650125438359,6.5537459347494,4.79650125438359,3.63679471392069,6.5537459347494,4.79650125438359,4.79650125438359,4.79650125438359,5.2129851314668,6.5537459347494,4.79650125438359,4.79650125438359,4.79650125438359,4.79650125438359,6.81524985958662
12.0595792153418,9.50114612356436,8.36104130963487,14.5265430935269,11.1005743445224,10.7226015893632,14.0199458041951,12.252685178291,10.381929306127,11.0642770786562,10.6541933091249,15.0824426768843,13.564085795769,15.322093836863,5.28842013999945,5.93895278754263,8.76150387085006,11.7979989459859,13.9168870381712,11.7979989455485,5.79859684365648,4.92857250074436,14.7432055895306,16.407985715212,16.4079857152907,11.2177647456373,6.1079495933473,3.29816422741074,11.2177647457165,41.8591617777487,4.66459520926316,22.7305620340134,6.52968140556585,6.0395664486844,6.97042973454057,4.66459520926316,6.0395664486844,4.66459520926316,3.68180792508835,6.0395664486844,4.66459520926316,4.66459520926316,4.66459520926316,5.94767326022721,6.0395664486844,4.66459520926316,4.66459520926316,4.66459520926316,4.66459520926316,6.52968140556585
11.8345537935829,9.84515797763308,8.29002082949624,14.2198028503024,11.0838415219558,10.5361498084308,13.611593503493,11.9621142929741,10.1383606664746,11.1895582700828,10.4951740615946,14.1775773809887,13.0223005247975,14.4559274407671,5.89029324477721,5.78652163111538,8.12840603909986,11.4664843008624,13.3126421680415,11.4664842998996,6.04345797521238,5.63850224453176,14.9513216300884,15.6853050141824,15.6853050141824,11.3937454178145,5.97112509165116,3.44850347296985,11.3937454183486,42.9397746958112,4.8773459627159,21.6422650479453,6.29466731565236,6.79405432039473,7.97453855106442,4.8773459627159,6.79405432039473,4.8773459627159,4.08698924998568,6.79405432039473,4.8773459627159,4.8773459627159,4.8773459627159,5.27895948548413,6.79405432039473,4.8773459627159,4.8773459627159,4.8773459627159,4.8773459627159,6.29466731565236
11.8844770429704,9.4162469113372,8.31581920274543,13.876736223407,11.2853477260722,9.77393382692061,12.9117161377946,10.8962147799565,10.1646697593578,12.1140502844615,10.5468506465882,13.1931675390065,11.8661898773277,13.4892710593275,5.52663811923639,5.86900252790883,8.27980283473672,11.5147503956265,12.2475531916834,11.514750395226,6.16171279338103,5.12284195187359,16.3534733064758,14.2641612623742,14.2641612623742,11.3756707426592,6.11163561728808,3.43670114251986,11.3756707424982,43.0931016064166,4.86054365411217,19.5786213910552,6.56444181192516,6.869031746565,7.24518626675783,4.86054365411217,6.869031746565,4.86054365411217,3.93857939448045,6.869031746565,4.86054365411217,4.86054365411217,4.86054365411217,5.81309870591215,6.869031746565,4.86054365411217,4.86054365411217,4.86054365411217,4.86054365411217,6.56444181192516
11.8510082225297,9.13562826954322,8.01674581540468,14.0825721330255,10.8471490861364,10.4310859700207,13.403218644765,11.8740095351034,9.82539920090307,11.4483089892965,10.1802400499986,14.3826874880974,13.088107343725,14.5997138099628,5.33630854203378,5.64344881744132,8.15248937140159,11.0995932417633,13.3646148403288,11.0995932415349,5.83764878314492,5.00404807654508,15.320905624735,15.7696910571699,15.7696910571699,10.6652078740094,5.60056529649743,3.06507452305035,10.6652078740542,42.0664896918939,4.33495448161487,21.8761622867729,6.20407567180095,6.7046085278329,7.07721250246123,4.33495448161487,6.7046085278329,4.33495448161487,4.06805079067083,6.7046085278329,4.33495448161487,4.33495448161487,4.33495448161487,5.03923868963766,6.7046085278329,4.33495448161487,4.33495448161487,4.33495448161487,4.33495448161487,6.20407567180095
11.2455601813758,8.86083059615848,7.72258572514142,13.0439335054912,10.2631182870742,9.52605123713306,12.4703711785118,10.8063350879407,9.46472138549426,11.3157573715022,9.77618616690162,13.1722255625009,11.8439223252484,13.454534030226,5.21107770080754,5.76171359084881,8.05916293602357,10.7332811492293,12.1871495370381,10.7332811495876,5.67483432169365,4.81000744987487,15.1626188058149,14.2853517933314,14.2853517933314,10.2635203388699,5.61926099582687,3.35182959167608,10.2635203393121,36.3452486440376,4.740633805926,19.6385851419285,6.11956012536125,6.05711796109055,6.80284784851116,4.740633805926,6.05711796109055,4.740633805926,3.56551954691248,6.05711796109055,4.740633805926,4.740633805926,4.740633805926,4.9168994245196,6.05711796109055,4.740633805926,4.740633805926,4.740633805926,4.740633805926,6.11956012536125
11.3558748385977,9.8085881956905,8.27671455275631,13.8684030505436,11.2847832274919,9.66765167187171,13.0222777705292,10.8948347338905,10.3037326840247,10.9076892836323,10.5416420973953,13.2823493345389,11.8293060394325,13.5134368013663,5.47833395971371,5.95941573640425,8.31912725201462,11.6640932449128,12.2178229056624,11.6640932450292,5.75671834580852,5.24336739433901,14.4208812812495,14.1999512296064,14.1999512296064,11.4802957685271,5.83811801064044,3.04333299369481,11.4802957688082,41.3769657609973,4.30414051100778,19.6147150396666,6.6739244092131,6.02934273798517,7.41566068504856,4.30414051100778,6.02934273798517,4.30414051100778,4.06431192849701,6.02934273798517,4.30414051100778,4.30414051100778,4.30414051100778,5.28181526230017,6.02934273798517,4.30414051100778,4.30414051100778,4.30414051100778,4.30414051100778,6.6739244092131
12.0595092158284,9.20625570736676,7.98424478420651,13.8064233450213,10.6138370602175,10.3316769603349,13.3520401383696,11.7748468558067,9.79444724124721,12.1050467710451,10.1636342480971,14.3185853211939,12.8799107409302,14.5414548546728,5.47532323719039,5.60940473165011,8.33881133966173,11.1014975805178,13.2000444166711,11.1014975798437,5.81848184718995,5.33240279844006,16.3685552496738,15.5525369548266,15.5525369548266,10.4686049142744,5.54393612361894,3.08652243036463,10.4686049141283,36.7093760361062,4.36531308744279,21.5659373547181,6.24627494630366,6.59496764241274,7.54151729542907,4.36531308744279,6.59496764241274,4.36531308744279,3.74226414286471,6.59496764241274,4.36531308744279,4.36531308744279,4.36531308744279,5.16873957914977,6.59496764241274,4.36531308744279,4.36531308744279,4.36531308744279,4.36531308744279,6.24627494630366
12.3358275808014,9.33819989210142,8.12076249830851,14.411764382832,10.9478509259449,10.804476316972,13.8815696191239,12.372682178432,10.0539694284887,12.0788608308966,10.3117797039043,14.894044830735,13.6608476192378,15.1108392981128,5.44019403028553,5.8632534075097,8.3295949414039,11.3645906908002,14.0201790344008,11.364590689539,5.88793112596134,5.1229368984103,16.2745093341184,16.4776697307717,16.4776697307717,11.0780105861136,5.90096170760288,3.11696926815406,11.0780105861252,37.8344779741771,4.40814706033172,22.8812447548614,6.83366765722118,6.15400654325083,7.24510456185373,4.40814706033172,6.15400654325083,4.40814706033172,4.10646779837821,6.15400654325083,4.40814706033172,4.40814706033172,4.40814706033172,5.12678172744368,6.15400654325083,4.40814706033172,4.40814706033172,4.40814706033172,4.40814706033172,6.83366765722118
11.813439442276,9.18667661116232,8.16677617539081,13.7824006938232,11.1379963901996,9.75506762090793,12.9323011288864,10.9460050918931,10.0487873102162,11.9747482850807,10.4265861960221,13.5621938560539,11.9253007874349,13.7709505361484,5.3117048425524,5.78419329771442,8.54943668035634,11.3868437318082,12.338226220026,11.3868437315187,5.99863581621824,5.12959145070544,16.1297843853526,14.3481886143936,14.3481886143936,10.7650637464498,5.60855973940662,2.9232180744496,10.7650637467697,42.3895418010715,4.13418785988273,19.8651040134333,6.7067360262603,6.7733848098919,7.25450728576005,4.13418785988273,6.7733848098919,4.13418785988273,3.86288735601599,6.7733848098919,4.13418785988273,4.13418785988273,4.13418785988273,5.55077136151384,6.7733848098919,4.13418785988273,4.13418785988273,4.13418785988273,4.13418785988273,6.7067360262603
12.4623563296926,9.26263940735786,8.00804737762235,14.2542825260985,10.7584170061106,10.8273504096034,13.6885789298265,12.338836896288,9.77280695328426,12.7052478838656,10.1325209739193,14.8082124766588,13.5622156803535,15.0587794985523,5.64068556336066,5.8776176717284,8.27537446906887,11.0472468478836,13.8400810054468,11.0472468477182,5.93371144017382,5.34795537041015,17.1351780807335,16.3701668702141,16.3701668702141,10.5295598038478,6.007184274442,3.34149624183505,10.5295598038465,37.7015478231254,4.72614487393034,22.6625293123454,6.22356582395812,6.67506673925151,7.56365478996798,4.72614487393034,6.67506673925151,4.72614487393034,3.98818197676661,6.67506673925151,4.72614487393034,4.72614487393034,4.72614487393034,5.07604624631377,6.67506673925151,4.72614487393034,4.72614487393034,4.72614487393034,4.72614487393034,6.22356582395812
11.5260808873509,8.96690500654623,7.99528816994469,13.8326126624007,10.763106016849,10.0993578551921,13.1965544008677,11.5103364549805,9.87025604289422,10.9017522377108,10.1664382732343,14.1302576523016,12.6982050901114,14.3557254646221,5.17278936875062,5.72242709877325,8.33924936546398,11.1778862587615,13.0249916460033,11.1778862585699,5.71152244074321,4.80693938910698,14.5187797044255,15.3118004820778,15.3118004820778,10.617729719986,5.59671161910152,3.09875978700745,10.6177297201241,41.4306796177888,4.38254328313255,21.2069101636586,6.3295173279743,6.21249049452081,6.79838221931402,4.38254328313255,6.21249049452081,4.38254328313255,3.85325567734676,6.21249049452081,4.38254328313255,4.38254328313255,4.38254328313255,5.38193298409141,6.21249049452081,4.38254328313255,4.38254328313255,4.38254328313255,4.38254328313255,6.3295173279743
11.817364745527,9.68986818688974,8.25962755236928,14.0229230211429,10.9139276199964,10.3690396155487,13.4228475907769,11.6874671577684,10.1201447264555,11.4047200195586,10.4642803444577,14.0428918286668,12.8793148189273,14.3248088260372,5.42628236521151,6.20647355021067,8.2691953666245,11.4605875541641,13.2866098477366,11.4605875533672,6.20501414026213,4.93800426405503,15.1759754207927,15.5244430279271,15.5244430279271,11.411089080575,6.27237385090112,3.45858372631566,11.4110890803006,43.0656701608243,4.89157073816224,21.4027583523229,6.89966015077616,6.63126420005014,6.98385781756122,4.89157073816224,6.63126420005014,4.89157073816224,3.95361058817813,6.63126420005014,4.89157073816224,4.89157073816224,4.89157073816224,4.9203636502393,6.63126420005014,4.89157073816224,4.89157073816224,4.89157073816224,4.89157073816224,6.89966015077616
11.9844484700538,9.47081991420403,8.3473761468435,13.8553882435978,10.8736953678032,10.250563507654,13.4710621218843,11.6060075904766,10.2820756341976,11.7559468463004,10.604496014993,13.9559470389642,12.6464425545046,14.2128907904443,5.68410400715955,5.93150973970806,8.39475172296179,11.6389768890825,13.0478832249439,11.6389768898665,6.1187114672413,5.4295668595197,15.8061348189936,15.2212072541834,15.2212072541834,11.4853564623721,5.90374445072022,3.27500155056225,11.4853564623676,35.9910587744586,4.63197474956371,21.0311996648031,6.88549139289718,6.59185567987847,7.67894183350993,4.63197474956371,6.59185567987847,4.63197474956371,4.06237704532418,6.59185567987847,4.63197474956371,4.63197474956371,4.63197474956371,5.33799058459124,6.59185567987847,4.63197474956371,4.63197474956371,4.63197474956371,4.63197474956371,6.88549139289718
12.1896828724847,9.12886825383769,8.05104038342836,13.9437853878696,10.7320102907547,10.4165046268254,13.3403991244831,11.8122738316411,9.81834630032661,12.4198531911857,10.1839034111643,14.3419049331161,13.0466346701958,14.618602893135,5.36679538506419,6.19226950340656,8.45333504397709,11.1153771266384,13.4246809734756,11.1153771257066,6.14090852959142,4.87279933900497,16.6731489178261,15.7431226523916,15.7431226523916,10.6116794044142,6.02948835332743,3.46108633208913,10.6116794039273,36.0168637701187,4.8952424490386,21.7183296343876,6.70637342459959,6.64782654804727,6.89177230687431,4.8952424490386,6.64782654804727,4.8952424490386,3.86615090442598,6.64782654804727,4.8952424490386,4.8952424490386,4.8952424490386,5.33682534511194,6.64782654804727,4.8952424490386,4.8952424490386,4.8952424490386,4.8952424490386,6.70637342459959
11.5321228352682,9.75082937271518,8.35788794515465,13.8007850604393,11.1413849135734,9.76945345232391,13.2444106656616,11.1020088707702,10.3971132419191,10.9693274357525,10.6546657847948,13.546659527749,12.0117251879314,13.8093988118764,5.63014150768293,5.81540621698691,8.53627281322795,11.8175846568985,12.4344967469476,11.817584656499,5.80341427545855,5.48533664617756,14.7027540102947,14.4814824528382,14.4814824528382,11.538453490594,5.74442425827551,3.27664780594659,11.538453490523,41.5592251965892,4.63431988818665,19.9482215723105,6.66609234390496,5.92666835159476,7.75793071682124,4.63431988818665,5.92666835159476,4.63431988818665,3.66496724483657,5.92666835159476,4.63431988818665,4.63431988818665,4.63431988818665,5.66937029602119,5.92666835159476,4.63431988818665,4.63431988818665,4.63431988818665,4.63431988818665,6.66609234390496
12.3289542964247,9.35726090357223,8.48365062088171,14.5707319774452,11.1443339665341,10.8574780874347,14.1224266868923,12.4168675868243,10.4593786002679,11.6758187182895,10.761339806607,15.1315958777699,13.6893976985289,15.3953294251094,5.63084219713064,5.93616794654257,8.77222053326322,11.8478544068999,13.9894080926728,11.8478544064683,5.98948235365671,5.22161539103622,15.6306936745884,16.5187775430156,16.5187775430156,11.3085601388818,6.02551922526978,3.47191585898817,11.3085601388818,37.6125392246516,4.91033317681551,22.8381953142039,6.43386090977012,6.4895884105115,7.38474672570202,4.91033317681551,6.4895884105115,4.91033317681551,4.05858028190394,6.4895884105115,4.91033317681551,4.91033317681551,4.91033317681551,5.48936836923306,6.4895884105115,4.91033317681551,4.91033317681551,4.91033317681551,4.91033317681551,6.43386090977012
12.2601716490751,9.37978893384504,8.02346932956711,14.466536478133,11.1345436899051,10.6261915249281,13.6947029924898,12.2017697528531,9.8712921775268,12.0722133624961,10.2093707712163,14.8028738073547,13.4658214227031,15.0256692833662,5.33165564630477,5.64082950654986,8.29554293166683,11.1943540677588,13.7784161359729,11.1943540679969,5.78106689078393,5.07751261039132,16.3240951111356,16.2815443183261,16.2815443183261,10.6948400418389,5.51692261082215,3.15329299292701,10.6948400423958,38.652929099176,4.45957720055675,22.5886750632735,6.27547558439398,6.40251964880074,7.18089099491056,4.45957720055675,6.40251964880074,4.45957720055675,3.71827157161852,6.40251964880074,4.45957720055675,4.45957720055675,4.45957720055675,5.40368048991294,6.40251964880074,4.45957720055675,4.45957720055675,4.45957720055675,4.45957720055675,6.27547558439398
11.4866447181803,9.31145883872895,8.26756547906381,13.9540095746671,11.3419625461935,9.75014950583374,13.0948516894096,10.9813371232208,10.2317937296833,11.1415017313198,10.5747918592184,13.4847475479826,11.900319253682,13.7138133762829,5.43731317806816,5.95509400176681,8.45837815798536,11.6359147597825,12.3343455228154,11.6359147597933,5.88367726662056,5.36221111836142,14.8377144329329,14.3580594659801,14.3580594659799,11.2755231253413,5.72362931370061,3.04976186540466,11.2755231254676,40.4800236641024,4.31341024900396,19.8416719172981,6.64233885258628,6.41296989148818,7.58380635268891,4.31341024900396,6.41296989148818,4.31341024900396,3.54578539609251,6.41296989148818,4.31341024900396,4.31341024900396,4.31341024900396,5.05884133708865,6.41296989148818,4.31341024900396,4.31341024900396,4.31341024900396,4.31341024900396,6.64233885258628
11.7837222310985,9.79811551999466,8.41887678299963,14.2876295663983,11.4477294713627,10.0779388042766,13.5692915213359,11.5204630635499,10.4978083977214,11.1983422640044,10.7235575537296,14.1104100313974,12.5833774379179,14.3611122836814,5.5400510567628,5.8590180103614,8.65641611263491,11.9160388510515,12.9748769015227,11.9160388514481,5.77996981396123,5.28555713901001,15.0002705691482,15.1685923676425,15.1685923676425,11.5626310551019,5.73929535510712,3.26678838753185,11.5626310549868,35.3882945373302,4.62040208572272,20.9470151462989,6.69852058234114,5.83147460305938,7.47550782304629,4.62040208572272,5.83147460305938,4.62040208572272,3.85289317902494,5.83147460305938,4.62040208572272,4.62040208572272,4.62040208572272,5.0005142640171,5.83147460305938,4.62040208572272,4.62040208572272,4.62040208572272,4.62040208572272,6.69852058234114
11.7714975048417,9.23434748659907,8.36025702565898,14.2481577204782,11.3573616530177,10.1415650702707,13.5153067639219,11.5491541995227,10.3328802335001,10.9875642625746,10.6782790915057,14.1932672459185,12.6999672420074,14.4151186464733,5.25411787224532,5.88888228600573,8.5555602202205,11.7319854105767,13.1233898175776,11.7319854107026,6.03131856111634,4.98338424780335,14.6739568687321,15.3254864814866,15.3254864814866,11.3856703566497,5.44879082086209,3.08191271418616,11.3856703565368,36.9152494135286,4.35850815591109,21.2309151403937,6.85170660161168,6.57170204631771,7.04760143214996,4.35850815591109,6.57170204631771,4.35850815591109,3.76184415291528,6.57170204631771,4.35850815591109,4.35850815591109,4.35850815591109,5.83467516434601,6.57170204631771,4.35850815591109,4.35850815591109,4.35850815591109,4.35850815591109,6.85170660161168
12.1302248476789,9.62155521104017,8.43297385140606,14.3878934068003,11.4676418375987,10.2675290833525,13.5770408304275,11.5812182471953,10.4384080833389,11.9448006223108,10.7636156307877,14.214851907436,12.6876841409898,14.4270146996906,5.41440284303509,5.91433179016953,8.62346902818042,11.8243485817087,13.0885934731501,11.8243485816625,6.03798061319346,5.1731261839958,16.0438885293255,15.2742805385753,15.2742805385753,11.4394791639031,5.92054766026482,3.00080641948756,11.439479164068,37.8088013855015,4.24387091008569,21.1890039699606,6.88267784100597,6.63255349159472,7.31627313213486,4.24387091008569,6.63255349159472,4.24387091008569,4.05061609068735,6.63255349159472,4.24387091008569,4.24387091008569,4.24387091008569,5.32199476620746,6.63255349159472,4.24387091008569,4.24387091008569,4.24387091008569,4.24387091008569,6.88267784100597
11.5957676334739,9.31978755778401,7.885069980681,13.5317403627192,10.6330378448381,9.79345130590704,12.7981405776326,11.0552386465758,9.70644854947405,11.7354035893305,10.0098740110453,13.4665597674105,12.1582741009703,13.7387770087139,5.15940696852703,5.92710661564564,8.08926018819696,11.0233449671641,12.5196579685095,11.0233449675293,5.69952283198588,4.76479206478679,15.7224792577154,14.6827707014974,14.6827707014974,10.7105557025159,6.02058514489607,3.32588555398741,10.7105557047586,41.9413347408226,4.70400729932912,20.224363001122,6.25077916349917,6.02104564061748,6.73892640569546,4.70400729932912,6.02104564061748,4.70400729932912,3.50953440967989,6.02104564061748,4.70400729932912,4.70400729932912,4.70400729932912,5.30617451910567,6.02104564061748,4.70400729932912,4.70400729932912,4.70400729932912,4.70400729932912,6.25077916349917
11.9735084585553,9.67502512320834,8.06071892483523,14.3337933843216,11.0744076264687,10.6665410245609,13.5234611401344,12.0905406579761,9.83726737400173,11.6827412626096,10.1711704426795,14.480205105913,13.1969676710293,14.762366906061,5.8677214215833,5.95966336869684,8.4001280174335,11.1165931500308,13.4843696790666,11.1165931499908,5.97530903983707,5.57916395012832,15.6059438083681,15.9085541342783,15.9085541342783,10.56115443543,6.30597569648457,3.51251507549643,10.5611544360266,38.9321883855246,4.96789061348578,21.9420799198098,6.27304783622734,6.56368575465566,7.8906024242136,4.96789061348578,6.56368575465566,4.96789061348578,4.04317799231244,6.56368575465566,4.96789061348578,4.96789061348578,4.96789061348578,5.91407711762449,6.56368575465566,4.96789061348578,4.96789061348578,4.96789061348578,4.96789061348578,6.27304783622734
12.0967055683581,9.75391900311917,8.28658585542128,14.2438954287093,11.1387887634181,10.381128258857,13.702484382326,11.8768916737813,10.2774215062041,11.7718771983796,10.577994332761,14.3228550730233,12.9957176376935,14.5353713067773,5.49944427201749,5.8922583936307,8.23592131362965,11.6576473084098,13.3543179848569,11.6576473088921,5.81254837275965,5.36656931875793,15.7612784166123,15.6818306792568,15.6818306792568,11.5258255300297,5.51612152943783,3.02639542021461,11.5258255300297,40.965253195451,4.28014971882544,21.7597150295752,6.56997092363345,6.31460200694919,7.58992985760782,4.28014971882544,6.31460200694919,4.28014971882544,3.8476954019421,6.31460200694919,4.28014971882544,4.28014971882544,4.28014971882544,5.53728100379136,6.31460200694919,4.28014971882544,4.28014971882544,4.28014971882544,4.28014971882544,6.56997092363345
12.1690363278746,9.59833287291726,8.51746162065136,14.592816762873,11.3193932468451,10.7943799339231,14.1415318171372,12.3500535679618,10.4831156835679,11.210133044946,10.8741825448171,14.9021753846447,13.551452455508,15.1246954585515,5.59883823825908,6.13593351183206,8.52393173905414,11.8975364974749,13.9500864441738,11.8975364971914,6.22016264771446,5.43988623322694,14.875245038501,16.3716182968637,16.3716182968637,11.7133180288759,5.5042296457156,3.15593557694735,11.713318028923,35.3235634480396,4.46355961845488,22.7178345972299,6.91388355604751,6.95306641999163,7.69360918451937,4.46355961845488,6.95306641999163,4.46355961845488,3.86326473434487,6.95306641999163,4.46355961845488,4.46355961845488,4.46355961845488,5.85950396563281,6.95306641999163,4.46355961845488,4.46355961845488,4.46355961845488,4.46355961845488,6.91388355604751
11.736382976089,8.98841917568213,7.89450437555972,13.2831509397111,10.5867995504761,9.66552024594277,12.6550734157541,10.8491230268907,9.70358577962,12.3203431837912,10.0264976676014,13.1504197328566,11.7473304800349,13.4222533250413,5.50671966407623,6.00151899798641,8.28554649125546,11.0166363099564,12.2037480878483,11.0166363100406,5.91532206515363,5.32973791347158,16.6363255656201,14.1683630191759,14.1683630191759,10.6086934733249,6.05423652096051,3.28726793233592,10.6086934733249,40.4004995164394,4.64933955083251,19.4896892886258,6.73259914450195,6.16674165176024,7.53783020781759,4.64933955083251,6.16674165176024,4.64933955083251,3.54051225228135,6.16674165176024,4.64933955083251,4.64933955083251,4.64933955083251,5.42217575030666,6.16674165176024,4.64933955083251,4.64933955083251,4.64933955083251,4.64933955083251,6.73259914450195
11.9197055029717,9.41196972069272,8.33181220237967,13.7393262382396,10.8603203593705,9.91407392640825,13.1103055595686,11.0910464141937,10.2321070667109,12.0644093593275,10.5952578319013,13.6660958669018,12.2025994036737,13.9369795121013,5.23524645023627,5.89042913786534,8.37807823672205,11.6078723810555,12.5150228111496,11.6078723811206,5.91264667183887,4.75979268745349,16.1807022112731,14.6998110768198,14.6998110768198,11.2630651391673,6.13270725847394,3.34266786913393,11.2630651392478,37.3478221925652,4.72769124807511,20.2451569284613,6.14098677449482,6.69439422962643,6.73183406820264,4.72769124807511,6.69439422962643,4.72769124807511,3.81496490493977,6.69439422962643,4.72769124807511,4.72769124807511,4.72769124807511,4.8755305330613,6.69439422962643,4.72769124807511,4.72769124807511,4.72769124807511,4.72769124807511,6.14098677449482
11.4247456878436,9.28714538113163,7.72484248593322,13.1580339362422,10.4232804724158,9.53453271823068,12.469509270301,10.755101599403,9.5201083256584,11.7387422278119,9.81048179651759,12.9374763982635,11.7100720758398,13.1642662676921,5.29343830883486,5.69077914042601,7.7065498409244,10.7625242168716,12.0175924171644,10.7625242169868,5.54130451919506,5.06543030082667,15.7105370014822,14.0779560551712,14.0779560551712,10.5816400375448,5.61095449781337,2.97550427319797,10.5816400374927,39.2944513738997,4.20808778139557,19.4588883772886,6.07593094409944,6.12318948907043,7.16385255715844,4.20808778139557,6.12318948907043,4.20808778139557,3.87704556974156,6.12318948907043,4.20808778139557,4.20808778139557,4.20808778139557,5.74159124777664,6.12318948907043,4.20808778139557,4.20808778139557,4.20808778139557,4.20808778139557,6.07593094409944
11.8279555727885,9.3028878941681,7.75963006864257,14.209222338822,10.9442406277504,10.4797521075105,13.3501526987427,11.9612297338307,9.53558764579718,11.5619581101689,9.86755680545326,14.3533718206427,13.1481244034685,14.5759296827275,5.34526081674108,5.77337583188912,8.01737318307944,10.8155626309249,13.5135683906012,10.8155626306358,5.7680404443192,5.18065837316821,15.543783094102,15.9033221985005,15.9033221985005,10.4727771945313,5.80497502841417,3.10189997455983,10.4727771941743,42.2343417935752,4.38711938062266,22.0572695345614,6.48213816251512,6.20855669849289,7.3271076031687,4.38711938062266,6.20855669849289,4.38711938062266,3.57516458541996,6.20855669849289,4.38711938062266,4.38711938062266,4.38711938062266,5.20171803502741,6.20855669849289,4.38711938062266,4.38711938062266,4.38711938062266,4.38711938062266,6.48213816251512
11.5764444126467,9.23095201454481,7.90082560578973,13.4353903702565,10.6709692522921,9.63118873292642,12.6557978054951,10.8518845055881,9.75726628397973,11.8347097142355,10.0144516387505,13.2766811644335,11.9157076475092,13.5341243158194,5.19413003136731,5.82137934542171,8.15719990158307,11.0396230300322,12.2608197585442,11.0396230295733,5.66835913099897,4.74920577158715,15.8783451610914,14.3312249996577,14.3312249996577,10.6499895099979,5.94165803680781,3.21089895062409,10.6499895100468,39.4300396424862,4.54127213471168,19.751719331261,6.34245925472157,5.96166472346925,6.71687613186239,4.54127213471168,5.96166472346925,4.54127213471168,3.89830302161783,5.96166472346925,4.54127213471168,4.54127213471168,4.54127213471168,5.42773161971579,5.96166472346925,4.54127213471168,4.54127213471168,4.54127213471168,4.54127213471168,6.34245925472157
12.0410912606439,9.50328549269038,8.00649926800185,14.1867189678163,10.6561475471181,10.8051524981176,13.7850868412978,12.3626736015619,9.82795244453628,11.4138561113874,10.1803067247243,14.9392819863926,13.6688764930914,15.1709970069377,5.32375246752679,6.10650107170474,8.40148854587307,11.1502975819182,14.0801423100752,11.1502975817186,6.05525227549594,5.04160499853973,15.2366694084272,16.5405029306961,16.5405029306961,10.715615517507,5.84906671732323,3.22626204868474,10.7156155176824,38.4632605658409,4.56294310022521,22.9425642666541,6.89948262333713,6.44787379712139,7.13033108414091,4.56294310022521,6.44787379712139,4.56294310022521,3.65564568162345,6.44787379712139,4.56294310022521,4.56294310022521,4.56294310022521,5.59878880753884,6.44787379712139,4.56294310022521,4.56294310022521,4.56294310022521,4.56294310022521,6.89948262333713
11.6703864439008,9.11161771631326,7.7083571939687,13.45494684053,10.279555505674,10.2542900054759,13.0119806860988,11.6110771390297,9.41017541423751,11.7565475491959,9.77115537375707,13.7963556878845,12.6242411607228,14.0511091319074,5.63359996325044,5.95162535065779,7.98335419424156,10.6673826760727,13.0157787553803,10.667382675425,5.90751876286629,5.52994375069445,15.7792923588582,15.2530461591399,15.2530461591399,10.3522845545398,6.01384092990018,3.25687804681302,10.3522845545176,42.2942924340497,4.60637377589202,21.0721288405828,6.55335502558034,6.36637820667952,7.82097266873429,4.60637377589202,6.36637820667952,4.60637377589202,3.58115289812457,6.36637820667952,4.60637377589202,4.60637377589202,4.60637377589202,5.02788583914504,6.36637820667952,4.60637377589202,4.60637377589202,4.60637377589202,4.60637377589202,6.55335502558034
11.2648363200342,9.18446196377829,8.06907137706913,13.6090848306405,10.9384515622668,9.62727137103364,12.7274115372398,10.8175316275809,9.87680804163135,10.8770257003007,10.2584397909827,13.3919970388181,11.8469607703965,13.6555025575822,5.22403984640432,5.62157582442809,8.36253504864221,11.2056229808986,12.1674825112758,11.2056229801009,5.83601728536153,4.84915786254804,14.5408085439437,14.2753251210642,14.2753251210642,10.6024876842537,5.7057716267787,3.26581008712812,10.6024876833741,42.6246111265957,4.61880729719597,19.6524813726407,6.04919998085347,6.65215814835137,6.85811507008263,4.61880729719597,6.65215814835137,4.61880729719597,3.67471823200868,6.65215814835137,4.61880729719597,4.61880729719597,4.61880729719597,5.04493899825335,6.65215814835137,4.61880729719597,4.61880729719597,4.61880729719597,4.61880729719597,6.04919998085347
12.223511787062,9.70919018867173,8.41663568609759,14.5194307976934,11.4883751379734,10.3141746759558,13.7181340692883,11.790298685926,10.4753254543385,12.1404263036044,10.7027960689926,14.4161027654316,12.9808417180863,14.6619488398435,5.42370070412044,6.00902179967211,8.53622720344387,11.8689125826923,13.2997873306605,11.8689125829581,5.72807647138078,5.02742743543884,16.244726287731,15.6398102530124,15.6398102530124,11.5510627618635,5.83311339543849,3.26918595485719,11.5510627609073,42.019058105491,4.62379880380087,21.6281104927956,6.43921765273405,5.96570277571601,7.11034111651414,4.62379880380087,5.96570277571601,4.62379880380087,4.03885273890477,5.96570277571601,4.62379880380087,4.62379880380087,4.62379880380087,4.90719156883907,5.96570277571601,4.62379880380087,4.62379880380087,4.62379880380087,4.62379880380087,6.43921765273405
12.508488997366,9.74911219204274,8.11201486040938,14.7784085613776,11.3336016029422,10.8444583843616,14.003978025918,12.4622395402291,10.056015625233,12.3774709326984,10.3505722098134,15.0082887701076,13.6805561766553,15.2193974437242,5.53443728526363,5.63859747323386,8.21587903360252,11.4233433320364,13.9689028560611,11.4233433317668,5.57068602694922,5.4668565570519,16.7400985131491,16.5600933438278,16.5600933438278,11.0681339779151,5.7632308553828,3.08982475975559,11.0681339776933,43.2847783778309,4.36997536765596,23.0071826345288,6.07765775921374,6.08796241275731,7.73165681375442,4.36997536765596,6.08796241275731,4.36997536765596,3.60742936859612,6.08796241275731,4.36997536765596,4.36997536765596,4.36997536765596,5.77119606288325,6.08796241275731,4.36997536765596,4.36997536765596,4.36997536765596,4.36997536765596,6.07765775921374
11.341845947001,9.26027227119426,7.78214285662233,13.4522962565771,10.5599441049576,9.96820240033365,12.8035216289718,11.2278355963333,9.50330991565816,11.1413912043154,9.8931700929263,13.3945148204935,12.1808636398714,13.6297874606439,5.52462532266782,5.8397881884047,7.93282059445625,10.7675785976775,12.5946442816184,10.7675785977562,5.96844942161238,5.43726198373393,14.8993762949676,14.6921208027251,14.6921208027251,10.5407684315853,5.79898453595184,3.08276221695835,10.5407684316032,36.7996773526922,4.35984372132192,20.3154298444901,6.64649106110402,6.6092613640226,7.6895881908115,4.35984372132192,6.6092613640226,4.35984372132192,3.66404068504384,6.6092613640226,4.35984372132192,4.35984372132192,4.35984372132192,4.97614309139856,6.6092613640226,4.35984372132192,4.35984372132192,4.35984372132192,4.35984372132192,6.64649106110402
11.9085703193099,9.36915729110412,8.0320987663281,14.6909512251134,11.2402057797386,10.8520755396092,13.8419202142976,12.4158323600131,9.89017068962413,11.0755324195624,10.2012674842898,14.8336672025399,13.6669040651612,15.0664458809942,5.52552948746668,5.73862419487039,8.04873335059232,11.205475103821,13.954758696312,11.2054751041032,5.73783100972846,5.30313571098019,14.7735188637721,16.5201347630458,16.5201347630458,10.989202132998,5.96552468557425,3.22252167146969,10.9892021329331,38.6299394911541,4.55774352945154,22.9153734834362,6.19771408439724,6.29147003057924,7.50008711604131,4.55774352945154,6.29147003057924,4.55774352945154,3.8169166272658,6.29147003057924,4.55774352945154,4.55774352945154,4.55774352945154,5.07301311283721,6.29147003057924,4.55774352945154,4.55774352945154,4.55774352945154,4.55774352945154,6.19771408439724
11.7256702623981,8.98512710802884,7.88889927304636,14.06824670907,10.5552954875362,10.6717812248827,13.6124398062376,12.2228833050385,9.69786911810017,10.7014672368041,10.0411504249979,14.7522199705311,13.5623317540921,14.9488241392336,5.10441837665044,5.74751994822852,8.06310319631566,10.9735599688888,13.9161612170534,10.9735599696924,5.87546652211517,4.78572650698436,14.2403959570344,16.3847762251051,16.3847762251051,10.670760170364,5.52747394353012,2.95080634568,10.6707601702318,38.0715664323627,4.17353590113878,22.791772541512,6.64053364228841,6.4843969745898,6.76851863574284,4.17353590113878,6.4843969745898,4.17353590113878,3.86434259692466,6.4843969745898,4.17353590113878,4.17353590113878,4.17353590113878,5.62988769826246,6.4843969745898,4.17353590113878,4.17353590113878,4.17353590113878,4.17353590113878,6.64053364228841
12.1339493224624,9.35483454650425,7.81301099948422,13.9077649785257,10.720648280848,10.3496269257603,13.1832127338925,11.7193401535096,9.52797786019321,12.3876977054016,9.96122629210787,14.1359497417129,12.9217250235261,14.3387115952936,5.12745232728525,5.8341773195605,8.00308481757764,10.800988781989,13.3375932591605,10.8009887819845,6.0574594621821,4.92256549794721,16.7588458931512,15.6175635664609,15.6175635664609,10.5115452384337,5.64084628395547,2.93780004244787,10.5115452384337,40.0186638353931,4.15484101202525,21.6925097766294,6.77419910462969,6.85025391059178,6.96187122913065,4.15484101202525,6.85025391059178,4.15484101202525,3.62504955862884,6.85025391059178,4.15484101202525,4.15484101202525,4.15484101202525,5.48111135913853,6.85025391059178,4.15484101202525,4.15484101202525,4.15484101202525,4.15484101202525,6.77419910462969
12.2244536862511,9.73096071660651,8.30629561857366,14.008500275201,10.9793886146502,10.2970439974671,13.5334729296503,11.6969953467958,10.2676292701883,12.4518768199744,10.5459449640561,14.2172996951419,12.7482091029145,14.4860183690557,5.71111936091746,6.15004700781401,8.67963813275992,11.642188112139,13.1452589914535,11.6421881119781,5.97783254080583,5.46505623901316,16.7424584086819,15.3705301381761,15.3705301381761,11.1704503873408,6.06981629424314,3.39344417544082,11.1704503872768,37.3271595948634,4.79947672524453,21.1999735385119,6.77604623528125,6.18489059119424,7.7291584299008,4.79947672524453,6.18489059119424,4.79947672524453,3.88259232207288,6.18489059119424,4.79947672524453,4.79947672524453,4.79947672524453,4.94265692491056,6.18489059119424,4.79947672524453,4.79947672524453,4.79947672524453,4.79947672524453,6.77604623528125
11.8125302876771,9.6042135418799,8.19290350582019,13.9318754628237,10.7517927934681,10.3897478549213,13.4259510401441,11.7120987019829,10.0394157557348,11.3368583714738,10.4334500341437,14.1935396117978,12.8321857928775,14.4077865801347,5.45154520520121,5.78851049049765,8.2126707458941,11.3583123224397,13.1277595718983,11.3583123222666,5.94008674413753,5.23047545568367,15.0815805762922,15.45802064213,15.45802064213,11.0032221676457,5.86955383767034,3.02619108897805,11.0032221678176,37.0390562981952,4.27969259088173,21.4369794791798,6.25610396556521,6.95694282216467,7.39710350750105,4.27969259088173,6.95694282216467,4.27969259088173,4.01553444066697,6.95694282216467,4.27969259088173,4.27969259088173,4.27969259088173,5.41935981712634,6.95694282216467,4.27969259088173,4.27969259088173,4.27969259088173,4.27969259088173,6.25610396556521
11.8289854573478,9.63242299220703,8.26490334291138,14.6082734465422,11.4962273814081,10.4387279251323,13.7604628609875,11.9879839592719,10.2734111717965,10.8442338084055,10.5165177348471,14.4663877802442,13.2316822956267,14.7112997053639,5.33647619637757,5.92870633551798,8.2905822891407,11.658071262971,13.6276169456106,11.6580712629811,5.84131920959312,4.9816167898135,14.4604588577664,15.9810793940825,15.9810793940825,11.6023603826337,5.73068621496977,3.26702993240383,11.6023603823216,38.1320342151848,4.62065549796079,22.1222204017183,6.80827170620273,5.88726870863336,7.04554530830015,4.62065549796079,5.88726870863336,4.62065549796079,3.80044321749885,5.88726870863336,4.62065549796079,4.62065549796079,4.62065549796079,5.90644755870912,5.88726870863336,4.62065549796079,4.62065549796079,4.62065549796079,4.62065549796079,6.80827170620273
11.1400994158888,8.89896801586289,7.7852265336661,13.1986305611308,10.4689003587665,9.66594857373154,12.5509073720783,10.8367415780866,9.51931031682349,10.9214369670584,9.90852248769649,13.0685617296115,11.7544104292762,13.3031391786491,5.3792032184033,5.90474015823148,7.97630996966932,10.7928903650987,12.1703443610679,10.7928903649904,5.90676609608704,5.25610240727024,14.5072315925608,14.1685636820667,14.1685636820667,10.488246771992,5.75074748795186,3.04511239815744,10.4882467719669,43.1815971218433,4.30656162240016,19.5682902574809,6.54721071322041,6.57701367637819,7.43334885874661,4.30656162240016,6.57701367637819,4.30656162240016,3.60632112251692,6.57701367637819,4.30656162240016,4.30656162240016,4.30656162240016,5.60862053778351,6.57701367637819,4.30656162240016,4.30656162240016,4.30656162240016,4.30656162240016,6.54721071322041
11.3785475789371,9.0158580069713,7.93549356016,13.5249671435244,10.7264059444128,9.81630341078752,12.7916599844605,11.0897318022441,9.69172863518952,11.102377367407,10.0829763330987,13.5148651473973,12.1887156892107,13.7455096973559,5.17680206781818,5.91063763417909,8.15563534171275,10.9600893382451,12.5777977267599,10.9600893394803,6.03763769484174,4.80865824983462,14.7644766269845,14.6691612910228,14.6691612910228,10.5803132866783,5.41951989324452,3.06586863118065,10.5803132880407,36.2982095426273,4.33620428426666,20.2856914649706,6.6525032696258,6.80441043058771,6.80088097183229,4.33620428426666,6.80441043058771,4.33620428426666,3.916928055224,6.80441043058771,4.33620428426666,4.33620428426666,4.33620428426666,5.02186603040476,6.80441043058771,4.33620428426666,4.33620428426666,4.33620428426666,4.33620428426666,6.6525032696258
11.8940502354003,9.06237711886265,7.95008933257593,13.8951989270195,11.0271415165577,9.94410800598217,12.8849406707091,11.159277340604,9.73496297634639,12.2376835857,10.0989034995711,13.6340981452145,12.2786473681927,13.8995621484944,5.17317527003968,5.87122888018181,8.25201807222742,11.0518750773503,12.6784903211349,11.0518750767056,5.94213052095461,4.78526250905716,16.5438456188483,14.8268502683721,14.8268502683721,10.6429765527632,6.14391792875982,3.30432549205999,10.6429765527361,40.721309631328,4.6732253307179,20.44223514999,6.5240402929566,6.44391464370234,6.76767444344181,4.6732253307179,6.44391464370234,4.6732253307179,3.5558428874664,6.44391464370234,4.6732253307179,4.6732253307179,4.6732253307179,5.37375087994496,6.44391464370234,4.6732253307179,4.6732253307179,4.6732253307179,4.6732253307179,6.5240402929566
12.1346417119608,9.38641876772838,8.44002792117792,14.1091906714103,11.4284122561437,9.90262336926685,13.2806099084767,11.145879754108,10.3808846967237,12.2646608524598,10.7946048912728,13.8733328208072,12.2347327761112,14.1004125758978,5.1774586416172,5.97648790106076,8.72818922584513,11.7970205808407,12.7030468730404,11.7970205811255,6.22303774278694,4.89229749963634,16.5617722408239,14.7570704860602,14.7570704860602,11.3259871024307,5.56235903088786,3.08298610300569,11.3259871022796,38.6134283065751,4.36019834163214,20.4079873498777,6.96984808957339,6.9705133409119,6.91901883449361,4.36019834163214,6.9705133409119,4.36019834163214,3.67873887422641,6.9705133409119,4.36019834163214,4.36019834163214,4.36019834163214,5.27034093364129,6.9705133409119,4.36019834163214,4.36019834163214,4.36019834163214,4.36019834163214,6.96984808957339
12.2482991698613,9.69252950235771,8.40633364173959,14.0103496418993,11.0540096842349,10.362809384041,13.4740581382477,11.661063167556,10.2598588401209,12.3941957983616,10.6540219719844,14.0864799211451,12.6651618953751,14.3695913008997,5.8687058737017,6.09278181457886,8.67335718058085,11.611667972134,13.0570807262166,11.611667972485,6.33606990861809,5.59791902116728,16.6950664778499,15.2421792729008,15.2421792729008,11.1735879369142,6.12145274738515,3.46960610839516,11.1735879366903,41.1303553233587,4.90730033193395,20.9899609198783,6.84153244024148,7.03904098118571,7.91711333556975,4.90730033193395,7.03904098118571,4.90730033193395,4.0695358904565,7.03904098118571,4.90730033193395,4.90730033193395,4.90730033193395,5.62300526735569,7.03904098118571,4.90730033193395,4.90730033193395,4.90730033193395,4.90730033193395,6.84153244024148
11.9233991428208,9.72779092047301,8.05048220576238,14.5022884796013,11.1979311306095,10.5869503146701,13.7186089745978,12.2026320330885,9.98006857163782,11.2893225295973,10.2137330704141,14.6060993041713,13.4429756102877,14.8310531129144,5.47389720467583,5.70181139671316,7.9928945919204,11.2807416857274,13.6999080914828,11.2807416857121,5.56271821755393,5.17130011990238,15.0491069469047,16.2104855924721,16.2104855924721,11.1223186341486,5.52795070407501,3.14310507326324,11.122318634359,41.4955532472654,4.44532851368273,22.4894913472876,6.12761290569095,5.9600431204528,7.31366964988344,4.44532851368273,5.9600431204528,4.44532851368273,4.07907914981093,5.9600431204528,4.44532851368273,4.44532851368273,4.44532851368273,5.39116920337708,5.9600431204528,4.44532851368273,4.44532851368273,4.44532851368273,4.44532851368273,6.12761290569095
11.6037539702285,8.90440977132767,7.85528955425091,14.1500176587535,10.8443787436434,10.5208783622459,13.4194218367143,11.9883641434274,9.67518347416485,10.750855223868,9.97210199104555,14.3665308866365,13.2057655107581,14.5909394769821,5.35093667887379,5.7421372395152,8.04446824378662,10.9502440052619,13.5755895083242,10.9502440054507,5.82942515152177,5.08509300112107,14.3630776982987,15.9448857368338,15.9448857371547,10.71157959154,5.9444780268231,3.11946531562583,10.7115795919136,39.095469522938,4.41197433708556,22.1126417049356,6.66553870190621,6.16860537391083,7.19180267434717,4.41197433708556,6.16860537391083,4.41197433708556,3.83524561791123,6.16860537391083,4.41197433708556,4.41197433708556,4.41197433708556,5.69501861898533,6.16860537391083,4.41197433708556,4.41197433708556,4.41197433708556,4.41197433708556,6.66553870190621
11.9514519089055,9.29407852473777,8.03594470820417,13.9454605666833,11.0719137267883,10.0069569891342,13.1288465584672,11.4240259636683,9.93789792199351,12.2642847797452,10.1690658659997,13.7204607362638,12.5310731791695,13.9809967559455,5.45767223470256,6.10448522466998,8.13032700196768,11.2275339957957,12.894980393082,11.2275339953061,5.82027589585231,5.04682763872918,16.4189309757404,15.0705793970765,15.0705793970765,11.0908349108404,5.6945949346876,3.28126628228025,11.0908349109025,40.1029911840715,4.64073666353222,20.8024669285467,6.67958750710425,5.9559625774092,7.13773566706121,4.64073666353222,5.9559625774092,4.64073666353222,4.10779771801573,5.9559625774092,4.64073666353222,4.64073666353222,4.64073666353222,5.10094052496754,5.9559625774092,4.64073666353222,4.64073666353222,4.64073666353222,4.64073666353222,6.67958750710425
11.670151412689,9.31122681605809,8.0120662467479,14.0662991337814,10.9709324915849,10.2623440612735,13.1401757578774,11.5723489148613,9.77766438635875,11.2330511494878,10.1350137342457,14.0880158775654,12.770833830578,14.3494581889314,5.31911773897678,5.63252389362016,8.25144673758833,11.0480501449396,13.0427695823109,11.0480501451385,5.89495482454564,4.81626047273389,15.0478328677055,15.3793120235074,15.3793120235074,10.5230851767313,6.07378362402035,3.33544234326707,10.5230851767365,39.7065256533132,4.71742898039719,21.2307235936484,6.10716476598531,6.68576819570456,6.81156460221874,4.71742898039719,6.68576819570456,4.71742898039719,4.02821503319382,6.68576819570456,4.71742898039719,4.71742898039719,4.71742898039719,5.58469558960461,6.68576819570456,4.71742898039719,4.71742898039719,4.71742898039719,4.71742898039719,6.10716476598531
11.4050954809692,9.75943176609686,8.28807141272334,13.6602483559911,11.1360005342689,9.49193548694682,12.9967881038764,10.738472523597,10.3389424542769,10.9509335398128,10.6058277780781,13.3321356532642,11.6290384922408,13.5517720293797,5.36899545485637,5.67822083513973,8.54235775600264,11.7506248108297,12.0436985340165,11.7506248105385,5.659036890371,5.26989751661741,14.6630966888877,14.0070010038205,14.0070010038205,11.3065859897925,5.53176063986425,2.96511230516831,11.3065859900169,38.8130508550191,4.19368713744206,19.3603689535524,6.54048556284196,5.97565726411005,7.45322543905631,4.19368713744206,5.97565726411005,4.19368713744206,3.65234385927976,5.97565726411005,4.19368713744206,4.19368713744206,4.19368713744206,5.71920459828942,5.97565726411005,4.19368713744206,4.19368713744206,4.19368713744206,4.19368713744206,6.54048556284196
11.8151625083406,9.40888231613752,8.31161736004734,14.0765213891226,11.3892216886925,9.79037286642733,13.1096397426129,11.0605052290509,10.2382855274441,11.7184705430236,10.5868790674812,13.6440021110186,12.1412829865927,13.9013986920346,5.24004981761977,5.66969017333243,8.40190754332002,11.6222056269073,12.4793134158183,11.622205627261,5.86871370399203,4.85351070830849,15.7958466281242,14.6321190625851,14.6321190625851,11.2620563871637,5.65069633624808,3.25548642437661,11.2620563875796,39.1356859211262,4.60404644195682,20.1738745572502,6.24678753721495,6.5654448327158,6.86411021971114,4.60404644195682,6.5654448327158,4.60404644195682,3.74971246178483,6.5654448327158,4.60404644195682,4.60404644195682,4.60404644195682,5.2560028124901,6.5654448327158,4.60404644195682,4.60404644195682,4.60404644195682,4.60404644195682,6.24678753721495
11.7848885959065,9.05735568312223,8.06054151626435,13.7856511833549,11.0151012487862,9.90950889404,12.9154377144583,11.087806768001,9.86766253541719,11.9984361345431,10.2747203882591,13.5959629864221,12.0390863150498,13.8137738414253,5.46119421114683,5.61777994359732,8.36963670593867,11.1777905172944,12.3847409833386,11.1777905174165,5.92474144642986,5.33584096836112,16.1921266511087,14.4945019851077,14.4945019851077,10.5482514598505,5.82517442323252,2.98965621117164,10.5482514598342,39.3197843223855,4.22818056385021,20.056828957524,6.32268837362359,6.88864025122569,7.54626523941256,4.22818056385021,6.88864025122569,4.22818056385021,3.8274681512673,6.88864025122569,4.22818056385021,4.22818056385021,4.22818056385021,5.02739348360329,6.88864025122569,4.22818056385021,4.22818056385021,4.22818056385021,4.22818056385021,6.32268837362359
12.3342024195518,9.7489747141033,8.30060198706701,14.6925417395768,11.3468697757881,10.8865787372597,13.9234621572571,12.3813734707236,10.1621241703003,12.0199572449751,10.5141339298775,14.7926666096943,13.6574122713718,15.0537579301465,5.59028652453095,6.17851726009359,8.34677590537068,11.4923585355714,14.040108116298,11.4923585355532,6.26853719321536,5.17822621103872,16.1007859956217,16.4737273865374,16.4737273865374,11.3825255194194,6.13246815630872,3.41093676594828,11.3825255193314,42.2880487736853,4.82402282014408,22.792396876316,6.97420601345919,6.78027363590177,7.32341681024923,4.82402282014408,6.78027363590177,4.82402282014408,4.10477453768863,6.78027363590177,4.82402282014408,4.82402282014408,4.82402282014408,4.93819148094048,6.78027363590177,4.82402282014408,4.82402282014408,4.82402282014408,4.82402282014408,6.97420601345919
12.1289293269163,9.66146496492879,8.41854818733868,14.231793037671,11.1869440008765,10.3662625611652,13.5229444905442,11.6948303364735,10.2861837267957,11.8906353751834,10.675460753436,14.0807694251509,12.9082955892765,14.3686854307521,5.39802159780681,6.01262942471246,8.25230886450422,11.655098048619,13.2756354491779,11.6550980503125,6.25657869179853,4.85714690814832,15.9763228159975,15.5590168065003,15.5590168065003,11.6687637230811,6.07775085945132,3.50304002329208,11.6687637236911,40.7851794666981,4.95398641226794,21.4389699940979,6.67468704688827,6.95272152708326,6.86898220344105,4.95398641226794,6.95272152708326,4.95398641226794,3.96106901203292,6.95272152708326,4.95398641226794,4.95398641226794,4.95398641226794,5.424381702575,6.95272152708326,4.95398641226794,4.95398641226794,4.95398641226794,4.95398641226794,6.67468704688827
11.8062516341288,9.03369755124194,8.0265343116424,14.1976727023021,10.7326442328325,10.7334070418564,13.6784174864898,12.2372426584509,9.87377286498857,10.9536909934267,10.1555457351579,14.6861997702529,13.5252132827591,14.9503931437107,5.43688528331898,5.91902803533342,8.30300154301733,11.1793518022195,13.9091851544606,11.1793518022494,5.99048139968268,5.01128369138518,14.6604784575729,16.3371253688123,16.3371253682916,10.9122534617231,6.24664617007753,3.4216370393377,10.9122534612806,36.4391493620681,4.83919654076719,22.5910916159459,6.82848175023944,6.13283351101958,7.08740998209143,4.83919654076719,6.13283351101958,4.83919654076719,3.8767354773425,6.13283351101958,4.83919654076719,4.83919654076719,4.83919654076719,5.11089698567786,6.13283351101958,4.83919654076719,4.83919654076719,4.83919654076719,4.83919654076719,6.82848175023944
12.0673415204519,9.73577420817223,8.43029737623698,14.3180173134104,11.2443304911525,10.4490257854867,13.6593158204559,11.8242817333261,10.3559504211178,11.7324991024571,10.713213866727,14.3061234777418,12.9038227269528,14.5550988691992,5.71995074888548,5.84710893550632,8.4242527699668,11.7192586880954,13.1791700079789,11.7192586882554,5.97285179855265,5.46457684405184,15.6691707333972,15.5334666639538,15.5334666639538,11.3814706837834,5.92617238890979,3.27529057024608,11.3814706834476,40.6250277056664,4.63244738731399,21.4740607690054,6.2045961506422,6.86063017903628,7.7286733130075,4.63244738731399,6.86063017903628,4.63244738731399,4.11838649644584,6.86063017903628,4.63244738731399,4.63244738731399,4.63244738731399,5.29553315039733,6.86063017903628,4.63244738731399,4.63244738731399,4.63244738731399,4.63244738731399,6.2045961506422
11.4266185379479,9.55381502748851,8.18012559562414,14.0588396954843,11.2426638744498,10.0765800427934,13.1665551734115,11.3365134585202,10.0371314417519,10.8484607723377,10.4093139479139,13.7566289144362,12.314703060071,13.993785736854,5.59925646928626,5.9169723966614,8.35110033784365,11.3674622858178,12.66819784051,11.3674622860644,5.97816713690823,5.43489398175524,14.3502363891971,14.8266758066769,14.8266758066769,10.9519648594024,5.87529762784818,3.13544947391722,10.951964859347,39.4017590900335,4.43432358545911,20.4953845091624,6.46459195798174,6.76464091076282,7.68615824951719,4.43432358545911,6.76464091076282,4.43432358545911,3.91330329283011,6.76464091076282,4.43432358545911,4.43432358545911,4.43432358545911,5.00369664375268,6.76464091076282,4.43432358545911,4.43432358545911,4.43432358545911,4.43432358545911,6.46459195798174
12.3201217599517,9.91176848384426,8.58481850203986,14.0448862407881,11.2282958894504,10.1833778382152,13.5458862822574,11.4329059654262,10.5466846318842,12.5353326759799,10.9537084352838,13.8714437886486,12.4061505792944,14.1302244999009,5.68949212981719,6.21613783730952,8.60352301558638,11.9814206770529,12.8609027397057,11.9814206779196,6.3176200614299,5.52882169486803,16.8645954116988,14.9575564258864,14.9575564258864,11.8123881070576,5.99273357929081,3.29415397997259,11.8123881071281,38.9776091967502,4.65885136199857,20.6315841479361,6.98277625085774,7.01946447562338,7.81921854056013,4.65885136199857,7.01946447562338,4.65885136199857,3.7769123662849,7.01946447562338,4.65885136199857,4.65885136199857,4.65885136199857,5.40154236997137,7.01946447562338,4.65885136199857,4.65885136199857,4.65885136199857,4.65885136199857,6.98277625085774
11.790791095687,9.0567360093023,7.88465967502765,13.7813991431997,10.48571540501,10.3991604922156,13.3177900638169,11.873886701429,9.68740822011123,11.3889584382286,9.99118723118517,14.3942173059043,13.0639082804231,14.616683791155,5.41254860284295,5.66406294676305,8.27719488778616,10.9360629187038,13.3674615159371,10.936062918871,5.7872102066354,5.09788783526357,15.2639880100676,15.7385057765666,15.7385057765666,10.3254044797595,5.64513183111454,3.10684014918279,10.3254044794763,43.8145046827192,4.39413612347564,21.8185324520489,6.37688974216912,6.36417876250466,7.21007046326407,4.39413612347564,6.36417876250466,4.39413612347564,4.07348650103534,6.36417876250466,4.39413612347564,4.39413612347564,4.39413612347564,5.68951257976671,6.36417876250466,4.39413612347564,4.39413612347564,4.39413612347564,4.39413612347564,6.37688974216912
11.8118296980322,9.45562298186216,7.81014352084162,14.1923958736202,10.8463076460488,10.6164719208756,13.5489182147154,12.1915933214866,9.58768083469547,11.1476526523647,9.94463938675518,14.5619954706362,13.3804681930539,14.7726475838237,5.44238644385437,5.69483061928937,8.01542464188551,10.8738355280019,13.7587468349166,10.8738355277909,5.86152691551602,5.35930292715034,14.9837254394881,16.1893699472784,16.1893699472784,10.5871988255347,5.44461763561302,3.03642988046632,10.5871988254621,36.4288508962205,4.29424245570007,22.4890199898816,6.61530933531525,6.39293890447674,7.57941412647904,4.29424245570007,6.39293890447674,4.29424245570007,3.60127004049443,6.39293890447674,4.29424245570007,4.29424245570007,4.29424245570007,5.64944647916164,6.39293890447674,4.29424245570007,4.29424245570007,4.29424245570007,4.29424245570007,6.61530933531525
12.1942267795628,9.25303471275322,8.10618600374179,14.3898178381384,11.219719462354,10.4254164790223,13.5146327074399,11.8496720425657,9.98721671200247,12.1928063963158,10.3193769362424,14.2465085910039,13.0553250278011,14.4868490355688,5.30331736657825,5.66593594883752,8.0113967595614,11.3370487625979,13.3940088787918,11.3370487622078,5.80992728583807,5.01757654752971,16.5204917953829,15.7794803194615,15.7794803194615,11.2676587151409,5.94657149041329,3.21153709670588,11.2676587151908,36.2667123090764,4.54200302781679,21.8474265240348,6.34474461841331,6.35445921509553,7.09618710494838,4.54200302781679,6.35445921509553,4.54200302781679,3.65908599010979,6.35445921509553,4.54200302781679,4.54200302781679,4.54200302781679,4.95113873413558,6.35445921509553,4.54200302781679,4.54200302781679,4.54200302781679,4.54200302781679,6.34474461841331
11.280903242421,9.31792872016597,7.96453607787497,13.6731652100008,10.8684114391725,9.88338182546781,12.8244557640982,11.1130272776155,9.77133022707816,10.8772693640947,10.0820530446364,13.4520386850133,12.1121618267135,13.7146520774934,5.51853943102949,5.93437776345599,8.21684693475012,11.042333068918,12.4487531055267,11.0423330688521,5.86116645378658,5.19124346475683,14.3834901718992,14.560412451135,14.560412451135,10.6185726561828,6.02819473424008,3.26654495589804,10.6185726562765,42.6925411296224,4.61973435879007,20.0680317690887,6.39700566809845,6.3872528011381,7.34172923931712,4.61973435879007,6.3872528011381,4.61973435879007,4.01481627851638,6.3872528011381,4.61973435879007,4.61973435879007,4.61973435879007,5.78880119555096,6.3872528011381,4.61973435879007,4.61973435879007,4.61973435879007,4.61973435879007,6.39700566809845
11.9380451118051,10.0416375461808,8.56277951208301,14.3731975844167,11.3054918712454,10.4460793764629,13.8793721482275,11.8642431952135,10.5979929667923,11.0150565360507,10.9470757198589,14.4851261896212,12.9846491648814,14.6995535190765,5.5125087220554,5.98915124128849,8.60098191078015,12.0286480762947,13.3689729526834,12.0286480761176,6.04388830524451,5.35026144135957,14.6086710919675,15.6626131184557,15.6626131184557,11.7561765502946,5.70495688200744,3.05793758121853,11.7561765506267,40.3682434607397,4.3247556856491,21.7231780695007,6.75166243988604,6.7303229663184,7.56671533013425,4.3247556856491,6.7303229663184,4.3247556856491,3.89917584926103,6.7303229663184,4.3247556856491,4.3247556856491,4.3247556856491,5.65002327487127,6.7303229663184,4.3247556856491,4.3247556856491,4.3247556856491,4.3247556856491,6.75166243988604
12.1759604439309,9.40230605460995,8.33468607774457,14.0586039811439,10.8601703197032,10.5189215944925,13.6597449586405,11.8835504180739,10.2119895399996,11.9085550058743,10.6207172203595,14.4648455721657,12.9717218790471,14.7069680456349,5.63131414159355,5.81863550533219,8.59448545099666,11.5923746774312,13.3324074526238,11.5923746778126,6.0990563913251,5.47925242070824,16.0507600565545,15.6653436194817,15.6653436194817,11.0700741505357,6.00228837875522,3.24763436809938,11.0700741507905,42.4969124082222,4.59319887250869,21.673707866474,6.51486067203225,6.93214204262942,7.74921437155443,4.59319887250869,6.93214204262942,4.59319887250869,3.73976660674417,6.93214204262942,4.59319887250869,4.59319887250869,4.59319887250869,5.69082131710828,6.93214204262942,4.59319887250869,4.59319887250869,4.59319887250869,4.59319887250869,6.51486067203225
11.6626980996108,9.27187227205686,7.99699688376333,13.4134436121148,10.5757840164275,9.69667007573593,12.8107354173177,10.9566677278245,9.84865849658889,11.776649675973,10.1660646787999,13.3492159215382,12.0294508117648,13.6086819449409,5.1748783057248,5.56342607035742,8.00586907458224,11.1748423760464,12.3470503698518,11.174842375914,5.66450416717788,4.79926708771908,15.9067750332717,14.5051715232367,14.5051715232367,10.9507591940925,5.74869863005163,3.23403350840721,10.9507591944011,41.7481669804481,4.57380832454655,19.9970850425235,6.04727208787348,6.22656868877196,6.78738618175712,4.57380832454655,6.22656868877196,4.57380832454655,3.65361224229535,6.22656868877196,4.57380832454655,4.57380832454655,4.57380832454655,5.24553194622175,6.22656868877196,4.57380832454655,4.57380832454655,4.57380832454655,4.57380832454655,6.04727208787348
11.9995011637245,9.27567176967881,8.36321545621524,13.7672381568115,10.8801948417766,10.0408728867242,13.2817298781991,11.2983039043327,10.2920175869659,11.9941295035736,10.6321090599409,13.9291963241744,12.3790309860116,14.1977121602175,5.42593448195178,6.05573817007511,8.72916171676226,11.6734928670265,12.7940422054538,11.6734928674631,6.11367569722377,5.04341870758966,16.1139578398901,14.9143419547959,14.9143419547959,11.1575528262045,6.06192647001561,3.35791621615828,11.1575528262448,37.21374833075,4.74930753155734,20.5514856547824,6.79784506000854,6.58506819757864,7.13293678365801,4.74930753155734,6.58506819757864,4.74930753155734,3.85830359626278,6.58506819757864,4.74930753155734,4.74930753155734,4.74930753155734,5.58754462565856,6.58506819757864,4.74930753155734,4.74930753155734,4.74930753155734,4.74930753155734,6.79784506000854
11.6561548235481,9.3602953519499,8.09586348205069,13.4343944774042,10.6890658275873,9.7391141092764,12.9418103718691,10.9865507392726,10.002817385846,11.7338846588362,10.3330134855762,13.2103990441113,11.8530026436519,13.4347345107088,5.5698679114757,5.49533915543638,7.94983880857338,11.3483380462891,12.1862423116213,11.348338046185,5.67129165788477,5.53790613771968,15.8433445511417,14.2766642469186,14.2766642469186,11.2360935860978,5.63053500937497,2.98804761904603,11.236093586085,37.5338349390988,4.22593501301112,19.7429685919945,6.15582757312151,6.3826344380414,7.83210051888785,4.22593501301112,6.3826344380414,4.22593501301112,3.72402326526003,6.3826344380414,4.22593501301112,4.22593501301112,4.22593501301112,5.0930551981583,6.3826344380414,4.22593501301112,4.22593501301112,4.22593501301112,4.22593501301112,6.15582757312151
11.7031783538187,9.23156127442909,8.02676580676909,13.6980344145578,10.7709380076674,10.0486995958942,13.0597364939275,11.3707253107481,9.82802358508142,11.5596002602028,10.1888735299537,13.7859021265514,12.4072924114721,14.0353083105161,5.51043321399579,5.72431409190725,8.28513902183531,11.1255080058819,12.7525803209841,11.1255080052359,5.93675884687481,5.25934943201058,15.5399707827032,14.94670470698,14.94670470698,10.6585718988882,5.72223622936178,3.21977352201484,10.658571898888,41.2793909395773,4.55383826007056,20.6429785968347,6.40891359183551,6.62752946984364,7.43833801073134,4.55383826007056,6.62752946984364,4.55383826007056,3.87652442125441,6.62752946984364,4.55383826007056,4.55383826007056,4.55383826007056,5.50455865600279,6.62752946984364,4.55383826007056,4.55383826007056,4.55383826007056,4.55383826007056,6.40891359183551
11.9264412377558,9.2017962374438,7.80869326100304,13.9755090121189,10.8568398953337,10.2937009587293,13.0750905872168,11.7006902235736,9.48648224348221,12.1290249551027,9.86277755624781,13.9859085654261,12.8400824904883,14.2548030175308,5.49993449426346,5.62864191037158,7.93412046532045,10.7226418018607,13.1105719511818,10.7226418024249,5.85907811728367,5.14749233221375,16.3887971939683,15.4844838969833,15.4844838969833,10.3653133532262,5.77335567195069,3.36874917512663,10.3653133546068,41.3213850344363,4.76450298613226,21.3745180488866,6.0089879081816,6.64667118110275,7.28007083022458,4.76450298613226,6.64667118110275,4.76450298613226,3.87901199390731,6.64667118110275,4.76450298613226,4.76450298613226,4.76450298613226,4.9227596935468,6.64667118110275,4.76450298613226,4.76450298613226,4.76450298613226,4.76450298613226,6.0089879081816
11.5616452224356,9.51090641898379,7.95425027648447,13.966605609243,10.9423868205663,10.2940677162956,13.1708726361158,11.6603450090006,9.6665510467973,10.8927032227018,10.0927345128888,13.9747985191385,12.7836746629807,14.2189673281797,5.44652091566974,5.84257066224863,8.11977454014272,10.937177320954,13.1854408747997,10.9371773195883,6.19953312882791,5.17437252462109,14.5603073741346,15.4174926442853,15.4174926442853,10.672045660432,5.65092486371321,3.20458206048626,10.6720456603319,41.8094923890676,4.53223163907063,21.3295076657111,6.79491480656059,6.97067157497363,7.31800017752872,4.53223163907063,6.97067157497363,4.53223163907063,3.85988805458217,6.97067157497363,4.53223163907063,4.53223163907063,4.53223163907063,5.9520350180841,6.97067157497363,4.53223163907063,4.53223163907063,4.53223163907063,4.53223163907063,6.79491480656059
12.1497041923721,9.30064223300987,8.30869126444686,14.1673919262012,11.2306932704319,10.1670567372806,13.4312622940538,11.5734281413535,10.2810175182389,12.2849671725338,10.5215173026293,14.0751323731552,12.6901772772576,14.3613025961326,5.57112808861915,6.001493779615,8.55345575877205,11.6428676669159,13.0438687628522,11.6428676664629,5.88488784273262,5.13114576658146,16.541916220883,15.2810208849433,15.2810208849433,11.2900595156749,6.02599466448448,3.48666053603965,11.2900595157128,40.414317214109,4.93148969482329,21.0399850301,6.5901303964109,6.01210271644665,7.25710738405336,4.93148969482329,6.01210271644665,4.93148969482329,4.01573678030108,6.01210271644665,4.93148969482329,4.93148969482329,4.93148969482329,5.2282089785376,6.01210271644665,4.93148969482329,4.93148969482329,4.93148969482329,4.93148969482329,6.5901303964109
12.2292425366334,9.93115255100583,8.55684468733017,14.2785506674291,11.5666987009295,10.1734044925831,13.4877291417991,11.4634193511076,10.4968815553694,12.2603185490262,10.8759922355694,13.9501384487636,12.4359185929883,14.2115819140068,5.80493473656117,6.06099941190503,8.77214987765441,11.8791604168239,12.8593765319165,11.8791604170321,6.35978154826933,5.5534417730062,16.5105950106355,14.9431253378359,14.9431253378359,11.4894603706403,5.81171636834574,3.31716094277302,11.4894603703205,36.5390769020894,4.6915956520964,20.6055575290511,7.0368830434438,7.05774852934664,7.85424246460547,4.6915956520964,7.05774852934664,4.6915956520964,4.17014908862414,7.05774852934664,4.6915956520964,4.6915956520964,4.6915956520964,5.93854624956363,7.05774852934664,4.6915956520964,4.6915956520964,4.6915956520964,4.6915956520964,7.0368830434438
12.2591755092714,9.23157107630027,8.20328092597257,14.0223964862156,10.8276723958572,10.3663811672541,13.4839567370275,11.7881673768387,10.0921017531422,12.3684725845588,10.4111003761239,14.3005670453147,13.0021296407579,14.5429509156168,5.36072260028758,5.78124393471863,8.253861862703,11.4134791295808,13.2924756211318,11.4134791299498,5.86468641993096,4.93398720253398,16.665585247408,15.6614219645406,15.6614219645406,11.1095773938789,5.79266459962442,3.23336861592277,11.1095773938789,39.4639308351947,4.57319898008014,21.6702867737451,6.28553769811084,6.53923864096894,6.97830398405802,4.57319898008014,6.53923864096894,4.57319898008014,4.07441117053173,6.53923864096894,4.57319898008014,4.57319898008014,4.57319898008014,5.26214426238763,6.53923864096894,4.57319898008014,4.57319898008014,4.57319898008014,4.57319898008014,6.28553769811084
11.9487947718053,9.5526367487799,8.039776021478,13.7819813011025,10.8082401438263,10.0719236456981,13.0540548252993,11.3449316240961,9.83849765302605,12.261824510638,10.2053919531102,13.8270754922285,12.4210015973082,14.0867246316135,5.41143162268834,5.83772024376383,8.3026200124729,11.1516123263622,12.7437876840721,11.1516123263063,5.88081324911101,5.09906210200305,16.5118329388791,14.9794204913645,14.9794204913645,10.6418355469837,6.00182037932572,3.29799838214809,10.6418355470171,43.1571802610622,4.66374479295657,20.6637407106967,6.2026156095427,6.59764650338476,7.21087915293331,4.66374479295657,6.59764650338476,4.66374479295657,3.75531284776765,6.59764650338476,4.66374479295657,4.66374479295657,4.66374479295657,4.97427385942796,6.59764650338476,4.66374479295657,4.66374479295657,4.66374479295657,4.66374479295657,6.2026156095427
11.8477649545966,9.27833487566733,7.95953807912555,14.0948386914541,10.8073146331606,10.4875394287172,13.5110256353584,11.9535457917951,9.82290455656093,11.3827483111036,10.1409997738978,14.3543238297044,13.1292672170386,14.5792406746831,5.37120620910817,5.82598717758399,8.0973904526369,11.155023308527,13.5220819452662,11.1550233084749,5.81918314082034,5.21633436458007,15.2861717365583,15.882657753783,15.882657753783,10.957424792699,5.90750098584733,3.12061207629818,10.9574247928316,36.8663369262944,4.41345813795572,22.0235242055519,6.63707981633368,6.16921482194928,7.37726226298633,4.41345813795572,6.16921482194928,4.41345813795572,3.55601260361964,6.16921482194928,4.41345813795572,4.41345813795572,4.41345813795572,5.22747151455946,6.16921482194928,4.41345813795572,4.41345813795572,4.41345813795572,4.41345813795572,6.63707981633368
12.0658766349722,9.37980860467788,8.15478068792496,14.4115378788015,10.9805356387431,10.7122303743374,13.8389876170842,12.2229193815538,10.1146144684864,11.4408034741073,10.3775419050745,14.8635391360862,13.4773828118172,15.089383687313,5.39784456860639,5.82297810983577,8.46825110288774,11.4704641614241,13.8164797384393,11.4704641624994,5.73149311909338,5.13221208085485,15.326764151529,16.2855297161937,16.2855297161937,11.0016480767147,6.12728955172536,3.17997048071668,11.0016480763308,37.7828255803522,4.49738160937291,22.5884249766034,6.50108897902999,6.00495215034249,7.2582457659212,4.49738160937291,6.00495215034249,4.49738160937291,3.80796168844894,6.00495215034249,4.49738160937291,4.49738160937291,4.49738160937291,5.52993723772478,6.00495215034249,4.49738160937291,4.49738160937291,4.49738160937291,4.49738160937291,6.50108897902999
11.8494825742542,9.57576825048782,8.24743275746793,14.053803368694,11.0160281411439,10.1489395791164,13.4787875339366,11.5842405899746,10.2157811181992,11.4128859643682,10.5371788790771,14.3651268530508,12.7646772830914,14.5755989327297,5.16358658777979,5.81140822988973,8.58229504857821,11.5984157664171,13.107616876097,11.5984157664339,5.74995530034323,4.89679046022771,15.2389938940966,15.4106234345695,15.4106234345695,10.9823221718889,5.42230268914354,3.01212384358718,10.9823221721008,40.9137633362909,4.26009852030408,21.3749939557049,6.36195548456997,6.3689370090144,6.92554467822177,4.26009852030408,6.3689370090144,4.26009852030408,3.72497390575849,6.3689370090144,4.26009852030408,4.26009852030408,4.26009852030408,4.98260400487055,6.3689370090144,4.26009852030408,4.26009852030408,4.26009852030408,4.26009852030408,6.36195548456997
11.4455264932937,9.42372034352836,7.8791352371938,13.9811901939914,10.9292738503482,10.2637562752889,13.147996699577,11.687531547548,9.6025877262482,10.8283206661955,9.97028432797071,13.9394908673634,12.7611052318146,14.2124027894114,5.62153145956023,5.66698470369475,8.01604164384031,10.8769872140992,13.0764837542819,10.8769872138209,5.89066939469451,5.37872001308301,14.4940316151909,15.4052137942083,15.4052137942083,10.5722649252228,5.74467739340673,3.39348575754596,10.5722649254511,35.9388649507349,4.79919089780187,21.2505895813563,6.19371089786129,6.53496322572165,7.60676667558632,4.79919089780187,6.53496322572165,4.79919089780187,3.72934367952327,6.53496322572165,4.79919089780187,4.79919089780187,4.79919089780187,5.16977877624795,6.53496322572165,4.79919089780187,4.79919089780187,4.79919089780187,4.79919089780187,6.19371089786129
12.0838953276672,9.44406042717865,8.07816131847084,14.2135052407496,11.012183534634,10.402268466588,13.4071150734182,11.7673655876817,9.93965574169519,12.0465853372423,10.2725528058026,14.1277577528507,12.9647665892809,14.3520900392342,5.30207588529582,5.64566809603059,7.8769700204662,11.2481367719127,13.2463423724941,11.2481367730969,5.75588278789074,4.98115308738953,16.2188606489022,15.6310429901369,15.6310429901369,11.1861353584359,5.99555044577395,3.08882600986955,11.1861353578798,40.5274439833286,4.36841272694614,21.6700152913984,6.14493202144649,6.52282758928788,7.04470928072714,4.36841272694614,6.52282758928788,4.36841272694614,3.95273602756351,6.52282758928788,4.36841272694614,4.36841272694614,4.36841272694614,5.17955684325896,6.52282758928788,4.36841272694614,4.36841272694614,4.36841272694614,4.36841272694614,6.14493202144649
11.8409757016358,9.38678993434069,7.76553823462547,13.3861531074562,10.464477291667,9.88174697364789,12.659266649984,11.1116980465398,9.49721167981552,12.390588659606,9.81638818421454,13.3366855630392,12.1566725022117,13.5841284502297,5.3905534858014,5.6234665311646,7.8739414859712,10.7087559631361,12.4600529609323,10.7087559628383,5.78735627949926,5.02502440338471,16.7560065714166,14.6049671038222,14.6049671038222,10.4187639232962,5.93726516330958,3.1560876904581,10.4187639233013,38.3787044863276,4.46319977373129,20.1682716693537,6.25663475165223,6.43542997866295,7.10637238338831,4.46319977373129,6.43542997866295,4.46319977373129,4.09305076445835,6.43542997866295,4.46319977373129,4.46319977373129,4.46319977373129,5.62536293331892,6.43542997866295,4.46319977373129,4.46319977373129,4.46319977373129,4.46319977373129,6.25663475165223
11.5643585376967,9.35814913819776,7.79792445043985,13.6340665907317,10.5123088553159,10.1341195308937,13.0200398789609,11.5083604110156,9.61338037827855,11.3661410114945,9.87713220317807,13.7859192687121,12.5846902393333,14.0144838203093,5.4791370463977,5.58766150186768,7.87947202709386,10.8509770390742,12.8514188254243,10.8509770386122,5.56090665742872,5.22677292773883,15.2054593414991,15.1446291012182,15.1446291012182,10.5531040240589,5.84888055589806,3.08119391528805,10.5531040241073,42.4408586205173,4.35757516536301,20.9710812418154,6.06455144422569,6.08307734988308,7.39191304337586,4.35757516536301,6.08307734988308,4.35757516536301,4.05373843609692,6.08307734988308,4.35757516536301,4.35757516536301,4.35757516536301,5.3426258978838,6.08307734988308,4.35757516536301,4.35757516536301,4.35757516536301,4.35757516536301,6.06455144422569
11.7558419087431,9.0632255371277,7.8751479406519,13.924846309132,10.694129960723,10.3525900163892,13.3826124599429,11.814165051616,9.76069303092759,11.3815585091559,10.0376410573528,14.2008285621143,12.8605142543784,14.4157814660078,5.57451372581176,5.52559975285631,8.07849866667757,11.078227068397,13.1763818023243,11.0782270682176,5.49603367701441,5.57131196319862,15.3208995179516,15.5459940869219,15.5459940869219,10.6807108452913,5.8386836311577,3.01861968770483,10.6807108450245,40.4560008903845,4.2691611325812,21.5755714506904,6.12751428153776,5.90326713612978,7.87921347435912,4.2691611325812,5.90326713612978,4.2691611325812,3.59367190086182,5.90326713612978,4.2691611325812,4.2691611325812,4.2691611325812,5.61812423258326,5.90326713612978,4.2691611325812,4.2691611325812,4.2691611325812,4.2691611325812,6.12751428153776
11.3577125493813,9.20924041655492,7.80484402603776,13.717967309854,10.7242156533659,9.97933739939571,12.8976136902509,11.2825728623515,9.64831787669577,10.8926956006116,9.90210669396253,13.6654194866372,12.3684502206238,13.8918087894366,5.30649850606843,5.51330005620331,8.01576856992132,10.9053469984794,12.6740194930824,10.9053469989508,5.55586201047418,5.01273976536375,14.5776577013905,14.8893092984345,14.8893092984345,10.516340616936,5.98115752780682,3.05230219063959,10.516340616937,38.3168357518221,4.31690493599638,20.6089436263224,6.20749468969981,5.95262014978175,7.0894887567298,4.31690493599638,5.95262014978175,4.31690493599638,3.94706997016689,5.95262014978175,4.31690493599638,4.31690493599638,4.31690493599638,5.70038380158727,5.95262014978175,4.31690493599638,4.31690493599638,4.31690493599638,4.31690493599638,6.20749468969981
12.3454787879682,9.96798964235148,8.18310743892214,14.2085343059211,10.8989438080455,10.6375456339356,13.7248187182715,12.1130777151379,10.0887293044212,12.3203070098724,10.3991960747128,14.3950087364391,13.2181631191006,14.6281917165453,5.74388472330495,5.73173604152281,8.04373324317211,11.4188328769346,13.5188643856054,11.4188328779726,5.82312826851166,5.60226993223953,16.6280138100118,15.9403706768267,15.9403706768267,11.3442389052997,5.9543365068638,3.18024206436343,11.3442389057927,40.4196236845424,4.49807337924734,22.0885096207947,6.33155418159407,6.43470582125672,7.92343122352943,4.49807337924734,6.43470582125672,4.49807337924734,3.99532882817711,6.43470582125672,4.49807337924734,4.49807337924734,4.49807337924734,5.8950119697038,6.43470582125672,4.49807337924734,4.49807337924734,4.49807337924734,4.49807337924734,6.33155418159407
11.9217122138546,9.21505322195117,7.93978610032903,13.9097467131756,10.7923691255933,10.2596519355245,13.208242255058,11.6422483465886,9.73280423566747,12.0137645749724,10.0714143990936,14.1088463868418,12.7446279441298,14.3703114914282,5.49060877752122,5.94300974609913,8.30175743330135,11.0404375783813,13.0769215399784,11.040437578587,5.81248039230128,5.23884023705332,16.1158622219639,15.3959137008647,15.3959137008647,10.4929415774825,5.98512423429811,3.3403542437441,10.4929415774646,41.5595891762188,4.72396747465097,21.2542333359763,6.24282640103141,6.32972272752626,7.40888370806305,4.72396747465097,6.32972272752626,4.72396747465097,3.63753732346507,6.32972272752626,4.72396747465097,4.72396747465097,4.72396747465097,5.58049269436011,6.32972272752626,4.72396747465097,4.72396747465097,4.72396747465097,4.72396747465097,6.24282640103141
11.5372711709056,9.27424165531973,7.88220667041985,14.0587763290964,10.927785030799,10.4266683736803,13.3217857931773,11.8885754020106,9.68544821168376,10.9472380005369,9.9533849716549,14.0802607248831,12.9481837663732,14.3629251001483,5.80336415030907,5.99235778195159,8.18010647637811,10.9642320139656,13.3486968752772,10.9642320139815,5.94070830883953,5.58547108535936,14.6168479503639,15.6269379521345,15.6269379521345,10.7268390671382,6.13848324548797,3.46775807426534,10.7268390669348,42.0629873641067,4.90426755652003,21.5485039603283,6.79579757468431,5.97006121845003,7.89929440549138,4.90426755652003,5.97006121845003,4.90426755652003,3.81899083796914,5.97006121845003,4.90426755652003,4.90426755652003,4.90426755652003,5.34983949911356,5.97006121845003,4.90426755652003,4.90426755652003,4.90426755652003,4.90426755652003,6.79579757468431
11.877851744993,9.62503198807059,8.00275507709488,13.6060618149452,10.762275104775,10.0018956183487,12.924816790585,11.2376957575645,9.74964706461746,12.288617507209,10.1436537777656,13.4398039925105,12.1989723181729,13.7277514544894,5.64004629913151,6.14554437944676,8.16149015747318,11.058064541044,12.6132198907823,11.0580645415385,6.11864139734115,5.41636978549675,16.5068795474612,14.7152316699193,14.7152316699193,10.8301050166143,6.07105595092027,3.41826924773153,10.8301050159295,40.6008335421952,4.83432337260993,20.2421381151987,6.6485964113119,6.68871127760613,7.66027422327987,4.83432337260993,6.68871127760613,4.83432337260993,3.65768071315446,6.68871127760613,4.83432337260993,4.83432337260993,4.83432337260993,5.58954751806927,6.68871127760613,4.83432337260993,4.83432337260993,4.83432337260993,4.83432337260993,6.6485964113119
11.6449145586012,9.0514474306524,7.9494089774493,13.9496435394312,10.8799028337929,10.2502268834358,13.1616443362137,11.6377004481386,9.74965146101963,11.3238677198978,10.0366289345555,14.0355806777149,12.8073937906312,14.3075680816049,5.44962108710598,6.1053895227021,8.2916284759174,11.0122229482249,13.1720197445735,11.012222948102,5.97125786078971,4.98292294600029,15.0421315670982,15.4226658534701,15.4226658534701,10.6156514141556,6.02207028473108,3.39206994882077,10.615651413899,42.3227045300259,4.79755229778312,21.2766396166203,6.69458782813318,6.25569778291088,7.04741614572822,4.79755229778312,6.25569778291088,4.79755229778312,4.05110887690442,6.25569778291088,4.79755229778312,4.79755229778312,4.79755229778312,5.61223291334924,6.25569778291088,4.79755229778312,4.79755229778312,4.79755229778312,4.79755229778312,6.69458782813318
11.7634178025785,9.62444837120598,8.14674004193302,13.6796552542847,10.8546210545063,10.0508861632889,13.0628233334121,11.2963679670548,9.9316636719258,11.7636310765586,10.3417975844368,13.6434423541555,12.2167279435083,13.9076368440785,5.75812819919905,5.8547203474126,8.40093765585783,11.2475066048197,12.5853620213842,11.2475066050814,6.12373215857412,5.59829525029295,15.8094546272899,14.709770179076,14.709770179076,10.7700655703713,5.87925373727074,3.2977356648013,10.7700655707323,35.8090100809715,4.66401486079926,20.2731693177451,6.51519404383478,6.94976554447182,7.91750912146019,4.66401486079926,6.94976554447182,4.66401486079926,3.87637237886472,6.94976554447182,4.66401486079926,4.66401486079926,4.66401486079926,5.48462793781518,6.94976554447182,4.66401486079926,4.66401486079926,4.66401486079926,4.66401486079926,6.51519404383478
11.8244141773814,9.53402367533111,8.28285675696681,13.6303041884658,10.8600634658613,9.76154821983575,13.1455377634307,11.0565830406083,10.2607047128752,11.7783055791578,10.579250127333,13.793663088107,12.148244486481,14.0221530400232,5.12534112111236,6.0349255207135,8.66697077010159,11.6559011818568,12.5816085886235,11.6559011819191,5.91074483241829,4.8086626760969,15.7611462377723,14.6495490103762,14.6495490103762,11.111603435441,5.55151040909823,3.08314857537774,11.11160343531,36.4469021745783,4.36055748728857,20.2535869409528,6.75935091664236,6.33296813289472,6.80076655765863,4.36055748728857,6.33296813289472,4.36055748728857,3.67989523403872,6.33296813289472,4.36055748728857,4.36055748728857,4.36055748728857,5.47047393293011,6.33296813289472,4.36055748728857,4.36055748728857,4.36055748728857,4.36055748728857,6.75935091664236
12.0979494030854,9.82172944608431,8.51408757296036,14.5222606835765,11.1213604762,10.8566390755372,14.1603438122777,12.3644564540775,10.5159809867635,10.9994916451628,10.8594136556805,14.9862393266696,13.5411910759989,15.210255799128,5.69181919644672,5.80538142148338,8.59360505947685,11.9275793712205,13.8611149815767,11.9275793709937,5.97069906539857,5.54264125966881,14.651944891061,16.3488878737164,16.3488878737164,11.5603898788471,5.95742577414394,3.17773177616464,11.5603898788209,36.8363702965149,4.49434308205409,22.6791195763084,6.46821567619829,6.70156934520991,7.83898898404278,4.49434308205409,6.70156934520991,4.49434308205409,3.94216638410433,6.70156934520991,4.49434308205409,4.49434308205409,4.49434308205409,5.71830081057186,6.70156934520991,4.49434308205409,4.49434308205409,4.49434308205409,4.49434308205409,6.46821567619829
11.7482323955379,9.61401870470632,8.05065621351818,14.3837886873503,11.0531941281114,10.7788875697259,13.6868967035483,12.2353592964796,9.82576998924596,10.9653254725086,10.2301848802474,14.5686149285402,13.3763070595591,14.8174431910604,5.69066368895308,6.14938213729654,8.22707088108247,11.149797442913,13.7792145366547,11.1497974431567,6.15324757380412,5.57039136739985,14.5291565174041,16.1792857150551,16.1792857150551,10.9044366009582,6.10384491907821,3.30540124046189,10.9044366011132,43.5198117721793,4.6747995832592,22.3972804868604,6.78679755546006,6.75817860502012,7.87816424413895,4.6747995832592,6.75817860502012,4.6747995832592,3.63750004480251,6.75817860502012,4.6747995832592,4.6747995832592,4.6747995832592,4.95848720797103,6.75817860502012,4.6747995832592,4.6747995832592,4.6747995832592,4.6747995832592,6.78679755546006
12.0261081872145,9.71986193086416,8.05126830095155,14.5528313166979,11.137361382925,10.7954976367124,13.8568615930826,12.3957404574735,9.90134432590694,11.3593306705461,10.2479926585573,14.8295345650462,13.6336476805604,15.0609692125367,5.49847622058301,5.8625715214141,8.11818641484204,11.2422153092681,13.9734347256414,11.242215308672,5.85272949292015,5.33900168741738,15.1970334682591,16.5027003048829,16.5027003048829,11.028963205829,5.67568645725477,3.21745981567949,11.0289632052373,42.6980299398011,4.55028115485789,22.8895519462638,6.41314292595012,6.39766551140119,7.5507461361926,4.55028115485789,6.39766551140119,4.55028115485789,3.60267062377447,6.39766551140119,4.55028115485789,4.55028115485789,4.55028115485789,5.23573338968118,6.39766551140119,4.55028115485789,4.55028115485789,4.55028115485789,4.55028115485789,6.41314292595012
11.6258821321325,9.87058362081824,8.31105162270299,14.1562896150466,11.4007516217565,9.95111092431013,13.1887932504924,11.187039786991,10.2663546781984,11.2937189626706,10.5669230616198,13.6219494702236,12.2010040884981,13.8814721079322,5.50493302088971,5.89342267521924,8.3364311912404,11.63376214851,12.531615086357,11.6337621476991,5.83202037795193,5.19652268959034,15.0312377166775,14.6806397216645,14.6806397216645,11.3791178647474,6.09475271812553,3.26602248626551,11.3791178652978,37.4474618817044,4.61927131334791,20.240750286844,6.33164052900845,6.37261985006707,7.34952642358505,4.61927131334791,6.37261985006707,4.61927131334791,3.94446671710281,6.37261985006707,4.61927131334791,4.61927131334791,4.61927131334791,5.28179929178777,6.37261985006707,4.61927131334791,4.61927131334791,4.61927131334791,4.61927131334791,6.33164052900845
11.6262122991924,9.21361599118403,7.82988719424873,14.0611445803396,10.745268011718,10.4897039857347,13.4091408564543,12.0211013034781,9.62066553967286,10.9388831155733,9.92919811433806,14.4161166942102,13.1976005553984,14.6506952490726,5.48598787686266,5.59929110666547,8.03898832384783,10.8899172143194,13.4883471881876,10.8899172153681,5.67615327813938,5.26725438509365,14.6324260667198,15.9392730894003,15.9392730894003,10.4871334097602,5.65326455224548,3.18899500608049,10.4871334091671,43.3212580330289,4.51027527227531,22.0862129875489,6.1418123013185,6.21211825885723,7.44927671234263,4.51027527227531,6.21211825885723,4.51027527227531,3.80163404724772,6.21211825885723,4.51027527227531,4.51027527227531,4.51027527227531,5.18636507971482,6.21211825885723,4.51027527227531,4.51027527227531,4.51027527227531,4.51027527227531,6.1418123013185
11.7159903495202,9.65027370166819,8.27513556039965,14.2509583822197,11.2795787798561,10.310280153293,13.4751563660582,11.6305071904614,10.157215053237,11.0869791560662,10.5696721378861,14.0938921362326,12.6554333475442,14.3192092993091,5.57037894837285,5.75827304394589,8.3474928415244,11.536989806195,13.0260938387307,11.5369898062641,6.01701839665045,5.50433462494124,14.830697028964,15.2829888575223,15.2829888575223,11.2093553711782,5.84322253773437,3.09170119760503,11.2093553708611,36.8199091206731,4.37249193490341,21.1665891080175,6.47467152216466,6.89735975140847,7.78462157761793,4.37249193490341,6.89735975140847,4.37249193490341,3.65605881068357,6.89735975140847,4.37249193490341,4.37249193490341,4.37249193490341,4.95194159325733,6.89735975140847,4.37249193490341,4.37249193490341,4.37249193490341,4.37249193490341,6.47467152216466
11.683725867702,9.67308724455855,8.13151736336623,13.7381983284025,10.9248659754621,9.83820318601709,13.0318014783128,11.1764941164205,10.0547658627425,11.5741180430511,10.2913383078146,13.5787529249412,12.2896597560503,13.8653001754203,5.34630891584455,5.95379251237195,8.29618282508,11.382448861631,12.6631946269384,11.3824488622694,5.83493572939371,4.82345389409036,15.5076567052388,14.7886525237168,14.7886525237168,11.1662312412795,5.89983776825407,3.42790073418974,11.1662312419535,36.1017926884185,4.84804098157595,20.3452550541182,6.60797816842431,5.91351754787098,6.82170340769399,4.84804098157595,5.91351754787098,4.84804098157595,3.96345168752273,5.91351754787098,4.84804098157595,4.84804098157595,4.84804098157595,5.55700267836446,5.91351754787098,4.84804098157595,4.84804098157595,4.84804098157595,4.84804098157595,6.60797816842431
11.4009364724251,9.38237771262372,7.93724729681832,13.4929292029411,10.5667078850921,9.89846300766555,12.9289950360382,11.2189069820558,9.75528075418564,11.0085655346165,10.0649906911587,13.6812076111482,12.2377193713018,13.962707700714,5.47635697636242,5.67314105070169,8.36076698716031,11.0772066483228,12.5843431185452,11.0772066490275,5.73596007794657,5.20442533150265,14.7860824245826,14.7779360823037,14.7779360823037,10.4880603079336,5.93942894470828,3.40926264304167,10.4880603088277,42.5820035982063,4.82162126444164,20.3353501481058,6.19259189083168,6.09160526593582,7.36049706928771,4.82162126444164,6.09160526593582,4.82162126444164,3.54191442305205,6.09160526593582,4.82162126444164,4.82162126444164,4.82162126444164,5.59446264393314,6.09160526593582,4.82162126444164,4.82162126444164,4.82162126444164,4.82162126444164,6.19259189083168
11.6306090406817,9.591429000139,8.36576387332573,13.9852271468667,11.0131016427572,10.1817405563488,13.3735597133687,11.43633842844,10.2594666633559,10.9523983527599,10.6450074288207,13.8519298399685,12.5523072565688,14.1299537008268,5.38750882128993,5.9885275524872,8.29223957880486,11.6571563609563,12.9460702480946,11.6571563597689,6.11898297249273,5.02236879218643,14.587560553505,15.1550712434168,15.1550712434168,11.5781782004022,6.18442350222001,3.41112903004136,11.5781781999909,36.9336598162544,4.82408292356733,20.8845600342275,6.59184946098478,6.75281057047347,7.10267711455641,4.82408292356733,6.75281057047347,4.82408292356733,3.65450180821555,6.75281057047347,4.82408292356733,4.82408292356733,4.82408292356733,4.93488126111654,6.75281057047347,4.82408292356733,4.82408292356733,4.82408292356733,4.82408292356733,6.59184946098478
11.8604093469194,9.18049588543176,8.14035381927181,14.3546175237648,11.0721885000803,10.5211099107692,13.7074673286398,12.0451175645133,10.0806669635235,11.0491602864998,10.3681155494739,14.8180896591057,13.292915993596,15.0468513319292,5.29523930533188,5.78589407867725,8.66445679365747,11.4454678281086,13.649000614965,11.4454678290818,5.76322408521449,5.01221536764891,14.7831730912286,16.0727857168679,16.0727857168679,10.7336280133532,5.797409800705,3.19283916004663,10.7336280133551,42.9870051697392,4.51559161938061,22.2771174875119,6.50014746573479,6.08280825618241,7.08863492556299,4.51559161938061,6.08280825618241,4.51559161938061,3.67128918564561,6.08280825618241,4.51559161938061,4.51559161938061,4.51559161938061,5.47100776430413,6.08280825618241,4.51559161938061,4.51559161938061,4.51559161938061,4.51559161938061,6.50014746573479
12.2207418505901,9.54443879979875,8.31726677856003,14.6147500506194,11.2621669308577,10.7766812786145,13.9266117994431,12.2841653469992,10.2661465561327,11.6679454722333,10.5521534982848,14.9426428866908,13.5313146116869,15.1897671976921,5.5732695039669,5.86638303972383,8.6481826298307,11.6185367932524,13.8486613324668,11.618536792701,5.92544140450908,5.21179854923328,15.6465687118271,16.3209555316649,16.3209555316649,11.0792625513556,6.12490938893581,3.33570556203152,11.0792625511953,37.3777564499924,4.71743754115364,22.5939306926315,6.53085374529684,6.35817797975168,7.37080404180086,4.71743754115364,6.35817797975168,4.71743754115364,4.07428996729984,6.35817797975168,4.71743754115364,4.71743754115364,4.71743754115364,5.6027635889416,6.35817797975168,4.71743754115364,4.71743754115364,4.71743754115364,4.71743754115364,6.53085374529684
11.927299057206,9.07641121717557,7.92041595687619,13.7957949940049,10.7824395582666,10.0586076998504,13.0704482734992,11.4148174253813,9.7429983920976,12.0533296355978,10.0842167732129,13.8315146556871,12.497090549133,14.0478962200785,5.32429099192811,5.46955638690684,7.99941349531636,11.0351172686498,12.7841504067753,11.0351172685192,5.64493177291183,5.13107747687924,16.2965242642115,15.0693544135553,15.0693544135553,10.6650053591653,5.58769538162106,2.99929722023084,10.6650053591528,38.7578426824019,4.24175511532599,20.8886742670235,6.01255917930791,6.43843721677092,7.2566741580939,4.24175511532599,6.43843721677092,4.24175511532599,3.79363313736371,6.43843721677092,4.24175511532599,4.24175511532599,4.24175511532599,5.85148324158675,6.43843721677092,4.24175511532599,4.24175511532599,4.24175511532599,4.24175511532599,6.01255917930791
12.1895197365795,9.13985462005826,7.91224939945058,14.4187623784139,11.0646433480814,10.7405623040601,13.6342972316003,12.3091127739676,9.73977444651032,12.1237012050981,9.98750036901017,14.6700030467507,13.5220377691417,14.9232444109164,5.67815441415074,6.13696175174671,8.26226453829005,10.9935273180891,13.8775347847879,10.9935273194604,5.91216636608607,5.3611821998885,16.2250180649094,16.3047572200898,16.3047572200898,10.6350571884855,6.00011728506506,3.34330661496728,10.6350571881641,41.6031112222083,4.72842291048073,22.5707061484956,6.78773995720857,6.03570321696068,7.58224309905487,4.72842291048073,6.03570321696068,4.72842291048073,4.10790909727347,6.03570321696068,4.72842291048073,4.72842291048073,4.72842291048073,5.83887281073609,6.03570321696068,4.72842291048073,4.72842291048073,4.72842291048073,4.72842291048073,6.78773995720857
12.0094396648992,9.57805705021046,8.15494301448328,14.2139759538937,10.7680455426934,10.7265990468961,13.8392619546694,12.2455818854039,10.0933181470742,11.3237327187159,10.3770526516172,14.6872258248723,13.4619593428504,14.9127194801754,5.50621670758735,5.86393631276151,8.22697731501183,11.4399950510859,13.8269368878927,11.4399950511682,5.85367155440805,5.29847720303353,15.158542993104,16.260593192867,16.260593192867,11.2749228910546,6.01551009362021,3.15583772516838,11.2749228915893,37.3328893082619,4.46351134330827,22.5582518659162,6.68999559164437,6.17388050405472,7.49365022337324,4.46351134330827,6.17388050405472,4.46351134330827,3.85701833232684,6.17388050405472,4.46351134330827,4.46351134330827,4.46351134330827,5.31769230022176,6.17388050405472,4.46351134330827,4.46351134330827,4.46351134330827,4.46351134330827,6.68999559164437
11.8426713617074,9.37323900406747,7.97214428305156,14.1400670341227,10.9053147423101,10.4353258663458,13.4497074225219,11.9207717653765,9.8103150335556,11.4636888722047,10.1294835493891,14.5044346803043,13.0771693777406,14.7332952397773,5.47277488065818,5.75326571985509,8.36710932658896,11.1128278922814,13.3665969483371,11.1128278915102,5.69695738099041,5.26187290159028,15.318614294672,15.7891803171792,15.7891803171792,10.4372654049939,5.70053770221461,3.1612792390801,10.4372654041768,42.390575511757,4.47092535338009,21.8781545362613,6.1179501545373,6.32039676734317,7.4417664621728,4.47092535338009,6.32039676734317,4.47092535338009,3.80575612855988,6.32039676734317,4.47092535338009,4.47092535338009,4.47092535338009,5.44819522024976,6.32039676734317,4.47092535338009,4.47092535338009,4.47092535338009,4.47092535338009,6.1179501545373
11.5513917610343,9.51311436052953,8.22447620338368,13.8079999944358,10.9318929023624,10.1096303901589,13.2300982286474,11.4636010919805,10.0650503693889,10.9961718752583,10.4241591164446,13.8799777644344,12.4726399101097,14.1428322991877,5.71071175746831,5.98376931746962,8.45565570123617,11.3784533216465,12.807987223523,11.378453321576,6.07024875671188,5.42974943430697,14.5556833825856,14.9979351207651,14.9979351207651,10.9135264086854,5.63014035697817,3.31997376308798,10.9135264087722,35.7343539296238,4.6955169205841,20.6836001921918,6.50017124267195,6.80032706898435,7.67933865333394,4.6955169205841,6.80032706898435,4.6955169205841,4.10077025416979,6.80032706898435,4.6955169205841,4.6955169205841,4.6955169205841,5.6019545007967,6.80032706898435,4.6955169205841,4.6955169205841,4.6955169205841,4.6955169205841,6.50017124267195
11.8777239821963,9.40177698577818,8.35365375075796,14.31665764231,10.8952403968754,10.7360033550638,13.9028508632391,12.1641863606804,10.2821719930301,10.7186523789141,10.6661430230894,14.7519894968513,13.4030408583328,14.9601537885038,5.36551215099818,5.57219711770939,8.29481080744915,11.6619960531441,13.7177301294505,11.6619960517258,5.94674451108256,5.14541231914725,14.3275228623946,16.1873831902653,16.1873831902653,11.4152653162768,5.9657716284897,3.04418659284631,11.4152653158223,39.2194142656767,4.3051756003171,22.4838081379542,6.36310366106946,6.86058112271057,7.27679597345001,4.3051756003171,6.86058112271057,4.3051756003171,3.85727265620341,6.86058112271057,4.3051756003171,4.3051756003171,4.3051756003171,4.97884375447804,6.86058112271057,4.3051756003171,4.3051756003171,4.3051756003171,4.3051756003171,6.36310366106946
11.8364768036035,9.62454573822472,8.02950232925124,13.8338226437468,10.7381967615699,10.1505427461438,13.2525963528645,11.5499083168784,9.94031978172641,11.7168004746346,10.2063313585656,13.8438681316083,12.6665840017753,14.0670253142841,5.38327610263272,5.5747375142763,7.84026655891713,11.2431555129986,12.9452440072479,11.2431555130224,5.58326116963107,5.11275265621585,15.7474319530824,15.2533412906477,15.2533412906477,11.1998812651973,5.73540580727459,3.05240617281971,11.1998812651973,40.3054431745217,4.31712347235527,21.1339558709358,6.11760416705624,6.12010914070421,7.23099563240696,4.31712347235527,6.12010914070421,4.31712347235527,4.00165398315091,6.12010914070421,4.31712347235527,4.31712347235527,4.31712347235527,5.0743546460452,6.12010914070421,4.31712347235527,4.31712347235527,4.31712347235527,4.31712347235527,6.11760416705624
12.3242078638371,9.06496920575215,7.93335604207987,14.3836448129167,10.9343820018648,10.754412144526,13.6816945488944,12.3056050497896,9.75257317932178,12.3033026421409,10.0540525964408,14.8031369612377,13.6240116803621,15.0526569925877,5.32719777317344,6.15562828675815,8.2898220833066,11.0531325590926,14.0222870435739,11.053132560043,5.9753099054744,4.9440247622035,16.5405264020703,16.4761043315402,16.4761043315402,10.7151800306748,6.03019157590745,3.33983657197504,10.7151800309665,40.6406334667751,4.72340205374174,22.8161309342094,6.85387857756653,6.15037744087026,6.99223598960114,4.72340205374174,6.15037744087026,4.72340205374174,3.73285382825793,6.15037744087026,4.72340205374174,4.72340205374174,4.72340205374174,5.73380031695769,6.15037744087026,4.72340205374174,4.72340205374174,4.72340205374174,4.72340205374174,6.85387857756653
12.3306117454297,9.48123672536622,8.19191385529322,14.4531176831415,11.0495082845176,10.7104083312629,13.8922536757858,12.3173692533483,10.1314308790461,11.9702399413376,10.3957816294577,14.7574452790537,13.5826211734869,15.0098358113784,5.50458192056417,5.71478890645812,8.15890881734954,11.4826885485273,13.8837718193356,11.4826885485279,5.74504756682628,5.16824571843551,16.1622467436593,16.4085697587702,16.4085697587702,11.360634713403,5.79301194413883,3.35019914057342,11.3606347132854,41.4860782054777,4.73805228284885,22.7159843239395,6.31104829898541,6.06118148052124,7.30928446377306,4.73805228284885,6.06118148052124,4.73805228284885,3.87627840771056,6.06118148052124,4.73805228284885,4.73805228284885,4.73805228284885,5.89200339472803,6.06118148052124,4.73805228284885,4.73805228284885,4.73805228284885,4.73805228284885,6.31104829898541
12.2301333495803,9.58502231928317,8.56951992884894,14.5919264274007,11.6994485281171,10.2334414336323,13.7211835560756,11.6048383888801,10.6293935333751,11.9397607988502,10.9322081014356,14.3510018339216,12.7557420733458,14.613728422169,5.37270914514084,6.00702975199438,8.84404185263733,12.0921971019369,13.1777072878844,12.0921971017711,6.00630662943903,5.0286539511865,16.0864644721896,15.4093635535401,15.4093635535401,11.6800369610641,6.04087844039492,3.37215670057172,11.6800369610641,38.1042184598553,4.76942173848052,21.2627863886399,6.78882453755076,6.27626773461822,7.11207576740622,4.76942173848052,6.27626773461822,4.76942173848052,3.64255453350409,6.27626773461822,4.76942173848052,4.76942173848052,4.76942173848052,5.89670146666439,6.27626773461822,4.76942173848052,4.76942173848052,4.76942173848052,4.76942173848052,6.78882453755076
12.1028898871242,9.11390992934836,8.11739396184173,14.3316041160696,10.9597533283785,10.7117340591599,13.7390317963646,12.1964347191659,9.97817981710487,11.7071936522706,10.3417426423846,14.8419766291998,13.3885450074783,15.0371778231101,5.49899443268118,5.76936419869511,8.45514327589092,11.2876546105852,13.6892676458048,11.2876546104483,5.87217198107581,5.35080480424366,15.6562988099804,16.1522459861524,16.1522459861524,10.6213770225482,5.71296391818375,2.9517386778598,10.6213770225482,38.4664793365189,4.17466396920135,22.4576208713498,6.35918334194179,6.75131552670491,7.56755613542212,4.17466396920135,6.75131552670491,4.17466396920135,4.002476730376,6.75131552670491,4.17466396920135,4.17466396920135,4.17466396920135,5.14126860874358,6.75131552670491,4.17466396920135,4.17466396920135,4.17466396920135,4.17466396920135,6.35918334194179
11.7946825236085,10.0400809039188,8.30696612136141,14.0420495635648,11.0319392446661,10.373388060711,13.5346279090761,11.7738297639754,10.1674883252477,11.1258777342738,10.5621691761631,14.010641534792,12.8080181842535,14.2655727169664,5.74945402407146,5.90303864117347,8.18000998564594,11.5214920299024,13.1964165381607,11.5214920294949,6.19439516999908,5.583645908089,14.8734352101448,15.4418195743675,15.4418195743675,11.5020018498127,5.686298004465,3.28141662656327,11.5020018500752,36.991213415543,4.64075957711983,21.339398577185,6.75014104615876,6.92895893373115,7.89670622422996,4.64075957711983,6.92895893373115,4.64075957711983,3.90797757572987,6.92895893373115,4.64075957711983,4.64075957711983,4.64075957711983,5.6442742903323,6.92895893373115,4.64075957711983,4.64075957711983,4.64075957711983,4.64075957711983,6.75014104615876
11.9361700824203,9.83169776967672,8.29214581628812,14.160032972017,11.3064052818874,10.0850197968839,13.3401119109521,11.383740135027,10.2244090983848,11.6836313672741,10.5996636299736,13.7797174985657,12.5111578595679,13.9860027438629,5.18563827720308,5.92692275765855,8.09285130083326,11.5945733761868,12.9375342130956,11.594573375473,6.07087705928145,4.93679711098329,15.6564599374335,15.0789098526681,15.0789098526681,11.6463596601002,5.60564228919076,2.92127935700969,11.6463596596051,41.4884207424484,4.13170443055011,20.9225881589084,6.88376752765182,6.79042945399498,6.9822302092059,4.13170443055011,6.79042945399498,4.13170443055011,3.85350342029554,6.79042945399498,4.13170443055011,4.13170443055011,4.13170443055011,5.7028221456175,6.79042945399498,4.13170443055011,4.13170443055011,4.13170443055011,4.13170443055011,6.88376752765182
12.3801478858034,9.54351909944245,8.25754504653231,14.3657762521132,10.8776469433994,10.8109213035577,13.8468977400694,12.2749343368034,10.1099999979064,12.0963306897894,10.4963940292941,14.9250609831651,13.6230811565153,15.1526861643713,5.24706500945413,5.88378374242058,8.38639594367104,11.440106084696,13.938595827802,11.4401060847718,6.07710213461915,4.79306649514419,16.2471696342471,16.4402184243602,16.4402184243602,11.0531936814271,5.95490949869712,3.19443750109515,11.0531936814271,42.4614247583499,4.51814416742851,22.8061799651815,6.50440852589848,6.93349186097841,6.77907442411153,4.51814416742851,6.93349186097841,4.51814416742851,4.02806557534303,6.93349186097841,4.51814416742851,4.51814416742851,4.51814416742851,5.2695065010914,6.93349186097841,4.51814416742851,4.51814416742851,4.51814416742851,4.51814416742851,6.50440852589848
12.2215822048722,9.45415699746395,8.32410568041165,14.5812670459816,11.4781574797276,10.4432941853475,13.6537932761205,11.8438446809429,10.261451003231,12.115930140212,10.5872217114504,14.4124676517332,13.0251729137854,14.6796401151024,5.44182455975242,6.03983353991452,8.44434893491706,11.6576218426914,13.3569883839367,11.6576218423618,5.87657002441684,5.10588460772751,16.2358389890303,15.7398814840554,15.7398814840554,11.3298104617087,6.15739273217232,3.40595248947371,11.3298104612047,42.1443709795402,4.81715704801306,21.7321596860531,6.30416220858085,6.37609739506422,7.22127791436733,4.81715704801306,6.37609739506422,4.81715704801306,3.67260937257769,6.37609739506422,4.81715704801306,4.81715704801306,4.81715704801306,5.69104766272444,6.37609739506422,4.81715704801306,4.81715704801306,4.81715704801306,4.81715704801306,6.30416220858085
11.841406542159,9.0589715456652,7.83133595182327,14.0670908444739,10.5127836847695,10.6824168783328,13.584844017275,12.2822996623552,9.62759258480609,11.1123707231002,9.92551395002019,14.8981297576022,13.5984593353649,15.1117467012668,5.29036551860501,5.60029305406139,8.22202599485255,10.8723986534139,13.8538033234651,10.8723986529138,5.64904169097076,4.9339675266151,14.8327449697848,16.4106352025853,16.4106352025853,10.2009762779572,5.52265922424967,3.09250599741957,10.2009762780477,36.507541941139,4.3739115294154,22.7908113457159,6.09653538698973,6.27983483841665,6.9782663154194,4.3739115294154,6.27983483841665,4.3739115294154,4.01699716975377,6.27983483841665,4.3739115294154,4.3739115294154,4.3739115294154,5.71089918322777,6.27983483841665,4.3739115294154,4.3739115294154,4.3739115294154,4.3739115294154,6.09653538698973
11.9311726859939,9.42893306764075,8.10010972200584,13.7092209411042,10.9989511536091,9.73642026303065,12.8214416124376,10.9573458589483,9.95345430508296,12.488380231113,10.2562139574143,13.5513881824601,11.9990537421529,13.8260038794586,5.38118090218301,5.90779113767298,8.55700856636403,11.2580554264139,12.3216845056858,11.2580554265817,5.84819935688275,4.91577366862902,16.8101979251724,14.4205954085779,14.4205954085779,10.5506657172347,5.93627113988067,3.35278404981986,10.5506657172347,42.2300834868942,4.74188095767811,19.8338803233636,6.29175695155244,6.36652401861652,6.95235457312319,4.74188095767811,6.36652401861652,4.74188095767811,4.00621612030742,6.36652401861652,4.74188095767811,4.74188095767811,4.74188095767811,5.30696539419612,6.36652401861652,4.74188095767811,4.74188095767811,4.74188095767811,4.74188095767811,6.29175695155244
11.7590233234735,9.65743463038056,8.17554459998304,13.8721889841348,11.0179230135643,9.9432518221891,13.1679036125048,11.2756385278343,10.0582475588549,11.5001204571618,10.435103945894,13.7369837620269,12.3592899196517,13.9588677013866,5.24791739204008,5.7713156015188,8.12356976424194,11.4119891104513,12.6977585222128,11.4119891108984,5.84890524201775,5.01461387770182,15.3768259683577,14.9050200095883,14.9050200095883,11.1908851501877,5.3904853026561,3.0287195807032,11.190885149802,37.1223977165143,4.28370351537397,20.6396836673742,6.27717678050354,6.69892050734944,7.09218971576634,4.28370351537397,6.69892050734944,4.28370351537397,3.73786801230661,6.69892050734944,4.28370351537397,4.28370351537397,4.28370351537397,5.86339828855493,6.69892050734944,4.28370351537397,4.28370351537397,4.28370351537397,4.28370351537397,6.27717678050354
11.7486108271032,9.39519383740385,8.40943889922412,13.8303916069098,10.9154330408226,10.000469990724,13.3449599324619,11.2361682310707,10.3962273429391,11.2529906187005,10.7589597682818,13.9338024091272,12.3088207946105,14.1396985657655,5.24493310721851,5.52326427741172,8.4922786873137,11.7958116235696,12.632240800853,11.7958116233274,5.82624630957187,5.02384870303467,15.1052983855363,14.8262723581484,14.8262723581484,11.3421062423868,5.77225347802334,2.9262948154737,11.3421062425441,35.9656013964015,4.1386361148654,20.5590309990599,6.25303717636715,6.75339159235361,7.10527075876506,4.1386361148654,6.75339159235361,4.1386361148654,3.86186022890066,6.75339159235361,4.1386361148654,4.1386361148654,4.1386361148654,4.85938423658179,6.75339159235361,4.1386361148654,4.1386361148654,4.1386361148654,4.1386361148654,6.25303717636715
11.7670102896813,9.0979925942323,7.85719226402356,13.7773500542089,10.893154302211,10.0188396078523,12.9113993248868,11.3780066481691,9.575661408011,11.9805858708771,9.93364635811042,13.6461275796354,12.4583842560079,13.9338672860251,5.46611483587307,6.00740558649676,8.1314812889971,10.8495311102253,12.8593038001429,10.8495311095087,6.04026684090644,5.10975716865588,16.1261005156091,15.0335693117928,15.0335693117928,10.551271193946,5.77252350822382,3.44899366260857,10.5512711944659,36.8388778647449,4.87750476818466,20.6924034910778,6.6400112916483,6.44772368341756,7.22604991764297,4.87750476818466,6.44772368341756,4.87750476818466,3.69168080064349,6.44772368341756,4.87750476818466,4.87750476818466,4.87750476818466,5.29066846835309,6.44772368341756,4.87750476818466,4.87750476818466,4.87750476818466,4.87750476818466,6.6400112916483
11.7108550002851,9.26914546180808,7.84620733520896,14.1666934585834,11.0471073490078,10.3756113532724,13.2959509820648,11.8250020805488,9.64783056412414,11.4242742030664,9.95494885599465,14.069159022607,12.889472300293,14.3211747476321,5.64127082715717,5.9942369219821,8.01294301020318,10.9414873971624,13.2469735876583,10.9414873968127,5.76899748275972,5.51873280266523,15.2265988743068,15.5767535786369,15.5767535786369,10.7029001314151,5.94692876264171,3.26903997991106,10.7029001317265,40.4527779693687,4.62364564606746,21.5377174545601,6.4189127607241,6.10430899104549,7.80514916790907,4.62364564606746,6.10430899104549,4.62364564606746,3.62934241935908,6.10430899104549,4.62364564606746,4.62364564606746,4.62364564606746,5.86126023885915,6.10430899104549,4.62364564606746,4.62364564606746,4.62364564606746,4.62364564606746,6.4189127607241
12.0834008403647,9.47087684207152,8.31672931303624,14.6392704786124,11.1672618335121,10.8109551136043,13.9642450144489,12.2992789795787,10.2423778964976,11.1939304728188,10.5998466620724,15.0709940676414,13.6407537592627,15.2891687793102,5.21726570871204,5.71038814128836,8.46821948871816,11.6147410174725,13.9111314225022,11.6147410176604,5.82613461059776,4.8425530168001,14.9262197712776,16.4819162324672,16.4819162324672,11.1058792292223,5.97077643705084,3.14930742878529,11.1058792289704,35.650949544808,4.45405819244365,22.8780172745404,6.10487826170016,6.68756367276899,6.84872203567775,4.45405819244365,6.68756367276899,4.45405819244365,3.86203682054911,6.68756367276899,4.45405819244365,4.45405819244365,4.45405819244365,5.1738542639927,6.68756367276899,4.45405819244365,4.45405819244365,4.45405819244365,4.45405819244365,6.10487826170016
11.9041615962069,9.53402932968337,8.18708525275897,14.0037608184982,10.9285036378426,10.2476322146326,13.4458274975727,11.6466483685934,10.0932366808969,11.5741052407271,10.444086780322,14.3234639659491,12.782414220647,14.5517174073448,5.33282595797789,5.7912659105132,8.57594934767063,11.4638705638997,13.1607666853443,11.4638705640286,5.89904013536972,5.11937533189681,15.5618804294005,15.4429745372682,15.4429745372682,10.8617212643258,5.705826589286,3.13531648154158,10.8617212645764,41.6783617322761,4.43438194675547,21.3842816259971,6.53237787716274,6.48535378031431,7.24031049043989,4.43438194675547,6.48535378031431,4.43438194675547,3.63735298591075,6.48535378031431,4.43438194675547,4.43438194675547,4.43438194675547,5.09371359808069,6.48535378031431,4.43438194675547,4.43438194675547,4.43438194675547,4.43438194675547,6.53237787716274
10.9742959031913,8.83557938628595,7.6129241448058,12.9680178605217,10.2822172581691,9.48639800244056,12.3866514897635,10.7621046141022,9.39665716387096,10.8025582656551,9.64348980644522,12.880834275048,11.6759082210937,13.1139995852401,5.41702269677063,5.69860605435042,7.82066880250284,10.6079171574345,12.0581815477587,10.6079171566697,5.6374405368368,5.21097241435464,14.3995377338316,14.025090666497,14.025090666497,10.3687645906795,5.49350633369732,3.0095671247967,10.368764590796,36.1452059809659,4.25634675409018,19.3717110916997,6.54342391044351,5.8659561467611,7.36972650699685,4.25634675409018,5.8659561467611,4.25634675409018,3.94990935641996,5.8659561467611,4.25634675409018,4.25634675409018,4.25634675409018,5.1782992500694,5.8659561467611,4.25634675409018,4.25634675409018,4.25634675409018,4.25634675409018,6.54342391044351
11.8060499281427,9.29262139311783,8.26270312725442,13.6170188004279,11.0415533653293,9.67311802919614,12.9406306873025,10.8797425614558,10.1684793487784,12.0016292975973,10.5235731153188,13.3489035687566,11.760936506122,13.5987447882224,5.5815873725568,5.78717685042995,8.51319952533284,11.5290946239143,12.149267782301,11.5290946246076,5.9725864930429,5.40907344432909,16.1810246766243,14.1448579943665,14.1448579943665,11.0481112989459,5.6490390442466,3.17052472161496,11.0481112989459,39.1565674155831,4.48424149931376,19.4943628066964,6.53289747564585,6.65039305654142,7.65007142271528,4.48424149931376,6.65039305654142,4.48424149931376,3.85087702078117,6.65039305654142,4.48424149931376,4.48424149931376,4.48424149931376,5.68949341449845,6.65039305654142,4.48424149931376,4.48424149931376,4.48424149931376,4.48424149931376,6.53289747564585
12.0710302127229,9.61806216257883,8.01147289986054,13.7048244845603,10.6406212694568,10.1436081275621,13.1656746933309,11.527762703228,9.86857380505918,12.4776185762459,10.1273694153132,13.8116850990533,12.6081013948981,14.0951430024782,5.58901616384337,5.93528355127176,8.12499269445472,11.1675009986369,12.9280018861522,11.1675009984785,5.76371711608025,5.22795357266383,16.8111650676921,15.1906494453761,15.1906494453761,10.9459830568794,6.0542802880779,3.43688096845284,10.9459830569356,37.5620092777244,4.86085813238992,20.9259241968526,6.31759162489385,6.01004356416798,7.39382451213444,4.86085813238992,6.01004356416798,4.86085813238992,3.9260316419553,6.01004356416798,4.86085813238992,4.86085813238992,4.86085813238992,5.32670589043549,6.01004356416798,4.86085813238992,4.86085813238992,4.86085813238992,4.86085813238992,6.31759162489385
11.7705193660261,9.77303425038757,8.36632279885905,13.9852601403652,11.0634487087342,10.0621027751789,13.4027824804823,11.4194482689305,10.3199222127046,11.2290911625767,10.6667325798761,14.1459851667798,12.5537568036177,14.3837754895171,5.28224945275264,5.71895735576841,8.63609539464582,11.7109690194133,12.8995712142238,11.7109690190832,5.91482682091086,4.94126880799757,15.0494763487766,15.1365587872462,15.1365587872462,11.1572529819918,5.59057136277017,3.18634821974072,11.1572529819514,38.6791950814189,4.50631429914407,20.9261629399662,6.40079141192062,6.60901210152413,6.9883870746681,4.50631429914407,6.60901210152413,4.50631429914407,3.81593335163772,6.60901210152413,4.50631429914407,4.50631429914407,4.50631429914407,4.99379823861717,6.60901210152413,4.50631429914407,4.50631429914407,4.50631429914407,4.50631429914407,6.40079141192062
11.229370705764,8.98185963375004,7.83128297038573,13.3234251304403,10.5806184582748,9.53860347868135,12.528359571191,10.7367296976662,9.65399881338452,11.0893634627095,9.95135228335599,13.2590786810264,11.7846921766272,13.4753304521343,5.08834118109456,5.62318727376884,8.10025952215285,10.9066526314145,12.0590427526209,10.9066526311327,5.5398742749019,4.715439375784,14.7298735341949,14.1549998477971,14.1549998477971,10.315847209193,5.60390756474079,2.93796293625113,10.3158472092538,38.3704576208857,4.15508403544487,19.5826208875337,5.96232048439741,6.26554073268878,6.66900611186756,4.15508403544487,6.26554073268878,4.15508403544487,3.99158546499819,6.26554073268878,4.15508403544487,4.15508403544487,4.15508403544487,5.61863108897957,6.26554073268878,4.15508403544487,4.15508403544487,4.15508403544487,4.15508403544487,5.96232048439741
11.6713296474061,8.84303838456216,7.81184107477713,14.0022391750404,10.9219433121886,10.190760399117,13.0736578886766,11.5848768145118,9.59367049026176,11.3919166057789,9.90785050315774,14.0396715397503,12.7445545124434,14.2605207258895,5.29484735131372,5.59051872808165,8.07021810792951,10.8363740724158,13.0314713264963,10.8363740737238,5.6889100104267,4.97817612370586,15.2673977654996,15.3526436572971,15.3526436572971,10.3345874672471,5.68126939034433,3.0541253058496,10.3345874674419,41.0286319619063,4.31965048754063,21.2778659249831,6.16862953005981,6.35453752215582,7.04080298267011,4.31965048754063,6.35453752215582,4.31965048754063,3.98418306558648,6.35453752215582,4.31965048754063,4.31965048754063,4.31965048754063,5.89629676665922,6.35453752215582,4.31965048754063,4.31965048754063,4.31965048754063,4.31965048754063,6.16862953005981
11.7567741818948,9.95902377405907,8.2062662397361,13.9482461774995,11.0190330836341,10.1095010810697,13.2421209663694,11.3918113444365,10.1191425001508,11.4920871532073,10.4262765912374,13.720990387936,12.3918963861648,13.9777410773572,5.62697343877398,5.70689882095224,8.17988527049004,11.4634061443787,12.7025174331357,11.4634061439685,5.7896929184769,5.40401039275553,15.4138359175458,14.9222069697175,14.9222069697175,11.2571643051809,6.11286599253082,3.25748209590752,11.2571643051186,41.1912958980671,4.6068011174536,20.5952112380987,6.2235436646182,6.37234447078703,7.6426016712512,4.6068011174536,6.37234447078703,4.6068011174536,3.91853370109362,6.37234447078703,4.6068011174536,4.6068011174536,4.6068011174536,5.72215299310314,6.37234447078703,4.6068011174536,4.6068011174536,4.6068011174536,4.6068011174536,6.2235436646182
11.893920672609,8.9683704427956,7.89442915238993,13.7699133520227,10.6308286693428,10.28188594346,13.1679041923638,11.6540871987132,9.69031885569732,11.9964391813212,9.99268014167121,14.0319927489558,12.7046381147325,14.2895050153506,5.65416523796415,5.85523041372712,8.27010379999364,10.9630887669822,13.027596844542,10.9630887674278,5.79175121136114,5.43399508675642,16.1177916364343,15.3168034789868,15.3168034789868,10.4203043120014,6.08242463814043,3.30203098703411,10.4203043122181,40.1894063200211,4.67009989163957,21.1503290872373,6.32234634100358,6.2330225704329,7.68512411631981,4.67009989163957,6.2330225704329,4.67009989163957,3.87768364983878,6.2330225704329,4.67009989163957,4.67009989163957,4.67009989163957,5.7690427326072,6.2330225704329,4.67009989163957,4.67009989163957,4.67009989163957,4.67009989163957,6.32234634100358
12.1866757481328,9.33601687921304,8.15775705291236,14.1321521789012,11.0259481495203,10.3366531202046,13.443564619125,11.79942660817,10.0163757814494,12.2211425403622,10.324995443133,14.4439698498074,12.975214743026,14.7220347867773,5.51489996707486,5.85558922005271,8.66303968619984,11.3450597049727,13.2982740034226,11.3450597054916,5.92085306935973,5.08975199725746,16.4963541511433,15.6510923834568,15.6510923834568,10.6269553786686,5.83573494145127,3.48178915714539,10.6269553790171,41.7244173697645,4.92436457073141,21.5803608888312,6.37391785743409,6.34765004536456,7.19836501108937,4.92436457073141,6.34765004536456,4.92436457073141,3.89558988959294,6.34765004536456,4.92436457073141,4.92436457073141,4.92436457073141,5.7990868986165,6.34765004536456,4.92436457073141,4.92436457073141,4.92436457073141,4.92436457073141,6.37391785743409
12.6373179775509,9.41185242339424,8.23625460475824,14.8771091950637,11.4674512078827,10.9499785475662,14.1237752311086,12.6276232655336,10.1871812785838,12.6118532392142,10.4330664060104,15.0599376826501,13.836796238128,15.3175908832483,5.85777089622028,6.04105061541469,8.36834392519243,11.532959135992,14.1354124950457,11.5329591352022,5.79908705512762,5.63317933511376,16.9587667812368,16.7082563722203,16.7082563722203,11.2572783092723,5.85663859923481,3.4189669583832,11.2572783085939,39.3597178418259,4.83555111625678,23.1288249132035,6.41348663947297,6.03096415249959,7.96695665901379,4.83555111625678,6.03096415249959,4.83555111625678,4.010519100211,6.03096415249959,4.83555111625678,4.83555111625678,4.83555111625678,5.95523473770193,6.03096415249959,4.83555111625678,4.83555111625678,4.83555111625678,4.83555111625678,6.41348663947297
12.0270427479467,9.68943107192036,8.10035320295823,13.9007748423155,10.7217355159023,10.312722854431,13.4799608571607,11.734401856494,10.0664014850082,11.9651385477518,10.3238319093534,14.0014980351681,12.7974033625896,14.2201123616313,5.5518561310107,5.86590395508547,7.93091659144773,11.4130708482128,13.1293903606091,11.4130708477025,5.60886413618931,5.45279616114819,16.0267747428994,15.4401024591343,15.4401024591343,11.4212643319931,5.92558290591208,3.03677168365809,11.4212643319931,43.1535577140629,4.29484134073009,21.4087713027936,6.35412209575575,5.96303530743827,7.71170183594251,4.29484134073009,5.96303530743827,4.29484134073009,3.81466032745576,5.96303530743827,4.29484134073009,4.29484134073009,4.29484134073009,5.7981768501752,5.96303530743827,4.29484134073009,4.29484134073009,4.29484134073009,4.29484134073009,6.35412209575575
11.622093216353,9.73517198753539,8.29607559032358,13.7408794385773,10.9660956146473,9.96008172939947,13.2420477251769,11.3118535647606,10.2649912499134,11.2217535710676,10.512861381293,13.7426670636258,12.2559083258759,14.0176290571768,5.79966461266561,5.94871004342944,8.64169497948204,11.6135707030946,12.6393216623667,11.6135707029329,5.93820407782819,5.53206770062216,14.9838317773924,14.7275106152029,14.7275106152029,11.1560632927518,5.8635719202485,3.37964010211545,11.1560632925546,41.6195483278393,4.77988904697786,20.2712906824326,6.74391021564399,6.1203720891036,7.82383884608633,4.77988904697786,6.1203720891036,4.77988904697786,4.10452720536103,6.1203720891036,4.77988904697786,4.77988904697786,4.77988904697786,5.64161111860988,6.1203720891036,4.77988904697786,4.77988904697786,4.77988904697786,4.77988904697786,6.74391021564399
12.3444743102475,9.48589069470957,8.10835344122385,14.3554726411173,10.8557674552193,10.8572972271433,13.9492854944168,12.4647119806578,9.99885930481926,12.0082295535916,10.314565859567,15.0612035449631,13.7324056628866,15.2916178086743,5.49020208966036,6.15346897970835,8.53322562790401,11.3448261422955,14.1415707684101,11.3448261424844,6.00928328684614,5.27957533534294,16.0981030462158,16.6127485590656,16.6127485590656,10.875402579438,5.79876291767078,3.23094688310599,10.8754025790102,39.5071949141692,4.56955510639969,23.045162514215,6.92856858418117,6.28085426592839,7.46692176541627,4.56955510639969,6.28085426592839,4.56955510639969,3.71351417571803,6.28085426592839,4.56955510639969,4.56955510639969,4.56955510639969,5.93180802656075,6.28085426592839,4.56955510639969,4.56955510639969,4.56955510639969,4.56955510639969,6.92856858418117
11.3767031387777,9.40609322211468,8.07639893343862,13.5757160226198,10.8480486422392,9.86683888441702,12.9040926670581,11.1256425168043,9.91339770890698,11.1502387896428,10.2179544224997,13.4107801719059,12.046083549866,13.6861245930123,5.73830840122066,6.06634301330119,8.36715916171759,11.2017791545872,12.4247897468332,11.2017791558977,5.99900503970685,5.46794542879803,14.7824716185344,14.469064185283,14.469064185283,10.7977511011126,5.92103568832442,3.3405171222924,10.7977511011819,36.44371301781,4.72467720541336,19.9079816569885,6.66708937080524,6.41800445851479,7.73328159174034,4.72467720541336,6.41800445851479,4.72467720541336,4.08131195252571,6.41800445851479,4.72467720541336,4.72467720541336,4.72467720541336,5.15953449315653,6.41800445851479,4.72467720541336,4.72467720541336,4.72467720541336,4.72467720541336,6.66708937080524
12.5813646109585,9.95168618124188,8.52594675513054,14.467256812889,11.2175016518544,10.6137067311572,14.0772099184463,12.1673068390669,10.584256363141,12.5005418881091,10.8943801547536,14.9443538419252,13.4092816474969,15.1524467988779,5.3804612480684,6.09401096347212,8.74981635985827,12.0104483385069,13.7878595596329,12.0104483383442,5.97134076610406,5.13611158208081,16.7816573319729,16.1880709258586,16.1880709258586,11.5768092476963,5.49849531835817,3.06085760648541,11.5768092475224,42.5215912295223,4.32873430296883,22.4798687429998,6.79944409991684,6.480730359143,7.26361674441639,4.32873430296883,6.480730359143,4.32873430296883,3.91783265220955,6.480730359143,4.32873430296883,4.32873430296883,4.32873430296883,4.92412642238273,6.480730359143,4.32873430296883,4.32873430296883,4.32873430296883,4.32873430296883,6.79944409991684
12.017675223563,9.93465028475703,8.28076387278005,14.3598777622782,10.8492334029215,10.921010351875,13.9784940949107,12.4076580217023,10.1565085660037,11.1146530549494,10.5293617135999,14.8227579528023,13.6008037480176,15.0654376858352,5.69781989074889,5.93186639567473,8.2433976542381,11.5139041304906,13.9217916639466,11.5139041302526,6.02225508354242,5.51580339979045,14.7772256965794,16.4328794989547,16.4328794989547,11.3330599767718,6.15117443472383,3.28857969209632,11.3330599766119,39.764649500327,4.65102729378388,22.7699249359454,6.43435075625282,6.7652842605499,7.80088513816097,4.65102729378388,6.7652842605499,4.65102729378388,3.861141654649,6.7652842605499,4.65102729378388,4.65102729378388,4.65102729378388,5.54348281883749,6.7652842605499,4.65102729378388,4.65102729378388,4.65102729378388,4.65102729378388,6.43435075625282
11.7013495266454,9.42893095286038,8.23744095191025,13.9597415815265,11.2047990068626,9.93997672229811,13.0260540769134,11.1474458836463,10.0628467300507,11.5236168771417,10.456257261291,13.7134475610839,12.2697740854264,13.9746758456221,5.2621334323985,6.00558306784917,8.5083429294082,11.3863121374498,12.6610045709196,11.3863121374985,6.1996242284051,4.76413473479249,15.3915764238087,14.7574919037803,14.7574919037803,10.9242288455395,5.87012367785817,3.28373399289292,10.9242288455009,35.846668719186,4.6444285016803,20.3481937469429,6.7334694784384,6.95664731596323,6.73808421106034,4.6444285016803,6.95664731596323,4.6444285016803,4.01208388269301,6.95664731596323,4.6444285016803,4.6444285016803,4.6444285016803,5.29038406142628,6.95664731596323,4.6444285016803,4.6444285016803,4.6444285016803,4.6444285016803,6.7334694784384
12.1233683330216,9.57172467804034,8.46515650246688,14.3883119556964,11.5943031047249,10.1670683864061,13.4878786283646,11.4549912463173,10.4391209739073,12.0874117231854,10.7719704586327,13.9570636885208,12.4821476635564,14.2394339666194,5.62569324703752,6.03710987180739,8.68012009256589,11.8632691720357,12.928520636437,11.8632691720237,6.14911436161156,5.35992600293569,16.323266291073,15.0626398470052,15.0626398470052,11.568728002739,6.21289498955263,3.44916248944894,11.5687280028191,43.0455527965824,4.87806723672681,20.7357146313744,6.90671744403866,6.47585130062433,7.58040086608226,4.87806723672681,6.47585130062433,4.87806723672681,3.69941136036393,6.47585130062433,4.87806723672681,4.87806723672681,4.87806723672681,5.39456554021978,6.47585130062433,4.87806723672681,4.87806723672681,4.87806723672681,4.87806723672681,6.90671744403866
12.3059571560625,9.47858870708481,8.46570886859453,14.2184802625061,11.29162963102,10.1490240338222,13.6038625165901,11.4905733674864,10.5105105608485,12.3656013369032,10.8441464049365,14.2893592026013,12.6427676238086,14.4978107752227,5.16183786966644,6.07173183843372,8.76483262900554,11.9508625625906,13.0928381120009,11.9508625625679,5.99891197366461,4.93065968839928,16.6388134942995,15.2669437144123,15.2669437144123,11.4900275158945,5.73762627329019,2.99114013983328,11.490027515567,40.377360936993,4.23037907260539,21.171710106209,6.93867002472786,6.47447094229566,6.97340481260728,4.23037907260539,6.47447094229566,4.23037907260539,3.66174005200615,6.47447094229566,4.23037907260539,4.23037907260539,4.23037907260539,5.35249999440659,6.47447094229566,4.23037907260539,4.23037907260539,4.23037907260539,4.23037907260539,6.93867002472786
12.2533227796335,9.7491613864089,8.13032777723313,14.2716426367744,10.7473317844529,10.8402107754956,13.9069805171399,12.4437455688394,10.0013411558668,11.8274494751376,10.3100909701036,14.8899577879017,13.725125263949,15.1417248618698,5.53166821713802,5.96571060851433,8.25397018785401,11.3309491175711,14.0757660188413,11.3309491174857,5.96662837056334,5.2087524244559,15.8846536362562,16.5866251000513,16.5866251000513,11.1255961579082,5.84208283528554,3.36106142000535,11.1255961579376,40.8240427278118,4.75356840976403,22.9698621338848,6.64661929176542,6.32670358326857,7.36659661730199,4.75356840976403,6.32670358326857,4.75356840976403,3.86444595464754,6.32670358326857,4.75356840976403,4.75356840976403,4.75356840976403,5.39579244917049,6.32670358326857,4.75356840976403,4.75356840976403,4.75356840976403,4.75356840976403,6.64661929176542
11.9489020374226,9.23162932325102,8.28362046327714,13.8562784476031,10.9000938149127,10.1876277716952,13.3521636893299,11.4330983562435,10.1739199169674,11.7800276959367,10.5834733623199,13.974480240431,12.429487538903,14.2013645833352,5.52841807253733,5.81217545281278,8.53562259382721,11.559150405136,12.8453201914932,11.5591504051442,6.08357267841244,5.44900115039605,15.8804734399491,15.0050644402655,15.0050644402655,11.0927244094091,5.99089816272461,3.09087044707767,11.0927244094633,37.7479748055654,4.37150621792321,20.7647490603748,6.68701962496638,6.87040982399964,7.70648209079243,4.37150621792321,6.87040982399964,4.37150621792321,3.63170487400659,6.87040982399964,4.37150621792321,4.37150621792321,4.37150621792321,5.56881942700536,6.87040982399964,4.37150621792321,4.37150621792321,4.37150621792321,4.37150621792321,6.68701962496638
12.1911639465281,9.38376048077149,8.08940840309214,14.4116775598238,10.9013940409515,10.8501127472254,13.7868040506403,12.3530732558656,9.88390159617718,11.9022120830146,10.2547112800922,14.9412252844585,13.6237541028547,15.2088241296424,5.50859771120634,5.99107314152169,8.43612096365868,11.2166521305948,13.9337409107541,11.2166521303667,5.95193401060982,5.17593341967905,15.9489241599692,16.485123739808,16.485123739808,10.6537382297992,6.20031251205647,3.47274654302524,10.6537382298333,38.8232794242607,4.9113836063665,22.7901057713494,6.24108681030713,6.57293129986588,7.32023266715343,4.9113836063665,6.57293129986588,4.9113836063665,3.65040132500901,6.57293129986588,4.9113836063665,4.9113836063665,4.9113836063665,4.92153153908899,6.57293129986588,4.9113836063665,4.9113836063665,4.9113836063665,4.9113836063665,6.24108681030713
11.5611576422989,9.54924526449608,7.85381770040117,13.41527415742,10.4619660353271,9.81410552706566,12.800420861314,11.1338277239452,9.64696237480058,11.6482434316004,9.95147315535622,13.4381008729741,12.2542064557749,13.7145468292228,5.19591110866226,5.84802232847732,7.87367577254976,10.9396631240404,12.5683273614301,10.9396631246978,5.66108050554396,4.76060161549782,15.5876606998169,14.7865537178662,14.7865537178662,10.7721555967664,5.80384502706926,3.34897024629268,10.772155596738,42.2390086924686,4.73647620760742,20.3700324358792,6.0502299018765,6.09133936627147,6.73287255729241,4.73647620760742,6.09133936627147,4.73647620760742,3.63670517364067,6.09133936627147,4.73647620760742,4.73647620760742,4.73647620760742,5.14154684141063,6.09133936627147,4.73647620760742,4.73647620760742,4.73647620760742,4.73647620760742,6.0502299018765
12.1500347891689,9.28160811633376,8.23988397222368,14.7670012086207,11.2872432484223,10.9944254896706,14.0842765760118,12.5271696252516,10.1537217922184,11.3342612053776,10.4976789620396,15.2850182001295,13.7989818247704,15.5099049365356,5.50711642768157,6.05820378141819,8.81261280504553,11.5265896583245,14.2071263186764,11.5265896590237,6.08220294858924,5.31508778054874,15.1446227592425,16.6956186753039,16.6956186753039,10.8248798995547,6.16373814905076,3.21475809303851,10.8248798996131,42.7548693145717,4.5468180104652,23.1681891877793,6.93422517830482,6.49786630635469,7.51715914642447,4.5468180104652,6.49786630635469,4.5468180104652,3.71522712556567,6.49786630635469,4.5468180104652,4.5468180104652,4.5468180104652,5.11641855515963,6.49786630635469,4.5468180104652,4.5468180104652,4.5468180104652,4.5468180104652,6.93422517830482
11.3967558138016,9.34555926101196,8.06890860711167,13.7094371848534,11.1633358191111,9.58076947950863,12.7584442105514,10.8689038281659,9.96465792236975,11.3701638377003,10.2007693520948,13.41586007291,11.8850700213674,13.7028806599018,5.425371981276,6.1895672382344,8.6821586814219,11.2676104395801,12.3093540174408,11.2676104388859,5.93516249927555,4.93749995786204,15.1036751391947,14.2739356624414,14.2739356624414,10.6080797395477,5.74883829277572,3.4086568830944,10.6080797400163,36.0563218927932,4.82107904980325,19.6025353473451,6.86181926166139,5.9456568575346,6.98314601239825,4.82107904980325,5.9456568575346,4.82107904980325,4.0367919608638,5.9456568575346,4.82107904980325,4.82107904980325,4.82107904980325,5.08580820422885,5.9456568575346,4.82107904980325,4.82107904980325,4.82107904980325,4.82107904980325,6.86181926166139
11.8956976903048,9.35233428972216,7.9602253800668,13.7472104691272,10.8126951561618,9.89989099347408,12.966525060692,11.2437459577167,9.84690334789756,12.1794610324261,10.0825991735766,13.5585254593498,12.3791663085872,13.8153712732323,5.25734926528091,5.7651816588595,7.91176841380129,11.1340551086271,12.6724650835444,11.1340551078993,5.58932747953023,4.79383920149975,16.38142857705,14.8964460586528,14.8964460586528,11.0247252625122,5.85836989019702,3.23986429619607,11.024725261967,42.4886585426963,4.58233765477656,20.5635347825584,6.16316594729792,5.89411238768372,6.78008714683503,4.58233765477656,5.89411238768372,4.58233765477656,3.99389960862581,5.89411238768372,4.58233765477656,4.58233765477656,4.58233765477656,5.75255211178697,5.89411238768372,4.58233765477656,4.58233765477656,4.58233765477656,4.58233765477656,6.16316594729792
12.0329874973084,9.44686444190256,7.93101532117784,14.0591659444351,10.6467541720309,10.6118971830393,13.6511358509071,12.2156918501517,9.78450166059495,11.6494343261564,10.0825422132524,14.7294509634413,13.3733287254778,14.9469865153491,5.59929961534727,5.63892891717857,8.26924697503887,11.0843871495972,13.6614410654358,11.0843871478634,5.63021056190168,5.49411518018565,15.6548584507831,16.1584797309182,16.1584797309182,10.5000703217047,5.48089124947692,3.1087274574502,10.5000703216094,37.0423284514629,4.39656807373399,22.4235898621778,6.14213892600584,6.16784827688179,7.77006162324501,4.39656807373399,6.16784827688179,4.39656807373399,3.78836687742088,6.16784827688179,4.39656807373399,4.39656807373399,4.39656807373399,5.82965936283824,6.16784827688179,4.39656807373399,4.39656807373399,4.39656807373399,4.39656807373399,6.14213892600584
12.5535546625783,9.45118199117397,8.23252935037424,14.5818020337399,11.2283249263424,10.8113606353839,13.9241356385648,12.3775794009786,10.1546676345781,12.72613922389,10.4178504391509,14.8029029727027,13.596797469781,15.0802457042363,5.73043601592507,6.24823188976805,8.44908964050817,11.5018916679178,13.967727062424,11.5018916681844,6.00648032499349,5.39332249968966,17.1188519212167,16.416838092858,16.416838092858,11.2628508164289,6.16409605771505,3.5163180355938,11.2628508155859,42.3076538001563,4.97343689127776,22.6792050143411,6.80087926230425,6.10304349376404,7.62806434633496,4.97343689127776,6.10304349376404,4.97343689127776,3.94850833429862,6.10304349376404,4.97343689127776,4.97343689127776,4.97343689127776,5.08199972783851,6.10304349376404,4.97343689127776,4.97343689127776,4.97343689127776,4.97343689127776,6.80087926230425
11.4046023917793,9.85288015545057,8.41138240948288,13.6999755651003,11.0672417934962,9.70464137729621,13.0830692455041,10.894546536855,10.3420969076866,10.6876346979662,10.7330856462372,13.4765022867301,11.9062005410267,13.7488651201926,5.29026777816882,5.85380197082508,8.57973771711292,11.7688579076105,12.3495402130324,11.7688579085468,6.11030726811515,4.97409226474244,14.2919470460345,14.3697783402507,14.3697783402507,11.4325129836058,5.79571026535993,3.32829505713922,11.4325129844774,41.9537128732443,4.70736942303516,19.7694927141106,6.6757263629575,6.72925689873078,7.03492799530576,4.70736942303516,6.72925689873078,4.70736942303516,3.50855630377568,6.72925689873078,4.70736942303516,4.70736942303516,4.70736942303516,5.30977692704012,6.72925689873078,4.70736942303516,4.70736942303516,4.70736942303516,4.70736942303516,6.6757263629575
12.5654038433568,9.37897722968725,8.19936223821105,14.4324614485289,10.8996321703291,10.9667622024381,14.0314487942573,12.5811487665886,10.053690770608,12.4395990986784,10.4200612541264,15.1706557898743,13.775438465699,15.3852760963985,5.7780124339346,5.56633427086036,8.46086223052044,11.3656209372191,14.0261737365058,11.3656209372072,5.88745650575449,5.6498204167426,16.8292297936463,16.6216678795149,16.6216678795149,10.7232016640281,5.53296872920665,3.12498868331214,10.7232016641805,41.8443633349654,4.41981968400565,23.0889087679138,6.13749658055753,6.83981625006813,7.9905267802344,4.41981968400565,6.83981625006813,4.41981968400565,4.09530012998872,6.83981625006813,4.41981968400565,4.41981968400565,4.41981968400565,5.32771019918156,6.83981625006813,4.41981968400565,4.41981968400565,4.41981968400565,4.41981968400565,6.13749658055753
12.2208860168026,9.5740159104499,8.21889819192533,14.2817705436427,10.866339711136,10.6593834199965,13.8352996232602,12.1971049201756,10.1359277794472,11.6981051297208,10.4790300987502,14.7306769345965,13.4861392916949,14.9370583220442,5.26253964543526,5.62630189927231,8.10255124309426,11.4833588285836,13.7830554621138,11.4833588285147,5.81803440475186,4.97262655992921,15.7320292512675,16.2836713131444,16.2836713131444,11.3259209781203,5.53613173732667,3.0229900224882,11.3259209785138,43.1298217664459,4.2754847727672,22.6285238608856,6.29501264116338,6.60620800159981,7.03277642039627,4.2754847727672,6.60620800159981,4.2754847727672,3.91694542851057,6.60620800159981,4.2754847727672,4.2754847727672,4.2754847727672,5.6498072512539,6.60620800159981,4.2754847727672,4.2754847727672,4.2754847727672,4.2754847727672,6.29501264116338
11.7242601292659,9.10019113171686,7.98243793692426,13.9669980087005,10.8405084928633,10.342667325981,13.2924937182837,11.7658710270881,9.81106520589439,11.3473868148372,10.0818402367849,14.0012110585219,12.9109656182752,14.2804583593786,5.57093273038837,6.03176139314,8.10601668802712,11.0935434746741,13.2938769239137,11.0935434747379,5.97076181890705,5.17870123537044,15.1601339304191,15.5601634791097,15.5601634791097,10.9921274556846,6.09704580595198,3.43785228121734,10.99212745601,39.8126971465572,4.86223134312485,21.4616439878013,6.77736847888306,6.11352460849659,7.32404817003777,4.86223134312485,6.11352460849659,4.86223134312485,3.97763254383967,6.11352460849659,4.86223134312485,4.86223134312485,4.86223134312485,5.64915293023325,6.11352460849659,4.86223134312485,4.86223134312485,4.86223134312485,4.86223134312485,6.77736847888306
11.0476127726754,8.89080670254531,7.77895958049828,13.4165162003104,10.846771178973,9.35511442728771,12.4293355019845,10.6131401371553,9.59574052287097,10.8487595696307,9.87399815046836,12.9494157214861,11.637539952881,13.2154188351355,5.09497131116847,5.69085015156775,7.95535055794247,10.8855311887644,12.001495183123,10.8855311883078,5.59520181051292,4.70416021425052,14.4953072494963,14.026645915088,14.026645915088,10.6074448921349,5.51527701176466,3.22363289631803,10.6074448941258,41.2642500520594,4.55919222131441,19.3055594943087,6.21528348741634,5.87386305762665,6.65305919157441,4.55919222131441,5.87386305762665,4.55919222131441,3.58134285572326,5.87386305762665,4.55919222131441,4.55919222131441,4.55919222131441,4.97940593208459,5.87386305762665,4.55919222131441,4.55919222131441,4.55919222131441,4.55919222131441,6.21528348741634
11.8166504128687,9.26606437852785,7.90300711412234,14.2260689570118,10.978899675664,10.5989344909487,13.4591758231175,12.10194162447,9.60937487958821,11.4506578003529,10.0200218686595,14.5256929129916,13.2227283900546,14.7740722277249,5.6839208433078,5.91200601584725,8.28203388105165,10.8858381086181,13.5471346000201,10.8858381085598,5.99320442889286,5.53648902222299,15.2875841603231,15.9797880606676,15.9797880606676,10.2804696489755,5.64968251295795,3.29797364979892,10.2804696489588,35.7391680976433,4.66430232209157,22.1125001619691,6.31629810265167,6.79001670574334,7.8301390371909,4.66430232209157,6.79001670574334,4.66430232209157,3.72190711388059,6.79001670574334,4.66430232209157,4.66430232209157,4.66430232209157,4.95289727170717,6.79001670574334,4.66430232209157,4.66430232209157,4.66430232209157,4.66430232209157,6.31629810265167
11.6180829576859,9.61277880223586,8.23658115996736,13.8686310385511,10.87268714077,10.1624662239575,13.3179521315549,11.4932015650656,10.0943936632144,10.9167635636897,10.4839261086121,13.9951381345533,12.6687017846578,14.248397069716,5.23271102604807,5.93329573066071,8.36018465593594,11.4562055284865,13.0954553101901,11.4562055285052,6.16855894877781,4.84251803236351,14.5856788252815,15.2913919489474,15.2913919489474,11.2313938010676,5.77718013934324,3.27040941428791,11.2313938005948,41.1685798176341,4.62525478040233,21.1234197672341,6.84398670097163,6.77642611153332,6.84861240121849,4.62525478040233,6.77642611153332,4.62525478040233,3.72108118930592,6.77642611153332,4.62525478040233,4.62525478040233,4.62525478040233,4.95910591656691,6.77642611153332,4.62525478040233,4.62525478040233,4.62525478040233,4.62525478040233,6.84398670097163
11.5847393772283,9.07581561203649,8.08551189308894,13.8374124091102,10.7666702860194,10.0995004694533,13.3789115309966,11.5726738358403,10.0759834453216,10.8465314626428,10.3128971385907,14.094098266574,12.7304428752887,14.3016206990873,5.21981975066232,5.66940199683034,8.21688110849184,11.4231819660479,13.0959703646404,11.4231819660426,5.61237265804756,4.97536512292622,14.4927341895811,15.3556385520417,15.3556385520417,11.167873558513,5.4735135725447,2.96529835647484,11.1678735585079,35.901655731087,4.19394215327418,21.30775023402,6.55317320463993,5.82777191401893,7.03671990638792,4.19394215327418,5.82777191401893,4.19394215327418,3.82546232085183,5.82777191401893,4.19394215327418,4.19394215327418,4.19394215327418,5.28809773788098,5.82777191401893,4.19394215327418,4.19394215327418,4.19394215327418,4.19394215327418,6.55317320463993
11.7690812727606,9.56003280638052,8.21845940421655,13.8781441146507,11.2047207144768,9.79290365933365,12.9130327748183,10.9430395368548,10.055261519222,11.8813897995479,10.4616985431772,13.5748711739307,12.0112257773821,13.8241077492897,5.20343154108423,5.88110100803508,8.55167975247345,11.3985828457864,12.4097098308372,11.3985828464002,6.11642654699832,4.80602148570826,15.9764349988296,14.4597293846516,14.4597293846516,10.8307944546049,5.86477345846325,3.19168542653252,10.8307944549261,41.4802775957431,4.51414603189824,19.9439577395667,6.62156159554742,6.92883767408798,6.79725018325222,4.51414603189824,6.92883767408798,4.51414603189824,3.82703247806055,6.92883767408798,4.51414603189824,4.51414603189824,4.51414603189824,4.94673959691151,6.92883767408798,4.51414603189824,4.51414603189824,4.51414603189824,4.51414603189824,6.62156159554742
11.8768172253773,9.70860905888104,8.43761058080803,14.0292449380302,11.0813130250751,10.2769648230926,13.5317199131581,11.6268632656018,10.3544126059279,11.3587878640858,10.7335089433045,14.1592438768812,12.6978109537382,14.4050417015821,5.61399271965535,6.04143835843187,8.61646004634386,11.7230204288963,13.0842330631979,11.723020428585,6.21705606981915,5.33893152597247,15.1234869408303,15.2830844760389,15.2830844760389,11.3349777982676,5.7172352582704,3.23785207333236,11.3349777985625,37.9781980253754,4.57917011127339,21.1244880720456,6.81466272378585,6.9676175647214,7.55073721196077,4.57917011127339,6.9676175647214,4.57917011127339,4.07031201263981,6.9676175647214,4.57917011127339,4.57917011127339,4.57917011127339,5.43657834116236,6.9676175647214,4.57917011127339,4.57917011127339,4.57917011127339,4.57917011127339,6.81466272378585
11.7107718209768,9.18713125633183,8.11243773553531,13.5590767740285,10.9257989997618,9.57822331991829,12.8294225783984,10.7825649707849,10.0225318068744,11.9428398903372,10.3658729913849,13.2886793941369,11.7244207279082,13.5123242846089,5.27780160683693,5.62807339381612,8.27094612741792,11.3841213558963,12.0881330022872,11.3841213557762,5.71231256757205,5.13111422999244,16.1149714395494,14.1311425722145,14.1311425722145,10.9644667888266,5.58069086266251,2.99028110062139,10.9644667887783,38.4605439226529,4.22933073018348,19.532818924804,6.24411106952133,6.4043722004704,7.25708158695532,4.22933073018348,6.4043722004704,4.22933073018348,3.60728588169441,6.4043722004704,4.22933073018348,4.22933073018348,4.22933073018348,5.27013015876178,6.4043722004704,4.22933073018348,4.22933073018348,4.22933073018348,4.22933073018348,6.24411106952133
11.854593150035,9.63545370275977,8.27801926423144,14.0984216383916,11.0918667829817,10.3007036363416,13.4222816247106,11.6764138467638,10.1499717181259,11.5406264595389,10.4882198499608,14.0816457122365,12.7273437691431,14.348861985456,5.74724715903206,5.92518278877123,8.35800265073653,11.4762223895586,13.0020947149611,11.4762223897991,5.93832989477875,5.4500878420438,15.3516301344734,15.3135798869896,15.3135798869896,11.1000037638289,5.87693878243918,3.36922394778538,11.1000037639679,42.6614996880068,4.76501776127412,21.1255306149877,6.17883713949545,6.70134103243906,7.70792134539937,4.76501776127412,6.70134103243906,4.76501776127412,4.11991267024516,6.70134103243906,4.76501776127412,4.76501776127412,4.76501776127412,5.5429729128039,6.70134103243906,4.76501776127412,4.76501776127412,4.76501776127412,4.76501776127412,6.17883713949545
12.2233597780447,9.63347371591913,8.32599697053216,14.075837753963,11.0749069543919,10.4084505111735,13.5021844569793,11.7738183699845,10.1417119386747,12.3644490766398,10.5607747088461,14.2233592353368,12.8122055125383,14.5024160940499,5.80838602393124,6.15135622477199,8.63416800550251,11.4916944160325,13.2065639167377,11.491694416153,6.32151104282515,5.56950865443949,16.6240665319863,15.4474299147588,15.4474299147588,11.0104512984121,5.89562484827971,3.4579669389098,11.0104512984028,41.0705169014589,4.89076305769358,21.2938962254384,6.7835454652623,7.06749907514048,7.8770091155854,4.89076305769358,7.06749907514048,4.89076305769358,3.90431265193204,7.06749907514048,4.89076305769358,4.89076305769358,4.89076305769358,5.17584854782851,7.06749907514048,4.89076305769358,4.89076305769358,4.89076305769358,4.89076305769358,6.7835454652623
11.6396521817837,9.45537812419197,7.89407714122492,13.4024212690354,10.5450785567226,9.85490955350771,12.7525400021679,11.125143561731,9.65477445850845,11.8616400932122,9.9708952233039,13.5117258066101,12.1296932034187,13.7849921108354,5.54493172698993,5.72382285951972,8.28670610723035,10.9025233585604,12.4354300316438,10.9025233585974,5.83554684908929,5.18087397976177,15.9582146822879,14.5798917243937,14.5798917243937,10.2874038116371,5.86727494171472,3.33820639541324,10.2874038116371,41.7203737576122,4.72126148808699,20.0718206836278,6.22788618632757,6.40968504960896,7.32724805844286,4.72126148808699,6.40968504960896,4.72126148808699,4.03220457766631,6.40968504960896,4.72126148808699,4.72126148808699,4.72126148808699,5.3590974789181,6.40968504960896,4.72126148808699,4.72126148808699,4.72126148808699,4.72126148808699,6.22788618632757
11.5869241368389,9.14269372450888,8.00741335063557,13.473961775135,10.7910391599166,9.7887662916199,12.7484505738641,10.9614809230032,9.78780298724235,11.8177835339886,10.148616195383,13.3242083152904,11.8551200159495,13.603910358826,5.6524340502374,5.94508005684546,8.48090926846304,11.0888439590357,12.2834944589408,11.0888439589641,6.08214350633621,5.43096501017204,15.9091032898989,14.2712564099352,14.2712564099352,10.5116899746239,6.07288864600386,3.35711751134944,10.5116899747187,39.3426040074557,4.74800330514322,19.6148901216174,6.73327039349461,6.56472529171634,7.68080590760822,4.74800330514322,6.56472529171634,4.74800330514322,3.7829145989761,6.56472529171634,4.74800330514322,4.74800330514322,4.74800330514322,5.03435792137537,6.56472529171634,4.74800330514322,4.74800330514322,4.74800330514322,4.74800330514322,6.73327039349461
11.8763211139741,9.32977047451524,8.24054315393285,14.5495425530364,11.2512741148256,10.7399635590264,13.7520125026933,12.1872352066097,10.110892566824,11.1415362452886,10.4218191593775,14.7512115190885,13.3729952847818,15.0244350273903,5.72975535964299,5.9776868956847,8.60864043647365,11.435608131481,13.6714359438721,11.4356081314891,5.97866859502557,5.36614222323893,14.7959009108835,16.1237157820149,16.1237157820149,10.8417006248672,6.32905015952655,3.48528261129394,10.8417006249815,37.6651400210003,4.92922098060264,22.2646549318751,6.38716724244374,6.49157543157746,7.58922379859099,4.92922098060264,6.49157543157746,4.92922098060264,4.07375401987972,6.49157543157746,4.92922098060264,4.92922098060264,4.92922098060264,5.09044574457886,6.49157543157746,4.92922098060264,4.92922098060264,4.92922098060264,4.92922098060264,6.38716724244374
11.8492256648388,9.59384839793727,8.4353806822699,14.3885700150326,11.473246602597,10.1463576400239,13.4890196455339,11.4941169475479,10.4258497240253,11.3182478549292,10.7360253850647,14.1502249357118,12.6754854032222,14.3916716077991,5.27623618692202,5.70510207384765,8.47357130743297,11.8084963983855,12.9689870479092,11.8084963980924,5.84076965697344,4.81983798233186,15.1314253502631,15.2576151046517,15.2576151046517,11.4570461118472,5.79023011329201,3.20775817513988,11.4570461113934,38.8116486530297,4.53676557402199,21.0947501489402,6.24733235334679,6.53697681286158,6.81666966560374,4.53676557402199,6.53697681286158,4.53676557402199,4.0578312863409,6.53697681286158,4.53676557402199,4.53676557402199,4.53676557402199,4.86014894569458,6.53697681286158,4.53676557402199,4.53676557402199,4.53676557402199,4.53676557402199,6.24733235334679
12.3531477987043,9.97739599690986,8.37030169707984,14.1997474697207,10.9817325357256,10.6459612116406,13.7461480474599,12.0442395856642,10.220768058432,12.2798934299294,10.6278843953722,14.4370685377955,13.1265445560761,14.7116374537128,5.83050508535418,6.0413273793236,8.4509028392433,11.5929545601377,13.4841680985744,11.592954560111,6.21329195315774,5.62756236715563,16.5261963144282,15.8468749593487,15.8468749593487,11.3166285869127,6.12959291129364,3.46178622255411,11.3166285867912,41.3120470835219,4.89619472127638,21.869010266025,6.57435400889669,6.97279009146823,7.95901756711743,4.89619472127638,6.97279009146823,4.89619472127638,3.82947380889098,6.97279009146823,4.89619472127638,4.89619472127638,4.89619472127638,5.92362212900433,6.97279009146823,4.89619472127638,4.89619472127638,4.89619472127638,4.89619472127638,6.57435400889669
12.2225627344574,9.40338514402451,8.24360496241067,13.9914386386192,10.9128193943368,10.2332543034823,13.5596865028923,11.6905215574592,10.2565437892033,12.3235564729882,10.5143093226372,14.2729523780131,12.7800220165577,14.4927161750276,5.484092629773,5.83102301643531,8.47887351199524,11.6356485092757,13.1325330345535,11.6356485094549,5.68496087544667,5.32487702831194,16.6100673747776,15.4175076613673,15.4175076613673,11.2116533425091,5.67984042475101,3.07296801609079,11.2116533423201,37.217706542506,4.34613998237723,21.3669427217152,6.48272671966833,6.00353284701673,7.53080804167721,4.34613998237723,6.00353284701673,4.34613998237723,3.82391718726426,6.00353284701673,4.34613998237723,4.34613998237723,4.34613998237723,5.37718881150346,6.00353284701673,4.34613998237723,4.34613998237723,4.34613998237723,4.34613998237723,6.48272671966833
11.8792336819908,9.1365963977407,7.77329210120095,13.4309568981285,10.4163318011899,9.96795957674603,12.8968613807324,11.3172390192871,9.52693410398041,12.2991001019935,9.901808420103,13.7439473059475,12.3432017862711,13.9605855066289,5.35708896033663,5.64447102471213,8.06367481369218,10.8030002437765,12.659395178699,10.803000243084,5.67454115146045,5.25701999673797,16.5999181986054,14.9023644865516,14.9023644865516,10.2362165459323,5.46306163433487,2.98890519325191,10.2362165459255,36.6616720836587,4.22738099973669,20.6493600669057,6.05398061883587,6.48699058254037,7.43506549322196,4.22738099973669,6.48699058254037,4.22738099973669,3.59758417937522,6.48699058254037,4.22738099973669,4.22738099973669,4.22738099973669,5.36994793255724,6.48699058254037,4.22738099973669,4.22738099973669,4.22738099973669,4.22738099973669,6.05398061883587
11.95374172256,9.61237208046308,8.32736425997613,13.9734725430072,11.1082598986244,9.98058016067269,13.2858852054719,11.3264584606842,10.2872220696227,11.876088641083,10.5852911667668,13.7712861673384,12.4747444855797,14.0193520810936,5.27765593151099,5.87142894774269,8.19739485842709,11.6437619462593,12.8033056368376,11.6437619466946,5.87749029594592,4.81237111531373,15.9115580733815,15.0044660977656,15.0044660977656,11.5609817178694,5.64592969286366,3.21383573701871,11.5609817178462,42.5136978575636,4.54552165955143,20.7246814134758,6.442829153505,6.43916818275773,6.80620600511552,4.54552165955143,6.43916818275773,4.54552165955143,4.07115222732636,6.43916818275773,4.54552165955143,4.54552165955143,4.54552165955143,5.3191658551772,6.43916818275773,4.54552165955143,4.54552165955143,4.54552165955143,4.54552165955143,6.442829153505
11.7739005374413,9.75505157124703,8.4810278275457,13.8720025146737,11.3754623617305,9.5528854545829,13.0373181713498,10.7605346540478,10.4657135029832,11.72238427814,10.8023453407299,13.3618059759601,11.7588593323818,13.6348860720039,5.32584357114403,5.79023597808845,8.57435135343235,11.8804764376507,12.1248225254756,11.8804764375348,5.95231296342448,4.91674317740272,15.7696003886542,14.1447460728264,14.1447460728264,11.5289774988197,5.61770238026671,3.32086649796762,11.5289774986905,41.7030225946858,4.69652190341301,19.4442483246625,6.39553008490806,6.58255976473618,6.95356573775517,4.69652190341301,6.58255976473618,4.69652190341301,3.83188924474567,6.58255976473618,4.69652190341301,4.69652190341301,4.69652190341301,5.42011715310251,6.58255976473618,4.69652190341301,4.69652190341301,4.69652190341301,4.69652190341301,6.39553008490806
12.6480715132051,9.6250755529631,8.6294024769967,15.1319485396161,11.7315481546982,11.0881027414613,14.4540021276422,12.6760392983452,10.6808106930539,12.1423855040583,10.9759600561305,15.3034967619708,13.8783733980393,15.5670487646762,5.89643341184453,6.02816376580747,8.816585248244,12.1279475634643,14.2292332037646,12.1279475636589,6.04450161793501,5.69667760026442,16.3502918184456,16.7750317792111,16.7750317792111,11.7693897224239,6.27141635908516,3.48802229210384,11.7693897230605,41.6564279411912,4.93322188286644,23.2045260460093,6.68115517062266,6.37437227452595,8.05673332882875,4.93322188286644,6.37437227452595,4.93322188286644,3.88006176738893,6.37437227452595,4.93322188286644,4.93322188286644,4.93322188286644,5.45354357202124,6.37437227452595,4.93322188286644,4.93322188286644,4.93322188286644,4.93322188286644,6.68115517062266
11.7505061532606,9.37543997824869,7.95549937981576,13.7056803477038,10.9129260342631,9.82046546082432,12.8348924496624,11.0498730500983,9.75654938279122,11.8994648980754,10.1342200966945,13.3527943166266,12.119811938916,13.588392407498,5.1628197669624,5.78304595104361,7.92342193265593,11.0682560383318,12.5201731463604,11.0682560390529,5.91941467984782,4.88568466480043,16.0413523969716,14.6193282052256,14.6193282052256,10.9771575132878,5.74207822214093,3.08081950320339,10.9771575133455,40.4886322834401,4.35705771058682,20.2096310816187,6.54496156599483,6.58004976833247,6.90959625964787,4.35705771058682,6.58004976833247,4.35705771058682,3.63822480901867,6.58004976833247,4.35705771058682,4.35705771058682,4.35705771058682,5.79947874773361,6.58004976833247,4.35705771058682,4.35705771058682,4.35705771058682,4.35705771058682,6.54496156599483
12.1668391823106,9.8418513436064,8.39451695014464,14.1524977689093,11.4122817229986,10.0326417992369,13.2429940537515,11.2721396487079,10.2638393565643,12.4463285262727,10.670941477418,13.8770069392842,12.2997461069104,14.1499439465715,5.54391296008339,5.9523520417528,8.69662093366688,11.6394396176103,12.6649477620377,11.6394396168179,6.16990132872398,5.21483067416525,16.7862929922368,14.8142814196445,14.8142814196445,11.0608685944141,5.8939666799598,3.3803334451412,11.0608685944173,35.5727965194035,4.78089970393924,20.3979548169929,6.50341958955549,7.00367571372145,7.37533407655119,4.78089970393924,7.00367571372145,4.78089970393924,3.86668928808014,7.00367571372145,4.78089970393924,4.78089970393924,4.78089970393924,5.50315149464747,7.00367571372145,4.78089970393924,4.78089970393924,4.78089970393924,4.78089970393924,6.50341958955549
12.124797290365,9.11610396706744,7.79464408903426,13.8082567003053,10.416671874651,10.4854762604273,13.2180990162448,11.8814266721927,9.47040735292221,12.3760536396894,9.85280137379758,14.2591940172178,13.1502448951821,14.5397619291426,5.25682306043696,5.88789537982865,8.03857333277851,10.7384236609069,13.5078383755188,10.7384236598764,5.99921894659268,4.79075401406403,16.7550834797722,15.9060192909746,15.9060192909746,10.4326128897289,6.19726459667354,3.47701014464066,10.4326128897289,39.1505999805736,4.91770650732644,21.9489818606989,6.43516412780083,6.50966702833959,6.77557226277738,4.91770650732644,6.50966702833959,4.91770650732644,3.57900338865606,6.50966702833959,4.91770650732644,4.91770650732644,4.91770650732644,5.07714780645504,6.50966702833959,4.91770650732644,4.91770650732644,4.91770650732644,4.91770650732644,6.43516412780083
11.5430724972618,8.9885241652365,7.93808107062332,13.2941271300426,10.5312095642086,9.74431785400913,12.714704754091,10.9743553606504,9.693464226873,11.655743357489,10.0824130739979,13.3718452181182,12.0228444544403,13.6157034588539,5.24667407324109,5.97711351074922,8.23760340007147,10.9705235381211,12.4558705060281,10.9705235379942,6.10573357374969,4.90421739453284,15.6163941272366,14.472128037031,14.472128037031,10.5770533882181,5.57080812948831,3.13688869485825,10.577053388102,36.6195239670352,4.43652745575558,19.9790906205572,6.8253399582906,6.75060174723409,6.93594009949542,4.43652745575558,6.75060174723409,4.43652745575558,3.84601456600141,6.75060174723409,4.43652745575558,4.43652745575558,4.43652745575558,4.91126407030884,6.75060174723409,4.43652745575558,4.43652745575558,4.43652745575558,4.43652745575558,6.8253399582906
11.7485376366389,9.47693100773628,7.8646415921889,13.3822424086558,10.5341183547861,9.86502224512214,12.6779904349242,11.0671847724294,9.57813365304699,12.1724185309833,9.94992251822924,13.2709634331949,12.1010972816524,13.5292678856001,5.40315796473816,6.00572354954039,7.93717892059138,10.8115657505762,12.4536794079297,10.8115657504306,6.00776114592728,5.02970386778866,16.296119386436,14.5435451955696,14.5435451955696,10.5974074474046,5.88759441633767,3.21596474141195,10.5974074474044,40.5100365945237,4.54837169008479,20.0598105305512,6.50019919159162,6.73343821623951,7.11349953657965,4.54837169008479,6.73343821623951,4.54837169008479,4.03631339995153,6.73343821623951,4.54837169008479,4.54837169008479,4.54837169008479,5.87657866886071,6.73343821623951,4.54837169008479,4.54837169008479,4.54837169008479,4.54837169008479,6.50019919159162
12.2101729700817,9.53628645741997,8.45483787096481,14.5020296713862,11.3734145145393,10.4799983808204,13.963660356507,12.0314663028554,10.5639422152203,11.7195049040729,10.7955915613847,14.7694299151639,13.1851108135312,14.9719486541357,5.5292241315527,5.80254880895999,8.76024994464793,11.9723204582058,13.544891503178,11.9723204565565,5.75110688960311,5.3612778175899,15.7331081844436,15.8945994098469,15.8945994098469,11.4632903954215,5.55124949479876,2.98654006622246,11.4632903950499,40.2334571861362,4.22360336512277,22.0844671727424,6.72334528269425,6.01534644734406,7.5819453191704,4.22360336512277,6.01534644734406,4.22360336512277,4.04844243968519,6.01534644734406,4.22360336512277,4.22360336512277,4.22360336512277,5.09462892110494,6.01534644734406,4.22360336512277,4.22360336512277,4.22360336512277,4.22360336512277,6.72334528269425
11.500632833614,9.28748641788345,8.09015076552955,13.6822340507948,10.9054855603442,9.75836021246423,12.8545070406966,10.9508819339645,9.94065230627068,11.3329465789917,10.2805596218914,13.2380541660635,12.0117245903711,13.5136493481605,5.23536863537139,5.8290491739142,7.93457594406318,11.28218724689,12.3555567366402,11.2821872477791,5.81446235112404,4.83812478206338,15.1483071513652,14.4820653867081,14.4820653867081,11.2585527953665,6.03142021707253,3.31661476480716,11.2585527953666,41.5742157110968,4.69076711880273,19.9379853554858,6.20643286480925,6.39536352459795,6.84257133064823,4.69076711880273,6.39536352459795,4.69076711880273,3.66092796003237,6.39536352459795,4.69076711880273,4.69076711880273,4.69076711880273,5.48341529840479,6.39536352459795,4.69076711880273,4.69076711880273,4.69076711880273,4.69076711880273,6.20643286480925
11.8888360773529,9.72513914718721,8.34880804379705,14.339087653213,11.3624967069312,10.3347575775019,13.5694393441518,11.7013805085892,10.2765758537343,11.3736361803745,10.6357978568007,14.2078187677982,12.7800867403797,14.457566009875,5.57208703599205,5.88691299855549,8.50602492554754,11.6678116810407,13.1719715417977,11.6678116811379,6.05614179172272,5.37127647373756,15.254917937457,15.4271165172694,15.4271165172694,11.342598756347,5.9381008229881,3.27303781795449,11.3425987562072,39.5374217391613,4.6289749914224,21.3204153427831,6.67301031742508,6.63883916570273,7.59632921488182,4.6289749914224,6.63883916570273,4.6289749914224,3.74314087721855,6.63883916570273,4.6289749914224,4.6289749914224,4.6289749914224,5.19475131606013,6.63883916570273,4.6289749914224,4.6289749914224,4.6289749914224,4.6289749914224,6.67301031742508
11.5583828294388,9.50694055827049,7.81908863720259,13.9349408557191,10.963291487567,10.0543804104162,13.0633031077471,11.4867659757468,9.66561459335739,11.3391794522273,9.93327095802017,13.7766916094016,12.5481340153538,13.9982056767663,5.43905207713935,5.66385269690233,7.88978147600688,10.9359006759305,12.850348781446,10.935900677967,5.5451792006117,5.26447410575625,15.1579259270287,15.1238720935629,15.1238720935629,10.6858520582266,5.53651354493129,3.03221590758749,10.6858520582861,40.564725095127,4.28865994574764,20.95624206043,6.16043112848933,5.99203175230392,7.44554739394316,4.28865994574764,5.99203175230392,4.28865994574764,3.86259437633493,5.99203175230392,4.28865994574764,4.28865994574764,4.28865994574764,5.28281756327125,5.99203175230392,4.28865994574764,4.28865994574764,4.28865994574764,4.28865994574764,6.16043112848933
12.2033663792003,9.7021949027871,8.25789190982497,14.483948075008,11.250338182114,10.5847843129744,13.7664000288147,12.0616866630936,10.1681213305871,11.8454081989959,10.5427733166354,14.7220505588837,13.2981669300581,14.9196401640101,5.296640232766,5.78793075983293,8.41484313048229,11.5231854843403,13.6352761122269,11.5231854839824,5.95053331704975,5.07061805281776,15.8983884958566,16.0524915034077,16.0524915034077,11.0881961340896,5.54769814581456,2.96129430876504,11.0881961343738,43.4440527925594,4.18787786121999,22.3118772846641,6.51416475997907,6.80099896618503,7.17096270983383,4.18787786121999,6.80099896618503,4.18787786121999,3.89883181206454,6.80099896618503,4.18787786121999,4.18787786121999,4.18787786121999,5.10489666327364,6.80099896618503,4.18787786121999,4.18787786121999,4.18787786121999,4.18787786121999,6.51416475997907
11.7422929625341,9.55773211030912,7.8153283780159,13.9613085058138,10.4764710559341,10.7285303451478,13.5485121477533,12.3438758978746,9.55414591534992,11.0204066361708,9.84028642988855,14.6049811908936,13.518957124213,14.8733799025829,5.81468607721537,5.74670829989256,8.06178454140513,10.77880515131,13.7974731389604,10.7788051514972,5.82631365648881,5.53122399011139,14.7175139682924,16.3055339113143,16.3055339113143,10.4073119352034,5.74423335930557,3.43931718120295,10.4073119352034,43.1440222592924,4.86424286832006,22.5410924290989,6.27654579047153,6.22749825410783,7.82260470009706,4.86424286832006,6.22749825410783,4.86424286832006,4.07139636092205,6.22749825410783,4.86424286832006,4.86424286832006,4.86424286832006,5.79872300473797,6.22749825410783,4.86424286832006,4.86424286832006,4.86424286832006,4.86424286832006,6.27654579047153
11.6551407708208,9.40294718841323,7.71232101051482,13.7235195164976,10.3765330446059,10.5009196939554,13.2051913035615,11.9473866727802,9.35633321752355,11.3463659933428,9.7672901297872,14.1466804917439,13.0458800980036,14.384312928841,5.6312494982804,5.73818002762869,7.77717416306693,10.5781579427398,13.3250730689123,10.5781579426366,5.85266167352416,5.49405170623507,15.1422138837032,15.7503127265251,15.7503127265251,10.2733698722677,5.70197880347511,3.18513065507392,10.2733698721331,36.9670327797897,4.50465326463709,21.8138148519332,6.04602544778675,6.77598676236347,7.76992823448499,4.50465326463709,6.77598676236347,4.50465326463709,3.80366429719638,6.77598676236347,4.50465326463709,4.50465326463709,4.50465326463709,5.28649791596173,6.77598676236347,4.50465326463709,4.50465326463709,4.50465326463709,4.50465326463709,6.04602544778675
11.8182471489274,9.2809190285613,8.22309565044056,13.446411035402,10.8136150947845,9.73659170267566,12.9239304297896,10.9683374934609,10.0684093637321,12.056342998503,10.4558168274986,13.3103056162043,11.9087047635626,13.5659615702476,5.53231873202439,6.03549564134053,8.34952442234459,11.4015069381388,12.3340582568382,11.4015069385903,6.17259235659074,5.28030148711876,16.1807202400302,14.3171124018059,14.3171124018059,11.1315068205402,5.5145874274531,3.20459580112687,11.1315068209084,38.782844307575,4.53247338235505,19.7329957575416,6.81465855185892,6.87887777164687,7.46795903663189,4.53247338235505,6.87887777164687,4.53247338235505,3.9376333774481,6.87887777164687,4.53247338235505,4.53247338235505,4.53247338235505,5.55991897109169,6.87887777164687,4.53247338235505,4.53247338235505,4.53247338235505,4.53247338235505,6.81465855185892
11.8675053336392,9.30303703563249,7.87751562928197,14.0622131132135,10.9335055489622,10.3119658277847,13.2787909005497,11.8096535322519,9.66992541844084,11.7677824555086,9.97474642101693,14.1287394071134,12.9411565691338,14.393562953272,5.53315614442064,5.69172517274367,8.05468643601809,10.9575361708314,13.2627446716688,10.9575361713956,5.75867983056742,5.26421959586876,15.8844671492764,15.6297793327485,15.6297793327485,10.6599446493634,5.69907424764163,3.36090723417011,10.6599446487579,42.6383250335379,4.75322063853232,21.5870835536105,6.25374310654665,6.14690845776091,7.4449949150724,4.75322063853232,6.14690845776091,4.75322063853232,3.71820320802797,6.14690845776091,4.75322063853232,4.75322063853232,4.75322063853232,5.09480832653486,6.14690845776091,4.75322063853232,4.75322063853232,4.75322063853232,4.75322063853232,6.25374310654665
11.4910694607382,9.17062486314575,8.10406851327922,13.9465906447089,11.1347240371489,10.0028870828015,13.0357884368723,11.3066616482099,9.91237429412076,11.1066931141552,10.2533503467132,13.7029951375464,12.3680056456006,13.9894785275548,5.52740090606247,5.88157785675512,8.36110619193138,11.2172435552591,12.724360766786,11.2172435553992,6.02993586292667,5.12037937019421,14.8350316233365,14.8893227486205,14.8893227486205,10.8115680072165,5.89932026644584,3.44046378995868,10.8115680072405,39.1126021620671,4.86578449921774,20.4884504971535,6.50777128885082,6.56144315374979,7.24162217768441,4.86578449921774,6.56144315374979,4.86578449921774,3.94188751533458,6.56144315374979,4.86578449921774,4.86578449921774,4.86578449921774,4.95260245334847,6.56144315374979,4.86578449921774,4.86578449921774,4.86578449921774,4.86578449921774,6.50777128885082
11.1212259369012,9.70117744006849,7.91313776774237,13.4917393180363,10.8164906944033,9.74862554809659,12.6382891093682,10.8989190053654,9.66864484292459,10.7546650808428,10.0503323536704,13.0499588348245,11.7593733481523,13.2803265402738,5.61468650657666,5.62461454502874,7.9086518159579,10.920490802247,12.080536228599,10.9204908021843,5.87457830736601,5.48947208860738,14.2979039738316,14.1190984045034,14.1190984045034,10.6627661947434,5.78525770189685,3.01145361659668,10.6627661947434,41.4527012157876,4.25919270712896,19.5086874781221,6.25460740896273,6.80227879134412,7.76369426314604,4.25919270712896,6.80227879134412,4.25919270712896,4.01962467454522,6.80227879134412,4.25919270712896,4.25919270712896,4.25919270712896,5.21529103352523,6.80227879134412,4.25919270712896,4.25919270712896,4.25919270712896,4.25919270712896,6.25460740896273
11.4843574890463,9.52100872708188,8.05663803085385,13.7740888300104,10.932790933229,10.0750313107658,12.9611149834241,11.2666877537252,9.78861718026668,11.1006834321474,10.2118679535126,13.450198739534,12.2394091108469,13.7380910984645,5.64398285399962,5.93209183815413,8.13219713545205,11.0965852673484,12.6488881340972,11.0965852678676,6.20586267953939,5.39944382792176,14.8539682707898,14.7573529647274,14.7573529647274,10.9270975350006,6.20196548782336,3.41913902318126,10.9270975350006,40.3047583545998,4.83574320494803,20.3042877984363,6.664853255663,6.90896065950551,7.63640508180178,4.83574320494803,6.90896065950551,4.83574320494803,3.72333323792591,6.90896065950551,4.83574320494803,4.83574320494803,4.83574320494803,5.86711663522288,6.90896065950551,4.83574320494803,4.83574320494803,4.83574320494803,4.83574320494803,6.664853255663
11.9235143691375,9.62063452287303,8.11300012950864,13.8345169577367,10.8414840782052,10.0940230234393,13.1705011159069,11.3908193908589,9.9620995856675,11.9347882778775,10.3177989197042,13.8816283540501,12.5506159983823,14.1338303347028,5.20766065066395,5.81171131974348,8.28062370687837,11.3017587877345,12.9469135078879,11.3017587879181,5.99629900869107,4.81873125085364,16.1223492945299,15.1459336230769,15.1459336235812,11.0159264568999,5.95064477627034,3.25086316341572,11.0159264563805,42.3329783866021,4.59748891278547,20.9217656005966,6.63971855018548,6.53023716284362,6.81487992609294,4.59748891278547,6.53023716284362,4.59748891278547,3.71197237701174,6.53023716284362,4.59748891278547,4.59748891278547,4.59748891278547,4.95669420690159,6.53023716284362,4.59748891278547,4.59748891278547,4.59748891278547,4.59748891278547,6.63971855018548
11.5336677885269,9.36875133780446,7.78830080182452,13.2889578776338,10.4070796732537,9.71647492660178,12.7256584699116,10.9957983211553,9.64092785096515,11.6938442143466,9.91186860167652,13.3833013545389,12.0877996410124,13.6007473974141,5.06371889834334,5.89989338641743,8.0142364097392,10.9193242221327,12.4997905279615,10.9193242225169,5.69513397322669,4.75858841643624,15.6602432746883,14.5650814090256,14.5650814090256,10.6540945011336,5.70408717535355,2.96137450225059,10.6540945014278,39.5215757647234,4.18807192760823,20.1679805610697,6.66883031515351,5.94058792559216,6.72993179147665,4.18807192760823,5.94058792559216,4.18807192760823,3.75379100921126,5.94058792559216,4.18807192760823,4.18807192760823,4.18807192760823,5.09797876651494,5.94058792559216,4.18807192760823,4.18807192760823,4.18807192760823,4.18807192760823,6.66883031515351
12.1121354830347,9.31643732643627,8.16401765567923,13.8620663451824,10.7427540735125,10.3003324348865,13.4610697264077,11.7346471549875,10.0584465119717,12.1489745472681,10.3747976226874,14.1474001042259,12.8406222967946,14.4108944171673,5.54331767713807,5.87454990498345,8.34560412609796,11.4193869100875,13.237853374821,11.419386910348,5.9559815427838,5.29986480994798,16.4382527216735,15.5110157200484,15.5110157200484,11.1656153041563,5.87178853579545,3.35609785699969,11.1656153041554,41.2020677072809,4.74627861015902,21.4154957176982,6.67496776635531,6.27205116214021,7.49519217423331,4.74627861015902,6.27205116214021,4.74627861015902,3.67145264498004,6.27205116214021,4.74627861015902,4.74627861015902,4.74627861015902,4.89527446328809,6.27205116214021,4.74627861015902,4.74627861015902,4.74627861015902,4.74627861015902,6.67496776635531
11.6612455738064,9.65908673649821,8.14735439135636,13.8111894604891,10.7815455691006,10.2382232372643,13.3226825299427,11.5828440359411,10.0527750917467,11.3291650200025,10.3283782654397,13.8807229280353,12.5732364164862,14.1496497276296,5.78306549835044,6.00647918033267,8.32328765439252,11.3834175283999,12.9401043685085,11.3834175284071,5.88743996027274,5.58380957474568,15.0950864790515,15.1459609051743,15.1459609051743,11.1116969663797,6.19613919785074,3.35248776214827,11.1116969661473,40.9358918346494,4.74144549724712,20.8894134198627,6.59889179942881,6.16107967761844,7.89711435759096,4.74144549724712,6.16107967761844,4.74144549724712,3.93507930558316,6.16107967761844,4.74144549724712,4.74144549724712,4.74144549724712,5.06088567717858,6.16107967761844,4.74144549724712,4.74144549724712,4.74144549724712,4.74144549724712,6.59889179942881
12.5346752925762,9.22316984559519,8.06671408500326,14.5982109520272,11.1511144372531,10.8583061545438,13.8661203817929,12.4326915370485,9.93354037361649,12.7083362017511,10.2152110549618,14.9261048958654,13.7119082962841,15.1987868507363,5.54900989062277,6.21649537958967,8.43344249878691,11.2723957293404,14.1044988094402,11.2723957297565,5.97445180284469,5.20889356695162,17.138557185738,16.5915876601861,16.5915876601861,10.9248407561598,6.22719032095025,3.50774026685388,10.924840756164,40.8477474803668,4.96063773811134,22.9324944930048,6.8021204290375,6.01709620297974,7.36652123529425,4.96063773811134,6.01709620297974,4.96063773811134,3.67427813799277,6.01709620297974,4.96063773811134,4.96063773811134,4.96063773811134,5.19131749380944,6.01709620297974,4.96063773811134,4.96063773811134,4.96063773811134,4.96063773811134,6.8021204290375
12.1401216442279,9.07487805507703,8.10675338414181,14.0982580915062,11.1054335926156,10.1223548972744,13.2911235061883,11.4804982216625,10.0491375692093,12.3942278299445,10.3242730307152,14.1393618904884,12.6230152080347,14.3678985464788,5.25602509386991,5.72706274674451,8.51591899865517,11.3976347975708,12.9927231060961,11.3976347978689,5.73675858837358,4.95929511541519,16.7917459116487,15.2290505174124,15.2290505174124,10.8220756877301,5.93154915723584,3.11942278113912,10.8220756875436,42.9056352990326,4.41185987034267,21.0804265130191,6.52821412889814,6.05385762674559,7.01389093258198,4.41185987034267,6.05385762674559,4.41185987034267,3.77055197792804,6.05385762674559,4.41185987034267,4.41185987034267,4.41185987034267,4.99742425460437,6.05385762674559,4.41185987034267,4.41185987034267,4.41185987034267,4.41185987034267,6.52821412889814
11.9070721209964,9.24999985714863,8.07762532571022,13.9078613159788,10.9673824536703,10.0593019484516,13.0874872250571,11.3770018514494,9.88786901621744,11.9279757016197,10.2343459826376,14.0170340938495,12.5312274854,14.2896700247271,5.30475801675546,5.8327760809182,8.57415529718797,11.2018674293062,12.8808680702116,11.2018674291466,5.97058351691426,4.83022421759526,16.0752765407356,15.1077331403719,15.1077331403719,10.4956155230978,5.91588928424598,3.40080533622267,10.4956155227259,35.7563224103621,4.80946299005525,20.8163400115227,6.42543106885691,6.52115444142921,6.83094020134637,4.80946299005525,6.52115444142921,4.80946299005525,3.824644463067,6.52115444142921,4.80946299005525,4.80946299005525,4.80946299005525,5.83432397461544,6.52115444142921,4.80946299005525,4.80946299005525,4.80946299005525,4.80946299005525,6.42543106885691
12.3242615925333,9.49089968730611,7.86895049331133,13.9684254813906,10.4255501916811,10.7554075541832,13.5250452387002,12.2078371917527,9.58185832527368,12.4864438433861,10.0028753182917,14.6210165413462,13.4106440744018,14.8223543851966,5.47224111439611,5.62678997536952,7.95835743310999,10.8281651692943,13.6776909788226,10.8281651695189,5.87114394754342,5.32010572442771,16.853753374886,16.1872775613974,16.1872775613974,10.4081762501717,5.79652436295248,2.97678868480268,10.4081762498521,41.3059513588946,4.2099454223004,22.5010857562497,6.09918095271496,6.96328806606692,7.52407908337777,4.2099454223004,6.96328806606692,4.2099454223004,3.93702894925889,6.96328806606692,4.2099454223004,4.2099454223004,4.2099454223004,5.36541284072939,6.96328806606692,4.2099454223004,4.2099454223004,4.2099454223004,4.2099454223004,6.09918095271496
11.1635438426105,9.33991647361929,7.70096686359311,13.344538351852,10.4402731180472,9.91278079468922,12.7624975804324,11.2304024924106,9.45586967336395,10.8604436565026,9.76935652003497,13.4251010612506,12.1481659835472,13.6593370578404,5.62998694950645,5.8498241409382,7.99466810587438,10.6962923002124,12.513782975417,10.696292300315,5.74256742103216,5.55505575353966,14.4066737027965,14.6344255443043,14.6344255443043,10.292908607819,5.72231868608735,3.07818710475242,10.2929086071999,41.3215082583315,4.35332331129382,20.2351864621097,6.43805481182667,6.20732594168334,7.85613939975697,4.35332331129382,6.20732594168334,4.35332331129382,3.79725840013413,6.20732594168334,4.35332331129382,4.35332331129382,4.35332331129382,5.05208604073909,6.20732594168334,4.35332331129382,4.35332331129382,4.35332331129382,4.35332331129382,6.43805481182667
11.6612906020884,9.30356807995476,7.94707694693697,13.1892096196304,10.4588030230112,9.72632233639282,12.6255173714,10.8921293762644,9.64260787107313,12.0474852846877,10.068721490437,13.2092946139876,11.8784190904989,13.5061104807371,5.41168245090354,6.24178394965034,8.29450656278228,10.9399354784263,12.3327635504151,10.9399354788537,6.21979458308754,5.06293261437294,16.1310426464068,14.325603341415,14.325603341415,10.5411158233809,5.92842571054987,3.44310239257726,10.5411158233809,40.5548736899123,4.86977978781068,19.6648405614339,6.7724952227214,6.81725814449863,7.16054730547398,4.86977978781068,6.81725814449863,4.86977978781068,3.58744734454392,6.81725814449863,4.86977978781068,4.86977978781068,4.86977978781068,5.8620125649414,6.81725814449863,4.86977978781068,4.86977978781068,4.86977978781068,4.86977978781068,6.7724952227214
12.2225280176675,9.23766131133074,8.10816192189478,14.3770023952488,11.0338459774469,10.7585849050953,13.6885912925132,12.2363034636885,9.850705421147,12.0585819780613,10.2848645320218,14.8230021853459,13.4502911301353,15.0915269550636,5.57591148450895,6.04055092793508,8.58103291403386,11.1806287624653,13.8198299286258,11.1806287624896,6.20237949665658,5.29953757587743,16.2230043158809,16.2735310322527,16.2735310322527,10.5219147500563,5.97642383425895,3.46155442321515,10.52191475,43.0897865401249,4.89586859536375,22.4884563685504,6.58315038124175,6.93546575895083,7.49516613692471,4.89586859536375,6.93546575895083,4.89586859536375,3.62274398541784,6.93546575895083,4.89586859536375,4.89586859536375,4.89586859536375,5.0641737657265,6.93546575895083,4.89586859536375,4.89586859536375,4.89586859536375,4.89586859536375,6.58315038124175
11.9583310571965,8.98535982238778,8.09753348418987,14.1332011759996,11.0389917641234,10.2877634150265,13.3810812485822,11.694562374892,10.0000287220605,11.8051310952368,10.2824170181981,14.3533624196688,12.9103469299271,14.589675848282,5.26405670426843,5.98731948819083,8.57471322379646,11.3181274145151,13.2953281260221,11.3181274157448,5.91523689411919,4.84898996252459,15.8203951948741,15.5621663343322,15.5621663343322,10.7255740062544,5.9062489933024,3.1930937761852,10.7255740063864,38.7171206786959,4.51625603812064,21.5396235410795,6.77918167373313,6.2141766011301,6.85811198336021,4.51625603812064,6.2141766011301,4.51625603812064,3.96229356860582,6.2141766011301,4.51625603812064,4.51625603812064,4.51625603812064,5.19093261214384,6.2141766011301,4.51625603812064,4.51625603812064,4.51625603812064,4.51625603812064,6.77918167373313
12.117962017847,9.51536228455678,8.43075353239339,14.2473500649362,11.1412810688116,10.3162379465282,13.7310837537066,11.8217254637621,10.4765321554861,11.7703080688291,10.7050404448244,14.4637625036324,12.991350329489,14.7274874102704,5.53384309074738,5.78339374624718,8.59308556945243,11.8725447526288,13.2683611569822,11.8725447521051,5.67194774918189,5.13296231658877,15.7902533791405,15.6556174393787,15.6556174393787,11.4528041204405,5.7890731671551,3.39178705656818,11.4528041198534,38.2958869736578,4.79703512510696,21.614024262193,6.16256469127547,5.96024825661166,7.25953826933057,4.79703512510696,5.96024825661166,4.79703512510696,4.01952789307732,5.96024825661166,4.79703512510696,4.79703512510696,4.79703512510696,5.30205869624832,5.96024825661166,4.79703512510696,4.79703512510696,4.79703512510696,4.79703512510696,6.16256469127547
11.5103148088363,9.31124165249629,8.20972728576024,13.6811659702703,10.8638824202487,9.85452593485549,13.0261450382791,11.0765810012404,10.0872057294954,11.1057696343962,10.4385183829161,13.7054226521519,12.1873742124827,13.9780872596271,5.20042556649804,5.92575246816774,8.58111907994082,11.4543585364352,12.604079607126,11.4543585368428,6.03320806439201,4.7521886376682,14.8590043907938,14.7006280773611,14.7006280773611,10.9464479222193,6.00950961869089,3.35836548048279,10.9464479219221,42.6717349103883,4.75001154285156,20.239320462403,6.66234016050893,6.49987444527166,6.72113567559793,4.75001154285156,6.49987444527166,4.75001154285156,3.66006658887341,6.49987444527166,4.75001154285156,4.75001154285156,4.75001154285156,4.94502757660221,6.49987444527166,4.75001154285156,4.75001154285156,4.75001154285156,4.75001154285156,6.66234016050893
11.6558678602083,9.47032795453947,8.29611791836595,13.9437179580853,10.9840425188659,10.0720054384855,13.5111797146653,11.5471293967874,10.3453043192345,10.9011785723928,10.583017030451,14.0195417513376,12.7044882959765,14.2430341190077,5.25795566176047,6.0550091169534,8.29411923505481,11.7356612310714,13.1343147810526,11.7356612304084,5.82877662462767,4.95701995347813,14.4491339264146,15.3189383247512,15.3189383247512,11.7023431963125,5.44776038318772,3.07138476452824,11.7023431969767,39.561388760959,4.3437925216088,21.2236952509407,6.9445017924212,5.90161225926721,7.01061411150904,4.3437925216088,5.90161225926721,4.3437925216088,3.86267712125709,5.90161225926721,4.3437925216088,4.3437925216088,4.3437925216088,5.26139465843634,5.90161225926721,4.3437925216088,4.3437925216088,4.3437925216088,4.3437925216088,6.9445017924212
12.2062164789163,9.96704681713442,8.46895660244651,14.2705223380469,11.2758466192775,10.3113552771802,13.691732238089,11.697908335099,10.4481068640737,12.0037004441788,10.8382847655386,14.345840284569,12.7662813634853,14.5502078968766,5.49598253518861,5.81400339650704,8.54108863802191,11.861945546207,13.1010538889671,11.8619455472122,5.94180946258844,5.40517094752196,16.10227510304,15.4020703429248,15.4020703429248,11.43280331553,5.4980209225277,2.97102022916879,11.4328033161007,40.8697662144184,4.20183371536469,21.3726343299279,6.36375189721098,6.91102975182764,7.64421548476351,4.20183371536469,6.91102975182764,4.20183371536469,3.81138075522982,6.91102975182764,4.20183371536469,4.20183371536469,4.20183371536469,5.49280841998301,6.91102975182764,4.20183371536469,4.20183371536469,4.20183371536469,4.20183371536469,6.36375189721098
12.0593928206395,9.67024817472693,8.22572856837742,14.1983783387969,11.1394812092141,10.303474711334,13.4349812044941,11.6767037887721,10.0987597200628,11.8907159205452,10.4693567293032,14.1303496107335,12.8325887847569,14.3602665175885,5.37197706672433,5.82391955142384,8.14591560070657,11.435815574143,13.135808833249,11.4358155745438,5.91420097316111,5.06773772577473,15.9226178278448,15.467055762608,15.467055762608,11.2271455414926,5.70469723590811,3.13100370653911,11.2271455415863,38.9806845415221,4.42810130152641,21.4197115128506,6.26271072709801,6.78987690695272,7.16707446408615,4.42810130152641,6.78987690695272,4.42810130152641,3.94945960232405,6.78987690695272,4.42810130152641,4.42810130152641,4.42810130152641,5.86414435289182,6.78987690695272,4.42810130152641,4.42810130152641,4.42810130152641,4.42810130152641,6.26271072709801
11.8139416476183,9.60347784322176,8.16879292899353,13.709188275114,11.051724352183,9.74843533812224,12.8556436308045,10.8834915321351,10.0105617072477,12.1462985065157,10.3905824271894,13.4117558622831,11.9008188236773,13.6856469784022,5.29684451617336,6.13096228178633,8.55004336679934,11.3690918859112,12.3679775812798,11.369091886547,6.14685663496038,4.94536405912899,16.3334580893048,14.3500454306354,14.3500454306354,10.9020859640069,6.10173476751008,3.33001707045466,10.9020859641655,36.5964062611018,4.70961245050587,19.7399452112485,6.86117367520402,6.64042518880136,6.99411139141469,4.70961245050587,6.64042518880136,4.70961245050587,3.61529606075545,6.64042518880136,4.70961245050587,4.70961245050587,4.70961245050587,5.24877430176225,6.64042518880136,4.70961245050587,4.70961245050587,4.70961245050587,4.70961245050587,6.86117367520402
11.4276215691668,9.37730187576681,7.7939361904341,13.8480315258999,10.8344100319782,10.2290796123903,13.0014680080847,11.5701346622361,9.52993943673996,11.0103534667839,9.85124406135995,13.7464956365816,12.6021390468202,13.9941182521196,5.65900307896877,5.74626502817914,8.0002610397935,10.7510120835161,12.9594843980959,10.7510120825612,5.94075631892121,5.43264776156538,14.7270211110155,15.1649255367152,15.1649255367152,10.4683711199055,5.97523412261472,3.20273625956056,10.4683711200911,41.8931285266405,4.52968958483096,20.9626156607825,6.62717004470133,6.43741393121344,7.68332854091682,4.52968958483096,6.43741393121344,4.52968958483096,4.064432654162,6.43741393121344,4.52968958483096,4.52968958483096,4.52968958483096,5.2934158612336,6.43741393121344,4.52968958483096,4.52968958483096,4.52968958483096,4.52968958483096,6.62717004470133
11.6778916105539,8.8906344682818,7.62954012561145,13.8071828980867,10.790934259151,9.94628791124363,12.7948184617768,11.2659990313899,9.42421616811176,11.8384325262443,9.70067496318065,13.6453523480338,12.3877917741583,13.8609636973357,5.11221018898221,5.42505187242957,7.80129765153047,10.6758577107056,12.6825822617472,10.6758577108933,5.40754356754421,4.86486454176771,16.0030029290034,14.9510256374028,14.9510256374028,10.3094864615375,5.87830800929664,2.97672394190095,10.3094864613276,39.2114320994108,4.21014288356749,20.7194812463662,5.9586570012252,5.87311425609895,6.88041634828785,4.21014288356749,5.87311425609895,4.21014288356749,3.65211985073532,5.87311425609895,4.21014288356749,4.21014288356749,4.21014288356749,5.70208143748002,5.87311425609895,4.21014288356749,4.21014288356749,4.21014288356749,4.21014288356749,5.9586570012252
12.1227844095057,9.17037371426516,8.0950732081106,14.3302336562529,10.8648464145419,10.8442407066155,13.8827605901001,12.3979612045572,10.0051094188052,11.7064501303791,10.2656452709743,14.9054151754787,13.5644703253202,15.1584766183704,5.77494977252944,6.08814591285528,8.57576136770463,11.3430979212281,13.9483469404675,11.3430979211469,5.89927684154691,5.60683785776132,15.6751160350379,16.3950613709754,16.3950613709754,10.8218901007593,6.24468634237677,3.37407350395543,10.8218901007032,38.1195978536553,4.77151464478387,22.689709413375,6.78943451112608,5.96157496514278,7.929222908284,4.77151464478387,5.96157496514278,4.77151464478387,3.79595986434367,5.96157496514278,4.77151464478387,4.77151464478387,4.77151464478387,5.24221642443385,5.96157496514278,4.77151464478387,4.77151464478387,4.77151464478387,4.77151464478387,6.78943451112608
11.8455416372623,9.44839875110546,8.23577363528632,14.2538885286068,11.1047628599125,10.4669770710233,13.7075642182638,12.005803883031,10.1805529128359,11.1192713848967,10.4769566149158,14.4193202219648,13.0994307001655,14.6476595413728,5.70153872140853,5.72000269186892,8.26393232666459,11.5278086136125,13.4060589577975,11.5278086137399,5.78818491961868,5.55798001676027,14.84286462757,15.7945342045615,15.7945342045615,11.2672307500822,5.48744847680679,3.148773569647,11.2672307500534,40.1067791037978,4.45354989361307,21.8874552732665,6.34612787392393,6.35616612136903,7.86059720178593,4.45354989361307,6.35616612136903,4.45354989361307,3.98726284156569,6.35616612136903,4.45354989361307,4.45354989361307,4.45354989361307,5.3444011095725,6.35616612136903,4.45354989361307,4.45354989361307,4.45354989361307,4.45354989361307,6.34612787392393
11.3484109539221,9.10879215451448,7.94046400833194,13.4738717437798,10.7281422802899,9.65538907100383,12.7188899627652,10.8784166547517,9.79205302329311,11.1591903331295,10.0988676561993,13.3466782773061,11.8537910217864,13.5813334699713,5.33088342749245,5.58158782020063,8.19444846572778,11.0886607881612,12.1535025401428,11.0886607883005,5.60032712957893,5.08973720309869,14.9166180729192,14.2633213049519,14.2633213049519,10.5460041544321,5.73379176538793,3.06306224219316,10.5460041543476,38.8414681533495,4.33221797452354,19.7049692974447,6.02035628729669,6.25136195024972,7.19848061454843,4.33221797452354,6.25136195024972,4.33221797452354,3.82978388094915,6.25136195024972,4.33221797452354,4.33221797452354,4.33221797452354,5.6763887965253,6.25136195024972,4.33221797452354,4.33221797452354,4.33221797452354,4.33221797452354,6.02035628729669
12.1352236575433,9.43201944494402,8.09413362991514,13.7815244110158,10.767140132388,10.1958749665425,13.2635665033591,11.6047023406571,9.94256853855178,12.5398422236643,10.2541470369476,14.0805037027727,12.6830792208043,14.3342569162689,5.60114917061189,6.11014903626294,8.48174241565607,11.2391355717102,13.0398635487384,11.2391355716594,5.9771988538631,5.29616193427663,16.8235438915373,15.2668076857991,15.2668076857991,10.6928745914211,5.69956390274366,3.28263098515375,10.6928745915042,42.6638047766043,4.64267101325043,21.0847923538491,6.63229458954627,6.45277223162538,7.49017840220742,4.64267101325043,6.45277223162538,4.64267101325043,4.05716156312244,6.45277223162538,4.64267101325043,4.64267101325043,4.64267101325043,4.9984415232419,6.45277223162538,4.64267101325043,4.64267101325043,4.64267101325043,4.64267101325043,6.63229458954627
11.4272123575531,9.29274484821117,8.0889925357242,13.9983410606442,11.2062862467496,9.97062629326291,13.2493980047703,11.3911499258893,10.0456391406059,10.7776530972088,10.3321248497978,13.9845624685344,12.3793794178389,14.1873413854317,5.48665309125707,5.8817562814517,8.59801084972802,11.3978643321706,12.8124196780386,11.397864332623,5.80293457244705,5.44506750919739,14.3296428366879,14.9305880631363,14.9305880631363,10.7633729241849,5.35081640007213,2.92310310116512,10.763372924343,35.5082015705292,4.13410838149135,20.704860188081,6.83019537395533,6.10564804537727,7.70066645109871,4.13410838149135,6.10564804537727,4.13410838149135,3.7306604762099,6.10564804537727,4.13410838149135,4.13410838149135,4.13410838149135,5.04875059699694,6.10564804537727,4.13410838149135,4.13410838149135,4.13410838149135,4.13410838149135,6.83019537395533
11.8853206628468,9.29910726389813,7.89763859797849,13.6685321240731,10.9090821321639,9.82363941804262,12.7647790439954,11.0295091474344,9.72360038646991,12.3761115340568,10.0350101094611,13.4104849554882,12.0445720433832,13.6273674235662,5.32933661269191,5.84350738225816,8.19878819028303,10.9835130123397,12.4483557688445,10.9835130123856,5.89863558331263,5.06879009074045,16.6951070119745,14.4733716142843,14.4733716142843,10.5766689046564,5.87688263628971,2.96092575735924,10.576668904564,42.1003129841085,4.18771453694491,20.0353723132935,6.77835596933728,6.39518703382245,7.16876278784344,4.18771453694491,6.39518703382245,4.18771453694491,4.03437751830456,6.39518703382245,4.18771453694491,4.18771453694491,4.18771453694491,5.89114045196611,6.39518703382245,4.18771453694491,4.18771453694491,4.18771453694491,4.18771453694491,6.77835596933728
12.3209224351641,9.03641075964245,8.03194721128277,14.1284359261702,10.7435691854815,10.6027264466885,13.6614858453091,12.1508857796814,9.91889737476213,12.3358455404114,10.2145266315284,14.6778542339202,13.4141567350889,14.8768916867024,5.32334087314756,5.83966339662705,8.20982824317938,11.2077651370913,13.7472089582234,11.2077651363925,5.82791456828472,5.03766365014997,16.5997174459939,16.1735204550181,16.1735204550181,10.8631285441293,5.52151648489075,2.96287031399156,10.8631285435763,39.9290928042943,4.19025841102383,22.4857955305984,6.61997971184144,6.36481248692022,7.12462940454657,4.19025841102383,6.36481248692022,4.19025841102383,4.08587029655057,6.36481248692022,4.19025841102383,4.19025841102383,4.19025841102383,5.23026920075388,6.36481248692022,4.19025841102383,4.19025841102383,4.19025841102383,4.19025841102383,6.61997971184144
12.0441778464703,9.67771090001301,8.25695752387638,14.0796765603514,10.9740292756833,10.3616145486041,13.4785503827158,11.6983538592497,10.1372258690736,11.8938146147029,10.5105667437,14.2775519942636,12.8025142749369,14.5165206076313,5.50861514132386,5.79511957813847,8.49209345133225,11.4929746803059,13.1339396699925,11.4929746787304,5.96522302770731,5.27684388258459,15.990953597455,15.4428587723317,15.4428587723317,10.9781412992775,5.98753976960691,3.20640722615889,10.9781413002266,38.6304615627103,4.53447576440781,21.3647304937676,6.36877159070937,6.75490086230408,7.46252143753373,4.53447576440781,6.75490086230408,4.53447576440781,3.8448108926513,6.75490086230408,4.53447576440781,4.53447576440781,4.53447576440781,5.11154165924567,6.75490086230408,4.53447576440781,4.53447576440781,4.53447576440781,4.53447576440781,6.36877159070937
12.3576973412095,9.15117478509945,8.16174219714462,14.1846300875603,10.7971803788497,10.6628948140544,13.7705578259789,12.1737620617026,10.0111883528823,12.2854043158698,10.4126806802794,14.9343822681919,13.4185438036431,15.1534462859718,5.33121898112148,5.94767981928122,8.65486760384273,11.3718798075452,13.791690128434,11.3718798065764,6.02269004211875,5.13033428593421,16.5493453259079,16.2368577304276,16.2368577304276,10.637435257695,5.6272990750888,3.13687424296884,10.6374352573482,42.330545543032,4.43662272419097,22.5294883453203,6.58724278913705,6.76337032002791,7.25591200611258,4.43662272419097,6.76337032002791,4.43662272419097,3.59618665094503,6.76337032002791,4.43662272419097,4.43662272419097,4.43662272419097,5.02235655642614,6.76337032002791,4.43662272419097,4.43662272419097,4.43662272419097,4.43662272419097,6.58724278913705
12.3468387854761,9.54089488624311,8.28311646881906,14.4998287774359,11.0465854571688,10.8785831896128,14.0022555349097,12.472700776898,10.1722982600632,11.7926299894457,10.495597856443,14.8914707755051,13.7751712314679,15.1524197191204,5.55772561782715,5.91969519691696,8.25072707213289,11.5132941342332,14.1200057960096,11.5132941339421,6.09569373345418,5.14796837614948,15.8653642248635,16.6293154280349,16.6293154280349,11.4442005721204,5.8410949765047,3.42157244015851,11.4442005722736,39.9136893060325,4.83933579050146,23.01484711333,6.71427700165946,6.55527665191777,7.28083654424106,4.83933579050146,6.55527665191777,4.83933579050146,4.0291559430763,6.55527665191777,4.83933579050146,4.83933579050146,4.83933579050146,5.87840169967748,6.55527665191777,4.83933579050146,4.83933579050146,4.83933579050146,4.83933579050146,6.71427700165946
12.4302957224994,9.38211985955184,8.2755865878268,14.2475390240234,10.938670978711,10.6387976863097,13.6992491797128,12.0201088820387,10.1453309378294,12.4332031563001,10.5348502187002,14.6323367029585,13.2896932600063,14.8558390907441,5.27880987379993,5.9922124322567,8.47296199717462,11.4884906463529,13.6829781762688,11.4884906464309,6.19941250018584,4.90438362732678,16.7661029446716,16.032508295529,16.032508295529,11.1333909850907,6.03996445278967,3.14055768003445,11.1333909850815,36.8734072459418,4.44179792337028,22.2320423474081,6.898725836046,6.92649684402751,6.9363212941426,4.44179792337028,6.92649684402751,4.44179792337028,3.96925478958942,6.92649684402751,4.44179792337028,4.44179792337028,4.44179792337028,5.38284609203348,6.92649684402751,4.44179792337028,4.44179792337028,4.44179792337028,4.44179792337028,6.898725836046
12.0935586848575,9.84857051433633,8.3770234229302,14.4685229259958,11.315633759032,10.5215298849046,13.881012404856,12.0321450455639,10.3747286141508,11.6165837992838,10.7048055602349,14.6960833635288,13.119569600527,14.9164003771873,5.64342717030921,5.86342083167794,8.63227173367492,11.7918767848579,13.4489019233466,11.7918767845937,5.78266824853597,5.5984067231608,15.5296208842659,15.8587813903062,15.8587813903062,11.2402188141123,5.62770113357862,3.11922728725542,11.2402188152231,42.6606182825044,4.41166523358627,21.9906801109175,6.29481934112429,6.42104806100965,7.91770694962577,4.41166523358627,6.42104806100965,4.41166523358627,3.65934146562727,6.42104806100965,4.41166523358627,4.41166523358627,4.41166523358627,4.98886993177336,6.42104806100965,4.41166523358627,4.41166523358627,4.41166523358627,4.41166523358627,6.29481934112429
11.9052940588168,9.24676106650622,8.15082045542285,14.1073649157196,10.7758621519775,10.5776444044108,13.708765324175,12.0384042671537,10.0627378333919,11.2779012458971,10.4014652308448,14.5115706095547,13.1957015929251,14.7347403700155,5.46475855618756,5.89587810576935,8.26085276861557,11.4323975295547,13.5782532501596,11.4323975291895,5.87846335440344,5.35070945139763,15.0758461359465,15.9613462451612,15.9613462451612,11.1884873162017,5.93024713524033,3.11235377818663,11.1884873156588,37.5919245259191,4.40195775310582,22.146444712784,6.60463231486898,6.37744909286813,7.56761630446828,4.40195775310582,6.37744909286813,4.40195775310582,3.59768857423639,6.37744909286813,4.40195775310582,4.40195775310582,4.40195775310582,5.1878363231284,6.37744909286813,4.40195775310582,4.40195775310582,4.40195775310582,4.40195775310582,6.60463231486898
12.030856594631,10.0082113793159,8.4611895908379,14.5872222219656,11.407097368386,10.6644227164784,13.9205371114441,12.0829569909557,10.4016558393887,11.1442099036564,10.8116969939834,14.6530218647767,13.2196519367417,14.871446925029,5.57678638052433,5.76090715947879,8.49756552013845,11.8102257775393,13.5874896668188,11.8102257776251,6.11776617087055,5.46402365009002,14.9337540744782,15.9688240566297,15.9688240566297,11.5099958974405,5.8519748112003,3.10237319321023,11.5099958974162,38.1830080949047,4.38785135457954,22.1537439889818,6.62524303567267,7.0095728854575,7.72780215124051,4.38785135457954,7.0095728854575,4.38785135457954,3.78522878742098,7.0095728854575,4.38785135457954,4.38785135457954,4.38785135457954,5.36083694871426,7.0095728854575,4.38785135457954,4.38785135457954,4.38785135457954,4.38785135457954,6.62524303567267
12.1078807257461,9.28262277164137,7.84426089579365,14.3659660635436,10.987914340643,10.7126794573464,13.6294097665293,12.2435669916726,9.65501840003734,11.858922809024,9.99685434997978,14.6599217475735,13.4127306223675,14.8675046162716,5.50462701409741,5.7651576960037,8.13219320402701,10.9562790357722,13.7962369151054,10.9562790354038,5.82837947695632,5.47300608520354,16.0054340286858,16.232720557489,16.232720557489,10.5828837544286,5.811371904857,3.01934566471138,10.5828837544286,39.8681775090483,4.27027841057334,22.5574254247832,6.63629520354233,6.29560439483244,7.74038447863051,4.27027841057334,6.29560439483244,4.27027841057334,3.57102708199584,6.29560439483244,4.27027841057334,4.27027841057334,4.27027841057334,5.69360977551725,6.29560439483244,4.27027841057334,4.27027841057334,4.27027841057334,4.27027841057334,6.63629520354233
12.3737050496541,9.52477863993759,8.1222861281251,14.2172865081974,10.7925322483195,10.7887554569162,13.8332258385474,12.3347895062166,9.97230592959777,12.2725945734236,10.3460680759389,14.8050523052828,13.5542031481481,15.0041437375578,5.51019171763233,6.05887474950661,8.26323468109125,11.2815523961411,13.9306718855033,11.2815523960565,6.08367486752836,5.35859882402791,16.4479924426525,16.3588786889105,16.3588786889105,10.9921315913515,5.52842826898502,2.97340548590302,10.9921315927698,35.8586636549712,4.20539047586136,22.7504621118814,6.85539833165398,6.80821880875024,7.57868930382037,4.20539047586136,6.80821880875024,4.20539047586136,3.99544359614861,6.80821880875024,4.20539047586136,4.20539047586136,4.20539047586136,5.32768491754259,6.80821880875024,4.20539047586136,4.20539047586136,4.20539047586136,4.20539047586136,6.85539833165398
12.488384231511,9.43547137160675,8.40245195285948,14.9058207162206,11.5843414493364,10.814284363203,14.1113617284902,12.3477919279222,10.4426259618725,12.1415148873643,10.7151854503451,15.0130546125231,13.6089579257514,15.2289112277269,5.45399217929231,5.89566055086513,8.58450493361624,11.8427143215528,13.9776922705175,11.8427143213141,5.88776999620621,5.20904246867754,16.3623588222742,16.4347134732396,16.4347134732396,11.5140183253041,6.03504561048731,3.12406045436763,11.5140183239155,43.1467455799387,4.41846924806296,22.8179092340092,6.77923416076477,6.20619386893319,7.36712966708072,4.41846924806296,6.20619386893319,4.41846924806296,3.92927955480421,6.20619386893319,4.41846924806296,4.41846924806296,4.41846924806296,5.36922265360337,6.20619386893319,4.41846924806296,4.41846924806296,4.41846924806296,4.41846924806296,6.77923416076477
11.768338387281,9.26143893620902,8.01606505007736,14.0160013546315,10.6105353339362,10.6415231713443,13.6008976134929,12.190770474547,9.80488655963751,11.022363468494,10.1486661759736,14.6190845584867,13.3749768000857,14.8646181452967,5.64634557860676,5.66409162662617,8.18504877042072,11.0801979476408,13.6306449618951,11.0801979475396,5.83731722518985,5.37603993218114,14.6979984744209,16.1317799962817,16.1317799962817,10.6270872478137,5.6097831960013,3.28631602596224,10.6270872475959,40.9052174422311,4.64792341935887,22.3344968276712,6.07805913501378,6.60878938738661,7.60329623070175,4.64792341935887,6.60878938738661,4.64792341935887,4.02854901157921,6.60878938738661,4.64792341935887,4.64792341935887,4.64792341935887,5.088947661431,6.60878938738661,4.64792341935887,4.64792341935887,4.64792341935887,4.64792341935887,6.07805913501378
11.5719409579615,9.17502989719693,8.05480219330031,13.8684182710803,10.8172983401568,10.1680101904975,13.1694306224126,11.5508656513848,9.86938319421064,11.1090399300609,10.1734555267397,14.067166370514,12.7065669657762,14.3521988945846,5.46218570777878,5.85259860739267,8.41204196299271,11.1600390697891,12.9993891030969,11.1600390700482,5.8626008031404,4.96620776819597,14.7930934550544,15.3041127108996,15.3041127108996,10.585298679495,5.93593427946574,3.47787478251125,10.5852986796331,36.7689380729389,4.91891104272813,21.0764401835964,6.20885780873315,6.35326029023016,7.0237293384132,4.91891104272813,6.35326029023016,4.91891104272813,3.99712487536538,6.35326029023016,4.91891104272813,4.91891104272813,4.91891104272813,5.22307154251836,6.35326029023016,4.91891104272813,4.91891104272813,4.91891104272813,4.91891104272813,6.20885780873315
12.0697409331844,9.17309785552624,7.77725867188823,13.988020895491,10.3517576707586,10.9115700334324,13.6489640623776,12.5624301117815,9.46453132829157,11.7271376585399,9.7745874637931,14.7920040459138,13.7628516935601,15.0647516301185,5.89386100192764,5.77882686893754,8.0010893535498,10.6674839414772,14.0197259676311,10.6674839417923,5.87120156809862,5.611343932155,15.7420749955166,16.6037331664155,16.6037331664155,10.2946320096015,5.77127477897494,3.48641463825677,10.2946320090983,40.368996162676,4.9307984663522,22.9594172445496,6.18961939795036,6.38654760176007,7.93592811955427,4.9307984663522,6.38654760176007,4.9307984663522,4.11336449559277,6.38654760176007,4.9307984663522,4.9307984663522,4.9307984663522,5.91552437350598,6.38654760176007,4.9307984663522,4.9307984663522,4.9307984663522,4.9307984663522,6.18961939795036
11.8374257991594,9.21842908782718,7.74535055384844,13.3530455039136,10.3300313162112,10.1090668036131,12.8993520250363,11.4974884674055,9.41210402170215,12.2507332395379,9.7840136582001,13.6224413456778,12.4809273071856,13.9009662602337,5.72960339970568,6.01609925552497,7.99582401103444,10.6493454269952,12.8529526524936,10.6493454267539,5.99987312383117,5.54249395597491,16.4764364484334,15.0536227458067,15.0536227458067,10.3375245421983,5.68415501080807,3.38451242932619,10.3375245420916,36.3156114513094,4.78693290797592,20.7441708399523,6.51086954811888,6.533680695765,7.83873891065635,4.78693290797592,6.533680695765,4.78693290797592,3.7580680475671,6.533680695765,4.78693290797592,4.78693290797592,4.78693290797592,5.56831038570625,6.533680695765,4.78693290797592,4.78693290797592,4.78693290797592,4.78693290797592,6.51086954811888
11.4558204567042,9.61267774974989,7.94872920409495,13.6161983354824,10.8646918230979,9.86451933637328,12.7469625111427,11.0716801717157,9.66205857616024,11.3547543235936,10.0739382586432,13.2799749247455,12.0759072827283,13.5464282675217,5.45276855693653,5.85700785016067,8.00646616498089,10.9307244408053,12.4558842517007,10.9307244405923,6.10487160239984,5.14031251473782,15.2011084717313,14.535055741635,14.535055741635,10.7338859948862,5.80464723043687,3.26865059181462,10.7338859945176,36.8986244489707,4.62287186420437,20.0289377512061,6.55248994250095,6.89218854949334,7.26985963464976,4.62287186420437,6.89218854949334,4.62287186420437,3.869741929769,6.89218854949334,4.62287186420437,4.62287186420437,4.62287186420437,5.30712210381363,6.89218854949334,4.62287186420437,4.62287186420437,4.62287186420437,4.62287186420437,6.55248994250095
11.8948557693457,9.01737024101847,7.8538018342919,13.7319435395827,10.8065201402723,9.8966727566883,12.8547916762548,11.1811232630006,9.62416723280343,12.305363246427,10.0111503986918,13.6904661337744,12.3042725826868,13.9021623734198,5.05927208086152,5.65013574371286,8.01592786939536,10.9094023174482,12.6093965778371,10.909402318991,5.70233995382636,4.79005884649825,16.5858393753205,14.8451716194759,14.8451716194759,10.4396361355073,5.53139936359568,2.95313044550909,10.4396361357305,42.5879616616056,4.17655810604569,20.5747053651359,6.02100129815733,6.6222374647609,6.77453062410508,4.17655810604569,6.6222374647609,4.17655810604569,3.66740707747207,6.6222374647609,4.17655810604569,4.17655810604569,4.17655810604569,5.20478828024718,6.6222374647609,4.17655810604569,4.17655810604569,4.17655810604569,4.17655810604569,6.02100129815733
11.7590595838944,9.79177706546035,8.25656592625183,14.0173236811158,11.3405117686227,9.71317383605535,13.0821064931149,10.9693842100724,10.26465326446,11.7027572532896,10.540863858491,13.486611152297,12.0563435365062,13.7139425784116,5.09955037151856,5.85722102747376,8.25298562443337,11.6497649085501,12.4527827799834,11.6497649083693,5.75061898142258,4.7558535055517,15.6928965475494,14.5222797601885,14.5222797601885,11.5048854783337,5.74202908366527,3.03884798480777,11.5048854780193,36.1702953089379,4.29801681381166,20.0832265676614,6.59092144253189,6.10697505887452,6.72629100625438,4.29801681381166,6.10697505887452,4.29801681381166,3.78147055728364,6.10697505887452,4.29801681381166,4.29801681381166,4.29801681381166,5.31080811871288,6.10697505887452,4.29801681381166,4.29801681381166,4.29801681381166,4.29801681381166,6.59092144253189
11.5225112016977,9.48971875858139,8.42093014462685,14.1702750057616,11.4512292846301,9.94725802396859,13.2738661776164,11.1749687838827,10.3878018886313,10.8303896420504,10.7332301807736,13.7702145783466,12.1837877380492,14.022753284972,5.47060354977332,5.9157205504051,8.60727999286966,11.7901529420438,12.5546756870726,11.7901529418349,5.96912021614329,5.20524555124304,14.3652161001872,14.676076417793,14.6760764178263,11.3548517775395,5.97275619761685,3.23913563214945,11.3548517777497,38.8612921849987,4.58121158738422,20.2427089157427,6.48945298184679,6.61741860973944,7.36177200187996,4.58121158738422,6.61741860973944,4.58121158738422,3.82077898550167,6.61741860973944,4.58121158738422,4.58121158738422,4.58121158738422,5.45872082151581,6.61741860973944,4.58121158738422,4.58121158738422,4.58121158738422,4.58121158738422,6.48945298184679
12.1505697460506,9.57308247772131,8.28041844895495,14.6159736419931,11.2134233149183,10.785055384789,13.9638459778234,12.3087002281045,10.2069358181817,11.509807777512,10.5585735471115,14.9415250290733,13.6015466854155,15.1667562505018,5.32463985169946,5.98445686034655,8.39858785534706,11.5895656294084,13.9492213979613,11.5895656282892,5.93714704431682,5.05061152220404,15.3535264058881,16.4510675128239,16.4510675128239,11.2717297011758,5.88076622458082,3.18283791554476,11.2717297012741,41.4843787105989,4.5015198007076,22.825728745262,6.51917800059365,6.55637275867042,7.1430383668608,4.5015198007076,6.55637275867042,4.5015198007076,3.71044905283766,6.55637275867042,4.5015198007076,4.5015198007076,4.5015198007076,4.92341784838323,6.55637275867042,4.5015198007076,4.5015198007076,4.5015198007076,4.5015198007076,6.51917800059365
11.9031247524488,9.27808090720616,8.1480955906842,13.939961404572,10.9392929471412,10.1721713551158,13.2785264361459,11.5495840493389,9.96956644715943,11.6866650890518,10.3515368706455,14.1605048262516,12.6707380478883,14.4263451128172,5.41848710920318,5.79551146164933,8.55056693865855,11.3168985569235,13.0219695805696,11.3168985566952,5.98926594308931,5.09649364340631,15.7386494849945,15.3018848284167,15.3018848284167,10.6792446056214,5.72962530326985,3.37455285491863,10.6792446045538,35.9358299217335,4.77274081956331,21.1049786568773,6.35869251927812,6.66346592583803,7.20787559489755,4.77274081956331,6.66346592583803,4.77274081956331,3.65329486990657,6.66346592583803,4.77274081956331,4.77274081956331,4.77274081956331,5.83203376286544,6.66346592583803,4.77274081956331,4.77274081956331,4.77274081956331,4.77274081956331,6.35869251927812
12.4330502490622,9.06522234091505,7.99636314112819,14.3656598213078,10.8553980654019,10.7565199492403,13.7145059958719,12.2753807993494,9.7835511725161,12.3916219019844,10.1870765043629,14.8604264658435,13.6253368679335,15.0825616459393,5.10978624400739,5.64522699825734,8.11946891613819,11.1082000366429,13.9529353949689,11.1082000357248,5.90307114144028,4.7858071036022,16.8156246988898,16.4969624520525,16.4969624520525,10.7702259323886,5.76082817395922,3.14722058136596,10.7702259327779,40.9613338116703,4.45118654035792,22.9034450111684,6.30795854087017,6.70347114585918,6.7686592987368,4.45118654035792,6.70347114585918,4.45118654035792,3.56386783674433,6.70347114585918,4.45118654035792,4.45118654035792,4.45118654035792,5.30269351442869,6.70347114585918,4.45118654035792,4.45118654035792,4.45118654035792,4.45118654035792,6.30795854087017
12.3417852559288,9.48409182727281,8.01008137189154,14.5486881381646,11.0375959770816,10.8853776222591,13.8543829714901,12.5135515803963,9.83669490465579,12.1793327355305,10.1291982557115,14.9231982174235,13.7754841063651,15.1870974588136,5.65100942671464,5.69248739912782,8.14755529774775,11.1366011071347,14.0491473514075,11.1366011067621,5.77018217331772,5.34234615130698,16.4726654389918,16.649054849729,16.649054849729,10.8276568170185,5.9161325301722,3.44603032350044,10.8276568166878,42.5464480602953,4.87362063844844,23.0346503746419,6.14805336337529,6.19139476239971,7.55532875943231,4.87362063844844,6.19139476239971,4.87362063844844,3.86856300338624,6.19139476239971,4.87362063844844,4.87362063844844,4.87362063844844,4.95573452953179,6.19139476239971,4.87362063844844,4.87362063844844,4.87362063844844,4.87362063844844,6.14805336337529
11.961480059142,8.97451865624596,8.10016029164822,13.6568280208653,10.8483866365834,9.89219119010042,12.9592963225489,11.1362726754575,9.91912386358972,12.316415104745,10.314736525483,13.8118290286291,12.2142785556053,14.0225393618835,5.23523896371546,5.94694857976242,8.55927241539245,11.2156870076236,12.5846904329669,11.2156870047717,6.04096689157377,4.92473314980973,16.5192970998668,14.6868490499735,14.6868490499735,10.4610273618373,5.49576271652948,2.96092256245217,10.4610273607132,36.5527244124813,4.18779172095451,20.3432383183558,6.61333731327498,6.94296565377174,6.96499549876285,4.18779172095451,6.94296565377174,4.18779172095451,4.02163728260086,6.94296565377174,4.18779172095451,4.18779172095451,4.18779172095451,5.42427542576028,6.94296565377174,4.18779172095451,4.18779172095451,4.18779172095451,4.18779172095451,6.61333731327498
11.7775795583172,9.05358884716687,7.85212589555959,14.0019320511165,10.9145623324942,10.1539294191849,13.1948657283377,11.5906567139533,9.72769490525222,11.6410704017622,10.0017266175292,14.2001689301721,12.7217466644436,14.4053536874399,5.26988108909466,5.71709994169696,8.30001670414976,11.0246549986746,13.0361544053728,11.0246549986821,5.51585808019239,5.09156667167161,15.5867533647847,15.3568921986775,15.3568921986775,10.3372341448892,5.62642767647437,2.96475414778521,10.3372341453023,38.8397660029337,4.19310608848421,21.3087908622806,6.17888802260988,5.95933192026763,7.20089270049167,4.19310608848421,5.95933192026763,4.19310608848421,3.7253912794521,5.95933192026763,4.19310608848421,4.19310608848421,4.19310608848421,5.758165715939,5.95933192026763,4.19310608848421,4.19310608848421,4.19310608848421,4.19310608848421,6.17888802260988
11.4768913692496,9.41721803438252,8.35000687827573,13.8509825626694,11.2597085616081,9.65113032918537,12.9876500815178,10.866477318798,10.2919114066616,11.0022277479503,10.6213148714334,13.3456744728273,11.8839853726856,13.606575083872,5.33760129808047,5.71779007107437,8.3299973183363,11.6603612851337,12.2135918439393,11.6603612859779,5.88812333353495,4.93141593655853,14.6796618147548,14.2813242934097,14.2813242934097,11.4098968819928,5.66607042138132,3.24201322178538,11.4098968825174,37.3242422646292,4.58529826782409,19.6689765057071,6.29467293973033,6.58494997693271,6.97454141442282,4.58529826782409,6.58494997693271,4.58529826782409,3.97491442121832,6.58494997693271,4.58529826782409,4.58529826782409,4.58529826782409,5.68515193755066,6.58494997693271,4.58529826782409,4.58529826782409,4.58529826782409,4.58529826782409,6.29467293973033
12.3071663405575,9.47653140729205,8.40718902380392,14.2046815343924,11.303418673223,10.1110689824579,13.4751672480674,11.4769756124808,10.3889970794037,12.5703265539785,10.703768674331,14.1294979914707,12.6176802304126,14.3905157562122,5.34687916409091,6.11336724917211,8.62173748281991,11.7972955850421,12.9905099003363,11.7972955861321,5.94113619713516,4.96383146075707,16.8949926486372,15.2223592363321,15.2223592363321,11.3943514963343,5.83357814001413,3.33859188991673,11.3943514970911,38.8395126665558,4.7217467751871,21.0020681858529,6.54519133669495,6.38408650332476,7.02016204590919,4.7217467751871,6.38408650332476,4.7217467751871,3.76680431286444,6.38408650332476,4.7217467751871,4.7217467751871,4.7217467751871,5.49580510504051,6.38408650332476,4.7217467751871,4.7217467751871,4.7217467751871,4.7217467751871,6.54519133669495
11.7790635364654,9.23703349400234,7.79549571453327,13.4330502211941,10.7506962504917,9.7718275862847,12.580073861616,10.9403488905142,9.48880455628875,12.496036420402,9.89936431827895,13.0618297578716,11.837014827349,13.3064771930649,5.532600528626,6.09012819664164,7.95168555592814,10.737178667568,12.2693622559203,10.7371786674942,6.07770431161271,5.40315309777588,16.7895413359096,14.2494854613727,14.2494854613727,10.5078940983788,5.79670473861451,3.09272271179517,10.5078940980681,43.0570691897497,4.37416228056442,19.6781512540344,6.74830623702147,6.79291699816819,7.64164215334898,4.37416228056442,6.79291699816819,4.37416228056442,3.78132374753263,6.79291699816819,4.37416228056442,4.37416228056442,4.37416228056442,5.53332773941957,6.79291699816819,4.37416228056442,4.37416228056442,4.37416228056442,4.37416228056442,6.74830623702147
12.1297359956022,9.14233050834708,8.02326609019444,14.500823179402,11.0607033634171,10.7672006522536,13.8133637930521,12.3422730200924,9.92231022884041,11.6284370097111,10.2035646423015,14.8499563803926,13.5399890027559,15.0661022031874,5.58447227325825,5.52640755654597,8.21189085799307,11.2397609940124,13.8109250152389,11.2397609934863,5.59433708208409,5.44830886496479,15.6669101477405,16.357808112203,16.357808112203,10.7962753423182,5.84085576865226,3.11166765616747,10.7962753433338,43.0252880035517,4.40090515349625,22.7082865114244,6.08806609056027,6.12025288758777,7.7055578894993,4.40090515349625,6.12025288758777,4.40090515349625,3.84901421802864,6.12025288758777,4.40090515349625,4.40090515349625,4.40090515349625,5.78784609886116,6.12025288758777,4.40090515349625,4.40090515349625,4.40090515349625,4.40090515349625,6.08806609056027
11.4015898112835,9.2785338417221,8.03595882792605,13.650996859854,10.9098520889223,9.76066918775984,12.9610358707183,11.1327863296967,9.96672176255223,11.0747256545283,10.1928972653658,13.3364532457612,12.1217171085077,13.5821744961958,5.52022089793157,5.90402469448441,7.96642534373311,11.2642771041979,12.4558991600565,11.2642771046737,5.6577935878631,5.24158229349721,14.6704285631697,14.5626914568603,14.5626914568603,11.2106297423577,5.50981637461748,3.14429187959564,11.2106297427767,41.7451105637235,4.44704670529451,20.1084726992114,6.42829251384378,5.91035011227687,7.41310387688443,4.44704670529451,5.91035011227687,4.44704670529451,4.08499818140023,5.91035011227687,4.44704670529451,4.44704670529451,4.44704670529451,5.73849292081641,5.91035011227687,4.44704670529451,4.44704670529451,4.44704670529451,4.44704670529451,6.42829251384378
11.9062562537547,9.2482834945325,7.88790948541672,14.1294983737561,10.8181983213611,10.5022948558271,13.4407383544209,11.9842330359586,9.7057562491833,11.5505948328633,10.0108523066783,14.3953566730981,13.2006948052767,14.6408659072586,5.36593538514829,5.7759464401327,8.10842490925662,11.0067790533656,13.5610765434607,11.0067790537066,5.80312401765227,5.08453226246896,15.5536359961027,15.9599272559193,15.9599272559193,10.7193183657704,5.96583567528034,3.26415150206399,10.7193183656509,41.6349010183443,4.61657277410882,22.0936367472908,6.50299653956291,6.11773649716551,7.19092152529585,4.61657277410882,6.11773649716551,4.61657277410882,3.65468453688739,6.11773649716551,4.61657277410882,4.61657277410882,4.61657277410882,5.60590543697925,6.11773649716551,4.61657277410882,4.61657277410882,4.61657277410882,4.61657277410882,6.50299653956291
12.0227806740106,9.25016964849686,7.99332789898757,14.2770591741081,10.9998980824257,10.6189263238421,13.4375025491168,12.0430696026424,9.71121379059961,11.858168167668,10.1084772976438,14.4395022850717,13.2176524254516,14.6980164672034,5.61429617803654,5.86838395795467,8.16421084750369,10.9727000816551,13.4856135786822,10.9727000816505,5.98664555551692,5.2921609329428,15.8606273785349,15.9390899218758,15.9390899218758,10.517367282314,5.97515912624938,3.35455188663972,10.5173672824016,38.3373996089135,4.74441815304848,22.0369922402695,6.12240405910254,6.89394795530155,7.48467340960567,4.74441815304848,6.89394795530155,4.74441815304848,4.00381871025707,6.89394795530155,4.74441815304848,4.74441815304848,4.74441815304848,5.65836057971851,6.89394795530155,4.74441815304848,4.74441815304848,4.74441815304848,4.74441815304848,6.12240405910254
12.0884562404949,9.75535256911848,8.16639410652387,14.6461347420951,11.2985026532775,10.8338234763607,13.8731936416191,12.3624614607839,10.0036630528525,11.4182693341965,10.3915269742097,14.7169143822045,13.5254106916349,14.9483624052941,5.69857946221112,5.7898171353178,8.08334571654169,11.3415624100497,13.8325450638477,11.3415624078504,5.94839640373786,5.59045532573586,15.2749476047481,16.3470984319199,16.3470984319199,11.179594526882,5.80336799654204,3.20196037062618,11.1795945273337,35.9866460613017,4.52857515365245,22.6708266531088,6.29232220078001,6.78593240931804,7.90649523015607,4.52857515365245,6.78593240931804,4.52857515365245,3.79469074892572,6.78593240931804,4.52857515365245,4.52857515365245,4.52857515365245,5.86675206360304,6.78593240931804,4.52857515365245,4.52857515365245,4.52857515365245,4.52857515365245,6.29232220078001
12.4711235434141,9.67808405483013,8.03164357763732,14.5117671653392,10.8733056789053,11.0429852600495,13.9737150037016,12.6399200088976,9.90918187739598,12.5151796634353,10.1638019260455,15.1752411220742,13.8441334356664,15.4068474481248,5.84364192524319,5.89490954592998,8.42498472476488,11.1895284301973,14.0865372949918,11.1895284296434,5.66420051686643,5.66125746603137,16.7894815723523,16.7011709124172,16.7011709124172,10.519719044074,6.17324221799478,3.25508008827221,10.5197190434896,36.1961824404197,4.60366506362294,23.1649656534244,6.12036391215989,6.13158692574718,8.0064621860059,4.60366506362294,6.13158692574718,4.60366506362294,4.14078682276994,6.13158692574718,4.60366506362294,4.60366506362294,4.60366506362294,4.95612547593747,6.13158692574718,4.60366506362294,4.60366506362294,4.60366506362294,4.60366506362294,6.12036391215989
12.3369493116177,9.01800407033817,8.02519559092707,14.0654609430549,10.7981867084843,10.536842613719,13.5485728753844,12.1018516218116,9.85662729279864,12.5933391634738,10.1322080946491,14.5168494314555,13.3225648246563,14.788373712252,5.58399067755672,6.07944984789426,8.37904727104944,11.1393210750641,13.6977491535091,11.1393210745046,6.028009993676,5.16477923986253,16.9965254805656,16.064141147196,16.064141147196,10.7759124868115,5.7350756920719,3.45184093088788,10.7759124868115,40.4491025139037,4.88194870260566,22.185942414192,6.83953160644638,6.19654917325729,7.3043791899634,4.88194870260566,6.19654917325729,4.88194870260566,4.04403109354061,6.19654917325729,4.88194870260566,4.88194870260566,4.88194870260566,5.00375664533702,6.19654917325729,4.88194870260566,4.88194870260566,4.88194870260566,4.88194870260566,6.83953160644638
11.7175497412133,9.08854762945503,7.93339277663021,13.9840101473397,10.7455438730492,10.3854427672052,13.4083566256878,11.8115838539301,9.8021520764102,11.1342210508323,10.1241439225604,14.4316978789085,12.9724827452565,14.6358431301065,5.28515681140945,5.71105634624229,8.41847477577469,11.1275289514287,13.3696223772676,11.1275289513804,5.78818519156554,5.15766620109052,14.9527422521827,15.6847354231168,15.6847354231168,10.5077672120105,5.84366406776856,2.97725652048629,10.5077672121497,42.5965438715716,4.21078961465489,21.777839871696,6.65175891875922,6.20746471875311,7.29444015852419,4.21078961465489,6.20746471875311,4.21078961465489,3.58576601899836,6.20746471875311,4.21078961465489,4.21078961465489,4.21078961465489,5.36110640743483,6.20746471875311,4.21078961465489,4.21078961465489,4.21078961465489,4.21078961465489,6.65175891875922
11.6612589574746,9.07649793373052,8.1326775638021,14.1358342087054,11.1595383994829,10.1555650049492,13.3066306591701,11.5442786495527,10.0230813732512,11.0462873619274,10.3464339450677,14.2702355071875,12.7401598809278,14.5032249334612,5.19475728617972,5.87841069707888,8.63478814472859,11.357728838786,13.1267199011391,11.3577288388566,5.94454112206614,4.80252759794146,14.7374111145683,15.3640910753444,15.3640910753444,10.6796596960161,5.68000568467266,3.1585508752577,10.6796596961949,37.1306831603846,4.46736681438548,21.2692784253179,6.69665213181909,6.41960568156172,6.79243033727175,4.46736681438548,6.41960568156172,4.46736681438548,3.85500421578636,6.41960568156172,4.46736681438548,4.46736681438548,4.46736681438548,5.50807840393192,6.41960568156172,4.46736681438548,4.46736681438548,4.46736681438548,4.46736681438548,6.69665213181909
12.0961224963454,9.33932516348273,7.999864187057,13.9912657815076,10.7459389662454,10.4361060662397,13.3974405285882,11.8622928167894,9.84509352274921,12.1585778481521,10.1349581559089,14.0995263377765,12.976635098423,14.347880684688,5.6204495416396,5.69149350119149,7.8996298298733,11.1306143160103,13.2529918222696,11.1306143163821,5.71697818875218,5.36835748913423,16.3853778835721,15.6393101695003,15.6393101695003,11.0296991112011,6.02040371983739,3.24736839860081,11.0296991110596,41.4289136551742,4.59285868143302,21.6372944979106,6.14465219079856,6.26100420035783,7.59240132530342,4.59285868143302,6.26100420035783,4.59285868143302,4.00353904072525,6.26100420035783,4.59285868143302,4.59285868143302,4.59285868143302,5.58499301152849,6.26100420035783,4.59285868143302,4.59285868143302,4.59285868143302,4.59285868143302,6.14465219079856
12.2824560461703,9.33085575377578,8.01079911938618,14.5915978493409,11.1427401618898,10.8425174074772,13.8365593979395,12.4391072794589,9.89561038906844,12.1371065478099,10.1397565650497,14.790866003027,13.6882768743667,15.0427859306484,5.62003229133141,6.10305416383933,8.11825804124187,11.1995284877089,14.0204061901913,11.1995284876087,5.78844401793248,5.33035898411865,16.2422598732481,16.5336451644613,16.5336451644613,11.0480179124386,6.08243469850466,3.35696612192237,11.0480179123815,39.7853601320098,4.74724499694561,22.8948539374629,6.55820446115942,5.91365665932876,7.53797407621237,4.74724499694561,5.91365665932876,4.74724499694561,3.92374129810669,5.91365665932876,4.74724499694561,4.74724499694561,4.74724499694561,5.48883006709454,5.91365665932876,4.74724499694561,4.74724499694561,4.74724499694561,4.74724499694561,6.55820446115942
11.840315331311,9.23173335488748,8.14845687600839,14.1452946451227,10.965027363054,10.3959634121109,13.3737667125411,11.7151638958956,9.92825526134293,11.4368658080309,10.3582179918514,14.2465923886153,12.9283643558075,14.5059169923552,5.26611846711279,5.89031129968177,8.23278614090849,11.2685962230179,13.240882740254,11.2685962231358,6.01096402162672,4.87650071095023,15.2637639154533,15.6223311749461,15.6223311749461,10.9032796577793,6.06382647930507,3.33815192909242,10.9032796577221,41.8232875002817,4.72134283106613,21.5823373990136,6.153816981828,6.94507608187934,6.8969433897224,4.72134283106613,6.94507608187934,4.72134283106613,3.65188314788606,6.94507608187934,4.72134283106613,4.72134283106613,4.72134283106613,5.26348945990133,6.94507608187934,4.72134283106613,4.72134283106613,4.72134283106613,4.72134283106613,6.153816981828
12.1260511504223,9.30634567889956,8.20456391526367,14.5090543721818,11.3075779060451,10.5037149755179,13.7053139963214,12.019329982445,10.1832444256851,11.9108303710473,10.412849375353,14.4608401160559,13.2000130007836,14.7081366361883,5.5575708863075,5.88614623775885,8.21092087589907,11.5300894531844,13.4814465121784,11.5300894527393,5.624999283831,5.25085503947184,15.9315317669793,15.9183248688315,15.9183248688315,11.3270199696424,5.94917636492498,3.28196001231322,11.3270199696377,36.8993138489824,4.64179652794562,22.0278730403373,6.20384458315203,5.90655341894167,7.42627147826228,4.64179652794562,5.90655341894167,4.64179652794562,3.99536957263513,5.90655341894167,4.64179652794562,4.64179652794562,4.64179652794562,5.28632069590746,5.90655341894167,4.64179652794562,4.64179652794562,4.64179652794562,4.64179652794562,6.20384458315203
11.309255700534,9.37256767126325,7.98275758212239,13.3531135809977,10.6153821542475,9.66880776413628,12.7623223802497,10.8625665028064,9.86404975991502,10.9976577780562,10.1665118485527,13.4205652406169,11.8378557782966,13.6495422329319,5.29899333325548,5.85402517549615,8.480759671161,11.1813295497238,12.259256292788,11.1813295491581,5.81617730806859,5.07836776656115,14.6625815662177,14.2529965891916,14.2529965891916,10.545336946628,5.87767126042076,3.04287183496561,10.5453369466485,37.350165680925,4.30377059600321,19.6910322752525,6.67762587076487,6.19435133496932,7.18241149374536,4.30377059600321,6.19435133496932,4.30377059600321,3.75867107760009,6.19435133496932,4.30377059600321,4.30377059600321,4.30377059600321,5.80855139403296,6.19435133496932,4.30377059600321,4.30377059600321,4.30377059600321,4.30377059600321,6.67762587076487
11.9872474088547,9.5376579741207,8.10779972748848,14.1583923070569,10.9931046717728,10.384815488336,13.446324891127,11.7989295365711,9.95623672686918,11.7311147701105,10.3199518862693,14.435071647045,12.9867130152155,14.653266773949,5.32531229447297,5.72524482509811,8.40674864726243,11.2744617225368,13.2971642649057,11.2744617226188,5.86835463979371,5.04531627060541,15.7421366922375,15.6655303391526,15.6655303391526,10.6761283045688,5.68106853212433,3.08182349677416,10.6761283045426,41.0129853664702,4.35855765185547,21.7203019540415,6.29647224658656,6.68358469218162,7.13550744375011,4.35855765185547,6.68358469218162,4.35855765185547,3.8940385868448,6.68358469218162,4.35855765185547,4.35855765185547,4.35855765185547,5.32889540255683,6.68358469218162,4.35855765185547,4.35855765185547,4.35855765185547,4.35855765185547,6.29647224658656
11.8637638191775,9.53938768788987,8.0269561966079,13.6666863876369,10.5068030602388,10.3316969694572,13.2519872802339,11.7458373431854,9.75684963697034,11.7060468622812,10.1528600563676,13.9707232495839,12.8403591023588,14.2420854364642,5.65586659105413,5.79075287190376,7.98811997522888,11.0296768158421,13.1353632455131,11.0296768165174,6.02976627951068,5.34992940815587,15.7071778416783,15.4731385160013,15.4731385160013,10.8450370279967,5.66273907413427,3.38288469430103,10.8450370279653,38.1102343887964,4.78461193613895,21.3514563096481,6.22984437420887,6.88257394471522,7.56640832071756,4.78461193613895,6.88257394471522,4.78461193613895,3.97771742112591,6.88257394471522,4.78461193613895,4.78461193613895,4.78461193613895,5.48284054722864,6.88257394471522,4.78461193613895,4.78461193613895,4.78461193613895,4.78461193613895,6.22984437420887
12.533605463493,9.60145730722629,8.29183721288767,14.5697947459785,11.3136683082307,10.5773253611322,13.7666772626223,12.0797582909063,10.2639782552794,12.7538985853768,10.4953987058528,14.5704792312562,13.3710235451065,14.8415921050593,5.416759364956,6.15303065007346,8.30174307200364,11.6136029700524,13.676751883263,11.6136029702192,5.8159639199364,4.8653968327066,17.1142675044154,16.1183468684701,16.1183468684701,11.4751698441308,6.14509240630778,3.4573308728472,11.4751698440522,43.4584339046327,4.88976011709406,22.2628557120707,6.44814929557553,5.99899652690733,6.88104887712112,4.88976011709406,5.99899652690733,4.88976011709406,4.0944494757701,5.99899652690733,4.88976011709406,4.88976011709406,4.88976011709406,5.66509389763507,5.99899652690733,4.88976011709406,4.88976011709406,4.88976011709406,4.88976011709406,6.44814929557553
12.3981523295764,9.70428456408573,8.15154142447019,14.6166978127051,11.1628871799251,10.9443427389013,14.017008855724,12.527680071288,9.99672072961538,12.0126656678081,10.4130544603899,14.9373331433803,13.7394370165898,15.1341786363124,5.56439461152378,5.90948419141334,8.08224283773053,11.3431509739028,14.0992104195102,11.3431509741811,6.03280577426169,5.54367763246671,16.1272880208244,16.6226351703689,16.6226351703689,11.2134181963042,5.51683916413385,2.97316415929094,11.2134181962049,39.7270726742151,4.20496259818417,23.1292978038156,6.61592069169735,6.90882081199041,7.84034714348061,4.20496259818417,6.90882081199041,4.20496259818417,3.70591389616211,6.90882081199041,4.20496259818417,4.20496259818417,4.20496259818417,5.8852194101859,6.90882081199041,4.20496259818417,4.20496259818417,4.20496259818417,4.20496259818417,6.61592069169735
12.0640386441438,9.31293792523113,7.8900073992868,13.9124299491051,10.585878047828,10.503141748535,13.3163110038847,11.9408359423424,9.64581908227396,12.2108747762058,9.95682251859247,14.2313748655122,13.1136331076775,14.4931847485838,5.58671060335502,5.88066290621474,7.99252300718315,10.8857226039829,13.3842716688628,10.8857226036794,5.82459883154688,5.21690325550199,16.3817681926372,15.7996801808459,15.7996801808459,10.5965739590529,6.04287491378865,3.35675612519619,10.5965739585838,36.6705567015144,4.74722551172144,21.833758284468,6.17912190163742,6.40774865633743,7.37776142961406,4.74722551172144,6.40774865633743,4.74722551172144,4.08235412924948,6.40774865633743,4.74722551172144,4.74722551172144,4.74722551172144,5.36340249146522,6.40774865633743,4.74722551172144,4.74722551172144,4.74722551172144,4.74722551172144,6.17912190163742
12.272064388838,9.44942491731233,8.16893399166339,14.0571068803349,10.7311091813637,10.6381106147071,13.6209232137407,12.0958666708759,9.99529623148878,12.2553358593529,10.3310053783342,14.7033273159962,13.2964084506849,14.9649579185065,5.62971268047573,6.05483207361121,8.69082129627494,11.2933560597141,13.6418507120351,11.2933560579825,6.12184359682743,5.23755175171511,16.4609986777687,16.0220418406061,16.0220418406061,10.5865628027024,6.02871228424289,3.40654306098287,10.586562802796,42.5107205493397,4.81780610702892,22.140292513523,6.70183345347019,6.65622298978708,7.40733983619555,4.81780610702892,6.65622298978708,4.81780610702892,4.12306476368346,6.65622298978708,4.81780610702892,4.81780610702892,4.81780610702892,5.48051816301839,6.65622298978708,4.81780610702892,4.81780610702892,4.81780610702892,4.81780610702892,6.70183345347019
12.4925981899351,9.36044878657149,8.46343377284379,14.5945024686991,11.1423966670444,10.9216418431801,14.1558914138974,12.4488535444962,10.3919489328605,11.9704972233478,10.7815354265303,15.2232949373557,13.7776364291527,15.4740212037582,5.38174397151768,6.15081045190491,8.84135869633509,11.8107121172747,14.2033723438236,11.8107121187667,6.28948818524726,5.02127275426626,16.0992598267411,16.6735289014952,16.6735289014952,11.3170294538901,6.01148798890071,3.38850758421923,11.3170294538617,39.8504013323816,4.79249188339513,23.0883449731671,7.0153019916912,6.81842963974796,7.10165414870759,4.79249188339513,6.81842963974796,4.79249188339513,3.6724561623703,6.81842963974796,4.79249188339513,4.79249188339513,4.79249188339513,5.55158600120388,6.81842963974796,4.79249188339513,4.79249188339513,4.79249188339513,4.79249188339513,7.0153019916912
11.5005059381911,9.68967529992553,7.9836056500929,13.9042626341175,11.0519686097039,10.0033537351753,12.8833920219579,11.2186109554509,9.70379253810037,11.318976246918,10.1128395442629,13.4626060426076,12.2807539259551,13.7572562037937,5.41858305884753,5.95247269205663,8.00304970139709,11.0085952721183,12.637229606052,11.0085952719034,6.03467772031524,5.04897249689632,15.1136132921716,14.8222504334465,14.8222504334113,10.8433719040459,6.14236510272601,3.4644819580237,10.8433719040289,39.4976139440706,4.89995144469237,20.3802441455273,6.3029421568141,6.74643593081447,7.14070641403972,4.89995144469237,6.74643593081447,4.89995144469237,3.61703366766019,6.74643593081447,4.89995144469237,4.89995144469237,4.89995144469237,5.3159321183899,6.74643593081447,4.89995144469237,4.89995144469237,4.89995144469237,4.89995144469237,6.3029421568141
11.9350626990584,9.5096214986296,8.01728201784349,13.681140330116,10.9437576877428,9.8201610409236,12.8884473243861,11.1179008129948,9.88644681073083,12.5962840146893,10.1372754528239,13.5008854971942,12.0522324038204,13.7820929875651,5.70173734792804,6.01834643761561,8.43500164360821,11.1802363419612,12.3874094899397,11.1802363418985,5.75970052287566,5.41448090562557,16.9336255742882,14.4880778594767,14.4880778594767,10.6066034354756,5.95921201837429,3.38480797672544,10.6066034354599,35.4739370193659,4.78728735871222,19.9231050677254,6.36687705643692,6.00553806441213,7.65765149451821,4.78728735871222,6.00553806441213,4.78728735871222,3.99631545570648,6.00553806441213,4.78728735871222,4.78728735871222,4.78728735871222,5.20152331636835,6.00553806441213,4.78728735871222,4.78728735871222,4.78728735871222,4.78728735871222,6.36687705643692
11.3183146622636,9.43304918952598,7.92618603183513,13.235533448563,10.374124680448,9.86904410910921,12.7908795119336,11.1479804408526,9.65375458682839,11.0032413845587,10.0420665410516,13.4760069996803,12.157909675466,13.734315119625,5.47952381399802,5.88211578973682,8.19595730649391,10.9123561264856,12.5257697494543,10.9123561260762,6.04966362969067,5.17835058825847,14.6391421929902,14.6276952458658,14.6276952458658,10.4726800213062,5.56909321221934,3.23088315216565,10.4726800213062,37.5089569587637,4.56971887943827,20.182590306507,6.53951162140818,6.79334497691106,7.3238948514846,4.56971887943827,6.79334497691106,4.56971887943827,3.94358709830324,6.79334497691106,4.56971887943827,4.56971887943827,4.56971887943827,5.14602834202845,6.79334497691106,4.56971887943827,4.56971887943827,4.56971887943827,4.56971887943827,6.53951162140818
11.7605282269503,9.11643884967876,7.80100698473273,13.845811605958,10.7947977309559,10.15808583303,13.1864298904371,11.6643618867265,9.65327078766626,11.732328222304,9.91421388753505,14.1124608854978,12.7916927230067,14.3252919129804,5.35911053371294,5.96701732263511,8.244832710537,10.9221184837909,13.1975209797491,10.9221184836462,5.76605158789836,5.16326249826052,15.7063039616872,15.4286800747429,15.4286800747429,10.4495532543262,5.36495997560411,2.99738188647566,10.4495532543679,35.4718856271379,4.23891390814679,21.4108428744332,6.81757400859203,5.94096332931029,7.30202896978881,4.23891390814679,5.94096332931029,4.23891390814679,3.85625174344603,5.94096332931029,4.23891390814679,4.23891390814679,4.23891390814679,4.86053476150922,5.94096332931029,4.23891390814679,4.23891390814679,4.23891390814679,4.23891390814679,6.81757400859203
12.2881565480105,9.51955250208444,8.18308106964555,14.4379490037144,11.3247045445693,10.5029795019175,13.498411568251,11.8866374047931,10.0370638491224,12.4329567717292,10.3423004144584,14.4137563999855,13.0239053378694,14.6970031633818,5.69119522131537,5.92894966639545,8.60735309368658,11.3538876967911,13.353155788894,11.353887696842,6.00158565566962,5.30459043598349,16.7862676112622,15.6947247056838,15.6947247056838,10.7565341764792,6.33356398363028,3.5108291379447,10.7565341764982,36.936262598099,4.96524822003841,21.6341234835326,6.50216919630209,6.41283183514058,7.50203305164657,4.96524822003841,6.41283183514058,4.96524822003841,4.02911758121441,6.41283183514058,4.96524822003841,4.96524822003841,4.96524822003841,5.86173748382789,6.41283183514058,4.96524822003841,4.96524822003841,4.96524822003841,4.96524822003841,6.50216919630209
12.2730917896395,9.6249220181802,8.37773938374083,13.8694000442546,10.9865541740854,10.048224713277,13.2559642388628,11.2429401829519,10.261119910951,12.6759393057583,10.6851153127432,13.921103752483,12.3050801147246,14.1723006894748,5.35338691458213,5.99000820651622,8.63345025030734,11.6558057474763,12.6675706060291,11.6558057482492,6.07975462576825,5.06645343424563,17.0775187491608,14.843875166906,14.8438751668331,11.0845048203732,6.0038201163847,3.24344710681526,11.0845048209866,39.9779341841092,4.58733137366489,20.4864492750558,6.38167381108333,7.00858181921863,7.16552781882808,4.58733137366489,7.00858181921863,4.58733137366489,3.68605133110886,7.00858181921863,4.58733137366489,4.58733137366489,4.58733137366489,5.75418770375056,7.00858181921863,4.58733137366489,4.58733137366489,4.58733137366489,4.58733137366489,6.38167381108333
12.3107772227972,9.55575021180321,8.4025236748627,14.6012787380202,11.4184262551699,10.5040997947123,13.8660981032105,12.0458542664599,10.438758220119,12.0443085441637,10.665588206906,14.7212593976732,13.259184082206,14.9851505869926,5.54313812497166,5.73644247825723,8.62848258875442,11.8333186410037,13.5354009878618,11.8333186409562,5.66677671062656,5.14599217681082,16.2351957037939,15.9946218332563,15.9946218332563,11.3606576814211,5.91945770963899,3.42195368369181,11.3606576812958,36.7248091695213,4.83979913454594,22.0975948581028,6.16232564800138,5.91089776230885,7.2779692568396,4.83979913454594,5.91089776230885,4.83979913454594,3.97312502332233,5.91089776230885,4.83979913454594,4.83979913454594,4.83979913454594,5.41753352102075,5.91089776230885,4.83979913454594,4.83979913454594,4.83979913454594,4.83979913454594,6.16232564800138
11.2883836118446,9.55275444867288,8.16007659329261,13.6843179965428,11.0688885002287,9.56137200601481,12.8510248035085,10.7617403718275,10.1398093697313,10.864093460096,10.3959160728533,13.2215342764959,11.7616625837744,13.4577343606553,5.23025423332589,5.86750390866836,8.24810783308699,11.4934638718165,12.1381945212121,11.4934638715425,5.68068788019056,4.91192445950285,14.3996139736352,14.1433651868611,14.1433651868611,11.2474951816298,5.83576333653159,3.07000433492558,11.2474951816189,37.1883008845285,4.3418939941142,19.524248836817,6.47721944089749,6.00031409429365,6.94678010881799,4.3418939941142,6.00031409429365,4.3418939941142,3.86731306752054,6.00031409429365,4.3418939941142,4.3418939941142,4.3418939941142,5.5794434363654,6.00031409429365,4.3418939941142,4.3418939941142,4.3418939941142,4.3418939941142,6.47721944089749
11.7752265339191,9.43838002914394,8.11965182153185,13.8986159543726,10.6788334063621,10.4926477026413,13.4877463302585,11.8675681658744,9.94586183555513,11.2761978500024,10.3290777078324,14.4186888514817,12.9607819043857,14.6493983453622,5.60264454512278,6.03765618224355,8.57060228885277,11.2690216116433,13.3543657650354,11.2690216115188,6.09920143241138,5.45054924670618,15.0060030364962,15.6410975607347,15.6410975607347,10.6398623728723,5.9773737786119,3.16548612111553,10.639862372788,37.2095851181704,4.47697319052254,21.6616864917891,6.76499512915142,6.76700709327267,7.70858491230203,4.47697319052254,6.76700709327267,4.47697319052254,3.83428568028809,6.76700709327267,4.47697319052254,4.47697319052254,4.47697319052254,5.05195504800686,6.76700709327267,4.47697319052254,4.47697319052254,4.47697319052254,4.47697319052254,6.76499512915142
12.1396658928358,9.61741753809093,8.12318982985004,14.2117208563568,11.1534394420115,10.4024125435462,13.3360806057885,11.7522023352895,9.89320553814147,12.3329531800676,10.2846537494916,14.2255399917842,12.8551315030447,14.492306725014,5.64248275709523,6.03972824685144,8.44477432453563,11.1898422655534,13.1743317964785,11.1898422654492,6.08842724806579,5.32437443036306,16.5356503508065,15.4906530586137,15.4906530586137,10.6168112224511,6.01197969819858,3.38736012295502,10.6168112232053,38.6583707077789,4.79070779327647,21.3759670820759,6.38675805923013,6.88951166871908,7.53005657325314,4.79070779327647,6.88951166871908,4.79070779327647,3.98230803801608,6.88951166871908,4.79070779327647,4.79070779327647,4.79070779327647,5.56459193310713,6.88951166871908,4.79070779327647,4.79070779327647,4.79070779327647,4.79070779327647,6.38675805923013
12.20111137868,9.43500990973706,8.26240480539954,14.4542235017204,11.1802880049229,10.7310699346042,13.7608577903801,12.1529798444847,10.0925505151178,11.8750644018572,10.4929564999114,14.6646613237595,13.2542504236086,14.9305454860783,5.80856516478044,5.85191019481888,8.53184743867633,11.452169302531,13.5681228917397,11.4521693008562,6.04626085109045,5.64495009794896,15.9697540276287,16.0163446973562,16.0163446973562,10.9040668666537,6.19266068096776,3.42741309838744,10.9040668676617,36.0751698105292,4.84733760727695,22.1274663246075,6.26290411023709,6.85213209797343,7.98357764199325,4.84733760727695,6.85213209797343,4.84733760727695,3.73944699074488,6.85213209797343,4.84733760727695,4.84733760727695,4.84733760727695,5.88642818199964,6.85213209797343,4.84733760727695,4.84733760727695,4.84733760727695,4.84733760727695,6.26290411023709
11.7368412715829,9.48343140886311,8.21427492862945,13.9068010813711,11.0383127999948,10.0302252252107,13.2827931996755,11.3627430796559,10.12390798284,11.4081689721235,10.5070221286594,13.7361256234004,12.4377504748883,13.9440284012291,5.26253803513556,6.00414292101276,8.08201406995475,11.4955835378616,12.865855099953,11.495583536854,6.01046476511283,5.11602645777174,15.2013001041574,15.0098977952601,15.0098977952601,11.4828497380784,5.44208542475991,2.93297476000502,11.4828497377784,42.4318956659737,4.14814099475379,20.8178494908153,6.78360948482548,6.7195104780557,7.2354314840553,4.14814099475379,6.7195104780557,4.14814099475379,3.67741292957638,6.7195104780557,4.14814099475379,4.14814099475379,4.14814099475379,5.18574843724846,6.7195104780557,4.14814099475379,4.14814099475379,4.14814099475379,4.14814099475379,6.78360948482548
12.2170299374484,9.74507158034889,8.17082058559605,14.3904345265364,11.2174899725564,10.4752989070776,13.5605530963727,11.9127624054551,10.0237657599398,12.1547142152046,10.3701664207787,14.3433820156375,13.0824717841784,14.6234452436045,5.5195014895212,5.81369397409522,8.23523190886309,11.386543732992,13.4004989760056,11.3865437338278,5.87810084638669,5.20598612718361,16.4174580785269,15.8200857743327,15.8200857743327,11.1342535011686,6.07287899021777,3.48147920703294,11.1342535015773,43.274074281163,4.92387187531725,21.8245395514107,6.18075948472243,6.41949791408377,7.36269423527686,4.92387187531725,6.41949791408377,4.92387187531725,3.59710628669811,6.41949791408377,4.92387187531725,4.92387187531725,4.92387187531725,5.84021961227021,6.41949791408377,4.92387187531725,4.92387187531725,4.92387187531725,4.92387187531725,6.18075948472243
11.8355643281972,9.12545247300067,7.78332843516142,13.2024089628367,10.3350842243603,9.79693667401663,12.6998352492539,11.0799221775029,9.54412863473794,12.5274110963252,9.85229812009446,13.289041862645,12.0714972956283,13.5708967740254,5.4681800307936,6.13641637087239,8.06822173161598,10.8194540428729,12.4917912629348,10.8194540431687,5.88403400002473,5.1910287015102,16.8580746193191,14.5602677758606,14.5602677758606,10.5513713336317,5.93124892415503,3.36306900768678,10.55137133406,40.187525543671,4.75654372386939,20.0338723242467,6.64429540496722,6.09042290383058,7.34166207206581,4.75654372386939,6.09042290383058,4.75654372386939,3.63004448408384,6.09042290383058,4.75654372386939,4.75654372386939,4.75654372386939,5.44584903253912,6.09042290383058,4.75654372386939,4.75654372386939,4.75654372386939,4.75654372386939,6.64429540496722
11.349634839286,9.43916514970091,8.06078972729796,13.6533189105719,10.8602859175632,9.7503187469854,12.9635109656366,10.9999285534693,10.0094738870099,10.8100803440032,10.2873217602983,13.6676014020842,12.0394574544582,13.8934155230699,5.18635356000116,5.73139295173956,8.54786698461061,11.3698660907883,12.4541655277788,11.3698660914021,5.70126077748786,4.95724181648696,14.4564849065108,14.5241103323778,14.5241103323778,10.7386411437421,5.89742714592726,3.0494160037537,10.7386411437961,39.4777981056554,4.31284233540963,20.0824651733851,6.58901516749155,5.95798945539156,7.0110827071463,4.31284233540963,5.95798945539156,4.31284233540963,3.59701094606482,5.95798945539156,4.31284233540963,4.31284233540963,4.31284233540963,5.53867193830425,5.95798945539156,4.31284233540963,4.31284233540963,4.31284233540963,4.31284233540963,6.58901516749155
12.4072453341253,9.79153136277615,8.30662567216274,14.488773903324,11.3746086142348,10.4220497813335,13.5761776553857,11.7621686307244,10.2198653008313,12.5596821035453,10.5910920811804,14.4885731646619,12.9506835443695,14.7078174217378,5.30924873925683,5.69751977452521,8.51675396972744,11.5823120724155,13.2334577065438,11.582312072367,5.85336255607004,5.01094218836486,16.9531920195124,15.6181550218129,15.6181550218129,10.9857005123487,5.96411946044454,3.08176605617305,10.9857005126764,35.6718029825508,4.35846279358068,21.658138588085,6.12694120530625,6.80085587524735,7.08697410361787,4.35846279358068,6.80085587524735,4.35846279358068,3.9168960749947,6.80085587524735,4.35846279358068,4.35846279358068,4.35846279358068,5.6451682007665,6.80085587524735,4.35846279358068,4.35846279358068,4.35846279358068,4.35846279358068,6.12694120530625
11.7921210232322,9.46023942777587,7.90236831898493,13.6019371263118,10.7502810827218,9.846563116437,12.9037194187442,11.2341814447472,9.76443097908127,12.1418631783611,9.9926642297816,13.5195008275947,12.2471319547608,13.7866388496038,5.55481168552035,5.6759516661515,8.09120773881497,11.0365963876839,12.5498618750702,11.0365963889353,5.60498365730197,5.23561389841499,16.391501666175,14.7314335199445,14.7314335199445,10.706595568828,5.68682100930875,3.2996257411409,10.7065955682815,41.7938455627295,4.66690005070752,20.3050329197159,6.20233713004092,5.83078965271627,7.40480566543867,4.66690005070752,5.83078965271627,4.66690005070752,3.99443455950579,5.83078965271627,4.66690005070752,4.66690005070752,4.66690005070752,5.05857453932495,5.83078965271627,4.66690005070752,4.66690005070752,4.66690005070752,4.66690005070752,6.20233713004092
11.7278757825065,9.36690107692831,7.88901414706889,14.1979409452895,10.8013976421547,10.6282512323719,13.4143237514351,12.029184512098,9.59596130785699,11.0054445105871,10.0299546557112,14.526027123897,13.3126866272463,14.7447879372077,5.17732693182941,5.58361318767383,8.02969939098735,10.8656119052974,13.6279114024454,10.865611905217,5.9710844162755,4.85492259934384,14.7572691988786,16.0869879197454,16.0869879197454,10.475956401063,5.91018372886295,3.09187899377298,10.4759564008236,39.1701179246987,4.37301236708014,22.3257595592537,6.29412598943576,6.94423972359994,6.86640373073386,4.37301236708014,6.94423972359994,4.37301236708014,3.76063733860179,6.94423972359994,4.37301236708014,4.37301236708014,4.37301236708014,4.99517147294247,6.94423972359994,4.37301236708014,4.37301236708014,4.37301236708014,4.37301236708014,6.29412598943576
12.3678812847431,9.28118705862487,8.2370699924358,14.6571699812124,11.2003803414833,10.852030120008,13.9241668006747,12.3959695799459,10.053643717741,11.9354975550682,10.4767415676705,15.0769371240391,13.7461718959108,15.3220360298733,5.28179649859391,5.72975596910728,8.39665858857251,11.4113998204271,14.0409615864437,11.4113998205241,6.02400620054238,4.88756017787487,16.0962371283895,16.6322993344744,16.6322993344744,10.9457858010578,5.73762743615448,3.33654067409808,10.9457858008777,36.3911229146817,4.71894242708934,23.0436479737261,6.18097724016701,6.95648985540541,6.91249755950677,4.71894242708934,6.95648985540541,4.71894242708934,3.69326949545221,6.95648985540541,4.71894242708934,4.71894242708934,4.71894242708934,5.27716827273318,6.95648985540541,4.71894242708934,4.71894242708934,4.71894242708934,4.71894242708934,6.18097724016701
12.0542269948967,9.73358434475228,8.40041051548832,14.8410131118974,11.5492608860325,10.7920684947011,14.1179327638823,12.3338379795452,10.4313660358564,11.0613396810694,10.7393140155872,14.9334592023984,13.5274645203492,15.1358507066454,5.5434376345619,5.83361993568402,8.47056829399989,11.8408564819648,13.8900702808528,11.8408564819952,5.86454035148836,5.45522755768558,14.7506616038023,16.3473325523999,16.3473325523999,11.5715411721721,5.81594174057055,3.00092771443997,11.5715411721721,42.2828750390621,4.24440390360073,22.7326041104922,6.66572734813434,6.38223545014862,7.71518472740706,4.24440390360073,6.38223545014862,4.24440390360073,3.82716342799554,6.38223545014862,4.24440390360073,4.24440390360073,4.24440390360073,5.05831921321538,6.38223545014862,4.24440390360073,4.24440390360073,4.24440390360073,4.24440390360073,6.66572734813434
12.1232086365664,9.80866726420091,8.58934607846796,14.3793973844313,11.6893537808485,10.0427418737158,13.564550476918,11.3714025563477,10.6545334568574,12.1219612525571,10.9423206982948,13.9182186071664,12.354810586456,14.2002211672952,5.6813635129967,6.18356270681148,8.82007010146401,12.1142404698405,12.8188030998441,12.114240469281,6.08915902756971,5.44565672165861,16.3068318433238,14.9017945903714,14.9017945903714,11.8203405632724,6.03955790123755,3.44292265151641,11.8203405640421,42.2447050654917,4.86930500613648,20.503828124055,6.98912491786491,6.21899243637082,7.70173323437379,4.86930500613648,6.21899243637082,4.86930500613648,3.71553486272985,6.21899243637082,4.86930500613648,4.86930500613648,4.86930500613648,4.97760020277289,6.21899243637082,4.86930500613648,4.86930500613648,4.86930500613648,4.86930500613648,6.98912491786491
11.8111827344696,9.04222344775432,7.70019444550189,13.5731719100919,10.5725054185822,9.95359369801185,12.7827097767102,11.2861980593522,9.4211956408509,12.1781943569337,9.7716522832143,13.6374850150283,12.4219665840122,13.8647316651242,5.15512349126511,5.62826443259942,7.86312575442886,10.6546163412101,12.7420273795033,10.6546163411249,5.73459723769084,4.82650474877796,16.4471499279171,14.9743409791892,14.9743409791892,10.3041968663431,5.57721876949168,3.05386959649474,10.3041968662963,40.9959212860723,4.3191919201578,20.7327704358775,6.21467739679351,6.43271094299644,6.82621918824182,4.3191919201578,6.43271094299644,4.3191919201578,3.80429378914666,6.43271094299644,4.3191919201578,4.3191919201578,4.3191919201578,5.27621058844697,6.43271094299644,4.3191919201578,4.3191919201578,4.3191919201578,4.3191919201578,6.21467739679351
11.5959888171624,9.65177733810315,8.15860052450247,13.8295322557492,11.0318133654037,9.93227565250222,13.1907144907327,11.2486450197293,10.133122874452,11.2851259426879,10.3989260213811,13.7924857122227,12.199474909028,14.0313922857948,5.56873165492246,6.04120966780067,8.63434310842932,11.5067163993923,12.6375641401945,11.5067163996494,5.81258282826578,5.46113067774705,15.0407187339892,14.7142044178598,14.7142044178598,10.9447059609729,5.92888908432849,3.1531256621365,10.9447059613545,35.7750142656803,4.45905348907037,20.3257292135336,6.79220981545221,5.94481778087729,7.72314332465737,4.45905348907037,5.94481778087729,4.45905348907037,3.67434007739518,5.94481778087729,4.45905348907037,4.45905348907037,4.45905348907037,5.74853567504202,5.94481778087729,4.45905348907037,4.45905348907037,4.45905348907037,4.45905348907037,6.79220981545221
11.6194894466096,9.35935273342766,8.16828371055536,13.7552222305041,10.8112595224712,10.1555518158148,13.3124569421855,11.5785533350923,10.0539826669996,11.1037351317924,10.3500832548655,13.7809811053238,12.6236366931262,14.0527318615397,5.677855529367,6.12648509580968,8.18244156365283,11.3776101140509,13.0398724680252,11.377610114795,6.07547379192083,5.39201992954085,14.7509631928976,15.2004484152244,15.2004484152244,11.3595368765664,5.69987845078569,3.36017539757839,11.3595368764556,42.5041486249588,4.75218197137145,20.9666252681842,6.92834065007468,6.33632910434118,7.62579767069547,4.75218197137145,6.33632910434118,4.75218197137145,3.99714328788973,6.33632910434118,4.75218197137145,4.75218197137145,4.75218197137145,5.55868167125891,6.33632910434118,4.75218197137145,4.75218197137145,4.75218197137145,4.75218197137145,6.92834065007468
11.4295349373444,9.77753391580998,8.13830636604147,13.6517721665551,10.9826702178771,9.78853642801831,12.8347268066993,10.9620464267392,9.927356609828,11.2303691620343,10.3225811841465,13.2157901198814,11.9096038792718,13.5110610669326,5.55462998619438,5.80674148395766,8.19432950057703,11.260293664325,12.2965389297362,11.2602936647478,6.09237969159129,5.25101663040414,15.0833543543439,14.3477082920554,14.3477082920554,11.0553569405975,5.99868769761376,3.43401507098885,11.0553569400236,38.5790773264145,4.85665602586872,19.7012120106406,6.47435742374862,6.77102640168292,7.42637303755852,4.85665602586872,6.77102640168292,4.85665602586872,3.71781173208688,6.77102640168292,4.85665602586872,4.85665602586872,4.85665602586872,4.81424482213977,6.77102640168292,4.85665602586872,4.85665602586872,4.85665602586872,4.85665602586872,6.47435742374862
11.7987879102393,9.11911411777963,8.00667822062615,13.9397296315869,10.8516060526044,10.3255404453937,13.2825938362914,11.7047657143474,9.82296270626694,11.6270053644058,10.138018065942,14.043669942852,12.7725610695758,14.3199553139783,5.66403421997131,6.05944711552978,8.32938146767233,11.1320249796272,13.1652179911635,11.132024979533,5.98717058618461,5.41308647676579,15.5659570771822,15.4151789313185,15.4151789313185,10.7659822113117,6.15576860476216,3.42355782578216,10.7659822111982,41.8354697138251,4.84181867582155,21.2553275770557,6.6887985145408,6.27335843880432,7.65549812291421,4.84181867582155,6.27335843880432,4.84181867582155,3.76734751222001,6.27335843880432,4.84181867582155,4.84181867582155,4.84181867582155,5.51898459343474,6.27335843880432,4.84181867582155,4.84181867582155,4.84181867582155,4.84181867582155,6.6887985145408
12.2941514521695,9.52937130154824,8.51259445434098,14.3298366652071,11.6081559739429,10.0820498282593,13.4977454834919,11.4315296631255,10.5265730395673,12.5932592211981,10.8171856719305,13.9998153674458,12.4378039580503,14.277243001569,5.71183607260607,6.18493819634824,8.84104941237244,11.9366626280469,12.8602229893109,11.9366626264938,6.10701945882205,5.41450093792287,16.9576988743669,14.9722322282728,14.9722322282728,11.4943361025491,5.91766912015964,3.42344082168779,11.4943361031767,37.4645125770868,4.84192065413073,20.6144772940015,6.91690396360524,6.37184328844184,7.65776089049529,4.84192065413073,6.37184328844184,4.84192065413073,3.97346775341149,6.37184328844184,4.84192065413073,4.84192065413073,4.84192065413073,5.2665672359817,6.37184328844184,4.84192065413073,4.84192065413073,4.84192065413073,4.84192065413073,6.91690396360524
11.8550628543882,9.5539981980372,8.31530379169414,14.0364771384107,10.8921805316521,10.3740584263636,13.6690934209977,11.854142558156,10.2541977977419,11.0800599903954,10.5902169748322,14.4456235566155,12.9968406510039,14.7023304678422,5.49906732635008,5.87473970226862,8.57605639786389,11.654759755019,13.3822576237597,11.6547597557725,5.97247955417368,5.25802627551227,14.838128817289,15.7111432517885,15.7111432517885,11.2416500580076,5.69366398571846,3.34055554652207,11.2416500591185,37.9720873771149,4.72480459083576,21.7124835531072,6.60105566058661,6.41202628156422,7.43657907053593,4.72480459083576,6.41202628156422,4.72480459083576,3.61826144767243,6.41202628156422,4.72480459083576,4.72480459083576,4.72480459083576,5.6568762093997,6.41202628156422,4.72480459083576,4.72480459083576,4.72480459083576,4.72480459083576,6.60105566058661
11.5060672521441,9.81528695051937,8.36499074296417,13.5483289447242,10.9497292332335,9.69313153821629,13.0474624798865,10.9082816712287,10.3357070868515,11.218966440727,10.6600433712203,13.2319047840735,11.7795537559654,13.4636177298351,5.62752390882502,5.83821179949014,8.28068221118193,11.697997245873,12.1427416312647,11.6979972459798,5.92666228352644,5.46404388028642,14.9297260009224,14.1331559074809,14.1331559074809,11.5364294462916,5.58101798003584,3.04177601004557,11.5364294463536,42.3771241360181,4.30199028437025,19.5172911408863,6.5461612279023,6.63453038045952,7.7277959899323,4.30199028437025,6.63453038045952,4.30199028437025,4.09643947900482,6.63453038045952,4.30199028437025,4.30199028437025,4.30199028437025,5.08766093199953,6.63453038045952,4.30199028437025,4.30199028437025,4.30199028437025,4.30199028437025,6.5461612279023
12.1574598292535,9.25209830369774,8.07231975772873,14.1707975231764,11.095528692843,10.4402481045659,13.4291539262691,11.8478331716474,9.88430559244526,12.2438183794288,10.2625403629123,14.1968044877165,12.9191781216668,14.4209936216375,5.64635071497079,5.89247257336318,8.24512934830879,11.1818618782361,13.3031678825303,11.1818618779604,6.08982994415249,5.51236776841324,16.5057243175367,15.5732411303806,15.5732411303806,10.8679166563308,5.72311454588977,3.09618610079235,10.8679166563308,39.089820466774,4.37879865455079,21.5840788613138,6.77487736779142,6.7959786499064,7.795922439189,4.37879865455079,6.7959786499064,4.37879865455079,3.9612871086143,6.7959786499064,4.37879865455079,4.37879865455079,4.37879865455079,5.51022635898106,6.7959786499064,4.37879865455079,4.37879865455079,4.37879865455079,4.37879865455079,6.77487736779142
11.9053912297421,9.12728991048417,7.89079144826662,13.9048904357599,10.3906339345541,10.7629143307906,13.6224623019222,12.303215461335,9.61305841935301,11.2685577488291,10.0248414907445,14.757133428634,13.5222271928151,14.9873095304475,5.50140302734824,5.82363677597114,8.27180856381526,10.8965662063735,13.9197570428222,10.8965662060691,6.12020315662566,5.33469290409981,15.154794400688,16.358039695095,16.358039695095,10.428693480181,5.66594199858628,3.19629376289042,10.4286934808811,41.4488172671539,4.52063842545289,22.6884842138767,6.79291345512159,6.76682485569628,7.54483865129567,4.52063842545289,6.76682485569628,4.52063842545289,3.66530597944247,6.76682485569628,4.52063842545289,4.52063842545289,4.52063842545289,5.28413646698728,6.76682485569628,4.52063842545289,4.52063842545289,4.52063842545289,4.52063842545289,6.79291345512159
12.0121481630637,9.74554046798495,8.18322436604311,13.9899622025611,10.8252097594006,10.328151748649,13.5991779538444,11.850497878499,10.1364912859998,11.692276620436,10.4202886058859,14.2324821125132,12.9867401956295,14.475078258332,5.48393196028357,5.97601538684533,8.13973769172661,11.5096348396013,13.342490248031,11.5096348391967,5.75785002900596,5.28119730520884,15.6316011924489,15.6908623073541,15.6908623073541,11.4278507840737,5.57857374675944,3.22926096047288,11.4278507832217,40.5259517875778,4.56724614200904,21.7137251731967,6.45609653769929,6.07594216487148,7.46906963683691,4.56724614200904,6.07594216487148,4.56724614200904,3.68409871324321,6.07594216487148,4.56724614200904,4.56724614200904,4.56724614200904,5.90193104610446,6.07594216487148,4.56724614200904,4.56724614200904,4.56724614200904,4.56724614200904,6.45609653769929
11.7734450272942,9.18867863184085,8.15603772075662,13.5314541119606,10.885259596016,9.63152687128832,12.8489987655727,10.8417081923536,10.0482174076018,12.0232586642548,10.373112479579,13.3597309286768,11.8839769966731,13.631913462912,5.22003048251594,5.98395120977268,8.49252273703111,11.4099493828087,12.3520542049991,11.4099493829926,6.03128436682225,4.82123101498523,16.2296136705388,14.3249282594231,14.3249282594231,11.0333479485765,5.85380049286037,3.31242373699768,11.0333479485999,38.5300047334464,4.68489767239456,19.7090027684569,6.87976509827576,6.31260966734019,6.81868289534933,4.68489767239456,6.31260966734019,4.68489767239456,3.64727845797821,6.31260966734019,4.68489767239456,4.68489767239456,4.68489767239456,5.21830658817085,6.31260966734019,4.68489767239456,4.68489767239456,4.68489767239456,4.68489767239456,6.87976509827576
11.6140937993686,9.6184094474841,8.21719038712898,13.8161711113753,10.9405826770832,9.99699503836962,13.1195309574729,11.1875347097338,10.0878988773853,11.1452346786275,10.4833694232677,13.6776798356645,12.2801173723814,13.9084802167417,5.20553232910508,5.8914303497702,8.27605381789374,11.4453794355187,12.6869237437972,11.4453794346976,6.05928296458339,4.90981082260127,14.8695511676868,14.8043525673232,14.8043525673232,11.2034689213494,5.97436098574625,3.08177477697131,11.2034689220256,39.948156846737,4.35876862114592,20.4796385276993,6.67302563788021,6.82766771373942,6.94412828134496,4.35876862114592,6.82766771373942,4.35876862114592,3.75131012252852,6.82766771373942,4.35876862114592,4.35876862114592,4.35876862114592,5.80042764131073,6.82766771373942,4.35876862114592,4.35876862114592,4.35876862114592,4.35876862114592,6.67302563788021
12.0733701054106,9.51121708590525,8.2527904642278,14.5345187352645,11.0898811711166,10.860177009765,14.0359260493778,12.4704105378498,10.1790580633368,11.1796187584358,10.4831925538765,15.086256589258,13.7657442296754,15.3382159335697,5.50003637025584,6.02823452789691,8.60854248281754,11.5493837483274,14.1665150163031,11.5493837478837,6.06052665008897,5.17507929180776,14.956676058701,16.6468268182564,16.6468268182564,11.1490372962624,5.87767528294981,3.38332485100884,11.1490372961396,37.5031937431925,4.78505591338735,23.0508242143631,6.91832083236162,6.2792600184813,7.31904535080979,4.78505591338735,6.2792600184813,4.78505591338735,3.77954609965434,6.2792600184813,4.78505591338735,4.78505591338735,4.78505591338735,5.01124048011916,6.2792600184813,4.78505591338735,4.78505591338735,4.78505591338735,4.78505591338735,6.91832083236162
11.6761584620562,9.0304025225617,8.02871085633634,13.8695499779287,10.7281282858961,10.3146530963119,13.3509386315636,11.7641803995007,9.86131704370067,11.1200052259877,10.1853735201693,14.3593603194802,12.87520845385,14.6041277254638,5.55309313518144,5.86345714320378,8.55940389191164,11.1633123662745,13.2069409251088,11.1633123656708,5.86826001628073,5.30302835961054,14.8078656604475,15.5274795741677,15.5274795741677,10.3987380062463,5.69157854354361,3.25082550446884,10.398738005553,37.5449830322915,4.59762030954148,21.4746570381517,6.40797923920501,6.41168190375667,7.49996222920914,4.59762030954148,6.41168190375667,4.59762030954148,3.88875396228999,6.41168190375667,4.59762030954148,4.59762030954148,4.59762030954148,5.79619920869385,6.41168190375667,4.59762030954148,4.59762030954148,4.59762030954148,4.59762030954148,6.40797923920501
12.1209841690893,9.70219775561812,7.940296602754,13.802524390597,10.697673499888,10.2374343839576,13.3483177042541,11.7507264137483,9.82601713280917,12.3609317741713,10.0945745916869,14.0408338463967,12.7812862091182,14.27668178942,5.65592591557124,5.67912778848547,8.0788694780907,11.1385102774852,13.1265770230685,11.1385102772377,5.65650148476542,5.5762928902079,16.7486105298403,15.4297224319424,15.4297224319424,10.8847360867757,5.51727567874025,3.14269439306301,10.8847360872155,38.2325302935885,4.44492377662212,21.3724222396772,6.38865082533494,5.95123434404229,7.88649678853948,4.44492377662212,5.95123434404229,4.44492377662212,3.74313748287852,5.95123434404229,4.44492377662212,4.44492377662212,4.44492377662212,5.5079971966105,5.95123434404229,4.44492377662212,4.44492377662212,4.44492377662212,4.44492377662212,6.38865082533494
11.8741464830439,9.56102800335147,8.11196746342602,13.8707698744694,10.6998091769442,10.3184048625266,13.3686748960463,11.6493873766205,9.93759251681396,11.4500307933223,10.3642318266486,14.0695282745336,12.7980027405749,14.2787766672691,5.24236770142392,5.69048719182077,8.00329902559021,11.280277848233,13.1529802378199,11.2802778483852,5.95947295424511,5.07285473324152,15.3720462533144,15.4613355124772,15.4613355124772,11.1394624235852,5.73342518982475,2.97360821742835,11.1394624235852,40.8522414334536,4.20550175385249,21.4578025432859,6.39666654266792,6.92403123059993,7.17450751137205,4.20550175385249,6.92403123059993,4.20550175385249,3.64504058951235,6.92403123059993,4.20550175385249,4.20550175385249,4.20550175385249,5.83415066661934,6.92403123059993,4.20550175385249,4.20550175385249,4.20550175385249,4.20550175385249,6.39666654266792
12.0477504183308,9.24804135317548,8.26239752831324,14.0500814845967,11.3248218869441,9.84058775945156,13.2129191650632,11.1886542311567,10.2850447642582,12.3412943616747,10.5175139240304,13.7396465937796,12.2005172697183,13.9797362754259,5.46498081348785,5.79376047947716,8.49974567777974,11.6557051096508,12.5513033073913,11.6557051095521,5.66770049160075,5.20437474613733,16.6499082973216,14.679767547654,14.679767547654,11.2313381212549,5.71097780344029,3.150615624275,11.2313381216718,36.0319215124848,4.45587210352135,20.2774256576236,6.45019484807569,5.90837938038236,7.36054470319145,4.45587210352135,5.90837938038236,4.45587210352135,3.94527613617463,5.90837938038236,4.45587210352135,4.45587210352135,4.45587210352135,5.28312246382151,5.90837938038236,4.45587210352135,4.45587210352135,4.45587210352135,4.45587210352135,6.45019484807569
11.4534105047723,9.24210010333188,7.66447275468318,13.2912011302268,10.6054866845847,9.52529184138874,12.4828624174302,10.7945998608882,9.47077008119888,11.8821698438227,9.74034127670257,12.9969041806646,11.7037243938357,13.2224443564765,5.38120243532403,5.54501543139378,7.80784328910367,10.7193283379853,12.0347385973192,10.7193283379731,5.47955211371145,5.25048696155041,16.0270604227014,14.0864715596145,14.0864715596145,10.4190919081639,5.53018605360805,2.97115116841108,10.4190919082614,43.3396281239121,4.20216788594502,19.4745346456636,6.13454978595727,5.89794628946801,7.42579866539307,4.20216788594502,5.89794628946801,4.20216788594502,3.75113060560655,5.89794628946801,4.20216788594502,4.20216788594502,4.20216788594502,5.03119667392469,5.89794628946801,4.20216788594502,4.20216788594502,4.20216788594502,4.20216788594502,6.13454978595727
11.8393186115712,9.36012194923388,8.15690374832702,13.9342388118531,11.2691868983724,9.72875202184731,12.9754712338067,11.0163510342346,10.0554212493537,12.0850953052605,10.3816439279288,13.5343782841746,12.0195976918046,13.7944262564149,5.37555910321813,5.69043826448881,8.37022629617468,11.4167005928548,12.3570526393763,11.4167005933809,5.75677018475595,5.10050735119919,16.3244215079207,14.4916568909204,14.4916568909204,10.9581686346326,5.63856198614832,3.25765232007187,10.9581686342572,42.206891296162,4.60754426442202,19.9691186329634,6.17209418379289,6.33218264725584,7.21378427697999,4.60754426442202,6.33218264725584,4.60754426442202,3.66343240546973,6.33218264725584,4.60754426442202,4.60754426442202,4.60754426442202,5.04600532861118,6.33218264725584,4.60754426442202,4.60754426442202,4.60754426442202,4.60754426442202,6.17209418379289
11.2818889501232,9.56131557822299,7.87426155745001,13.4733963535474,10.5933596930557,9.82409796806206,12.9070106516543,11.1630473984519,9.75466965041065,10.8717255487591,10.0254572787375,13.3935611782313,12.1317086627221,13.6149555021763,5.44441267478155,5.64651494322487,7.85921444274304,11.0529881348633,12.4655082265075,11.0529881356266,5.54279343939782,5.33461934946771,14.4855964393687,14.619221791656,14.619221791656,10.9048437064336,5.61172681336855,2.99088031567881,10.9048437065788,40.2261457286541,4.23013434774552,20.236763944052,6.2238087755517,5.96134914822424,7.54473775074648,4.23013434774552,5.96134914822424,4.23013434774552,3.75593120280729,5.96134914822424,4.23013434774552,4.23013434774552,4.23013434774552,5.24338603406521,5.96134914822424,4.23013434774552,4.23013434774552,4.23013434774552,4.23013434774552,6.2238087755517
11.9249855332014,9.44841281508223,8.08416950325195,13.7230835646263,10.7859460737205,10.1355627135807,13.1354680111685,11.4751148484559,9.84079024530216,12.0299442069671,10.2445646202363,13.8908875376556,12.4803082027102,14.1770897135067,5.68998631734926,5.89188236852582,8.45804744293964,11.1608688953143,12.8431334699114,11.1608688951063,6.09256973356744,5.45165562964702,16.2222785831051,15.06017733809,15.06017733809,10.590721835413,5.81302332768586,3.46476486074812,10.5907218352288,40.2773574721719,4.9003457452687,20.7262150415219,6.42124412281668,6.79055688926551,7.71023510730237,4.9003457452687,6.79055688926551,4.9003457452687,3.69672232011568,6.79055688926551,4.9003457452687,4.9003457452687,4.9003457452687,5.72107572176909,6.79055688926551,4.9003457452687,4.9003457452687,4.9003457452687,4.9003457452687,6.42124412281668
12.1782704540124,9.0575822867747,7.77617637139145,14.0725111931553,10.5508430513869,10.831474360081,13.4902266378939,12.2937469753554,9.4242937041681,12.2246728144797,9.83233564201827,14.5524459171983,13.4637528649524,14.8178231742611,5.69585060620018,5.92715328626394,8.0213281601735,10.6768305340733,13.8094270156925,10.6768305339024,6.04395808663739,5.5105463875644,16.4921121822265,16.2877146894647,16.2877146894647,10.3398135432499,6.24367723125931,3.41345953360678,10.3398135430187,42.4810648978971,4.82772433156572,22.5221580263733,6.44656212681587,6.68745600555738,7.79346727855518,4.82772433156572,6.68745600555738,4.82772433156572,3.64444206223685,6.68745600555738,4.82772433156572,4.82772433156572,4.82772433156572,5.65249564129548,6.68745600555738,4.82772433156572,4.82772433156572,4.82772433156572,4.82772433156572,6.44656212681587
11.2991610890999,9.11995104746019,7.89177186239025,13.5875438163374,10.82609102562,9.80519440721877,12.7836375537938,11.0776128290674,9.6992744302296,10.9617036208403,10.0233550442868,13.3780379403058,12.1036985476894,13.6020312368876,5.33621854840276,5.86633703765714,8.05930632936522,10.9591524761257,12.5004677617725,10.9591524760744,5.91391066902088,5.06695497191313,14.5732270832507,14.5522684027972,14.5522684027972,10.6959447406211,5.59045384579753,3.00733514044749,10.6959447404228,37.3888641792662,4.25305692575794,20.136374618149,6.72805713772967,6.447218223371,7.16570200259586,4.25305692575794,6.447218223371,4.25305692575794,3.99864455015752,6.447218223371,4.25305692575794,4.25305692575794,4.25305692575794,5.35095973294213,6.447218223371,4.25305692575794,4.25305692575794,4.25305692575794,4.25305692575794,6.72805713772967
11.9382942131528,9.30780289623658,8.41002402495967,14.3566573105181,11.0360739955319,10.6752436907963,13.9529737007342,12.1646988536031,10.4201119603027,10.9567301678355,10.693578444947,14.8153376366313,13.353640225233,15.0675820134671,5.61675436235544,6.08579075284759,8.73122139823556,11.8205668255985,13.7202095826652,11.8205668260566,5.93554243532278,5.33644897677188,14.5158496144659,16.1222925393137,16.1222925393137,11.3562634616904,6.17070739328731,3.35797179914677,11.3562634615215,42.9700625180871,4.74913350948762,22.3005525777819,6.70078274371458,6.1835680774475,7.54703157118947,4.74913350948762,6.1835680774475,4.74913350948762,3.88982140121106,6.1835680774475,4.74913350948762,4.74913350948762,4.74913350948762,5.8273941161983,6.1835680774475,4.74913350948762,4.74913350948762,4.74913350948762,4.74913350948762,6.70078274371458
11.5644758627754,9.27519166729214,8.20297242560879,13.9373911884404,10.8581949688214,10.297304737086,13.4877021839578,11.7004155478198,10.126883045185,10.7358836735041,10.438542961048,14.2151379630023,12.718181438365,14.4730151767236,5.70179683445301,5.77879184908725,8.56597006447562,11.5058597101075,13.0897009675432,11.5058597100588,5.84926322964409,5.58336071479518,14.3483327767454,15.3660964742376,15.3660964742376,10.9763900945587,6.00133430400811,3.32567688381382,10.9763900947299,39.7914340498927,4.70345831293612,21.2159347981656,6.46648926600717,6.2212348287515,7.89634211187487,4.70345831293612,6.2212348287515,4.70345831293612,3.61313994204093,6.2212348287515,4.70345831293612,4.70345831293612,4.70345831293612,5.16026029897875,6.2212348287515,4.70345831293612,4.70345831293612,4.70345831293612,4.70345831293612,6.46648926600717
12.1308237734127,9.16397369297185,8.09543654481387,14.0499016987677,10.801544189047,10.4509664539219,13.5383020073002,11.9135224401478,9.92471395445035,11.9696275409893,10.3342284579186,14.5204364613357,13.179889364641,14.7245013857814,5.10359761958567,6.02278783269486,8.29782398859276,11.2573659429958,13.5785445297494,11.2573659422091,6.07044542412329,4.82503987985402,16.0312881913009,15.9271384843772,15.9271384843772,10.8897412475576,5.4010317587214,2.97985702437599,10.88974124832,37.4997337683851,4.21455585511188,22.1291758324654,6.76642869172332,6.855894701625,6.82409789433774,4.21455585511188,6.855894701625,4.21455585511188,3.71599541786787,6.855894701625,4.21455585511188,4.21455585511188,4.21455585511188,5.1904397067355,6.855894701625,4.21455585511188,4.21455585511188,4.21455585511188,4.21455585511188,6.76642869172332
12.412221502695,9.3937498768435,8.18201099875144,14.4029817648704,10.9654528453502,10.8375345530226,13.944456804776,12.4234079809176,10.0490327247974,12.1764935767725,10.4060994356162,15.0947287336342,13.6898000025614,15.3352683766058,5.49621912900579,6.09682118511564,8.69619088277128,11.4074419805501,14.1039447706735,11.4074419820863,6.1312125259848,5.25129943429828,16.4017115916323,16.563583847312,16.563583847312,10.8057502357783,5.767575171003,3.31146454914713,10.8057502355249,42.4276392504354,4.68314662764488,22.9502620912969,6.93404119909133,6.53929517863554,7.42655337802001,4.68314662764488,6.53929517863554,4.68314662764488,3.67950116349614,6.53929517863554,4.68314662764488,4.68314662764488,4.68314662764488,5.40391489612266,6.53929517863554,4.68314662764488,4.68314662764488,4.68314662764488,4.68314662764488,6.93404119909133
12.0537433357907,9.27727107505135,8.29865100247819,14.2661433051333,10.9183890401984,10.577414292098,13.8060156793898,12.1064171284075,10.2888469062588,11.3892274221354,10.5087118947355,14.6032922524219,13.3928441156254,14.8753449848796,5.43176312703397,5.90011949510806,8.33259518058066,11.6490735979081,13.7114809715971,11.6490735976011,5.79881037317661,4.90742302218075,15.2369011036386,16.1524537589972,16.1524537589972,11.5118347566463,6.09884926483351,3.46446395440182,11.5118347566623,43.2661971394684,4.89963023217077,22.3110188151197,6.49908200514158,5.88505762610913,6.94028983645345,4.89963023217077,5.88505762610913,4.89963023217077,4.04197107593955,5.88505762610913,4.89963023217077,4.89963023217077,4.89963023217077,5.72418885213868,5.88505762610913,4.89963023217077,4.89963023217077,4.89963023217077,4.89963023217077,6.49908200514158
11.727370361199,9.45220404157529,8.23512696475515,13.5484797701949,10.8299101016689,9.60416854132306,12.9930443597949,10.8458046556891,10.2571421569559,11.6756954156579,10.511543089445,13.4543239104665,11.857974421703,13.6794705155419,5.21105532873488,5.53214731996598,8.38662060561393,11.6381434571919,12.193410069173,11.6381434563368,5.55573557549609,4.93443001538521,15.7472356952904,14.2717045580977,14.2717045580977,11.2315123572838,5.72503144502608,3.02202559407192,11.2315123572018,40.7576609653233,4.27408139280529,19.7244651763417,6.22051812115042,5.96954934717074,6.978740256404,4.27408139280529,5.96954934717074,4.27408139280529,3.807089243643,5.96954934717074,4.27408139280529,4.27408139280529,4.27408139280529,5.81948057418751,5.96954934717074,4.27408139280529,4.27408139280529,4.27408139280529,4.27408139280529,6.22051812115042
11.8963016348858,9.37559515853001,8.05982653491387,14.2376086037058,10.9303031381456,10.5631977046902,13.7018125016165,12.1358442084589,9.98511498142846,11.2011768981604,10.2421093986528,14.7264359852342,13.3713184213035,14.9642668066091,5.41285588163525,6.0671806519983,8.52154264588019,11.3244193692673,13.7791475824436,11.3244193695765,5.86620601021306,5.13549509868757,14.928499031234,16.1602338676347,16.1602338676347,10.845104550836,5.76947600589753,3.24476453400434,10.845104550816,35.596749617225,4.58914185431063,22.3883556304173,6.87739365379113,5.90581187254386,7.26320140711898,4.58914185431063,5.90581187254386,4.58914185431063,3.75259672121047,5.90581187254386,4.58914185431063,4.58914185431063,4.58914185431063,5.88543925078148,5.90581187254386,4.58914185431063,4.58914185431063,4.58914185431063,4.58914185431063,6.87739365379113
12.1350925127223,9.52547905658612,8.38554266621712,14.5904460601319,11.4421863794522,10.4725127643435,13.7174384196214,11.9121995402246,10.3666402964192,11.7440378130731,10.6344078810041,14.521018333072,13.1387237945633,14.7846171150893,5.46515259367597,5.75574517740726,8.46982140052645,11.7350507364913,13.3987774344717,11.7350507368437,5.76784356113708,4.98681661676159,15.7503315768771,15.8296670819446,15.8296670819446,11.3686210634271,6.09703825224088,3.40068392969711,11.3686210631969,42.7610318808512,4.80956654040645,21.8626686282359,6.11882524895579,6.26356309872342,7.05269689975402,4.80956654040645,6.26356309872342,4.80956654040645,4.09028824610142,6.26356309872342,4.80956654040645,4.80956654040645,4.80956654040645,5.42086994814006,6.26356309872342,4.80956654040645,4.80956654040645,4.80956654040645,4.80956654040645,6.11882524895579
11.4376164282062,9.40389435052819,8.15668695543824,13.7463111112417,10.8831575260105,10.0358818665591,13.110200981602,11.299027681858,10.011650438778,10.9541579823612,10.3573240859146,13.6979814087214,12.2357298149049,13.9529379671538,5.71976747351705,5.72749045768703,8.38090680487543,11.333160989561,12.5532811143892,11.3331609898631,5.88858019337046,5.54517886407404,14.5981781993787,14.7229962203333,14.7229962203333,10.8362326943906,5.95376453705376,3.24254222503664,10.8362326943566,39.9283408367659,4.5860810192506,20.3119744821897,6.2621587411633,6.61661045839588,7.84259345934659,4.5860810192506,6.61661045839588,4.5860810192506,3.95063219343292,6.61661045839588,4.5860810192506,4.5860810192506,4.5860810192506,4.97521775616216,6.61661045839588,4.5860810192506,4.5860810192506,4.5860810192506,4.5860810192506,6.2621587411633
11.4569103312477,9.27569566929342,7.96330062166349,13.7128148491708,10.8054719200912,10.0896615285167,12.9650107618953,11.4013457336871,9.6800364425906,11.1058205590287,10.0784216250908,13.7567118462367,12.3732036353698,14.0093966035067,5.72484159118788,5.72093114589616,8.24058253998512,10.9256976522629,12.6384520479137,10.9256976516643,5.93616664397331,5.50857337592782,14.7649779723819,14.8763936032558,14.8763936032558,10.2932911248955,5.63931259507145,3.23378156907217,10.293291124564,39.4932100559148,4.57370502402806,20.5365543748201,6.04982619565101,6.94234427369474,7.79077188988872,4.57370502402806,6.94234427369474,4.57370502402806,4.0871737261895,6.94234427369474,4.57370502402806,4.57370502402806,4.57370502402806,5.65773811926569,6.94234427369474,4.57370502402806,4.57370502402806,4.57370502402806,4.57370502402806,6.04982619565101
12.351882777562,9.27280838572174,8.27006237883051,14.750520801375,11.4411797039458,10.7001908444009,13.9678415371933,12.2625640549255,10.2343016819579,11.9215716258234,10.5655632351225,15.092242795907,13.5559545448656,15.3071904259721,5.24225491924076,5.86357329698352,8.71661437563177,11.6365514135639,13.9362948264359,11.6365514140907,5.88521192065329,5.00945157998446,16.0661285816913,16.4102629062665,16.4102629062665,10.9975007228914,5.6875374455815,3.12346754153498,10.9975007225319,38.8370491811201,4.41743012076916,22.784249596657,6.64013165475032,6.34842449256308,7.08480500541443,4.41743012076916,6.34842449256308,4.41743012076916,3.5685584005049,6.34842449256308,4.41743012076916,4.41743012076916,4.41743012076916,5.58086432123979,6.34842449256308,4.41743012076916,4.41743012076916,4.41743012076916,4.41743012076916,6.64013165475032
12.1975519483126,9.94255737094956,8.27896029948879,14.3145390446605,11.3221299862786,10.307207550415,13.6437611702826,11.7866918644758,10.2621506245731,12.0526702282856,10.5785379175878,14.1871514314696,12.8923176808594,14.4000114320584,5.45501783634355,5.86756756109643,8.22860351341866,11.6510511037702,13.3182395488988,11.651051103631,5.94579016386301,5.34217337423516,16.2705971364385,15.5668549802109,15.5668549802109,11.6142011039792,5.45551288583845,3.01472209433377,11.6142011043802,41.4772632712353,4.2638675159443,21.5972220839203,6.89148523807116,6.354877112911,7.55551227875843,4.2638675159443,6.354877112911,4.2638675159443,3.74227658220998,6.354877112911,4.2638675159443,4.2638675159443,4.2638675159443,5.5037235374199,6.354877112911,4.2638675159443,4.2638675159443,4.2638675159443,4.2638675159443,6.89148523807116
11.9548667411923,9.82611675134648,8.20103093709399,14.420809914663,11.0678323374066,10.7780797128569,13.8791983145411,12.3142837841606,10.125323620423,11.2307128617178,10.391721844189,14.5693183450553,13.4441420432566,14.8444280085512,5.86517224280952,6.02287427431094,8.21076087931755,11.4814638918642,13.8100091082307,11.4814638924059,5.92318788104837,5.67219678507812,14.9977057173752,16.2425892060642,16.2425892060642,11.4454362991755,6.25322909784369,3.48095193551891,11.4454362994209,37.5806384825965,4.92320670594861,22.4354193336921,6.67329020692613,6.0399408040024,8.02193774526095,4.92320670594861,6.0399408040024,4.92320670594861,3.82228487317455,6.0399408040024,4.92320670594861,4.92320670594861,4.92320670594861,5.42390126321982,6.0399408040024,4.92320670594861,4.92320670594861,4.92320670594861,4.92320670594861,6.67329020692613
11.5228072077602,9.34395159360958,8.22987581306654,13.8298565570655,11.0649423655114,9.83546314981679,13.0996390907311,11.1002898729172,10.2040208626614,11.1342196730556,10.4671897030634,13.650977950802,12.1117003562986,13.8985758340246,5.43663999832879,5.84939779495781,8.50081411026525,11.5614953424028,12.4647111845268,11.5614953410395,5.74871183897797,5.13750691622627,14.8266798527832,14.5709403925869,14.5709403925869,11.0929481217058,5.9457321658893,3.19315198574083,11.092948122041,36.7924688669502,4.51613751922864,20.105246059469,6.44212110211783,6.10298806088578,7.26593119511097,4.51613751922864,6.10298806088578,4.51613751922864,3.93460074610675,6.10298806088578,4.51613751922864,4.51613751922864,4.51613751922864,5.49354255140627,6.10298806088578,4.51613751922864,4.51613751922864,4.51613751922864,4.51613751922864,6.44212110211783
12.2128882938269,9.55548842989763,8.18267831876575,14.143442612303,11.0516343265077,10.2098624309251,13.528419940416,11.6715342639032,10.184230193359,12.1798894710324,10.4504607847115,14.3453408081669,12.8936846089191,14.5650548572198,5.09968570350748,5.80954706923783,8.45979975988312,11.5762882272382,13.305190819192,11.5762882272647,5.74475390029405,4.80480282937731,16.4847197244893,15.5875400025936,15.5875400025936,11.2140723026524,5.68880758135066,3.08295217869918,11.2140723026524,37.7825295591491,4.35999494667635,21.6080513396256,6.72133485939745,5.90092045824569,6.7951537349936,4.35999494667635,5.90092045824569,4.35999494667635,3.58268928313358,5.90092045824569,4.35999494667635,4.35999494667635,4.35999494667635,5.6091325975407,5.90092045824569,4.35999494667635,4.35999494667635,4.35999494667635,4.35999494667635,6.72133485939745
11.8701241644752,9.04706477275758,8.12680779923778,14.065720137255,10.9466437546409,10.3459453048806,13.394622231338,11.6778581593304,10.0022658848116,11.4391656304421,10.3560119884929,14.3088272336453,12.8479650851667,14.5182976394317,5.27848134616873,5.83656152188766,8.49941671867012,11.3263873093241,13.24449590948,11.3263873094485,6.01338448425375,5.01249883232809,15.33394784912,15.4906374365216,15.4906374365241,10.7817417405586,5.94226573648014,3.00125115357912,10.7817417407589,39.9004166074143,4.24453324460746,21.4939282776004,6.80698964160548,6.64308432653759,7.08904432982279,4.24453324460746,6.64308432653759,4.24453324460746,3.91352740082777,6.64308432653759,4.24453324460746,4.24453324460746,4.24453324460746,5.70250158603965,6.64308432653759,4.24453324460746,4.24453324460746,4.24453324460746,4.24453324460746,6.80698964160548
11.6115964707655,9.6215580954492,8.46261249167059,13.729089021521,11.1580559996302,9.75613512085972,13.1746505468682,11.0021140881052,10.4740102756655,11.3095938899201,10.7559562489295,13.3738893434517,11.8842339643029,13.6461876215042,5.74599267633073,6.11789675267057,8.58496628109646,11.8636147130489,12.3114946808011,11.8636147121638,6.0582394681592,5.49898039682391,15.0391706487241,14.2677476401184,14.2677476401184,11.6341623568735,5.84692805344362,3.31508463521149,11.6341623572796,43.2834141174191,4.6887384542646,19.624926310749,6.89869295626253,6.36633354204422,7.77723989142676,4.6887384542646,6.36633354204422,4.6887384542646,4.07164322657014,6.36633354204422,4.6887384542646,4.6887384542646,4.6887384542646,5.61140943961453,6.36633354204422,4.6887384542646,4.6887384542646,4.6887384542646,4.6887384542646,6.89869295626253
12.4671065872654,9.35171198228215,8.20554082073054,14.4166701321201,10.8972306170018,10.8292735276788,13.9685125679759,12.354036364488,10.1218030616481,12.1251385430218,10.4852043438772,15.0181918314136,13.6651382803308,15.2223288373023,5.2236936397377,5.76447612294345,8.37789753981365,11.4984516323287,14.0373714005921,11.498451630271,5.93358001995965,5.01375785557193,16.3971765137602,16.5392243782282,16.5392243782282,11.1481922473232,5.8493488669245,3.0341451841156,11.1481922475668,38.1024212594201,4.29129188448234,22.9936932899566,6.63945340637918,6.56694705797309,7.09103359786253,4.29129188448234,6.56694705797309,4.29129188448234,3.62798306205637,6.56694705797309,4.29129188448234,4.29129188448234,4.29129188448234,5.91575006831108,6.56694705797309,4.29129188448234,4.29129188448234,4.29129188448234,4.29129188448234,6.63945340637918
12.3453161080531,9.76503862029762,8.51090452845193,14.3100468187525,11.0870915462519,10.6205236590658,13.8776416550671,11.9904849685918,10.483010252209,12.0264773484355,10.8598246907645,14.735853046901,13.1964846349616,14.9497545403203,5.41512953580647,5.95647150365578,8.80307568533376,11.8770381426617,13.6036478573204,11.8770381428482,6.23448154237234,5.1308376988932,16.18305737441,15.9072271816325,15.9072271816325,11.3745359911687,6.00347736694751,3.07672828788179,11.374535990713,37.8227724882452,4.35156651164333,22.0706036268011,7.00819306183943,6.96811656794197,7.25658209332165,4.35156651164333,6.96811656794197,4.35156651164333,4.04670449222239,6.96811656794197,4.35156651164333,4.35156651164333,4.35156651164333,5.00909165062796,6.96811656794197,4.35156651164333,4.35156651164333,4.35156651164333,4.35156651164333,7.00819306183943
11.7331354835488,9.35072288792372,8.18084325681473,13.9703478367153,11.0692282200467,10.122173291903,13.1772444146674,11.3542265829053,10.0144835641818,11.5123934070385,10.4236322055286,13.8516567103628,12.3510296168341,14.0811487283964,5.53555987797584,5.71366001956631,8.36286775685569,11.3492892495124,12.6708059194327,11.3492892486535,5.94659795590061,5.38683868620034,15.4170479634409,14.8818231256546,14.8818231256546,10.8280020547985,5.91750330222746,3.09380546502212,10.8280020528816,38.4353006498679,4.37571187912696,20.5852010237643,6.22410555803985,6.94251875446157,7.6185751279216,4.37571187912696,6.94251875446157,4.37571187912696,3.83881865321248,6.94251875446157,4.37571187912696,4.37571187912696,4.37571187912696,5.31272742879871,6.94251875446157,4.37571187912696,4.37571187912696,4.37571187912696,4.37571187912696,6.22410555803985
12.2443120814901,9.3648850149895,8.22616319554759,14.3519729294548,11.3590175924859,10.2974914841139,13.4892520532641,11.7378843246793,10.1514405790788,12.3606879766236,10.4258734044296,14.0900471304706,12.9195997864245,14.374981556079,5.45472091843661,6.178025550273,8.28679083874291,11.5119438635051,13.3427747627144,11.5119438635526,6.04042064968446,5.01794732729764,16.6473489634615,15.59091858466,15.59091858466,11.4846043298112,6.00637855618447,3.48330377553373,11.4846043299972,41.6591948212945,4.92647277111615,21.4914634511597,6.9254354113526,6.10140344119862,7.09671910484143,4.92647277111615,6.10140344119862,4.92647277111615,3.82455369949838,6.10140344119862,4.92647277111615,4.92647277111615,4.92647277111615,5.80443930985273,6.10140344119862,4.92647277111615,4.92647277111615,4.92647277111615,4.92647277111615,6.9254354113526
12.0272293872264,9.02096263199359,7.7954222187185,14.0660019939365,10.7668123323911,10.425704446787,13.3021525857629,11.872005138875,9.61700071199206,12.1592937656048,9.90192773207043,14.217067422353,13.0463330213412,14.4206652230326,5.36525132598033,5.62017231486708,7.80067514430393,10.8648461162432,13.3035755246869,10.8648461164159,5.52537480883989,5.15526015300439,16.3457830634832,15.7296580701571,15.7296580701571,10.6090372087702,5.81875646215658,2.94834159130979,10.6090372088795,37.775276161131,4.16975190638324,21.8512518957301,6.01143731068084,6.1696807359286,7.290963562679,4.16975190638324,6.1696807359286,4.16975190638324,3.97641176456322,6.1696807359286,4.16975190638324,4.16975190638324,4.16975190638324,5.17399994294453,6.1696807359286,4.16975190638324,4.16975190638324,4.16975190638324,4.16975190638324,6.01143731068084
11.5950605860228,9.64268009015267,7.91479006534678,13.4107994711996,10.7707379021652,9.62291852716932,12.5712986310688,10.7914013841645,9.63234022534855,11.9661667110004,10.060011671531,12.9793987749576,11.7215909232932,13.2432411529491,5.39612613039553,5.7516040979871,7.87808777393121,10.9254189009825,12.0782148533228,10.9254189011673,5.94146929056618,5.17849433634799,16.1193811030919,14.1269527854072,14.1269527854072,10.7488885270228,5.64623891887532,3.21512469390793,10.7488885263939,37.6427220754929,4.54714136297792,19.4541358484777,6.20518654355777,6.83543576225924,7.32394936462611,4.54714136297792,6.83543576225924,4.54714136297792,3.61072126449465,6.83543576225924,4.54714136297792,4.54714136297792,4.54714136297792,5.33997107560444,6.83543576225924,4.54714136297792,4.54714136297792,4.54714136297792,4.54714136297792,6.20518654355777
12.1166254982079,9.53958580236463,8.3666162351842,14.248801328706,11.1187467048588,10.3918459653509,13.795960475188,11.8936087450415,10.4182254319653,11.663763840444,10.6851038645011,14.4115446513368,13.0023792321009,14.6226239113365,5.53724782882728,5.83740887886385,8.35854577024971,11.8199742588188,13.3438264807858,11.8199742588557,5.71127883020846,5.4153513564854,15.6082709372486,15.6875125472079,15.6875125472079,11.6156044116457,5.60662076329227,3.02518540301322,11.6156044117574,37.7606780683685,4.27859945042468,21.7684290628011,6.48063620005045,6.12790731402834,7.65888742875013,4.27859945042468,6.12790731402834,4.27859945042468,3.87524751883766,6.12790731402834,4.27859945042468,4.27859945042468,4.27859945042468,5.94579946309193,6.12790731402834,4.27859945042468,4.27859945042468,4.27859945042468,4.27859945042468,6.48063620005045
12.1908426974255,9.52076714859574,8.53050675857407,14.4595127943652,11.2998025807939,10.569039644768,14.0207308006591,12.1261441975447,10.6047350884853,11.6444292277336,10.852064361738,14.7971828041867,13.2884066820352,15.0381224344945,5.67912886131005,6.13120017744333,8.8333989373386,12.0146070778653,13.6630845335757,12.0146070756586,5.96148609589187,5.40608758979689,15.5143496231957,16.0157343671593,16.0157343671593,11.5663577061326,5.72483504458249,3.2804984916301,11.5663577054558,40.0189686246162,4.63929566592506,22.1679990067956,6.86110395962511,6.16602133310157,7.64526690416832,4.63929566592506,6.16602133310157,4.63929566592506,4.09673850373375,6.16602133310157,4.63929566592506,4.63929566592506,4.63929566592506,5.04839953099855,6.16602133310157,4.63929566592506,4.63929566592506,4.63929566592506,4.63929566592506,6.86110395962511
11.9029499451975,9.5424159044358,8.21940483682185,13.9738935259212,10.9389219801474,10.1762528412163,13.3457564443929,11.5685736814071,10.1051624033177,11.7146073973205,10.4231790384553,13.9748689265119,12.7264153997809,14.2530332222985,5.41040505989288,5.78012459123999,8.18291335921166,11.4541956676764,13.037796118694,11.4541956664282,5.87107473936359,4.97229555165766,15.7524797774633,15.3461661748792,15.3461661748792,11.294893351198,5.85498609986084,3.42749271385064,11.2948933503167,36.1162379303596,4.8476288880331,21.1540324509883,6.23977522921449,6.4011606703201,7.03242115157283,4.8476288880331,6.4011606703201,4.8476288880331,3.85520000987997,6.4011606703201,4.8476288880331,4.8476288880331,4.8476288880331,4.86216690493065,6.4011606703201,4.8476288880331,4.8476288880331,4.8476288880331,4.8476288880331,6.23977522921449
11.8676034963934,9.48336483284956,8.16273851791064,14.4120770089273,11.0874440006127,10.549725826196,13.7331143173529,12.0464498713471,10.1637275873278,11.0332535834758,10.3914143844725,14.8386496358859,13.3261021529565,15.0435137968165,5.23462361536117,5.72775636615343,8.61094939161836,11.5026487143435,13.6424655758836,11.5026487144973,5.62962351145486,4.88332352532426,14.7024717317196,16.0704472952714,16.070447294441,10.8297636091925,5.94114744566244,3.01879730052799,10.829763609212,37.6980747666994,4.26933900255611,22.327431460453,6.46961641198421,5.91575107165976,6.90636700358076,4.26933900255611,5.91575107165976,4.26933900255611,4.03462698098662,5.91575107165976,4.26933900255611,4.26933900255611,4.26933900255611,5.44035619508919,5.91575107165976,4.26933900255611,4.26933900255611,4.26933900255611,4.26933900255611,6.46961641198421
12.093384289507,9.9284639162664,8.2780426369893,14.5649282629083,11.0007358474249,10.9468510878739,14.1574835800027,12.5387573369215,10.2469841165568,11.0649006697795,10.5640516181414,15.1249284635981,13.7561729702743,15.343446776886,5.61259061352982,5.80656818521082,8.36250417732221,11.6417329727792,14.0501107567334,11.6417329719552,5.70465282302796,5.53158649315148,14.7138592038725,16.6481880196091,16.6481880196091,11.2827647546499,5.9243295760768,3.15308841907962,11.2827647546163,43.7863508496169,4.45945306082305,23.1176849340473,6.15853639038027,6.30992182796924,7.82323312490817,4.45945306082305,6.30992182796924,4.45945306082305,3.66230271912019,6.30992182796924,4.45945306082305,4.45945306082305,4.45945306082305,5.94359638113664,6.30992182796924,4.45945306082305,4.45945306082305,4.45945306082305,4.45945306082305,6.15853639038027
11.8030116248399,9.75951359595789,8.48058246576861,14.1906762626429,11.1964214723592,10.3835392270057,13.6070048904008,11.6700473642948,10.397377048541,11.0678509087553,10.7932241668707,14.0195641078116,12.707420928145,14.2970761154774,5.70910314158337,6.1239720777505,8.39877990166626,11.809825880242,13.1133150422111,11.809825880634,6.23072001197498,5.490524015745,14.7034204259822,15.336965530396,15.336965530396,11.7409002969056,6.24707880813033,3.42589312046924,11.7409002974723,43.6238860617029,4.84531131888953,21.1435358931968,6.73991210535712,6.89656867846513,7.7652518449478,4.84531131888953,6.89656867846513,4.84531131888953,3.74224264297783,6.89656867846513,4.84531131888953,4.84531131888953,4.84531131888953,5.80985460580344,6.89656867846513,4.84531131888953,4.84531131888953,4.84531131888953,4.84531131888953,6.73991210535712
11.6272812045925,9.55494019494355,8.35814477991786,14.1734421238881,11.2194757854883,10.184419599492,13.4501003514351,11.4945852577354,10.3176482440352,10.8479285829576,10.6412504094872,14.07513760952,12.5503052308104,14.3384566232995,5.539861954353,5.67915231785069,8.56031963020543,11.7213243933712,12.8881581653756,11.721324393379,5.84980544221198,5.29056364125719,14.5291938796194,15.1468946240305,15.1468946240305,11.274125550847,6.14465713908352,3.34934004211943,11.2741255508682,40.6750786034887,4.73678215543891,20.8896060071799,6.2807155814549,6.38568786912514,7.48228800803773,4.73678215543891,6.38568786912514,4.73678215543891,3.69428707782986,6.38568786912514,4.73678215543891,4.73678215543891,4.73678215543891,5.17502831892398,6.38568786912514,4.73678215543891,4.73678215543891,4.73678215543891,4.73678215543891,6.2807155814549
11.8385966459813,9.44351105579597,8.4368935179342,14.0495561368523,11.3028326176178,9.93087075517676,13.4430268468911,11.2923765173085,10.5051686207024,11.524345953129,10.777047272675,13.8429326878892,12.282423741264,14.0758292795489,5.51353608915842,5.8775676862635,8.57953726964986,11.9332857647143,12.6972991708971,11.9332857643033,5.83548322885607,5.36204059229846,15.4626838480673,14.8049952191789,14.8049952191789,11.6441500204394,5.64696700170044,3.12014051105005,11.6441500208965,39.4936829703522,4.41292571735193,20.4662579333979,6.73132210120558,6.11333494058031,7.58335819570423,4.41292571735193,6.11333494058031,4.41292571735193,3.77024144456959,6.11333494058031,4.41292571735193,4.41292571735193,4.41292571735193,5.06759060111773,6.11333494058031,4.41292571735193,4.41292571735193,4.41292571735193,4.41292571735193,6.73132210120558
11.838218266892,9.70136657026184,8.16095745307658,14.1685504248981,11.2222949139102,10.1614897446704,13.3949547916976,11.5387848444853,10.1112518790103,11.5314530649657,10.4288802466642,13.9805822384536,12.5658458130734,14.1932079954704,5.47789415012859,5.78252504856149,8.22591454442753,11.4845856647226,12.9315984793031,11.4845856652041,5.72967296999803,5.4251142946271,15.450913265935,15.1735915813661,15.1735915813661,11.2208566425641,5.72194051941537,2.99143485216437,11.2208566430559,41.3578739462786,4.23075094345391,21.0376087653966,6.42071748666755,6.27391456686867,7.67240658536131,4.23075094345391,6.27391456686867,4.23075094345391,3.64086837471873,6.27391456686867,4.23075094345391,4.23075094345391,4.23075094345391,5.75151199807054,6.27391456686867,4.23075094345391,4.23075094345391,4.23075094345391,4.23075094345391,6.42071748666755
11.9400509564169,9.34837420871074,8.17664911726816,13.4817474264176,10.6994855349863,9.83712362519427,13.0232066452806,11.0703328707597,10.0592614902478,12.2907596433743,10.4369676326194,13.6415963771721,12.0624471329649,13.8554811953445,5.3536054632465,5.96660154581738,8.5044614181431,11.403073609639,12.478364516865,11.4030736093023,6.01486156003466,5.18178803246335,16.5179567205195,14.523455805043,14.523455805043,10.8630708589511,5.58544580415982,2.96814144516823,10.8630708589511,43.274613956824,4.1977021370754,20.1057933849742,6.72905384000074,6.75534716082347,7.32831908109719,4.1977021370754,6.75534716082347,4.1977021370754,3.82847813435444,6.75534716082347,4.1977021370754,4.1977021370754,4.1977021370754,5.03550127957392,6.75534716082347,4.1977021370754,4.1977021370754,4.1977021370754,4.1977021370754,6.72905384000074
11.68009801878,9.35896133611098,8.0902000309331,13.6080283570558,10.6723192838618,10.028914140824,13.161056724148,11.3617708928204,9.98718373207499,11.338540440382,10.3042750281115,13.6571761134909,12.3809688203521,13.8720530614996,5.47600410797634,5.70304808826982,8.06548374075179,11.3015114970227,12.7583237304484,11.3015114980328,5.87268271826494,5.31455621034613,15.2119384457919,14.9009259667145,14.9009259667145,11.1788026465203,5.62321754692807,2.97149900467358,11.1788026470796,39.6172223878741,4.20266338216233,20.6498564270562,6.65266098932181,6.44555415206996,7.51637250474319,4.20266338216233,6.44555415206996,4.20266338216233,3.97501401769668,6.44555415206996,4.20266338216233,4.20266338216233,4.20266338216233,5.87826392072169,6.44555415206996,4.20266338216233,4.20266338216233,4.20266338216233,4.20266338216233,6.65266098932181
11.5121537144414,9.5870581707201,8.16955968390468,13.755767360345,10.8350505357754,10.0672577521538,13.3007507732438,11.4893310921504,10.0981326534883,10.8550468803724,10.3742907132204,13.8269137657287,12.5320858946031,14.0909164074229,5.58470882165333,5.90065794741144,8.31707247386571,11.4489518840434,12.9462585320039,11.448951885406,5.9336638670813,5.33221038295648,14.5017219732113,15.1084858723391,15.1084858723391,11.2710157570432,5.69483760686879,3.32011333136481,11.271015756622,35.9729261201571,4.69577425011369,20.843130382595,6.80474616650854,6.10491225413103,7.54127654243874,4.69577425011369,6.10491225413103,4.69577425011369,3.82679376226752,6.10491225413103,4.69577425011369,4.69577425011369,4.69577425011369,5.00936553654607,6.10491225413103,4.69577425011369,4.69577425011369,4.69577425011369,4.69577425011369,6.80474616650854
11.6810084689005,9.66109230229344,8.22560344609284,13.8007764799594,10.9971582736999,9.96290894995982,13.1751064150898,11.2595711010765,10.1542533614235,11.4702974105474,10.4402937529567,13.5396788330593,12.2313865079216,13.8286303145299,5.65486756212835,6.02353944023981,8.31545197401337,11.5246673289753,12.6460824853162,11.52466732836,5.94797796262537,5.39873147098101,15.3630016001534,14.7454207110498,14.7454207110498,11.3929343110833,6.1058684466209,3.43903341295673,11.3929343121297,39.9825162203863,4.86374978351335,20.2772709123828,6.70290672872225,6.12777171276581,7.63526181207716,4.86374978351335,6.12777171276581,4.86374978351335,3.73874397927519,6.12777171276581,4.86374978351335,4.86374978351335,4.86374978351335,5.59404841090721,6.12777171276581,4.86374978351335,4.86374978351335,4.86374978351335,4.86374978351335,6.70290672872225
12.1389448842211,9.24244501614045,8.10325734617177,14.275040576639,10.7482927656948,10.8500963186419,13.7714585229699,12.3880892045077,9.86722819987406,11.5743635021655,10.2630344230688,14.8904087037116,13.7221737377804,15.1313283117078,5.39496530297219,5.74991949146375,8.19090239125934,11.1469759923228,14.0138056147218,11.1469759922449,6.08714738741521,4.94875486177118,15.5341161479406,16.55677037848,16.55677037848,10.8186326207686,5.72607174017599,3.28959458932901,10.8186326210096,36.8097674729124,4.65270562542554,22.9465840973484,6.39907985313339,6.96872371110459,6.99906525426302,4.65270562542554,6.96872371110459,4.65270562542554,4.0842780946578,6.96872371110459,4.65270562542554,4.65270562542554,4.65270562542554,5.13879461849121,6.96872371110459,4.65270562542554,4.65270562542554,4.65270562542554,4.65270562542554,6.39907985313339
11.7775688542678,9.4063742703494,8.115006516079,13.9082904934792,10.7884339002393,10.4059753566954,13.3868959064791,11.757612344534,9.92931475358302,11.3146641927747,10.3180307935689,14.299373704919,12.7862323121633,14.5186155873496,5.70384694768669,5.79316502344627,8.54464542216585,11.2274604019484,13.1190598422181,11.2274604017171,6.0181141117505,5.58994762886255,15.1025339862307,15.3998001582847,15.3998001582847,10.4905303935123,5.82878027447242,3.07546943870512,10.4905303935123,39.3105030530148,4.34932872554968,21.3401131511133,6.48454471704566,6.9054890847585,7.90518871727113,4.34932872554968,6.9054890847585,4.34932872554968,4.02389331118099,6.9054890847585,4.34932872554968,4.34932872554968,4.34932872554968,5.78708834472234,6.9054890847585,4.34932872554968,4.34932872554968,4.34932872554968,4.34932872554968,6.48454471704566
11.5334825664679,8.95635926918714,7.99933848652554,13.3422131269118,10.7028068057688,9.52347659237803,12.6388472062085,10.7496250756811,9.82433198242953,11.660498485159,10.1551756121403,13.1714123360135,11.7880260524192,13.4388904844053,5.18900488712126,5.87234460628544,8.21406799940908,11.1345608812555,12.1761235429956,11.1345608822111,5.88530638577701,4.76160353542071,15.6463931407717,14.1906322771886,14.1906322771886,10.7900158258395,5.59832765340166,3.26255493581118,10.7900158249711,35.4595973383206,4.61436057630629,19.5301292160495,6.48360606008751,6.37026811288573,6.73433177871578,4.61436057630629,6.37026811288573,4.61436057630629,3.75938457522772,6.37026811288573,4.61436057630629,4.61436057630629,4.61436057630629,5.70605202436143,6.37026811288573,4.61436057630629,4.61436057630629,4.61436057630629,4.61436057630629,6.48360606008751
12.1895692241147,9.42403403869315,8.06497661118657,14.1390512773981,10.7725489980279,10.6829703107277,13.5874613763571,12.100919018598,9.86529570547148,12.0724136365408,10.2438116518085,14.4623998893124,13.2303314718774,14.6831100186338,5.66242850810777,5.59638978847937,8.07839293076344,11.1497038435642,13.5073680436823,11.149703843487,5.90439558614652,5.50519181362697,16.2859507941558,15.9503602161986,15.9503602161986,10.8385670178157,5.97680177537911,3.1002138587055,10.8385670178513,37.6722308289516,4.38456152851943,22.1259370018339,6.20963643295111,6.84112187667048,7.78581114991797,4.38456152851943,6.84112187667048,4.38456152851943,4.04287495383526,6.84112187667048,4.38456152851943,4.38456152851943,4.38456152851943,5.45742173305654,6.84112187667048,4.38456152851943,4.38456152851943,4.38456152851943,4.38456152851943,6.20963643295111
11.7756254577882,9.56729593943303,7.97973431644776,14.1056285319302,10.7284338534573,10.5600871840441,13.5743765059507,12.0866713565937,9.82162223673688,11.0958511387892,10.1277648618608,14.5477590417062,13.2786920029719,14.7993126247948,5.50289808980534,5.87220767195805,8.1780020053308,11.1417108497092,13.572672214944,11.1417108496193,5.68674603481937,5.26187744756152,14.7434826352393,16.0555546207953,16.0555546207953,10.7449137423042,5.86889622896959,3.31770075961482,10.7449137423895,39.7635643720394,4.69239425290069,22.2161982299566,6.0924267621187,6.15472149474979,7.44190390915919,4.69239425290069,6.15472149474979,4.69239425290069,3.66662229227331,6.15472149474979,4.69239425290069,4.69239425290069,4.69239425290069,5.89023414571047,6.15472149474979,4.69239425290069,4.69239425290069,4.69239425290069,4.69239425290069,6.0924267621187
12.0109826350203,9.65352105050652,8.12890861332777,14.4976435535779,11.0997895083488,10.7463144167247,13.7496729090688,12.2540283269047,9.95367446528702,11.2576828510529,10.3257785626195,14.6872820913645,13.5242009360766,14.9186590421354,5.4168329364689,5.56335570607574,8.00440325585091,11.2645903907207,13.7874261989821,11.2645903903646,5.87231544045854,5.09615425931186,15.1014118281545,16.327067005881,16.327067005881,11.0925475015019,5.78220780125706,3.19725169988124,11.0925475014163,37.4374848219112,4.52213461726241,22.6423252709354,6.09754247958283,6.76915547575272,7.20755176426034,4.52213461726241,6.76915547575272,4.52213461726241,3.95307283888896,6.76915547575272,4.52213461726241,4.52213461726241,4.52213461726241,5.63776682881752,6.76915547575272,4.52213461726241,4.52213461726241,4.52213461726241,4.52213461726241,6.09754247958283
11.8816716945112,9.2095287062957,8.07633850028098,14.1748038930743,10.6652228096412,10.8470014109366,13.6822781617193,12.3041045953104,9.82457449418286,11.1318667129521,10.2165706647535,14.7667990255156,13.5343086712702,15.0200422401446,5.63048985716417,5.92315750941367,8.28876766378358,11.0982400357422,13.8173934043836,11.0982400359465,6.06378794466059,5.29183047038161,14.7674831872122,16.3241630537069,16.3241630537069,10.6234081554157,6.11972735607842,3.35511082348556,10.6234081553296,41.7511625172801,4.74525466989112,22.5942121036041,6.30813242932288,6.92811116004219,7.48427746232168,4.74525466989112,6.92811116004219,4.74525466989112,4.07122724578191,6.92811116004219,4.74525466989112,4.74525466989112,4.74525466989112,5.57191900115044,6.92811116004219,4.74525466989112,4.74525466989112,4.74525466989112,4.74525466989112,6.30813242932288
12.1088642189467,9.46550583951236,7.87224307749416,13.9421528807361,10.7409923167636,10.3406823274398,13.1409894082513,11.6862745297518,9.54925916295466,12.4025691980299,9.98923778197686,14.142187696959,12.868667928296,14.3973096936039,5.29664734036092,5.71223031813099,8.0779874914123,10.8298199907643,13.1647506275315,10.8298199904669,5.91880895290465,4.97396902245707,16.7681461275237,15.5551884858598,15.5551884858598,10.3416544098867,5.90826299776867,3.29975826825244,10.3416544098681,39.7076344000763,4.66701682358683,21.496606668566,6.00212425605795,6.87673695683728,7.03467124869861,4.66701682358683,6.87673695683728,4.66701682358683,3.59092177591893,6.87673695683728,4.66701682358683,4.66701682358683,4.66701682358683,5.45945565887286,6.87673695683728,4.66701682358683,4.66701682358683,4.66701682358683,4.66701682358683,6.00212425605795
12.5137474016664,9.34992052569766,8.21307672974287,14.4967352111214,11.1848316881907,10.7142175047593,13.8289942269039,12.206277415814,10.0711062418333,12.5143380607129,10.4964299039316,14.7729787607163,13.3610618029689,14.9703388593484,5.53548239911416,5.63150405893624,8.28203443221035,11.4269667355762,13.6514401852168,11.4269667358664,5.88793441612951,5.49639427577818,16.9166086369607,16.1493349280611,16.1493349280611,10.9765205548945,5.53756071864819,2.95900826666505,10.976520555972,41.5195766246814,4.18504506606002,22.4517660349776,6.1243349319319,6.99863860285024,7.77355806065426,4.18504506606002,6.99863860285024,4.18504506606002,3.73911185108929,6.99863860285024,4.18504506606002,4.18504506606002,4.18504506606002,5.90629135638944,6.99863860285024,4.18504506606002,4.18504506606002,4.18504506606002,4.18504506606002,6.1243349319319
12.3376929054457,9.27447261160759,8.17178303423081,14.2999616163813,11.0848031093168,10.5513124331208,13.6596157448029,12.0419234981397,10.1108713401991,12.4265224641543,10.3501733435517,14.4869676932817,13.1716070766602,14.7371018110451,5.73023042403492,5.88417819085919,8.42717252368194,11.4283705628852,13.4963076572196,11.4283705603508,5.81933857435784,5.45732809925767,16.7572639823555,15.8654061801749,15.8654061801749,11.0380762772699,6.04586668005598,3.30493888900894,11.0380762769716,38.6321352680603,4.6740524854664,21.944450133592,6.5620457724037,6.0568877506834,7.71793441246931,4.6740524854664,6.0568877506834,4.6740524854664,4.13429418219034,6.0568877506834,4.6740524854664,4.6740524854664,4.6740524854664,5.78386889216056,6.0568877506834,4.6740524854664,4.6740524854664,4.6740524854664,4.6740524854664,6.5620457724037
12.0158442509012,9.78191200788292,8.28608908432184,14.1293246140872,11.0430746293536,10.378142810042,13.5337232525178,11.7490103846089,10.1934343173028,11.742499949779,10.5552038552439,14.2278874672153,12.8795912404666,14.438247005013,5.46181206848763,5.86547720552955,8.28917823043222,11.5262498073699,13.2172637233325,11.5262498069967,6.01403786051126,5.21964536051607,15.6956284487736,15.5019678115951,15.5019678115951,11.2658111542059,5.69890790326905,2.99369512484696,11.265811153786,41.181396513708,4.2338898200169,21.5151338364075,6.59451368449377,6.86250410714748,7.38215670598572,4.2338898200169,6.86250410714748,4.2338898200169,4.13175404285008,6.86250410714748,4.2338898200169,4.2338898200169,4.2338898200169,5.07548384106815,6.86250410714748,4.2338898200169,4.2338898200169,4.2338898200169,4.2338898200169,6.59451368449377
12.086816413922,9.42851742063081,8.09067571595683,14.2243550324701,11.0890640743099,10.5349813104855,13.4315498450338,11.9015720959897,9.82899485503727,11.9954612149783,10.2643467398059,14.3414821066569,13.0249333805989,14.6027908348339,5.61107186265592,6.03404394063342,8.43886721669957,11.1391783488426,13.4267812751101,11.1391783492251,6.26822429856456,5.36893007868861,16.1376495510953,15.7286842921162,15.7286842921162,10.6602362647956,6.03126499639521,3.36175026442375,10.6602362648789,38.565032882445,4.75454948167614,21.729056159798,6.78796515976205,7.01347428628782,7.59319047879215,4.75454948167614,7.01347428628782,4.75454948167614,3.76681779110326,7.01347428628782,4.75454948167614,4.75454948167614,4.75454948167614,5.68697534104784,7.01347428628782,4.75454948167614,4.75454948167614,4.75454948167614,4.75454948167614,6.78796515976205
12.5609819709352,9.40782803868271,8.41072962062339,14.5074746935678,11.3845721153279,10.5319910788489,13.8301392515862,11.9579230310796,10.4014937574511,12.730740975509,10.7385050214638,14.5007229319289,13.1391836219641,14.7236909745651,5.414624011133,6.2271860493211,8.47882134378346,11.8076704444611,13.5746091542616,11.807670444787,6.10498166960789,5.19647779129456,17.1210674042977,15.8653188140771,15.8653188140771,11.6490258509117,5.91590621160396,3.11725642140743,11.6490258510258,43.4200224343208,4.40890616048806,22.002451249689,7.02666076172692,6.55747944658682,7.34949214322517,4.40890616048806,6.55747944658682,4.40890616048806,3.80792645157712,6.55747944658682,4.40890616048806,4.40890616048806,4.40890616048806,5.63415810550664,6.55747944658682,4.40890616048806,4.40890616048806,4.40890616048806,4.40890616048806,7.02666076172692
11.4291468660302,9.33742852079548,8.03343452334095,13.9679839422622,11.1313502516778,10.0518152994798,13.0482288086972,11.3773351762682,9.83050548205531,10.9703177069406,10.1635708808409,13.6277188772022,12.3323496047305,13.9204833853234,5.77637937091008,5.7937206916797,8.19454354015389,11.1368231976118,12.6438002503843,11.1368231984613,5.86012219010865,5.54585674241153,14.6311592678922,14.8631144564985,14.8631144564985,10.7827357836739,5.97695713011842,3.47164097786269,10.7827357831917,37.894578838727,4.91010766497541,20.4377509086896,6.14812761562965,6.41206804207799,7.84351709871415,4.91010766497541,6.41206804207799,4.91010766497541,3.80368802629802,6.41206804207799,4.91010766497541,4.91010766497541,4.91010766497541,5.72568011705914,6.41206804207799,4.91010766497541,4.91010766497541,4.91010766497541,4.91010766497541,6.14812761562965
11.9269370257999,9.58893602137883,8.17387184874596,14.4130167334386,11.0380248953495,10.6804980247089,13.7800753930278,12.2209022208644,10.0269397930634,11.0153947149648,10.3853261182507,14.7841385768967,13.4918489885684,15.0361116538437,5.40388729057248,5.65858542490048,8.30199118920229,11.3772030991775,13.7913499367742,11.3772030992878,5.88465098822653,5.06582572466771,14.769110941772,16.3140655342751,16.3140655342751,11.0075350384715,5.76093487544172,3.3493375768218,11.0075350385243,37.6553374518807,4.73708176772195,22.5794882095699,6.19211699548836,6.56539293314885,7.16455634773497,4.73708176772195,6.56539293314885,4.73708176772195,3.71943762436632,6.56539293314885,4.73708176772195,4.73708176772195,4.73708176772195,5.58838023581055,6.56539293314885,4.73708176772195,4.73708176772195,4.73708176772195,4.73708176772195,6.19211699548836
12.0150151178459,9.32465760043499,8.2415101495317,14.0358299348752,11.2256652043558,10.0114007143559,13.1969433430632,11.3104831781772,10.1478654693343,12.1194931064598,10.4767696300264,13.6194048043474,12.413449304885,13.8629190615936,5.34848840848274,6.0503931824559,8.0926363781289,11.4812487882452,12.8025527609445,11.4812487881956,6.03965834764262,4.96964712867417,16.2343521213387,14.9307401132935,14.9307401132935,11.5067720188424,5.74465295436485,3.1588729775308,11.5067720188786,41.3644825426821,4.46770126306864,20.6393862349106,6.77279011479046,6.60304639415385,7.02859698740729,4.46770126306864,6.60304639415385,4.46770126306864,4.05665743938257,6.60304639415385,4.46770126306864,4.46770126306864,4.46770126306864,5.92325407555713,6.60304639415385,4.46770126306864,4.46770126306864,4.46770126306864,4.46770126306864,6.77279011479046
11.7718916741118,9.23166297228485,7.9530923932955,13.5302509798094,10.920900543944,9.49576773155182,12.6592006208869,10.7483946681349,9.83763869932399,12.3296263304408,10.1161161674563,13.060407878446,11.7673641390883,13.3000710618849,5.1684069561905,5.9198320456936,7.95840615577213,11.1444938914984,12.1409181530569,11.1444938906862,5.68534345533249,4.8326779805492,16.5630394752366,14.158329480046,14.158329480046,11.0184734755101,5.52644446081555,3.07488297241717,11.0184734757816,43.2862230325353,4.34880058762353,19.5439792070604,6.427254381797,6.06192860935627,6.83474467201167,4.34880058762353,6.06192860935627,4.34880058762353,3.80927308239153,6.06192860935627,4.34880058762353,4.34880058762353,4.34880058762353,5.59422002558503,6.06192860935627,4.34880058762353,4.34880058762353,4.34880058762353,4.34880058762353,6.427254381797
11.4476937076605,9.16955442078194,8.10939815775324,13.5080415839384,10.7578227368406,9.68585979532094,12.9935816486798,10.9974531436148,10.0677769406334,11.0589028347849,10.3561426279058,13.5775101246365,11.9276346185065,13.7939284190116,5.4265378734279,5.51578917305902,8.40934994571754,11.4268262794164,12.2460951811234,11.4268262795326,5.52981279987585,5.33717834221265,14.8097514860251,14.3718248847501,14.3718248847501,10.8168602118363,5.45516262889351,2.96895414102266,10.8168602126973,36.0494384535376,4.19904590457982,19.8898787979612,6.06772178726026,6.10644503630316,7.54833055192292,4.19904590457982,6.10644503630316,4.19904590457982,3.70555841186262,6.10644503630316,4.19904590457982,4.19904590457982,4.19904590457982,5.81090007279518,6.10644503630316,4.19904590457982,4.19904590457982,4.19904590457982,4.19904590457982,6.06772178726026
11.8782933093287,9.36714004117263,8.02121135766589,14.4008318060088,10.8752440846079,10.9162447303183,13.8296885634119,12.4658806154937,9.83346505978542,10.9564676030983,10.1769692338864,14.8517750251294,13.7174993952916,15.0763918005482,5.57331277665474,5.94698488530519,8.10381887055996,11.1172638945077,14.0484252211404,11.1172638946153,5.97669107098899,5.34239876560212,14.5210687621939,16.5610993521799,16.5610993521799,10.8952244505851,5.91476856899491,3.16954371434906,10.8952244506191,39.1474651979906,4.48242497569485,22.988651916245,6.60009611932186,6.59615070985743,7.5554207070178,4.48242497569485,6.59615070985743,4.48242497569485,4.00101960106729,6.59615070985743,4.48242497569485,4.48242497569485,4.48242497569485,5.52212178587575,6.59615070985743,4.48242497569485,4.48242497569485,4.48242497569485,4.48242497569485,6.60009611932186
12.2524870808301,9.40216507714944,8.44088165273937,14.4191490332752,11.1250525726791,10.574441919847,14.0071710813667,12.1391423448605,10.4984672023099,11.7735995416065,10.7524235010036,14.8159454972755,13.3630422637024,15.075567589276,5.47707265254146,5.92747120436859,8.63426022505682,11.9410189144244,13.7112567049778,11.941018914617,5.75139157842798,5.18181085149657,15.8194044591082,16.1658194450056,16.1658194450056,11.5900169174316,5.9135546371063,3.40438006896925,11.5900169173385,38.669207261886,4.81495357652685,22.35043033651,6.43093967859232,5.89017260987458,7.32862233085297,4.81495357652685,5.89017260987458,4.81495357652685,3.6196047720962,5.89017260987458,4.81495357652685,4.81495357652685,4.81495357652685,5.06636354970665,5.89017260987458,4.81495357652685,4.81495357652685,4.81495357652685,4.81495357652685,6.43093967859232
11.7634432424195,9.32481916024923,7.78842256583243,13.6081100888297,10.4617225898808,10.1381129307092,12.9588936452587,11.4912527231069,9.4983698352886,11.8422688874819,9.85022013756599,13.9590118059289,12.6831972891608,14.2390928428998,5.23151742297423,5.87052342806219,8.20726401720163,10.7692719984831,13.0336261593112,10.7692719983552,5.87980945731781,4.77393911021604,15.9401153635529,15.32436580265,15.32436580265,10.2320149346849,5.9947847501502,3.43312593922439,10.2320149347022,38.5536012995526,4.85552773338366,21.1225291175368,6.3213820556993,6.33878751742417,6.75178107592777,4.85552773338366,6.33878751742417,4.85552773338366,3.59761760193496,6.33878751742417,4.85552773338366,4.85552773338366,4.85552773338366,5.33504452331625,6.33878751742417,4.85552773338366,4.85552773338366,4.85552773338366,4.85552773338366,6.3213820556993
12.0477237893221,9.72740428698038,8.22996844900845,14.10372095902,11.1398597780626,10.176292631732,13.3674844856845,11.478115059065,10.1650605239376,12.0096947233465,10.5042417758887,13.8171657021484,12.510649096579,14.0416924223102,5.48307046663112,5.61810610107335,8.05591362174635,11.5353814030363,12.8513329812408,11.5353814028253,5.79796613879038,5.35745374907475,16.2297230377335,15.0907120157586,15.0907120157586,11.4712849707733,5.95083794712234,3.05461667401446,11.4712849705678,36.4615235505607,4.3201522627063,20.9008538611962,6.32607216976358,6.49355127232395,7.57696828455479,4.3201522627063,6.49355127232395,4.3201522627063,3.75727397990588,6.49355127232395,4.3201522627063,4.3201522627063,4.3201522627063,5.69077754500427,6.49355127232395,4.3201522627063,4.3201522627063,4.3201522627063,4.3201522627063,6.32607216976358
11.7696092952286,9.81325392613456,8.37981725931407,14.4791291162301,11.5679421774707,10.16628928701,13.5766710629474,11.5858156092268,10.4132204838975,11.0606832640101,10.6716534565234,14.2722631914491,12.7314124389012,14.5389880914631,5.37537512048029,5.94487346129001,8.70723537297788,11.8418823481122,13.1252203437975,11.8418823469748,5.81381381976399,5.03302027028318,14.7792507828406,15.3828698511177,15.3828698511177,11.3972230162427,5.97067208850945,3.38906534363375,11.3972230154111,39.0070383454022,4.79301951467973,21.2199661229234,6.60145184838204,5.90329714026084,7.11803338825193,4.79301951467973,5.90329714026084,4.79301951467973,3.61156609688205,5.90329714026084,4.79301951467973,4.79301951467973,4.79301951467973,5.43357197235726,5.90329714026084,4.79301951467973,4.79301951467973,4.79301951467973,4.79301951467973,6.60145184838204
11.5064074139305,9.53552455988537,8.00181376854651,13.6297993949572,11.0004740253382,9.62978985052854,12.6682253120741,10.7617829273094,9.7932361236194,11.5552436595751,10.2120053425494,13.1156656376578,11.7385890303681,13.3394431154111,5.19489487803901,5.7316255684036,7.98795528566288,11.1090131135836,12.1092802979133,11.1090131136026,5.90222843955295,4.99410438146637,15.4879327893055,14.1422391539589,14.1422391539589,10.8719422617107,5.65276278016427,2.97262107646837,10.8719422614626,39.6700380824762,4.20427794259343,19.5528030022603,6.31788064715967,6.84955401923022,7.06317123895092,4.20427794259343,6.84955401923022,4.20427794259343,3.65999735221281,6.84955401923022,4.20427794259343,4.20427794259343,4.20427794259343,5.60461045858469,6.84955401923022,4.20427794259343,4.20427794259343,4.20427794259343,4.20427794259343,6.31788064715967
11.7479857189714,9.14608475545873,8.22042703225829,14.0368725928085,11.0155006113838,10.2979147047172,13.3770024313583,11.6168469743774,10.0422509001792,11.2237251959766,10.4616433612244,14.2855765581219,12.7605073883739,14.541112736185,5.37211524065335,6.18994018996891,8.73664651083677,11.4042260322549,13.205919388859,11.4042260319116,6.26004143221214,5.06561880258348,14.9279603104568,15.4161146448339,15.4161146448339,10.7499369110753,5.95390618708203,3.31912844421829,10.7499369110753,38.8264021022229,4.69438724390606,21.2896736089461,6.9213421915125,6.90079165929174,7.16429460552957,4.69438724390606,6.90079165929174,4.69438724390606,3.63503421425718,6.90079165929174,4.69438724390606,4.69438724390606,4.69438724390606,5.50026082689225,6.90079165929174,4.69438724390606,4.69438724390606,4.69438724390606,4.69438724390606,6.9213421915125
11.4331601496518,9.21147035291937,7.89982168741656,13.5445064218156,10.6370438954348,9.86329954209755,12.8641807738193,11.1491299666304,9.76115874991896,11.2669438395503,10.0226167370141,13.4874506131275,12.2219489158259,13.7240143496469,5.29614994786608,5.82936767083543,8.02253404961694,11.0341399175028,12.5621377807056,11.0341399162971,5.68311029834355,4.95426369778669,15.0053409048705,14.7023603639362,14.7023603639362,10.7819577911991,5.87839901745095,3.09728298476842,10.7819577911647,36.580574455136,4.3806448350297,20.3249326730037,6.41412806735865,6.04658632906953,7.00686879729455,4.3806448350297,6.04658632906953,4.3806448350297,3.98249831411135,6.04658632906953,4.3806448350297,4.3806448350297,4.3806448350297,5.11012430969537,6.04658632906953,4.3806448350297,4.3806448350297,4.3806448350297,4.3806448350297,6.41412806735865
11.725033400033,9.36720036955463,8.34316787610453,13.8616289763315,11.0095061725342,9.95894168869525,13.3518666911471,11.2988946587718,10.3764291057335,11.2888858709028,10.6252083350013,13.8924068955835,12.3138842929171,14.1477621850822,5.5210715798093,5.86057690076336,8.64124621451124,11.7810072927863,12.6934831821034,11.7810072929062,5.75520729444319,5.27994602031594,15.1094581857187,14.8428527836201,14.8428527836201,11.3252037513489,5.94138975267193,3.26972967169077,11.3252037496315,42.5895209329187,4.62447987197142,20.4754765362552,6.54006404386062,5.93365685172107,7.46729758580152,4.62447987197142,5.93365685172107,4.62447987197142,3.78140758875564,5.93365685172107,4.62447987197142,4.62447987197142,4.62447987197142,5.75136840114654,5.93365685172107,4.62447987197142,4.62447987197142,4.62447987197142,4.62447987197142,6.54006404386062
12.1364982164105,9.51602721297576,8.21182840583871,14.0421451254197,11.0141410166867,10.2795097997368,13.3934408984944,11.6456010031489,10.0310874925626,12.1573742173837,10.457455189159,14.1183666624034,12.7439265558141,14.366658511418,5.47326333435917,5.80223571925096,8.30799417105393,11.3878826482239,13.0928379783499,11.3878826478532,6.05629548771326,5.25666069801532,16.407698945259,15.3919045684407,15.3919045684407,11.0368983654429,5.66997920418282,3.25340023989386,11.0368983654723,41.1252770844221,4.60104147990622,21.2750273611332,6.36214093757451,6.95626188514117,7.43413303200218,4.60104147990622,6.95626188514117,4.60104147990622,3.66501287970046,6.95626188514117,4.60104147990622,4.60104147990622,4.60104147990622,5.56916913837703,6.95626188514117,4.60104147990622,4.60104147990622,4.60104147990622,4.60104147990622,6.36214093757451
12.2778763827298,9.05364154961528,7.96619974249026,14.2778338598447,10.9587650391444,10.615476336251,13.5723717752652,12.1162144223667,9.73536273784868,12.2404210939903,10.1471429376731,14.6576143364135,13.4042615014702,14.8785943716294,5.18303375424491,6.04908820044081,8.2611653986153,11.0483269094149,13.8251501899618,11.0483269097763,6.12157709906243,4.90942738924573,16.4832935334728,16.2197656411679,16.2197656411679,10.6817957354995,5.59989439128126,3.11966982688598,10.6817957352999,42.3312527657023,4.41227953905071,22.5097333907152,6.87628746254173,6.7579530823667,6.9434685476348,4.41227953905071,6.7579530823667,4.41227953905071,3.5931011377391,6.7579530823667,4.41227953905071,4.41227953905071,4.41227953905071,5.71633998838064,6.7579530823667,4.41227953905071,4.41227953905071,4.41227953905071,4.41227953905071,6.87628746254173
11.490100486349,9.31312774784863,7.86660026466449,13.8688787079975,10.8999119356671,10.1814753271426,13.0821053123788,11.5643625584658,9.68201297529832,11.1903830718078,9.94167603656595,13.7079347648479,12.5509785868871,13.9669207771776,5.77901431031521,5.94789115246244,8.04672353344843,10.9333812845605,12.9099752242643,10.933381283616,5.83055220663152,5.58409744180613,14.8942174045854,15.1039390103443,15.1039390103443,10.7149437469291,5.99150187860284,3.27737626637642,10.7149437465042,36.3686424721637,4.63503824970839,20.8503840771866,6.61569473520008,6.06082599342411,7.89706863304613,4.63503824970839,6.06082599342411,4.63503824970839,4.0425935441294,6.06082599342411,4.63503824970839,4.63503824970839,4.63503824970839,5.48805634009163,6.06082599342411,4.63503824970839,4.63503824970839,4.63503824970839,4.63503824970839,6.61569473520008
12.2821015156902,9.40082256005401,8.3836461422867,14.0688675082041,11.0605336447076,10.1652679748439,13.4968294904813,11.5667195818606,10.3810198795033,12.4661834346527,10.6481050646898,14.2210002238196,12.7064528853126,14.4721957029512,5.45433111484792,5.66618257754877,8.56437634861991,11.7485758945173,12.9753598183477,11.7485758950652,5.73352698938013,5.03837075279218,16.8449392324798,15.2877368221275,15.2877368221275,11.2519979605445,5.78197365976932,3.27854653195469,11.251997960159,38.001173159867,4.63700454474252,21.1181899702828,6.13772473275783,6.28059332810237,7.12573670148695,4.63700454474252,6.28059332810237,4.63700454474252,4.11950574436506,6.28059332810237,4.63700454474252,4.63700454474252,4.63700454474252,4.95502048524855,6.28059332810237,4.63700454474252,4.63700454474252,4.63700454474252,4.63700454474252,6.13772473275783
11.655166462456,9.16395414177675,7.90293012839356,13.3392588589831,10.6920387644754,9.55615572129775,12.5195767645834,10.7205192513029,9.66000508284461,12.0784912062715,10.049360315563,12.9989141166044,11.6848329271107,13.2188066392385,5.27139063553381,5.45697707808537,7.82410585269594,10.911136806231,11.9636500134336,10.9111368063315,5.76913905441656,5.00418517969818,16.2973716245986,14.0273372299805,14.0273372299805,10.6425249762188,5.41199386614719,2.92799739760228,10.6425249761921,42.2697965051839,4.14131184409932,19.4071044217151,5.98988433980607,6.8426119308377,7.07748628213726,4.14131184409932,6.8426119308377,4.14131184409932,4.01493968014361,6.8426119308377,4.14131184409932,4.14131184409932,4.14131184409932,5.56209399701904,6.8426119308377,4.14131184409932,4.14131184409932,4.14131184409932,4.14131184409932,5.98988433980607
12.1042201508765,9.49187699469443,8.28190743472506,14.4656552197278,11.3018505280625,10.6426275646445,13.7163442072694,12.0702597728804,10.1306324581322,11.6236941812216,10.5286612862551,14.5602994564328,13.1928224895217,14.7979003236841,5.69649882057052,5.86733641253124,8.47983766648152,11.4695149066817,13.5463321077907,11.4695149066252,6.16051926515234,5.50526480350839,15.5946960293673,15.9108032637404,15.9108032637404,11.0454642444667,5.87122122216765,3.2295088769208,11.0454642446881,38.4018065393318,4.56747384492442,22.0336879656569,6.65002797505901,6.98365088284671,7.78594204685225,4.56747384492442,6.98365088284671,4.56747384492442,3.98321799914972,6.98365088284671,4.56747384492442,4.56747384492442,4.56747384492442,5.83699788154825,6.98365088284671,4.56747384492442,4.56747384492442,4.56747384492442,4.56747384492442,6.65002797505901
11.594249776821,9.20481760890797,8.01635848725996,13.6106197433441,10.8210898827529,9.75778552697451,12.834516602079,10.9735150887522,9.88989527922204,11.6642440857699,10.1903398189001,13.5171037376008,12.047573775394,13.7576883753809,5.18691818644756,5.88586132359238,8.35684257029371,11.2014939056787,12.4266841557006,11.2014939056931,5.80965632986197,4.80856601018234,15.6170614288351,14.5023726842973,14.5023726842973,10.7053513748058,5.92916710021805,3.13452329713182,10.7053513752517,35.1990541441577,4.43297170871777,20.0243350538545,6.53063544236847,6.24147274220343,6.80052894542582,4.43297170871777,6.24147274220343,4.43297170871777,3.84874954747664,6.24147274220343,4.43297170871777,4.43297170871777,4.43297170871777,5.03347111863146,6.24147274220343,4.43297170871777,4.43297170871777,4.43297170871777,4.43297170871777,6.53063544236847
12.3352730146041,9.19063642787127,8.16596553532727,14.43903056407,10.9191831673767,10.9377238272284,14.0141569789855,12.5423295409108,10.0521276085218,12.0297575490873,10.3532904797796,15.1139414148197,13.794394724956,15.3837177755199,5.66925029941753,6.33374776103553,8.65858975487801,11.4125013700461,14.203633149693,11.4125013703886,6.0667739134909,5.4031572408112,16.0852461027725,16.6951405652961,16.6951405652961,10.913471731549,6.12836312807901,3.50605985936016,10.9134717321229,40.357285629603,4.9584351692849,23.0842924429459,6.91383042534843,6.16683951082588,7.64149292078236,4.9584351692849,6.16683951082588,4.9584351692849,3.66628782622069,6.16683951082588,4.9584351692849,4.9584351692849,4.9584351692849,5.39231312816263,6.16683951082588,4.9584351692849,4.9584351692849,4.9584351692849,4.9584351692849,6.91383042534843
12.2216654259198,9.80025950422719,8.3666744310793,14.362275271589,11.4096491563769,10.2871877229555,13.5046767146332,11.6575728965833,10.2914182673722,12.3287863314933,10.6184858057154,14.2733048897625,12.8053118470065,14.5361425082519,5.49835291210048,6.14306762132957,8.65792601345125,11.6515802106592,13.1590138386383,11.6515802105709,6.06330750941605,5.08321254932815,16.5072486493738,15.4207223719827,15.4207223719827,11.1567454758764,5.92704596224544,3.36427384426407,11.1567454761149,42.4769755689907,4.75806614705487,21.282731302656,6.6267486297224,6.61351264872419,7.18915048096952,4.75806614705487,6.61351264872419,4.75806614705487,4.04615184816481,6.61351264872419,4.75806614705487,4.75806614705487,4.75806614705487,5.33131556226976,6.61351264872419,4.75806614705487,4.75806614705487,4.75806614705487,4.75806614705487,6.6267486297224
11.9061131745633,9.52255230182632,8.22709787401114,14.0157783993077,11.0054441121838,10.1371916190399,13.3581156882954,11.480226835774,10.1909543426639,11.725318249081,10.4568611261186,14.0477269430965,12.5530607648666,14.3121273667329,5.50270719565903,5.70339427159518,8.48258666149127,11.5669996406452,12.8642591043185,11.566999640616,5.66080845292946,5.21601641396782,15.7868452653962,15.144764822684,15.144764822684,11.0827588510191,6.15515450901839,3.34545240228028,11.0827588510191,36.6884311523556,4.73144236560318,20.8905269336697,6.14375675091309,6.00011567532394,7.37685678838463,4.73144236560318,6.00011567532394,4.73144236560318,3.74617566008249,6.00011567532394,4.73144236560318,4.73144236560318,4.73144236560318,5.59895237792496,6.00011567532394,4.73144236560318,4.73144236560318,4.73144236560318,4.73144236560318,6.14375675091309
11.9251596909271,9.20204416861601,7.97952587663843,13.9226734946699,10.7450881839768,10.2353041198649,13.2764006700186,11.6403354271684,9.84642978177947,11.7311129135301,10.1481873448692,14.3321614170435,12.8604047328163,14.5530254592857,5.15079234238309,5.6653687225776,8.42050764614779,11.1518994226129,13.1807917918472,11.1518994209464,5.70547971396441,4.78616140884409,15.7842391013056,15.5157727406036,15.5157727406036,10.4685691156774,5.77886844330377,3.08713316044013,10.4685691157711,42.0458966730626,4.36624583108955,21.5043378945186,6.30396312271076,6.2332548146562,6.76906782351699,4.36624583108955,6.2332548146562,4.36624583108955,3.83491251253794,6.2332548146562,4.36624583108955,4.36624583108955,4.36624583108955,5.89601262345628,6.2332548146562,4.36624583108955,4.36624583108955,4.36624583108955,4.36624583108955,6.30396312271076
11.4534072769412,9.03075331003261,7.90060394056906,13.8008588970752,10.7802079808142,10.1279000679559,12.9302182693994,11.3926230932841,9.60611787283013,11.0363658261792,10.0067672514254,13.8120653863305,12.5271878539469,14.0578691574974,5.31626000164749,5.67456701542087,8.08696823611279,10.8499481961246,12.8140770761733,10.8499481957403,5.93242188818247,4.91854801135423,14.7115941097141,15.0813321711014,15.0813321711014,10.3721655324635,5.88825122820022,3.19813338497177,10.372165531811,39.9547567450045,4.52301245882577,20.8430300241887,6.14338551131768,6.88346793346234,6.95617324631996,4.52301245882577,6.88346793346234,4.52301245882577,3.99259752436407,6.88346793346234,4.52301245882577,4.52301245882577,4.52301245882577,5.29705808291047,6.88346793346234,4.52301245882577,4.52301245882577,4.52301245882577,4.52301245882577,6.14338551131768
12.138264240513,9.53682089049922,7.82415834463408,14.200357198599,10.8664867303916,10.5969689153055,13.5156119275711,12.1428933417198,9.61261374908586,12.2393712307362,9.95088658340853,14.4179490380281,13.2773191080523,14.6350914885193,5.57925954504798,5.77272683246449,7.85173705435664,10.8933261683333,13.5902647312445,10.8933261682464,5.70848636564254,5.51934954221365,16.4819135484108,16.0512779422259,16.0512779422259,10.6936700341584,5.59960247813208,3.06884945658643,10.6936700342623,38.458574115141,4.34034669853537,22.2815097487324,6.23125528978995,6.33188840133516,7.80589827547184,4.34034669853537,6.33188840133516,4.34034669853537,3.68950434889277,6.33188840133516,4.34034669853537,4.34034669853537,4.34034669853537,4.89435533830999,6.33188840133516,4.34034669853537,4.34034669853537,4.34034669853537,4.34034669853537,6.23125528978995
11.7592642633553,9.39068090744275,8.26392799728517,14.0317595064459,11.1770020124693,10.0084102711214,13.2237031289909,11.2792291163355,10.1898709383942,11.4844146058808,10.5249455186756,13.7847883730096,12.2990863063,14.0258682478228,5.47879966982903,5.54348234902174,8.32204634732231,11.5529303409622,12.5874449256474,11.5529303408649,5.74979253018245,5.24805099436769,15.4426197544584,14.8141489370403,14.8141489370403,11.1606714020008,5.89350577211198,3.16496238536579,11.1606714017779,41.3707477345799,4.47644176761511,20.4658196150713,6.03693781535063,6.53422952883329,7.42232813189568,4.47644176761511,6.53422952883329,4.47644176761511,3.8627936733298,6.53422952883329,4.47644176761511,4.47644176761511,4.47644176761511,5.38728991895537,6.53422952883329,4.47644176761511,4.47644176761511,4.47644176761511,4.47644176761511,6.03693781535063
12.0250457563442,9.6491469795271,8.34520273444699,14.683630153897,11.4790876736324,10.657560977615,13.8376298474643,12.1375772074069,10.2428175833269,11.2178914273611,10.6020684018913,14.5852006430141,13.4352603247918,14.859751380016,5.34334215739106,6.1094312467813,8.32633316219246,11.6334877932152,13.8687484289113,11.6334877931633,6.24500154566606,4.88736453605208,15.0189919884032,16.2463993839353,16.2463993839353,11.6495463758927,6.03519719668206,3.4811080671831,11.6495463758643,42.8092115615468,4.92320880810263,22.441636125422,7.01122017399741,6.60340519476092,6.91200348212298,4.92320880810263,6.60340519476092,4.92320880810263,3.69309832424236,6.60340519476092,4.92320880810263,4.92320880810263,4.92320880810263,5.2901032575981,6.60340519476092,4.92320880810263,4.92320880810263,4.92320880810263,4.92320880810263,7.01122017399741
12.2925512223483,9.36514439317825,8.39914218486139,14.5945419738445,11.3578943679186,10.5521876605927,13.8450052450863,11.9942219230305,10.3642313367981,11.9281287137888,10.7322151164587,14.7812965044259,13.2768099525514,15.0004935902394,5.15568588372002,5.77500755418357,8.54473448373532,11.7769709655967,13.6008572614702,11.7769709649263,5.88420582959504,4.8284569375608,16.0427698916931,16.0508472762275,16.0508472762275,11.3200677113182,5.81190925703981,3.12498342291584,11.32006771138,36.1840805667672,4.41964010576548,22.2645645001683,6.30105686747517,6.68093198770865,6.82883752419472,4.41964010576548,6.68093198770865,4.41964010576548,3.68461815534146,6.68093198770865,4.41964010576548,4.41964010576548,4.41964010576548,5.13443299911647,6.68093198770865,4.41964010576548,4.41964010576548,4.41964010576548,4.41964010576548,6.30105686747517
11.3989107930777,9.06158663490412,7.98592237392779,13.8514644374558,11.1129107937862,9.80528500146621,12.8730492595525,11.0809472956704,9.86187411767178,11.1829930956988,10.1200431635699,13.5645515760136,12.0555798014735,13.8324927334651,5.53554429130393,5.76777543725086,8.44672318065492,11.1683932881964,12.3890255811868,11.1683932874544,5.67710128904524,5.25077980647771,14.9473204240298,14.5122335382127,14.5122335382127,10.520881921307,6.00825760467416,3.31275224313241,10.5208819211061,37.5097829676227,4.68530303601388,19.9811443825433,6.26665561369739,5.9552929012845,7.42617416934335,4.68530303601388,5.9552929012845,4.68530303601388,3.85043151094055,5.9552929012845,4.68530303601388,4.68530303601388,4.68530303601388,5.3677390918025,5.9552929012845,4.68530303601388,4.68530303601388,4.68530303601388,4.68530303601388,6.26665561369739
12.001496424309,9.04019436625319,7.85653990232477,14.3591986114283,10.8543900663758,10.7330726807273,13.6709195097727,12.3801368659526,9.64551029371879,11.5030983952903,9.93387792887703,14.9232358171636,13.7238183961206,15.1894055778539,5.33495019500714,5.76425848204817,8.24518458762188,10.9344606228431,14.0373176244654,10.9344606229494,5.75885778898495,4.8998002028394,15.485765172854,16.6074222020601,16.6074222020601,10.4448067333066,5.74328104671546,3.45721562521037,10.4448067333066,37.0448597941252,4.88960919276649,22.9734282801365,6.288203624252,6.00358428826433,6.92976798193783,4.88960919276649,6.00358428826433,4.88960919276649,3.6679970186276,6.00358428826433,4.88960919276649,4.88960919276649,4.88960919276649,4.98398112765145,6.00358428826433,4.88960919276649,4.88960919276649,4.88960919276649,4.88960919276649,6.288203624252
11.7232629605306,8.96413233715298,7.89307281200408,14.1980598410394,10.8639166712851,10.5545317965136,13.3730549526823,11.9945835993163,9.59652321909516,11.1596827612576,9.99942533068644,14.4762582358653,13.2479597246366,14.7357560358612,5.32693869161251,5.87172609737486,8.12144957386278,10.8763973379444,13.5381250153958,10.8763973381847,5.90338772194793,4.9480269025143,14.8448512537012,16.0166879073166,16.0166879073166,10.4040830604575,5.93790831241676,3.36707415717678,10.4040830602263,40.3932926419716,4.76198829124073,22.143866213833,6.06633581181459,6.71358015659459,6.99781160720008,4.76198829124073,6.71358015659459,4.76198829124073,3.67174984722148,6.71358015659459,4.76198829124073,4.76198829124073,4.76198829124073,5.46203179487342,6.71358015659459,4.76198829124073,4.76198829124073,4.76198829124073,4.76198829124073,6.06633581181459
12.1861685284131,9.10257764256614,8.38008418130295,14.5189019401223,11.2664314827518,10.6421548480849,13.8187615371478,12.0416666836556,10.3038076783508,11.6471908584907,10.6874332600839,14.8333749945022,13.3417882170018,15.0525185721099,5.18721622780592,6.03913140315369,8.72997242533147,11.6833161749774,13.7482029808986,11.6833161745381,6.19487356867505,4.79603489144691,15.5851385468617,16.1068685668443,16.1068685668443,11.1488812298185,5.98648690649327,3.12514830039392,11.1488812304438,41.1105269655642,4.42012049306964,22.3451381966214,6.94258019735267,6.88419930652264,6.78318009556025,4.42012049306964,6.88419930652264,4.42012049306964,3.8951156314912,6.88419930652264,4.42012049306964,4.42012049306964,4.42012049306964,5.28372398553719,6.88419930652264,4.42012049306964,4.42012049306964,4.42012049306964,4.42012049306964,6.94258019735267
12.4028108119068,9.47710245210765,7.99585088075464,14.5931612857798,11.1321069740281,10.814102891703,13.8004494858508,12.3811363005195,9.8421227696059,12.4251960391102,10.1672707207397,14.90888349331,13.6334909719005,15.1272008374344,5.46330283296842,5.79867095149853,8.16827063557587,11.1509207157675,13.9112679799443,11.1509207150327,5.69862706844681,5.26847900629099,16.7205803033254,16.4806822032743,16.4806822032743,10.719671061012,5.81257664532591,3.1298738993808,10.7196710613631,37.9956979411979,4.42631566344204,22.8855621336703,6.11259413332525,6.3612988058376,7.45065350660071,4.42631566344204,6.3612988058376,4.42631566344204,3.79972071159541,6.3612988058376,4.42631566344204,4.42631566344204,4.42631566344204,5.24483912625021,6.3612988058376,4.42631566344204,4.42631566344204,4.42631566344204,4.42631566344204,6.11259413332525
12.0402273009663,9.89382692986671,8.29218220563045,13.9229601363279,10.868929726428,10.330642930393,13.3537307863818,11.6238534661654,10.0969781943042,11.9832361642496,10.4999578938156,13.8851859364583,12.7025482902904,14.1716841185506,5.67861530130484,5.82694590315388,8.13622197248864,11.4237339536324,13.0074835962885,11.4237339550708,6.14687792099518,5.31030377098815,16.1262352095046,15.293767059689,15.293767059689,11.3305748477101,6.1005855377417,3.4671605271065,11.3305748479658,36.2989020983361,4.90367296144747,21.06434495478,6.30937949539652,7.03541175754624,7.51026832118827,4.90367296144747,7.03541175754624,4.90367296144747,4.03594281366778,7.03541175754624,4.90367296144747,4.90367296144747,4.90367296144747,5.34781387795374,7.03541175754624,4.90367296144747,4.90367296144747,4.90367296144747,4.90367296144747,6.30937949539652
11.9296594032982,9.88355738415781,8.49520657941905,14.3759073124711,11.2973426269594,10.3910509690137,13.8447832967815,11.8639245226644,10.5568305205698,11.0400798623094,10.8445091103561,14.6144528134975,13.0402987251495,14.831651266207,5.40495686227452,5.86686218123126,8.75921643203535,11.9741063000595,13.4180802524595,11.9741063002037,5.91719380848134,5.14097816480288,14.7207304356743,15.7246565589494,15.7246565589494,11.5048021475945,5.64313637419604,3.0927503264874,11.5048021475069,39.3843427642196,4.37399164390616,21.8045502258115,6.75472137918922,6.34678766590809,7.27074536731511,4.37399164390616,6.34678766590809,4.37399164390616,3.95524737576789,6.34678766590809,4.37399164390616,4.37399164390616,4.37399164390616,5.32294953187374,6.34678766590809,4.37399164390616,4.37399164390616,4.37399164390616,4.37399164390616,6.75472137918922
11.909053135292,9.33940842832128,8.18441966916246,14.0827530257308,10.8876573585928,10.3606997634228,13.6121500708068,11.8228149589197,10.144066890617,11.3403655884918,10.4627044500442,14.4501330670249,12.937721095544,14.6555900479485,5.41726269050047,5.52059743298789,8.39097860634958,11.5240741795584,13.2526362058182,11.5240741782565,5.63481095821094,5.33789095868303,15.2575480133693,15.6357601517175,15.6357601517175,11.0221651570659,5.62884126534204,2.98704628014662,11.0221651569187,42.0680103069714,4.22458345498805,21.7037595900734,6.15997588259576,6.28180985106066,7.54943555328676,4.22458345498805,6.28180985106066,4.22458345498805,3.63301824515596,6.28180985106066,4.22458345498805,4.22458345498805,4.22458345498805,5.53230110960326,6.28180985106066,4.22458345498805,4.22458345498805,4.22458345498805,4.22458345498805,6.15997588259576
12.3612608963061,9.89760750274646,8.27821015226527,14.1896594772198,10.806319359526,10.6445908175254,13.7294672834824,12.1023452820847,10.1321654341758,12.1962106084761,10.5121461770981,14.5231771308681,13.3808375114444,14.7666427726267,5.36685521839146,5.6822384628268,8.01933143897714,11.4643975444429,13.650835229326,11.4643975432875,5.98065727547476,4.93581063564301,16.4523678137041,16.1373496484195,16.1373496484195,11.4223510006872,5.81253680248429,3.26620309263123,11.4223510002638,36.4914200135915,4.61940401991291,22.3492763413762,6.18339188449016,6.90878536787573,6.98057373497009,4.61940401991291,6.90878536787573,4.61940401991291,4.04240796338959,6.90878536787573,4.61940401991291,4.61940401991291,4.61940401991291,5.3674594278467,6.90878536787573,4.61940401991291,4.61940401991291,4.61940401991291,4.61940401991291,6.18339188449016
