Animal_1,Animal_2,Animal_3,Animal_4,Animal_5,Animal_6,Animal_7,Animal_8,Animal_9,Animal_10,Animal_11,Animal_12,Animal_13,Animal_14,Animal_15,Animal_16,Animal_17,Animal_18,Animal_19,Animal_20,Animal_21,Animal_22,Animal_23,Animal_24,Animal_25,Animal_26,Animal_27,Animal_28,Animal_29,Animal_30,Animal_31,Animal_32,Animal_33,Animal_34,Animal_35,Animal_36,Animal_37,Animal_38,Animal_39,Animal_40,Animal_41,Animal_42,Animal_43,Animal_44,Animal_45,Animal_46,Animal_47,Animal_48,Animal_49,Animal_50
9.36659195905599,7.84113819865626,6.49334990638242,11.2921647216182,8.95174394827634,8.17896338152943,10.6222551502002,9.27067960849156,8.0057557653416,9.15694571332708,8.20955927049395,11.2334085626534,10.0534516753013,11.4141510666694,4.68631279135944,4.67828182631435,6.8308759377268,9.04982907637218,10.3213544206754,9.04982907752979,4.67567555778,4.51653088037402,12.2632088168644,12.0946998248502,12.0946998248502,8.58514105384938,4.91681664887673,2.7286809674704,8.58514105433064,30.3671618094731,3.8281218011289,16.6706108344451,5.19997441335024,4.88787556940659,6.36882205588295,3.8281218011289,4.88787556940659,3.8281218011289,3.26608190011356,4.88787556940659,3.8281218011289,3.8281218011289,3.8281218011289,4.26163590403059,4.88787556940659,3.8281218011289,3.8281218011289,3.8281218011289,3.8281218011289,5.19997441335024
9.58156188063503,7.61586961683322,6.31785521606018,10.9015054198986,8.44317215518326,8.1425197480113,10.3532000619035,9.13301229494593,7.65579313187886,9.89889071448757,8.00131806847867,11.0044116245329,10.0218775692886,11.1845999495039,4.29924753894264,4.72618116696183,6.4076137781537,8.66792869158831,10.3017510522572,8.66792869163554,4.85995907967376,4.03458542364452,13.343089424733,12.0890838440817,12.0890838440817,8.43781435565144,4.87493347321805,2.67234284922012,8.43781435565144,31.2041238290358,3.75038612174364,16.6798559460296,5.10911389574837,5.53973348968947,5.68682596941167,3.75038612174364,5.53973348968947,3.75038612174364,3.00743518783953,5.53973348968947,3.75038612174364,3.75038612174364,3.75038612174364,4.29534399169897,5.53973348968947,3.75038612174364,3.75038612174364,3.75038612174364,3.75038612174364,5.10911389574837
10.0887129917227,8.30163726235741,7.16567907913051,11.946656815863,9.5229745318203,8.64189094498537,11.4138972376254,9.73070045742591,8.80064216037352,9.69976304458695,9.11526640420072,11.867569771004,10.5915057182455,12.052172088387,4.79445396731583,4.98071382829756,7.29165300434732,9.98940801305331,10.9494277243008,9.98940801369229,5.25562661923152,4.61171047065783,13.0643052233565,12.7695668533798,12.7695668533798,9.73977461346788,5.13150451297629,2.88486877988796,9.73977461311416,32.7429142022914,4.03887033317734,17.6021311405236,5.79307352658805,5.7439535207026,6.49661200039575,4.03887033317734,5.7439535207026,4.03887033317734,3.23129483751482,5.7439535207026,4.03887033317734,4.03887033317734,4.03887033317734,4.85278817183028,5.7439535207026,4.03887033317734,4.03887033317734,4.03887033317734,4.03887033317734,5.79307352658805
10.2464533150422,7.87053994113048,6.6653845358191,12.105632528887,9.24493226064867,8.94333983704381,11.4646353675725,10.2736067890831,8.17867996496643,10.0687450039277,8.48014690489194,12.402774270102,11.3613236186181,12.5439558271029,4.39860746463851,4.73740901077093,6.66631219075524,9.274167647915,11.592925141431,9.27416764952642,4.78404776559408,4.19503251324396,13.5593500599989,13.7429221706482,13.7429221706482,9.04828196593225,4.56479608464051,2.62866849465875,9.04828196659718,30.6931958251409,3.68279530468338,19.0879420444638,5.04708269526058,5.44298722033055,5.91120474534875,3.68279530468338,5.44298722033055,3.68279530468338,3.08823768140961,5.44298722033055,3.68279530468338,3.68279530468338,3.68279530468338,4.5434619415185,5.44298722033055,3.68279530468338,3.68279530468338,3.68279530468338,3.68279530468338,5.04708269526058
10.1265301287538,7.94766436627685,6.96759905062475,11.8994998437162,9.36054286233321,8.66621606585234,11.3985910858438,9.85281444630461,8.57981028881693,9.88173284402088,8.8922338973143,12.0954212874671,10.7541268499659,12.2520206813644,4.64372431646684,4.82618352264731,7.23195624069911,9.74097000520215,11.0657630130724,9.74097000527049,5.01214179679982,4.55852048167795,13.3164441866418,12.9841861636382,12.9841861636382,9.2598115402424,4.70193679451847,2.62214956945416,9.25981154021304,33.1162530110189,3.68057302434822,17.9898628172179,5.49433076906645,5.62410424698723,6.43079024963934,3.68057302434822,5.62410424698723,3.68057302434822,3.12890415330372,5.62410424698723,3.68057302434822,3.68057302434822,3.68057302434822,4.57086283805061,5.62410424698723,3.68057302434822,3.68057302434822,3.68057302434822,3.68057302434822,5.49433076906645
10.3199599076242,7.72628724894921,6.93164918799287,11.9414355873892,9.30325499034408,8.76733360252907,11.3863309846724,9.90847276613338,8.50893119659888,10.3037307566861,8.83201030133822,12.1741913643518,10.9199249774484,12.3358408263768,4.43669074020073,5.04802983749272,7.21122644347387,9.65400654497587,11.2676519678372,9.65400654497529,5.15197136683934,4.19801735324617,13.8820418529533,13.1861964411192,13.1861964411192,9.24113343226245,5.00607396845672,2.67476483434793,9.24113343219649,32.0236799097248,3.74894371845633,18.2666481932079,5.75771699322242,5.69406616057909,5.91547563360745,3.74894371845633,5.69406616057909,3.74894371845633,3.16300496004345,5.69406616057909,3.74894371845633,3.74894371845633,3.74894371845633,4.86423912564107,5.69406616057909,3.74894371845633,3.74894371845633,3.74894371845633,3.74894371845633,5.75771699322242
10.0716296233137,8.10382577886755,6.93333683299642,12.0520654593759,9.4941455922421,8.62640276790156,11.3900450183257,9.81165665429626,8.58972088557426,9.74520664364718,8.85299605809442,12.0462877137161,10.7550291909,12.1938125270341,4.50080402204015,4.61526138562501,7.05276356171628,9.76870741835712,11.0400298576836,9.76870741852771,4.78056362197669,4.37919011819949,13.1999065976457,13.0035396246169,13.0035396246169,9.444409184565,4.90155284976985,2.66021771571103,9.44440918474501,29.7813755266791,3.72289509775879,18.0093441237871,5.24194365970608,5.21762425019703,6.16946618029322,3.72289509775879,5.21762425019703,3.72289509775879,2.97466524544615,5.21762425019703,3.72289509775879,3.72289509775879,3.72289509775879,4.35230033389864,5.21762425019703,3.72289509775879,3.72289509775879,3.72289509775879,3.72289509775879,5.24194365970608
10.0824818255181,8.1428831528587,6.83143902746865,11.5878219232861,9.14958995281692,8.36126529141071,11.1219422618852,9.53681345591073,8.46569257707621,10.2138658958315,8.71491124777491,11.6120917610988,10.3910828127892,11.76541481281,4.56466052845909,4.67801880010167,6.85079018570567,9.61446394717679,10.667549175078,9.6144639471837,4.71081145000723,4.48055928646778,13.8271465827371,12.541474854054,12.541474854054,9.39679975486314,4.6069372996082,2.60115422516816,9.39679975479056,31.2815963206334,3.64212711020042,17.357782223356,5.17901849082939,5.14662562735185,6.31555195023132,3.64212711020042,5.14662562735185,3.64212711020042,3.05883733783398,5.14662562735185,3.64212711020042,3.64212711020042,3.64212711020042,4.41469949545647,5.14662562735185,3.64212711020042,3.64212711020042,3.64212711020042,3.64212711020042,5.17901849082939
10.0185603819232,7.88127061438822,6.79701580716338,11.5442676732546,8.964966670221,8.42413832958304,11.1214807396601,9.61861640064494,8.40968017363133,10.0628919807705,8.6269441504717,11.8667063946899,10.6031522863733,12.0643228166903,4.40371174171665,4.87434575813067,7.08687618917098,9.55249839860097,10.8638245196221,9.5524983983798,4.69459413376756,4.0690151311543,13.5427513130155,12.8093772861277,12.8093772861277,9.08972642983244,4.8998163159463,2.87779208961259,9.08972642987925,33.4969636195792,4.03048930359057,17.6606816659747,5.09151114669681,4.89379885149516,5.72677197150248,4.03048930359057,4.89379885149516,4.03048930359057,3.02268341056917,4.89379885149516,4.03048930359057,4.03048930359057,4.03048930359057,4.22475001289203,4.89379885149516,4.03048930359057,4.03048930359057,4.03048930359057,4.03048930359057,5.09151114669681
9.37613678710376,7.63042616288671,6.30662489033404,10.6731509693618,8.4181165004984,7.84440320931081,10.2473641230841,8.85677853345529,7.73333229503665,9.64608577749728,8.03701366600306,10.8034169253612,9.63428094867652,10.9420065052681,4.28558397775788,4.75717469964261,6.54995723221262,8.77587831836025,9.97512945495529,8.77587831819063,4.73172749127431,4.21583350333641,12.961015663319,11.625153420411,11.625153420411,8.43155199586362,4.4576166014681,2.43701193844649,8.43155199613051,33.8736515036239,3.410069197847,16.0840896046554,5.31148936732854,5.22755958923609,5.94134530964163,3.410069197847,5.22755958923609,3.410069197847,2.85838670735711,5.22755958923609,3.410069197847,3.410069197847,3.410069197847,4.20651818740003,5.22755958923609,3.410069197847,3.410069197847,3.410069197847,3.410069197847,5.31148936732854
10.056699083582,7.89500977550296,6.75444043431406,11.9074987784718,9.22255881134644,8.69277465470937,11.2846559818963,9.94858495697522,8.32304277084722,9.85194338585032,8.55785770546046,12.0647454549254,10.9946783455666,12.2579314012628,4.45021993701057,4.82340201084112,6.869224028176,9.43339824738467,11.252161557044,9.43339824562598,4.80760829485726,4.09067265157051,13.2606073246186,13.2766532918947,13.2766532918947,9.18587655004843,4.87593959941291,2.85404870834441,9.18587655008316,33.5758356429102,4.00694468403009,18.3448478279753,5.22483837167259,5.0975100464881,5.76482537963981,4.00694468403009,5.0975100464881,4.00694468403009,3.18181350352428,5.0975100464881,4.00694468403009,4.00694468403009,4.00694468403009,4.46005116022644,5.0975100464881,4.00694468403009,4.00694468403009,4.00694468403009,4.00694468403009,5.22483837167259
9.79205136476385,7.69922914794912,6.62208200796871,11.8221507847777,9.00652833117132,8.90079379136815,11.276151769437,10.1321207917981,8.06629117526001,9.09025962066716,8.38264923161552,12.2203226107251,11.1343339176286,12.3916479565149,4.63081604475585,4.73583615431275,6.89889781978132,9.14162434477502,11.414316417302,9.14162434483166,4.99759844666946,4.41292471123015,12.2118816254447,13.4610356375647,13.4610356375647,8.73161883071819,5.02004072411058,2.85825591794599,8.73161883028539,31.3236119531418,4.01084987951685,18.6111623633526,5.33580887750516,5.5108605388984,6.22066099418808,4.01084987951685,5.5108605388984,4.01084987951685,3.09016018572069,5.5108605388984,4.01084987951685,4.01084987951685,4.01084987951685,4.83295070296597,5.5108605388984,4.01084987951685,4.01084987951685,4.01084987951685,4.01084987951685,5.33580887750516
9.93770336889448,7.48956171731327,6.56451509736421,11.3333195226727,8.73867985427128,8.35093896231782,10.9074903707483,9.52284953612698,8.12097006247289,9.99228833377389,8.35813608036772,11.6921991739807,10.5272560855318,11.8346798087736,4.17300407904928,4.56503764717025,6.77589604695321,9.20295141869622,10.8140312631753,9.20295141826566,4.67872878235015,3.90777043012281,13.5548282356562,12.7039389232167,12.7039389232167,8.85034604943769,4.61407564204429,2.50066969358329,8.85034604959569,29.3139673755344,3.49919877825285,17.6216661717874,5.29832218790597,5.0353717596577,5.50280621246353,3.49919877825285,5.0353717596577,3.49919877825285,3.1170477873965,5.0353717596577,3.49919877825285,3.49919877825285,3.49919877825285,4.49523197741304,5.0353717596577,3.49919877825285,3.49919877825285,3.49919877825285,3.49919877825285,5.29832218790597
9.88596467166105,7.89736488505958,6.71164970924943,11.8295394822631,9.07282932925287,8.78915611878518,11.4541080841022,10.1202188050497,8.34705441028339,9.23884935483973,8.55967576327094,12.1725124294964,11.0889503212941,12.3018206727263,4.57743414142252,4.68151508380191,6.76220500155015,9.45841782508773,11.3810350192022,9.45841782530155,4.70641035930198,4.52632149927393,12.3923434148933,13.3904862107357,13.3904862107357,9.29937441488699,4.52210486516697,2.44469778623458,9.29937441491599,34.5615863914167,3.42981475767698,18.6236109365231,5.47683375095655,4.96906618750259,6.38652888955544,3.42981475767698,4.96906618750259,3.42981475767698,3.21034733168016,4.96906618750259,3.42981475767698,3.42981475767698,3.42981475767698,4.45075246619544,4.96906618750259,3.42981475767698,3.42981475767698,3.42981475767698,3.42981475767698,5.47683375095655
9.83835072132423,7.80089838177324,6.56522643989411,11.5623303396425,8.83709925151354,8.68139083953254,11.132698229368,9.86461541040361,8.07456795650749,9.61057369689601,8.36077241110448,12.0245993633434,10.7956443893009,12.1659399921038,4.52359593086778,4.75100063740435,6.96899458498927,9.16936680789078,11.1146252746722,9.16936680803253,4.83481368921989,4.46832461243897,12.9598551507284,13.0593613548427,13.0593613548427,8.63930990066102,4.93929648567747,2.60196967147323,8.63930990055991,32.39981403745,3.63566351234105,18.1070108283335,5.43381670631812,5.23270820593333,6.29360558989806,3.63566351234105,5.23270820593333,3.63566351234105,2.92586705872415,5.23270820593333,3.63566351234105,3.63566351234105,3.63566351234105,3.95959035423942,5.23270820593333,3.63566351234105,3.63566351234105,3.63566351234105,3.63566351234105,5.43381670631812
9.62317448968177,7.53626957645116,6.72243036468634,11.0097267886464,8.76195373401117,8.0117380936459,10.6334267399288,9.00545244755129,8.24808810419893,9.6329625061581,8.57743238002194,11.1448991992813,9.79850729686657,11.2943667701508,4.40267266798628,4.76204885317336,6.95004590327324,9.35836159719772,10.1181755873866,9.35836159715609,4.91418831099953,4.27854079912197,12.9357968360225,11.8039663947379,11.8039663947174,8.90824339148807,4.55949205835514,2.51664577393086,8.90824339131425,32.6138509772353,3.5226889780896,16.3174820164307,5.33658686436275,5.61771261083867,6.02958727464216,3.5226889780896,5.61771261083867,3.5226889780896,3.06342254315567,5.61771261083867,3.5226889780896,3.5226889780896,3.5226889780896,4.6044100104109,5.61771261083867,3.5226889780896,3.5226889780896,3.5226889780896,3.5226889780896,5.33658686436275
9.47732707761457,7.60514055119104,6.30084267429855,11.3428923790328,8.78918844261716,8.35552018763185,10.7029627275142,9.50950105805378,7.75620177263048,9.30288040353865,8.00732087502501,11.4206845436071,10.3822323399999,11.5787473019465,4.45603674959446,4.5737086650857,6.49168424225418,8.79886147372846,10.6673556220702,8.79886147387391,4.59810519717668,4.39228899103602,12.5353224230699,12.5502480432277,12.5502480432277,8.516134121929,4.78519245750773,2.55584855073412,8.5161341226109,31.7118656800325,3.58305537483048,17.3830024202734,5.13597780764406,4.92048551334943,6.19343110605805,3.58305537483048,4.92048551334943,3.58305537483048,2.89323893320384,4.92048551334943,3.58305537483048,3.58305537483048,3.58305537483048,4.08689676465015,4.92048551334943,3.58305537483048,3.58305537483048,3.58305537483048,3.58305537483048,5.13597780764406
9.78787907543534,7.84223903452728,6.5588962991824,10.9982140812883,8.65045144378489,8.11210673750408,10.5176645152163,9.06291555948463,8.00903342115291,10.2008361533005,8.34609561707955,11.0161558204267,9.92170309829205,11.1697264478509,4.3001449257068,4.83382850109899,6.6246139854544,9.07015016940446,10.2631684525145,9.07015016976082,4.99159280421144,4.09253854715462,13.7710056618893,11.9492075665253,11.9492075665253,8.88986493661135,4.8439420735244,2.52365153536102,8.88986493651297,31.649687650496,3.53113488109205,16.5254194178267,5.51793536615905,5.64194076400669,5.76465159097088,3.53113488109205,5.64194076400669,3.53113488109205,3.12615227250668,5.64194076400669,3.53113488109205,3.53113488109205,3.53113488109205,4.12349446070939,5.64194076400669,3.53113488109205,3.53113488109205,3.53113488109205,3.53113488109205,5.51793536615905
9.48470263285631,7.41683536084487,6.3422345023055,11.1119061806391,8.7970573933608,8.02961833677668,10.4176559724443,9.11942464381575,7.81488814678861,9.64384573848512,8.02121986008325,11.1032554079174,9.92948368968873,11.2659501666153,4.50363807563858,4.59467551935651,6.70404604232517,8.83111377342978,10.1871017392825,8.83111377398334,4.57921482136104,4.30882344420619,12.9976710950185,11.946920308598,11.946920308598,8.32605936348438,4.71463610042225,2.63549051926613,8.32605936382794,29.4089051312205,3.69328083922098,16.4863581779052,5.08657346079819,4.83675272719281,6.07314403314912,3.69328083922098,4.83675272719281,3.69328083922098,3.21319007138685,4.83675272719281,3.69328083922098,3.69328083922098,3.69328083922098,4.69261597498473,4.83675272719281,3.69328083922098,3.69328083922098,3.69328083922098,3.69328083922098,5.08657346079819
10.1604383634419,8.18301522003078,7.06901397729068,11.7877869489409,9.35049228911207,8.47793012728899,11.2939306257395,9.56326377686109,8.76273231147222,10.0929921458831,9.01984209309241,11.7689265861085,10.4465560160943,11.9261860520805,4.56890178586786,4.75002050351988,7.15101229577011,9.93491503864067,10.7439178234766,9.93491503888554,4.91278514571472,4.39604691298053,13.635286676978,12.5771424827737,12.5771424827737,9.6376050604865,4.96445097733016,2.58296255988316,9.63760506098397,30.7517816654701,3.62445363163543,17.4158803796056,5.47182343315531,5.41569633525417,6.20046937919688,3.62445363163543,5.41569633525417,3.62445363163543,3.32282891054258,5.41569633525417,3.62445363163543,3.62445363163543,3.62445363163543,4.55136752081675,5.41569633525417,3.62445363163543,3.62445363163543,3.62445363163543,3.62445363163543,5.47182343315531
10.2902243741952,7.72979709535072,6.88361188947223,12.0049804807429,9.38983072665681,8.76695401878902,11.4004082221762,9.94975171110334,8.48740574597094,10.3967729050253,8.76339519056457,12.0559482320932,10.8977118881006,12.2053171481674,4.61658640162037,5.04704030245655,6.99847535731484,9.62761002782165,11.2296111169357,9.62761002766848,5.01224455268428,4.47199785621716,14.0023373177886,13.1572911274612,13.1572911274612,9.41763892694323,5.01032130030921,2.68641479006175,9.41763892741319,29.4110706821053,3.76185579464087,18.2229325547258,5.66550219085495,5.39611843063382,6.30214746854652,3.76185579464087,5.39611843063382,3.76185579464087,3.17321660194603,5.39611843063382,3.76185579464087,3.76185579464087,3.76185579464087,4.14423232834095,5.39611843063382,3.76185579464087,3.76185579464087,3.76185579464087,3.76185579464087,5.66550219085495
9.69080016624055,7.93465718154448,6.67510388837755,11.2308312765295,9.02281212125138,8.07990846985566,10.5866984204002,9.05654733662621,8.17336117554115,9.94326309464932,8.48457362978308,11.1179210640023,9.87021634053086,11.2796478763173,4.45659316141941,4.97925727762492,6.94991348863368,9.2389562020175,10.2116829194254,9.2389562019115,5.04013847424135,4.24421461436178,13.3097565345091,11.8561245093392,11.8561245093392,8.81751056133104,4.71015807715091,2.53112557822907,8.81751056132551,30.7560066235735,3.55174180928355,16.3858018881505,5.63139087372252,5.64633213084736,5.9858478855457,3.55174180928355,5.64633213084736,3.55174180928355,3.33733708121426,5.64633213084736,3.55174180928355,3.55174180928355,3.55174180928355,4.12985058614603,5.64633213084736,3.55174180928355,3.55174180928355,3.55174180928355,3.55174180928355,5.63139087372252
10.0289808510653,7.69797903366508,6.77188501555691,11.8080051431808,8.97487133087783,8.83319225617005,11.3925380947696,10.0729925573234,8.3276803959296,9.48511938413147,8.61561084139535,12.1946793874234,11.1456188097496,12.3353586782931,4.360558951812,4.59764293786321,6.71270584824354,9.43239548418568,11.3980771703094,9.43239548474244,4.86199158757125,4.08938560049551,12.7841425032601,13.4577850109459,13.4577850109459,9.290700846592,4.77642054684847,2.60827277399278,9.29070084700611,34.6593404437942,3.65461856537294,18.678032178893,5.24901933973179,5.47799299890137,5.76172903383704,3.65461856537294,5.47799299890137,3.65461856537294,3.23868431591664,5.47799299890137,3.65461856537294,3.65461856537294,3.65461856537294,4.73782158789104,5.47799299890137,3.65461856537294,3.65461856537294,3.65461856537294,3.65461856537294,5.24901933973179
9.83874076527625,7.58059229516532,6.69054194138653,11.1607034707743,8.8806484685948,8.04188001476454,10.6254527615264,9.05678820901168,8.21524890687679,10.1112822678033,8.50939672727914,11.0486181015362,9.94297307106034,11.2131876287309,4.28330031839417,4.68702995560421,6.65860217905555,9.30803458887249,10.2538921841507,9.30803458792751,4.9019609607618,3.98110062852688,13.7000789564737,11.969980290576,11.969980290576,9.19956745538978,4.67379468640268,2.61425760201713,9.19956745484471,30.0488173959967,3.67188565948649,16.5252174991611,5.37382073144482,5.45220242291047,5.61373390842777,3.67188565948649,5.45220242291047,3.67188565948649,3.16902122186287,5.45220242291047,3.67188565948649,3.67188565948649,3.67188565948649,4.44020875377873,5.45220242291047,3.67188565948649,3.67188565948649,3.67188565948649,3.67188565948649,5.37382073144482
9.79618235031241,7.95207723013356,6.57626737869042,11.3879912062126,9.12612787242533,8.09487795338959,10.6574125249456,9.17856941343132,8.09438660810454,10.1310786613353,8.36259138497732,11.0511217419146,9.99573484438496,11.2297311319723,4.47016733094515,4.88690758251385,6.57350005206038,9.1946074674613,10.3223485258932,9.19460746776434,4.78621344764767,4.33247009510161,13.6580438033031,12.0687483321987,12.0687483321987,9.1268188577071,4.70738727285579,2.69709037504049,9.12681885798189,32.0258441354427,3.77505976191396,16.6447721718006,5.3252324721391,5.11013846222437,6.1027732187376,3.77505976191396,5.11013846222437,3.77505976191396,2.90716685458243,5.11013846222437,3.77505976191396,3.77505976191396,3.77505976191396,4.58987390709602,5.11013846222437,3.77505976191396,3.77505976191396,3.77505976191396,3.77505976191396,5.3252324721391
9.41016006319665,7.6084004280741,6.35800279163157,11.0039116619421,8.88929416972094,7.8356207386874,10.2936059742599,8.91471748156866,7.80994188937227,9.72800141147519,8.04371944176301,10.7397376487868,9.63943495926696,10.9499583905693,4.58237304388247,4.87355023365539,6.69320785001362,8.86492447845752,10.0023818202251,8.86492447912851,4.77127390766901,4.44034239128138,13.1211024498055,11.6308501256546,11.6308501256546,8.56174504604831,4.64171875871875,2.82386689344898,8.56174504619419,31.0760254828212,3.95528829408949,15.9660316485202,5.44068325324632,4.80097000290819,6.25541891098873,3.95528829408949,4.80097000290819,3.95528829408949,2.86688857907511,4.80097000290819,3.95528829408949,3.95528829408949,3.95528829408949,4.35654212559049,4.80097000290819,3.95528829408949,3.95528829408949,3.95528829408949,3.95528829408949,5.44068325324632
9.69779468164795,7.97632500317801,6.63732822338103,11.5974060445216,8.77312134123313,8.69407975239286,11.2795130523781,9.93960942134289,8.2249073370599,8.90161835617521,8.46922474068811,11.9799423733334,10.9976309024188,12.1227688296442,4.22759453274705,4.78128699295972,6.56043129288954,9.34925825160745,11.3179685606706,9.34925825176504,4.73974882500909,4.03434244469177,11.8893261795353,13.3134440713294,13.3134440713294,9.37589010023965,4.82429916874605,2.55919358708016,9.3758901000455,32.9247768142613,3.591290394944,18.4816597218733,5.45999092574447,4.96856353853066,5.68781551594715,3.591290394944,4.96856353853066,3.591290394944,2.89284894438631,4.96856353853066,3.591290394944,3.591290394944,3.591290394944,4.55209129045575,4.96856353853066,3.591290394944,3.591290394944,3.591290394944,3.591290394944,5.45999092574447
9.25702157476757,7.63338312810612,6.32941198184648,10.8806111592297,8.73897142304805,7.78039183820804,10.1790637567706,8.77915695305126,7.75606313765283,9.36624022939078,8.03255049175114,10.7002392486073,9.57648695128375,10.8641028247068,4.2901387451303,4.64577325340661,6.59120740845448,8.79071758806083,9.92731294952271,8.79071758769148,4.78996949848031,4.09122432216199,12.6479702959823,11.5398696849738,11.5398696849738,8.48730162592764,4.57769522848591,2.60317392265412,8.48730162626319,34.8756586177235,3.63976349195213,15.9082108722479,5.41513387646564,5.12440718135461,5.75957894782735,3.63976349195213,5.12440718135461,3.63976349195213,2.9655949386384,5.12440718135461,3.63976349195213,3.63976349195213,3.63976349195213,4.09260257383097,5.12440718135461,3.63976349195213,3.63976349195213,3.63976349195213,3.63976349195213,5.41513387646564
9.53040887620203,7.98948343377771,6.8276624542134,11.3599569641071,9.08049100790982,8.07174387442649,10.8501960028946,9.09436001660728,8.47349069361935,9.11915076996963,8.73927995612693,11.325135955609,9.95482316814286,11.4593047321422,4.24967483360754,4.69757797850521,7.00553313989817,9.63415362105652,10.3035597839796,9.63415362147364,4.79192466268994,4.10544929360764,12.2376488345122,12.0116408415562,12.0116408415562,9.30198202413055,4.73991885127892,2.45653510923856,9.30198202414163,30.5280717009304,3.44905118630771,16.6327426443086,5.47169156943065,5.20111512453307,5.79105026767272,3.44905118630771,5.20111512453307,3.44905118630771,2.9574646017177,5.20111512453307,3.44905118630771,3.44905118630771,3.44905118630771,4.20761408307615,5.20111512453307,3.44905118630771,3.44905118630771,3.44905118630771,3.44905118630771,5.47169156943065
9.84740680638075,7.6720989307406,6.47363232718354,11.7129810618619,8.88699338365179,8.76122847840843,11.1091607811072,10.0150170777232,7.89330900837748,9.49127073778605,8.20501506758795,12.1198135086308,11.1033052500546,12.2803902910435,4.28959450618087,4.79427558391695,6.64914089320601,8.93865871788835,11.3514785464819,8.93865871784176,4.83554289011414,3.97445893151846,12.6971013360774,13.4229919970174,13.4229919970174,8.59123124039091,4.69526538505669,2.6975979295415,8.59123124034801,29.9694426460416,3.78445862394905,18.6017698070147,5.1216724123607,5.43997572482162,5.60020422129894,3.78445862394905,5.43997572482162,3.78445862394905,3.0849504421925,5.43997572482162,3.78445862394905,3.78445862394905,3.78445862394905,4.71819339467103,5.43997572482162,3.78445862394905,3.78445862394905,3.78445862394905,3.78445862394905,5.1216724123607
9.88904363561751,7.96525333064193,6.80874220775016,11.6523195942416,9.24863484143649,8.30075353507161,11.0498221012349,9.49565146698491,8.42007661024472,9.79316816728577,8.65048994860552,11.6739569292178,10.4165567179759,11.8720295949261,4.47628511308379,4.75954623306812,7.0546746929281,9.57025746272251,10.7041264887743,9.57025746305459,4.75137629421701,4.20763032246516,13.2291623451861,12.583988462921,12.583988462921,9.18228488125846,4.70726367030908,2.86154902839492,9.18228488127307,34.20503336355,4.01615326419912,17.3372162475082,5.19981047512015,4.95574656444429,5.92977119937379,4.01615326419912,4.95574656444429,4.01615326419912,2.96963206836968,4.95574656444429,4.01615326419912,4.01615326419912,4.01615326419912,4.35472757808435,4.95574656444429,4.01615326419912,4.01615326419912,4.01615326419912,4.01615326419912,5.19981047512015
9.74729680467093,7.91315493364953,6.83364269100328,11.3498409641509,8.98338672355988,8.17630294263536,10.9355354906117,9.26201918655411,8.47204633950619,9.53625147608881,8.72724878032185,11.477530213213,10.1578942213478,11.6098177602217,4.3077019121582,4.62495948009019,6.96601327623384,9.60619818777594,10.4562220421655,9.60619818773868,4.77253934434641,4.11070995558692,12.8422306988825,12.2333011699305,12.2333011699305,9.26711877690474,4.58083573087912,2.44736829156149,9.26711877686127,34.4738588256917,3.43355390656428,16.9581045422677,5.35853631218128,5.27532095772333,5.79727761818549,3.43355390656428,5.27532095772333,3.43355390656428,3.20475416813355,5.27532095772333,3.43355390656428,3.43355390656428,3.43355390656428,4.21018377652806,5.27532095772333,3.43355390656428,3.43355390656428,3.43355390656428,3.43355390656428,5.35853631218128
10.0410179263422,7.76239623417025,6.74780135128041,11.8918681772415,9.16614365571948,8.70859255203404,11.3068461853071,9.92735919343645,8.3050237823256,9.69579456650852,8.6105794575249,12.0579549236485,10.9912630655896,12.199009025686,4.23368506557203,4.70009808090653,6.66078062935257,9.43391718794354,11.2637756184632,9.43391718790936,4.82159839551603,3.99990769137736,13.0584221273085,13.2955107006038,13.2955107006038,9.32901867363192,4.70864969714138,2.57596981520807,9.32901867368236,30.9749222527523,3.61564662340761,18.4510154578432,5.20514325163496,5.43843997177876,5.6393102195611,3.61564662340761,5.43843997177876,3.61564662340761,2.9827953224836,5.43843997177876,3.61564662340761,3.61564662340761,3.61564662340761,4.59424375467511,5.43843997177876,3.61564662340761,3.61564662340761,3.61564662340761,3.61564662340761,5.20514325163496
9.81908328895336,8.13835919285512,6.77538100805147,11.9380760744073,9.12195500087618,8.96676022132191,11.4244980598455,10.1840063115208,8.28006137713037,9.09456564374436,8.58637811217897,12.2326429795253,11.1657277271367,12.4120391401456,4.7264537226051,4.87391665139149,6.89242192883901,9.3789173479276,11.4294426817168,9.37891734718487,5.00232332210716,4.5323343845469,12.1098589178898,13.4852089909015,13.4852089909015,9.09462869763289,5.11781930025284,2.83704424749988,9.09462869760677,35.6280720062301,3.98023570994297,18.6526335146101,5.31137642715619,5.56928556094492,6.38986342091046,3.98023570994297,5.56928556094492,3.98023570994297,3.21627882035387,5.56928556094492,3.98023570994297,3.98023570994297,3.98023570994297,4.1811214165009,5.56928556094492,3.98023570994297,3.98023570994297,3.98023570994297,3.98023570994297,5.31137642715619
9.81722553992567,7.55294345471465,6.64527986173824,11.4426297355458,8.99022735018133,8.24661522375907,10.8094404191481,9.36214881272043,8.16243817774384,9.86611893084633,8.45233996955373,11.4097980929634,10.3302652783278,11.5643573092551,4.22503434750228,4.67044702587783,6.54324354052961,9.24941232031894,10.5620594092922,9.24941232049087,4.71695795793119,3.91603249029256,13.261113674982,12.456570533517,12.456570533517,9.10576833243409,4.55992138846594,2.59870037993138,9.10576833237431,33.0781694767254,3.64209627659265,17.2422796746893,4.93576374082388,5.39663250221155,5.51631545644579,3.64209627659265,5.39663250221155,3.64209627659265,3.13965884873012,5.39663250221155,3.64209627659265,3.64209627659265,3.64209627659265,4.38038227309023,5.39663250221155,3.64209627659265,3.64209627659265,3.64209627659265,3.64209627659265,4.93576374082388
9.78925317819726,7.68455997175537,6.82898868128874,11.3522346438748,9.12778282859269,8.07706610028776,10.7693127155273,9.07888896735142,8.42530054696538,9.89991531203503,8.69897424172814,11.1399431387538,9.9176012319899,11.3039779536081,4.40121044406794,4.75082866705914,6.88955084664033,9.55111759743234,10.2544740324637,9.55111759785182,4.92912340133094,4.17719670444308,13.3776784365706,11.9336698381421,11.9336698381421,9.35801843349432,4.79205786554715,2.596537268604,9.35801843338805,35.1703272243708,3.63551716661008,16.4800538529801,5.53638230815034,5.38694364076405,5.884771231243,3.63551716661008,5.38694364076405,3.63551716661008,3.20371239739024,5.38694364076405,3.63551716661008,3.63551716661008,3.63551716661008,3.94312490671477,5.38694364076405,3.63551716661008,3.63551716661008,3.63551716661008,3.63551716661008,5.53638230815034
9.58617124806523,7.43021144443061,6.45449706620488,11.5810770249585,8.91550468565002,8.6236396618708,10.9635116930915,9.8556941105482,7.84472557697327,9.08347481891563,8.16082109297586,11.8449266580758,10.8580164305848,12.039987098973,4.46515900520338,4.85849620597274,6.71881925976176,8.8958138939714,11.1688547600903,8.89581389395144,4.9830553210993,4.19047262673184,12.1653257108899,13.1331722742612,13.1331722742612,8.58704907507036,4.73701873603749,2.87060137895551,8.58704907503221,33.673780588412,4.02622048173835,18.1315722455748,5.41172953590952,5.38467096484975,5.90346986355537,4.02622048173835,5.38467096484975,4.02622048173835,2.95817562616186,5.38467096484975,4.02622048173835,4.02622048173835,4.02622048173835,4.33737896461554,5.38467096484975,4.02622048173835,4.02622048173835,4.02622048173835,4.02622048173835,5.41172953590952
9.80931519111312,8.05028644991832,6.77165526947504,12.0166801011391,9.22589294544707,8.84497589759423,11.4363908149948,10.1181745293095,8.36438320150135,8.95554494175293,8.59801288149831,12.2077875316329,11.1865647198773,12.3776391027024,4.43961554676735,4.80492224748637,6.76416120822599,9.47739948156118,11.4467526364681,9.4773994802532,4.79356198559845,4.14484599996482,11.9134824810159,13.5103512023804,13.5103512023804,9.35121909490304,4.9139869190342,2.72963476367255,9.35121909490304,32.7446845182825,3.82653136563316,18.7192550945821,5.29602961338719,5.12287303794769,5.83964671165273,3.82653136563316,5.12287303794769,3.82653136563316,3.22273942990766,5.12287303794769,3.82653136563316,3.82653136563316,3.82653136563316,4.65156003213894,5.12287303794769,3.82653136563316,3.82653136563316,3.82653136563316,3.82653136563316,5.29602961338719
9.69477501334474,7.65624111845243,6.74876029748767,11.8046500941867,9.13495486892741,8.66790645051019,11.2428571033604,9.88956540233455,8.33288665581774,9.08239928676495,8.54115233042401,11.9070860738713,10.9149889137689,12.093853062458,4.49087686498372,5.03238369097441,6.78836092192821,9.4424413885074,11.215152506024,9.44244138826801,4.86282822490401,4.13178674279601,12.0485958870796,13.1751969702293,13.1751969702293,9.37658935151642,5.08278729233474,2.89412959593017,9.37658935168384,33.9186899400807,4.0523405659976,18.1862492237332,5.49453075958095,4.93254144334075,5.81499333104571,4.0523405659976,4.93254144334075,4.0523405659976,3.20432151924217,4.93254144334075,4.0523405659976,4.0523405659976,4.0523405659976,4.05364317624078,4.93254144334075,4.0523405659976,4.0523405659976,4.0523405659976,4.0523405659976,5.49453075958095
9.94769813460417,7.44733320108517,6.42390144995937,11.572894511784,8.83392085572568,8.54437527094614,10.9573949011532,9.74815267741509,7.92949346858147,10.0220507094506,8.15595384101156,11.9686607486472,10.8078242213765,12.1146374962372,4.17392664132827,4.77353779774571,6.81557432482577,8.99660023226321,11.0851187432759,8.99660023204169,4.62155980585862,3.86324492418861,13.5193398478786,13.0717027429756,13.0717027429756,8.49329587543447,4.92836486187415,2.65560614939089,8.49329587572523,29.1282693655566,3.73035167323742,18.106358115481,5.18618899333378,4.82329948389455,5.44625995509852,3.73035167323742,4.82329948389455,3.73035167323742,2.94737820538736,4.82329948389455,3.73035167323742,3.73035167323742,3.73035167323742,4.60713391584162,4.82329948389455,3.73035167323742,3.73035167323742,3.73035167323742,3.73035167323742,5.18618899333378
9.50175607036111,7.35700248186661,6.35632765057328,11.2893792400495,8.54634087303728,8.48011191889022,10.8733853834928,9.71576006655381,7.81194161685147,9.01198683752625,8.07080147177684,11.8437068598512,10.7157082647481,11.9934924274992,4.28705100490945,4.53103312650974,6.67632282609914,8.86163014021435,10.9639463666748,8.86163014031277,4.58737398152363,4.0837580761963,12.1021269290403,12.9613764848459,12.9613764848459,8.3674997110804,4.60525669058566,2.62195886383527,8.36749971092911,29.5959787344441,3.67523038335326,17.9572484697768,4.96545783677572,4.99682104132213,5.75434737446562,3.67523038335326,4.99682104132213,3.67523038335326,2.9182136781595,4.99682104132213,3.67523038335326,3.67523038335326,3.67523038335326,4.25861869267346,4.99682104132213,3.67523038335326,3.67523038335326,3.67523038335326,3.67523038335326,4.96545783677572
9.2838621827675,7.57848834324256,6.4018289434853,11.1498108554666,8.76748764853713,8.19348803005248,10.5424522938734,9.28910380172695,7.83031100239393,8.98603103646409,8.10346958447272,11.0959633206788,10.1292803130005,11.2663982649992,4.5199359601896,4.66627554405542,6.4623052587336,8.84146390728404,10.4153204659348,8.84146390756491,4.82140873981901,4.33511953971835,12.0109566899045,12.1876062283783,12.1876062283783,8.68371832244963,4.62136419112425,2.59644667541657,8.6837183221219,35.0372915776673,3.63629462194902,16.8487119296648,5.32558297722608,5.30594494856658,6.10963480086526,3.63629462194902,5.30594494856658,3.63629462194902,3.27696760916289,5.30594494856658,3.63629462194902,3.63629462194902,3.63629462194902,3.98167097024498,5.30594494856658,3.63629462194902,3.63629462194902,3.63629462194902,3.63629462194902,5.32558297722608
9.15896065790238,7.38437359066201,6.15145670805168,10.9051698597724,8.25884443035358,8.24369259305597,10.5406404742606,9.42948947467679,7.57903082290104,8.60884649600156,7.81193010307654,11.3779379997995,10.3467229813285,11.501481653114,4.28580059125178,4.48518539907747,6.34492678668495,8.57232937092244,10.5887706129579,8.57232937085595,4.45185025414775,4.16337044353836,11.458607136119,12.487595941497,12.487595941497,8.23041674585911,4.45685782687809,2.39490593070116,8.23041674585907,30.6823894803362,3.36105065448203,17.3379032804167,4.95027080106711,4.86362460992467,5.87320529323198,3.36105065448203,4.86362460992467,3.36105065448203,3.05162890980717,4.86362460992467,3.36105065448203,3.36105065448203,3.36105065448203,4.70219495729383,4.86362460992467,3.36105065448203,3.36105065448203,3.36105065448203,3.36105065448203,4.95027080106711
10.1736181944173,7.38334077396311,6.52526163158853,11.6608113558547,8.71511416794959,8.85724425503406,11.2040384225361,10.096000103577,8.00090455378464,10.2224844618287,8.24818210064694,12.2744665172833,11.1895683939076,12.4478347710224,4.39041231440463,4.64536258469512,6.85536133040583,9.04902865686316,11.4203131021451,9.049028656713,4.75528397875621,4.02041089397489,13.8603539802412,13.5138339725952,13.5138339725952,8.54476873691142,5.09036250892581,2.78592149988549,8.54476873693584,31.1826773007933,3.91283522622884,18.7057592045761,5.10385024347733,5.14568527780165,5.6670888239674,3.91283522622884,5.14568527780165,3.91283522622884,3.22496526397846,5.14568527780165,3.91283522622884,3.91283522622884,3.91283522622884,4.26466729084687,5.14568527780165,3.91283522622884,3.91283522622884,3.91283522622884,3.91283522622884,5.10385024347733
9.51038554343546,7.64486678902329,6.58918339071382,11.1533542532352,8.82043696476237,8.14016716921702,10.6800445943915,9.25468826033861,8.0864936733572,9.27284653394634,8.35408524852096,11.3281366102891,10.1157045252772,11.5087889180505,4.47874924523455,4.78993084530288,6.96716138844485,9.17021087857917,10.4624838335113,9.17021087837987,4.92785403879407,4.23239161176584,12.4859449321263,12.2007064903129,12.2007064903129,8.73537723305134,4.65606886909749,2.78175823919295,8.73537723305875,33.57443426557,3.90776131098165,16.8056800911484,5.54004635598181,5.18541823494737,5.96838715415904,3.90776131098165,5.18541823494737,3.90776131098165,3.0470427746332,5.18541823494737,3.90776131098165,3.90776131098165,3.90776131098165,4.64793795487697,5.18541823494737,3.90776131098165,3.90776131098165,3.90776131098165,3.90776131098165,5.54004635598181
9.78193469505878,7.55449259017169,6.45948762287518,11.7370006317935,8.97944313326104,8.70720953573307,11.1165717571227,9.97575044264302,7.93930334853797,9.46613618307016,8.18716866300136,12.0294186204146,10.9731119658484,12.2052727401383,4.49366666879494,4.78305202890616,6.73641698932112,9.0103464255462,11.2456988384474,9.01034642551632,4.70724890037203,4.30340518994766,12.7110645518347,13.2793689641118,13.2793689641118,8.6409417399121,4.8701633057888,2.77330650726825,8.64094173986507,31.2932740509567,3.89579575553484,18.3716619349363,5.17047224706003,4.95610704452591,6.06897737507855,3.89579575553484,4.95610704452591,3.89579575553484,2.92724338199156,4.95610704452591,3.89579575553484,3.89579575553484,3.89579575553484,4.39576070337281,4.95610704452591,3.89579575553484,3.89579575553484,3.89579575553484,3.89579575553484,5.17047224706003
9.65167752191224,7.83392803081016,6.8860021839521,11.3586646698362,9.14109119372416,8.19754705277557,10.8514791773445,9.18812044234113,8.46038794283247,9.43834037745152,8.76847384491829,11.2013311259511,9.94815023838531,11.3637864039138,4.65361197993561,4.84312739414381,7.01023587628203,9.57798860879246,10.3057234684492,9.57798861014344,5.10704257624989,4.52546642210464,12.6645393806089,11.9546211476633,11.9546211476633,9.31872776714767,4.81127557849242,2.57689915787696,9.31872776572358,32.3531120170678,3.61792883278067,16.5204620357608,5.72829607084905,5.68718304713676,6.38513247987792,3.61792883278067,5.68718304713676,3.61792883278067,3.33279972097289,5.68718304713676,3.61792883278067,3.61792883278067,3.61792883278067,4.38748752942438,5.68718304713676,3.61792883278067,3.61792883278067,3.61792883278067,3.61792883278067,5.72829607084905
9.60752738525505,7.78728245356732,6.866438877474,11.473013605574,9.29758795558644,8.09157204434127,10.8288126831072,9.15509601956837,8.47763447556744,9.51685424824711,8.70947999009556,11.1629549554191,9.89304795838226,11.3615666935522,4.7586713088866,4.84989068210834,7.00658151680685,9.61496475292506,10.1788789278118,9.6149647537666,4.81593100577492,4.58140648263639,12.74932695769,11.9056364483373,11.9056364483373,9.31575174537852,4.88137783557125,2.87090135474868,9.31575174550968,30.4835929500526,4.01903307720937,16.3503759662175,5.22952659609977,5.10676350657332,6.45352615408798,4.01903307720937,5.10676350657332,4.01903307720937,3.18322616628051,5.10676350657332,4.01903307720937,4.01903307720937,4.01903307720937,4.0918239350227,5.10676350657332,4.01903307720937,4.01903307720937,4.01903307720937,4.01903307720937,5.22952659609977
10.0815804909452,7.75746325897887,6.45401523498311,11.5451843222457,8.72046494382899,8.73526162307761,11.1044328496799,9.96065870863369,7.96189154008008,10.2319601505282,8.18853404399501,11.9874898403857,10.9633305876975,12.1162848223316,4.44761757740198,4.69028840141239,6.63607743180873,8.99557379891737,11.239542921888,8.99557379861221,4.72290544527448,4.27720129308105,13.8462627957918,13.224808421549,13.224808421549,8.72098522595343,4.88819987863663,2.50702026244894,8.7209852257817,30.6950622528452,3.50146842101817,18.3719755428929,5.4042368644168,5.04495719831295,6.02328892016504,3.50146842101817,5.04495719831295,3.50146842101817,3.28676551200834,5.04495719831295,3.50146842101817,3.50146842101817,3.50146842101817,4.01549341248152,5.04495719831295,3.50146842101817,3.50146842101817,3.50146842101817,3.50146842101817,5.4042368644168
9.84611546160767,7.82945179881014,6.89442081192872,12.1889166430599,9.44035563622817,8.8887429290991,11.5410119889254,10.1592192975755,8.48351387707934,8.87516831668219,8.77271907006228,12.3395675220541,11.205888143207,12.4958111889196,4.49898064000828,4.72294655621222,6.89242472069763,9.62175219401159,11.442290066265,9.6217521940018,4.85665384672933,4.26816573151415,11.8040375677543,13.5387414574108,13.5387414574108,9.3772603059217,4.77254462956619,2.71525261275639,9.37726030588619,34.5690538201374,3.80055655933706,18.7649771873655,5.11903682078387,5.48743526708988,6.01121712949191,3.80055655933706,5.48743526708988,3.80055655933706,3.18478839181066,5.48743526708988,3.80055655933706,3.80055655933706,3.80055655933706,4.51624141548776,5.48743526708988,3.80055655933706,3.80055655933706,3.80055655933706,3.80055655933706,5.11903682078387
9.32489467416142,7.85327276302473,6.73497788663257,11.1171271939342,9.03724001783778,7.76424084491196,10.4310867573771,8.63600851773205,8.29314735521088,9.1477176753609,8.60651340489654,10.6855631669506,9.41052874958572,10.8489475975447,4.22556092646971,4.57317588191846,6.70735314584382,9.42750138338476,9.72664498166902,9.42750138425244,4.78611397044704,4.05975660139028,12.2998642662384,11.3406321012871,11.3406321012871,9.23939506179591,4.80433332539709,2.52562604379288,9.23939506178405,31.4880456670032,3.52810404504379,15.6444988191445,5.1590935891433,5.44579441031782,5.71425118662609,3.52810404504379,5.44579441031782,3.52810404504379,2.90949482384355,5.44579441031782,3.52810404504379,3.52810404504379,3.52810404504379,4.137952684851,5.44579441031782,3.52810404504379,3.52810404504379,3.52810404504379,3.52810404504379,5.1590935891433
9.29751302933447,7.46085982866668,6.51652370674871,11.156665763481,8.8700871021369,8.03706885716432,10.5065518798465,9.10438057478376,7.95613471172863,8.94053296024254,8.2581903982777,11.1047052858897,9.95806299520792,11.2999476338989,4.40593593340415,4.6498532441932,6.72630112753524,9.02826634492233,10.2440778369883,9.02826634479673,4.82191401196366,4.1462413336528,11.9934639821475,12.0174640718229,12.0174640718229,8.66854442993333,4.64890192929667,2.81027998237235,8.66854442989578,29.4432477763332,3.9356493356406,16.5328719723522,5.09895129690391,5.31637130433755,5.83757570112061,3.9356493356406,5.31637130433755,3.9356493356406,2.9444426664182,5.31637130433755,3.9356493356406,3.9356493356406,3.9356493356406,4.65256596329129,5.31637130433755,3.9356493356406,3.9356493356406,3.9356493356406,3.9356493356406,5.09895129690391
9.98389231717601,7.94459009540184,6.89799146696583,11.855770059849,9.41550676545822,8.47852588327325,11.1512724479625,9.59785921576382,8.4824735888354,9.83976552847476,8.7856104379514,11.6753705955575,10.5766581311814,11.8313164208133,4.35464328474555,4.91634692048143,6.81794762394799,9.61347848233227,10.8964476444329,9.61347848283286,5.03670213509097,4.07265296790265,13.206730879908,12.7486237791106,12.7486237791106,9.55019821270764,4.73335850947209,2.62545130798159,9.55019821271263,29.7849523477084,3.67057629320635,17.65350046925,5.5802825181527,5.61187003242693,5.73260838820191,3.67057629320635,5.61187003242693,3.67057629320635,3.24843448007664,5.61187003242693,3.67057629320635,3.67057629320635,3.67057629320635,4.09109674432834,5.61187003242693,3.67057629320635,3.67057629320635,3.67057629320635,3.67057629320635,5.5802825181527
9.43711110855103,7.78669483380749,6.29898447371178,11.0699740531495,8.65334725934214,8.18804340965905,10.4412181486928,9.25169503080635,7.67408261268861,9.48784209107106,7.98523200436077,11.0894447951456,10.0651611916469,11.2364506082317,4.5065839501717,4.55481317071554,6.38765417429541,8.66286060475819,10.3060591998391,8.66286060465306,4.7302507526535,4.39564134267758,12.7402630366365,12.1144641718482,12.1144641718482,8.36418016675059,4.58463676439377,2.47628693840307,8.36418016680658,33.7436607109015,3.47178826341121,16.7828955147345,5.01419743127648,5.47095765325645,6.19958158550548,3.47178826341121,5.47095765325645,3.47178826341121,3.23085385261732,5.47095765325645,3.47178826341121,3.47178826341121,3.47178826341121,4.34259115277494,5.47095765325645,3.47178826341121,3.47178826341121,3.47178826341121,3.47178826341121,5.01419743127648
10.1311209499364,7.94164039692216,6.67603424200081,11.7083901842554,9.16646425767573,8.56184869121627,11.1270422406673,9.75286595974733,8.23451239060575,10.3272555526164,8.50034028746376,11.9390301002639,10.6596675451737,12.0791721636058,4.55494541022159,4.93860175994775,7.08339364336481,9.33123266909488,10.9839609194101,9.33123266787589,4.88232699028831,4.46685424871773,13.9129160353854,12.8626466103639,12.8626466103639,8.786087692504,4.7004364033271,2.54520182423129,8.786087692504,31.6113524430821,3.55522356602127,17.8401089187683,5.57323392032235,5.27357542198723,6.29214593635033,3.55522356602127,5.27357542198723,3.55522356602127,3.16405898236275,5.27357542198723,3.55522356602127,3.55522356602127,3.55522356602127,4.65592892829607,5.27357542198723,3.55522356602127,3.55522356602127,3.55522356602127,3.55522356602127,5.57323392032235
9.99767938314277,7.52714888369605,6.53306516216986,11.7940875159866,9.07893977462703,8.70181695991779,11.1152346050223,9.92067316312463,8.00045953826031,9.93918018437256,8.30095654482247,12.0260892187475,10.9257827720451,12.1798507166617,4.41575121882204,4.65075996056444,6.75245162419564,9.07362653642739,11.1955671930723,9.07362653637199,4.81175399339506,4.23057814955013,13.4546699710627,13.2118003488922,13.2118003488922,8.68986774870812,4.79096800605537,2.656383145166,8.68986774870812,32.4878043953933,3.72658423550738,18.3082587616048,5.19010012643084,5.35109328187688,5.96424723452635,3.72658423550738,5.35109328187688,3.72658423550738,3.00603831375714,5.35109328187688,3.72658423550738,3.72658423550738,3.72658423550738,4.17562860048119,5.35109328187688,3.72658423550738,3.72658423550738,3.72658423550738,3.72658423550738,5.19010012643084
10.1127517716942,7.96731896604446,6.75082309445538,11.8302051666083,9.0467097876336,8.82058560020779,11.3612807953505,10.0625430447623,8.26542491350721,9.84942939766882,8.59511513559148,12.1108036124769,11.098441922044,12.2618552739014,4.42485416918927,4.79745854724317,6.63208198271801,9.37370148184304,11.3586721307968,9.3737014834628,4.92178608736847,4.22999820414354,13.2306347020732,13.4142815261243,13.4142815261243,9.28440511399071,4.6610171210732,2.63131276870767,9.28440511336283,32.8865714360893,3.68293711748162,18.6097521214778,5.2149840245063,5.64906512505952,5.95853227105763,3.68293711748162,5.64906512505952,3.68293711748162,3.10951297037734,5.64906512505952,3.68293711748162,3.68293711748162,3.68293711748162,4.56507934882842,5.64906512505952,3.68293711748162,3.68293711748162,3.68293711748162,3.68293711748162,5.2149840245063
9.68659629043547,7.62033720829544,6.91136514280038,11.4467522384103,9.09297913533107,8.19765596858934,11.005396825328,9.29724426010647,8.59391886914466,9.32962611124213,8.79288317302293,11.5505290165497,10.2197984589378,11.7168610916311,4.36762943656428,4.95808484219771,7.17064632449677,9.74036700154501,10.5436859703189,9.74036700164601,4.81736245385568,4.04298741163093,12.4220061873361,12.2994445833442,12.2994445833442,9.36366400964464,4.83910563387943,2.67534168523459,9.36366400957318,34.1643055455277,3.74545466352837,16.9871989780484,5.5638752301366,4.96341600231959,5.6926303853367,3.74545466352837,4.96341600231959,3.74545466352837,3.28535540907488,4.96341600231959,3.74545466352837,3.74545466352837,3.74545466352837,4.56065919669035,4.96341600231959,3.74545466352837,3.74545466352837,3.74545466352837,3.74545466352837,5.5638752301366
9.58353963868184,7.35769451226476,6.42907778092926,11.1800349195548,8.53861285500783,8.50803123393004,10.8234515020287,9.6737252082837,7.82644490863044,9.38230713261424,8.13457328134105,11.58245097906,10.5896317101041,11.7542451005352,4.55658146476273,4.99359383363756,6.65458928496795,8.86619395352189,10.9179595752814,8.86619395306192,4.98100254037938,4.36908571341011,12.5240000711724,12.7912322760675,12.7912322760675,8.61821357479912,4.81378703940492,2.78119137664849,8.61821357475075,29.490573769568,3.8983840162568,17.6636756612175,5.51127353976048,5.3721209504333,6.15684219513094,3.8983840162568,5.3721209504333,3.8983840162568,3.03023194930128,5.3721209504333,3.8983840162568,3.8983840162568,3.8983840162568,4.31245920070531,5.3721209504333,3.8983840162568,3.8983840162568,3.8983840162568,3.8983840162568,5.51127353976048
9.57436775210512,7.81741313826543,6.44522843156433,11.2291352439408,8.61089375453489,8.48149073897921,10.7736466301574,9.59562746482958,7.8598677607249,9.33531040177578,8.15764030713924,11.4425017676035,10.4725237692146,11.6099387176203,4.60726186099411,4.66201020737913,6.48096052053301,8.87760757676922,10.718050192945,8.87760757628739,4.82179157962511,4.44438845564655,12.5043337857804,12.6167776664846,12.6167776664846,8.67226535627379,4.86159695514392,2.63934618754723,8.67226535624297,34.966210144691,3.70344198005555,17.454073650923,5.12616390776176,5.45491695577496,6.26823119037348,3.70344198005555,5.45491695577496,3.70344198005555,3.26707348071217,5.45491695577496,3.70344198005555,3.70344198005555,3.70344198005555,4.71880423012209,5.45491695577496,3.70344198005555,3.70344198005555,3.70344198005555,3.70344198005555,5.12616390776176
10.0441838526075,7.58620421537144,6.72668943237539,11.8077023013101,9.16365798555566,8.640241016174,11.2012554560419,9.81344183247189,8.28303147462174,9.88640518773424,8.55920523807272,12.0196770767931,10.8375342892143,12.1866575397148,4.33031474975537,4.91083585094816,7.01570369524556,9.40742367779283,11.1733825868183,9.40742367820305,4.93631741949989,4.07288653026423,13.3275797591238,13.1043253542039,13.1043253542039,9.03872209141277,4.98091848431234,2.71752711591472,9.03872208997055,31.3889097786959,3.80212792861037,18.1382517197227,5.57694209576863,5.24814402167056,5.73279230183609,3.80212792861037,5.24814402167056,3.80212792861037,2.9888658366022,5.24814402167056,3.80212792861037,3.80212792861037,3.80212792861037,4.7289876826607,5.24814402167056,3.80212792861037,3.80212792861037,3.80212792861037,3.80212792861037,5.57694209576863
10.0002852741142,7.90759391534843,6.67171607139846,11.7647330309591,9.13008295630589,8.59166880165238,11.1489572078142,9.78557675039895,8.19068865201393,9.88556170409429,8.51633251307401,12.082888815373,10.7808337045152,12.2217967349354,4.30676889732152,4.64490363120861,7.00215023476285,9.30500868109546,11.052122665252,9.3050086818518,4.81023562569239,4.15658765141927,13.3530750669055,13.0403737700603,13.0403737700603,8.70929083512538,4.59278661492481,2.53683012360324,8.70929083512611,30.3794111558876,3.56102942980536,18.0945008757552,5.13488836737052,5.51063095771983,5.86216145331868,3.56102942980536,5.51063095771983,3.56102942980536,2.93227696211078,5.51063095771983,3.56102942980536,3.56102942980536,3.56102942980536,4.14314835474922,5.51063095771983,3.56102942980536,3.56102942980536,3.56102942980536,3.56102942980536,5.13488836737052
9.80818148303145,7.74454338427809,6.63238939762968,11.597636004285,9.13769409484104,8.38649525129927,10.9613325340734,9.52906820458991,8.1795708275378,9.65071854584765,8.46167266989706,11.6819305273035,10.4183958212104,11.8176581597796,4.42755433546607,4.65798050235353,6.92172540380372,9.28734942993485,10.7385491663021,9.28734942990893,4.80189601633502,4.35317917077577,13.0411986569786,12.5855783453546,12.5855783453546,8.84775491323386,4.66450076046478,2.51705503648352,8.84775491291865,30.2872145198407,3.51579319244158,17.4475669813531,5.40125435562,5.25736908815298,6.13125173063502,3.51579319244158,5.25736908815298,3.51579319244158,2.97590256358399,5.25736908815298,3.51579319244158,3.51579319244158,3.51579319244158,4.68115893694933,5.25736908815298,3.51579319244158,3.51579319244158,3.51579319244158,3.51579319244158,5.40125435562
9.36790786008529,8.28393187259318,6.79580331220108,11.0398515814493,8.81297640832785,8.05692897441503,10.6766836773836,9.06680361387514,8.33025983099597,9.05427614382756,8.62272015884161,10.9045620700097,9.80547771526853,11.0921002770477,4.69034135333664,4.86018409676582,6.67192504279605,9.42924717325464,10.0811934865033,9.42924717181701,4.92373205230767,4.50879880892963,12.0058576101833,11.7818924435924,11.7818924435924,9.36057825753745,4.72987672383171,2.74239945862146,9.36057825912066,30.0714889619745,3.84324366316827,16.2122024742588,5.22328817676131,5.53855756605561,6.35524497830626,3.84324366316827,5.53855756605561,3.84324366316827,3.29201903161563,5.53855756605561,3.84324366316827,3.84324366316827,3.84324366316827,4.23538993284297,5.53855756605561,3.84324366316827,3.84324366316827,3.84324366316827,3.84324366316827,5.22328817676131
9.65253325517201,7.65278874403987,6.48288719790071,11.4107895590898,8.86759892162623,8.37559518382226,10.809353858222,9.50695402547535,8.00018529091392,9.60612868053852,8.22890045818547,11.5154184290364,10.3875487143158,11.6637178882521,4.50405493962581,4.63152031509478,6.6475291306101,9.0499295073044,10.6228473097105,9.04992950746993,4.5831581421828,4.36629531762461,12.8903070074354,12.5184824816244,12.5184824816244,8.68883884743817,4.84426961209148,2.55270498153661,8.68883884742633,33.6432631495256,3.56763037532419,17.3404123670631,5.0129228605171,5.01580047849701,6.15027861331181,3.56763037532419,5.01580047849701,3.56763037532419,3.21013713226693,5.01580047849701,3.56763037532419,3.56763037532419,3.56763037532419,4.15252678781972,5.01580047849701,3.56763037532419,3.56763037532419,3.56763037532419,3.56763037532419,5.0129228605171
9.84450103609528,7.95992094344201,6.88043343549445,11.5957470610766,9.23715760478283,8.38389535853403,11.015572067853,9.46046181498732,8.44722280790933,9.75470138409451,8.73468156486994,11.4607697005834,10.2983436997775,11.6457653370945,4.68194680057213,4.91689577240118,6.95176069512863,9.56817397148291,10.6102607307265,9.56817397103272,5.03386028186941,4.47915021949822,13.0921052900859,12.3976986489761,12.3976986489761,9.35833287292061,4.91713415018125,2.77795693788017,9.35833287306619,33.2884114789127,3.89236604328663,17.0943774604576,5.50800058825844,5.52545989725467,6.31209172792871,3.89236604328663,5.52545989725467,3.89236604328663,3.2814822822965,5.52545989725467,3.89236604328663,3.89236604328663,3.89236604328663,4.226297013912,5.52545989725467,3.89236604328663,3.89236604328663,3.89236604328663,3.89236604328663,5.50800058825844
9.95348912137136,7.76881876702299,6.76162591160952,11.7073016419722,9.20876987081634,8.4172015174048,11.0948243564046,9.62547893201007,8.32396741456776,9.80999946430764,8.59804080493795,11.8198259301573,10.6343070629674,12.002389425982,4.29837192651864,4.73489938816505,6.97357818922279,9.46691009231219,10.9541998580879,9.46691009202269,4.8870852985933,3.97160326974477,13.3082660236189,12.8651194774539,12.8651194774539,9.15895421716166,4.6618919957329,2.83336555190608,9.15895421646967,33.1165445514091,3.97763056753649,17.7598762183349,5.38367159759259,5.18137181929284,5.5959916053339,3.97763056753649,5.18137181929284,3.97763056753649,2.87931154917007,5.18137181929284,3.97763056753649,3.97763056753649,3.97763056753649,4.13326369354796,5.18137181929284,3.97763056753649,3.97763056753649,3.97763056753649,3.97763056753649,5.38367159759259
9.51808625442397,8.09024951390207,6.65850119334211,11.4017408489951,9.07943625575002,8.21742270289851,10.837035278588,9.40914861071233,8.23047928898086,9.26589075390162,8.41526370966984,11.2790900357137,10.2226389622821,11.4740876152561,4.74327025556326,4.83006014411691,6.75962729253207,9.30868583773563,10.5078730810344,9.30868583876555,4.75815713128311,4.51949213729624,12.3905005919205,12.2986396818234,12.2986396818234,9.1509985687253,4.66801507345927,2.8357173363227,9.1509985698375,35.2614663077855,3.98235103998377,16.9298933344656,5.36157203208849,4.82849862940615,6.37416303317766,3.98235103998377,4.82849862940615,3.98235103998377,3.31752131068901,4.82849862940615,3.98235103998377,3.98235103998377,3.98235103998377,4.21705977784345,4.82849862940615,3.98235103998377,3.98235103998377,3.98235103998377,3.98235103998377,5.36157203208849
9.7165711925265,7.92170947305259,6.76925282638163,11.8078606485159,9.09001456315162,8.66247374113922,11.3275752679266,9.92273662258289,8.39859035764428,8.98738073905792,8.59810754052057,12.0729526648973,10.9423779484028,12.2506430316364,4.44961964899524,4.81825771875298,6.88536741709393,9.53008093890284,11.1951284263938,9.53008093927281,4.64712332372098,4.17902165556153,11.9439705708618,13.2202812572857,13.2202812572857,9.26767716771188,4.91073713804818,2.77285926567018,9.26767716802258,35.6513231832444,3.88381544373573,18.2895807364347,5.14360527979251,4.82148610399125,5.88528048496669,3.88381544373573,4.82148610399125,3.88381544373573,3.11063152308666,4.82148610399125,3.88381544373573,3.88381544373573,3.88381544373573,4.32077709412191,4.82148610399125,3.88381544373573,3.88381544373573,3.88381544373573,3.88381544373573,5.14360527979251
9.54465285684345,7.60551217119144,6.53095511260964,11.2012061801412,8.85402488699091,8.09140609940668,10.6520290669354,9.19275655043464,8.09119841584009,9.43168044923126,8.30265772869522,11.093106927151,10.0594546998218,11.2533050887344,4.36210342594923,4.60699122158733,6.53714532491796,9.16384496350981,10.3743151569734,9.16384496343664,4.6811701028256,4.16320419721347,12.7306933673714,12.1172846357108,12.1172846357108,9.10088823413591,4.67315400709784,2.53963723586941,9.10088823490536,32.840374381861,3.56231892279447,16.7617651301574,5.40732175073342,4.87963933060659,5.86993393960379,3.56231892279447,4.87963933060659,3.56231892279447,3.15226167225388,4.87963933060659,3.56231892279447,3.56231892279447,3.56231892279447,4.47492429176328,4.87963933060659,3.56231892279447,3.56231892279447,3.56231892279447,3.56231892279447,5.40732175073342
9.77899213301466,7.63060732593665,6.7485534203106,11.5641453940219,9.15490021645061,8.28761776701599,10.9275382839122,9.3873399168143,8.33027871591758,9.65743228376545,8.59400448337431,11.5148420749859,10.2993207227272,11.6670860518349,4.37373856595421,4.77089187240447,6.84196426367431,9.44613112907009,10.5756363038255,9.44613112883833,4.76705316433344,4.15362657672127,12.9488497317584,12.4169229878335,12.4169229878335,9.15646424513964,4.74996305782486,2.59738321609209,9.15646424474662,32.1449691233564,3.63943966991518,17.1791293873324,5.21401631316655,5.26711732293491,5.8531149960032,3.63943966991518,5.26711732293491,3.63943966991518,3.14381818927935,5.26711732293491,3.63943966991518,3.63943966991518,3.63943966991518,4.50378827391644,5.26711732293491,3.63943966991518,3.63943966991518,3.63943966991518,3.63943966991518,5.21401631316655
9.29841670353401,7.83094565516548,6.55852080119572,11.2148494077645,8.8051836543603,8.14550939743786,10.6554924107452,9.164562412784,8.06565803584262,8.78033545964727,8.37788810841578,11.1785718924354,10.0334619812157,11.3158229174824,4.24410158206713,4.56116431776663,6.52308426386425,9.16227380444884,10.3125146482759,9.16227380452646,4.69165257719502,4.13667547856942,11.7201289649723,12.1169008518259,12.1169008518259,8.9807335892604,4.74014459228612,2.4468897469277,8.98073358925517,30.3952996076085,3.42124850482235,16.790046412724,5.04117110253481,5.3774217067866,5.82723300874494,3.42124850482235,5.3774217067866,3.42124850482235,2.89396133390537,5.3774217067866,3.42124850482235,3.42124850482235,3.42124850482235,4.31078066033887,5.3774217067866,3.42124850482235,3.42124850482235,3.42124850482235,3.42124850482235,5.04117110253481
10.0478853620347,8.21281219418967,6.80671095020614,11.8761762160295,9.18116167371692,8.72835874745141,11.3627337960931,9.98476972489668,8.4135878528876,9.75022580210298,8.62738263554591,12.0111354325311,10.9909866919637,12.1923449464492,4.57311969748111,4.83261217797982,6.80337540296118,9.54135596537956,11.2744728279831,9.54135596530324,4.82728501775274,4.27870418835733,13.1426818128364,13.2738565808926,13.2738565808926,9.47469158700653,5.00106173248538,2.87744048952979,9.47469158654905,32.1961949740605,4.03990971744963,18.3328596194442,5.38218911197707,4.961778855026,6.03141410161147,4.03990971744963,4.961778855026,4.03990971744963,3.1687164340596,4.961778855026,4.03990971744963,4.03990971744963,4.03990971744963,4.48154462024947,4.961778855026,4.03990971744963,4.03990971744963,4.03990971744963,4.03990971744963,5.38218911197707
9.25444774549795,7.47430821320045,6.43069493620392,10.9859647488332,8.82392055138016,7.91395428786968,10.2034338451893,8.83246692432893,7.79530459561159,9.28042836900125,8.12963055789396,10.6852819128611,9.60279160799913,10.8887897619816,4.4797767139197,4.80962535375592,6.6085072305816,8.81831746302592,9.90043222286285,8.81831746301704,4.94286443184644,4.22462394009884,12.400720882597,11.5513915705724,11.5513915705724,8.49973657232471,4.88313023026614,2.76926393009833,8.49973657220723,33.4185462345032,3.87750927446088,15.8704530015822,5.21377125714435,5.57465534602972,5.94924965241478,3.87750927446088,5.57465534602972,3.87750927446088,3.12664836048959,5.57465534602972,3.87750927446088,3.87750927446088,3.87750927446088,4.75404232353214,5.57465534602972,3.87750927446088,3.87750927446088,3.87750927446088,3.87750927446088,5.21377125714435
9.78626772726926,7.53220401840958,6.79835558961238,11.4946434173583,9.32589173720585,7.99253237272678,10.7980185622065,9.06164048992571,8.45047954676976,9.93884690174156,8.67548681060054,11.2680727893742,9.89516275876855,11.4253030562139,4.35730781172114,4.89051629835931,7.09405841034428,9.60502078396294,10.258957996982,9.60502078406979,4.77912111966782,4.18093844280566,13.3930281310373,11.9349028268748,11.9349028268748,9.22009511879268,4.68560555013572,2.60810066063926,9.22009511871356,30.2758065977836,3.65566064527417,16.4772619504962,5.55578191054979,4.92843746523651,5.89255289264394,3.65566064527417,4.92843746523651,3.65566064527417,2.97857642444092,4.92843746523651,3.65566064527417,3.65566064527417,3.65566064527417,4.16043981083242,4.92843746523651,3.65566064527417,3.65566064527417,3.65566064527417,3.65566064527417,5.55578191054979
9.90049147295956,8.08559049701539,6.90729613847004,11.4232314880466,9.03263109138279,8.33427513362167,11.046756503602,9.39726068675503,8.51878812645292,9.84230006252105,8.81530326798483,11.4826490844849,10.2758209560472,11.6323142372531,4.44697221973038,4.93478648794591,6.94411037803153,9.65708131254783,10.6294574332117,9.65708131246891,5.03713368013162,4.28308996451967,13.2096330915109,12.3752358037463,12.3752358037463,9.49122316842203,4.73503769455068,2.51414344242871,9.4912231675539,33.0201755131248,3.51967935503125,17.1447786473338,5.71536337948383,5.57352768077517,6.03637549987844,3.51967935503125,5.57352768077517,3.51967935503125,3.24039255119137,5.57352768077517,3.51967935503125,3.51967935503125,3.51967935503125,3.96293339820502,5.57352768077517,3.51967935503125,3.51967935503125,3.51967935503125,3.51967935503125,5.71536337948383
9.40521455814154,7.7348531043912,6.77752551629287,11.3208003076775,9.08921551496183,8.01657175091392,10.7962060077575,9.13856043321329,8.39715071061402,8.89364035109605,8.622792044156,11.265625485454,10.0287255307747,11.4478356896202,4.32876655537684,4.8314864187939,6.98398255317516,9.5326139724296,10.3813105250527,9.53261397188756,4.83967445948776,4.03670032618871,11.8827929090397,12.0895140017187,12.0895140017187,9.2667376059493,4.5375567713038,2.71144310449645,9.26673760598659,30.3328677652004,3.80079970915596,16.6689880438035,5.56943795728407,4.98021610905547,5.68625016942847,3.80079970915596,4.98021610905547,3.80079970915596,3.07157065311228,4.98021610905547,3.80079970915596,3.80079970915596,3.80079970915596,4.15097842056698,4.98021610905547,3.80079970915596,3.80079970915596,3.80079970915596,3.80079970915596,5.56943795728407
9.70201785262971,7.96994508360568,6.65563190246719,11.1973127766923,8.96817603678003,7.91648545366182,10.663827440998,8.98619794993398,8.29422155329667,9.85232242263437,8.5012641276108,11.0803161166743,9.76225616487657,11.2206017219084,4.39350556091176,4.44561473801048,6.7846050303027,9.42316565888013,10.0432873960261,9.42316565868662,4.47955157585021,4.31873223132203,13.3734097284347,11.7714929068886,11.7714929068886,9.10477879503737,4.60071344470463,2.47116941378971,9.1047787951076,29.4696520513729,3.46652932850858,16.2818183950642,5.04801704804908,4.76444738510598,6.09156773986375,3.46652932850858,4.76444738510598,3.46652932850858,2.96372932943883,4.76444738510598,3.46652932850858,3.46652932850858,3.46652932850858,4.51974126771502,4.76444738510598,3.46652932850858,3.46652932850858,3.46652932850858,3.46652932850858,5.04801704804908
9.79382841638729,8.10301914630231,6.88766025116799,11.5756571068567,9.25051366205036,8.31069643938073,11.0392904199794,9.40544232980861,8.52580669395268,9.59163076821836,8.7742197268106,11.4303945815874,10.2109296485023,11.5737401475483,4.6530572635118,4.68989621391342,6.90265302564607,9.64982662282275,10.5107230142401,9.6498266229856,4.86937456377393,4.54184512144848,12.9064869243743,12.27621794215,12.27621794215,9.45914429757386,4.71531280813031,2.52349040040451,9.45914429771708,31.7466234715309,3.5377745703049,16.9986941578652,5.47908332433001,5.34748446224584,6.40611730941102,3.5377745703049,5.34748446224584,3.5377745703049,3.37607606331283,5.34748446224584,3.5377745703049,3.5377745703049,3.5377745703049,4.19078068381799,5.34748446224584,3.5377745703049,3.5377745703049,3.5377745703049,3.5377745703049,5.47908332433001
9.70916732404513,8.0203747824813,6.77328524250736,11.1602101966141,8.84216581935447,8.13262412536692,10.7230457334672,9.11672801796199,8.3201267945208,9.68511254037383,8.62019464056628,11.1118181428096,9.92317418236208,11.272649231585,4.49792794910392,4.62071900261874,6.73169444756707,9.41778044998585,10.1834455454995,9.41778044964079,4.84700326437603,4.3204304309986,13.0321233327982,11.9294255274222,11.9294255274222,9.20512243388882,4.79808421977108,2.55935654345673,9.20512243373508,29.8102544978761,3.58133642411932,16.4856384132693,5.14835207268171,5.58109518332124,6.08759539166382,3.58133642411932,5.58109518332124,3.58133642411932,3.28764878730466,5.58109518332124,3.58133642411932,3.58133642411932,3.58133642411932,4.78460712249615,5.58109518332124,3.58133642411932,3.58133642411932,3.58133642411932,3.58133642411932,5.14835207268171
9.71590645823879,7.69132109184327,6.65714808838259,11.0677685627047,8.72097361865395,7.98887818255785,10.6914526753261,9.11400897644957,8.22480272191358,9.76352674385646,8.46871475318247,11.2876381472751,10.032566581922,11.4665472107818,4.21880839839168,4.67625363467379,6.87169835743556,9.3515131425555,10.3251242126673,9.35151314219037,4.6716933930302,3.91019716256304,13.1989038224759,12.118962196371,12.118962196371,8.98991831596949,4.52763052217418,2.74915617361044,8.98991831596824,33.8205582493503,3.85317408418379,16.6998200288445,5.10877105704141,4.95250978901761,5.50560091828857,3.85317408418379,4.95250978901761,3.85317408418379,2.86983158919659,4.95250978901761,3.85317408418379,3.85317408418379,3.85317408418379,4.61892731681731,4.95250978901761,3.85317408418379,3.85317408418379,3.85317408418379,3.85317408418379,5.10877105704141
9.83391776708505,7.77694637543718,6.83978856040913,11.8834522317022,9.11346714112167,8.83928517688244,11.3664925252565,10.0390629297156,8.38500784244851,9.09300724457276,8.65605219842285,12.1653705231862,11.1178802926399,12.3514636893049,4.46670553293257,4.83761828441389,6.94050697609536,9.49220301400099,11.4034317392647,9.4922030138955,5.04159139463229,4.03069342128719,12.1745610188209,13.4153142687736,13.4153142687736,9.2903859425695,5.142994993961,2.90262847020323,9.29038594248793,33.8283589956273,4.07877902062162,18.5362506431452,5.49558593698138,5.42371286326845,5.68165917039569,4.07877902062162,5.42371286326845,4.07877902062162,3.30694434601922,5.42371286326845,4.07877902062162,4.07877902062162,4.07877902062162,4.05414101871083,5.42371286326845,4.07877902062162,4.07877902062162,4.07877902062162,4.07877902062162,5.49558593698138
9.2248895428742,7.55875903154424,6.48878044436809,10.9151389953895,8.50167512493084,8.11575124219557,10.5863759645934,9.20681950472824,7.95378511555989,8.73614635777109,8.25259315407032,11.1375648724169,10.0106434383376,11.2779825007338,4.48896000891041,4.4835254051602,6.51020051725579,9.00607266639378,10.2485596868686,9.00607266575695,4.67539321443912,4.39991879472598,11.6564033345148,12.0607868743233,12.0607868743233,8.73673376304984,4.43531594185353,2.50926641913084,8.7367337626805,34.8348047024099,3.50729232114267,16.6915629515677,4.91741768715284,5.39404219563211,6.19913400895597,3.50729232114267,5.39404219563211,3.50729232114267,3.11790592815996,5.39404219563211,3.50729232114267,3.50729232114267,3.50729232114267,4.26871041291904,5.39404219563211,3.50729232114267,3.50729232114267,3.50729232114267,3.50729232114267,4.91741768715284
9.7937990765744,7.88805654555578,6.68251331139818,11.7848823976281,9.04231108869712,8.7457276744612,11.2211030574528,9.93602859742378,8.21143810497413,9.28830630875325,8.48005418436905,12.1725773325763,10.9307730133653,12.3275832784776,4.51589099167841,4.83058832426703,7.04183644095455,9.29864658144135,11.1760818602596,9.29864658147966,4.80444795727932,4.28139386302828,12.3644642031153,13.1933392325795,13.1933392325795,8.70719097515124,5.00954666378335,2.70481771874791,8.70719097520681,30.6981730723891,3.79690991382501,18.268011333662,5.15567034453134,5.31511585487342,6.03704210427033,3.79690991382501,5.31511585487342,3.79690991382501,3.21205089654327,5.31511585487342,3.79690991382501,3.79690991382501,3.79690991382501,4.64146209042573,5.31511585487342,3.79690991382501,3.79690991382501,3.79690991382501,3.79690991382501,5.15567034453134
9.94390635735673,8.02665908703213,6.97718571385735,12.3160098236808,9.64604316491629,8.80984796415385,11.6255759700952,10.099190109433,8.67875836519868,9.13599064248116,8.88879894994919,12.3554945379768,11.1856459858181,12.5219526069429,4.36351964352644,5.07875796801824,7.12317374412073,9.87054845360209,11.5331824657812,9.87054845383835,4.89694171317622,4.05369082651944,12.1585982350746,13.5347327120398,13.5347327120398,9.70146232923752,4.97162982721465,2.80427626663526,9.70146232954573,34.1771791712385,3.9360413860339,18.7317190864425,5.71703135459275,4.87475002872185,5.71226650989604,3.9360413860339,4.87475002872185,3.9360413860339,2.99965292054584,4.87475002872185,3.9360413860339,3.9360413860339,3.9360413860339,4.12458430332715,4.87475002872185,3.9360413860339,3.9360413860339,3.9360413860339,3.9360413860339,5.71703135459275
9.92887151191616,7.79476476955234,6.77019828596066,11.4270757325796,9.20075344953822,8.144663284854,10.8232159428968,9.18794461661366,8.38005719551399,10.2924492591654,8.60847476375838,11.2466247601702,9.92306331123639,11.4385077815636,4.70440965484051,4.954490500195,7.13445973865355,9.52473115937084,10.2976359545729,9.52473115921693,4.86849491907269,4.61415534564315,13.9319670276516,11.9724686747228,11.9724686747228,9.1187234582176,5.07259219322111,2.8007964393537,9.11872345822298,33.6523969926522,3.92223762296574,16.4706225385828,5.60883878044839,4.92581374505223,6.5019906100189,3.92223762296574,4.92581374505223,3.92223762296574,2.95520109348249,4.92581374505223,3.92223762296574,3.92223762296574,3.92223762296574,4.56895071352151,4.92581374505223,3.92223762296574,3.92223762296574,3.92223762296574,3.92223762296574,5.60883878044839
9.30783651362936,7.85541954621212,6.68136444124413,11.1400723801239,8.90448208710332,8.0318340453519,10.6019235190302,9.09190663969776,8.19100394923739,8.89595454066577,8.4570831197584,10.9778152607464,9.88161256570296,11.1709608955979,4.61388920033403,4.63308276847676,6.66038282894383,9.26458495102944,10.1255928075027,9.26458495207251,4.80938846886455,4.35504268510183,11.8756561888032,11.8756408533509,11.8756408533509,9.08893342409156,4.64245356897951,2.78559858850245,9.08893342403764,31.6586112509265,3.91011283036167,16.334212724531,5.05092458982759,5.34692993126951,6.14024020562318,3.91011283036167,5.34692993126951,3.91011283036167,3.29731504296677,5.34692993126951,3.91011283036167,3.91011283036167,3.91011283036167,4.50693568583407,5.34692993126951,3.91011283036167,3.91011283036167,3.91011283036167,3.91011283036167,5.05092458982759
9.94250549902596,7.9841080513487,6.61631874697767,11.6700598443735,8.73420308340503,8.97506973924582,11.4202978829711,10.2742478559162,8.11647576658364,9.44620241388245,8.40654522551232,12.3882084013209,11.2383268124831,12.5289020389653,4.72235405277352,4.67662048004615,6.90703256830976,9.19153144323694,11.4946016100009,9.19153144335778,4.83951975703432,4.66639546766255,12.6944806450062,13.5806491773054,13.5806491773054,8.69943941762132,4.76141925014455,2.61685550490756,8.69943941755217,34.0421215075734,3.67372194589757,18.8503637403196,5.2472661612266,5.40667361974582,6.5841984526196,3.67372194589757,5.40667361974582,3.67372194589757,3.17065011748828,5.40667361974582,3.67372194589757,3.67372194589757,3.67372194589757,4.24051959924288,5.40667361974582,3.67372194589757,3.67372194589757,3.67372194589757,3.67372194589757,5.2472661612266
9.58551912951163,8.21489512888769,7.08842216499301,11.4666683490713,9.32568020566048,8.08132483769792,10.8959377380661,9.05503985938642,8.69224422966108,9.14027257001886,9.01779842573204,11.3011747369201,9.92474416486041,11.4968182931358,4.42161256861469,5.1167982601945,7.29222672273786,9.86247157025279,10.2862216229367,9.8624715701505,5.21440662134257,4.04591587780547,12.1102778530249,11.9396239406373,11.9396239406373,9.49638777544348,4.80336759100651,2.83042674027362,9.49638777537421,35.2126690453417,3.9702092564256,16.4112876502875,5.68559819476511,5.78631174071803,5.69908955269227,3.9702092564256,5.78631174071803,3.9702092564256,3.22630194820495,5.78631174071803,3.9702092564256,3.9702092564256,3.9702092564256,4.49571836109377,5.78631174071803,3.9702092564256,3.9702092564256,3.9702092564256,3.9702092564256,5.68559819476511
9.41587306376898,7.64634514675185,6.57486238900908,11.3192913801209,8.95001266461602,8.20193725819919,10.6778530950286,9.31747748092159,8.04727586601738,9.05931089913279,8.31504544470567,11.1607226116803,10.1962377328365,11.3497363234122,4.5165786241415,4.66121112202981,6.49488141273496,9.10413018922947,10.4508965352963,9.10413018923742,4.81315579793784,4.21948610676103,12.1310843441274,12.2784683376299,12.2784683376299,9.04705986318597,4.685419451237,2.79874886202182,9.0470598630947,30.9972695266747,3.92933522964651,16.9129501636565,5.11406206946521,5.28261947512703,5.94830502019151,3.92933522964651,5.28261947512703,3.92933522964651,3.22115250722922,5.28261947512703,3.92933522964651,3.92933522964651,3.92933522964651,4.36376358186991,5.28261947512703,3.92933522964651,3.92933522964651,3.92933522964651,3.92933522964651,5.11406206946521
9.7284200967818,7.70969232671582,6.72122923115188,11.678433090576,8.97798734184757,8.77330671073337,11.3342862938283,10.0381310323316,8.27276743804638,8.99373534154646,8.54590412890361,12.0806429563599,10.9684311943432,12.2330203752564,4.69259666060422,4.87082733934878,6.9256563759693,9.36660888756876,11.2887600936967,9.36660888764472,4.97453496668673,4.60072097515977,11.9820474456612,13.2358972323472,13.2358972323472,9.07226609760018,4.64808458914176,2.60230727876918,9.07226609732132,33.1695255572847,3.65517677922464,18.357266498765,5.65203883673371,5.37882682869726,6.492313913723,3.65517677922464,5.37882682869726,3.65517677922464,3.24807426894576,5.37882682869726,3.65517677922464,3.65517677922464,3.65517677922464,4.40858102121315,5.37882682869726,3.65517677922464,3.65517677922464,3.65517677922464,3.65517677922464,5.65203883673371
10.0773021155669,7.50287889306548,6.42506866773351,11.7778117368041,8.81674472368938,8.8932088435715,11.279600780156,10.2116821054658,7.9271696804372,9.99102345249091,8.14525916544703,12.3631451421409,11.2817638797541,12.5202955587288,4.41801133939536,4.84694778076915,6.78988920168888,8.98660399232458,11.5381331843963,8.98660399230218,4.61606181386232,4.21901267545904,13.4266443569064,13.6524321587415,13.6524321587415,8.5083196517092,4.92477181403135,2.69402256800295,8.50831965188969,32.9778224621299,3.76736110298101,18.9373160465477,5.15985911637058,4.80699377364284,5.9396797711417,3.76736110298101,4.80699377364284,3.76736110298101,3.01381532728864,4.80699377364284,3.76736110298101,3.76736110298101,3.76736110298101,4.6493558095717,4.80699377364284,3.76736110298101,3.76736110298101,3.76736110298101,3.76736110298101,5.15985911637058
9.62225627021922,7.71189197282981,6.87668248840703,11.1498684418239,8.96570353031087,7.94178487152276,10.7252514532138,8.96985983026625,8.50433569907288,9.51472726711863,8.73974285720215,11.1094846073106,9.84197508087905,11.2951240444245,4.3381830448231,4.87667316315249,7.03311355262246,9.63563146892184,10.1795942111522,9.63563146839041,4.91583763674068,3.96978896851944,12.7577859342346,11.8289949583714,11.8289949583714,9.37106237796481,4.69381339734358,2.71437370495281,9.37106237796481,33.1678131555469,3.80262780202611,16.2909197156851,5.57087551731296,5.19631882239855,5.58965891573524,3.80262780202611,5.19631882239855,3.80262780202611,3.27939936573804,5.19631882239855,3.80262780202611,3.80262780202611,3.80262780202611,4.29284120546934,5.19631882239855,3.80262780202611,3.80262780202611,3.80262780202611,3.80262780202611,5.57087551731296
9.67457419067967,7.6208286887786,6.67293217092877,11.2158077611633,8.88579491114987,8.16131826292246,10.7306770372563,9.19825140763481,8.25347893400779,9.68380225095353,8.47663761668308,11.1858816835865,10.0386109863998,11.3441863054653,4.48064409074407,4.94830757097391,6.8326493192798,9.3346819120028,10.3835971712755,9.33468191204912,4.87341392566748,4.25984139197791,12.9582118951936,12.0679847245105,12.0679847245105,9.12669654814076,4.91126596450954,2.57093420511856,9.12669654819791,31.7300476316436,3.61140600660984,16.6797642005145,5.67456073213754,5.09976968977746,6.00975579178739,3.61140600660984,5.09976968977746,3.61140600660984,3.32693182580314,5.09976968977746,3.61140600660984,3.61140600660984,3.61140600660984,4.82403675742208,5.09976968977746,3.61140600660984,3.61140600660984,3.61140600660984,3.61140600660984,5.67456073213754
10.0692457615182,7.81028035179614,6.90880568032735,11.7064923512002,9.13522751413916,8.54360722326977,11.3309290216437,9.72226171282798,8.60301352321834,9.8436330453211,8.81898276695988,11.9428349401663,10.6746215265001,12.0857359638713,4.43465916823871,4.95514484109263,7.11004927048163,9.77401655269125,11.0299009269223,9.77401655277272,4.8439341999851,4.2723040523657,13.2356146159931,12.8921236027549,12.8921236027549,9.50840052973115,4.93310907280961,2.60517510465334,9.50840052973115,32.6193616860825,3.64816646355663,17.8648353009578,5.70755457492786,4.95032625758468,6.02004855731551,3.64816646355663,4.95032625758468,3.64816646355663,3.07370184496592,4.95032625758468,3.64816646355663,3.64816646355663,3.64816646355663,4.85887669875674,4.95032625758468,3.64816646355663,3.64816646355663,3.64816646355663,3.64816646355663,5.70755457492786
10.1139663362687,7.92591792691669,6.87711865086368,12.0069517792936,9.15153677320719,9.00503596255475,11.6317325198757,10.3367761095645,8.46819589439594,9.45092019441276,8.71630005413116,12.5446940856912,11.4078280016031,12.725576538979,4.61200186240741,4.90221348777979,7.1619290059277,9.58810333245138,11.7068006294503,9.58810333225269,5.02211578222701,4.31703530915718,12.6828491422863,13.773625158727,13.773625158727,9.20521900976586,4.8401277303771,2.8402251014595,9.20521900975225,29.8640118553928,3.97608136598475,19.0760167930767,5.63492439882519,5.30134175150887,6.07876907233592,3.97608136598475,5.30134175150887,3.97608136598475,3.3241871589886,5.30134175150887,3.97608136598475,3.97608136598475,3.97608136598475,4.72205724152951,5.30134175150887,3.97608136598475,3.97608136598475,3.97608136598475,3.97608136598475,5.63492439882519
9.91246395164472,7.76526499079982,6.73166535969605,11.9870014485083,9.256189439546,8.83016629546798,11.2569901934886,9.99541198499412,8.21756572462901,9.45772888676803,8.53842702217154,12.0523362660882,11.0559610058754,12.2160385758981,4.40783328189499,4.92401581215325,6.7151896466809,9.2973408983662,11.3261366388218,9.29734089784889,5.02634949643081,4.07323850734492,12.6050262621362,13.3400869741741,13.3400869741741,9.15238204900951,5.02342569395171,2.72062588788694,9.15238204909448,34.0510438088363,3.81540697478625,18.4756234932366,5.37917106792471,5.68327088658577,5.73914113926049,3.81540697478625,5.68327088658577,3.81540697478625,3.285049073805,5.68327088658577,3.81540697478625,3.81540697478625,3.81540697478625,4.56235225537923,5.68327088658577,3.81540697478625,3.81540697478625,3.81540697478625,3.81540697478625,5.37917106792471
9.75866173812162,7.8358454575629,6.85683617479884,11.516097320435,9.11665127180902,8.27752743168778,11.0168569792458,9.40233349209416,8.44991735546719,9.44257536567578,8.73440026476294,11.6045145977761,10.362594810349,11.7800707304881,4.29007750319518,4.87467536092117,7.03145012278141,9.60848930333791,10.707913016738,9.60848930359762,4.95874175474772,3.97781526913944,12.6946377706378,12.5206390028691,12.5206390028691,9.33335263299299,4.71277489013492,2.76793642005952,9.33335263286237,29.3222936616789,3.8895634887094,17.2754277141578,5.51792774699947,5.30948670588261,5.60829516627873,3.8895634887094,5.30948670588261,3.8895634887094,2.93804625807802,5.30948670588261,3.8895634887094,3.8895634887094,3.8895634887094,4.19706351955031,5.30948670588261,3.8895634887094,3.8895634887094,3.8895634887094,3.8895634887094,5.51792774699947
9.88253689985767,7.81031103715535,6.85572671610379,11.9003304671637,9.09011505030403,8.79135347683339,11.4971937060612,10.0501395492799,8.50948734800179,9.04042908566395,8.73333516911215,12.4096480749666,11.1249107679066,12.5663286344529,4.33770065247968,4.82840798346309,7.18182616922309,9.67113151815012,11.414004514444,9.6711315178512,4.75180486777815,4.06062889796714,12.0662029717978,13.4586691432046,13.458669143207,9.19497171829329,4.99282587531931,2.72742338590656,9.19497171829851,34.3739119542224,3.82715520427434,18.6445610662685,5.34742029492005,4.94946156845591,5.72262299067536,3.82715520427434,4.94946156845591,3.82715520427434,3.00843373561094,4.94946156845591,3.82715520427434,3.82715520427434,3.82715520427434,4.84793178947249,4.94946156845591,3.82715520427434,3.82715520427434,3.82715520427434,3.82715520427434,5.34742029492005
9.81403398013191,8.20688184001609,6.87916005940251,11.7878365936757,9.18649666704888,8.7405131418049,11.2951501709485,9.92822807301186,8.40933164651,9.25423207556053,8.70591104744498,11.7940103268965,10.8069770569378,11.9964182556571,4.88957367724154,4.75980420065278,6.7421192255998,9.51178465135302,11.0477181047275,9.51178465075234,5.0121099960218,4.69764650033145,12.3847843677962,13.0180982741564,13.0180982741564,9.45149798423741,4.93627558898806,2.88538699613556,9.45149798463803,35.6950726714753,4.04914817190811,17.9618426906329,5.21683408257791,5.63498176299429,6.62440077543214,4.04914817190811,5.63498176299429,4.04914817190811,3.38297941333058,5.63498176299429,4.04914817190811,4.04914817190811,4.04914817190811,4.3512077782641,5.63498176299429,4.04914817190811,4.04914817190811,4.04914817190811,4.04914817190811,5.21683408257791
9.83698756523941,7.82010701056487,6.88787168503555,11.4808430636674,9.3350620146737,8.09314792187594,10.6949957510455,9.02756345180283,8.41579854355788,10.0020762960391,8.73285306226465,10.9674157781196,9.83038986970305,11.1747145862556,4.57843580924853,4.81608310830011,6.85549247739957,9.53447680769616,10.1460094785649,9.53447680753475,5.10072506473662,4.2617701740827,13.5225222531454,11.818295925703,11.818295925703,9.41899061541369,5.04423533754629,2.86972404153147,9.41899061528065,35.7245990995109,4.02777427672668,16.2213242075994,5.43064458459041,5.68660648726618,6.00660607548687,4.02777427672668,5.68660648726618,4.02777427672668,3.25317583617321,5.68660648726618,4.02777427672668,4.02777427672668,4.02777427672668,4.79112418289788,5.68660648726618,4.02777427672668,4.02777427672668,4.02777427672668,4.02777427672668,5.43064458459041
9.77417794340281,7.57613341737315,6.615982603069,11.6088497683694,8.93933056845432,8.60572073738723,11.0605211368894,9.80015935542801,8.10460205303496,9.42205017259648,8.39800493486415,11.899146607301,10.80127661861,12.0485708426885,4.40473461142144,4.62309692430531,6.72490836989113,9.15655792248253,11.0293865474008,9.15655792237344,4.81475737621677,4.15035057762278,12.6243427936749,13.015507059998,13.015507059998,8.79818290233166,4.60559368784811,2.55825003519768,8.7981829023362,34.7359881786818,3.57991556041618,18.0550707724006,5.11347427808211,5.53010478506202,5.84631299340101,3.57991556041618,5.53010478506202,3.57991556041618,3.3480423443622,5.53010478506202,3.57991556041618,3.57991556041618,3.57991556041618,4.13017006316881,5.53010478506202,3.57991556041618,3.57991556041618,3.57991556041618,3.57991556041618,5.11347427808211
9.12230021147347,7.22187968684505,6.26809376040271,10.5746546525878,8.31717830939184,7.73021175026781,10.1230915984767,8.77436907127245,7.67912535341318,9.1586822369917,7.93257005456854,10.7337765099811,9.61607739874907,10.9231823973535,4.23076124242989,4.64301754461132,6.53925507009566,8.70929398582901,9.89462221695165,8.70929398605398,4.60396881731146,3.92037278944827,12.2877734543505,11.5995736285789,11.5995736285789,8.32791302706011,4.54160266182659,2.73917831161567,8.32791302706011,29.5512359593992,3.84992189076012,15.9462115411809,4.96167617580709,4.91421378804686,5.52772528632758,3.84992189076012,4.91421378804686,3.84992189076012,2.88442799137119,4.91421378804686,3.84992189076012,3.84992189076012,3.84992189076012,3.9649901287398,4.91421378804686,3.84992189076012,3.84992189076012,3.84992189076012,3.84992189076012,4.96167617580709
9.36625022309084,8.13385462089131,6.83079968735406,11.4338372134094,9.30254317189901,7.97666565043877,10.7469656190086,8.99343273036968,8.49977850007321,8.97685801455542,8.69654441057895,11.0020858334182,9.76385618470615,11.1534985842326,4.52258298308107,4.888538361457,6.86292607079998,9.62274570899454,10.0841840805645,9.62274570903057,4.74801692835756,4.34768487231157,11.8818251121006,11.7218070219392,11.7218070219392,9.47083897393236,4.80344977208782,2.54121065943289,9.47083897412447,34.1851132739616,3.55479398340301,16.191201971598,5.50145380153907,4.97279940312391,6.12604890276591,3.55479398340301,4.97279940312391,3.55479398340301,3.34606546650702,4.97279940312391,3.55479398340301,3.55479398340301,3.55479398340301,4.33300910827506,4.97279940312391,3.55479398340301,3.55479398340301,3.55479398340301,3.55479398340301,5.50145380153907
9.84160895346329,7.53641328604095,6.52002592065848,11.2631038769349,8.65581174293662,8.43542400653357,10.9039244375187,9.61813287722608,7.99437120780168,9.85278620715508,8.29655231190729,11.7333433849077,10.5201779966755,11.8768567230427,4.47193433319218,4.53175875419733,6.80703284629714,9.06210689928615,10.7813499428917,9.06210689903555,4.74884248504517,4.37230866188785,13.3441395079488,12.7043796441975,12.7043796441975,8.54469339672124,4.50948969842061,2.54703515576412,8.5446933965602,30.0152024302218,3.56728391358756,17.6162534342565,5.09382930733954,5.38356400239534,6.16331665394417,3.56728391358756,5.38356400239534,3.56728391358756,3.0464635419396,5.38356400239534,3.56728391358756,3.56728391358756,3.56728391358756,4.19656570984025,5.38356400239534,3.56728391358756,3.56728391358756,3.56728391358756,3.56728391358756,5.09382930733954
9.92456497533371,7.5507297017069,6.5379521962285,11.5880220888732,8.79936505108219,8.69635777804221,11.1755641328585,9.96324389157567,8.0894738897169,9.69565685801845,8.29764712366551,12.0302678416608,10.9992920775754,12.1662772456995,4.38194125908777,4.68370853255305,6.70259873328925,9.14495069967298,11.2883914401509,9.1449506987433,4.73727643407821,4.15003325695291,13.0795691855737,13.2685754480849,13.2685754480849,8.91417269181946,4.73258692559068,2.54388358144586,8.91417269178737,30.4933527239136,3.55209798600538,18.4245542996968,5.49477936670052,4.95125735721968,5.84133241421963,3.55209798600538,4.95125735721968,3.55209798600538,3.29623679411687,4.95125735721968,3.55209798600538,3.55209798600538,3.55209798600538,4.09569085007809,4.95125735721968,3.55209798600538,3.55209798600538,3.55209798600538,3.55209798600538,5.49477936670052
9.54464870071281,7.45905372138376,6.60291280773966,11.1294928074496,8.99203778458143,7.8845457729677,10.4557164095835,8.85169556007601,8.12092856944407,9.65236241899038,8.42686638520724,10.9951602700798,9.64261050162621,11.1346982101217,4.2959128056049,4.63346091521015,6.90954961220815,9.20313076853022,9.97610296839676,9.203130768461,4.84689191101951,4.16655138645142,13.0206536336736,11.6029579511683,11.6029579511683,8.70014948905149,4.5173719633025,2.39140111587346,8.70014948925111,34.3117096297374,3.34527719664082,16.0638920423724,5.41548946196259,5.47343143310791,5.87147900954276,3.34527719664082,5.47343143310791,3.34527719664082,3.11425456856713,5.47343143310791,3.34527719664082,3.34527719664082,3.34527719664082,4.45755882388666,5.47343143310791,3.34527719664082,3.34527719664082,3.34527719664082,3.34527719664082,5.41548946196259
10.3231615407482,7.70232781195911,6.63680138682447,11.8026433930518,8.90448249046364,8.97237326550262,11.3458789957495,10.2291672984447,8.09606371722691,10.5056294841378,8.39487884895034,12.3064296949882,11.2425867781721,12.4826640527336,4.67614732396087,4.83947306107701,6.85601630139431,9.15273266782763,11.4727952149409,9.15273266775881,4.91561558838571,4.44867401243267,14.1819763912233,13.5714360194494,13.5714360194494,8.72361776166064,4.96217733912556,2.79024136563569,8.72361776167456,31.3041761949128,3.9191352764639,18.7878145074331,5.15213419525027,5.53036967588286,6.27467192846921,3.9191352764639,5.53036967588286,3.9191352764639,3.29654411298047,5.53036967588286,3.9191352764639,3.9191352764639,3.9191352764639,4.1833222788673,5.53036967588286,3.9191352764639,3.9191352764639,3.9191352764639,3.9191352764639,5.15213419525027
9.42493393109545,7.36701059769766,6.54191044207819,11.3038273361768,8.79177871091542,8.26179289773412,10.7977683730487,9.41996474718129,8.07218275322004,8.89237712725721,8.31512399915598,11.5960218626304,10.390980931451,11.7471411082618,4.2339806398918,4.64788386345888,6.82084981436741,9.14259821584876,10.6583796646421,9.14259821558542,4.67063535983173,3.9550053310035,11.8587664358963,12.5310163776236,12.5310163776236,8.68402967028395,4.56476544757184,2.56301074362731,8.68402967041271,33.9288543908421,3.58855528831499,17.3551129672938,5.17299515074523,5.08005115229938,5.57003891532158,3.58855528831499,5.08005115229938,3.58855528831499,3.14262062776818,5.08005115229938,3.58855528831499,3.58855528831499,3.58855528831499,4.37806494454652,5.08005115229938,3.58855528831499,3.58855528831499,3.58855528831499,3.58855528831499,5.17299515074523
9.76968888367092,8.06546787803961,6.83270228985844,11.5873035201375,9.01516560220082,8.5758583343786,11.1041595547365,9.67047781427238,8.36824888971651,9.40647161626774,8.65336068883313,11.6605338993641,10.6556584157102,11.8511307285551,4.49018642815407,5.10203933003047,6.83759167451415,9.47749979575888,10.9923374656456,9.47749979519344,5.13008648499595,4.10532555647266,12.5319389235827,12.8452692217263,12.8452692217263,9.43677749552921,5.17424802239961,2.8848341095231,9.43677749530228,35.6805809770877,4.04851665504899,17.7088612617023,5.70142712795758,5.48237955924158,5.78402745750334,4.04851665504899,5.48237955924158,4.04851665504899,3.26179324036593,5.48237955924158,4.04851665504899,4.04851665504899,4.04851665504899,4.04673184243698,5.48237955924158,4.04851665504899,4.04851665504899,4.04851665504899,4.04851665504899,5.70142712795758
9.65758675697188,7.65760366058135,6.73047828255078,11.1585002762903,8.75316394211756,8.26408589237193,10.8631399083309,9.36146293358764,8.28719058917401,9.44969425011224,8.54788093353704,11.2960558433898,10.1999559602778,11.4629245328112,4.58418220702479,4.7419961665433,6.76640495734469,9.38177427813376,10.5234241698619,9.3817742785168,4.93116443477153,4.39426891039747,12.7241924900282,12.278016259097,12.278016259097,9.25761976279184,4.74329460476133,2.66253922425124,9.25761976278577,29.0498237310377,3.7371716910411,16.9643951013577,5.54556730434648,5.31324432060875,6.19745002567671,3.7371716910411,5.31324432060875,3.7371716910411,3.26611205291189,5.31324432060875,3.7371716910411,3.7371716910411,3.7371716910411,4.27610755060509,5.31324432060875,3.7371716910411,3.7371716910411,3.7371716910411,3.7371716910411,5.54556730434648
9.91358485105078,7.45539203176624,6.5510375454078,11.3338301298512,8.72001619376513,8.47407850586696,10.856235603401,9.61474099662573,7.98582649044678,10.0827042061991,8.28383811312219,11.7123319775567,10.6186841398429,11.8976772101584,4.36801537688879,5.00889717377751,6.87627656777199,9.04172364736748,10.9262158663533,9.04172364678614,4.99439791937885,3.98317369696734,13.5490656607209,12.8146231535147,12.8146231535147,8.63161881191224,4.8870226863745,2.83718421712954,8.63161881159211,29.3341072069796,3.98544303501676,17.6781548218836,5.45144038158821,5.40649384350394,5.61406252542289,3.98544303501676,5.40649384350394,3.98544303501676,3.13639279455831,5.40649384350394,3.98544303501676,3.98544303501676,3.98544303501676,4.3150829548763,5.40649384350394,3.98544303501676,3.98544303501676,3.98544303501676,3.98544303501676,5.45144038158821
9.31456455407381,7.90081845929594,6.7546316967857,11.1402997588694,8.99036401549692,7.89376489571525,10.7053957284893,8.97563347041155,8.39998738153413,8.83146727342282,8.60884220693224,10.9824995942471,9.71047316846523,11.1635737643013,4.55069922810479,4.65013063316185,6.89689840200505,9.54867801748914,10.0519759660013,9.54867801717103,4.6874163650755,4.4473441264042,11.8618796478582,11.7086065731076,11.7086065731076,9.32266034803395,4.62347915815027,2.66721685958303,9.32266034798001,33.6234210679537,3.74752602023792,16.1284556108251,5.38075206159372,4.78741349879686,6.27500916069569,3.74752602023792,4.78741349879686,3.74752602023792,2.95062973298526,4.78741349879686,3.74752602023792,3.74752602023792,3.74752602023792,4.55605031657168,4.78741349879686,3.74752602023792,3.74752602023792,3.74752602023792,3.74752602023792,5.38075206159372
10.1854361644642,7.75487439169819,7.01285921741846,12.0314120881133,9.19931364805415,8.97295732123292,11.673874798102,10.2660917660366,8.64183456531489,9.62470882287301,8.89206581515698,12.5441227779202,11.3171309609912,12.727004370584,4.65605343400177,4.87349377954982,7.248453286563,9.7899956997894,11.5651196724796,9.78999569947993,4.94847402187904,4.33886257414752,12.9001607926862,13.6574750653492,13.6574750653492,9.3442091294869,4.96383950675893,2.89803306845221,9.3442091294869,31.1516135145064,4.06157290379302,18.8818904456766,5.31216621288903,5.36153094214032,6.11155602234455,4.06157290379302,5.36153094214032,4.06157290379302,3.34487455627715,5.36153094214032,4.06157290379302,4.06157290379302,4.06157290379302,4.50821894247393,5.36153094214032,4.06157290379302,4.06157290379302,4.06157290379302,4.06157290379302,5.31216621288903
10.1251617835465,7.78752693088038,6.63023631582131,11.9410404795502,9.18794616314212,8.77878271704645,11.3163338754744,10.0848084522822,8.15269680273724,9.94828768953447,8.43286325950188,12.2621095854285,11.1283878540104,12.416978470479,4.40761835291058,4.62150351022679,6.8516147436099,9.24636986986639,11.386509909621,9.24636987000187,4.77458912151337,4.21860267272819,13.4693805271268,13.45655491399,13.45655491399,8.83368400699905,4.54024297540756,2.63557400914027,8.83368400745607,31.9689388642412,3.68791373285076,18.6689266745614,5.17850907236371,5.2888632386714,5.94157626857739,3.68791373285076,5.2888632386714,3.68791373285076,3.06227623407488,5.2888632386714,3.68791373285076,3.68791373285076,3.68791373285076,4.43967396724087,5.2888632386714,3.68791373285076,3.68791373285076,3.68791373285076,3.68791373285076,5.17850907236371
9.37165708006501,7.64447529690211,6.74985415728945,11.3790639699132,9.24750311982367,7.95712930896561,10.6905538509634,8.96647952702916,8.35019792509463,9.06995401959355,8.63083877240461,11.0435058754841,9.71600959190622,11.1965927185357,4.43975394576257,4.83152386794088,6.90303574835258,9.4970373122156,10.0702065787314,9.49703731232875,4.80096071365276,4.39409823810475,12.0929361098481,11.7239157733548,11.7239157733548,9.20281299817337,4.65518346932603,2.51439337289096,9.20281299822975,33.0850824344201,3.52411320231904,16.2010537277223,5.41666877366895,5.23331414436995,6.19626254087276,3.52411320231904,5.23331414436995,3.52411320231904,2.88454921411759,5.23331414436995,3.52411320231904,3.52411320231904,3.52411320231904,4.1042284433104,5.23331414436995,3.52411320231904,3.52411320231904,3.52411320231904,3.52411320231904,5.41666877366895
9.55980681281287,7.9962051728847,6.83439758010211,11.5859575076593,9.28071938916313,8.17912793351903,11.015958357303,9.35467990966759,8.51857133761855,9.05704737509381,8.70237132816322,11.4951750304496,10.2169604596879,11.6600119580206,4.49821066814766,4.70811258454478,7.02444810141804,9.6703509568896,10.5344552409798,9.67035095690159,4.68882109343616,4.30942420919688,12.1550045547094,12.3173437254365,12.3173437254365,9.38324059490972,4.64083772441963,2.67704666108201,9.38324059474522,28.747543424732,3.75293812960421,17.009364541705,5.43051972203531,4.73076996047482,6.0742494818126,3.75293812960421,4.73076996047482,3.75293812960421,3.11776040433908,4.73076996047482,3.75293812960421,3.75293812960421,3.75293812960421,4.02931566554146,4.73076996047482,3.75293812960421,3.75293812960421,3.75293812960421,3.75293812960421,5.43051972203531
9.51223530118779,7.48280730461514,6.75958903101908,11.5067745264514,9.16875248695703,8.1984509700667,10.9286397358232,9.34114790618722,8.35105692895103,8.85462424845722,8.63085630008848,11.5188105444864,10.2712712421749,11.6579134064926,4.24905915011651,4.72243935670844,6.91508579515695,9.48273612917422,10.6133051830651,9.48273612942188,4.87360005370245,4.04830547238436,11.8441687494402,12.3960103976186,12.3960103976186,9.20229507397932,4.38697088840424,2.51808697549599,9.20229507383326,29.9038058186906,3.52674124128325,17.1723323565487,5.53314332551138,5.31054771452561,5.70385426164501,3.52674124128325,5.31054771452561,3.52674124128325,3.0317184088182,5.31054771452561,3.52674124128325,3.52674124128325,3.52674124128325,4.68809374966294,5.31054771452561,3.52674124128325,3.52674124128325,3.52674124128325,3.52674124128325,5.53314332551138
10.0786070171423,8.03531191989837,7.01136706365203,11.9475576365477,9.52046989206261,8.53401385176487,11.2870330805283,9.62999513409481,8.67416424740877,9.90309446927882,8.94500990032149,11.8505713002,10.5488576178721,11.9945646606368,4.50341316342699,4.88098060293248,7.16632725853325,9.82663060021171,10.8818062946073,9.82663060018107,5.01697232352645,4.32495605966587,13.317455300213,12.7005523805782,12.7005523805782,9.50649936835181,4.90722808331001,2.52978117935722,9.50649936837174,31.4685034641282,3.53148592078852,17.6180939283038,5.71526174222508,5.5113502161165,6.08975730656241,3.53148592078852,5.5113502161165,3.53148592078852,3.35926220027499,5.5113502161165,3.53148592078852,3.53148592078852,3.53148592078852,4.40071062728487,5.5113502161165,3.53148592078852,3.53148592078852,3.53148592078852,3.53148592078852,5.71526174222508
9.5093070556954,7.69588924016253,6.47075665722499,11.0917889119376,8.71367751853435,8.034441858477,10.5022854728071,9.07386577089915,7.96169303530595,9.60430600043618,8.21125676343414,11.07859349617,9.97794229881017,11.2746636197284,4.23588585200042,4.83264843061291,6.63530143501635,9.04275355605896,10.2743254564005,9.04275355652239,4.67456908394284,3.93139763150869,12.8811950261005,12.0508909849805,12.0508909849805,8.78627549614418,4.92546212432173,2.75341787420912,8.78627549779157,34.4536455596783,3.86252256464318,16.5987580217845,5.12318149600417,4.93844074412767,5.53799400651333,3.86252256464318,4.93844074412767,3.86252256464318,2.87040331630359,4.93844074412767,3.86252256464318,3.86252256464318,3.86252256464318,4.3308692521251,4.93844074412767,3.86252256464318,3.86252256464318,3.86252256464318,3.86252256464318,5.12318149600417
9.8183982987665,7.95770250772427,6.61353944466651,11.7489516713895,9.07359131284798,8.75100252663312,11.0970414619246,9.92365200937528,8.06741656137753,9.55757933889473,8.3420473925404,11.925672193597,10.8311217818991,12.1153681074679,4.8153810223912,4.85313343881023,6.88990208794894,9.11757525743993,11.0668725431923,9.11757525737374,4.90018198169413,4.59496921011618,12.7840500809073,13.0579735996082,13.0579735996082,8.66133257716199,5.15908973044521,2.90499035836457,8.66133257768103,31.9997270171248,4.07870407273284,18.0101561112909,5.14065466154841,5.38267957023326,6.47974990857059,4.07870407273284,5.38267957023326,4.07870407273284,3.3075080609267,5.38267957023326,4.07870407273284,4.07870407273284,4.07870407273284,4.82253501593841,5.38267957023326,4.07870407273284,4.07870407273284,4.07870407273284,4.07870407273284,5.14065466154841
9.91446358163743,8.04362160272984,6.79627980604389,11.6680002489065,9.12147840143353,8.51173008249725,11.2377874914781,9.74244404967865,8.42509300999956,9.62570217769287,8.67218126543575,11.7827175672401,10.6593198112372,11.9217371672834,4.51133096291984,4.79650869197097,6.75148262629868,9.55747918032479,10.9532846022881,9.55747918060088,4.76432787758766,4.42114315807366,12.9037013798233,12.8637584859577,12.8637584859577,9.44962748589904,4.5065338474869,2.51194045870483,9.44962748589904,33.6456004700574,3.5130713726483,17.8490195846096,5.38187149497383,5.17600906480535,6.2304331135129,3.5130713726483,5.17600906480535,3.5130713726483,3.14583098647147,5.17600906480535,3.5130713726483,3.5130713726483,3.5130713726483,4.51720287048707,5.17600906480535,3.5130713726483,3.5130713726483,3.5130713726483,3.5130713726483,5.38187149497383
9.79419303590452,7.75457848639264,6.85903041140549,11.736920081906,9.09992506392555,8.69118095269291,11.3886953369875,9.94821481266425,8.43806845174945,9.000621411245,8.75364322514053,12.0345584510472,10.9150996949131,12.1817441688544,4.50992045357395,4.90889933174289,6.86144187006662,9.57755686618982,11.2360361559133,9.57755686590955,5.00649423676481,4.40059964360838,11.9589108892904,13.1879461402459,13.1879461402459,9.42924562973191,4.41422241880882,2.5699560321559,9.42924562977631,28.4900841171776,3.59733099330117,18.2997110843497,5.56166525346114,5.59655215512851,6.20192511885875,3.59733099330117,5.59655215512851,3.59733099330117,3.10044313609291,5.59655215512851,3.59733099330117,3.59733099330117,3.59733099330117,4.68928714522692,5.59655215512851,3.59733099330117,3.59733099330117,3.59733099330117,3.59733099330117,5.56166525346114
9.47181347870771,7.29326013664246,6.37549826413486,10.7136518900695,8.53562482512163,7.80418090440818,10.2212367914456,8.76487167242478,7.83312225670838,9.91855756790526,8.09445329744623,10.6648896047942,9.48953597234647,10.8421105741942,4.44873592442651,4.80003799150774,6.68879042480681,8.894058451549,9.85777824910699,8.89405845165277,4.77406573345679,4.32202764010735,13.4143801954513,11.4466572063395,11.4466572063395,8.56430768724456,4.87264628474503,2.67738891714013,8.56430768724456,32.6786588257498,3.75717354284204,15.745541290939,5.43024608880216,4.97705492483651,6.09432567379946,3.75717354284204,4.97705492483651,3.75717354284204,2.84880533670214,4.97705492483651,3.75717354284204,3.75717354284204,3.75717354284204,4.35066179364844,4.97705492483651,3.75717354284204,3.75717354284204,3.75717354284204,3.75717354284204,5.43024608880216
9.83091356972887,7.79309514167074,6.87544929660222,11.3249153951967,8.94918059090114,8.1789465125362,10.8191408683139,9.15451263889473,8.44053155990968,9.9324710997337,8.74075061832866,11.3119251960103,10.0712042437019,11.5023094253528,4.32092822459289,4.83081350556219,6.91143490795448,9.57629568546916,10.3290247612571,9.5762956854633,4.87689783868037,3.94542790434352,13.3346310641302,12.133496634593,12.133496634593,9.29176713450789,5.04456572709333,2.77939132888666,9.29176713455384,30.8761108549405,3.90346085298273,16.7104618253731,5.06211862395463,5.52177663198759,5.56067055176712,3.90346085298273,5.52177663198759,3.90346085298273,3.13889590317863,5.52177663198759,3.90346085298273,3.90346085298273,3.90346085298273,3.99714726190533,5.52177663198759,3.90346085298273,3.90346085298273,3.90346085298273,3.90346085298273,5.06211862395463
9.39992869141647,7.67294997493346,6.36020693019301,10.8206014320873,8.56949059897943,7.84798246304563,10.2666525025614,8.8572994182741,7.83439781062343,9.63931807472423,8.0738696687098,10.6909147362734,9.64289775411174,10.8399791667071,4.35951691118114,4.65315525172994,6.34246371105118,8.85764126479732,9.89590454380288,8.85764126483828,4.55946899039855,4.190345772455,12.9144970670454,11.5940077141233,11.5940077141233,8.70846058478358,4.6031166723627,2.47843976684799,8.70846058473161,32.3964056218508,3.46734325487566,16.025138698056,4.99631086493304,5.0379382981771,5.90396973032675,3.46734325487566,5.0379382981771,3.46734325487566,3.18371409135,5.0379382981771,3.46734325487566,3.46734325487566,3.46734325487566,4.69878968501318,5.0379382981771,3.46734325487566,3.46734325487566,3.46734325487566,3.46734325487566,4.99631086493304
9.58651015440583,7.57783160086607,6.2929524176198,11.5114068688283,8.86381164547602,8.49696142042305,10.8270813216227,9.7028401062841,7.72880263852348,9.34911574707399,7.99880877625198,11.684279090714,10.6648335140381,11.8226027175748,4.33576799142912,4.6471359190532,6.49912815539041,8.76735584773927,10.9611913372113,8.76735584748516,4.67522777943194,4.22219078875551,12.584862359079,12.9010273521173,12.9010273521173,8.48915845420226,4.68948228720127,2.54524634305539,8.48915845404202,34.2800896363708,3.56072382415491,17.8928441859535,5.25071835568861,5.03235640300774,5.94801113165952,3.56072382415491,5.03235640300774,3.56072382415491,2.88771248930289,5.03235640300774,3.56072382415491,3.56072382415491,3.56072382415491,4.19409618593801,5.03235640300774,3.56072382415491,3.56072382415491,3.56072382415491,3.56072382415491,5.25071835568861
9.32888082112279,7.47207486306294,6.37073027825655,10.8211602965922,8.5908205240042,7.76496810454542,10.2064303503913,8.75370822701546,7.8648805325832,9.51497635505873,8.07298625287548,10.7402320408568,9.61144424648584,10.9164205841889,4.18852114106858,4.65560188251342,6.5755732255814,8.8994773349225,9.88956661822725,8.89947733466318,4.56852019056947,3.84353790558021,12.7832725275712,11.5612433679585,11.5612433679585,8.58502607859992,4.77528080018707,2.60723338106817,8.58502607863871,31.8478731726649,3.6643923354754,15.9338481300972,5.10818337579919,4.8055319822372,5.42031950008444,3.6643923354754,4.8055319822372,3.6643923354754,3.13418350326965,4.8055319822372,3.6643923354754,3.6643923354754,3.6643923354754,4.34901560027054,4.8055319822372,3.6643923354754,3.6643923354754,3.6643923354754,3.6643923354754,5.10818337579919
9.66021153448775,7.65387193497022,6.42682877763093,11.3751732374516,8.54041319817382,8.67170384987735,11.066163145212,9.92637334946096,7.88500314515752,9.1344241327028,8.16865993497466,12.0267800099883,10.9744667570678,12.1800472821566,4.27402580118796,4.86688482380187,6.74124773174687,8.94702571263235,11.3045788626026,8.94702571233266,4.85826593489639,4.06626426907305,12.2107058853545,13.2813821877466,13.2813821877466,8.59805685574014,4.6763839124182,2.61552940406226,8.59805685588451,30.9178400233189,3.66532219334586,18.4216992787784,5.53248946341477,5.17351926002322,5.72917012491301,3.66532219334586,5.17351926002322,3.66532219334586,2.92286761143224,5.17351926002322,3.66532219334586,3.66532219334586,3.66532219334586,4.46908183545022,5.17351926002322,3.66532219334586,3.66532219334586,3.66532219334586,3.66532219334586,5.53248946341477
9.53502723623489,7.4807460303641,6.30181178278459,10.9870040425312,8.39057264005478,8.38180229187511,10.6385188635986,9.49575370237454,7.68891586117292,9.58099920947052,7.98469329651788,11.3265374107528,10.323398115705,11.4896128287192,4.60746814525699,4.82367672336041,6.52375078249468,8.71703978469693,10.6431006503554,8.71703978419072,4.82685064787513,4.54008411839277,12.8785460033812,12.4742846922783,12.4742846922783,8.45899864159269,4.89855936330221,2.6886778505458,8.45899864160095,34.6035603211506,3.76833971250534,17.233011611812,5.35055844838051,5.20252934067754,6.40068429597018,3.76833971250534,5.20252934067754,3.76833971250534,2.91825802974914,5.20252934067754,3.76833971250534,3.76833971250534,3.76833971250534,4.08667407017241,5.20252934067754,3.76833971250534,3.76833971250534,3.76833971250534,3.76833971250534,5.35055844838051
9.06326178327155,7.41059932290189,6.49630377789085,10.942323706891,8.79268236320313,7.7484403773688,10.2466629894915,8.71121512311528,7.94776422539007,8.7294091259967,8.25543710177352,10.8199158882226,9.53924224486476,10.9952400654538,4.20696780808877,4.49062456171822,6.73013474023729,9.0179465760213,9.79707821284328,9.01794657532486,4.69531794109137,3.92578495375508,11.6859655037321,11.4958773536424,11.4958773536424,8.53167577503976,4.57655455865225,2.65646990896454,8.53167577502868,34.373044970101,3.72076938941999,15.8257897075716,4.86319481838169,5.3519444410067,5.52771115808504,3.72076938941999,5.3519444410067,3.72076938941999,2.94878247609722,5.3519444410067,3.72076938941999,3.72076938941999,3.72076938941999,4.03565961881216,5.3519444410067,3.72076938941999,3.72076938941999,3.72076938941999,3.72076938941999,4.86319481838169
9.82614265846196,7.8522361328121,6.76923721175639,11.6655025780426,9.22679423507629,8.29402761143572,11.0344178965945,9.4856273904422,8.4223881856828,9.73841783960865,8.6059291849967,11.6264428572339,10.4429388492143,11.7946742677864,4.36271919163373,4.79610982417032,6.86310573654058,9.54369197128483,10.6993270598533,9.54369197140317,4.604803455535,4.05746259966673,13.0472618790048,12.5832352903133,12.5832352903133,9.28836900077444,4.67368397931819,2.64738316487559,9.28836900015105,33.8411774748518,3.72099602722796,17.4010266616797,5.1732686140306,4.79626537345061,5.72328374813081,3.72099602722796,4.79626537345061,3.72099602722796,3.24001067471245,4.79626537345061,3.72099602722796,3.72099602722796,3.72099602722796,3.91884922724393,4.79626537345061,3.72099602722796,3.72099602722796,3.72099602722796,3.72099602722796,5.1732686140306
10.3976709475876,8.14191100729045,6.74704591062285,12.2795666618277,9.41386736472086,9.01854382701845,11.648270306585,10.3681811471838,8.36000744589955,10.2693769354113,8.60553533825847,12.5233197801766,11.3807422970749,12.6603950828279,4.60516484589066,4.65808212529431,6.83081952623532,9.49765389989861,11.6204747882626,9.49765389979466,4.63063089689525,4.56710784804246,13.9021253797319,13.7773781839434,13.7773781839434,9.20201695978014,4.77713100695266,2.59839965924572,9.2020169596158,36.0465981823925,3.63766362761225,19.1407340399595,5.04858523885946,5.06039445178861,6.43800124264158,3.63766362761225,5.06039445178861,3.63766362761225,2.99020627986814,5.06039445178861,3.63766362761225,3.63766362761225,3.63766362761225,4.77419723550386,5.06039445178861,3.63766362761225,3.63766362761225,3.63766362761225,3.63766362761225,5.04858523885946
9.12701498675313,7.48406040279688,6.26701315605287,10.8197836799207,8.49081257630773,8.0257502536911,10.3111332938437,9.04500169840826,7.64841610667,8.93938394986615,7.96294781204143,10.8318822306129,9.81173209040536,10.9781705660352,4.45083515476735,4.66080650329558,6.38512034115885,8.66682541783823,10.1445566000915,8.66682541789369,4.80330559658979,4.40058593096229,11.9741164104774,11.8358679807989,11.8358679807989,8.48380426447695,4.65173042864679,2.51436187904842,8.48380426451034,29.6493790952805,3.51380505066765,16.3656338026197,5.34526931109491,5.31939970766059,6.19946306863473,3.51380505066765,5.31939970766059,3.51380505066765,2.94088806783942,5.31939970766059,3.51380505066765,3.51380505066765,3.51380505066765,3.9820753217099,5.31939970766059,3.51380505066765,3.51380505066765,3.51380505066765,3.51380505066765,5.34526931109491
9.72588023194028,7.70228903599373,6.56351582239806,11.9936685846855,9.17280013391459,8.86686095603352,11.3123297162289,10.1487035919663,8.0788312254669,9.02039072917692,8.33373190906521,12.1565816596726,11.1704807574374,12.3138160952456,4.51669594267468,4.64863288413798,6.57430012606284,9.15414689006576,11.4055423926433,9.15414689024749,4.68643182464988,4.34931601908049,12.051127566988,13.5036672083917,13.5036672083917,8.97784928197425,4.85857929417112,2.65343233222456,8.9778492819247,31.6097899021256,3.72673011626272,18.7309383986422,5.05815437380719,5.1394479504744,6.13520703478432,3.72673011626272,5.1394479504744,3.72673011626272,3.1099076205335,5.1394479504744,3.72673011626272,3.72673011626272,3.72673011626272,4.12136622283014,5.1394479504744,3.72673011626272,3.72673011626272,3.72673011626272,3.72673011626272,5.05815437380719
9.56608596207435,7.37378569558221,6.43890371070068,11.4722891697657,8.60274272168902,8.71031167552671,11.1131358919939,9.98083928787058,7.91265209363038,8.70649371854409,8.19352020174538,12.0887286326212,11.07391499959,12.2055741966315,4.16730225839452,4.65409400845145,6.57903714910066,8.95455471817583,11.362563732591,8.95455471877075,4.79302444250925,3.92221457539521,11.6035877030104,13.3798219220953,13.3798219220953,8.70724627809134,4.49385281360109,2.42876153597732,8.70724627822259,31.1286908544001,3.408970743088,18.6116232681278,5.41395404082733,5.29024679582954,5.53103831316649,3.408970743088,5.29024679582954,3.408970743088,3.14407325653758,5.29024679582954,3.408970743088,3.408970743088,3.408970743088,4.56717517695061,5.29024679582954,3.408970743088,3.408970743088,3.408970743088,3.408970743088,5.41395404082733
9.947947714959,7.69345035256167,6.4091776958678,11.3965659319214,8.78103268664142,8.48921743976084,10.8152081686561,9.61666908842855,7.81182882047026,10.1345263335925,8.16798779941541,11.63873925376,10.602579053723,11.7647711986505,4.20718214132199,4.7465922657162,6.56225822522837,8.85658289662342,10.9434902111262,8.85658289661359,4.96641102080901,4.05864739820565,13.7279056584526,12.8159198304324,12.8159198304324,8.61887714669101,4.61288648175237,2.43952474857801,8.61887714669101,32.8688530382358,3.41156009226558,17.8006830483361,5.55032090193396,5.61701940472742,5.71691897169715,3.41156009226558,5.61701940472742,3.41156009226558,2.96287111298609,5.61701940472742,3.41156009226558,3.41156009226558,3.41156009226558,4.46797806373147,5.61701940472742,3.41156009226558,3.41156009226558,3.41156009226558,3.41156009226558,5.55032090193396
10.127074576894,8.09621125522744,6.88498272148826,11.5986114189253,9.08802976699124,8.53317418543447,11.2182364442229,9.6982800978345,8.50695216686385,10.2951243770626,8.73811450680554,11.8209997644135,10.5687817562321,12.0090180686021,4.73577749687947,5.06206910931034,7.19183267072041,9.64665251731091,10.8975645553888,9.6466525171346,4.95197947904236,4.54974232090424,13.8584815044382,12.744010396097,12.744010396097,9.25524453544864,5.0132833030854,2.83818570001263,9.25524453546143,30.9850285798913,3.9807121064508,17.5770064840423,5.60983214521912,5.12342287179384,6.41381496302099,3.9807121064508,5.12342287179384,3.9807121064508,3.20917876049581,5.12342287179384,3.9807121064508,3.9807121064508,3.9807121064508,4.07002167315358,5.12342287179384,3.9807121064508,3.9807121064508,3.9807121064508,3.9807121064508,5.60983214521912
9.5211725479184,7.77648020062017,6.60803322207996,11.2226837163661,8.65768202631542,8.37757046044582,10.8286799206825,9.44822804849595,8.09326556833791,9.11514886887108,8.41183932257687,11.4809720602746,10.3510180468473,11.621720106293,4.39743232363048,4.63272178576935,6.6210748055939,9.15757026456379,10.5894470660022,9.15757026439972,4.78838237116233,4.23853928330745,12.1422441578558,12.4705801353415,12.4705801353415,8.87115992050941,4.71716510486332,2.47059480726493,8.87115992062113,29.899727877557,3.45460999493868,17.2936333641751,5.03934484576209,5.60859468702483,5.97140959908681,3.45460999493868,5.60859468702483,3.45460999493868,3.22796739670632,5.60859468702483,3.45460999493868,3.45460999493868,3.45460999493868,4.34390669871585,5.60859468702483,3.45460999493868,3.45460999493868,3.45460999493868,3.45460999493868,5.03934484576209
9.67706451662486,7.91230592838729,6.76574446477578,11.9458823896324,9.39854913366958,8.54316485779279,11.2647827266831,9.81593656989728,8.40612863217486,8.84441180872627,8.60555169699392,11.8771431052103,10.8332900080971,12.0443168407502,4.37005677992992,4.81021592110675,6.78364396842765,9.53998356564684,11.1569848356851,9.5399835655999,4.77821214349961,4.09975888812948,11.8146185289691,13.0855032744634,13.0855032744634,9.49423819398442,4.67239455686063,2.70151094229198,9.49423819372672,31.2647475927632,3.7848275824168,18.1136564247022,5.56583876631567,4.81564032955797,5.77465058187589,3.7848275824168,4.81564032955797,3.7848275824168,3.10168226207693,4.81564032955797,3.7848275824168,3.7848275824168,3.7848275824168,4.80749778368043,4.81564032955797,3.7848275824168,3.7848275824168,3.7848275824168,3.7848275824168,5.56583876631567
8.98238370668791,7.19007962880664,6.28096581542584,10.6352481362752,8.43215553721122,7.7970262419474,10.1272651941683,8.74649027575128,7.67683288101772,8.78504398155556,7.99148547449346,10.579730328115,9.48663695793238,10.7358891077972,4.34081876654188,4.73116769039199,6.43317552750818,8.70479048154925,9.82209609946582,8.70479048148194,4.76361311592393,4.25543391776197,11.6851129239017,11.4363189553325,11.4363189553325,8.45879247389044,4.62161201476008,2.47835438443178,8.45879247387924,34.8801342349477,3.47723062170839,15.794519554457,5.27719246097479,5.30434389453143,6.00201635064647,3.47723062170839,5.30434389453143,3.47723062170839,2.9003927249186,5.30434389453143,3.47723062170839,3.47723062170839,3.47723062170839,4.49639958419308,5.30434389453143,3.47723062170839,3.47723062170839,3.47723062170839,3.47723062170839,5.27719246097479
9.1831677204527,7.30579430820259,6.4075453324243,10.9078344147662,8.64679421365831,7.92558953577136,10.330085200708,8.95810262216681,7.8223946728032,8.9376251033882,8.13902934355349,10.9491888075634,9.84513740732022,11.1019073380221,4.18135880990402,4.73449201709723,6.5830766681561,8.84695382787302,10.1590523417903,8.84695382848003,4.87319598016651,3.89962634329436,11.9040513885877,11.8499123961594,11.8499123961594,8.54008421190193,4.35959241965117,2.49722732734111,8.54008421224861,29.3485074982637,3.50410837150852,16.3867358285694,5.36583280181638,5.49296743503423,5.49743415820016,3.50410837150852,5.49296743503423,3.50410837150852,3.1543894914393,5.49296743503423,3.50410837150852,3.50410837150852,3.50410837150852,4.03085621773795,5.49296743503423,3.50410837150852,3.50410837150852,3.50410837150852,3.50410837150852,5.36583280181638
9.82500629174412,7.51483334729323,6.57126678397084,11.4721818556248,9.10237443757796,8.21698868126026,10.6501366546813,9.22600721569599,8.04233812168223,10.0895248696021,8.34367553143287,11.308070725852,10.1504302033013,11.4900086621573,4.27725831921393,4.81863748593309,6.81796464224017,9.13121303699588,10.4807386853964,9.13121303633084,4.90854079104576,3.97856783017426,13.6549128591661,12.2582403290187,12.2582403290187,8.79289844838729,5.0612062873629,2.75933056819607,8.79289844835078,33.7134377759319,3.86488421436034,16.9005269118635,5.38609433714628,5.32292943071386,5.60078145081891,3.86488421436034,5.32292943071386,3.86488421436034,2.92886343645335,5.32292943071386,3.86488421436034,3.86488421436034,3.86488421436034,4.41324716420091,5.32292943071386,3.86488421436034,3.86488421436034,3.86488421436034,3.86488421436034,5.38609433714628
9.75791631325102,7.58091993363592,6.79149471900284,11.3398791646825,9.18375859079945,7.96541414878273,10.6862640069347,8.97022015193146,8.3494602423462,9.842241788296,8.68307418904857,11.1987895471262,9.84558986393058,11.3469394481046,4.16678397134806,4.77370326279376,7.02067829732188,9.48952971939709,10.2223114281423,9.48952971944713,5.00468803320213,3.95761135124502,13.3065074435271,11.8768310090482,11.8768310090482,9.11024012077735,4.45695609828215,2.509108588476,9.11024012077387,31.0982271597194,3.51110587985487,16.4244096504,5.60186757654895,5.60639241287173,5.57342388852297,3.51110587985487,5.60639241287173,3.51110587985487,2.9486842156772,5.60639241287173,3.51110587985487,3.51110587985487,3.51110587985487,4.21016695507489,5.60639241287173,3.51110587985487,3.51110587985487,3.51110587985487,3.51110587985487,5.60186757654895
9.90302975936007,7.86013648592495,6.80097694305408,11.3223362364682,8.93021863224903,8.38263293356449,10.9019091199694,9.43753835558323,8.29668269286328,9.99647574813495,8.61633839981418,11.4323169694925,10.2492725825311,11.6281151207574,4.74945300425173,4.88530477597595,7.01460512854866,9.39081305402657,10.5661110837291,9.39081305439785,5.12364373332731,4.54760016864006,13.4853550574043,12.3361684785877,12.3361684785877,9.03586134320314,4.93576939622258,2.83162133267826,9.03586134310071,33.301443051518,3.97304728956239,16.9877851909941,5.52821624774596,5.69281805019319,6.41181388208291,3.97304728956239,5.69281805019319,3.97304728956239,3.28242851486012,5.69281805019319,3.97304728956239,3.97304728956239,3.97304728956239,4.52022277210247,5.69281805019319,3.97304728956239,3.97304728956239,3.97304728956239,3.97304728956239,5.52821624774596
9.82561829190508,8.05736336879408,6.63798201609618,11.9454055016818,9.22012828778126,8.72828136478241,11.3125458527835,10.0648568750058,8.22512065990907,9.28039244422639,8.41837828479984,12.0909986361073,11.087032129151,12.2312630390692,4.51493576349186,4.66629506315498,6.58762946382359,9.29795354038407,11.2987105517612,9.29795354043235,4.58394611079025,4.28415826760209,12.3865465422622,13.3707420349847,13.3707420349847,9.1672144126983,4.53960986301838,2.61862462064505,9.16721441287338,34.2670992525769,3.66779342732913,18.5495586315397,5.04576068193659,4.9116926666648,6.03719646683341,3.66779342732913,4.9116926666648,3.66779342732913,3.35451694076714,4.9116926666648,3.66779342732913,3.66779342732913,3.66779342732913,4.41838202076874,4.9116926666648,3.66779342732913,3.66779342732913,3.66779342732913,3.66779342732913,5.04576068193659
9.53000993930674,7.35365570497855,6.45496771045976,11.6159000011954,8.89737979206948,8.64517232490026,11.0291866816431,9.85515018520858,7.94742116814714,8.80154231296307,8.19218635145734,11.8543688489507,10.8552701072767,11.9934142214879,4.39810586299373,4.67149361189603,6.60794190682221,8.99576752555564,11.1588791821589,8.99576752565589,4.78778045649203,4.19409715223714,11.7817923574666,13.1081347071399,13.1081347073271,8.79957510768328,4.86971977187283,2.58347232480408,8.79957510803668,32.1684654247213,3.62794675349422,18.1784059042586,5.47062142074558,5.06742878116325,5.91570657787369,3.62794675349422,5.06742878116325,3.62794675349422,3.14194425477553,5.06742878116325,3.62794675349422,3.62794675349422,3.62794675349422,4.65096944447467,5.06742878116325,3.62794675349422,3.62794675349422,3.62794675349422,3.62794675349422,5.47062142074558
9.69463410309091,7.56931289577476,6.52275414386109,11.3054144490494,8.97321076180465,8.12055190530971,10.6569692354852,9.27549589420537,8.06241342710869,9.92627755262656,8.25055738626703,11.1725312265046,10.1732750780946,11.3499975759167,4.43151420910186,4.91672697752686,6.59651436909405,9.10960216303775,10.4684774144075,9.10960216284351,4.72124641913955,4.11885517230584,13.3060005230624,12.2363170749704,12.2363170749704,8.99840549464711,4.60371460287748,2.69161971782657,8.9984054946204,32.5920238221981,3.76942162717379,16.8899079492081,5.41529834570805,4.83078533363959,5.80092933040538,3.76942162717379,4.83078533363959,3.76942162717379,3.32491992709307,4.83078533363959,3.76942162717379,3.76942162717379,3.76942162717379,4.11210076482834,4.83078533363959,3.76942162717379,3.76942162717379,3.76942162717379,3.76942162717379,5.41529834570805
9.60459869897577,7.70560560623563,6.5973597847674,11.5709818497585,9.02101303639058,8.44940532864945,10.8215863938188,9.53236087303825,8.04829440049841,9.22260848861344,8.34325971243269,11.6393836295576,10.5187944935762,11.8186384669243,4.38100570075185,4.60125718969882,6.79246388622689,9.09495696109614,10.7426782108585,9.09495696121966,4.85197146534146,3.98222841347674,12.3714935770071,12.6686082628067,12.6686082628067,8.66253057100521,4.98585404874237,2.76526486505712,8.66253057099913,32.7516268246507,3.88678959479396,17.4884842903159,5.02292301544962,5.50342853479249,5.61520418340467,3.88678959479396,5.50342853479249,3.88678959479396,3.30776748893423,5.50342853479249,3.88678959479396,3.88678959479396,3.88678959479396,4.57674209630896,5.50342853479249,3.88678959479396,3.88678959479396,3.88678959479396,3.88678959479396,5.02292301544962
9.26009769054589,7.98143049760349,6.73403253236644,11.0851510351216,9.03528437758231,7.70918793334369,10.5592712965047,8.72622650520276,8.39679701522837,8.86736583960075,8.6139945107841,10.8632850599376,9.44877949023148,11.0107039024727,4.36374777275449,4.5721029110642,6.93742384227292,9.54411600209434,9.78524133497082,9.54411600177769,4.59437895832875,4.30110161594695,11.8924406327179,11.3821149571576,11.3821149571576,9.18347513394942,4.47733488234661,2.43745922133602,9.18347513408358,31.5539086566141,3.4099530888098,15.7318036871883,5.30658128738223,4.85148722137205,6.06188319054701,3.4099530888098,4.85148722137205,3.4099530888098,2.95836888046993,4.85148722137205,3.4099530888098,3.4099530888098,3.4099530888098,4.62272869803827,4.85148722137205,3.4099530888098,3.4099530888098,3.4099530888098,3.4099530888098,5.30658128738223
9.72991607539683,7.79438757348162,6.85034176883534,11.5873451844976,9.37382177940667,8.06633702648971,10.803707948041,9.11706926154049,8.4335615263107,9.62524178326849,8.72138268288088,11.2872998623251,10.006611308169,11.4570900341362,4.32021833036739,4.63087449444353,6.9212803104348,9.57449098603652,10.2849860326084,9.57449098623017,4.83329007215156,4.02709288165316,12.9924247069823,12.0608671126939,12.0608671126939,9.2773892519909,4.64135498117533,2.71630942478718,9.2773892522531,32.2774207436416,3.79654046280234,16.6284353807637,5.14078681753298,5.40741750373655,5.66508216626443,3.79654046280234,5.40741750373655,3.79654046280234,3.0798503321112,5.40741750373655,3.79654046280234,3.79654046280234,3.79654046280234,4.30655659836179,5.40741750373655,3.79654046280234,3.79654046280234,3.79654046280234,3.79654046280234,5.14078681753298
9.69545026864219,7.49575874913607,6.63624558492211,11.336530761799,9.05632888932301,8.15592180825505,10.6328532181707,9.12989867477689,8.12010178081349,9.85062520736439,8.45591612316557,11.2303171088861,9.91213873895824,11.3732989536634,4.49713559803357,4.58904641732032,6.88804244160131,9.19923744563843,10.1966651767411,9.19923744569656,4.87502643153317,4.41250654952097,13.3089808217068,11.9351651307712,11.9351651307712,8.68061963843318,4.78025634865886,2.49034617855328,8.68061963842304,32.4132696611038,3.48359182001079,16.5149150990142,5.19883181906032,5.66869411485698,6.21880168986393,3.48359182001079,5.66869411485698,3.48359182001079,3.14058235637063,5.66869411485698,3.48359182001079,3.48359182001079,3.48359182001079,4.10899072158446,5.66869411485698,3.48359182001079,3.48359182001079,3.48359182001079,3.48359182001079,5.19883181906032
10.0123887922142,7.94497601229723,6.74212227483188,11.9204887378188,9.20298558290009,8.84092259157813,11.3092193766285,10.0591572319223,8.24941231307117,9.7322979492879,8.5358844061865,12.0525911429124,11.0946308033595,12.2285312897582,4.54268664433573,4.97558976044335,6.77626165469475,9.33020551230659,11.4051874148307,9.33020551221195,5.08832515248308,4.23136685673413,13.0564420419418,13.3837423169554,13.3837423169554,9.24076323177758,4.96533711187187,2.80182832341908,9.24076323181866,34.3818331405075,3.92087558619951,18.5168561516696,5.65753132545884,5.50378831158209,5.95675453097138,3.92087558619951,5.50378831158209,3.92087558619951,3.32431994815249,5.50378831158209,3.92087558619951,3.92087558619951,3.92087558619951,3.98484585234791,5.50378831158209,3.92087558619951,3.92087558619951,3.92087558619951,3.92087558619951,5.65753132545884
9.78065475070623,7.81123323835008,6.79244643844972,11.4690768440498,9.0128597117507,8.36176359006705,10.9108696926034,9.43836450767234,8.29500901180442,9.56637874636024,8.60952388606938,11.392691733062,10.4165546718663,11.5944443879917,4.35715648203923,4.81241451699766,6.65493130672565,9.39976265580931,10.7125912017402,9.39976265577578,5.04481254723566,3.94414653259717,12.871292743699,12.5568027705947,12.5568027705947,9.4107571246881,4.88592683113378,2.85505921404207,9.4107571246786,32.9352493780583,3.99922021045426,17.3019174985671,5.3782618047783,5.60629717633015,5.55007797999887,3.99922021045426,5.60629717633015,3.99922021045426,3.18695654048647,5.60629717633015,3.99922021045426,3.99922021045426,3.99922021045426,4.35227985948099,5.60629717633015,3.99922021045426,3.99922021045426,3.99922021045426,3.99922021045426,5.3782618047783
9.70083302260586,7.44196664471803,6.59912843315651,11.6611515375997,8.81110486165993,8.82373696395435,11.2467968690141,10.0640372717943,8.11410680620294,8.96935786339505,8.346385179233,12.1076243507219,11.1225316754749,12.2941047708439,4.47109906873348,4.81378020620077,6.8236826493746,9.18793669851618,11.4378928440424,9.18793669859327,4.92228651132593,4.13949145200797,12.0308299185513,13.4361359912855,13.4361359912855,8.96805851076211,5.12162107999731,2.83699562254887,8.96805851070959,30.0139769856497,3.98105740917661,18.5793347130097,5.60718615599164,5.03958049638307,5.83302797817574,3.98105740917661,5.03958049638307,3.98105740917661,3.17782430286646,5.03958049638307,3.98105740917661,3.98105740917661,3.98105740917661,4.17279144551572,5.03958049638307,3.98105740917661,3.98105740917661,3.98105740917661,3.98105740917661,5.60718615599164
9.76534220266737,7.92251330583273,6.82588741830777,11.5802537744358,9.09110319051282,8.45858509263136,11.0608731732696,9.5767867043079,8.38214847357025,9.47529899307619,8.67200254932484,11.6227226804087,10.4503967992436,11.7872660146904,4.63237109700145,4.70472020107753,6.8188621676521,9.48655127011916,10.6733935093972,9.48655127012294,4.83398864508855,4.43992817380871,12.667740803698,12.5813753195895,12.5813753195895,9.21318407429342,4.77971600659943,2.67279645130302,9.21318407426588,32.9210075267047,3.75343582653267,17.3926796187644,5.01834475824394,5.55249799490168,6.26333769845043,3.75343582653267,5.55249799490168,3.75343582653267,3.32545422870045,5.55249799490168,3.75343582653267,3.75343582653267,3.75343582653267,4.25913735334223,5.55249799490168,3.75343582653267,3.75343582653267,3.75343582653267,3.75343582653267,5.01834475824394
9.38959072152594,7.87996156226176,6.72546127737758,11.5472390217447,9.23204957504274,8.28291084877135,10.8259139679579,9.32327336224072,8.2487083113157,8.89415421362076,8.55539848278702,11.3526762064977,10.1270958915679,11.5075781871044,4.60414235339317,4.83420979940719,6.86378356909023,9.34300843331297,10.4176788078733,9.34300843358676,4.91262799242386,4.48534723741818,11.7796425108652,12.1942765426086,12.1942765426086,9.00104162709878,4.81327609703817,2.6028970734142,9.00104162716585,32.4607793381392,3.64837880301515,16.8562434926005,5.30892498004317,5.55929621378896,6.32430659698471,3.64837880301515,5.55929621378896,3.64837880301515,3.20722613323502,5.55929621378896,3.64837880301515,3.64837880301515,3.64837880301515,4.08551950187751,5.55929621378896,3.64837880301515,3.64837880301515,3.64837880301515,3.64837880301515,5.30892498004317
9.92064168545866,8.00109433699993,6.91775226611467,11.3031778181187,9.03523279826871,8.20270921780427,10.9148104298609,9.2145797673837,8.49387477616871,10.0725478650819,8.82255611534362,11.2080757921885,9.99779156497877,11.3869100301584,4.58596343491252,4.97475774728905,6.92959400265858,9.65040116651258,10.3640937408435,9.65040116706582,5.08776850298833,4.47903382659509,13.5663906908635,12.0554038937707,12.0554038937707,9.51390060107401,4.8086901969297,2.68798333123439,9.51390060111836,31.4510495714405,3.75676939290311,16.6281049941315,5.6198508682362,5.65332622076935,6.30774005113169,3.75676939290311,5.65332622076935,3.75676939290311,3.0317922656502,5.65332622076935,3.75676939290311,3.75676939290311,3.75676939290311,4.32801724882311,5.65332622076935,3.75676939290311,3.75676939290311,3.75676939290311,3.75676939290311,5.6198508682362
9.73704056513628,7.51189494655328,6.51506076301385,11.3757751280165,8.65235206247436,8.59119499110606,11.0049764177468,9.81395252836364,8.00091725076238,9.38268653991917,8.25242266132336,11.9293535864724,10.7965578908531,12.0793438199402,4.47398484832279,4.64172922660212,6.83673713126662,9.03304280912865,11.0471831317228,9.03304280905424,4.77915952427639,4.23212684194262,12.5923979145447,13.00812373886,13.00812373886,8.52826633065593,4.6474804674671,2.59340113254174,8.52826633040002,36.2510057374331,3.6334268081256,18.0330384956171,5.2628304567365,5.25568892004874,5.96448167989717,3.6334268081256,5.25568892004874,3.6334268081256,3.35747979307936,5.25568892004874,3.6334268081256,3.6334268081256,3.6334268081256,4.6772806225618,5.25568892004874,3.6334268081256,3.6334268081256,3.6334268081256,3.6334268081256,5.2628304567365
9.75674419768045,7.85899861083844,6.45518461174864,11.7177020593869,8.9522287222769,8.77294186725871,11.1982438841437,10.0786834447885,7.91971975079783,9.18685213442527,8.21544200030749,12.0750891857192,11.0604055250975,12.2107373355947,4.50000730955927,4.67304486008791,6.62157690795112,8.98310486209744,11.3728729076684,8.98310486198757,4.84184742369544,4.45151219338643,12.3638139496755,13.3834869661632,13.3834869661632,8.74612385721279,4.48308892056507,2.54141282831507,8.74612385718284,30.1445237961529,3.55225316893115,18.5908698693996,5.460919568718,5.28112783950639,6.27170764760001,3.55225316893115,5.28112783950639,3.55225316893115,2.96586355445739,5.28112783950639,3.55225316893115,3.55225316893115,3.55225316893115,4.64329405146007,5.28112783950639,3.55225316893115,3.55225316893115,3.55225316893115,3.55225316893115,5.460919568718
10.1307398995061,7.71995416807682,6.73858190352303,11.9487045881642,9.31386404770303,8.66432338984467,11.2345058735713,9.8526319314304,8.2979947774518,10.1086439000448,8.57469720637811,11.8760700424424,10.8538973940745,12.0436647139294,4.41039094365931,4.67209206892056,6.65663123582115,9.42047405953896,11.1352955641799,9.42047405936918,4.82675252086177,4.19440585723009,13.7129851488599,13.1199458850199,13.1199458850199,9.36275609738639,4.9257902085407,2.69911304134482,9.36275609739463,30.1914522230169,3.77812386267925,18.1648342486218,5.26755154486498,5.27925941206814,5.90685685588398,3.77812386267925,5.27925941206814,3.77812386267925,3.03130795342781,5.27925941206814,3.77812386267925,3.77812386267925,3.77812386267925,4.08654831504028,5.27925941206814,3.77812386267925,3.77812386267925,3.77812386267925,3.77812386267925,5.26755154486498
9.1259067676167,7.58409142905285,6.44757097602821,11.0543164547143,8.78424356400698,7.99860826547479,10.3817333025689,8.99842327556514,7.90614478467367,8.77968510897962,8.15826206349528,10.9177102176346,9.80621499778639,11.1031759627452,4.46925986235799,4.7750281702332,6.6489261969627,8.93546078636685,10.078629305624,8.93546078626726,4.74224302692333,4.22366369773802,11.6232271833758,11.7896910544419,11.7896910544419,8.59248337973559,4.86369246278424,2.67160340470149,8.59248337977446,34.5884204752619,3.74263443588153,16.2487979492364,5.17250772124394,5.1676859556331,5.95079612555332,3.74263443588153,5.1676859556331,3.74263443588153,3.24080549357424,5.1676859556331,3.74263443588153,3.74263443588153,3.74263443588153,4.65647438893678,5.1676859556331,3.74263443588153,3.74263443588153,3.74263443588153,3.74263443588153,5.17250772124394
9.81812505105875,8.30468817135916,7.04636662439217,11.8147888077343,9.29017927077327,8.59442850696172,11.4216932862801,9.7655539733742,8.71746950172685,9.03749635032277,9.00515467996689,11.967164604063,10.6869914418113,12.0978689176103,4.53728764456893,4.89779448128055,7.07500635002823,9.89512376120229,11.003056830699,9.89512376106948,4.97058812877075,4.42231198479443,12.0001257698361,12.8923083227139,12.8923083227139,9.67087874906867,4.67822544410408,2.54544236539069,9.67087874933912,33.2536828019033,3.56141490400144,17.8806008687157,5.54976888673102,5.53503240411602,6.23222437716534,3.56141490400144,5.53503240411602,3.56141490400144,3.19937260377338,5.53503240411602,3.56141490400144,3.56141490400144,3.56141490400144,4.62314181649353,5.53503240411602,3.56141490400144,3.56141490400144,3.56141490400144,3.56141490400144,5.54976888673102
9.84871110083807,7.63422011637753,6.74564151898666,11.364163592575,8.77459138575496,8.51205246896931,11.0562805489506,9.62099981871608,8.26143753647575,9.60931799660853,8.59274218563984,11.7443922378235,10.501102524769,11.9052166217649,4.55936229117913,4.66979028129488,6.95346633292236,9.37899348527479,10.7927777813545,9.3789934855656,4.93366227607555,4.45308739965588,12.9694660832765,12.6828592426527,12.6828592426527,8.95596171565,4.84086672117114,2.65368688414721,8.95596171566364,34.4310775496013,3.72011271218072,17.5470089981008,5.26648895398698,5.60784491315635,6.27826791516552,3.72011271218072,5.60784491315635,3.72011271218072,3.01770409142451,5.60784491315635,3.72011271218072,3.72011271218072,3.72011271218072,4.58108994392918,5.60784491315635,3.72011271218072,3.72011271218072,3.72011271218072,3.72011271218072,5.26648895398698
9.53062073914595,7.62202221122565,6.54005284799361,10.9556671046181,8.63548291145946,7.92760621625915,10.4766001763964,8.96242816127082,8.05021945830568,9.60116980645195,8.31044151552778,10.9579435954881,9.83889167164349,11.1302858583685,4.23318080288497,4.51025982459849,6.54419948676513,9.13518719899553,10.0983957384193,9.13518719895966,4.62934629385992,3.94754320626545,12.9852179894238,11.8651211715625,11.8651211715625,8.95165942548093,4.68376346894467,2.67248600759089,8.95165942557459,34.178896850825,3.74233365634956,16.3572378689858,4.93805250166022,5.08948086237222,5.55763725348104,3.74233365634956,5.08948086237222,3.74233365634956,2.97766466567923,5.08948086237222,3.74233365634956,3.74233365634956,3.74233365634956,4.25926342765852,5.08948086237222,3.74233365634956,3.74233365634956,3.74233365634956,3.74233365634956,4.93805250166022
9.78815645218513,7.61244439360534,6.82618686953187,11.2231441141134,8.86642330898666,8.19367694898268,10.840963193162,9.22387678738667,8.39692557324705,9.76084949167137,8.67529101157903,11.4034854160596,10.1049974831444,11.5893848527033,4.43020600589599,4.90153821889809,7.12209442554509,9.52504285186711,10.4435250098298,9.52504285216261,4.98744518669665,4.13635863975942,13.1327605966309,12.1759803076574,12.1759803076574,9.1038576899152,4.93316125104238,2.76442859999246,9.10385768995113,30.402855330799,3.87895279306156,16.7777296653467,5.54150830157272,5.37292611581283,5.82942068150852,3.87895279306156,5.37292611581283,3.87895279306156,3.13863943863905,5.37292611581283,3.87895279306156,3.87895279306156,3.87895279306156,4.53487387410892,5.37292611581283,3.87895279306156,3.87895279306156,3.87895279306156,3.87895279306156,5.54150830157272
9.49452579112009,7.65807648574172,6.59891354243455,10.9369865056855,8.69973596376187,7.93602651414574,10.5488935987043,8.95733993083214,8.14948776664184,9.53339266357466,8.41910738298839,10.7987786151183,9.66292175352604,10.9519561786966,4.54115949560865,4.4327474233816,6.47702335902513,9.24656590464791,9.93423970025238,9.2465659046016,4.61960938278304,4.53203312447599,12.8923644331305,11.6400322280514,11.6400322280514,9.15492129371777,4.5715766951839,2.46388057791003,9.1549212937028,30.6307243463742,3.44734015360969,16.0964149140657,5.01045400154399,5.19938802593812,6.38930992580296,3.44734015360969,5.19938802593812,3.44734015360969,3.02620131532597,5.19938802593812,3.44734015360969,3.44734015360969,3.44734015360969,4.1260724449224,5.19938802593812,3.44734015360969,3.44734015360969,3.44734015360969,3.44734015360969,5.01045400154399
9.69772316454694,7.69577204260589,6.65543958043194,11.3461536932632,8.91881185701277,8.33043566662377,10.8295125719718,9.43084109473279,8.14591476576074,9.5575350432012,8.44569345821256,11.4681157072113,10.2896410103279,11.6394166086701,4.57048236204258,4.71140157353086,6.86734058175169,9.2222183477083,10.575728333618,9.22221834731259,4.92000151114647,4.37709714835156,12.8640916155441,12.3968653860935,12.3968653860935,8.8349506369331,4.72810945053471,2.6905202159877,8.8349506369331,34.2653847679127,3.77824812115482,17.1210992435691,5.30770591860279,5.49296274544033,6.17395416565487,3.77824812115482,5.49296274544033,3.77824812115482,3.20538321626468,5.49296274544033,3.77824812115482,3.77824812115482,3.77824812115482,4.53788382539821,5.49296274544033,3.77824812115482,3.77824812115482,3.77824812115482,3.77824812115482,5.30770591860279
9.78151795106447,7.58368277887293,6.4084238990469,11.4573851142619,8.89786751904049,8.44605899594046,10.7308596772711,9.60479194472152,7.7817512315902,9.92713244160753,8.09114937121221,11.5096870878636,10.5392236407026,11.7000405012767,4.51489939738748,4.5833344804166,6.50872142395893,8.7966211614064,10.7610710571814,8.79662116205389,4.80596272126086,4.24245868931086,13.4288057072208,12.7108944879038,12.7108944879038,8.50329182705253,4.72154361144206,2.78706646326044,8.50329182821934,33.9627846907366,3.91211126150867,17.5456727603795,4.92527078344542,5.45243992615904,5.98059613590814,3.91211126150867,5.45243992615904,3.91211126150867,3.17490491874043,5.45243992615904,3.91211126150867,3.91211126150867,3.91211126150867,4.01328435912198,5.45243992615904,3.91211126150867,3.91211126150867,3.91211126150867,3.91211126150867,4.92527078344542
9.50165361176154,7.85823715786163,6.54101140893203,11.4730045590017,8.98603045280795,8.46366379300243,10.831325360382,9.59144227487037,7.94483631239881,8.92611407173669,8.29602293095799,11.5335837029539,10.5145131014281,11.6946682409607,4.4800748309148,4.76295784441873,6.67414820909005,8.99017009516578,10.8446452269994,8.99017009440743,5.09513942842187,4.27624187668226,11.9516918180266,12.6821959705348,12.6821959705348,8.77181151647916,4.63002444734129,2.66345810651942,8.77181151657646,34.4203398520159,3.72945436085387,17.5450508523848,5.58067579987762,5.72959854502357,6.02450755104864,3.72945436085387,5.72959854502357,3.72945436085387,3.16372765309557,5.72959854502357,3.72945436085387,3.72945436085387,3.72945436085387,4.87067304465259,5.72959854502357,3.72945436085387,3.72945436085387,3.72945436085387,3.72945436085387,5.58067579987762
9.92597121940289,7.63449405022223,6.79188407763923,11.5694705432645,9.16862542719639,8.30930233476843,10.9802992861933,9.46329114839139,8.40124900470397,10.016127082423,8.59841882758604,11.5466186558789,10.3757470968416,11.7418601903209,4.55480176767204,4.87088762782913,6.99004466739509,9.51502950742039,10.6648038913638,9.51502950729067,4.80819288654568,4.21014135322061,13.5026199228045,12.495378137595,12.495378137595,9.22636193099912,4.90930161582454,2.86935995698996,9.22636193101722,33.0714179232228,4.03343512257303,17.2042982544422,5.38141262045762,4.9119578976478,5.93751417280364,4.03343512257303,4.9119578976478,4.03343512257303,3.27342222405415,4.9119578976478,4.03343512257303,4.03343512257303,4.03343512257303,4.24454616656283,4.9119578976478,4.03343512257303,4.03343512257303,4.03343512257303,4.03343512257303,5.38141262045762
9.85942256179278,8.04655501744277,6.90304810305614,11.5059653867795,9.31805521517452,8.20553015969573,10.8819247795711,9.2509580794098,8.4649128579703,9.85719016893506,8.77129809062096,11.2842299480216,10.0349098008178,11.467256827969,4.684384824396,4.83731215783089,7.07419702539122,9.58046443399388,10.3760657089486,9.58046443419149,5.12768962000815,4.49708896841092,13.2983641249785,12.059360447343,12.059360447343,9.26576177963245,4.6700512218796,2.69877694879014,9.26576177941904,29.5260331542791,3.78723373405602,16.6288050899506,5.66971188064875,5.69130131514837,6.34240697152803,3.78723373405602,5.69130131514837,3.78723373405602,3.35561947042369,5.69130131514837,3.78723373405602,3.78723373405602,3.78723373405602,4.76185265633422,5.69130131514837,3.78723373405602,3.78723373405602,3.78723373405602,3.78723373405602,5.66971188064875
9.85906590923465,7.47295787974109,6.60078892851156,11.2702042536593,8.69870880799818,8.33969364803713,10.8512341607729,9.48859766275709,8.11766563823083,9.92645350172907,8.37488012957419,11.5455821215312,10.4649027310674,11.7044426950538,4.31494996187547,4.61449276871267,6.63891964665111,9.18139932873838,10.6983287468217,9.18139932908544,4.71645784620687,3.98739363673557,13.3912282399601,12.6064825935338,12.6064825935338,8.93708332536203,4.64156722839268,2.62264753367036,8.93708332536203,31.8131525900087,3.68235636020253,17.4429935910167,5.05123597363006,5.2593029130045,5.62172979416662,3.68235636020253,5.2593029130045,3.68235636020253,3.26995223520762,5.2593029130045,3.68235636020253,3.68235636020253,3.68235636020253,4.20703756703662,5.2593029130045,3.68235636020253,3.68235636020253,3.68235636020253,3.68235636020253,5.05123597363006
9.78532544916174,7.85347663934922,6.58854752818515,11.2813013179324,8.84487082159722,8.2518112702601,10.6975264240247,9.29924475362177,8.05811207151151,10.0205226380015,8.35939245056303,11.3662974940487,10.180292597392,11.5451501744692,4.43586179069736,4.74654573763076,6.80110935799405,9.13459688876385,10.4447017474598,9.13459688864368,4.81640508544175,4.20124372823825,13.5099237129369,12.2785534986732,12.2785534986732,8.71642809795491,4.90275441135616,2.73242002555782,8.71642809798191,35.4121349433377,3.82466893060104,16.9375505063571,5.07613686712099,5.40351876252053,5.91573816126894,3.82466893060104,5.40351876252053,3.82466893060104,3.06688793219746,5.40351876252053,3.82466893060104,3.82466893060104,3.82466893060104,4.04600804050824,5.40351876252053,3.82466893060104,3.82466893060104,3.82466893060104,3.82466893060104,5.07613686712099
9.85967175345375,7.76586750607734,6.62774858296633,11.7240235880427,8.98589926501101,8.73137788152284,11.2510610633811,9.95617150325358,8.17587389656128,9.45280954197553,8.44122828501759,11.9965607757698,10.934475406976,12.1415351138666,4.47427240118871,4.82270685384257,6.73990938696694,9.28548807785098,11.2613925070371,9.28548807783064,4.84299842558404,4.36192203345753,12.7072031916865,13.2286887844059,13.2286887844059,9.12105049973913,4.90326620962332,2.62296508086539,9.12105049982102,30.7346745235158,3.67762252007482,18.3430951062486,5.52088542301917,5.1340816337037,6.14968401603437,3.67762252007482,5.1340816337037,3.67762252007482,2.95171606601431,5.1340816337037,3.67762252007482,3.67762252007482,3.67762252007482,4.33050246353798,5.1340816337037,3.67762252007482,3.67762252007482,3.67762252007482,3.67762252007482,5.52088542301917
9.96722934752166,7.80447088348335,6.74032539079299,11.8996052484623,9.06295567198739,8.8525728987332,11.4394121271788,10.1053788454355,8.35726683227908,9.42748547644259,8.57493443677623,12.3227959546213,11.14151672692,12.4736738099933,4.4634589589608,4.77412237539282,6.99687314133771,9.47831866620259,11.4214897663564,9.47831866701357,4.73437043455618,4.25956860094025,12.6472549766734,13.4639681801393,13.4639681801393,9.09086332655193,5.0483254482637,2.65016075538676,9.09086332623438,31.2624765925528,3.71950747456358,18.674586949543,5.36704971749964,4.96012429954124,6.00635616535374,3.71950747456358,4.96012429954124,3.71950747456358,3.13936906096579,4.96012429954124,3.71950747456358,3.71950747456358,3.71950747456358,4.54553164197054,4.96012429954124,3.71950747456358,3.71950747456358,3.71950747456358,3.71950747456358,5.36704971749964
9.62817372811146,7.80908714865614,6.70444297616486,11.4123336773428,8.94145218225234,8.24960780664028,10.9584048759005,9.4204460662904,8.30151379623555,9.25365538990251,8.5632721690729,11.716317300326,10.3797935004283,11.8517266559853,4.19867168981671,4.69220864098533,6.97478808241938,9.42587971808032,10.658358529526,9.42587971818274,4.67185758548094,3.99733455169584,12.3705046900104,12.5325526079675,12.5325526079675,8.9245736660326,4.39230212977441,2.47153685084556,8.92457366620503,33.3038905234596,3.46604647945837,17.3827122644471,5.16580845539524,5.17493030328895,5.63523777024431,3.46604647945837,5.17493030328895,3.46604647945837,3.01937219225817,5.17493030328895,3.46604647945837,3.46604647945837,3.46604647945837,4.02579689404537,5.17493030328895,3.46604647945837,3.46604647945837,3.46604647945837,3.46604647945837,5.16580845539524
9.27422988805981,7.67725379862121,6.38936931351986,11.323456317778,8.84971748891862,8.32025225959645,10.6613372467423,9.47934860190054,7.7821326960209,8.74762529328864,8.08076849113453,11.3422932335393,10.3488899926925,11.5253791392742,4.56022990065784,4.55300005770337,6.49679730102079,8.81582768214635,10.6043993826061,8.81582768192217,4.77344410368039,4.38534574876158,11.7286772921255,12.4943816918678,12.4943816918678,8.56863303323087,4.63932350414875,2.78258363344344,8.56863303335713,29.1678501906904,3.8936785604658,17.2349738233853,5.01535990446547,5.29554348953584,6.17560277883555,3.8936785604658,5.29554348953584,3.8936785604658,3.01449284390932,5.29554348953584,3.8936785604658,3.8936785604658,3.8936785604658,4.1639240598117,5.29554348953584,3.8936785604658,3.8936785604658,3.8936785604658,3.8936785604658,5.01535990446547
9.8858517566583,7.77159585102739,6.61326557207707,11.6223768480882,9.00141396776509,8.51439036222357,10.9760080619778,9.63607697108694,8.13263192979051,9.83384300567693,8.4057983408925,11.6159234578789,10.6154407528493,11.7508319490254,4.34238689487162,4.58626852352055,6.44526215723426,9.20421466837495,10.8458804323199,9.20421466922146,4.70923562106057,4.1023996760169,13.2547440466535,12.7999209449666,12.7999209449666,9.15349917380845,4.89284864883059,2.56104202863272,9.15349917342355,33.2116311392093,3.57909656656521,17.7447207458003,5.0237942132252,5.33687260077031,5.77520788599262,3.57909656656521,5.33687260077031,3.57909656656521,3.22573944236535,5.33687260077031,3.57909656656521,3.57909656656521,3.57909656656521,4.21088976551729,5.33687260077031,3.57909656656521,3.57909656656521,3.57909656656521,3.57909656656521,5.0237942132252
9.65604316171206,7.70501132897429,6.33758273762272,10.9103254590674,8.52660574107582,8.06199308777082,10.3305872045065,9.06984268943933,7.74617374000845,10.0807756185512,8.00729738756037,10.9171347898261,9.92182038338894,11.0864016629634,4.40033313300778,4.54263469418757,6.42245912975789,8.7351840917772,10.1691169847947,8.73518409152577,4.7201434284529,4.12333938527201,13.6518896182796,11.9212626798261,11.9212626798261,8.49846907671809,4.82911223778662,2.60610676485208,8.49846907675698,31.3385131714024,3.64467848932741,16.4619382918353,5.09880263627676,5.24954568417314,5.80552251942026,3.64467848932741,5.24954568417314,3.64467848932741,3.33177367153848,5.24954568417314,3.64467848932741,3.64467848932741,3.64467848932741,4.56178633355059,5.24954568417314,3.64467848932741,3.64467848932741,3.64467848932741,3.64467848932741,5.09880263627676
9.42411416380213,7.67146312098612,6.35861736343273,11.1050345219363,8.55894335681532,8.26234117712883,10.6172876019534,9.38683557670637,7.8351492629507,9.24152050476756,8.05066062993308,11.2775722733618,10.2638274677373,11.4293049696568,4.46942438089903,4.52043124491894,6.4222449040366,8.84463683495324,10.4811555406403,8.84463683470955,4.53176895850797,4.28132451081133,12.3789665729376,12.3528407782562,12.3528407782562,8.60182543825912,4.75506550657902,2.53941184800157,8.60182543831205,34.662025767648,3.55605978515168,17.1048662318097,4.93891204771841,4.95705436998894,6.03393555700997,3.55605978515168,4.95705436998894,3.55605978515168,3.29735214768919,4.95705436998894,3.55605978515168,3.55605978515168,3.55605978515168,4.32998332812223,4.95705436998894,3.55605978515168,3.55605978515168,3.55605978515168,3.55605978515168,4.93891204771841
9.54927289840735,7.40000567950393,6.4014133923764,11.304025200606,8.67722492750387,8.41344211775784,10.8780236156304,9.60530738493038,7.92970537461616,9.22286074905174,8.15543454503586,11.588773643996,10.4551519574588,11.7189782847052,4.53239760130026,4.45493474173808,6.56337965338987,9.0010231875289,10.7117033403435,9.00102318782478,4.46446839034164,4.54858238826972,12.4309493565989,12.6395887127836,12.6395887127836,8.67788113320925,4.73079353762182,2.48474346232795,8.67788113315041,32.9361877840186,3.47279340330439,17.5415516977352,4.97367163177151,4.79559692267381,6.41031715402443,3.47279340330439,4.79559692267381,3.47279340330439,2.91087544723765,4.79559692267381,3.47279340330439,3.47279340330439,3.47279340330439,4.54108285095551,4.79559692267381,3.47279340330439,3.47279340330439,3.47279340330439,3.47279340330439,4.97367163177151
9.33205555094353,7.59882107843831,6.41713104022961,11.2665051124801,8.8055088190102,8.20281315513297,10.6045395352656,9.27886325603787,7.92886194070901,8.92522820972014,8.13796431297416,11.278403825135,10.1708863937732,11.4232656988694,4.36457107976356,4.4906291950964,6.58776506132279,8.96269790703742,10.421751673082,8.9626979074018,4.56467793274752,4.1423987187412,11.9637535497172,12.2450403472756,12.2450403472756,8.64231790563349,4.90046867398427,2.53776347659326,8.64231790569533,31.5303702967285,3.55180110289474,16.9485688792883,5.09635070846877,4.89085397292825,5.83572150969464,3.55180110289474,4.89085397292825,3.55180110289474,3.23680611381956,4.89085397292825,3.55180110289474,3.55180110289474,3.55180110289474,4.66249795502826,4.89085397292825,3.55180110289474,3.55180110289474,3.55180110289474,3.55180110289474,5.09635070846877
10.0884599941851,8.17751198022215,6.69019897431717,11.6050611591811,8.898609398451,8.69575668915324,11.2221815020521,9.90641280992785,8.24477971476058,10.048965704113,8.49936450999859,11.8020161912503,10.8093027842556,11.9620629365243,4.69735797594243,4.6521991027424,6.5740331907905,9.33281967034685,11.0552209711506,9.33281967118536,4.75869944701763,4.59698133573196,13.5774410027029,13.0368075435604,13.0368075435604,9.2717856683324,4.85131283925312,2.62348635410435,9.27178566874968,33.0747186195005,3.68038813618315,18.0647180047026,5.17081009363576,5.258636722572,6.48440192094657,3.68038813618315,5.258636722572,3.68038813618315,3.25613926584094,5.258636722572,3.68038813618315,3.68038813618315,3.68038813618315,4.7959428176523,5.258636722572,3.68038813618315,3.68038813618315,3.68038813618315,3.68038813618315,5.17081009363576
9.62935072779173,7.46243520687716,6.41734523778192,11.2295388339668,8.70986850627994,8.29091993074707,10.6758444494457,9.41275971007537,7.86181854853778,9.68217126701745,8.13613608304374,11.4522075595115,10.3031881897927,11.6168620275541,4.43890526255346,4.76896643810504,6.70714299758965,8.91906612412267,10.5716799825373,8.91906612426622,4.69515681907078,4.25701644722689,13.0033502408422,12.4479249529662,12.4479249529662,8.47593092857268,4.82132921252326,2.7302149465177,8.47593092855418,33.6358829841411,3.82057408295088,17.1842468447416,5.03934417821229,5.11285557709341,5.99444497330188,3.82057408295088,5.11285557709341,3.82057408295088,2.92927973494968,5.11285557709341,3.82057408295088,3.82057408295088,3.82057408295088,4.48385675425824,5.11285557709341,3.82057408295088,3.82057408295088,3.82057408295088,3.82057408295088,5.03934417821229
9.27155260602442,7.48910463183741,6.3388809974307,11.290619202618,8.77337193123079,8.38224471393905,10.7126258621549,9.5622776861728,7.78391821049589,8.76755947922326,8.00010678593388,11.3538795861234,10.4133557822742,11.5508268288728,4.66823958253887,4.76847545695611,6.57449449771134,8.81273636870622,10.7351883062201,8.81273636891238,4.77390646225558,4.51534043919945,11.7317046789713,12.5691130675085,12.5691130675085,8.6218056670137,4.91864607137418,2.82019336747119,8.62180566686243,33.8760240359017,3.94607204787774,17.3316362827654,5.45728425553565,4.79763381005378,6.35945043466841,3.94607204787774,4.79763381005378,3.94607204787774,3.05977036399786,4.79763381005378,3.94607204787774,3.94607204787774,3.94607204787774,4.27627113048313,4.79763381005378,3.94607204787774,3.94607204787774,3.94607204787774,3.94607204787774,5.45728425553565
9.67042128123302,7.86675919932841,6.52041686576655,11.0700233260727,8.75412348271016,8.14637411510737,10.5295608800132,9.15747758837997,7.93842308329956,9.98324905924472,8.26003315957084,10.9843765438659,9.93960250979175,11.1848416544179,4.59667012371642,4.97005391365575,6.64603850144339,9.00477325788454,10.2769142096812,9.00477325827955,4.98194708773807,4.43806918836075,13.4267868643882,11.9912114498073,11.9912114498073,8.81888876397487,4.93040085917654,2.81878351303877,8.81888876346886,33.1050728165315,3.94128922657079,16.4945520398651,5.40986622164052,5.4460080434145,6.24804205804393,3.94128922657079,5.4460080434145,3.94128922657079,2.96909725430938,5.4460080434145,3.94128922657079,3.94128922657079,3.94128922657079,4.52730103213424,5.4460080434145,3.94128922657079,3.94128922657079,3.94128922657079,3.94128922657079,5.40986622164052
9.47142885589929,7.39222139718287,6.46893564273062,11.3390416506037,8.84005570795724,8.34025484385286,10.7119296487691,9.47398226029373,7.93045580983401,9.18907320676312,8.16468408105906,11.4667277476163,10.4253259902019,11.6459593487745,4.43620030816882,4.93515939023874,6.74523143552594,8.95837257649739,10.7219388651584,8.95837257643912,4.8570673284047,4.07336273777227,12.2223383421913,12.5554941210418,12.5554941210418,8.63537171851759,4.88332600232457,2.78187331980921,8.63537171837181,34.4851495789961,3.90652304758521,17.3209812939716,5.44223956765889,5.0886551975184,5.74190906456665,3.90652304758521,5.0886551975184,3.90652304758521,3.28762832672831,5.0886551975184,3.90652304758521,3.90652304758521,3.90652304758521,4.54269470436756,5.0886551975184,3.90652304758521,3.90652304758521,3.90652304758521,3.90652304758521,5.44223956765889
9.63891588540511,7.93140031858346,6.67926530443197,11.2026767307621,8.88636969316548,8.23856234116382,10.710614750899,9.26408339467402,8.13944211974654,9.62040227662653,8.47631162395324,11.2252361927782,10.0180466498649,11.4043532728429,4.72188841992793,4.77001847861599,6.88548349076891,9.21884080323325,10.3202727342546,9.21884080347101,5.01826128316395,4.60584942654575,12.9427545441051,12.0638096429168,12.0638096429168,8.82728802203538,4.8035526676352,2.72585400041749,8.82728802233108,29.4201708445985,3.82636960202925,16.626175815692,5.33594011449262,5.69519952974061,6.49688466913453,3.82636960202925,5.69519952974061,3.82636960202925,3.16809566828012,5.69519952974061,3.82636960202925,3.82636960202925,3.82636960202925,4.47096012831267,5.69519952974061,3.82636960202925,3.82636960202925,3.82636960202925,3.82636960202925,5.33594011449262
9.70319253151024,7.85967667571838,6.80090942078038,11.1794579131037,8.90454705584961,8.01340701167192,10.7941427386364,9.080715752865,8.42182163515645,9.64547371632992,8.68386268865764,11.3609983420619,9.97659541076634,11.5151925586667,4.20905965019748,4.92328558335933,7.11420371422936,9.56787439358157,10.3322489059461,9.56787439344598,4.85057360854731,3.96573675689533,12.9216454627427,12.03204149715,12.03204149715,9.12066693936467,4.54299834404562,2.5547904749968,9.1206669391756,29.971085908743,3.58300679219699,16.6344396288558,5.54413112194395,5.19694399495479,5.58916419304948,3.58300679219699,5.19694399495479,3.58300679219699,3.011858272426,5.19694399495479,3.58300679219699,3.58300679219699,3.58300679219699,4.46782300164181,5.19694399495479,3.58300679219699,3.58300679219699,3.58300679219699,3.58300679219699,5.54413112194395
9.90786044904397,8.07156788955998,6.97631561222003,11.8856825089303,9.0989430641569,8.89374067062256,11.6027188555785,10.1333775933086,8.61236556057486,8.98643553755451,8.89456352829924,12.3119667751926,11.0968828214624,12.46425962779,4.66489345741112,4.72243745999466,7.03853827556101,9.76944317010453,11.3589485445261,9.76944316992432,4.88986386210805,4.56187645644354,11.9868387408493,13.3991113912669,13.3991113912669,9.46844980473132,4.86386308352675,2.63394742244044,9.46844980471573,30.2197844580169,3.68575927496961,18.5867404976357,5.29313457477975,5.48911161315658,6.42913617559569,3.68575927496961,5.48911161315658,3.68575927496961,3.21939741592957,5.48911161315658,3.68575927496961,3.68575927496961,3.68575927496961,4.66269884892635,5.48911161315658,3.68575927496961,3.68575927496961,3.68575927496961,3.68575927496961,5.29313457477975
9.72025920738255,7.98733312317012,6.66460740130858,11.8933809316766,9.13651938627261,8.92095169823473,11.3299595104357,10.1307803998646,8.12922634155379,9.05141590334482,8.46468398751325,12.0967695759095,11.0744752931772,12.2670425752522,4.71242659028855,5.05972130773764,6.80723430733041,9.22556091945419,11.4078070921362,9.22556091968606,5.09119244660911,4.63341217896215,12.0082429173073,13.3962951565791,13.3962951565791,9.02239128153728,5.03618419489942,2.76776602147585,9.02239128161185,36.0715526359232,3.87271676862568,18.5443121358371,5.61177825042724,5.59202189070449,6.52814951551394,3.87271676862568,5.59202189070449,3.87271676862568,3.00100443728954,5.59202189070449,3.87271676862568,3.87271676862568,3.87271676862568,4.08135925920972,5.59202189070449,3.87271676862568,3.87271676862568,3.87271676862568,3.87271676862568,5.61177825042724
9.84548944992183,7.99177436498534,6.59577523375466,11.9086878455219,9.11114330106349,8.84164860376119,11.3511636953184,10.1564367406312,8.10643133148702,9.27719275856381,8.3909763966739,12.1895087923424,11.169701692784,12.3386496304573,4.5056217695942,4.76964775626783,6.6470162961933,9.20527181006971,11.4479665317017,9.20527180977306,4.79135362650926,4.39796706415663,12.4263924502995,13.5215249009601,13.5215249009601,9.03059504469924,4.63316171980985,2.67000867337197,9.03059504430971,35.020229383859,3.73030441700752,18.7542044870303,5.24677968217494,5.23712735175255,6.19217938432355,3.73030441700752,5.23712735175255,3.73030441700752,2.9398173746331,5.23712735175255,3.73030441700752,3.73030441700752,3.73030441700752,4.26492374254629,5.23712735175255,3.73030441700752,3.73030441700752,3.73030441700752,3.73030441700752,5.24677968217494
9.58695861149541,8.18882638672446,6.85761979299583,11.6680028850276,9.3952413157274,8.20842739751162,10.8825236419591,9.23297237894516,8.46724534690299,9.2935089205084,8.71574258369851,11.2847628889847,10.0688108827305,11.4552151242154,4.54364442213262,4.83186983509548,6.8759170638931,9.59590766680187,10.3414444112218,9.59590766631764,4.80927758634925,4.30791542400707,12.3831697782272,12.116425145968,12.116425145968,9.38561608267822,5.0110499309177,2.72121795201262,9.38561608314461,30.9310049493558,3.81394028894352,16.705028312876,5.21788525607669,5.25501066833502,6.07081194573892,3.81394028894352,5.25501066833502,3.81394028894352,3.24540680944316,5.25501066833502,3.81394028894352,3.81394028894352,3.81394028894352,4.32788680331623,5.25501066833502,3.81394028894352,3.81394028894352,3.81394028894352,3.81394028894352,5.21788525607669
9.60801278338987,7.66443472254995,6.47484302657357,11.6150567977076,8.87366474971614,8.67158637699014,11.0880688253332,9.94190564152837,7.95175891462536,9.01705995287065,8.20743037267656,11.9549623618437,10.9139300295104,12.1153267111921,4.53763986302804,4.59247015167065,6.64456329552224,9.00175223302025,11.1542167028178,9.00175223379152,4.69077093579286,4.37529056437427,12.0789709949874,13.1823321557265,13.1823321557265,8.6688166177439,4.65702046080345,2.66382056431582,8.66881661722624,35.8717340320397,3.73171495020992,18.2657457180958,5.07214864007678,5.13387969200513,6.16606172405304,3.73171495020992,5.13387969200513,3.73171495020992,3.13425056178683,5.13387969200513,3.73171495020992,3.73171495020992,3.73171495020992,4.26412198627731,5.13387969200513,3.73171495020992,3.73171495020992,3.73171495020992,3.73171495020992,5.07214864007678
9.68493888975072,8.00165267289761,6.84455828398274,11.7749569753897,9.31760340912238,8.52596932791595,11.1455676481299,9.62204523444888,8.39728371206608,9.14199884376949,8.73886264391201,11.6975377763386,10.4691680286395,11.8451041876377,4.60854401894187,4.72457703675449,6.90167766483299,9.538825274698,10.775451839478,9.53882527475123,4.97373653686685,4.57226260346878,12.2468043704801,12.6439804915432,12.6439804915432,9.26741258911034,4.81723643219768,2.58684712973874,9.26741258886685,30.5002014950715,3.61920247775235,17.5112640110912,5.34852642834498,5.70165405902716,6.44424713005352,3.61920247775235,5.70165405902716,3.61920247775235,3.014635457823,5.70165405902716,3.61920247775235,3.61920247775235,3.61920247775235,4.06811559862385,5.70165405902716,3.61920247775235,3.61920247775235,3.61920247775235,3.61920247775235,5.34852642834498
9.51067679669736,7.91197987528884,6.62398729388766,11.1751070603025,8.88396593806497,8.01152567370393,10.6150747914799,9.10598765520864,8.18603138075585,9.39795823176394,8.37934176157912,11.1008329050858,10.0117598745293,11.295066001623,4.35629901937451,4.81003106659326,6.75477179608577,9.26792143265361,10.3158844511225,9.26792143309228,4.74994693152617,3.95473825790214,12.6103879636281,12.0489440019718,12.0489440019718,9.09161776602009,4.78896262944817,2.82232874691198,9.09161776654121,29.4725520136313,3.95112693173197,16.5758526288275,5.3759916931915,4.81380536413499,5.56427687675667,3.95112693173197,4.81380536413499,3.95112693173197,3.21851211467124,4.81380536413499,3.95112693173197,3.95112693173197,3.95112693173197,4.49701057225501,4.81380536413499,3.95112693173197,3.95112693173197,3.95112693173197,3.95112693173197,5.3759916931915
9.16776029212401,7.58377199236112,6.38764033222806,10.8423891566118,8.48851918016708,7.96258916298948,10.4037102392048,9.02969245127614,7.84594635467863,8.82820272047091,8.09578008863571,11.0421469176568,9.84855348524922,11.2363482698213,4.40832859683216,4.52564823977789,6.72486059442073,8.9100678419045,10.1273007551514,8.91006784238343,4.61289385964426,4.21176981939216,11.8759786382935,11.8940966510907,11.8940966510907,8.43590054003486,4.76123195785028,2.77363148490299,8.43590054074779,34.3281271048868,3.88202046083514,16.3666974180726,4.97638807655629,4.89917819434,5.9298958210106,3.88202046083514,4.89917819434,3.88202046083514,2.83997946826856,4.89917819434,3.88202046083514,3.88202046083514,3.88202046083514,4.47221026431726,4.89917819434,3.88202046083514,3.88202046083514,3.88202046083514,3.88202046083514,4.97638807655629
9.51777454300556,7.87519894081654,6.85025252288361,11.4385989772387,9.00478702963207,8.33564093198347,10.951360804341,9.36741833620788,8.39704711158585,8.93970522665111,8.71327597945072,11.3872379161638,10.2805206002563,11.5722604881185,4.41300157987732,4.87034470421071,6.78751176190038,9.5419033554663,10.6027073530933,9.54190335460125,5.00765530355663,4.13400842863645,11.9226122056253,12.413492925285,12.413492925285,9.47677428744344,5.04799990118364,2.81906769022117,9.47677428712212,30.2802626704011,3.95236964847025,17.106282406635,5.39114759382422,5.52660528677575,5.82293257621743,3.95236964847025,5.52660528677575,3.95236964847025,2.98254795808099,5.52660528677575,3.95236964847025,3.95236964847025,3.95236964847025,4.01480287308944,5.52660528677575,3.95236964847025,3.95236964847025,3.95236964847025,3.95236964847025,5.39114759382422
9.67683499100205,7.52832590745474,6.64621182864062,11.7059175729533,9.02649111268633,8.58754449524325,11.1907449172171,9.83579096706045,8.22577712554998,8.99211617952049,8.46093386108006,12.1404784345885,10.8535674096356,12.285211765521,4.32502520931604,4.68825274075169,7.07082691644217,9.34031444041153,11.1440066831812,9.340314441123,4.70204909100494,4.11694741923669,12.0473227669258,13.1244443319135,13.1244443319135,8.75881406540399,4.71649262011783,2.6390280091226,8.75881406540613,35.140792540061,3.68918439899044,18.1902835204081,5.29981742596254,4.96274499896009,5.79488960702998,3.68918439899044,4.96274499896009,3.68918439899044,2.98765077076055,4.96274499896009,3.68918439899044,3.68918439899044,3.68918439899044,4.43784609027788,4.96274499896009,3.68918439899044,3.68918439899044,3.68918439899044,3.68918439899044,5.29981742596254
10.0185168207037,7.86475388388303,6.82298128104392,11.9756968891975,9.22614235614153,8.83817948444645,11.4240369646872,10.0790722970876,8.41700274040087,9.54315459584493,8.65209743718154,12.3042436412773,11.1011831320909,12.4613331044748,4.57365949577703,4.77613247498033,7.09111055495663,9.52667197322883,11.3612571056323,9.52667197285624,4.85745047118635,4.30051702752787,12.8133805636811,13.3910235722827,13.3910235722827,9.08394173789501,5.00727137186101,2.7687274435931,9.08394173776967,30.7072075856503,3.8721356490588,18.5375480999456,5.35018311767914,5.21216445774656,6.05410728945381,3.8721356490588,5.21216445774656,3.8721356490588,3.33296355504103,5.21216445774656,3.8721356490588,3.8721356490588,3.8721356490588,4.56512375390348,5.21216445774656,3.8721356490588,3.8721356490588,3.8721356490588,3.8721356490588,5.35018311767914
9.67548270494813,7.38922934808403,6.42969835542764,11.1861961908999,8.74053200108292,8.1631440878507,10.6104375022606,9.26868010447649,7.90510391594425,9.75664832123899,8.1826586187263,11.2673482152493,10.1465423814852,11.4051928320031,4.32358840124254,4.40256186205863,6.49100483835248,8.95435996620452,10.3794056504504,8.95435996608118,4.57973920827826,4.18602709574429,13.2068522168236,12.2362244508279,12.2362244508279,8.65365708496292,4.51697520964657,2.46453917893017,8.6536570849517,31.4947915330083,3.44627582296662,16.961070369743,4.87421042683515,5.22378968306469,5.89711561024392,3.44627582296662,5.22378968306469,3.44627582296662,3.0703357406944,5.22378968306469,3.44627582296662,3.44627582296662,3.44627582296662,4.72159839421417,5.22378968306469,3.44627582296662,3.44627582296662,3.44627582296662,3.44627582296662,4.87421042683515
9.80421802617339,7.37824526557397,6.36798716221738,11.5887800446304,8.88962779167489,8.64153232169033,10.9727081241925,9.90847250753376,7.83386379587286,9.73165748096503,8.03393020898661,11.8363246894137,10.8836739512225,12.0110437459592,4.5715468130871,4.90773035701681,6.64623180873921,8.84327952328086,11.1696895867156,8.84327952436342,4.7554346826902,4.33844050771829,13.0379017484667,13.1247492755652,13.1247492755652,8.55479825416275,4.80968144786034,2.72226697028898,8.55479825400793,33.5092247524704,3.80843216433043,18.1681484285415,5.45634027405754,4.85454928323936,6.10971379662636,3.80843216433043,4.85454928323936,3.80843216433043,3.29601692048856,4.85454928323936,3.80843216433043,3.80843216433043,3.80843216433043,4.67472715897263,4.85454928323936,3.80843216433043,3.80843216433043,3.80843216433043,3.80843216433043,5.45634027405754
9.70550977298901,7.77777337600101,6.59355368978335,11.4809266981336,8.6930629256908,8.67218416373637,11.1910359364728,9.90440373282164,8.15788688857699,9.12842517827466,8.38793567062987,11.9088529485606,10.887601763262,12.0603766922445,4.45316029736073,4.7027565726857,6.6495537750073,9.24717199926076,11.1824942686778,9.24717199938108,4.7308383600488,4.29872298508994,12.2380695019348,13.1521709472428,13.1521709472428,9.11370856527013,4.84815175219588,2.57163773190903,9.11370856568681,30.2484244321475,3.61154212251535,18.2456955520771,5.40339612207868,4.99020497886262,6.06434035540146,3.61154212251535,4.99020497886262,3.61154212251535,3.10995885547637,4.99020497886262,3.61154212251535,3.61154212251535,3.61154212251535,4.27472247122917,4.99020497886262,3.61154212251535,3.61154212251535,3.61154212251535,3.61154212251535,5.40339612207868
9.74717796100705,7.75764901801583,6.56554570328064,11.6317070143478,8.96824243079444,8.59176092955819,11.076184383102,9.81914848100904,8.07482105845457,9.41717824062991,8.33823082757267,11.9855991872366,10.7705829950854,12.134175419649,4.50853362239546,4.7104112236205,6.8876920947555,9.14791928496769,11.0089421532611,9.14791928417003,4.68880050485154,4.35629733508627,12.5961420497615,13.0055448170631,13.0055448170631,8.59151212386035,4.67792400667091,2.63532404449472,8.59151212326499,34.9602813906423,3.68481842860777,18.0205979728209,5.03200844910783,5.20149028405781,6.13553038010313,3.68481842860777,5.20149028405781,3.68481842860777,3.12368063309578,5.20149028405781,3.68481842860777,3.68481842860777,3.68481842860777,4.45917597818673,5.20149028405781,3.68481842860777,3.68481842860777,3.68481842860777,3.68481842860777,5.03200844910783
9.30241549220559,7.68628846543951,6.62689727241264,11.1126559225347,8.79510471561864,8.14388167076271,10.661125330008,9.23982044867567,8.10654836168511,8.83369352503748,8.39647648054013,11.2273741762055,10.0525664457887,11.398220496497,4.60204994011962,4.78884567707174,6.81104289759539,9.16527270289638,10.3226643107124,9.16527270296912,4.88871823370743,4.39147624173174,11.7086473328242,12.089199107402,12.089199107402,8.79023514881225,4.51607094872084,2.69806713908409,8.79023514888186,28.8531579576783,3.78569475419602,16.671982080866,5.23176146808542,5.47689593553976,6.19234632041321,3.78569475419602,5.47689593553976,3.78569475419602,3.29542313209243,5.47689593553976,3.78569475419602,3.78569475419602,3.78569475419602,4.48881885447783,5.47689593553976,3.78569475419602,3.78569475419602,3.78569475419602,3.78569475419602,5.23176146808542
9.5537676791648,7.5812641194844,6.72304348116048,11.5084929915567,8.75404019596118,8.63880513430914,11.1896090964051,9.79264404304434,8.27118422096859,8.59412409486803,8.58075409615825,11.9100900404542,10.7891988888908,12.0421852062207,4.31937028241123,4.43879433138494,6.67288592000819,9.38201755534982,11.0421146360479,9.38201755445808,4.78285450926011,4.1616104989527,11.5091655921653,13.0317449731819,13.0317449731819,9.18299581861589,4.7837003749484,2.4794326186427,9.18299581821781,31.6224732286442,3.467588094124,18.1003957481909,5.11344482853859,5.51865243721757,5.86236507421617,3.467588094124,5.51865243721757,3.467588094124,3.09492136761899,5.51865243721757,3.467588094124,3.467588094124,3.467588094124,3.97949108828283,5.51865243721757,3.467588094124,3.467588094124,3.467588094124,3.467588094124,5.11344482853859
9.79708473463428,8.01698704228187,6.65002059560936,11.4442613482013,8.88028350542431,8.40461274889912,10.9762889404646,9.56777638852603,8.22929796958165,9.67825377428206,8.45019981356197,11.507740445559,10.491810824329,11.6515448426063,4.45975117463365,4.58324708987511,6.4906088562681,9.30882027015626,10.7225456600678,9.3088202701989,4.62144239708566,4.25222642881911,13.0221492816199,12.6357088196262,12.6357088196262,9.27319761313543,4.73280879434185,2.55172279696938,9.27319761313543,33.443429575492,3.57788990267236,17.5068153994494,5.06039624269285,5.06598898055487,5.99531981737918,3.57788990267236,5.06598898055487,3.57788990267236,3.30490395937725,5.06598898055487,3.57788990267236,3.57788990267236,3.57788990267236,4.17547242751308,5.06598898055487,3.57788990267236,3.57788990267236,3.57788990267236,3.57788990267236,5.06039624269285
10.0014739306173,7.39045800286159,6.44284382457555,11.6683016803034,8.86745045929519,8.73168275729058,11.1107870468045,9.99556072469822,7.91562535861015,9.96180173504001,8.16101824968798,12.0544108973158,11.0654313146052,12.2251673542316,4.32797478874521,4.96193498969895,6.72881693555564,8.97207296656396,11.3885888001745,8.97207296721401,4.84971402428863,4.03915026188785,13.4090780217017,13.3829970646222,13.3829970646222,8.69766532027658,4.88005557177363,2.74195846493362,8.69766532055183,33.0351348010256,3.83831992502416,18.5324491417022,5.55948142624469,4.99187902387611,5.68571295471716,3.83831992502416,4.99187902387611,3.83831992502416,3.02215322524265,4.99187902387611,3.83831992502416,3.83831992502416,3.83831992502416,4.62759729571048,4.99187902387611,3.83831992502416,3.83831992502416,3.83831992502416,3.83831992502416,5.55948142624469
10.1704844897089,7.84769496480448,6.76115039653414,11.9167607165403,9.10781719830984,8.83808258317386,11.4658082597472,10.1681862764401,8.35740600707837,9.85103284451074,8.57619290659553,12.2234336222637,11.2116255607866,12.389455645042,4.54440244881377,4.68033210536896,6.73088599581735,9.47305912972991,11.4601118291518,9.47305912978665,4.73851366485823,4.28926017562462,13.3166608497452,13.5455735781458,13.5455735781458,9.37199737949311,4.76547608519724,2.79522742542839,9.37199737932107,34.286645066116,3.91256169371522,18.7522058835808,5.20200095326074,4.99913547966094,6.03975576320929,3.91256169371522,4.99913547966094,3.91256169371522,3.18863133043798,4.99913547966094,3.91256169371522,3.91256169371522,3.91256169371522,4.83870834786956,4.99913547966094,3.91256169371522,3.91256169371522,3.91256169371522,3.91256169371522,5.20200095326074
9.89384458284442,7.77397638644566,6.93594579718427,11.7984100333855,9.45642649119539,8.28161849025477,11.1070507757963,9.3960040602032,8.60034987322806,9.63689652346964,8.84606119237633,11.6499617482069,10.3272262638947,11.8310565462685,4.34926081565327,4.82381239375838,7.15632769295908,9.78489021168284,10.6686365976845,9.78489021152355,4.85899710009782,4.08595826681461,13.0018191378805,12.4769949260696,12.4769949260696,9.4509537241039,4.87329426685328,2.74910069556889,9.4509537241039,30.8820343253972,3.86277736052585,17.2163070988775,5.48888020734127,5.07746299169521,5.76172233376661,3.86277736052585,5.07746299169521,3.86277736052585,2.93755259196804,5.07746299169521,3.86277736052585,3.86277736052585,3.86277736052585,4.74747059966856,5.07746299169521,3.86277736052585,3.86277736052585,3.86277736052585,3.86277736052585,5.48888020734127
9.74277337238487,7.37428404275748,6.53787005086059,11.5312088126824,8.81383059725676,8.62675027420376,11.0672255774901,9.82669049616858,8.03361755691094,9.40331309457956,8.32699347281928,11.9916388548976,10.7865570078057,12.1141531613039,4.43012182169171,4.6132573912703,6.80777162801934,9.08879660159372,11.0286507163756,9.08879660148405,4.72723975839959,4.32479397715294,12.5900281834338,13.0143542356225,13.0143542356225,8.55211878645263,4.58530550889201,2.39997088373411,8.55211878645263,31.0248738242831,3.36538954719881,18.09446282742,5.1159888815108,5.43518544275341,6.10047610259406,3.36538954719881,5.43518544275341,3.36538954719881,3.21488248940045,5.43518544275341,3.36538954719881,3.36538954719881,3.36538954719881,4.11475922526545,5.43518544275341,3.36538954719881,3.36538954719881,3.36538954719881,3.36538954719881,5.1159888815108
9.51186294484176,8.1291604282216,6.70324380887474,11.3184165240626,8.88956207635394,8.36929100829219,10.9220087518693,9.50359088172556,8.20008807554779,8.94598825145335,8.51928574208272,11.3417864665677,10.3371966255675,11.5132386376091,4.64113763112102,4.71922923291568,6.5976089043904,9.2931525661472,10.6503858436234,9.29315256588074,4.99538898251839,4.52801437682961,11.9806591445252,12.4643813952586,12.4643813952586,9.27715610623591,4.57196662429601,2.67858145650663,9.27715610640117,29.8858756617077,3.74746318263093,17.2244789259663,5.439548809437,5.58833669218162,6.3797412259576,3.74746318263093,5.58833669218162,3.74746318263093,3.14241445948502,5.58833669218162,3.74746318263093,3.74746318263093,3.74746318263093,4.53047319974197,5.58833669218162,3.74746318263093,3.74746318263093,3.74746318263093,3.74746318263093,5.439548809437
9.76630604721224,8.07680663795255,6.7883598928839,11.5797245770828,9.24305806876216,8.25480696226819,10.9217327531513,9.3220915809801,8.36685819337088,9.5396541689827,8.67471506738463,11.3111920779599,10.2446355601471,11.4518898581395,4.24594643385186,4.8194058083239,6.62275168975898,9.48910352885179,10.5936575920506,9.48910352824618,4.96760899897682,4.05955139672301,12.7986496203946,12.3486346618764,12.3486346618764,9.53161697528748,4.57344827192367,2.41767069567925,9.53161697492802,33.9960419043558,3.38563185586929,17.1338188886765,5.62984995478975,5.55644152716382,5.7214346342563,3.38563185586929,5.55644152716382,3.38563185586929,3.1442854786708,5.55644152716382,3.38563185586929,3.38563185586929,3.38563185586929,4.64254644419808,5.55644152716382,3.38563185586929,3.38563185586929,3.38563185586929,3.38563185586929,5.62984995478975
10.0232378578674,7.75566139786161,6.68853646579564,11.6235202159039,8.7958515523797,8.7561371197628,11.2179861790071,9.94662610378156,8.18618565091446,9.77177064680276,8.50003879765087,12.1254164791125,11.0386509045536,12.277392619053,4.25045271347545,4.72886336289688,6.79081638798905,9.26413461212134,11.2941649823874,9.26413461211442,4.92083153848988,3.89680149936824,13.1415804789708,13.3226231670964,13.3226231670964,8.95078756835034,4.80474828314928,2.60591106296729,8.95078756835034,34.4445355004563,3.66213561918756,18.481239099767,5.26309375473795,5.61541091901529,5.49566367720472,3.66213561918756,5.61541091901529,3.66213561918756,3.25350899200076,5.61541091901529,3.66213561918756,3.66213561918756,3.66213561918756,4.24034129546217,5.61541091901529,3.66213561918756,3.66213561918756,3.66213561918756,3.66213561918756,5.26309375473795
10.1043194632006,7.8492113908695,6.88610860468149,12.0488907232445,9.48223354612655,8.6370323810955,11.2951747292493,9.80003474847469,8.48497246419919,9.99830468607987,8.75487266131188,11.9588468572481,10.7763249067528,12.1446382161854,4.50376262035922,4.96729184734497,6.98281768846676,9.64025071142138,11.0506753426558,9.64025071118686,4.85861701020539,4.24559134933907,13.4108327983675,13.0234344251406,13.0234344251406,9.36903318983228,5.07663583059508,2.84342380313595,9.36903318935603,34.9105922207907,3.98714138565526,17.9812439063971,5.20908388801181,5.27129211085087,5.98155215032478,3.98714138565526,5.27129211085087,3.98714138565526,3.02904088021734,5.27129211085087,3.98714138565526,3.98714138565526,3.98714138565526,4.68417372240339,5.27129211085087,3.98714138565526,3.98714138565526,3.98714138565526,3.98714138565526,5.20908388801181
9.65195375333985,7.42847639389441,6.38715115267962,11.4615162071003,8.56154783617512,8.71153827638858,11.0807570425559,10.0204179147439,7.84846930260928,9.03441392815037,8.09222437855079,12.1927310964983,11.0933226355896,12.3272123550374,4.3160983110472,4.53102650090276,6.70304269024878,8.86420858942591,11.3015312587006,8.86420858916963,4.6050435879563,4.04331881021956,12.0754355845627,13.3886748885355,13.3886748885355,8.31670054182621,4.4870387039215,2.54682899937475,8.316700541836,29.7999244673708,3.56979964470771,18.5937089742495,4.96608390185525,5.11995251786623,5.69826645277815,3.56979964470771,5.11995251786623,3.56979964470771,3.26683415739412,5.11995251786623,3.56979964470771,3.56979964470771,3.56979964470771,4.63112600895614,5.11995251786623,3.56979964470771,3.56979964470771,3.56979964470771,3.56979964470771,4.96608390185525
9.58795132345017,7.59534615483576,6.51310600002895,11.0091866632092,8.83007879376892,7.82670686677332,10.3096859540875,8.81278677319745,7.99962857862051,10.0179078075251,8.2437135955935,10.9275353401474,9.64969498544929,11.118662886641,4.32786726182553,4.7179983360423,6.87831212190106,9.04913107444054,9.90917579222362,9.04913107455365,4.7000748090214,3.97247799730669,13.4989738896757,11.598546811546,11.598546811546,8.47995579700476,4.75701951329082,2.7203441287383,8.47995579700476,34.001847844677,3.81544120939041,15.9521100780621,5.05338752550199,5.11642067655788,5.59639501726391,3.81544120939041,5.11642067655788,3.81544120939041,3.21146647131197,5.11642067655788,3.81544120939041,3.81544120939041,3.81544120939041,4.23970189930427,5.11642067655788,3.81544120939041,3.81544120939041,3.81544120939041,3.81544120939041,5.05338752550199
9.68375201647659,7.99043886669057,6.73597913790105,11.4181632563294,9.06548920678573,8.191626197121,10.8509557942822,9.29372919765189,8.28439157254618,9.4517346250579,8.59559574696442,11.3617461997044,10.1861734439597,11.5041242925561,4.32489962864541,4.72527597856799,6.69124900787261,9.40035680020285,10.4649804581171,9.40035680055944,4.81688287324929,4.14714022994482,12.6513573634551,12.2856507755353,12.2856507755353,9.21795267827654,4.42419107238841,2.51567500865023,9.21795267793613,30.6441864572189,3.53185856728968,17.0123196641501,5.16611040894566,5.5176106920827,5.84943643870154,3.53185856728968,5.5176106920827,3.53185856728968,3.0698025953897,5.5176106920827,3.53185856728968,3.53185856728968,3.53185856728968,4.80750606277349,5.5176106920827,3.53185856728968,3.53185856728968,3.53185856728968,3.53185856728968,5.16611040894566
9.62758267724507,7.72978764512467,6.89567788862366,11.3252040569469,8.93452908862193,8.19828620421909,10.9429057178303,9.2159642533726,8.52092269527253,9.20104496932193,8.81890141679652,11.4663756382074,10.0949514811659,11.5961375944498,4.3017186322828,4.49781417855584,6.96111888004305,9.66896085735379,10.3600020514944,9.66896085720893,4.77458520771708,4.14048411685795,12.3643933369452,12.1609695266972,12.1609695266972,9.29641781286841,4.71615870181333,2.43047599215002,9.2964178129789,29.5201039933643,3.3964909306151,16.8627820919458,5.12073082450158,5.53471225803038,5.83197155566468,3.3964909306151,5.53471225803038,3.3964909306151,3.15686172589912,5.53471225803038,3.3964909306151,3.3964909306151,3.3964909306151,3.95386147538297,5.53471225803038,3.3964909306151,3.3964909306151,3.3964909306151,3.3964909306151,5.12073082450158
9.70253635578445,7.55300585934259,6.48390511742783,11.3552675205414,8.97686590181424,8.26461816551105,10.6534643142597,9.3904952564469,7.89694204730034,9.85759159219042,8.19278917210642,11.303551320511,10.280841636449,11.4979827354629,4.51249576541091,4.92272292363981,6.70647121391966,8.94833448580734,10.6113604438124,8.94833448533501,4.98105914540286,4.24245063188959,13.2837109931393,12.4070749231713,12.4070749231713,8.70210467403735,4.74575710671302,2.87777201292384,8.7021046744312,30.4327041075865,4.02690370298499,17.0768989800759,5.47231309926613,5.3169210731802,5.97058057489816,4.02690370298499,5.3169210731802,4.02690370298499,3.03701394569982,5.3169210731802,4.02690370298499,4.02690370298499,4.02690370298499,4.33447447442549,5.3169210731802,4.02690370298499,4.02690370298499,4.02690370298499,4.02690370298499,5.47231309926613
9.47324112264151,7.52888935518497,6.35087467613763,11.4553340566906,8.9296186234588,8.39729965543189,10.7629267031648,9.57439826209101,7.80560300146091,9.22012322337159,8.05490915979333,11.4165738699267,10.4354550907204,11.5939496496013,4.56769969156807,4.81893620590492,6.48327842158765,8.85314711466479,10.7247268797793,8.85314711462703,4.66766009313827,4.48326127091496,12.3041738581582,12.6122989682088,12.6122989682088,8.66020600711581,4.79877492901667,2.66833973553572,8.66020600732288,32.7736405429921,3.74541791006929,17.4384477173978,5.19001336474505,4.93924936893849,6.32367070839435,3.74541791006929,4.93924936893849,3.74541791006929,2.92812065737941,4.93924936893849,3.74541791006929,3.74541791006929,3.74541791006929,4.71832579983734,4.93924936893849,3.74541791006929,3.74541791006929,3.74541791006929,3.74541791006929,5.19001336474505
9.79669054762716,7.69481290747842,6.74589027480447,11.8622074124441,9.04476683045065,8.7679072200561,11.3281806985852,9.97971563060639,8.30445459111345,9.05465158343815,8.5951228361025,12.2737114303303,11.0676078437699,12.4045960922996,4.23243069913796,4.59881992443462,6.8666725275364,9.41817318220546,11.2869189168139,9.41817318244647,4.723409327486,3.94625462865129,12.0889204239922,13.3741524325555,13.3741524325555,9.0050720458822,4.82487103194779,2.57859101208716,9.00507204583982,28.9688701812788,3.615485081387,18.5639839764487,4.94565369712432,5.42223686181191,5.56061829400242,3.615485081387,5.42223686181191,3.615485081387,3.1221460263445,5.42223686181191,3.615485081387,3.615485081387,3.615485081387,4.16820122551953,5.42223686181191,3.615485081387,3.615485081387,3.615485081387,3.615485081387,4.94565369712432
9.88344206528509,7.97293992440379,6.80131340111992,11.6208425298989,9.06614835929864,8.51092152944032,11.1702959042752,9.67739034073709,8.38145307623332,9.58992931059273,8.67348411752241,11.9377903735057,10.62020318784,12.089917791067,4.43132013635211,4.77917616507963,7.12177906246525,9.52055511889068,10.9343099483663,9.52055511881886,4.89773289651232,4.2711142089472,12.9083654466956,12.8319341159342,12.8319341159342,9.02018509460287,4.72223108709008,2.62888706490159,9.02018509481096,34.6716650185159,3.68607077017445,17.7684086760571,5.42015089243997,5.38496538411054,6.0209237037081,3.68607077017445,5.38496538411054,3.68607077017445,3.01173364924794,5.38496538411054,3.68607077017445,3.68607077017445,3.68607077017445,4.20162444682539,5.38496538411054,3.68607077017445,3.68607077017445,3.68607077017445,3.68607077017445,5.42015089243997
9.11711643653137,7.37452239089035,6.32867629616608,10.7671775770761,8.53536943937524,7.88360735412588,10.2966057610304,8.94823142919749,7.80720907062637,8.95393495031574,8.01293121102089,10.7370804375429,9.70694458277172,10.902317415898,4.50453036691872,4.70382333352893,6.4983878018861,8.81449724950851,10.0244973608383,8.81449724893267,4.68336305410068,4.35252028344042,11.950967028446,11.6612952520828,11.6612952520828,8.61541898594944,4.55037996902602,2.53176878671207,8.61541898604225,30.0776557703136,3.54110299486615,16.1063270064214,5.43288983494605,4.87299059897007,6.13272092860618,3.54110299486615,4.87299059897007,3.54110299486615,3.27442204778994,4.87299059897007,3.54110299486615,3.54110299486615,3.54110299486615,4.28104809862744,4.87299059897007,3.54110299486615,3.54110299486615,3.54110299486615,3.54110299486615,5.43288983494605
9.69751415275624,7.65493818526047,6.79095739276359,11.1804096295203,9.06382260268984,7.94881274569269,10.636264536478,8.94448072393632,8.35400121266925,9.84040671125918,8.64645134968988,11.0018072662492,9.66807248496512,11.1784713517017,4.58868263437932,4.72544879213662,6.99476330283039,9.47270836266076,9.98708381715333,9.4727083632014,4.90649097684795,4.46217207038281,13.2808771085284,11.6291099447119,11.6291099447119,9.07700963452774,4.62821178897199,2.62891646589824,9.07700963452774,32.2149827619974,3.68826574773922,16.0268106442183,5.36337497058288,5.46365630168678,6.29324539904863,3.68826574773922,5.46365630168678,3.68826574773922,3.15579906821545,5.46365630168678,3.68826574773922,3.68826574773922,3.68826574773922,4.64691821312354,5.46365630168678,3.68826574773922,3.68826574773922,3.68826574773922,3.68826574773922,5.36337497058288
9.78004618924366,7.82532829352297,6.49527167338354,11.0985038229087,8.61395640519122,8.22212570547747,10.6745877317826,9.34868755665959,7.99711712270337,10.0881185713499,8.20758565455948,11.2435295252452,10.224190942419,11.4297242305717,4.53172054537476,4.77567347204335,6.58483901374051,9.05070192912432,10.4835076393154,9.05070192913781,4.67035517776023,4.25677333471309,13.6074920895945,12.3198064028333,12.3198064028333,8.87083220137813,4.89193949910506,2.81043962407205,8.87083220142766,30.4888777249253,3.94309346203984,16.9709817934948,5.11589288080896,4.86988631002487,5.99935055589712,3.94309346203984,4.86988631002487,3.94309346203984,3.17311238694542,4.86988631002487,3.94309346203984,3.94309346203984,3.94309346203984,4.29165001722389,4.86988631002487,3.94309346203984,3.94309346203984,3.94309346203984,3.94309346203984,5.11589288080896
9.70618820844828,8.0919782366636,6.90354449888082,11.526482974772,9.11638211271593,8.30024144877968,11.0586809396389,9.42412898114656,8.51125113511103,9.23794639371104,8.79802731257444,11.7154730382502,10.3591330680772,11.8691482436478,4.35976569914356,4.68380780801604,7.12317712047211,9.65948057938805,10.6443155481952,9.65948057909901,4.87745151782433,4.10109984241726,12.3968819485599,12.4917615425851,12.4917615425851,9.2021407850537,4.59669826250279,2.66022692338804,9.2021407850195,31.9780138278006,3.72070584884328,17.2693705047389,5.27437243276873,5.45034659339131,5.7732639384362,3.72070584884328,5.45034659339131,3.72070584884328,3.1381496113533,5.45034659339131,3.72070584884328,3.72070584884328,3.72070584884328,4.0930313263836,5.45034659339131,3.72070584884328,3.72070584884328,3.72070584884328,3.72070584884328,5.27437243276873
9.14121610315355,7.33473069414723,6.37940529591836,10.8400301865289,8.60642323599258,7.76763219088178,10.2052031692382,8.74778943417005,7.86021425859252,9.0069169633276,8.10298470587514,10.8337076063729,9.60082089061292,10.9778928131358,4.14577505345258,4.54811942496315,6.59594940307721,8.88093670033492,9.82413410835327,8.88093670033201,4.51010973646416,3.86177543150432,11.9778836981722,11.5331034103654,11.5331034103654,8.3991517181718,4.54818073163421,2.42201993388212,8.39915171833374,31.2923368980216,3.38728992852319,15.9549878155226,4.85040280889214,5.10130992379029,5.43783078146207,3.38728992852319,5.10130992379029,3.38728992852319,3.2431892108137,5.10130992379029,3.38728992852319,3.38728992852319,3.38728992852319,4.55391172409631,5.10130992379029,3.38728992852319,3.38728992852319,3.38728992852319,3.38728992852319,4.85040280889214
9.54076543052822,7.2706490276649,6.38959750806854,11.4411549105508,8.92074380159945,8.33407673082215,10.6947262438767,9.47861854556105,7.84407732514667,9.29038687847385,8.10168617790992,11.5202187738298,10.426788418681,11.6666913448497,4.33160658084919,4.5353021293172,6.59865492854077,8.86112047916344,10.6613713674714,8.86112048003502,4.65066618931934,4.0874155390512,12.4675666882711,12.5618521656382,12.5618521656382,8.4506756879023,4.63014067378243,2.51892152829849,8.45067568806437,33.5907932041691,3.53562336253832,17.4097490169804,5.03938365995733,5.19522306697503,5.76431708439205,3.53562336253832,5.19522306697503,3.53562336253832,3.24966646075131,5.19522306697503,3.53562336253832,3.53562336253832,3.53562336253832,4.7963660149055,5.19522306697503,3.53562336253832,3.53562336253832,3.53562336253832,3.53562336253832,5.03938365995733
9.53448404209388,8.1197011802707,6.66007162321515,11.305342265344,8.92869226852025,8.20210090262895,10.7466962342878,9.24722529194864,8.20809780384947,9.29587118332281,8.45785834137076,11.1728789770862,10.057887448532,11.3447545892358,4.56805432089893,4.59266660719689,6.63542751991547,9.29946970146955,10.309825399701,9.29946970128086,4.69533313957524,4.40851735280189,12.4852970504884,12.1130026366081,12.1130026366081,9.13190602328933,4.94428766059089,2.67485948773485,9.13190602320599,33.4587263033052,3.74100734406677,16.7176974222376,5.04360093514605,5.16774333487593,6.20941477511679,3.74100734406677,5.16774333487593,3.74100734406677,3.16991291430049,5.16774333487593,3.74100734406677,3.74100734406677,3.74100734406677,4.61971832104017,5.16774333487593,3.74100734406677,3.74100734406677,3.74100734406677,3.74100734406677,5.04360093514605
9.61333288346376,7.28647376328376,6.38517465535362,11.1230953069309,8.58493577790704,8.31336571403475,10.6501618469391,9.42795631138655,7.83327051737981,9.67441906663895,8.07834623062703,11.3812908998794,10.2766983975929,11.5581909598003,4.57477985071379,4.69690477209518,6.68579148965828,8.8630739136579,10.5377825910185,8.86307391359968,4.68143352589638,4.41679119514694,13.015336766046,12.3909382638483,12.3909382638483,8.4240867327024,4.90079517013379,2.70009708596317,8.42408673288973,32.542597716033,3.77981297551442,17.1097252235776,5.10695602349313,5.03775975794411,6.22276071985903,3.77981297551442,5.03775975794411,3.77981297551442,3.12653504812314,5.03775975794411,3.77981297551442,3.77981297551442,3.77981297551442,4.63669785639386,5.03775975794411,3.77981297551442,3.77981297551442,3.77981297551442,3.77981297551442,5.10695602349313
10.1113429084569,7.78140132418416,6.77295698310023,11.7222557841186,9.1432997148745,8.58055841112652,11.1621065973636,9.79908843824843,8.31251144869466,10.116761868119,8.5692133647108,12.0423353970348,10.7746491011611,12.2248754293369,4.58001577623186,4.82203775605197,7.19016284973821,9.41602260201247,11.0426209760628,9.41602260245655,4.91282462141743,4.24527147015256,13.672954567124,12.9978732674683,12.9978732674683,8.81915700126415,4.82924980517952,2.91383323392012,8.81915700145208,34.6924988079793,4.090248027813,17.9218401615126,5.2853167225255,5.26710396417256,5.98288578167163,4.090248027813,5.26710396417256,4.090248027813,3.22551766059475,5.26710396417256,4.090248027813,4.090248027813,4.090248027813,4.79067947162318,5.26710396417256,4.090248027813,4.090248027813,4.090248027813,4.090248027813,5.2853167225255
10.4001779545134,7.78352441559734,6.78220827128639,12.2394736682667,9.43174789121753,9.01549616666805,11.6307470733626,10.4008345138428,8.38475712463301,10.3593723309957,8.58779692113783,12.4350501163056,11.3957400869656,12.6147201841101,4.82536526174391,4.94192748880174,6.88797618491596,9.49334226912323,11.6415588845429,9.49334226836727,4.77269639916783,4.65837042732821,13.9439686912545,13.7618199354535,13.7618199354535,9.26656515176834,4.80690911759286,2.84143699721419,9.2665651512796,32.4515906048305,3.98450257751954,19.0497938099563,5.2750339024069,4.9632059794315,6.56744639195488,3.98450257751954,4.9632059794315,3.98450257751954,3.29302655108322,4.9632059794315,3.98450257751954,3.98450257751954,3.98450257751954,4.87861969270035,4.9632059794315,3.98450257751954,3.98450257751954,3.98450257751954,3.98450257751954,5.2750339024069
9.75934298925579,7.89784977212963,6.5763970069912,11.2732276771354,8.6917926154763,8.37114380501535,10.9447609958137,9.52973657473169,8.16896576114634,9.69086184280265,8.37848925705052,11.4015490926799,10.3922188579237,11.5470022215822,4.50865805518669,4.73242269622478,6.43628640300922,9.26274587530211,10.661738412874,9.2627458753608,4.55115426979501,4.44494918677985,12.9938052173878,12.5395480862635,12.5395480862635,9.26951993953894,4.79443597870657,2.49232392328602,9.26951993953894,35.0701115068008,3.4899299858767,17.3865682356514,5.15309971709829,4.83788413008631,6.26681305127392,3.4899299858767,4.83788413008631,3.4899299858767,3.08712474343576,4.83788413008631,3.4899299858767,3.4899299858767,3.4899299858767,4.68378146830783,4.83788413008631,3.4899299858767,3.4899299858767,3.4899299858767,3.4899299858767,5.15309971709829
9.44189147239857,7.94257919079077,6.74420780584359,11.1570836981818,8.90131419560038,8.09490944457971,10.7656588502683,9.19848822945577,8.34147422437958,9.08935198874988,8.5436022510354,11.2041687627282,9.96531079115157,11.3973943291269,4.71588007362922,4.78933585554313,7.02257898108479,9.43822653012555,10.2766391496985,9.43822652990859,4.82452735968168,4.51405718962166,12.1587881449247,11.9762940527979,11.9762940527979,9.06598079270652,4.74810397442421,2.76955207406449,9.06598079256372,33.8645985663695,3.88774446895095,16.4842685602938,5.47533729895295,4.9733477484141,6.36615478673636,3.88774446895095,4.9733477484141,3.88774446895095,3.32793923912876,4.9733477484141,3.88774446895095,3.88774446895095,3.88774446895095,4.56077751489339,4.9733477484141,3.88774446895095,3.88774446895095,3.88774446895095,3.88774446895095,5.47533729895295
10.0902698101467,7.80507343021499,6.6317515947752,11.729683394791,8.86648686190975,8.87897524021281,11.4098581941511,10.1977415119777,8.17418881644062,9.79191424938949,8.43306767656952,12.3520283346336,11.2340014187349,12.5089516643275,4.4918513285506,4.99479971934728,6.97632849737371,9.27551113354536,11.5684042386517,9.27551113345703,4.91223277532749,4.33733282919244,13.144457467589,13.5915402982221,13.5915402982221,8.89162135741187,4.72627025348963,2.66828708623967,8.89162135721261,32.3484692893782,3.74028819750359,18.8538015044507,5.66015003344891,5.13453080303028,6.11373817958336,3.74028819750359,5.13453080303028,3.74028819750359,3.02687593814776,5.13453080303028,3.74028819750359,3.74028819750359,3.74028819750359,4.82412482179771,5.13453080303028,3.74028819750359,3.74028819750359,3.74028819750359,3.74028819750359,5.66015003344891
9.17450309034683,7.61342344023077,6.51684641360921,10.9407260075526,8.73875575489786,7.96018631599093,10.4138372342007,8.98048892882766,7.9961769156564,8.96849906734985,8.24267130650369,10.8662575491132,9.72283981528533,11.0465283753822,4.63075127638645,4.85767011603582,6.74973667728584,9.03647646205121,10.028358973073,9.03647646298721,4.83813639359276,4.42668585699615,11.9081100448234,11.6800865080194,11.6800865080194,8.70984595813933,4.7609161012732,2.71497778539067,8.70984595818635,29.4629610430789,3.81459244485215,16.0704812069601,5.37361041490241,5.1764267518108,6.24510157594996,3.81459244485215,5.1764267518108,3.81459244485215,3.28304466560966,5.1764267518108,3.81459244485215,3.81459244485215,3.81459244485215,4.13487825487798,5.1764267518108,3.81459244485215,3.81459244485215,3.81459244485215,3.81459244485215,5.37361041490241
10.2780901367504,8.16702778323969,6.96881338733212,11.8122775121066,9.15580510303513,8.67349420790246,11.5064741235072,9.94727448169252,8.64748841053033,10.1933658954923,8.9015345520208,12.257964604786,10.9617326699087,12.3864893115724,4.39884810687198,4.95084446578338,7.14931134452109,9.81372100800148,11.2711314468162,9.81372100824258,4.87792783886261,4.21866409386485,13.6975931495964,13.2346646923496,13.2346646923496,9.4590706414685,4.47765296543494,2.53091979761141,9.45907064131598,34.8045213986027,3.54115617153065,18.3781474076728,5.55147851872747,5.29372380050675,5.9433267564227,3.54115617153065,5.29372380050675,3.54115617153065,3.19159259376247,5.29372380050675,3.54115617153065,3.54115617153065,3.54115617153065,4.000096985614,5.29372380050675,3.54115617153065,3.54115617153065,3.54115617153065,3.54115617153065,5.55147851872747
9.672917202482,8.0469392630157,6.66997842399219,11.5508283570531,8.7231281255488,8.7938860135398,11.2585816824842,9.9954464259522,8.17625705322793,8.92008650126943,8.47710896385355,11.9701559220705,10.9555095255328,12.1347021709308,4.59100517545032,4.73693530221279,6.63602842173896,9.26990772818555,11.2138538691743,9.26990772803489,4.84763578111195,4.46538852036239,11.8786464482639,13.2379346960882,13.2379346960882,9.12468376114624,4.93739994859294,2.68045369898255,9.12468376094133,32.0602293108592,3.7489195008509,18.3424642686525,5.1755164597496,5.44590722277261,6.2901362349063,3.7489195008509,5.44590722277261,3.7489195008509,3.10016642895821,5.44590722277261,3.7489195008509,3.7489195008509,3.7489195008509,4.43524660771612,5.44590722277261,3.7489195008509,3.7489195008509,3.7489195008509,3.7489195008509,5.1755164597496
9.65511028659868,7.82666894150644,6.80106685676919,11.5133276070737,9.23880553362944,8.20493956144599,10.7552526004459,9.20608543239214,8.30482483776097,9.48668916197288,8.63034175670971,11.3633441990731,10.1320244945676,11.5396913351376,4.34570211326765,4.92285061114766,7.02240089156018,9.39800176067763,10.4547917649657,9.39800176072723,5.11609889110367,3.95232876126063,12.6873885487909,12.1876431204398,12.1876431204398,9.01606738911275,4.83019554945251,2.73345226433066,9.01606738911486,29.6258644180496,3.83687295975054,16.8045090629408,5.55277639698393,5.74177346981629,5.56970955728321,3.83687295975054,5.74177346981629,3.83687295975054,3.30326722112996,5.74177346981629,3.83687295975054,3.83687295975054,3.83687295975054,4.34141688612808,5.74177346981629,3.83687295975054,3.83687295975054,3.83687295975054,3.83687295975054,5.55277639698393
9.80076035693704,7.78724873511894,6.84890217840973,11.6253444025712,9.36606643716932,8.22277370605015,10.9118704393994,9.26953358951867,8.44148622724876,9.74716236453216,8.71123210636601,11.3245720848206,10.0992438095388,11.5204953413342,4.55385247708042,4.84252814548055,7.01909940793751,9.59393470141551,10.4599649943575,9.59393470143142,4.97163203664123,4.36098412230372,13.1817318592808,12.188290032495,12.188290032495,9.35573367032516,5.00797681462841,2.82073778425568,9.35573367047318,34.8497139950208,3.94875602379364,16.7784263733991,5.58057829323377,5.23602058667119,6.14145517552667,3.94875602379364,5.23602058667119,3.94875602379364,2.98354420943848,5.23602058667119,3.94875602379364,3.94875602379364,3.94875602379364,4.33297464153539,5.23602058667119,3.94875602379364,3.94875602379364,3.94875602379364,3.94875602379364,5.58057829323377
9.88626145597238,7.63615875632929,6.80582032271063,11.4152483546161,9.06235131970616,8.15678715093719,10.9363648668615,9.23953915890703,8.44561713507191,9.91339613087402,8.71444060187522,11.5232648866489,10.1649260833382,11.6561391050276,4.15108629139039,4.84778904282858,7.04360670283598,9.60402933480863,10.5266927068099,9.60402933487738,4.81985724089603,3.98699818411109,13.353983163354,12.2762107427731,12.2762107427731,9.23331859608506,4.59568468074237,2.43656731889871,9.23331859586285,32.5092570531602,3.40407921464558,17.0237740299806,5.57199147016182,5.20170111799946,5.61321192045037,3.40407921464558,5.20170111799946,3.40407921464558,2.93225132701983,5.20170111799946,3.40407921464558,3.40407921464558,3.40407921464558,4.27469072397011,5.20170111799946,3.40407921464558,3.40407921464558,3.40407921464558,3.40407921464558,5.57199147016182
9.94854839990295,7.96160863682234,6.60474502238314,11.5802564641741,8.71628750834669,8.80417176888858,11.2982072047296,10.1111961203834,8.12127698125298,9.57926544988077,8.37278202481745,12.1276715222676,11.1516862183444,12.3023473339538,4.494347041088,4.80688836526989,6.70244889691717,9.20196026422811,11.4364313062809,9.20196026414328,4.84446637122613,4.24856552066012,12.8835086824485,13.4779183709351,13.4779183709351,9.0353081825927,4.72689603829446,2.75278911328411,9.03530818261517,33.1968703100458,3.86393827588913,18.6645247919933,5.39314494942604,5.13711831209378,5.98964415393429,3.86393827588913,5.13711831209378,3.86393827588913,3.12905589365127,5.13711831209378,3.86393827588913,3.86393827588913,3.86393827588913,4.3599483326911,5.13711831209378,3.86393827588913,3.86393827588913,3.86393827588913,3.86393827588913,5.39314494942604
9.67855180558469,7.49674927320823,6.71407998869544,11.217013659486,8.82062190171275,8.2553378954153,10.8227630759408,9.26935159043018,8.24266257298362,9.51713232625544,8.57522066152628,11.362251895226,10.0764757663525,11.5126315676742,4.48179619214484,4.66893180034745,6.91609105242974,9.36588397539516,10.4132755718266,9.36588397544572,4.92820965272331,4.43378966413588,12.8489252943345,12.1657875794485,12.1657875794485,8.98726540866616,4.83843683147848,2.53123224388928,8.98726540860309,30.6630416943202,3.54609947964639,16.8352432900241,5.41341023274954,5.56609596520344,6.25136932998476,3.54609947964639,5.56609596520344,3.54609947964639,2.93332819898505,5.56609596520344,3.54609947964639,3.54609947964639,3.54609947964639,4.49059344280106,5.56609596520344,3.54609947964639,3.54609947964639,3.54609947964639,3.54609947964639,5.41341023274954
9.86495183690377,7.6261137951003,6.55023629040932,11.6550837641423,8.81431646299042,8.78197406660707,11.1619928019814,10.0032352941958,7.99818600981255,9.61132443536764,8.29892373839727,12.1348408693779,11.0311007838051,12.3140518661812,4.46175886103821,4.81927577286098,6.8272298504798,9.0775506941354,11.2819830914907,9.07755069404758,4.81629864118159,4.21645225201124,12.8932432895735,13.349038728738,13.349038728738,8.62185300898992,5.00170002791992,2.84429577403297,8.6218530090157,31.4892896044282,3.9789805610055,18.4541627894527,5.04682689268167,5.31857703102652,5.93390533743769,3.9789805610055,5.31857703102652,3.9789805610055,2.94579655884024,5.31857703102652,3.9789805610055,3.9789805610055,3.9789805610055,3.95870147653281,5.31857703102652,3.9789805610055,3.9789805610055,3.9789805610055,3.9789805610055,5.04682689268167
9.55532073062937,7.92549895369032,6.4946999496105,11.0818289506044,8.63924401682412,8.11406079857267,10.5865369688938,9.21008625334124,7.97461584803225,9.60897426519895,8.22710450584568,11.1542962992136,10.1360493474785,11.3437480850572,4.29790515297505,4.80731597022239,6.50932095698797,9.04416778118552,10.3958442365387,9.04416778166992,4.67947719059584,3.95319914813705,12.8716270276553,12.2319540425919,12.2319540425919,8.90540033605838,4.7813111478173,2.78791689354201,8.90540033603895,34.98241129299,3.91900104300583,16.850611024843,4.99801489826793,5.03528233969752,5.57408051818348,3.91900104300583,5.03528233969752,3.91900104300583,2.99771640770602,5.03528233969752,3.91900104300583,3.91900104300583,3.91900104300583,4.2279096096587,5.03528233969752,3.91900104300583,3.91900104300583,3.91900104300583,3.91900104300583,4.99801489826793
9.86191252166279,7.5704143923295,6.69143541778211,11.9803270324845,9.1529684051654,8.92758583927965,11.4391906863029,10.1766522596055,8.24255009858871,9.17593396644326,8.52245866514293,12.4523080545039,11.2091830423596,12.5984142098571,4.47334475872869,4.88291752939072,7.15438091471613,9.35792933567263,11.5403991863848,9.35792933623637,4.93673571062831,4.33236444307175,12.2784252680706,13.5633526629485,13.5633526629485,8.78779507123558,4.98894438376386,2.63229019718967,8.78779507136222,34.7664288176787,3.69491647662174,18.821382429871,5.62513484600834,5.2744038023391,6.11024572421173,3.69491647662174,5.2744038023391,3.69491647662174,3.00738985448327,5.2744038023391,3.69491647662174,3.69491647662174,3.69491647662174,4.12931205260506,5.2744038023391,3.69491647662174,3.69491647662174,3.69491647662174,3.69491647662174,5.62513484600834
9.39182378711484,7.73731303601869,6.6529981421131,11.2916048159869,9.19225524658235,7.89780362367339,10.5206189198119,8.9642721931182,8.21325892545446,9.35038191865177,8.40857753423629,11.0932353317674,9.80144667351665,11.3004227365757,4.47447464438878,5.07217115458551,7.15677812026775,9.28813502713055,10.1511349569456,9.2881350264382,4.89133368999848,4.08722817729415,12.4357761480632,11.7728681934424,11.7728681934424,8.74390777095113,4.72333595199912,2.82879570196486,8.7439077713379,29.7965160177499,3.97714937737304,16.1675940366063,5.65204871626505,4.90019175460102,5.7641431718755,3.97714937737304,4.90019175460102,3.97714937737304,3.3194775519387,4.90019175460102,3.97714937737304,3.97714937737304,3.97714937737304,4.16733235234221,4.90019175460102,3.97714937737304,3.97714937737304,3.97714937737304,3.97714937737304,5.65204871626505
9.59712516970545,7.56763084378048,6.4249241552191,11.0832541021172,8.71304982256632,7.98984655410843,10.4677308189196,9.07934776794444,7.94490676505874,9.80744557039796,8.13575359138912,10.9887939061298,9.99577469709453,11.1548675985781,4.24404086292767,4.61992614955848,6.38394809109308,8.98432460206731,10.2323720566481,8.9843246016226,4.50916602909995,3.88420549368415,13.2056980311207,12.0297259195682,12.0297259195682,8.89584055369859,4.71115576553381,2.63382388358921,8.89584055340345,34.3505718541067,3.70113911023238,16.6060787316384,4.96869570786337,4.75522526100866,5.47727267689588,3.70113911023238,4.75522526100866,3.70113911023238,3.2150224671636,4.75522526100866,3.70113911023238,3.70113911023238,3.70113911023238,4.61895768349107,4.75522526100866,3.70113911023238,3.70113911023238,3.70113911023238,3.70113911023238,4.96869570786337
9.90893087196013,7.80905953714337,6.53460840584263,11.570313933264,8.75823192893245,8.74162887570079,11.2477098586934,10.0670773535433,8.05773086911242,9.57498713431159,8.30387687336909,12.1692547891037,11.0203697429766,12.3166069025292,4.61446806394033,4.61724309560401,6.8106661387564,9.12910480310706,11.2577425618252,9.1291048026369,4.63661403582929,4.54505738151533,12.8798020816003,13.3166447420162,13.3166447420162,8.64759172868499,4.49811388920422,2.5892088836219,8.64759172862361,30.5490820480942,3.62538752131246,18.479490213056,5.05506316915802,5.07913505076653,6.40714589222343,3.62538752131246,5.07913505076653,3.62538752131246,3.11195619704051,5.07913505076653,3.62538752131246,3.62538752131246,3.62538752131246,4.77863931874245,5.07913505076653,3.62538752131246,3.62538752131246,3.62538752131246,3.62538752131246,5.05506316915802
10.3687026248538,7.8329755574388,6.80329482677555,12.0390895908421,9.26701860800618,8.93332773601154,11.5079863275385,10.2319117339759,8.3883845644875,10.4905813504321,8.60641287161103,12.2759385057647,11.2390648580959,12.4648920087991,4.73668578909349,5.12812313881677,6.97994702612765,9.5021867748423,11.5453922363593,9.50218677512699,4.96102097718123,4.47420015932684,14.1274625997327,13.5713136679734,13.5713136679734,9.30435464844841,5.07781200967292,2.92757295524487,9.30435464781392,35.0126030226136,4.11232150341051,18.7480226532894,5.61399447180016,5.04059197406804,6.30953094279589,4.11232150341051,5.04059197406804,4.11232150341051,3.25374752666577,5.04059197406804,4.11232150341051,4.11232150341051,4.11232150341051,4.17072545392009,5.04059197406804,4.11232150341051,4.11232150341051,4.11232150341051,4.11232150341051,5.61399447180016
9.21550784923366,8.00446869239911,6.80155893176452,11.0650762654888,8.93620844288549,7.84503419894882,10.5800048768971,8.81209826725877,8.35972346155797,8.60692576750931,8.67650455649067,10.9457384997396,9.62980263189792,11.1199430266152,4.27795277463017,4.68568868804861,6.93534123852577,9.51396850341282,9.98790626039518,9.5139685042102,4.93777797011498,4.03873606110932,11.533160753631,11.6237526990062,11.6237526990062,9.24149073247869,4.66726285522532,2.71239662980678,9.24149073283692,33.9664215872512,3.8081222038659,15.9915204154768,5.39074183548629,5.43902928947928,5.69315116473789,3.8081222038659,5.43902928947928,3.8081222038659,2.82631377300999,5.43902928947928,3.8081222038659,3.8081222038659,3.8081222038659,4.2627536331921,5.43902928947928,3.8081222038659,3.8081222038659,3.8081222038659,3.8081222038659,5.39074183548629
10.1205677555984,7.58031213650616,6.60738409647011,11.6185174757688,8.77010595715461,8.83678979386617,11.3087742559447,10.1423262601078,8.09814779384248,9.99547306766066,8.39408370165562,12.2708460485038,11.1045436797446,12.4016114086645,4.65725560669598,4.44078310871013,6.8158032305945,9.15579825998305,11.3063821742603,9.15579825993196,4.74191551424606,4.56920152476393,13.5413876502845,13.4001642225597,13.4001642225597,8.63760526031485,4.43910789397062,2.54280399969856,8.63760526034696,33.7757381318549,3.56451105816385,18.6137147865775,4.93885169396625,5.50994475098271,6.44448832405152,3.56451105816385,5.50994475098271,3.56451105816385,3.29119707827601,5.50994475098271,3.56451105816385,3.56451105816385,3.56451105816385,4.26880154555311,5.50994475098271,3.56451105816385,3.56451105816385,3.56451105816385,3.56451105816385,4.93885169396625
9.94556528067242,7.82915982460912,6.69240896428019,11.6179530016785,8.83531557376593,8.6789418404752,11.2672490322543,9.93518273962809,8.25032471942629,9.4960816792298,8.53038164127467,12.0354824102254,10.9845280411713,12.1658238029969,4.28597911444499,4.54051388214858,6.59526101894077,9.34807658773621,11.2262129132012,9.34807658775028,4.73507409509655,4.06574123259596,12.7887300551633,13.2644269176223,13.2644269176223,9.21996863738268,4.49120506290671,2.48430072929248,9.21996863764202,35.1744984728657,3.48422478760677,18.4325656159596,5.1196004769872,5.37706984481754,5.73224900133137,3.48422478760677,5.37706984481754,3.48422478760677,3.17959674171404,5.37706984481754,3.48422478760677,3.48422478760677,3.48422478760677,4.57442663761349,5.37706984481754,3.48422478760677,3.48422478760677,3.48422478760677,3.48422478760677,5.1196004769872
9.53836754381755,7.44612164297136,6.49837334731809,11.3557687462445,8.81000427559886,8.41795965641581,10.8215578893926,9.58087381243616,7.98314196803001,9.20814021574073,8.20407918711766,11.4304645690176,10.5122398897695,11.6268117052281,4.53694179760267,4.87222631884226,6.59582533191922,9.02756776507257,10.8236587894965,9.02756776509228,4.8576885643448,4.23642941239001,12.3201261852222,12.670459644515,12.670459644515,8.94513579686333,4.94719992228713,2.82359961942779,8.94513579718494,32.4725830925671,3.9607042816534,17.4756385580105,5.5105466692408,4.97368909900426,5.96961814188738,3.9607042816534,4.97368909900426,3.9607042816534,3.22910574183331,4.97368909900426,3.9607042816534,3.9607042816534,3.9607042816534,4.57288061450271,4.97368909900426,3.9607042816534,3.9607042816534,3.9607042816534,3.9607042816534,5.5105466692408
9.03998914906119,7.29850896867806,6.36973667348753,10.97260959139,8.8692762889079,7.65815683381671,10.1771066830143,8.69223502959961,7.85284390402466,8.85338645968001,8.08126864222437,10.6367637732383,9.53013635444564,10.8219083347487,4.17312330047459,4.62033094838611,6.51099506705352,8.90934673764555,9.8280338150477,8.90934673726409,4.57850238794683,3.87628816883055,11.8479316868631,11.4879979186134,11.4879979186134,8.68148131310562,4.50097212260305,2.66963288123505,8.68148131469441,33.8242207026883,3.73551280036442,15.8111443257789,5.08263262252727,4.80629102840509,5.45460650890005,3.73551280036442,4.80629102840509,3.73551280036442,2.92191763642934,4.80629102840509,3.73551280036442,3.73551280036442,3.73551280036442,4.05383114915897,4.80629102840509,3.73551280036442,3.73551280036442,3.73551280036442,3.73551280036442,5.08263262252727
9.55858624071609,7.54368376479872,6.39701564323491,11.5009200663232,8.87334217956124,8.57606571132836,10.8940010205059,9.79719267715741,7.77378608364875,9.23924486907684,8.10705198876734,11.794073776261,10.7035333860121,11.9590382976548,4.60162077548432,4.7467016246589,6.70050151547942,8.80755190037093,10.9661287448868,8.80755190035889,4.84850059562333,4.50142961501586,12.353194483167,12.9366933154195,12.9366933154195,8.31771409509309,4.55177739038279,2.69751081908138,8.31771409504055,28.9878800020451,3.77779185841825,17.9011628303131,5.10592610844588,5.493794685603,6.34398193476294,3.77779185841825,5.493794685603,3.77779185841825,3.00099463566875,5.493794685603,3.77779185841825,3.77779185841825,3.77779185841825,3.9811506838833,5.493794685603,3.77779185841825,3.77779185841825,3.77779185841825,3.77779185841825,5.10592610844588
9.53748443970863,7.93934395045552,6.76673750815847,11.3801816761212,8.91971128768197,8.34652056526525,10.9405895023248,9.4439065608737,8.28842035135219,8.93291727135398,8.60892031439795,11.5297100056493,10.4085852543101,11.7058056611404,4.30078178925051,4.828063311085,6.86430420139323,9.40740680640393,10.7586560757576,9.40740680646702,5.06422716021632,4.0040814604553,11.9573150802341,12.5645264867134,12.5645264867134,9.22286009609438,4.72937365954959,2.71816860024189,9.22286009568976,33.8526394710609,3.80203971713406,17.3561988398402,5.61473927324814,5.56400874620676,5.63425834310726,3.80203971713406,5.56400874620676,3.80203971713406,3.04782178338983,5.56400874620676,3.80203971713406,3.80203971713406,3.80203971713406,4.04474743253061,5.56400874620676,3.80203971713406,3.80203971713406,3.80203971713406,3.80203971713406,5.61473927324814
9.48454983389108,7.45179499365687,6.62298635024795,11.3209389097357,8.80405632890296,8.27188281249662,10.959882263483,9.4824090376285,8.25008066424995,8.85778817013959,8.44479270596796,11.5775044925011,10.4303222895493,11.7171166305637,4.2767718019401,4.60765508050214,6.72815896088159,9.35406438142506,10.729546028747,9.3540643814766,4.59478768336068,4.09296916505559,11.8526872982479,12.5824774841924,12.5824774841924,9.14483694916653,4.4685398841835,2.45350186377721,9.14483694917706,29.4674971754407,3.43834802832721,17.459306236253,5.36161026124106,4.77148738659912,5.76974519050877,3.43834802832721,4.77148738659912,3.43834802832721,3.12403717369208,4.77148738659912,3.43834802832721,3.43834802832721,3.43834802832721,4.3091965651208,4.77148738659912,3.43834802832721,3.43834802832721,3.43834802832721,3.43834802832721,5.36161026124106
9.56469965019271,7.7938813704318,6.68337610172517,11.2732158541861,9.10028362307423,7.96072837670314,10.5008266062559,8.90056038138088,8.17329829750902,9.63325067153788,8.50445582348137,11.0724357664378,9.76862714358809,11.2429729502207,4.23169735955208,4.74147614182355,6.95183074167821,9.26620525261815,10.0925721301758,9.26620525304257,4.97109907333032,3.92860199089328,12.9722239986146,11.7613912390519,11.7613912390519,8.8040171994929,4.75105042419406,2.62224339718536,8.80401719958029,33.7708600327155,3.67307235203627,16.2219070218128,5.37828913723878,5.63183741193298,5.53251996859324,3.67307235203627,5.63183741193298,3.67307235203627,3.10178111181559,5.63183741193298,3.67307235203627,3.67307235203627,3.67307235203627,3.99626817148859,5.63183741193298,3.67307235203627,3.67307235203627,3.67307235203627,3.67307235203627,5.37828913723878
9.56486792238707,7.85234102082494,6.79976910459784,11.2926208416991,8.91767311816986,8.27980573450371,10.9049659034175,9.37212342678922,8.34023055867494,9.12257395215459,8.64635719769396,11.4402741132628,10.2341962214512,11.6098114177159,4.52584992535528,4.82861404796035,6.94086943404837,9.44357631432668,10.5454467460208,9.44357631405219,5.00731285229152,4.32512663105064,12.1650047292673,12.3192632885757,12.3192632885757,9.13068094944684,4.58915302239718,2.63957942982236,9.13068094968418,30.6477410268429,3.69284930814441,17.027482325449,5.48513654811797,5.61214482379145,6.09245994090156,3.69284930814441,5.61214482379145,3.69284930814441,3.27019955671741,5.61214482379145,3.69284930814441,3.69284930814441,3.69284930814441,4.35431308199579,5.61214482379145,3.69284930814441,3.69284930814441,3.69284930814441,3.69284930814441,5.48513654811797
9.43432002041263,7.43042562034339,6.53896113525382,10.9169931599317,8.79390338340847,7.71905414714644,10.3422494263886,8.69428906032572,8.07584198952761,9.60256886114846,8.35308334989973,10.741654721298,9.45315553126519,10.8942300075249,4.25507290248139,4.50313784509693,6.66495169159526,9.17382371161972,9.74613806678857,9.17382371146258,4.60201590400624,4.1503432212068,12.9716909064174,11.3949141711237,11.3949141711237,8.83521618261359,4.48167418127657,2.43113884976922,8.83521618257345,31.0657702962751,3.41191184941927,15.750330218236,5.02717879745485,5.15968603031124,5.85439199878941,3.41191184941927,5.15968603031124,3.41191184941927,2.89853868010997,5.15968603031124,3.41191184941927,3.41191184941927,3.41191184941927,4.22343677512704,5.15968603031124,3.41191184941927,3.41191184941927,3.41191184941927,3.41191184941927,5.02717879745485
9.56571621325583,7.81536626324041,6.68425891230933,11.3703423415858,8.94387637182947,8.31432045472727,10.8378703321849,9.43012774133878,8.19159066735791,9.28936066368277,8.46538671722247,11.4126120954664,10.2779613683474,11.5871751455796,4.64149504798644,4.74616841374074,6.74598337775235,9.26297031995177,10.499834461958,9.26297032018759,4.79226596425161,4.42124130851485,12.3743968898041,12.3678974562292,12.3678974562292,8.95902766552812,4.7242598067486,2.74866225885675,8.9590276655124,34.4769016972399,3.84996151017007,17.0615300045589,4.98265579512732,5.40818260799998,6.22963971722181,3.84996151017007,5.40818260799998,3.84996151017007,3.31645907586491,5.40818260799998,3.84996151017007,3.84996151017007,3.84996151017007,4.44533752927884,5.40818260799998,3.84996151017007,3.84996151017007,3.84996151017007,3.84996151017007,4.98265579512732
10.0982494612665,8.01086007381918,6.8829617493203,11.6234176876762,9.14307417529803,8.60233337289829,11.1622387153898,9.73538735826809,8.38017448350138,10.1938065756301,8.72717883829003,11.8037992009454,10.5928651070962,11.9900222007641,4.8032460910088,5.0517116742407,7.13504169007431,9.49662859346654,10.9187280993588,9.49662859360296,5.22309245750726,4.62384246812239,13.7204559368803,12.7729107458125,12.7729107458125,9.09858156445606,4.85638816840197,2.88379646837563,9.09858156447465,33.9918118907228,4.0453011875008,17.6068369302022,5.60151389335347,5.83963997797548,6.51875150187762,4.0453011875008,5.83963997797548,4.0453011875008,3.2177468869587,5.83963997797548,4.0453011875008,4.0453011875008,4.0453011875008,4.25419842933278,5.83963997797548,4.0453011875008,4.0453011875008,4.0453011875008,4.0453011875008,5.60151389335347
9.37079032498179,7.63989407922544,6.35948812059715,10.7834157126859,8.48193183851783,7.93669980467187,10.2740971422355,8.96507264723657,7.77405156764671,9.52584908024173,8.02941631568844,10.9226222186144,9.77356992388742,11.1071548904368,4.46815752006919,4.567351531742,6.6733330004758,8.77980284057868,10.0197772776385,8.77980284062484,4.69825322509366,4.19350319431789,12.8353050386012,11.7493293942915,11.7493293942915,8.28372546177678,4.70689503666262,2.71414067035375,8.28372546177678,33.6488802977442,3.80576356609115,16.1747889438956,5.01029197953168,5.16080957383831,5.90957870996172,3.80576356609115,5.16080957383831,3.80576356609115,3.23813728265382,5.16080957383831,3.80576356609115,3.80576356609115,3.80576356609115,4.29065136476612,5.16080957383831,3.80576356609115,3.80576356609115,3.80576356609115,3.80576356609115,5.01029197953168
9.43997786798984,7.47186573126349,6.52827726561048,10.9714957642832,8.78492153126047,7.97804885215441,10.3935220441786,8.93880192804387,7.97564695756934,9.60439505665586,8.270444531538,10.8925715350196,9.66666953094383,11.0923945268266,4.60922619400456,4.80612133208077,6.91168879012459,9.03682967398057,10.015700419966,9.03682967398612,4.9557213718358,4.44720789571303,12.9482571515422,11.6382504948894,11.6382504948894,8.56574756787172,4.93389794564434,2.76398949006749,8.56574756793048,32.113580487132,3.87369115128433,15.9955923660432,5.48265039373685,5.34899060059484,6.26753249300767,3.87369115128433,5.34899060059484,3.87369115128433,3.07353469095979,5.34899060059484,3.87369115128433,3.87369115128433,3.87369115128433,4.07914493772242,5.34899060059484,3.87369115128433,3.87369115128433,3.87369115128433,3.87369115128433,5.48265039373685
9.62852524205732,7.58581425587294,6.68473901943512,11.7883295014459,9.11201320480569,8.71045274407845,11.1563911556428,9.8890264506824,8.19814642273712,9.00818243316121,8.45104393671942,12.011398680416,10.8504740421705,12.1902009228888,4.64861709374081,4.81186541455231,6.98120508176852,9.27330564926337,11.0925874687911,9.27330564928538,4.84730718938651,4.37186566046391,11.9805553208907,13.0837312590887,13.0837312590887,8.79088987036118,5.11679782400528,2.85199966772808,8.79088987045489,30.587984963746,4.00099499902896,18.0665985820735,5.17509373482635,5.26305571402926,6.16182020329699,4.00099499902896,5.26305571402926,4.00099499902896,3.2942528266871,5.26305571402926,4.00099499902896,4.00099499902896,4.00099499902896,4.10514987650486,5.26305571402926,4.00099499902896,4.00099499902896,4.00099499902896,4.00099499902896,5.17509373482635
9.62312733147171,7.82716906179994,6.85486510158839,11.6791031864666,9.31001978610617,8.24310101271044,10.961852430561,9.34262585938472,8.46900490278809,9.1685725088828,8.72156849227767,11.533536396791,10.3019685164834,11.6963521608904,4.28878172101384,4.59634177617829,6.88307398771187,9.59295554196466,10.5401894804054,9.59295554176713,4.74347476013524,3.93645915068199,12.2753815757314,12.401771473987,12.401771473987,9.3073391498971,4.68778056998918,2.63112753260686,9.30733914943678,31.5815090570577,3.68884134765678,17.1460728950916,5.06971883495156,5.30960002579299,5.54569709226883,3.68884134765678,5.30960002579299,3.68884134765678,3.28909342705935,5.30960002579299,3.68884134765678,3.68884134765678,3.68884134765678,3.9202867023947,5.30960002579299,3.68884134765678,3.68884134765678,3.68884134765678,3.68884134765678,5.06971883495156
10.0857150907566,8.1855813251361,6.8379340001981,11.5877725980346,8.95798245652811,8.69609013095284,11.2305585201089,9.84232335718002,8.34609256425495,10.0052930682485,8.67936533554435,11.8378697588441,10.7257833882509,12.0204764025799,4.76477880500162,4.90185225186509,6.90131424403698,9.46752873423017,11.0178400888496,9.46752873432915,5.07362834490248,4.61512498214309,13.4800147401875,12.949849232962,12.949849232962,9.24172126820834,4.99294568550743,2.85082118372233,9.24172126816348,33.7866084524633,4.00234265812926,17.870778166429,5.36485330150027,5.69425016412882,6.50879857879106,4.00234265812926,5.69425016412882,4.00234265812926,3.11859210489219,5.69425016412882,4.00234265812926,4.00234265812926,4.00234265812926,4.8133850645093,5.69425016412882,4.00234265812926,4.00234265812926,4.00234265812926,4.00234265812926,5.36485330150027
9.90854323065832,7.65153931344251,6.68668870753453,11.3363113519825,8.83857994709625,8.29877608167499,10.9992181165633,9.48461113017068,8.316239917948,9.96993146071782,8.52594451050657,11.6145167105023,10.3678674281777,11.7572069775668,4.44869480762204,4.69275626654324,6.87532091816443,9.43546815894167,10.6537840212693,9.43546815904068,4.60858935608132,4.33547195038041,13.454031419598,12.5089006560967,12.5089006560967,9.09131069395138,4.59166389685396,2.51671737756579,9.09131069372366,30.2328213037089,3.52776363598708,17.3356231083471,5.25232418284889,4.86679993635245,6.11318110277793,3.52776363598708,4.86679993635245,3.52776363598708,3.09121280269642,4.86679993635245,3.52776363598708,3.52776363598708,3.52776363598708,4.33672868860379,4.86679993635245,3.52776363598708,3.52776363598708,3.52776363598708,3.52776363598708,5.25232418284889
9.54914900522042,7.36916946740737,6.25226243776042,10.7906037165515,8.36573224179127,8.01558541754367,10.3739470285229,9.10532898520493,7.65930406376104,9.86895765825305,7.96150657956523,11.0865144306081,9.93005060752828,11.230773249761,4.30986382185352,4.50756567034629,6.48347153408267,8.68614814893952,10.1842799012052,8.68614814841873,4.56196981590541,4.24467598749493,13.3337303138936,11.9901328740306,11.9901328740306,8.23011151847693,4.37527510469485,2.42810687586387,8.23011151846016,29.5226448569815,3.40303350336378,16.6136826890677,4.86334135176373,5.21562622617456,5.98549439914807,3.40303350336378,5.21562622617456,3.40303350336378,2.88391334329433,5.21562622617456,3.40303350336378,3.40303350336378,3.40303350336378,4.28949227042634,5.21562622617456,3.40303350336378,3.40303350336378,3.40303350336378,3.40303350336378,4.86334135176373
9.76219023933172,7.89013585284083,6.80468198042783,11.4061406662586,9.06398283810929,8.15435626685847,10.8579638601898,9.25861622445505,8.40333871474686,9.67816645395703,8.64752663580491,11.2920841228107,10.1966092371689,11.4587318372956,4.31329192803904,4.76483950956391,6.69634597774101,9.51243574471552,10.4650688293732,9.51243574511174,4.80045402953932,3.94883051266407,12.981432270963,12.2657705092544,12.2657705092544,9.44483372984695,4.59638436092078,2.64665172417487,9.44483372982824,34.7785237130227,3.71691521964415,16.9416678309127,5.25903491581543,5.25929443181824,5.5672091486077,3.71691521964415,5.25929443181824,3.71691521964415,3.31721011077527,5.25929443181824,3.71691521964415,3.71691521964415,3.71691521964415,4.31678075350829,5.25929443181824,3.71691521964415,3.71691521964415,3.71691521964415,3.71691521964415,5.25903491581543
9.60493655755628,7.9915802644766,6.92351217352453,11.309346409819,9.27227664938031,7.79566739895354,10.6426883409149,8.78627478171689,8.53978236464891,9.53944602692769,8.81491911914812,10.9525553636217,9.60039722186714,11.1317330417073,4.34899576713616,4.68628713409879,6.99690351807435,9.69500897635668,9.89882039532009,9.69500897626684,4.8557131238077,4.0367143567483,12.8510003020722,11.5495926779926,11.5495926779926,9.40760656210663,4.56731653540503,2.73943987077993,9.40760656210665,34.0917739475753,3.83594180765807,15.8765238821468,5.21390516471348,5.36979224830433,5.68303533134998,3.83594180765807,5.36979224830433,3.83594180765807,3.11917653211199,5.36979224830433,3.83594180765807,3.83594180765807,3.83594180765807,4.40023135614658,5.36979224830433,3.83594180765807,3.83594180765807,3.83594180765807,3.83594180765807,5.21390516471348
10.4731699229084,8.00457601761351,7.14930581649574,12.5235015948185,9.70632186612264,9.18441116068613,11.9750678727613,10.5041765314771,8.84494969959361,10.0344713962491,9.0899603323803,12.7217488798915,11.4995122224124,12.8982923156429,4.8866389570607,4.96209638636393,7.30164368170306,10.0442333653786,11.7900482080902,10.0442333655839,5.00492062508521,4.73966578536279,13.5263668080477,13.9008357267551,13.9008357267551,9.74702147060182,5.17907703863412,2.91654811603222,9.7470214710777,34.5588690289197,4.08950177574937,19.2283899897523,5.52887912740869,5.27774228618685,6.68146144436246,4.08950177574937,5.27774228618685,4.08950177574937,3.2048274399553,5.27774228618685,4.08950177574937,4.08950177574937,4.08950177574937,4.4928456212744,5.27774228618685,4.08950177574937,4.08950177574937,4.08950177574937,4.08950177574937,5.52887912740869
9.65715467777203,7.74801261029607,6.54284655395426,11.2566786230741,8.96063067839096,8.07390190655653,10.5552547186321,9.08953530938982,8.01942899456653,9.75877647645053,8.330715416558,11.0204054134837,9.96851003074909,11.1760305447546,4.24744311435752,4.72081589725236,6.51304148790349,9.09858439017663,10.297595228137,9.09858439044161,4.86533249571601,4.04246234770831,13.1710548514134,12.0257278774866,12.0257278774866,9.02362283450915,4.70410406598143,2.56602408894316,9.02362283452767,33.3383569305653,3.58595512841626,16.6238556837776,5.37586346327445,5.40877029282554,5.6898150099393,3.58595512841626,5.40877029282554,3.58595512841626,2.98137678408954,5.40877029282554,3.58595512841626,3.58595512841626,3.58595512841626,4.74425678776652,5.40877029282554,3.58595512841626,3.58595512841626,3.58595512841626,3.58595512841626,5.37586346327445
9.76692056458971,7.93849273283435,6.7429663117887,11.3559510412614,9.15498299744041,8.05694368836891,10.638157081588,9.05699132767205,8.24104101702675,9.96910043229212,8.56870267323756,11.1894462133098,9.88197296699992,11.3681889433377,4.45369018419042,4.74174402308032,6.98330401617586,9.3465019221386,10.1751164220169,9.34650192156309,4.95324717543176,4.20674657997166,13.4625626609805,11.9036169129042,11.9036169129042,8.8812073320282,4.71731123803423,2.73864983270346,8.88120733202894,28.6216147828907,3.8422600209205,16.3900637700968,5.21710966422582,5.62340654781198,5.92938733991944,3.8422600209205,5.62340654781198,3.8422600209205,3.09593199992675,5.62340654781198,3.8422600209205,3.8422600209205,3.8422600209205,4.39481786438002,5.62340654781198,3.8422600209205,3.8422600209205,3.8422600209205,3.8422600209205,5.21710966422582
9.90663825585602,7.47700323874494,6.37218588881323,11.2759409071431,8.50165002789578,8.57138103689979,10.8073498847128,9.71702145577425,7.73828590930695,10.087762418442,8.05156429967052,11.7027876564841,10.7539567676738,11.8895545415713,4.2988282207712,4.76857708237813,6.56888041469529,8.77529679620545,11.0460187872903,8.77529679543259,4.90192060024652,3.9365490710735,13.6771620536544,13.0087580792212,13.0087580792212,8.52508983906529,5.05061351946299,2.86534062262729,8.52508983906529,32.0577164134112,4.02255120199817,17.9508685424941,5.2542865289085,5.31952967559206,5.5456257159665,4.02255120199817,5.31952967559206,4.02255120199817,2.91619281332379,5.31952967559206,4.02255120199817,4.02255120199817,4.02255120199817,4.12347428136662,5.31952967559206,4.02255120199817,4.02255120199817,4.02255120199817,4.02255120199817,5.2542865289085
9.46176449393726,7.39480560198257,6.510736674386,10.8893833828798,8.62348687582949,7.99012505135712,10.4284553569997,9.00340946509143,7.946308859807,9.53515010939514,8.26592229669908,11.0107193567516,9.86266916598799,11.168755555469,4.30455168964128,4.87147200446759,6.75350154945813,8.9940235997489,10.2175755005717,8.99402359973511,5.00529472645759,4.04384732614653,12.7892511695185,11.8731209906253,11.8731209906253,8.67106260524778,4.5513512580834,2.60097504160689,8.67106260518091,30.0602941925188,3.64110755206898,16.3908103137531,5.59203055855577,5.53440054834693,5.69508281425185,3.64110755206898,5.53440054834693,3.64110755206898,3.14567538612601,5.53440054834693,3.64110755206898,3.64110755206898,3.64110755206898,3.99993139149864,5.53440054834693,3.64110755206898,3.64110755206898,3.64110755206898,3.64110755206898,5.59203055855577
9.72797942677261,7.90031956317849,6.51634288526736,11.0749082803899,8.71526083418611,8.17205036752844,10.5047142291046,9.17228396451275,7.93197072698089,10.0597361167456,8.2406249451963,11.0382190481082,10.0279116428817,11.2110567014051,4.47877073284672,4.94400696571703,6.57349610534116,8.95435015976096,10.3198538634012,8.95435015978947,4.97498167741434,4.18939662140143,13.4816221329137,12.0532611066887,12.0532611066887,8.7767690524584,4.86298794859669,2.69187366296232,8.77676905252073,33.6168963091189,3.7711328530994,16.6246205924763,5.37919848984628,5.57620107804888,5.90196125712797,3.7711328530994,5.57620107804888,3.7711328530994,3.33510582293798,5.57620107804888,3.7711328530994,3.7711328530994,3.7711328530994,4.84466197774721,5.57620107804888,3.7711328530994,3.7711328530994,3.7711328530994,3.7711328530994,5.37919848984628
10.0716169229695,7.91682175022428,6.97890361784638,11.9557688356389,9.37378799498781,8.6481017835865,11.5253932935293,9.93272432228256,8.71537879736943,9.64472384419671,8.90705789262672,12.2261222132951,10.8838781220773,12.3583941263957,4.56581060595664,4.75449269802376,7.22745479288534,9.87820881469551,11.180557573612,9.8782088137676,4.74358390833121,4.44913411386591,12.9629416319837,13.1217271577534,13.1217271577534,9.45808095960901,4.56483953845955,2.5002268641872,9.45808095929655,33.2528365684686,3.48922351926838,18.2312804498131,5.54211769075688,4.9614128448846,6.26588216501182,3.48922351926838,4.9614128448846,3.48922351926838,3.33201264646425,4.9614128448846,3.48922351926838,3.48922351926838,3.48922351926838,4.17573971925324,4.9614128448846,3.48922351926838,3.48922351926838,3.48922351926838,3.48922351926838,5.54211769075688
9.5632672903981,7.75780074094142,6.73153327669614,11.372566051827,9.06190179704274,8.11831915909732,10.6964833300173,9.11469960174922,8.26787966603487,9.40407403597961,8.55107448267187,11.0636040075213,9.99674363262112,11.2462335426513,4.35764538221619,4.81974129575447,6.59959085215457,9.38448829314861,10.2826064176413,9.38448829389278,4.83513525796277,4.04538430920328,12.5836406825232,12.0538864344307,12.0538864344307,9.36467521123826,5.00464869631568,2.78309213585309,9.36467521123827,34.6442338917013,3.90519071185862,16.5948072618071,5.15794180529679,5.31795239446798,5.70009540721821,3.90519071185862,5.31795239446798,3.90519071185862,3.03728424600522,5.31795239446798,3.90519071185862,3.90519071185862,3.90519071185862,4.53429423407695,5.31795239446798,3.90519071185862,3.90519071185862,3.90519071185862,3.90519071185862,5.15794180529679
9.84950497230659,8.09381030358274,6.9204619819383,11.8745731621844,9.40716155291474,8.56530269436324,11.2486307947215,9.70215417948735,8.51500233346296,9.40177638396078,8.8134451082774,11.8106818985485,10.595632008111,11.9859109281561,4.62016770401166,4.84621699004771,7.04829683176273,9.66866244479247,10.9203559190926,9.66866244493072,5.01780649015192,4.47008481674338,12.6259332503452,12.7914620882428,12.7914620882428,9.39903085071746,4.90647777317777,2.73627893418478,9.39903085068693,32.8340273253101,3.83929064713499,17.6776660647874,5.52559197063884,5.50117161707488,6.3031443701059,3.83929064713499,5.50117161707488,3.83929064713499,3.09303795013975,5.50117161707488,3.83929064713499,3.83929064713499,3.83929064713499,4.27805967650564,5.50117161707488,3.83929064713499,3.83929064713499,3.83929064713499,3.83929064713499,5.52559197063884
9.32087219391531,7.70306710561337,6.3092692650404,11.2317908272627,8.8330375554626,8.1116728303762,10.5420907122041,9.27177126966848,7.79625296119065,9.12109322215658,8.01285511287043,11.1591181365226,10.1278164009005,11.2978151803803,4.38983009935513,4.53072315500523,6.36417146882843,8.82176074949429,10.3715525578934,8.82176075100945,4.47219222285676,4.26269724530415,12.2106983143922,12.2079707822601,12.2079707822601,8.61986581793466,4.45009794102728,2.46764680732788,8.61986581797951,32.759914069911,3.46320038064121,16.9155658165072,4.96497330654851,4.83294747826376,6.01315128787737,3.46320038064121,4.83294747826376,3.46320038064121,3.10791734002129,4.83294747826376,3.46320038064121,3.46320038064121,3.46320038064121,4.2344373040993,4.83294747826376,3.46320038064121,3.46320038064121,3.46320038064121,3.46320038064121,4.96497330654851
10.0214326695615,8.00308494751072,6.78543337773066,11.8882652797669,9.23103154331123,8.69546709910099,11.3117089951917,9.91300636946274,8.35124244259975,9.70890657000439,8.65954111893619,12.1439205474683,10.9285267719335,12.2606053655994,4.35308195108241,4.7266160622143,6.91167637253789,9.46498811013191,11.2052879564195,9.4649881102293,4.88665074747958,4.18615343378506,13.0433439173897,13.1931535165984,13.1931535165984,9.1073279743032,4.54134169121352,2.46264236575205,9.10732797456149,35.7334579783439,3.44386378841467,18.3372250348779,5.34620141601243,5.58531986006259,5.89736816164432,3.44386378841467,5.58531986006259,3.44386378841467,3.19498916613211,5.58531986006259,3.44386378841467,3.44386378841467,3.44386378841467,4.16372030166798,5.58531986006259,3.44386378841467,3.44386378841467,3.44386378841467,3.44386378841467,5.34620141601243
9.49984150513063,7.76569790516185,6.32680305370461,11.2893963866388,8.46711106414035,8.68407856837139,10.9688772526185,9.99593500648865,7.73028934124387,8.8848424992038,7.96247192916962,11.8587192471822,10.9465845555122,12.0427825607093,4.70869210062732,4.59564045341958,6.52306811849734,8.72205614190289,11.1716557953387,8.72205614187275,4.71315308670973,4.49768524435555,11.8924475231501,13.2041317560692,13.2041317560692,8.42101944398926,4.63333196011378,2.80997490333897,8.42101944398926,34.9704086273659,3.93969455213795,18.2535108084315,5.07306495266226,5.03826687077156,6.33941540884918,3.93969455213795,5.03826687077156,3.93969455213795,3.2870999595956,5.03826687077156,3.93969455213795,3.93969455213795,3.93969455213795,4.66389897550409,5.03826687077156,3.93969455213795,3.93969455213795,3.93969455213795,3.93969455213795,5.07306495266226
9.52858189377038,7.73966008121206,6.30945310404888,11.212265745177,8.47414113503614,8.5886695247696,10.8024686859967,9.77583026218822,7.64950658347681,9.25674535508046,7.98641139287948,11.6046605769642,10.6733350682308,11.7676630932315,4.60917434298656,4.66478211909263,6.35870777047424,8.64931165924966,10.9016013945426,8.64931165916359,4.78558302743704,4.51711420216632,12.3663900970994,12.8870705439133,12.8870705439133,8.40038673969513,4.64850588847991,2.63687686354436,8.40038673969513,30.2700888136686,3.68810958738625,17.8478049115945,4.93955878511624,5.54108271733489,6.3643424340055,3.68810958738625,5.54108271733489,3.68810958738625,3.10250726439011,5.54108271733489,3.68810958738625,3.68810958738625,3.68810958738625,4.29907721423854,5.54108271733489,3.68810958738625,3.68810958738625,3.68810958738625,3.68810958738625,4.93955878511624
9.72205356583915,7.68667183699656,6.76877195949371,11.054853510613,8.88738724304564,8.01269488269585,10.6391061717962,9.03114937139343,8.28491095718513,9.89785548869832,8.60432621998131,10.9927146429976,9.80467585205414,11.1686282257833,4.55502850444603,4.93502465802343,6.87048462947877,9.38268531383034,10.1545289052626,9.38268531411872,5.07855824409729,4.36133364314133,13.2985363518996,11.7887926115752,11.7887926115752,9.16051942426186,4.52098227367997,2.65769929619464,9.16051942443394,31.9611079264032,3.73325840521655,16.2479875757487,5.60359615833671,5.66013910326547,6.15261047100825,3.73325840521655,5.66013910326547,3.73325840521655,3.23301429996982,5.66013910326547,3.73325840521655,3.73325840521655,3.73325840521655,4.55184773804287,5.66013910326547,3.73325840521655,3.73325840521655,3.73325840521655,3.73325840521655,5.60359615833671
9.81434917984861,7.71925732085602,6.5192982384204,11.6248338663246,9.03662100685569,8.53171132260738,10.9883801708646,9.7751264424555,7.9974626122326,9.70791326501872,8.25034753475503,11.7260774110817,10.7106082994937,11.9120810308311,4.58062176956459,4.66864722446908,6.66209840777449,9.06324597009717,10.9764385400818,9.06324597050106,4.76260573894933,4.38102290066283,13.1222964498021,12.9369966962252,12.9369966962252,8.81682767705863,4.69958317065278,2.81371901217978,8.81682767654024,35.3122568603022,3.93588736240663,17.8675966426321,5.1678565325316,5.08419944067071,6.16807250485007,3.93588736240663,5.08419944067071,3.93588736240663,3.06741680366779,5.08419944067071,3.93588736240663,3.93588736240663,3.93588736240663,4.19077942131014,5.08419944067071,3.93588736240663,3.93588736240663,3.93588736240663,3.93588736240663,5.1678565325316
9.36215630240325,7.50649092416598,6.60758661409303,11.3569005919566,9.06626119006235,8.15215450119399,10.6270421137677,9.21921077717179,8.07698758445639,9.02542675787721,8.3556276879137,11.1993003589514,10.0832411758702,11.4050742969153,4.5079103921878,4.75606194365963,6.81331898548591,9.14128752388851,10.3736392955207,9.14128752388283,4.91294183731306,4.20053961229225,12.0737552536877,12.1401938564298,12.1401938564298,8.81058312406158,4.79283332624893,2.83709673045133,8.81058312407137,31.9389976366273,3.96932698039177,16.7050477168242,5.29842051910576,5.34617381144184,5.91165263560203,3.96932698039177,5.34617381144184,3.96932698039177,3.20310680789368,5.34617381144184,3.96932698039177,3.96932698039177,3.96932698039177,4.00885421971825,5.34617381144184,3.96932698039177,3.96932698039177,3.96932698039177,3.96932698039177,5.29842051910576
9.10557646322717,7.988680499708,6.48296212860815,11.039811756655,8.84766467006978,7.98518103108732,10.3548121347081,8.93158210569221,7.91781846111714,8.78579112047343,8.23124467743776,10.7326331107286,9.63576368052107,10.8819291325154,4.60110558713687,4.57888706610081,6.47703182255322,8.9439996795738,9.898869067668,8.94399967955888,4.81049096074238,4.51378091663408,11.6936299833772,11.5708194807913,11.5708194807913,8.73264430583474,4.72492891344429,2.49117216048256,8.73264430583474,34.0122590801101,3.49217438550068,15.9872991069302,5.11811640942211,5.57063228085982,6.36661906582681,3.49217438550068,5.57063228085982,3.49217438550068,3.28339778138129,5.57063228085982,3.49217438550068,3.49217438550068,3.49217438550068,4.24777371116278,5.57063228085982,3.49217438550068,3.49217438550068,3.49217438550068,3.49217438550068,5.11811640942211
9.30959237507259,7.75833395174821,6.53549722596525,11.1612860846994,8.85728457800836,8.1699915373669,10.5143514798729,9.14155697637772,7.93692424272271,8.97231284894896,8.28111388924675,10.9415910097644,9.93013235263591,11.1457662411494,4.57873850455846,4.76787302292473,6.59402048948112,8.99850881884428,10.2621880408949,8.99850881925988,5.03188622917671,4.39610112462219,12.027615723091,11.9744105194055,11.9744105194055,8.86112118238597,5.01142943689248,2.7953358765535,8.86112118238597,32.7444725486479,3.92491904623156,16.4750411045486,5.40018919084498,5.60292267771236,6.19923754740961,3.92491904623156,5.60292267771236,3.92491904623156,3.00967639148143,5.60292267771236,3.92491904623156,3.92491904623156,3.92491904623156,4.73041279737985,5.60292267771236,3.92491904623156,3.92491904623156,3.92491904623156,3.92491904623156,5.40018919084498
9.72557535812594,7.87312127429043,6.621574222812,11.2762976294791,8.83363595241199,8.23613256169788,10.7492716566911,9.29905221912743,8.12632422001105,9.71354145410774,8.41735481191813,11.3726653900046,10.2448018316248,11.5369063676133,4.2515957772544,4.70650348450771,6.75557629983094,9.22013367102575,10.568113686117,9.22013367127986,4.89120214906014,3.9568269774846,13.1383287677139,12.3646954168159,12.3646954171381,8.98635774352589,4.83892530491079,2.68280372130781,8.9863577430241,34.6050403122993,3.75475754892904,17.0795843691167,5.41247820879555,5.32713965869557,5.56930460063328,3.75475754892904,5.32713965869557,3.75475754892904,3.01864349778151,5.32713965869557,3.75475754892904,3.75475754892904,3.75475754892904,4.01790728815398,5.32713965869557,3.75475754892904,3.75475754892904,3.75475754892904,3.75475754892904,5.41247820879555
9.53567130829702,7.78950050200988,6.443358775912,10.9807451765463,8.59743706101559,8.03583625504886,10.5271666494467,9.09800339975175,7.97169736903391,9.64963596149567,8.19649085972368,11.1049867370398,10.0005339072878,11.2520381634991,4.19023928944772,4.8509607645873,6.62715734176581,9.02969655713612,10.3412340357724,9.02969655730321,4.70885708410469,3.95922312168223,12.9360361717398,12.0513369435996,12.0513369435996,8.81017908203603,4.70357440163651,2.48091162895497,8.810179082279,32.7320827773836,3.46755904981486,16.6867710501171,5.51082317215553,4.9119219997515,5.5737711505462,3.46755904981486,4.9119219997515,3.46755904981486,3.09561666803814,4.9119219997515,3.46755904981486,3.46755904981486,3.46755904981486,4.19377546477181,4.9119219997515,3.46755904981486,3.46755904981486,3.46755904981486,3.46755904981486,5.51082317215553
9.80969432334442,7.56791625651496,6.61597214088118,11.2205619299504,8.69251951496912,8.34543528570556,10.9090584810927,9.51223821274312,8.14714714042409,9.81533213700805,8.40416420868058,11.497706684376,10.407934297862,11.6802238098064,4.49323549558443,4.71575291466265,6.76015325473306,9.25046308821416,10.7295741306467,9.25046308828178,4.82367838121575,4.31488150405347,13.3010566790847,12.5737435520284,12.5737435520284,9.04463169996661,4.74074269438286,2.74629000840199,9.04463169996585,33.4171157412698,3.8487530739959,17.359830980943,5.40220592480735,5.08003708738803,6.07989983257883,3.8487530739959,5.08003708738803,3.8487530739959,2.96464018417498,5.08003708738803,3.8487530739959,3.8487530739959,3.8487530739959,3.94011646406837,5.08003708738803,3.8487530739959,3.8487530739959,3.8487530739959,3.8487530739959,5.40220592480735
9.41273296039434,7.82073202013363,6.58078584093531,11.1420342548355,8.69608869688353,8.26663471038849,10.7605935419604,9.35746783185325,8.11547801410662,9.12089443578767,8.33853043486479,11.242520799446,10.1566270958668,11.4297650804652,4.6721474099373,4.81220626504824,6.71992274685011,9.19062404508769,10.4527767886745,9.19062404523676,4.75210905902152,4.53105672125973,12.1713774217668,12.2361840098782,12.2361840098782,8.97085224789546,4.98627639826506,2.73750524108697,8.97085224772806,33.088509927079,3.83216565963654,16.8758588578349,5.32332125040508,4.97234319385803,6.38440401088942,3.83216565963654,4.97234319385803,3.83216565963654,3.16862161710146,4.97234319385803,3.83216565963654,3.83216565963654,3.83216565963654,4.05894141426727,4.97234319385803,3.83216565963654,3.83216565963654,3.83216565963654,3.83216565963654,5.32332125040508
10.2308518388506,7.55830272046095,6.58829932136247,11.9096176552588,9.09480845512418,8.8661288873311,11.3244033981142,10.1561956265784,8.10806668183288,10.3504214837131,8.33855531555958,12.2330599670563,11.1999488335753,12.4139780866561,4.5341182099131,5.03879337524301,6.88440549249203,9.20178585053741,11.5202453066598,9.2017858508924,4.87598233931999,4.27983223249122,13.9756127395956,13.5532366338438,13.5532366338438,8.91756901780364,5.06935547908621,2.89602849047311,8.91756901781371,33.3871064824066,4.05396328656329,18.73258069064,5.54805147511327,4.91020468635509,6.0245428722862,4.05396328656329,4.91020468635509,4.05396328656329,2.99073881043899,4.91020468635509,4.05396328656329,4.05396328656329,4.05396328656329,4.2153258839475,4.91020468635509,4.05396328656329,4.05396328656329,4.05396328656329,4.05396328656329,5.54805147511327
9.88688684466831,7.42779252529572,6.60550269162716,11.4752805504937,9.03576058968847,8.24642708358693,10.8310736829253,9.3573782076007,8.18560731244207,10.0746083558011,8.41026033409052,11.5527289162304,10.28794519972,11.709623700162,4.28367497202057,4.63030844814943,6.93698615305122,9.28489564221557,10.5890206126825,9.28489564244331,4.6719477546507,4.05562534009708,13.6648704167451,12.4130803624831,12.4130803624831,8.81579488118561,4.81696258224799,2.56088648246559,8.81579488104989,35.0069588951948,3.59736825751995,17.1822197707733,5.31365337853658,4.93004698311645,5.7203576380417,3.59736825751995,4.93004698311645,3.59736825751995,3.06354448622693,4.93004698311645,3.59736825751995,3.59736825751995,3.59736825751995,4.0437771044984,4.93004698311645,3.59736825751995,3.59736825751995,3.59736825751995,3.59736825751995,5.31365337853658
9.7865692802148,7.6479329572531,6.64434521756967,11.4257208309404,9.00786576549583,8.27155486018582,10.7646120689887,9.35973139413187,8.12886648020324,9.77804303476486,8.4144722462229,11.5722375855059,10.3081711101936,11.7543415325123,4.36457457736691,4.75208879742425,7.04932181028938,9.21006962971057,10.5954966452869,9.2100696295676,4.90773488003292,3.99785691217066,13.198031329863,12.4289050815619,12.4289050815619,8.62889614483622,4.84847827117384,2.82642917738921,8.62889614467219,29.4450403788937,3.95769145175712,17.1250549584332,5.27767844547751,5.36093869514626,5.62594605868049,3.95769145175712,5.36093869514626,3.95769145175712,3.13582639170409,5.36093869514626,3.95769145175712,3.95769145175712,3.95769145175712,4.77123848231709,5.36093869514626,3.95769145175712,3.95769145175712,3.95769145175712,3.95769145175712,5.27767844547751
10.2375756690253,7.91771908545373,6.54046294539843,11.5982760220734,8.65350601088841,8.93781958212584,11.2414055066142,10.1485306231837,7.95993984571105,10.3542225243548,8.31046929658978,12.185586273774,11.1474242270783,12.3205627460275,4.5498443338465,4.64433177504662,6.61187354488286,8.99623841461416,11.3693755688089,8.99623841469668,4.87733775451515,4.44250164299246,13.9892320721845,13.4566638826507,13.4566638826507,8.64715232413344,4.80376362451346,2.50488226815816,8.64715232400335,34.3681984896718,3.5023096864563,18.7049280860483,5.06331051031852,5.78463482246161,6.26028524585247,3.5023096864563,5.78463482246161,3.5023096864563,3.26273848585582,5.78463482246161,3.5023096864563,3.5023096864563,3.5023096864563,4.43295210072037,5.78463482246161,3.5023096864563,3.5023096864563,3.5023096864563,3.5023096864563,5.06331051031852
9.18335858952796,7.71712022593378,6.3388810263827,10.9705805587772,8.57983732752745,8.15778468141242,10.5057413243786,9.2468413292191,7.77931367208758,8.91186143583624,8.03808075628718,11.0908134152236,10.0014595555966,11.245348880486,4.63577151367998,4.77949471053654,6.57814335706725,8.80082359571239,10.3022724763865,8.80082359595727,4.72423169802962,4.5914695393531,11.8388184767234,12.0497817087158,12.0497817087158,8.4682327587321,4.69281930841002,2.56112281206507,8.46823275847763,34.0409547283306,3.58610776018398,16.6610157096758,5.2928356794865,5.10691303037841,6.47339851287105,3.58610776018398,5.10691303037841,3.58610776018398,3.11537713711145,5.10691303037841,3.58610776018398,3.58610776018398,3.58610776018398,4.12849197888033,5.10691303037841,3.58610776018398,3.58610776018398,3.58610776018398,3.58610776018398,5.2928356794865
9.48655296729182,7.59702487908012,6.46899525649132,10.7231829762279,8.50040957254341,7.91530596316587,10.2781364366765,8.86891928507241,7.84597670955635,9.77999644498891,8.19360407893251,10.7953386288893,9.67147058770816,10.9964426892718,4.40549538730626,5.04532530053081,6.74980422718322,8.90256262080119,10.0412415176561,8.90256262069369,5.06102171859764,4.13655643095349,13.1117974917237,11.6653392239498,11.6653392239498,8.57760334406403,4.80804389002715,2.82209255655913,8.57760334406403,33.0628734192935,3.96617819342769,16.0129026420704,5.50758769188013,5.54770327097896,5.83313853273363,3.96617819342769,5.54770327097896,3.96617819342769,2.91006641873485,5.54770327097896,3.96617819342769,3.96617819342769,3.96617819342769,4.74321024094988,5.54770327097896,3.96617819342769,3.96617819342769,3.96617819342769,3.96617819342769,5.50758769188013
9.99845161589873,7.60104731162806,6.63619717853052,11.7548062379654,9.01839818686687,8.80341563300726,11.2042889720638,10.0172422079542,8.05924668131055,9.84526670176589,8.41517357824848,12.1630099491661,11.0101242739578,12.3532635880569,4.5650684742033,4.91287881673313,7.02086261857771,9.14823926821948,11.3124986532796,9.14823926826055,5.07405430281428,4.35434988068166,13.2595170335924,13.3223061460355,13.3223061460355,8.60915490196705,4.87312291901734,2.85336370340045,8.60915490201907,35.3153781186244,4.00913244818867,18.4098993087648,5.38244024827187,5.67397274420239,6.14100742927003,4.00913244818867,5.67397274420239,4.00913244818867,2.9552924488389,5.67397274420239,4.00913244818867,4.00913244818867,4.00913244818867,4.12127319154591,5.67397274420239,4.00913244818867,4.00913244818867,4.00913244818867,4.00913244818867,5.38244024827187
9.85605817575361,7.44703298665141,6.67790105405727,11.6427169691941,9.09044139106121,8.482782649674,11.0359056619516,9.64723969274658,8.24329454628507,9.70673755303367,8.47664274803049,11.8864768135561,10.6491071254784,12.0337426060081,4.3431739858189,4.89889795554032,7.06873390772249,9.33067030940164,10.9662284424575,9.33067031034889,4.87523271041978,4.01966866727223,13.0258780636445,12.8376335578427,12.8376335578427,8.84177620108998,4.85464632316238,2.65831225929231,8.84177620105689,31.9412298606965,3.7271217886387,17.7682679419165,5.58390135434785,5.1217310339096,5.66354401032586,3.7271217886387,5.1217310339096,3.7271217886387,3.25910471590102,5.1217310339096,3.7271217886387,3.7271217886387,3.7271217886387,4.2572647092756,5.1217310339096,3.7271217886387,3.7271217886387,3.7271217886387,3.7271217886387,5.58390135434785
9.76878958129612,7.70400956475342,6.80054282804539,11.4769053176251,8.9709650241982,8.31945149370159,11.0760190594849,9.53795982071297,8.44695236059166,9.46746015891206,8.63165336727305,11.6988086735636,10.4805207700836,11.8805546881512,4.46551517173876,4.62927718602004,6.92851517611874,9.57337297145483,10.7038134673959,9.57337297131111,4.57208906475669,4.16206441992597,12.7167761941974,12.631071556202,12.631071556202,9.2349480586093,4.65335055004277,2.76258172196182,9.23494805820524,30.9088025238891,3.87194230134439,17.4379913932641,4.96424024648798,4.80380927593953,5.86307247722496,3.87194230134439,4.80380927593953,3.87194230134439,3.23328837661946,4.80380927593953,3.87194230134439,3.87194230134439,3.87194230134439,4.24878865521203,4.80380927593953,3.87194230134439,3.87194230134439,3.87194230134439,3.87194230134439,4.96424024648798
9.49623112956521,7.72004836262185,6.77721869640058,11.2820370973431,8.95640338201913,8.13310634191049,10.7542129472066,9.1465759214217,8.32399253147292,9.13668132901628,8.61460900925869,11.3619587323708,10.0627859393406,11.5411559950895,4.29422866597729,4.84894365149627,7.08155248904381,9.45316661326379,10.4065779978388,9.45316661356404,4.97756794528234,3.94220571333445,12.2452549232334,12.1392895090002,12.1392895090002,9.03348181539395,4.94355363091822,2.79347417203673,9.0334818151609,35.2517224629057,3.92293355645294,16.7128323603161,5.49329998667879,5.36302879062444,5.55566139845991,3.92293355645294,5.36302879062444,3.92293355645294,3.01094911254188,5.36302879062444,3.92293355645294,3.92293355645294,3.92293355645294,4.05763341058854,5.36302879062444,3.92293355645294,3.92293355645294,3.92293355645294,3.92293355645294,5.49329998667879
9.65529893534366,7.87590213307879,6.87666927890325,11.5443973815668,9.09128986300986,8.34659357756262,11.1992140752488,9.57322271959609,8.57160986698644,9.00781211466155,8.7690623934089,11.6507796650434,10.5316852281799,11.8065796036876,4.36006652105539,4.98645648577673,6.87200577065344,9.72435328452364,10.8877086096262,9.72435328410516,4.82876754612909,4.12942230992382,11.9549207125462,12.700076985834,12.700076985834,9.69698060806814,4.49911538725703,2.57307955703438,9.69698060857207,32.8231680769033,3.60327628798273,17.5949551792534,5.75038365174046,4.88879338791078,5.81791369192849,3.60327628798273,4.88879338791078,3.60327628798273,3.19347788730198,4.88879338791078,3.60327628798273,3.60327628798273,3.60327628798273,4.33467651590062,4.88879338791078,3.60327628798273,3.60327628798273,3.60327628798273,3.60327628798273,5.75038365174046
10.0443978417529,8.24265326566458,6.97229716944207,11.7359968064937,9.26963413692339,8.48786852078515,11.2730672661858,9.63329453836657,8.59867816950827,9.85992184157034,8.92070954466984,11.8429237549243,10.512493569995,11.9810458238497,4.52528034507194,4.7570702289908,7.02955468313499,9.76325826888297,10.788187813759,9.76325826960186,4.88998148835245,4.46469351641041,13.2396719671838,12.6843376975653,12.6843376975653,9.41004095675544,4.51007289246713,2.46861432511977,9.4100409571924,33.7059414569614,3.46223761546442,17.6010215777522,5.23372719064978,5.68828706848153,6.29812013759606,3.46223761546442,5.68828706848153,3.46223761546442,3.12731907792528,5.68828706848153,3.46223761546442,3.46223761546442,3.46223761546442,4.4982006985307,5.68828706848153,3.46223761546442,3.46223761546442,3.46223761546442,3.46223761546442,5.23372719064978
10.0186210847182,8.06389252443405,6.83831849015519,11.7902351810677,9.24748783391759,8.563776119204,11.1685518384463,9.70928534199974,8.390988490211,9.85818119831605,8.69962530845666,11.7928540590445,10.6694928565036,11.9391644062057,4.46726666123348,4.80937027539463,6.76890756338482,9.50274681122134,10.9213031779171,9.50274681163205,4.91384846625052,4.23559572979469,13.2144991735319,12.8610563958961,12.8610563958961,9.32895731006015,4.72675110852462,2.63421663693232,9.32895731013585,32.4417801036181,3.68394430050492,17.8103693372623,5.19939301940106,5.64195974100821,5.96443326541762,3.68394430050492,5.64195974100821,3.68394430050492,3.2745570964049,5.64195974100821,3.68394430050492,3.68394430050492,3.68394430050492,4.84774314104124,5.64195974100821,3.68394430050492,3.68394430050492,3.68394430050492,3.68394430050492,5.19939301940106
9.586607640898,7.82164481330475,6.63280513294486,11.1181740115993,8.96033356369961,7.91368824070307,10.4390147799555,8.83988733839221,8.12486578610622,9.8347322592715,8.43408897122782,10.9230457516982,9.66538159495057,11.1143610120861,4.30218043899606,4.94114843625054,6.94010708466391,9.22831573755554,10.0444323182033,9.22831573791233,4.98899612386096,4.03323701315747,13.2420634815507,11.6557731129763,11.6557731129763,8.84880843421292,4.93781012052823,2.72572757068166,8.84880843431795,29.7650391079087,3.82656733156822,16.0334129079797,5.56532192176339,5.39024325990804,5.68494093010639,3.82656733156822,5.39024325990804,3.82656733156822,2.92647751286532,5.39024325990804,3.82656733156822,3.82656733156822,3.82656733156822,4.23635778076843,5.39024325990804,3.82656733156822,3.82656733156822,3.82656733156822,3.82656733156822,5.56532192176339
9.23017363543197,7.61256948087046,6.29925157884237,11.1796233776655,8.74347851864485,8.26604501197573,10.5090325687285,9.35454651670157,7.69818214569656,8.86462241369326,7.95851000828228,11.1543979221777,10.1881154291527,11.3130501070116,4.57493307345763,4.59563554517208,6.46310394584588,8.68554326775107,10.4765836219099,8.68554326702438,4.79825818173879,4.41034396520753,11.8800510502609,12.2613937386881,12.2613937386881,8.4566293325569,4.81229457945003,2.61599719988793,8.4566293326565,33.8974514448223,3.66360542446081,16.9487803076437,5.3487382801955,5.19988794422371,6.21603768703269,3.66360542446081,5.19988794422371,3.66360542446081,3.27533308643334,5.19988794422371,3.66360542446081,3.66360542446081,3.66360542446081,4.25414393920573,5.19988794422371,3.66360542446081,3.66360542446081,3.66360542446081,3.66360542446081,5.3487382801955
9.44922167515273,7.23242552112137,6.17752037363806,11.166620532079,8.72304934761889,8.05218194622621,10.361232144726,9.12511168259878,7.6276505567321,9.55524333053502,7.85224893946504,11.0822737641227,10.0331701704989,11.225931773883,4.13983663149196,4.34907466244432,6.31442168484394,8.64168940774461,10.2717866670268,8.64168940786016,4.3761778195265,3.95404026262252,12.9351902994253,12.1105152287441,12.1105152287441,8.34493501137528,4.74309908254884,2.43074422514549,8.34493501125747,31.774662874445,3.41140450202364,16.7828043429388,4.81852656540028,4.7536060542513,5.57594256412826,3.41140450202364,4.7536060542513,3.41140450202364,2.94711746362455,4.7536060542513,3.41140450202364,3.41140450202364,3.41140450202364,4.59267266426329,4.7536060542513,3.41140450202364,3.41140450202364,3.41140450202364,3.41140450202364,4.81852656540028
9.74966017610218,7.41106383494939,6.51484784541873,11.5180006979596,8.72915725913309,8.72498722268966,11.1722441876154,9.97959114325721,8.04705708787142,9.38843714620522,8.2573997918516,12.0376489666622,10.9174714938281,12.2000703993424,4.64887788510592,4.85524582422093,6.89826664306699,9.12425672984971,11.2262346255073,9.12425672974694,4.74433121789852,4.5356335407275,12.5921975634676,13.1970447327792,13.1970447327792,8.7044907618405,5.00872269093631,2.74780633921521,8.70449076180428,30.7137308635507,3.84247108603296,18.2635052686383,5.45675834644263,4.79427510901379,6.38810839295596,3.84247108603296,4.79427510901379,3.84247108603296,3.04353460171905,4.79427510901379,3.84247108603296,3.84247108603296,3.84247108603296,4.191537577919,4.79427510901379,3.84247108603296,3.84247108603296,3.84247108603296,3.84247108603296,5.45675834644263
9.63705103348362,7.70912072389802,6.70394953675376,11.5908953071402,9.02601751709314,8.51952718579401,11.1599422583274,9.77668431624698,8.28395789048654,9.02173713265087,8.52594116786126,11.7791975145822,10.6667429894717,11.9271013095296,4.64176637707673,4.61725803043873,6.72501703129391,9.38124886618098,10.9162815494213,9.38124886628234,4.70921716245932,4.53918893816112,12.060976297973,12.8627555414888,12.8627555414888,9.16866215442768,4.448380581769,2.58490101259307,9.16866215443655,32.7114179943011,3.62781259892387,17.8245203729233,5.15961999352392,5.17173412437038,6.40368794228252,3.62781259892387,5.17173412437038,3.62781259892387,3.23557025428988,5.17173412437038,3.62781259892387,3.62781259892387,3.62781259892387,4.32035167093298,5.17173412437038,3.62781259892387,3.62781259892387,3.62781259892387,3.62781259892387,5.15961999352392
9.22804978018703,7.43500102457182,6.46069428828491,10.950352839835,8.7162769181712,7.85411381645728,10.3496521102169,8.85403439141565,7.96397022959096,9.05448693729445,8.21423090113776,10.8968667500917,9.64721032196034,11.0528536205855,4.33811906789205,4.50958268790001,6.66547781322655,9.01955561879978,9.89118304613974,9.01955561884523,4.55432511972305,4.15804544998983,12.1177195593211,11.6097017182818,11.6097017182818,8.57768884364163,4.64723582945603,2.51585470500712,8.57768884356924,31.6508899130098,3.52769271764819,16.0386356377095,4.89290949906317,5.08343605434673,5.86230198002152,3.52769271764819,5.08343605434673,3.52769271764819,3.10574901216634,5.08343605434673,3.52769271764819,3.52769271764819,3.52769271764819,4.59070193602286,5.08343605434673,3.52769271764819,3.52769271764819,3.52769271764819,3.52769271764819,4.89290949906317
10.057575918162,7.8631048126493,6.71234442878197,11.4174457550616,8.91739990547218,8.45400682787075,10.999991384944,9.62632949446633,8.24195558979328,10.3749171490739,8.50086841509963,11.7149595103709,10.5198817110503,11.8889175364595,4.64678645490204,5.03803554919319,7.03141958673391,9.31751792700669,10.81550180826,9.3175179269727,4.95449986465648,4.40923140831088,13.9313654998013,12.6640418805855,12.6640418805855,8.86434540849536,4.71080481289563,2.74400153537828,8.86434540853525,35.4379839119828,3.85257685816658,17.4898345125896,5.49416984551393,5.34906108992215,6.21823737630504,3.85257685816658,5.34906108992215,3.85257685816658,3.35685006997601,5.34906108992215,3.85257685816658,3.85257685816658,3.85257685816658,4.11854859055452,5.34906108992215,3.85257685816658,3.85257685816658,3.85257685816658,3.85257685816658,5.49416984551393
9.25479928175048,7.5686720538797,6.55570514027917,11.3304917534932,9.06802284456989,8.07819574808436,10.7379524603892,9.23387194359081,8.13751344887723,8.70519203661967,8.37040160240321,11.3768670825609,10.0340519151556,11.4992671779138,4.44744798132678,4.73113442870055,6.96552495444307,9.23391834648105,10.3848668242859,9.23391834677258,4.70009909161624,4.43195871365577,11.5912137194291,12.1033285453056,12.1033285453056,8.71933167603482,4.31690235821971,2.3986651399663,8.71933167612031,28.8145103110786,3.35300097112371,16.7838382856468,5.52899782376905,4.94568881316991,6.24662262211195,3.35300097112371,4.94568881316991,3.35300097112371,3.01259419084603,4.94568881316991,3.35300097112371,3.35300097112371,3.35300097112371,4.06091852643868,4.94568881316991,3.35300097112371,3.35300097112371,3.35300097112371,3.35300097112371,5.52899782376905
9.56532615197989,7.5171262886642,6.3597920441975,10.9944427760985,8.77126245314389,7.90970919998319,10.2805951241172,8.88510886509415,7.82719106790329,9.93904927643221,8.07860865464219,10.8394276034057,9.70222862994438,10.976860602792,4.29233894424329,4.66501368531416,6.60028384796697,8.8423349735438,10.027173760258,8.84233497357898,4.74758722794517,4.09714408583392,13.4254672073904,11.6600920731463,11.6600920731463,8.51431895969888,4.71711337388253,2.40636270297227,8.51431895962086,33.9481688339791,3.37505100002223,16.1406939537379,5.45244269562226,5.14766914783693,5.77795784363988,3.37505100002223,5.14766914783693,3.37505100002223,3.23975487377891,5.14766914783693,3.37505100002223,3.37505100002223,3.37505100002223,4.71527573693272,5.14766914783693,3.37505100002223,3.37505100002223,3.37505100002223,3.37505100002223,5.45244269562226
10.0759405068806,7.41911605093299,6.57254555910821,11.547358402568,8.77740307483167,8.6744818110483,11.1788028993711,9.94504335880585,8.11187147474875,10.0698361433102,8.35440986689334,12.0397794964772,10.9777021717857,12.1742331233865,4.35825065739549,4.74859422085236,6.71474048887242,9.16691403192777,11.2501802938987,9.16691403157459,4.76624462960023,4.14743476372566,13.5632632099338,13.2371754876212,13.2371754876212,8.88506753804626,4.50293902363843,2.45962487330488,8.8850675378099,32.7217270432495,3.43263302096564,18.4028570357557,5.41070990228446,5.20501188288651,5.8384662288618,3.43263302096564,5.20501188288651,3.43263302096564,3.33343349430228,5.20501188288651,3.43263302096564,3.43263302096564,3.43263302096564,4.25210019210891,5.20501188288651,3.43263302096564,3.43263302096564,3.43263302096564,3.43263302096564,5.41070990228446
9.94607951270291,8.04422347093934,6.82289604071338,11.6209304584264,9.05547804806947,8.55920982879947,11.136940755528,9.66782821118654,8.3726526215421,9.8036750181992,8.68161390629099,11.8282539153436,10.57935328158,11.9952849547547,4.55312708190105,4.75931959362953,7.01408959576417,9.49323814838791,10.8530379395258,9.4932381471706,4.92636135293839,4.38050663359664,13.1933747379031,12.7623282528274,12.7623282528274,9.06798884765974,4.93089348259026,2.67754839843882,9.06798884839982,31.9540436909784,3.74942947273586,17.655864443871,5.25619912565557,5.57862745935166,6.17227413300369,3.74942947273586,5.57862745935166,3.74942947273586,3.16809776151879,5.57862745935166,3.74942947273586,3.74942947273586,3.74942947273586,4.19763063043732,5.57862745935166,3.74942947273586,3.74942947273586,3.74942947273586,3.74942947273586,5.25619912565557
10.2116325203596,7.59383409428271,6.74809522985393,11.7170027759695,8.91580967327423,8.81468480598979,11.3860891939993,10.0675348551197,8.27397639459905,10.1334891394817,8.60645041272058,12.3855009100489,11.0960417992815,12.5303899942587,4.40921192296256,4.88819454568189,7.15366487461031,9.39950186679347,11.4045077355149,9.39950186596103,4.97705215394351,4.2596207687749,13.6634141041276,13.4277335635551,13.4277335635551,8.79207465661651,4.63775897588741,2.61720352947532,8.79207465642421,35.0408725970068,3.67088813097898,18.631318774465,5.44071441777199,5.58895914334248,6.00558557664066,3.67088813097898,5.58895914334248,3.67088813097898,2.96312937599277,5.58895914334248,3.67088813097898,3.67088813097898,3.67088813097898,4.12600445751767,5.58895914334248,3.67088813097898,3.67088813097898,3.67088813097898,3.67088813097898,5.44071441777199
9.98005626995016,7.73702120913182,6.69873836051639,11.7141110876774,8.91935113410561,8.79737086216138,11.3260027516117,10.0911688771167,8.22338348994865,9.50391021192144,8.48570234057535,12.0803136350018,11.1442594989239,12.2579347063451,4.4958918526411,4.73727859190838,6.67010670467294,9.30840855349539,11.4228737858383,9.30840855329509,4.92761076453253,4.17966289557487,12.8097066318943,13.454573872423,13.454573872423,9.25239444265037,4.70522579734423,2.78673776042319,9.25239444275111,32.3216197310077,3.91619909269915,18.6208703070992,5.4233004945045,5.30048660935471,5.89452821939899,3.91619909269915,5.30048660935471,3.91619909269915,3.24905426382168,5.30048660935471,3.91619909269915,3.91619909269915,3.91619909269915,4.72960855122218,5.30048660935471,3.91619909269915,3.91619909269915,3.91619909269915,3.91619909269915,5.4233004945045
10.0001937991829,7.5741066792774,6.66164462639796,11.4560553350459,8.79199659478188,8.56221741869227,11.0283010857214,9.67875656910203,8.16299391641184,9.98044704891594,8.47732005544421,11.8112552468378,10.7003074237139,11.9607562198769,4.25025490577732,4.78424292482278,6.81780626925903,9.24467822861665,11.0167294954863,9.24467822866795,4.98810359875594,3.96741875264125,13.4761658097085,12.9100202955507,12.9100202955507,8.9588086563561,4.84348425918718,2.55408317150917,8.95880865636457,29.723463097351,3.57853712910913,17.9017701993236,5.54706347956327,5.57385049703904,5.58944937067819,3.57853712910913,5.57385049703904,3.57853712910913,3.18526124925693,5.57385049703904,3.57853712910913,3.57853712910913,3.57853712910913,4.30201366264416,5.57385049703904,3.57853712910913,3.57853712910913,3.57853712910913,3.57853712910913,5.54706347956327
9.92408014775221,8.12611858388985,6.87793288194976,11.8668992388502,9.27784656443035,8.63697476422407,11.3974823624611,9.88108201267,8.51497670862194,9.51302342310474,8.78650642412973,12.1048828874286,10.7731963769472,12.2484863760529,4.63469942934056,4.78332044604639,7.08532292105274,9.67905709882162,11.0435751552766,9.67905709859104,4.74517971598387,4.61317359114845,12.7313834145467,13.0237670784808,13.0237670784808,9.22596355497583,4.60482285568139,2.58516292816468,9.22596355587179,35.0576692085874,3.62481835965239,18.0591255638986,5.16235809084676,5.26884183644279,6.50669703314558,3.62481835965239,5.26884183644279,3.62481835965239,2.99401628598399,5.26884183644279,3.62481835965239,3.62481835965239,3.62481835965239,4.07262581275499,5.26884183644279,3.62481835965239,3.62481835965239,3.62481835965239,3.62481835965239,5.16235809084676
9.63187865439491,7.52289387582666,6.59824447702051,11.4049799182137,8.70666082075724,8.56103966272864,11.0979984181182,9.74768989942916,8.14254807238229,9.10243933581352,8.41738626374492,11.7797043650694,10.6840917534579,11.929659775117,4.42477661096645,4.73918463519106,6.68456256919065,9.25173714617543,10.9935800971297,9.25173714577907,4.75636784596261,4.34799594572426,12.1833841061625,12.9244929558601,12.9244929558601,9.05447135575192,4.78373377813433,2.54362759863146,9.05447135533029,30.4772616169809,3.56626842439611,17.932428377525,5.34041696940609,5.1605805987116,6.13116916791778,3.56626842439611,5.1605805987116,3.56626842439611,2.90268505599341,5.1605805987116,3.56626842439611,3.56626842439611,3.56626842439611,4.17335933820867,5.1605805987116,3.56626842439611,3.56626842439611,3.56626842439611,3.56626842439611,5.34041696940609
9.76390248118224,8.16317372063377,6.87030751406864,11.8310940720994,9.24755440690951,8.65816332026642,11.3046101379334,9.81457319919099,8.44281531791459,9.01955941173663,8.77634512598586,11.9440380589689,10.7372274703572,12.0783349650273,4.52931261118152,4.63587794041745,6.89758589747803,9.58703379172838,11.035650837051,9.58703379180683,4.96489257856237,4.4527640034499,12.1065224993515,12.9714039996963,12.9714039996963,9.3429748020035,4.73363280558561,2.54235935110733,9.34297480199772,31.0448050318437,3.56555659640566,17.9951237277963,5.37300817067486,5.68929336970825,6.28032983517751,3.56555659640566,5.68929336970825,3.56555659640566,3.06386948477897,5.68929336970825,3.56555659640566,3.56555659640566,3.56555659640566,4.32508633683123,5.68929336970825,3.56555659640566,3.56555659640566,3.56555659640566,3.56555659640566,5.37300817067486
9.73717751726799,7.49511959182262,6.31211779314552,11.5482816339289,8.82946548014501,8.61881028179866,10.9681711617612,9.85504863311597,7.76545819488297,9.51258533976187,8.04125213358163,11.830819356285,10.7954272276988,11.9659003056571,4.43052351008344,4.5956040015532,6.5411282187936,8.81300720174981,11.1037600004033,8.81300720162679,4.6873792702655,4.42110177595623,12.8583003595206,13.0663288727817,13.0663288727817,8.51225754459099,4.65803171114617,2.45536023282001,8.51225754459099,32.1369264570038,3.43889559326255,18.1570209398988,5.33338171701029,5.06397014121631,6.23399660756858,3.43889559326255,5.06397014121631,3.43889559326255,2.86335895702795,5.06397014121631,3.43889559326255,3.43889559326255,3.43889559326255,4.55628280259624,5.06397014121631,3.43889559326255,3.43889559326255,3.43889559326255,3.43889559326255,5.33338171701029
10.076781261924,7.80609004067704,6.61823492140432,11.5704629466113,8.77820872351878,8.78967358651221,11.2725389895184,10.0534256565813,8.12212823775754,9.97413211834542,8.42750590064943,12.0971039664077,11.0466646163008,12.2279445160074,4.49050548681372,4.90411492017135,6.73043885291919,9.18948830452249,11.3533462493512,9.18948830457021,4.95496458347901,4.38296604134109,13.3820952515466,13.3337868844176,13.3337868844176,8.9537476954972,4.48719811892096,2.44827072112535,8.9537476965246,29.2572987441094,3.42961128126602,18.5430869102469,5.58001910485238,5.54584417663786,6.18041173628214,3.42961128126602,5.54584417663786,3.42961128126602,3.24551888248242,5.54584417663786,3.42961128126602,3.42961128126602,3.42961128126602,4.31395466599203,5.54584417663786,3.42961128126602,3.42961128126602,3.42961128126602,3.42961128126602,5.58001910485238
10.0627565550882,7.64753893653204,6.77453753645472,12.0045286929627,9.32530064606199,8.71754462875678,11.3785928113142,9.9583101570601,8.41669608183477,9.75961035125288,8.63689000665117,12.1482658096157,10.9747011146635,12.2806641942934,4.39832267283794,4.7140873912615,6.91889584940353,9.54604000088772,11.2717659827922,9.54604000089638,4.74412133640057,4.21570611395978,13.1697141954804,13.2546381460763,13.2546381460763,9.28111660989163,4.84838059600297,2.54010675913817,9.28111660905275,34.8505743708987,3.56466910219128,18.4024765424981,5.45955890149026,5.00065474382529,5.94547031943024,3.56466910219128,5.00065474382529,3.56466910219128,3.15901195947417,5.00065474382529,3.56466910219128,3.56466910219128,3.56466910219128,4.30362043294698,5.00065474382529,3.56466910219128,3.56466910219128,3.56466910219128,3.56466910219128,5.45955890149026
9.66934608670977,7.64466351324531,6.59033432054604,11.5100193792702,8.70984943843476,8.74714479702853,11.1819724567773,10.0246706369132,8.05668570155479,9.03308564908582,8.34000202929807,12.0608031668484,10.9975208262272,12.2220225754705,4.64309802917108,4.62046068633439,6.72626634725169,9.10565582200009,11.2077275357494,9.10565582202573,4.79626900126264,4.44081726073032,12.0619079638974,13.2656419261426,13.2656419261426,8.73305745673554,4.59590749981099,2.73037092818771,8.73305745662064,33.6736027953246,3.8236050264919,18.3660120504543,4.99038487616107,5.43030349839065,6.25728115907607,3.8236050264919,5.43030349839065,3.8236050264919,3.30163622834253,5.43030349839065,3.8236050264919,3.8236050264919,3.8236050264919,4.15921130014191,5.43030349839065,3.8236050264919,3.8236050264919,3.8236050264919,3.8236050264919,4.99038487616107
9.39372564302735,7.474674738187,6.54256505912723,11.2513995596002,8.77265851993572,8.25744929144819,10.6978391804227,9.38540045630153,8.01267961152888,8.99298030275235,8.26029423773502,11.4714575913363,10.3235455676048,11.660017448817,4.43797140489937,4.71301130328998,6.83013802077835,9.06143079176963,10.5611698791043,9.06143079187416,4.75918545427304,4.05415524946708,11.9944185811868,12.4352349221276,12.4352349221276,8.59416421913196,4.80327446106611,2.84848738457874,8.59416421921094,29.9231785247121,3.99740666485332,17.125357008405,5.03628900961732,5.15805904755443,5.71182276475895,3.99740666485332,5.15805904755443,3.99740666485332,3.23758868545407,5.15805904755443,3.99740666485332,3.99740666485332,3.99740666485332,4.216169780783,5.15805904755443,3.99740666485332,3.99740666485332,3.99740666485332,3.99740666485332,5.03628900961732
10.0308331858777,7.66201624376317,6.46792189113706,11.6198734793089,8.59666581524206,9.07177109370023,11.3503819330616,10.4489287992342,7.86600033381926,9.72156833107129,8.12443004060429,12.3440935190618,11.4462683050145,12.5287558385881,4.90283223295879,4.76262285468653,6.65041500332777,8.8667790668999,11.6597466616232,8.86677906696017,4.8791830413535,4.69006012968615,13.0691907262362,13.810228515225,13.810228515225,8.55647131528514,4.78056434324364,2.93071189229018,8.55647131491415,33.5998408409534,4.10258031909446,19.096302417915,5.13994369628546,5.30739928391671,6.60662134715435,4.10258031909446,5.30739928391671,4.10258031909446,3.41083589974934,5.30739928391671,4.10258031909446,4.10258031909446,4.10258031909446,4.89196495435517,5.30739928391671,4.10258031909446,4.10258031909446,4.10258031909446,4.10258031909446,5.13994369628546
9.80606463523056,7.66727927688337,6.42025508698604,11.0568046147765,8.55117374457155,8.37767336698065,10.693066511296,9.53286103381602,7.79839358448757,10.1274906384182,8.10729652753952,11.3195528996809,10.3472359456441,11.5242007067904,4.75094792133549,4.94882531993981,6.62534823106231,8.82438654425898,10.6554401543874,8.82438654410505,4.97102003342594,4.61098689908356,13.6378744862169,12.4812760131244,12.4812760131244,8.56579951838531,4.69389701925622,2.82667282271977,8.56579951829329,30.1576959934031,3.96993931442367,17.1992001512442,5.39111060981129,5.41372472301391,6.50416097898402,3.96993931442367,5.41372472301391,3.96993931442367,3.10628745051687,5.41372472301391,3.96993931442367,3.96993931442367,3.96993931442367,4.58769289623195,5.41372472301391,3.96993931442367,3.96993931442367,3.96993931442367,3.96993931442367,5.39111060981129
9.36619727141458,7.88385886458997,6.50256522183597,11.1268065108523,8.87590561578259,8.06830456796568,10.4286038606362,9.06042209757113,7.90033290464328,9.2620860291211,8.23788513311707,10.9076747333524,9.88146943411157,11.0843309368467,4.4617639920734,4.75520040263041,6.54728704982827,8.93861625043002,10.1920892897872,8.93861625028041,4.99150616556058,4.22421623747933,12.4165215020854,11.8951155390061,11.8951155390061,8.77718992788299,4.73177806837326,2.69933903824691,8.77718992758635,30.2147026465433,3.78437668729302,16.3909044360429,5.35391334083845,5.63555411024778,5.95298552519994,3.78437668729302,5.63555411024778,3.78437668729302,3.15619650077801,5.63555411024778,3.78437668729302,3.78437668729302,3.78437668729302,4.31338262517853,5.63555411024778,3.78437668729302,3.78437668729302,3.78437668729302,3.78437668729302,5.35391334083845
9.57307610587177,7.28214889459272,6.32505809160003,11.0453875229224,8.68949862163313,7.96808710353586,10.3525211008072,9.00660876419345,7.74675446168779,9.88484971505212,8.05920484634605,11.0556069158733,9.91054449080827,11.1972232257327,4.07516596104322,4.51849901224876,6.45290964124492,8.78233011254152,10.1563114404894,8.7823301137009,4.59012755106911,3.87783973725092,13.3366613858371,11.9585276731282,11.9585276731282,8.4039765226803,4.43785038814037,2.40704649960622,8.40397652279558,34.3472711972367,3.36691076747068,16.5734482959346,4.84275521962821,5.33099317287793,5.46127204945716,3.36691076747068,5.33099317287793,3.36691076747068,2.94257809002176,5.33099317287793,3.36691076747068,3.36691076747068,3.36691076747068,4.16487947964904,5.33099317287793,3.36691076747068,3.36691076747068,3.36691076747068,3.36691076747068,4.84275521962821
9.76683529319016,8.19045214777646,6.8623035125941,11.6375307949276,9.41316636237096,8.07045291919617,10.8731883633928,9.11894391757601,8.52821012399378,9.70136604229334,8.75822491126893,11.2548339457822,10.021729683263,11.3993295669158,4.23935966573047,4.84046154312148,6.85682851923391,9.67984182333735,10.3509505842434,9.67984182300949,4.77666455592802,3.97066059684948,13.0208863431066,12.0727242174311,12.0727242174311,9.55937319568747,4.75491173615008,2.54927846540939,9.55937319546286,30.1213867070189,3.57472274931635,16.6953150253943,5.47153950907712,5.07275269776107,5.59598869476869,3.57472274931635,5.07275269776107,3.57472274931635,3.13404710978613,5.07275269776107,3.57472274931635,3.57472274931635,3.57472274931635,4.38866870106539,5.07275269776107,3.57472274931635,3.57472274931635,3.57472274931635,3.57472274931635,5.47153950907712
9.5734100551017,7.92044514187136,7.00047036122261,11.7682199392175,9.50825050018246,8.26708096123628,11.0352837714699,9.29209672423262,8.63247785656306,8.97529500895219,8.92021358616222,11.4823164690316,10.1302204942994,11.6590203962266,4.54840955283434,4.8803766781736,7.15317264176437,9.79879688366656,10.4384129816055,9.79879688349846,4.95960510859913,4.34362716583784,11.9229231566225,12.2037784404036,12.2037784404036,9.43668325899457,4.94828314129462,2.71503865533633,9.43668325914902,32.3536489818483,3.81075157893971,16.8323787530106,5.38852971919594,5.49860376098473,6.12495207473643,3.81075157893971,5.49860376098473,3.81075157893971,3.16647587702631,5.49860376098473,3.81075157893971,3.81075157893971,3.81075157893971,4.50947687332586,5.49860376098473,3.81075157893971,3.81075157893971,3.81075157893971,3.81075157893971,5.38852971919594
9.87743832497732,7.82868637980143,6.73519711829255,11.8753283947715,9.10725361030432,8.77064016556202,11.3585436952702,10.0141188691912,8.2985981051576,9.33254299931872,8.58520714394839,12.1906291542723,11.0648731024876,12.3377827378007,4.33267628198217,4.82911334361028,6.82846082316,9.42371964904821,11.3475627555294,9.42371964840395,4.82642939322457,4.12865206363217,12.4671455525809,13.3842073376848,13.3842073376848,9.16537762761724,4.7662559429282,2.61488414380821,9.16537762776559,33.7664797382792,3.66422013487957,18.5701113124557,5.29614359379756,5.32989354831776,5.81760111429971,3.66422013487957,5.32989354831776,3.66422013487957,3.00739763736878,5.32989354831776,3.66422013487957,3.66422013487957,3.66422013487957,3.98073649039109,5.32989354831776,3.66422013487957,3.66422013487957,3.66422013487957,3.66422013487957,5.29614359379756
9.67727222581196,7.58070256511929,6.62821003920295,11.3270621322117,8.88551218692059,8.27308849972978,10.8027411732041,9.39827798707673,8.10673201952746,9.47505529213019,8.41806981409345,11.5563550263165,10.3099219805914,11.7379346317197,4.40875520915811,4.66521889451622,6.95333102222999,9.2031996349548,10.5953151559247,9.20319963489698,4.86946511932629,4.16238472684688,12.7830312793247,12.4520467511536,12.4520467511536,8.68406208553079,4.64187941436148,2.7658141109376,8.68406208471793,29.2776863911245,3.8847692312365,17.1741615249488,5.16564457557356,5.41845661566197,5.86885284615241,3.8847692312365,5.41845661566197,3.8847692312365,2.96241416591718,5.41845661566197,3.8847692312365,3.8847692312365,3.8847692312365,4.71862371637554,5.41845661566197,3.8847692312365,3.8847692312365,3.8847692312365,3.8847692312365,5.16564457557356
10.2351340532925,7.48498766725248,6.58647046861918,11.8212319423794,8.92940687170395,8.85876078634954,11.297163962433,10.1141248483505,8.05461039077781,10.1814845937998,8.38753977897317,12.2739406557008,11.2253625239321,12.4252423459682,4.21102704548552,4.61586164016885,6.68498113137895,9.14600666184215,11.4949380612964,9.14600666111865,4.85965896846264,3.96408874726545,13.8307126028754,13.5922481964628,13.5922481964628,8.86754884926392,4.72768364668894,2.61924413110297,8.86754884965374,33.7875019013118,3.66916168772624,18.8703696593829,5.18915661987392,5.51901687168286,5.58320554119233,3.66916168772624,5.51901687168286,3.66916168772624,2.92622703311265,5.51901687168286,3.66916168772624,3.66916168772624,3.66916168772624,4.33957116311919,5.51901687168286,3.66916168772624,3.66916168772624,3.66916168772624,3.66916168772624,5.18915661987392
10.1657797417912,7.85297116273167,6.60204873755586,11.9787682341438,9.08441026308611,8.97036154495582,11.4194814194187,10.3165603045924,8.10335697758978,10.006395058648,8.34506884159,12.3359546665455,11.3560360914928,12.5191828946151,4.65899656895342,4.64630268481309,6.71209947079187,9.17512328893164,11.5813315945988,9.17512328886355,4.75283158367703,4.42394881663896,13.5532864681289,13.7260898562125,13.7260898562125,8.92039956490345,4.85854044976671,2.86662952711837,8.92039956453085,35.1112846394855,4.01904355827696,18.9903856641306,5.05976708910085,5.10035857290018,6.23376949097488,4.01904355827696,5.10035857290018,4.01904355827696,3.17893493411395,5.10035857290018,4.01904355827696,4.01904355827696,4.01904355827696,4.05939256350561,5.10035857290018,4.01904355827696,4.01904355827696,4.01904355827696,4.01904355827696,5.05976708910085
9.76721659566569,7.35874688367516,6.6182449652569,11.1455473997303,8.85074408008627,8.08062485131246,10.5890738830802,9.10141218897594,8.10115538230917,10.038549368934,8.42496077649858,11.3300241012146,9.98156982781562,11.4590817565844,4.27859107367195,4.82863496801968,6.99139579713617,9.16100688536841,10.2840992338285,9.16100688330292,4.93327566519336,4.04192185462774,13.4770825001231,12.0034881067065,12.0034881067065,8.5438266077888,4.47308266490892,2.44401966838682,8.5438266069239,29.9080895730854,3.42433125634486,16.6260827036154,5.3975933525877,5.6701616929559,5.69690476327,3.42433125634486,5.6701616929559,3.42433125634486,3.27684181050479,5.6701616929559,3.42433125634486,3.42433125634486,3.42433125634486,4.40792750663825,5.6701616929559,3.42433125634486,3.42433125634486,3.42433125634486,3.42433125634486,5.3975933525877
9.47858216840218,7.32521233389553,6.32297091864343,11.2628319710334,8.77582887758695,8.17534354835079,10.6262547156731,9.33637392156745,7.83006660738594,9.35052278707154,8.05137235425113,11.4700604954486,10.2466416047039,11.6021596911135,4.2450381752699,4.57341455064057,6.68135626706211,8.87490386090292,10.4996748941555,8.87490386092094,4.43941733978763,4.11669106677426,12.5331228005343,12.370282895581,12.370282895581,8.3211986787843,4.51436178711968,2.41029246780771,8.32119867875715,31.307509095234,3.3792478897466,17.1643377302054,4.96956812016626,4.79683028371165,5.80480441939198,3.3792478897466,4.79683028371165,3.3792478897466,2.99083179797064,4.79683028371165,3.3792478897466,3.3792478897466,3.3792478897466,4.60745635724422,4.79683028371165,3.3792478897466,3.3792478897466,3.3792478897466,3.3792478897466,4.96956812016626
9.35265468497553,7.71054721726349,6.80942445127373,11.2819678660502,9.1698506833684,7.86745292286954,10.5913698517469,8.86335539585748,8.38963597975834,8.94288250736932,8.65870442098628,10.922609609639,9.69237871874623,11.0971811121657,4.35371771899148,4.6267062172585,6.79072187971786,9.50600414981584,9.96100947220988,9.50600415038805,4.79882629274784,4.04102420473104,11.9483919836344,11.6488811281723,11.6488811281723,9.30139825792686,4.60106194568889,2.66852806943021,9.3013982582218,30.4696498226171,3.74126880048021,16.0431673378165,5.12694334054565,5.36685987829975,5.69354158747689,3.74126880048021,5.36685987829975,3.74126880048021,3.23272796156404,5.36685987829975,3.74126880048021,3.74126880048021,3.74126880048021,4.60883574947125,5.36685987829975,3.74126880048021,3.74126880048021,3.74126880048021,3.74126880048021,5.12694334054565
10.1931590908252,7.89497117831261,6.96699823254847,11.7584805171089,9.35487767043696,8.37657493366417,11.1668813957985,9.51287219084454,8.60569967897132,10.3943489329077,8.86710058317093,11.7428052443874,10.4572445895069,11.9261360225338,4.43239896872935,5.03804065388956,7.14195754958974,9.77319443465524,10.7661041006594,9.77319443527188,4.92064009707555,4.13448958109055,13.982608533227,12.6172274770848,12.6172274770848,9.43942204780999,4.81650540460877,2.79183251035791,9.43942204824224,32.227040300763,3.91516034378825,17.4074717212947,5.41772994392466,5.28749416061667,5.82480029500995,3.91516034378825,5.28749416061667,3.91516034378825,3.11143815904626,5.28749416061667,3.91516034378825,3.91516034378825,3.91516034378825,4.52763367326091,5.28749416061667,3.91516034378825,3.91516034378825,3.91516034378825,3.91516034378825,5.41772994392466
9.72802101412978,7.66673812505184,6.44229309354019,11.0886121389762,8.87242289682905,8.07374418054528,10.3965347176305,9.04386609364256,7.83758383428313,10.3036463041379,8.17737603024071,10.831425591976,9.78415106450774,10.9981097186822,4.5738589295172,5.00581501701031,6.56854904423436,8.8695440013594,10.1412229234437,8.86954400130711,5.02018639081267,4.48453833975047,13.8554708015236,11.7794644430373,11.7794644430373,8.68000485902847,4.77414964043355,2.58381625018808,8.68000485877153,35.6390082335605,3.61772257047096,16.2667212805244,5.57116799650174,5.61086232304661,6.32136671938129,3.61772257047096,5.61086232304661,3.61772257047096,3.11627966578548,5.61086232304661,3.61772257047096,3.61772257047096,3.61772257047096,4.5431526007911,5.61086232304661,3.61772257047096,3.61772257047096,3.61772257047096,3.61772257047096,5.57116799650174
10.0732393133258,7.62837153842909,6.66682315061693,12.0367766741022,9.17770852433223,8.94530923203259,11.4784887911536,10.2581136308224,8.24084437053213,9.63346202881536,8.47519648733744,12.383926850642,11.2527316039305,12.5206074184215,4.6414337085381,4.55087865538151,6.82060350418538,9.33602250224287,11.4777329553368,9.3360225018742,4.64561291031008,4.54637113091771,12.9971319000317,13.5958055563056,13.5958055563056,8.96744179636993,4.8367907793015,2.6134028453097,8.96744179723407,35.8005482601155,3.65939785540162,18.8737044370001,5.05172884517827,5.08272763415013,6.4088377402481,3.65939785540162,5.08272763415013,3.65939785540162,3.18810432659838,5.08272763415013,3.65939785540162,3.65939785540162,3.65939785540162,4.78579734219692,5.08272763415013,3.65939785540162,3.65939785540162,3.65939785540162,3.65939785540162,5.05172884517827
9.29391196712408,7.5981840723965,6.5548488379597,11.1209024419222,8.88514482037272,7.9598830787583,10.572536218923,9.083742868216,8.12579333474445,9.00636525216041,8.31072850145423,10.9161077962946,9.88955114803762,11.080400673879,4.50481536113055,4.7830606461995,6.49516250180488,9.18447238687099,10.1618700359909,9.18447238711706,4.61220550840456,4.2962259776638,11.9454347087417,11.8822704365597,11.8822704365597,9.14072865423033,4.47612199148117,2.59262552216757,9.14072865419034,34.0847853192776,3.63027676113835,16.4069015009889,5.23703755587486,4.8178337847332,6.05409969029995,3.63027676113835,4.8178337847332,3.63027676113835,3.32391612278697,4.8178337847332,3.63027676113835,3.63027676113835,3.63027676113835,4.65037996791327,4.8178337847332,3.63027676113835,3.63027676113835,3.63027676113835,3.63027676113835,5.23703755587486
9.75483099711992,7.61239696411733,6.46601663659975,11.57097372581,8.85568663604558,8.60816623319258,11.0190492551112,9.82718631547294,7.95254760736588,9.44210495116589,8.2033608873059,11.8356020157323,10.823795410664,12.0042418388148,4.40014086534105,4.6989299755313,6.64422012613616,9.01953415356851,11.1190017575232,9.01953415376962,4.75447495338543,4.1868259835151,12.7308776997101,13.0874534447378,13.0874534447378,8.78362730021318,4.8742732304671,2.69914916792733,8.7836273001416,34.1607922105513,3.78681655613529,18.116978044577,5.32415174873613,5.01281263003741,5.90158461722178,3.78681655613529,5.01281263003741,3.78681655613529,2.98569814847961,5.01281263003741,3.78681655613529,3.78681655613529,3.78681655613529,4.5692879595091,5.01281263003741,3.78681655613529,3.78681655613529,3.78681655613529,3.78681655613529,5.32415174873613
9.7420067743829,7.51447719535032,6.48056588779841,11.5638347895628,8.9065156534776,8.60795159834677,10.8954685814547,9.76689181026761,7.86966837235839,9.58728118383714,8.19260075018745,11.736760961683,10.7186792591252,11.9187719272196,4.55280248117977,4.7211541274978,6.61679511042865,8.892973090975,10.9360096152276,8.89297309092886,4.85173937677109,4.30826985500537,12.839892154957,12.9269480591756,12.9269480591756,8.52366231267182,4.82717289979469,2.74250162606037,8.52366231273042,31.1487381274329,3.84903262113039,17.8722189611814,4.95803194266263,5.58757869516308,6.07425441953343,3.84903262113039,5.58757869516308,3.84903262113039,3.23605715596769,5.58757869516308,3.84903262113039,3.84903262113039,3.84903262113039,4.55850842973353,5.58757869516308,3.84903262113039,3.84903262113039,3.84903262113039,3.84903262113039,4.95803194266263
9.94397780817801,8.08104280037192,6.72137142059513,12.0420533741526,9.28625218592016,8.91530504196866,11.4191520568509,10.1776043656042,8.23000154392553,9.37271228602612,8.54976225311546,12.1546892906084,11.1340512704505,12.3049823692878,4.69174998541089,4.73407088279795,6.6502323024137,9.331663163735,11.3867885187584,9.33166316213947,4.89310509557011,4.619481815296,12.5526495981673,13.4580825362889,13.4580825362889,9.19857878990254,4.75963528823769,2.66069407021889,9.19857879027519,29.6786300993533,3.72977288807977,18.6639146015393,5.17278755902468,5.58197458484287,6.51412930168164,3.72977288807977,5.58197458484287,3.72977288807977,3.11315772126708,5.58197458484287,3.72977288807977,3.72977288807977,3.72977288807977,4.80136537693051,5.58197458484287,3.72977288807977,3.72977288807977,3.72977288807977,3.72977288807977,5.17278755902468
10.1139615348278,7.88014248970853,6.51709630376366,11.7627838588207,8.80933667754601,8.95930735441115,11.3397550438393,10.2593353386462,8.03692623330187,10.1304060239685,8.24431485672273,12.3440726314139,11.2359348040457,12.5037909208761,4.74283023656098,4.75085007110488,6.8338907848007,9.07646342851432,11.4327943263101,9.07646342826191,4.59401348129381,4.61083175932255,13.6043036764393,13.5560991689852,13.5560991689852,8.53305642109261,4.9925737970172,2.66570047770281,8.53305642089209,29.3999236209906,3.73867153263897,18.8022817052155,4.96059442838034,4.97286093730226,6.50275691682619,3.73867153263897,4.97286093730226,3.73867153263897,3.34948360563693,4.97286093730226,3.73867153263897,3.73867153263897,3.73867153263897,3.99068695089742,4.97286093730226,3.73867153263897,3.73867153263897,3.73867153263897,3.73867153263897,4.96059442838034
10.1876407321375,7.47642715689263,6.63112170781644,11.6093440685164,8.91016503822649,8.70429304613227,11.1950657327308,10.0018236277672,8.13998993292494,10.3780530246282,8.36832714424672,12.0378572117816,11.0094802591582,12.220484988361,4.61568067024209,4.98547302064634,6.92037980223162,9.20026263342938,11.3193154380474,9.20026263278395,4.97780247721842,4.291007402412,14.0234480597571,13.2763459507257,13.2763459507257,8.89973270077411,4.72001641176945,2.88004756787684,8.89973270077411,33.4419440487638,4.03583819173288,18.3355162945066,5.6447385549205,5.11701924937064,6.04356132885062,4.03583819173288,5.11701924937064,4.03583819173288,3.33167127978234,5.11701924937064,4.03583819173288,4.03583819173288,4.03583819173288,4.10675803120014,5.11701924937064,4.03583819173288,4.03583819173288,4.03583819173288,4.03583819173288,5.6447385549205
9.52656350566076,7.42125287389325,6.45421555986941,11.3644026531348,8.72946457696364,8.44725093028203,10.908693331405,9.6116781772925,7.97087795715235,9.03000226089902,8.23338305093447,11.7777374894228,10.5556516605013,11.9086209227682,4.30083362273451,4.61133384011488,6.8462657935593,9.04948068525016,10.8784453657734,9.0494806853019,4.70633547017112,4.21392713690617,12.1427983177788,12.7637027586192,12.7637027586192,8.54496830965688,4.73713503688024,2.4486380117892,8.54496830972834,34.7025047674504,3.42850675701194,17.7216939680575,5.40514718501819,5.04762297324288,5.93962747076917,3.42850675701194,5.04762297324288,3.42850675701194,2.90805997680069,5.04762297324288,3.42850675701194,3.42850675701194,3.42850675701194,4.33213262842463,5.04762297324288,3.42850675701194,3.42850675701194,3.42850675701194,3.42850675701194,5.40514718501819
9.53563464854964,7.46311337617411,6.6540403809337,11.5538462171562,9.11796413966317,8.30777421251786,10.8884642940989,9.44808343881561,8.19786726084998,9.0105522020406,8.46303675736832,11.7200974611857,10.4259410508188,11.8686531544565,4.25130763602867,4.77431786618119,7.06299730069836,9.29049829259559,10.7421412614371,9.29049829266638,4.86112323976678,3.94661785712267,12.0383906372282,12.5745987972061,12.5745987972061,8.73528938726479,4.63144837858236,2.60517612232617,8.73528938740174,30.422731356168,3.65756547703269,17.4073728563037,5.47316688363909,5.24966369734079,5.56399196155416,3.65756547703269,5.24966369734079,3.65756547703269,3.14395069101223,5.24966369734079,3.65756547703269,3.65756547703269,3.65756547703269,4.47804024736688,5.24966369734079,3.65756547703269,3.65756547703269,3.65756547703269,3.65756547703269,5.47316688363909
9.85393486150247,7.64187164083807,6.52116145690713,11.3923108718998,8.74608852427572,8.50553155007997,10.9221061610774,9.67258510008036,8.02193028710172,9.88015521320704,8.2588459772385,11.524338222561,10.5803349300924,11.6979873249408,4.58288427140073,4.59377124710342,6.43675910836766,9.0703901246313,10.8055039725359,9.07039012497985,4.65755733607,4.39345047892691,13.3347292136467,12.7526483603106,12.7526483603106,8.98826032998423,4.89039314408986,2.67015367523105,8.98826032986215,33.8168725397413,3.74657433417133,17.6432314491599,5.00217213633991,5.10096137846215,6.1954521921976,3.74657433417133,5.10096137846215,3.74657433417133,3.25381365118359,5.10096137846215,3.74657433417133,3.74657433417133,3.74657433417133,4.52561335993113,5.10096137846215,3.74657433417133,3.74657433417133,3.74657433417133,3.74657433417133,5.00217213633991
10.0009606594199,7.63478371717873,6.52664686086349,11.8750418770394,9.06492380568348,8.83196199171461,11.2731331790242,10.1366716583074,8.05778933964791,9.8608741547345,8.25750253570945,12.0901281556382,11.1535811299612,12.256953121628,4.58009099069591,4.9361443520995,6.61098227205608,9.12062049649239,11.424125865936,9.12062049636807,4.71331346777283,4.36458204702562,13.2125367820839,13.4734136301528,13.4734136301528,8.9972024468767,4.93949359859729,2.76347700135184,8.99720244678472,32.4728719605599,3.87025955084766,18.6568691545042,5.33646030950586,4.81548530115472,6.14840279971562,3.87025955084766,4.81548530115472,3.87025955084766,3.18577243649107,4.81548530115472,3.87025955084766,3.87025955084766,3.87025955084766,4.4471409860189,4.81548530115472,3.87025955084766,3.87025955084766,3.87025955084766,3.87025955084766,5.33646030950586
9.53941696830669,7.46215438973873,6.56869247249465,11.3899999690628,8.82534672190681,8.37913197278061,10.7824473289769,9.44735159943923,8.00019924173898,9.19258566442424,8.34750114830752,11.5275182835595,10.4248855677519,11.6964823697014,4.24630684432784,4.71465997762967,6.63453455059957,9.08128608678846,10.6768688899101,9.08128608683839,4.84345347079097,3.94929197844457,12.2841429587614,12.5985471953336,12.5985471953336,8.78672960483047,4.87035573883342,2.71249128304274,8.78672960479927,33.7725246655326,3.80852325555995,17.4047394058012,4.95514974252166,5.59629095305076,5.56642161341518,3.80852325555995,5.59629095305076,3.80852325555995,2.93307565898076,5.59629095305076,3.80852325555995,3.80852325555995,3.80852325555995,4.21518212082157,5.59629095305076,3.80852325555995,3.80852325555995,3.80852325555995,3.80852325555995,4.95514974252166
9.93786732729247,7.65274332937179,6.72785109806004,11.8831501191024,9.25720416466869,8.61139014655758,11.2391167988742,9.85852538149309,8.34680631531986,9.74094876732678,8.53568442399835,11.8906770756388,10.8259878750122,12.0625138686181,4.55868533439008,4.79290142420305,6.73045500406014,9.45171681736422,11.0567109640524,9.45171681722597,4.60997273648414,4.32476756379007,13.0441566127761,13.0566929862566,13.0566929862566,9.28520785075566,4.86120091869399,2.71592703733114,9.28520785073167,30.3069530121648,3.80901707429175,18.0675763402152,5.08088608048269,4.84057628441672,6.09630896166665,3.80901707429175,4.84057628441672,3.80901707429175,3.26658424563297,4.84057628441672,3.80901707429175,3.80901707429175,3.80901707429175,4.30894791710125,4.84057628441672,3.80901707429175,3.80901707429175,3.80901707429175,3.80901707429175,5.08088608048269
9.27320027786458,7.7298696821133,6.54924302059719,10.9426436734183,8.69579776389074,7.93092730774717,10.4718929814328,8.91510937755179,8.09009910407956,8.99642205981237,8.3387395547027,11.0528391585928,9.71498378026576,11.201411353159,4.34836594521672,4.76747576649223,6.95620343406574,9.17130407658444,10.0603790552936,9.17130407611719,4.76925602723094,4.18025654940283,12.0112784599444,11.6982430817149,11.6982430817149,8.64885179570993,4.80466607200097,2.51554145446621,8.64885179571615,30.688900854205,3.53351316902393,16.1612927729451,5.47250841652584,5.07965609451029,5.89752154629165,3.53351316902393,5.07965609451029,3.53351316902393,3.07535220664139,5.07965609451029,3.53351316902393,3.53351316902393,3.53351316902393,4.73721153908108,5.07965609451029,3.53351316902393,3.53351316902393,3.53351316902393,3.53351316902393,5.47250841652584
9.7019497848721,7.75640686381684,6.56618778248447,11.4527905638162,8.8896899171887,8.4077412907607,10.8897597583543,9.55763842287732,8.05919124958386,9.47086629900552,8.35434819410984,11.7262236504369,10.5188252515721,11.8682838623542,4.31409024764238,4.59373066378843,6.80543121016197,9.12719886351775,10.7700769748159,9.1271988636236,4.74966838411075,4.10693945171336,12.728276362673,12.6898575934411,12.6898575934411,8.64247953694427,4.58096803854926,2.52443427476899,8.64247953692496,33.2715442601037,3.53270202039048,17.594110973543,5.09229969786714,5.40986384739039,5.78535087436692,3.53270202039048,5.40986384739039,3.53270202039048,3.14377595771669,5.40986384739039,3.53270202039048,3.53270202039048,3.53270202039048,4.28882498123903,5.40986384739039,3.53270202039048,3.53270202039048,3.53270202039048,3.53270202039048,5.09229969786714
9.65259222698248,7.80670564964066,6.53462761013156,11.1120644805366,8.53922729682277,8.40905030633733,10.7886815364666,9.56458098787735,7.93887967531305,9.50315166268952,8.26212946816686,11.4091407947431,10.4549688964309,11.5959032743164,4.60534517162073,4.67861446006033,6.50006874936637,8.97558246585266,10.695083801938,8.97558246636733,4.90645818440093,4.37423531069976,12.7674032288877,12.6000418903377,12.6000418903377,8.82532987927394,4.59179862156978,2.77881856639661,8.82532987922993,31.0586298328218,3.89755280985365,17.3865517389928,5.06504579970332,5.60122800132314,6.16574819033786,3.89755280985365,5.60122800132314,3.89755280985365,3.22791979879947,5.60122800132314,3.89755280985365,3.89755280985365,3.89755280985365,4.44013908312307,5.60122800132314,3.89755280985365,3.89755280985365,3.89755280985365,3.89755280985365,5.06504579970332
10.328772226168,7.93642109044725,6.8366021907226,12.0008737216132,9.31495318344258,8.72043946129309,11.3519690575682,9.96331500914942,8.45935662765053,10.4917659647414,8.65070800890247,12.0586845938736,11.0274209095331,12.239747864543,4.46792172204855,5.04158174263031,6.84264160993203,9.57251806924719,11.2793326961176,9.5725180694912,4.79297512990005,4.03066100558805,14.092487814194,13.2943861648189,13.2943861648189,9.45809658674514,5.0519236720692,2.8719329597358,9.45809658666712,35.8866668389745,4.03418465175973,18.3621215147559,5.31058849111817,4.94376899956377,5.68082353411744,4.03418465175973,4.94376899956377,4.03418465175973,3.36750214974873,4.94376899956377,4.03418465175973,4.03418465175973,4.03418465175973,4.64341971831619,4.94376899956377,4.03418465175973,4.03418465175973,4.03418465175973,4.03418465175973,5.31058849111817
10.1366155148791,7.97595278251256,6.66787228517268,11.9459106322113,9.11958562059736,8.95203530412362,11.4670764684001,10.2510981234155,8.17340676556346,9.80119992522336,8.51463586433731,12.2654611918242,11.2419423915967,12.3825039111741,4.55292001060026,4.80066657280647,6.60838246593539,9.27525922833702,11.5360875865963,9.27525922847647,4.93227253932512,4.55283241939302,13.1732676984371,13.6023230773606,13.6023230773606,9.16922343296053,4.49738610550256,2.46028393781841,9.1692234329064,32.5326263179082,3.44299639495039,18.9263560975464,5.40541810348562,5.64880071069053,6.41927916236339,3.44299639495039,5.64880071069053,3.44299639495039,3.02080864654672,5.64880071069053,3.44299639495039,3.44299639495039,3.44299639495039,4.78783179237645,5.64880071069053,3.44299639495039,3.44299639495039,3.44299639495039,3.44299639495039,5.40541810348562
9.9489867946095,7.70288159435486,6.51037693821561,11.4666489210506,8.72157735036356,8.66509103705219,10.9881312984831,9.8556709764491,7.95466595285515,10.0515449193173,8.21174402958609,11.7867924780932,10.8226184616698,11.9605502442093,4.61164738704203,4.82080809060976,6.59207062657725,8.97804803666546,11.0458671980522,8.97804803646345,4.80337048744447,4.32751049511281,13.4985920700761,13.0406193999256,13.0406193999256,8.73929258342113,4.97038282353196,2.79900458551661,8.73929258305781,30.2908924917473,3.91975445744297,18.0206491680073,5.09265594331835,5.28364104268381,6.09502089086086,3.91975445744297,5.28364104268381,3.91975445744297,3.35968940591004,5.28364104268381,3.91975445744297,3.91975445744297,3.91975445744297,4.3977877685386,5.28364104268381,3.91975445744297,3.91975445744297,3.91975445744297,3.91975445744297,5.09265594331835
9.889233618956,7.6577825678395,6.58738101825282,11.3221385390245,8.64050182261962,8.57591942159423,10.9837980686559,9.75595082438668,8.05598454844248,9.85238201915562,8.32729764916114,11.8953190056535,10.7231947700642,12.0686036599664,4.54096693955491,4.84279923387835,7.00531223672477,9.10318933277504,11.0015999532869,9.10318933163128,4.93348215633258,4.24526728135626,13.2511021461262,12.9226619825012,12.9226619825012,8.53290514332316,4.84277383410993,2.7744242961635,8.5329051433045,34.3223237981894,3.88719187204712,17.8570718159282,5.39742020112783,5.36427700982604,5.98008659761169,3.88719187204712,5.36427700982604,3.88719187204712,3.31489908163659,5.36427700982604,3.88719187204712,3.88719187204712,3.88719187204712,4.3916529456335,5.36427700982604,3.88719187204712,3.88719187204712,3.88719187204712,3.88719187204712,5.39742020112783
10.2792136361124,7.73746358289716,6.96752891005769,12.004455704319,9.16153854613403,8.9903866650276,11.6551866545142,10.2517764482222,8.55198081631384,9.82600539430486,8.87344096812295,12.566406053296,11.3452228746409,12.7416346781488,4.43177631783519,5.02521608816531,7.27621427465198,9.72052552905507,11.695474928867,9.72052553025202,5.17539880295246,4.1516626763095,13.2332158694657,13.7311031185387,13.7311031185387,9.31398570999765,4.93283433440733,2.81089949788427,9.31398570999797,32.8542306829414,3.94794029343721,19.0136299153044,5.76886663470043,5.61146044293757,5.8530703550675,3.94794029343721,5.61146044293757,3.94794029343721,3.01272805895386,5.61146044293757,3.94794029343721,3.94794029343721,3.94794029343721,4.5460047285302,5.61146044293757,3.94794029343721,3.94794029343721,3.94794029343721,3.94794029343721,5.76886663470043
9.43162446215323,7.99166107574662,6.55095810729002,11.3965349326211,9.05536747136457,8.20697470360624,10.5727452142868,9.2085961179937,7.95929617509671,9.26061400557655,8.29564508166953,11.0951619809517,10.0796278653798,11.2911423180893,4.44731097068769,4.84785572124733,6.56459904076618,9.03049318729953,10.3719726454619,9.03049318718811,4.94940958350124,4.15973115620335,12.382502858225,12.1669157068077,12.1669157068076,8.89473408166411,5.02413119842207,2.86224761388215,8.89473408166411,32.4452414991069,4.02262459658531,16.7291071496545,5.16562912600758,5.53390032535586,5.86549215670363,4.02262459658531,5.53390032535586,4.02262459658531,2.95796798264056,5.53390032535586,4.02262459658531,4.02262459658531,4.02262459658531,4.33742860806805,5.53390032535586,4.02262459658531,4.02262459658531,4.02262459658531,4.02262459658531,5.16562912600758
9.62137768125902,7.71951541766137,6.46744514666877,11.0218158265698,8.81379067390189,7.91940704887,10.3972573343696,8.97091035124843,7.97175878358465,10.1364839990429,8.17463164812749,10.9229485521986,9.72388000380323,11.1189969670885,4.60075624425538,4.82432446090007,6.80165017216953,9.0158531639832,9.99410717731988,9.01585316400281,4.64364753170899,4.38537215080669,13.639769068368,11.6904206321271,11.6904206321271,8.55324875580896,4.78930902284538,2.75337670990851,8.55324875576583,28.6578102270771,3.86403781249465,16.0756567430629,5.12992718518568,4.84179435491167,6.18326886334844,3.86403781249465,4.84179435491167,3.86403781249465,3.21504978394914,4.84179435491167,3.86403781249465,3.86403781249465,3.86403781249465,4.16654887466499,4.84179435491167,3.86403781249465,3.86403781249465,3.86403781249465,3.86403781249465,5.12992718518568
9.38336594319144,7.85173507730875,6.57498266017003,10.9669195327634,8.59264065588314,8.18577585350807,10.6115090684468,9.25101032272228,8.00446365032659,9.09829820066604,8.32724187678054,11.2178627886223,10.0880308780842,11.3954736434761,4.54737409403518,4.8405853906941,6.79629419772001,9.04888786881993,10.3928927348259,9.0488878684892,5.01597991329922,4.31436136022831,12.1231443858967,12.1386038579564,12.1386038579564,8.68379733884258,4.60334784673566,2.70326159501191,8.68379733884258,31.1661111932251,3.79302989359032,16.7480552101945,5.41837666971013,5.63342638538357,6.08288818641156,3.79302989359032,5.63342638538357,3.79302989359032,3.26281073025999,5.63342638538357,3.79302989359032,3.79302989359032,3.79302989359032,4.24264654410204,5.63342638538357,3.79302989359032,3.79302989359032,3.79302989359032,3.79302989359032,5.41837666971013
9.69569285298871,7.55717368649773,6.43550580376452,11.4094657682179,8.89278099222144,8.37825500577981,10.8782640155164,9.62489422727804,7.95909731420806,9.65259026860725,8.17497560879232,11.6780752927395,10.5540143743276,11.818809861292,4.42266833141441,4.89222041048175,6.79856651502997,9.0062537207608,10.8887346957664,9.00625372071232,4.754007868402,4.28179346007444,12.9357090660212,12.7310422478684,12.7310422478684,8.61643380049166,4.40909285340525,2.50441775386347,8.61643380049638,29.3090841714437,3.49997760755876,17.6668081895711,5.61826287256004,4.8977052904088,6.03106998931055,3.49997760755876,4.8977052904088,3.49997760755876,3.17101178083705,4.8977052904088,3.49997760755876,3.49997760755876,3.49997760755876,3.98233125736199,4.8977052904088,3.49997760755876,3.49997760755876,3.49997760755876,3.49997760755876,5.61826287256004
9.97502577882595,7.75544000478572,6.64761664903666,11.7155933628767,9.18773283856063,8.52962754136183,10.9651220418092,9.65832741093578,8.1486801224675,10.0658295580841,8.3972936529106,11.756874916714,10.5811662664348,11.940146734492,4.62490449578298,4.76658557265829,6.98896261886085,9.21872636276685,10.8483350208427,9.21872636281319,4.87199944004428,4.33461828619895,13.6121710588245,12.7524078144817,12.7524078144817,8.7327391570563,5.12688505519528,2.88355560529066,8.73273915702663,30.0513029646142,4.03568649712957,17.5780425517546,5.27406819330017,5.20634730722294,6.10208714270669,4.03568649712957,5.20634730722294,4.03568649712957,3.26286077084283,5.20634730722294,4.03568649712957,4.03568649712957,4.03568649712957,4.73563791656322,5.20634730722294,4.03568649712957,4.03568649712957,4.03568649712957,4.03568649712957,5.27406819330017
9.96666820506041,7.85581240976245,6.80793250182369,11.2549430339526,8.91294020214409,8.16253841600176,10.7713620782236,9.1376090434444,8.33427180080534,10.2760938936663,8.67943016255237,11.3419112810952,9.99968289781297,11.5167590537102,4.35185357798594,4.83590039103191,7.01282703411482,9.46796376770226,10.2941273689715,9.46796376834037,4.93799645316051,4.13913535859985,13.8579007043528,12.0640866198304,12.0640866197711,9.0036274260007,4.86194443914188,2.66439045337866,9.00362742651481,32.5236827662487,3.73057900946572,16.6494661500227,5.17940174327896,5.69276377496203,5.8297494980926,3.73057900946572,5.69276377496203,3.73057900946572,2.9853189189462,5.69276377496203,3.73057900946572,3.73057900946572,3.73057900946572,4.6454852704158,5.69276377496203,3.73057900946572,3.73057900946572,3.73057900946572,3.73057900946572,5.17940174327896
10.1088760400886,7.88316397846691,6.90373962276349,11.9846736060066,9.36943664608892,8.62831216251215,11.3936300886876,9.89970388646659,8.57371922971754,9.8667927473482,8.7606981161239,12.1388206668154,10.8961913615246,12.3142714566762,4.55492897201314,4.67317871758193,7.08718629994529,9.72006380752786,11.1230909710636,9.72006380754683,4.65340237966503,4.24456894176388,13.3175245758349,13.1454015115438,13.1454015115438,9.33154403245554,4.8440348856486,2.83219117072374,9.33154403246849,30.2225503567089,3.9784476555697,18.1610405231705,5.05691644012383,4.85403973368254,5.98493981617279,3.9784476555697,4.85403973368254,3.9784476555697,3.25483875673314,4.85403973368254,3.9784476555697,3.9784476555697,3.9784476555697,4.42640993848045,4.85403973368254,3.9784476555697,3.9784476555697,3.9784476555697,3.9784476555697,5.05691644012383
9.23460608541242,7.85106037562823,6.67931307829027,11.187339194648,9.04690965068227,7.82391833140582,10.5190980312438,8.81074643069382,8.29632754409834,8.86911094314488,8.50654468571106,10.8536953398279,9.62848408952406,11.0166856617632,4.28205678309267,4.77440104861862,6.74883132267034,9.40484410659867,9.93664741377581,9.40484410629681,4.64725744347228,4.03951641391304,11.7688244985733,11.579631676916,11.579631676916,9.20354564749254,4.76056825871585,2.5384986294636,9.20354564750774,30.4860887780778,3.55678275609121,15.9847055723095,5.29587527027801,4.90853271366616,5.69201279391215,3.55678275609121,4.90853271366616,3.55678275609121,3.15559982882239,4.90853271366616,3.55678275609121,3.55678275609121,3.55678275609121,4.54085201189021,4.90853271366616,3.55678275609121,3.55678275609121,3.55678275609121,3.55678275609121,5.29587527027801
9.52060671038999,7.6788172783684,6.56861570082242,11.2302419296805,8.62466976747428,8.48657447282326,10.9117787880786,9.60291686224885,8.04245630364499,9.09660727276429,8.35315643916919,11.7058447980262,10.4868720446478,11.8528437750783,4.53305378067465,4.85292028592413,6.93095986992351,9.11334685591958,10.8050652693334,9.11334685573642,4.93158094804454,4.42580454813613,12.120200413874,12.6568424364522,12.6568424364522,8.60405796158868,4.81933520668168,2.58504076927272,8.60405796153597,30.1340302834729,3.62433673933084,17.5284076778625,5.46630045184674,5.47222466576424,6.24082451480065,3.62433673933084,5.47222466576424,3.62433673933084,3.09208848320115,5.47222466576424,3.62433673933084,3.62433673933084,3.62433673933084,4.06094040003959,5.47222466576424,3.62433673933084,3.62433673933084,3.62433673933084,3.62433673933084,5.46630045184674
9.93165462996807,7.90100168467345,6.64985307924878,11.6209124058046,9.11765568914141,8.51364999428358,10.9173656426679,9.62279947328008,8.09469865451656,10.0703471750844,8.41595907208559,11.6780594031245,10.5247707053417,11.8648729822535,4.62054006110083,4.91071742946231,6.9104550463395,9.15664517458328,10.7861036345685,9.15664517433229,4.98191431360598,4.37915040956309,13.5169532459196,12.6839034416475,12.6839034416475,8.68734963210345,4.90483385009877,2.79905195538805,8.68734963264665,31.7032782787584,3.92438328537031,17.502476512097,5.22227916324656,5.63786127829527,6.1713854536378,3.92438328537031,5.63786127829527,3.92438328537031,3.24968265563981,5.63786127829527,3.92438328537031,3.92438328537031,3.92438328537031,4.52495943533436,5.63786127829527,3.92438328537031,3.92438328537031,3.92438328537031,3.92438328537031,5.22227916324656
10.0168292434777,7.78764907081601,6.78844009403665,11.8610324733988,9.17253011878699,8.81353161675304,11.3046981930479,9.98594883267341,8.28716469989159,9.72454994585358,8.61665896057138,12.0831381852375,10.8894827733385,12.2661388030462,4.77425471536748,4.76633383750027,7.00580212749222,9.40439402765232,11.1470476287814,9.40439402659594,4.96430058068686,4.66183721291101,13.0958713109316,13.1598641742559,13.1598641742559,8.95422756443132,5.06993978526729,2.84786731978398,8.95422756496395,29.690143285865,3.98441919041106,18.1807302542958,5.13794048145715,5.62664846664421,6.56679648937375,3.98441919041106,5.62664846664421,3.98441919041106,3.06295773654891,5.62664846664421,3.98441919041106,3.98441919041106,3.98441919041106,4.81157012752109,5.62664846664421,3.98441919041106,3.98441919041106,3.98441919041106,3.98441919041106,5.13794048145715
9.52983488799526,7.73191914889145,6.67390052907708,11.2865801757448,8.95622972718736,8.14765245061814,10.7923859921086,9.23464059596119,8.22147076806192,9.240423516267,8.53349959669425,11.1893895566558,10.1072791419417,11.3308197591323,4.27720048177254,4.84265572106455,6.56342048532036,9.33640093684865,10.45495835033,9.33640093633137,4.88088224642636,4.17734371340956,12.3293954777764,12.1988892141227,12.1988892141227,9.32618317819318,4.40367231462571,2.41251868665112,9.32618317824353,34.5061284743303,3.37344633881888,16.918715282205,5.50512166402911,5.45728766931033,5.88564787025475,3.37344633881888,5.45728766931033,3.37344633881888,2.9768575218633,5.45728766931033,3.37344633881888,3.37344633881888,3.37344633881888,4.18432277815848,5.45728766931033,3.37344633881888,3.37344633881888,3.37344633881888,3.37344633881888,5.50512166402911
10.1084790862376,8.10685453112208,6.76433844403747,11.9003933551529,9.27331007578842,8.67031117982938,11.2270501685844,9.86500049947146,8.29486950109565,10.0356046649871,8.5822086469543,11.9129095589728,10.8328443367058,12.1082044821152,4.57077101794804,4.77448370256335,6.81496593078069,9.423399848648,11.0958699188244,9.42339984925308,4.86384077844882,4.32762046119304,13.5721544943045,13.1007865194262,13.1007865194262,9.21452734984524,5.00888257742307,2.90386232955484,9.2145273501601,35.868845980737,4.0784070742997,18.0729384784863,5.11035127674287,5.31241666121419,6.10131431676117,4.0784070742997,5.31241666121419,4.0784070742997,2.96904478558979,5.31241666121419,4.0784070742997,4.0784070742997,4.0784070742997,4.80914404619995,5.31241666121419,4.0784070742997,4.0784070742997,4.0784070742997,4.0784070742997,5.11035127674287
9.81450243522828,7.5922403577959,6.4585504054054,10.9426548531716,8.56397151551848,8.12728693138302,10.5382181124705,9.19608124379117,7.91552950385844,10.3710952998764,8.17194495076224,11.0605180271862,10.0179890777443,11.262101054176,4.53877530553234,5.06399985972018,6.69228126857843,8.9742483889233,10.3666884480772,8.97424838896053,4.8800289470679,4.32772518512816,13.9685282596698,12.084757483323,12.084757483323,8.75156450705142,4.90577842298058,2.81624255929034,8.75156450740738,33.3786465298899,3.94931590606229,16.6274000156859,5.50747466715894,5.05114010750336,6.09871567263688,3.94931590606229,5.05114010750336,3.94931590606229,3.00155278081989,5.05114010750336,3.94931590606229,3.94931590606229,3.94931590606229,4.49052965595435,5.05114010750336,3.94931590606229,3.94931590606229,3.94931590606229,3.94931590606229,5.50747466715894
9.20828164260902,7.69243832300143,6.54432244947043,11.0713668696124,8.80419229733438,7.91371085993419,10.5244835283584,8.93238225041562,8.12239437539768,8.74769147848516,8.34860219363756,11.1342154185644,9.77570972053583,11.2808167887742,4.21135741524029,4.61597894293639,6.93718184772973,9.22727568131237,10.1122092431794,9.2272756819647,4.62584083843961,4.04504784248038,11.7161766705263,11.7945339179472,11.7945339179472,8.71427691760447,4.77201582832271,2.50449550861738,8.71427691766224,32.0819580588723,3.50410877492403,16.3078975077372,5.34281331352066,4.83434869071418,5.69745582752793,3.50410877492403,4.83434869071418,3.50410877492403,2.90973639799161,4.83434869071418,3.50410877492403,3.50410877492403,3.50410877492403,4.46730509459118,4.83434869071418,3.50410877492403,3.50410877492403,3.50410877492403,3.50410877492403,5.34281331352066
9.99997056661072,7.92185799813391,6.69988721511181,11.6717440287632,9.16084761975633,8.40306534689924,10.9492813202092,9.48818955967098,8.23857498406301,10.1032369447008,8.53863986551355,11.7176775696949,10.446030011326,11.8630499413058,4.28297806487418,4.56132934856721,6.8662425488108,9.33784945459581,10.6740338186108,9.33784945460126,4.71825406545522,4.0646368683271,13.6513356670068,12.5989140892347,12.5989140892347,8.85645303623798,4.79242340523993,2.51820959640947,8.8564530362687,28.8046886451874,3.51798268774462,17.470851166435,4.93484393658498,5.48251379137682,5.72176766743708,3.51798268774462,5.48251379137682,3.51798268774462,3.14901764825071,5.48251379137682,3.51798268774462,3.51798268774462,3.51798268774462,4.52149118220657,5.48251379137682,3.51798268774462,3.51798268774462,3.51798268774462,3.51798268774462,4.93484393658498
9.57999011614786,7.73512160869854,6.42442615293208,11.0445124856365,8.72563718072278,8.00313080745322,10.4915331110072,9.13577616181181,7.93532331260707,9.84269328030763,8.12147272047125,11.0308415045386,9.95862806298571,11.210317949895,4.51691423706966,4.57703557215423,6.57578210321495,8.9701771126411,10.2047061861696,8.97017711348195,4.55403374812286,4.27235092525379,13.3035770737965,11.9800819693538,11.9800819693538,8.70175467801418,4.60511342323746,2.70208691459775,8.70175467754297,34.0286985273714,3.79587766496839,16.5125758683367,5.03635560658887,4.73748708525814,6.02609758950746,3.79587766496839,4.73748708525814,3.79587766496839,3.23793778560304,4.73748708525814,3.79587766496839,3.79587766496839,3.79587766496839,4.08173507916464,4.73748708525814,3.79587766496839,3.79587766496839,3.79587766496839,3.79587766496839,5.03635560658887
9.72872156868132,7.8008077164441,6.54729193967311,11.7739390943449,8.9524989188632,8.8215041848047,11.1355778352045,9.98825488903144,7.96109432265166,9.10172216729793,8.32202068660046,12.102044074674,11.0534639071488,12.2418402574543,4.29808935024388,4.58693638370062,6.66213097357854,9.0152807207652,11.3147624267874,9.01528072063326,4.95358012008975,4.04406879980336,12.2265136007762,13.3581036905745,13.3581036905745,8.69142711358685,4.89107073456239,2.58461060319137,8.69142711342636,32.5782266354071,3.6318896873185,18.5384395221404,5.21730214697045,5.76221431197111,5.70448443055029,3.6318896873185,5.76221431197111,3.6318896873185,3.11259839511553,5.76221431197111,3.6318896873185,3.6318896873185,3.6318896873185,4.12134130412058,5.76221431197111,3.6318896873185,3.6318896873185,3.6318896873185,3.6318896873185,5.21730214697045
9.96399187774743,7.50052154591155,6.63978360198967,11.8013152082983,9.0141017575339,8.74598473905414,11.2248135773067,9.99498419292935,8.10021636322795,9.59314689944832,8.44195145783297,12.1869927009666,11.0827781450558,12.3528065571692,4.25871712398178,4.57937558662181,6.76565128842017,9.1952075018604,11.3204004746035,9.19520750202413,4.85328843015962,3.96123309211932,12.9549787548815,13.4110052566424,13.4110052566424,8.81992862288859,4.60620078612938,2.7155919197142,8.81992862306459,29.3785214019051,3.80638947367835,18.5803363044152,4.97603107168033,5.60477787290637,5.57889086862263,3.80638947367835,5.60477787290637,3.80638947367835,2.96595126597259,5.60477787290637,3.80638947367835,3.80638947367835,3.80638947367835,4.22439270535605,5.60477787290637,3.80638947367835,3.80638947367835,3.80638947367835,3.80638947367835,4.97603107168033
9.99349376100387,8.10766910949543,6.96742026478977,12.2988463383616,9.56750940081885,8.95035376963494,11.7111527962328,10.2333483780815,8.64910833666171,9.14962065959194,8.90494950385977,12.4316043142467,11.2232108789634,12.5571439790238,4.59873042531538,4.80741864207461,7.02371601512936,9.8185931021108,11.5237220552254,9.81859310204459,4.86154383172708,4.53929154288646,12.2158014538026,13.5638633828462,13.5638633828462,9.59483712143537,4.80746800566225,2.51141769912569,9.59483712143537,35.1006305475634,3.52312189544571,18.8616459990949,5.52276959809654,5.29068445779064,6.40381328238826,3.52312189544571,5.29068445779064,3.52312189544571,3.16571924352872,5.29068445779064,3.52312189544571,3.52312189544571,3.52312189544571,4.16907327770703,5.29068445779064,3.52312189544571,3.52312189544571,3.52312189544571,3.52312189544571,5.52276959809654
9.88185981401973,8.03429292861411,7.00669659427873,11.715504391496,9.52312067142077,8.18868006927088,11.0639283015119,9.27688294894285,8.68677680289178,9.85773311111905,8.92210745093273,11.3922307660401,10.0778175257887,11.5831751760533,4.63572385846886,5.00678639628001,7.19158185785666,9.87791804900169,10.4561309918206,9.87791804860522,4.96366114292565,4.46621089806811,13.2779255802137,12.1568196434775,12.1568196434775,9.63791240045787,4.90866572516235,2.84001973211533,9.63791240070385,34.4933304600404,3.97415239286242,16.7265075849708,5.69403239023915,5.06932793331511,6.28956449347961,3.97415239286242,5.06932793331511,3.97415239286242,3.01930951404252,5.06932793331511,3.97415239286242,3.97415239286242,3.97415239286242,4.03440437153691,5.06932793331511,3.97415239286242,3.97415239286242,3.97415239286242,3.97415239286242,5.69403239023915
9.61616168090224,7.38934500182988,6.27280404050977,11.0463453807993,8.60099553910287,8.10775634799405,10.4147823371656,9.19769605863685,7.67165639791697,9.89351171600391,7.95782005158535,11.1409721430674,10.1224908522823,11.2976338244331,4.20095370093023,4.5456297592253,6.40329762363055,8.67695553524537,10.3830843532712,8.67695553524348,4.66940053714198,3.94866600839688,13.3785054040915,12.2036614814851,12.2036614814851,8.39141452288521,4.5269454894245,2.50897097269315,8.3914145228143,33.4541087274821,3.52129115100255,16.8963517188937,5.05676032730261,5.23831714974673,5.56739606030973,3.52129115100255,5.23831714974673,3.52129115100255,3.09003217068188,5.23831714974673,3.52129115100255,3.52129115100255,3.52129115100255,4.27228879624256,5.23831714974673,3.52129115100255,3.52129115100255,3.52129115100255,3.52129115100255,5.05676032730261
9.3547186824606,7.8353329443773,6.58694815696141,11.1501004003049,8.89204540296151,8.01640406888108,10.6488709314826,9.08332137509861,8.1763737638289,9.07813859883061,8.39155491928207,11.1758098569638,9.849885874579,11.3285281951721,4.49754847554456,4.83643836820219,6.96743209914985,9.28566478585087,10.2031978752546,9.28566478592258,4.68935509739583,4.43224421483354,12.1183111713344,11.8816245257072,11.8816245257072,8.83174800196412,4.77057136784553,2.5789630817342,8.83174800224595,28.9105536312434,3.6026337715013,16.4124602097446,5.47599376733753,4.79630312666945,6.24230734774221,3.6026337715013,4.79630312666945,3.6026337715013,2.95592831782798,4.79630312666945,3.6026337715013,3.6026337715013,3.6026337715013,4.61572264498094,4.79630312666945,3.6026337715013,3.6026337715013,3.6026337715013,3.6026337715013,5.47599376733753
9.5565183074536,7.73997518792075,6.72274389044518,11.3071200740194,8.88507131199765,8.35596083032422,10.9562407700798,9.53163825604482,8.2699116273017,9.1088779533548,8.51428896276693,11.3876591205959,10.3907805674174,11.5666885579425,4.67446318850467,5.00797804241105,6.73090794912911,9.35968007517458,10.733196116578,9.35968007549547,4.99720717695855,4.46167157140803,12.1171501708081,12.5132527503492,12.5132527503492,9.34474820503577,4.67254443266326,2.79708468581857,9.34474820447495,35.0252278623798,3.91348025664711,17.2597417643798,5.69542012993071,5.21182600968968,6.28354758549704,3.91348025664711,5.21182600968968,3.91348025664711,3.27916103391801,5.21182600968968,3.91348025664711,3.91348025664711,3.91348025664711,4.54769610563038,5.21182600968968,3.91348025664711,3.91348025664711,3.91348025664711,3.91348025664711,5.69542012993071
9.41550876954969,8.08558957469361,6.7088799190746,11.240712292466,9.04147972882634,8.06689641703255,10.5801053851723,9.03855311193757,8.17940155471069,9.22566433725115,8.50590876433832,10.9244338373786,9.81854840717819,11.1385500508547,4.58064120484559,4.74241529973017,6.75196386763041,9.27861899542056,10.1373532159437,9.27861899566624,5.01952765913834,4.35080604554666,12.4119555323259,11.8299666982005,11.8299666982005,9.10953409715984,4.92881674676086,2.85795691164813,9.10953409674636,31.8428355975284,4.0057622204738,16.2437011197741,5.33034859588232,5.57926317153769,6.12950311342445,4.0057622204738,5.57926317153769,4.0057622204738,3.0543219825784,5.57926317153769,4.0057622204738,4.0057622204738,4.0057622204738,3.94288854538052,5.57926317153769,4.0057622204738,4.0057622204738,4.0057622204738,4.0057622204738,5.33034859588232
9.78831435888202,7.6013925761514,6.64633321200869,11.5581519042723,8.99486496599613,8.56940940139758,11.0261850314946,9.71883934656869,8.14981300606431,9.62506354771756,8.41178310197872,11.7068501644584,10.6043482723969,11.8886020062598,4.70357751413207,4.99712726887792,6.91137858070169,9.23675431968767,10.9299828718116,9.23675431957091,4.96679414778101,4.51493305259342,12.9008412748108,12.7995549934963,12.7995549934963,8.93241504460803,5.09299377566627,2.86909122001327,8.93241504458522,34.7593595153759,4.02123466878371,17.6485353739791,5.54569725572459,5.2040159812493,6.36218033299669,4.02123466878371,5.2040159812493,4.02123466878371,3.11809661649664,5.2040159812493,4.02123466878371,4.02123466878371,4.02123466878371,4.55596449319418,5.2040159812493,4.02123466878371,4.02123466878371,4.02123466878371,4.02123466878371,5.54569725572459
10.1234959880212,7.8784363242545,7.01351590739209,11.794035585336,9.55222548181879,8.30446420353617,11.1210528882298,9.42053142959222,8.66957626066843,10.3509418436681,8.90944087866383,11.5631887639542,10.2486840281181,11.7641069536801,4.70763269466337,5.06322033367445,7.28182013109288,9.83177470233376,10.5965517366628,9.83177470123115,5.0288776058113,4.47918072085406,13.9528668956713,12.3382850229319,12.3382850229319,9.46720158356553,4.85936509734604,2.84348537814359,9.46720158408234,30.8749140640066,3.99178934037454,16.9875414692475,5.69296497814595,5.24645774607388,6.31599090550702,3.99178934037454,5.24645774607388,3.99178934037454,3.26472746607418,5.24645774607388,3.99178934037454,3.99178934037454,3.99178934037454,4.31632442149757,5.24645774607388,3.99178934037454,3.99178934037454,3.99178934037454,3.99178934037454,5.69296497814595
9.7205445022793,7.87585284677285,6.82174197696188,11.5009046656267,8.92034928919479,8.50919397917801,11.2144588255585,9.72753226505093,8.40896634791917,9.0631302445223,8.68515916240843,11.8937829659699,10.6644179077682,12.0633240665401,4.51262930817697,4.78424328880545,7.03315242384867,9.55830827785455,10.9803393744259,9.55830827861381,4.897161257166,4.33146984259462,12.153984967337,12.8927150510846,12.8927150510846,9.21918158357971,4.6541215681521,2.76354797392827,9.21918158453148,31.2022084135724,3.87827243249582,17.817242881346,5.40917164273049,5.25800279400481,6.10673413195626,3.87827243249582,5.25800279400481,3.87827243249582,2.95933702479379,5.25800279400481,3.87827243249582,3.87827243249582,3.87827243249582,4.61601704209486,5.25800279400481,3.87827243249582,3.87827243249582,3.87827243249582,3.87827243249582,5.40917164273049
9.34126927836696,8.00984311684314,6.79600861606565,10.9938927466966,8.88400143702944,7.87202478866924,10.5995238289693,8.86335456440914,8.3929919560934,9.08674778925954,8.65720586088182,10.7918266405111,9.57041264421258,10.9387756910994,4.57224216851032,4.70943153798978,6.72468446713393,9.50028863906261,9.86542267429574,9.50028863912038,4.81200948615066,4.45871156191116,12.1075469971945,11.4841904414296,11.4841904414296,9.36870869010022,4.5169461010793,2.50190578331615,9.36870869013825,34.4748047278341,3.49765526081532,15.8587442828483,5.31133978737305,5.38726366682957,6.28312451104567,3.49765526081532,5.38726366682957,3.49765526081532,3.31734339072225,5.38726366682957,3.49765526081532,3.49765526081532,3.49765526081532,4.10472340182476,5.38726366682957,3.49765526081532,3.49765526081532,3.49765526081532,3.49765526081532,5.31133978737305
10.1000701038885,7.71778840138784,6.71129568123572,11.7674811572613,9.21115600646153,8.6779250058399,11.1642468974041,9.85191827419626,8.21307824554931,10.1507228589964,8.52814166817242,11.8400007941175,10.7415480515128,11.9898441182622,4.69631216255735,4.86420347787535,6.85173939811835,9.29209457686251,11.0605262316505,9.2920945766192,5.06023096825747,4.60534283478881,13.6988539951786,12.9494242640142,12.9494242640142,9.03080037934308,4.7426974103872,2.60680354990653,9.03080037934308,32.548982462826,3.64341303349445,17.9470615255318,5.62581558595456,5.64744165117117,6.48872891032049,3.64341303349445,5.64744165117117,3.64341303349445,3.28432417149666,5.64744165117117,3.64341303349445,3.64341303349445,3.64341303349445,4.55081798780982,5.64744165117117,3.64341303349445,3.64341303349445,3.64341303349445,3.64341303349445,5.62581558595456
9.68742209804589,7.46226009364511,6.42445019223544,11.3082365894504,8.44533917462899,8.7620708743244,11.0919832276189,10.020042819037,7.82268414588016,9.14036445515802,8.15870066378389,12.0496204650066,11.0120311816557,12.2046072734924,4.48032834754307,4.69133287950122,6.73163934242556,8.86817660441925,11.3353847003586,8.8681766044195,4.98007903886277,4.36232062187262,12.3167185949375,13.3226985541279,13.3226985541279,8.48713940997136,4.59752720336296,2.62852542253969,8.48713941040986,33.7891790919766,3.68338314255584,18.4781725526607,5.52340720371288,5.50705200326729,6.14902354287026,3.68338314255584,5.50705200326729,3.68338314255584,2.97347135035462,5.50705200326729,3.68338314255584,3.68338314255584,3.68338314255584,4.27859319648923,5.50705200326729,3.68338314255584,3.68338314255584,3.68338314255584,3.68338314255584,5.52340720371288
9.8724551184011,8.06170331961684,6.72957368168121,11.4909643573992,8.88727622123449,8.49183931839303,11.1842756585235,9.74772732425275,8.3329363111473,9.58950951171061,8.56695469476042,11.7420028426766,10.6815357292868,11.9053642109789,4.51071886825101,4.88430059153711,6.69134322003741,9.46272873528826,10.9740963116228,9.46272873513987,4.73275039712758,4.35871107442853,12.8339505961803,12.9069103503554,12.9069103503554,9.39579968841103,4.57076709495545,2.67609392386635,9.39579968772959,33.3628077469756,3.75811751258237,17.860911004534,5.30378504706657,4.99428073813948,6.14800855525069,3.75811751258237,4.99428073813948,3.75811751258237,3.01951932618198,4.99428073813948,3.75811751258237,3.75811751258237,3.75811751258237,4.83000632228199,4.99428073813948,3.75811751258237,3.75811751258237,3.75811751258237,3.75811751258237,5.30378504706657
9.71876296014824,7.63534848030741,6.7373754891429,11.1649848035479,8.97937118000907,7.95391660596943,10.6141827533009,8.95757814179645,8.29744927056401,9.90468512919721,8.56625186841517,11.0649184788207,9.817700314993,11.2615236217716,4.31334837701272,4.90935061536844,7.01288162632339,9.42276142010043,10.2041241567084,9.42276142025993,4.97943616732424,4.00047568216301,13.3849877824592,11.8354200502729,11.8354200502729,9.11170134261715,4.82048482355902,2.75711585373361,9.11170134271244,31.873340168013,3.87206312257263,16.2834834893203,5.6772228674282,5.21153904436653,5.63899704783463,3.87206312257263,5.21153904436653,3.87206312257263,3.00386849782746,5.21153904436653,3.87206312257263,3.87206312257263,3.87206312257263,4.28334848849602,5.21153904436653,3.87206312257263,3.87206312257263,3.87206312257263,3.87206312257263,5.6772228674282
9.3525282234596,7.78923298980646,6.6209057360185,11.1197337102941,8.80162258520148,8.05383793374572,10.5723729513272,9.01747235205912,8.12533514264653,8.94904279401345,8.44464025054626,11.0607026216442,9.8975165050133,11.2095951298503,4.19483426416682,4.70386505818999,6.66622123079331,9.21972915669289,10.22514587854,9.21972915623418,4.87968842325997,3.97197077818825,11.9602099319757,11.9334149198758,11.9334149198758,9.02460945365951,4.79813576244794,2.50425035701969,9.02460945420413,32.2503209488903,3.51443965903146,16.5079176899774,5.37061630252743,5.49905026217752,5.60038797875317,3.51443965903146,5.49905026217752,3.51443965903146,3.01229249705728,5.49905026217752,3.51443965903146,3.51443965903146,3.51443965903146,4.65018263722015,5.49905026217752,3.51443965903146,3.51443965903146,3.51443965903146,3.51443965903146,5.37061630252743
9.69253335960005,7.67017365104599,6.62987237287037,11.661906234082,8.89550570121325,8.72170343197298,11.2751358662689,10.0197367000551,8.17240808056364,8.94991565113884,8.41744480921517,12.1572990426788,11.0591833426693,12.3221265187283,4.42025621607111,4.80419056172478,6.91208584975752,9.27365185221069,11.3810061010887,9.27365185236459,4.86557947518654,4.18344773679011,11.9922837383604,13.3751236612637,13.3751236612637,8.95199370541958,4.70191704025994,2.75028604978922,8.95199370544064,30.1603308355677,3.84645595911818,18.5201222418339,5.55077917820395,5.04129126457626,5.88820065032588,3.84645595911818,5.04129126457626,3.84645595911818,3.02476658972485,5.04129126457626,3.84645595911818,3.84645595911818,3.84645595911818,3.99671005434002,5.04129126457626,3.84645595911818,3.84645595911818,3.84645595911818,3.84645595911818,5.55077917820395
9.60817406895673,7.4577204095835,6.61016557690413,11.4065792493868,8.81941434782433,8.49089834493689,10.9928427457831,9.68833773315418,8.11557630432695,9.12875504649282,8.38302423905277,11.8587408853216,10.6025831596737,12.0259235282816,4.5729665042629,4.79177693496364,7.04496699491128,9.18800864222925,10.8756303468137,9.18800864179693,4.82918959003324,4.38280658770822,12.1732763842541,12.7879520197986,12.7879520197986,8.55815528038614,4.66992182186708,2.69917025108095,8.55815527987524,30.9540081291444,3.7878779793931,17.685558516545,5.27001289702584,5.27660146880768,6.18034699687568,3.7878779793931,5.27660146880768,3.7878779793931,3.19233091736529,5.27660146880768,3.7878779793931,3.7878779793931,3.7878779793931,4.74785265482895,5.27660146880768,3.7878779793931,3.7878779793931,3.7878779793931,3.7878779793931,5.27001289702584
10.0335473149091,8.05926928526342,6.57630939320961,11.421208199605,8.84900408204899,8.47797463797482,11.0565211404123,9.73537282346969,8.13474687147865,10.2120313664686,8.35783623311652,11.6744999048426,10.5886694297949,11.8271219042431,4.685068247744,4.66772565560495,6.68889869342198,9.22227899924722,10.874503360914,9.22227899917284,4.68246365277606,4.63352991000463,13.8523363792376,12.7840585031006,12.7840585031006,9.01176328634679,4.5533812979091,2.62573179597443,9.01176328678972,31.7054873864319,3.68409478637484,17.7075142155156,5.28510018084707,4.92671099926393,6.53637712561342,3.68409478637484,4.92671099926393,3.68409478637484,3.09040479452457,4.92671099926393,3.68409478637484,3.68409478637484,3.68409478637484,4.5392333716982,4.92671099926393,3.68409478637484,3.68409478637484,3.68409478637484,3.68409478637484,5.28510018084707
9.60629839175834,7.75861838257507,6.56692364655225,11.2139342667738,8.64653555689849,8.35133518459666,10.8223356157792,9.43302822456939,8.04021306671669,9.23933776237337,8.38622297555889,11.4297667992261,10.3620646108808,11.5605375107773,4.24550503884591,4.5656084965239,6.47577859284651,9.12751603812899,10.6492010171238,9.1275160381009,4.82139444995223,4.13037506425327,12.422700525845,12.5197881893461,12.5197881893461,9.01325334522139,4.62492704333207,2.44126823843594,9.01325334522139,33.0966534157542,3.40775293594295,17.3749537692227,5.17104934154326,5.60222137117903,5.81512119903445,3.40775293594295,5.60222137117903,3.40775293594295,2.94003533228304,5.60222137117903,3.40775293594295,3.40775293594295,3.40775293594295,4.69642583287279,5.60222137117903,3.40775293594295,3.40775293594295,3.40775293594295,3.40775293594295,5.17104934154326
9.80866579326179,7.57106472535119,6.73131498764846,11.4307802988582,9.21175700141652,8.01386781607946,10.7635936952739,9.11672154096376,8.37463598662429,10.0291228286997,8.56453029857234,11.2299484286346,9.9400023401917,11.3891486096772,4.45376886017181,4.68792065565925,6.92128750541616,9.49160720852306,10.2255695425876,9.49160720847159,4.61415604229758,4.26349770272359,13.5440810575792,11.9612236802373,11.9612236802373,9.14586344342796,4.63363678047076,2.59937475042818,9.14586344359542,29.3827453399931,3.63287058067763,16.5217717538789,5.24774970098532,4.80986994719613,6.00348313297503,3.63287058067763,4.80986994719613,3.63287058067763,3.20442762907603,4.80986994719613,3.63287058067763,3.63287058067763,3.63287058067763,4.2787399349894,4.80986994719613,3.63287058067763,3.63287058067763,3.63287058067763,3.63287058067763,5.24774970098532
9.25936635736735,7.50838550440837,6.20054463278981,10.7396834661057,8.56741426984456,7.70374597711652,10.0988609812432,8.73501569041383,7.65816106352997,9.58722521309313,7.87672104443949,10.5506432567624,9.46974212256999,10.6983020777982,4.354612650892,4.45262589163086,6.31405967448786,8.668680442124,9.73744445908588,8.66868044207734,4.43011378769953,4.26596452929701,12.9457018541941,11.3989855163804,11.3989855163804,8.42555687986716,4.45676048286433,2.43031407550974,8.42555687994155,35.0875556094265,3.40210104150414,15.7587318429228,4.95683088251455,4.76795456463088,6.01340758019742,3.40210104150414,4.76795456463088,3.40210104150414,3.02529242266082,4.76795456463088,3.40210104150414,3.40210104150414,3.40210104150414,4.03949550643475,4.76795456463088,3.40210104150414,3.40210104150414,3.40210104150414,3.40210104150414,4.95683088251455
9.6973126827648,7.70305902362456,6.68517126784706,11.4077066471447,9.22447627050517,7.9709355810872,10.6342943791852,9.03059848130745,8.23756363563735,9.87995607194844,8.50549978233695,11.1211155446403,9.85191045566102,11.3062817002628,4.40720933264932,4.6307048113135,6.8573472073778,9.35359823649284,10.1283156904066,9.35359823672352,4.71557878258511,4.19943548379995,13.3599702649791,11.8793538266271,11.8793538266271,8.97773504688208,4.60318592162697,2.69406351985893,8.9777350465591,34.6209196080558,3.77849817082494,16.3690826977702,5.05215158633477,5.18733528971143,5.91892536988844,3.77849817082494,5.18733528971143,3.77849817082494,2.99317480471855,5.18733528971143,3.77849817082494,3.77849817082494,3.77849817082494,4.1117308448425,5.18733528971143,3.77849817082494,3.77849817082494,3.77849817082494,3.77849817082494,5.05215158633477
9.19808080960614,7.83869995330698,6.42337362057485,10.9773960645186,8.62696773673807,8.01230646998268,10.5297793855712,9.10878333447342,7.95450572999216,8.84396213312032,8.17593900138765,10.9682542222271,9.89876604943767,11.108682340588,4.44159955952381,4.57532438058458,6.40899375175831,9.01409914414209,10.170908379223,9.01409914476945,4.51906463669732,4.36494617959997,11.7978681805487,11.9296540845535,11.9296540845535,8.89313470470579,4.56095265725985,2.4602826485603,8.89313470477612,32.8501949048088,3.4530942336114,16.5134596442028,5.07120633545705,4.8605275354766,6.15836186917011,3.4530942336114,4.8605275354766,3.4530942336114,3.05510173031143,4.8605275354766,3.4530942336114,3.4530942336114,3.4530942336114,4.25262350268125,4.8605275354766,3.4530942336114,3.4530942336114,3.4530942336114,3.4530942336114,5.07120633545705
9.90590956979693,7.87946009053588,6.71932335655664,11.3941704865203,8.95305952116486,8.42254364896039,10.9183367931853,9.54040659153483,8.17586225824394,9.97234646167345,8.51191505861206,11.5820353898814,10.3753270470952,11.785372790177,4.73070384953995,4.85981018034465,7.02767116176161,9.27339806479452,10.6766239140679,9.27339806454704,5.06136609460975,4.54857295586308,13.4644649800981,12.5211869223057,12.5211869223057,8.79919254421234,4.81419904548759,2.90235226002406,8.79919254410778,33.5329646738819,4.07530796297453,17.2317265206111,5.33094688173801,5.64132953683698,6.4141536212663,4.07530796297453,5.64132953683698,4.07530796297453,3.06407091904461,5.64132953683698,4.07530796297453,4.07530796297453,4.07530796297453,4.72720072514839,5.64132953683698,4.07530796297453,4.07530796297453,4.07530796297453,4.07530796297453,5.33094688173801
10.0197806371017,7.48725294590285,6.40203818317942,11.5721819017195,8.67274939543861,8.91537497101054,11.1060143600649,10.1232310418252,7.75429683398049,10.0370376829373,8.0909118732478,12.0146257762209,11.0856304721152,12.1999807259106,4.69103346212166,4.84274680744249,6.60049641641018,8.78574770087533,11.3699655446854,8.78574770084384,4.97334296019017,4.55743500172555,13.5571676807957,13.4118746106261,13.4118746106261,8.50828035030318,5.12421791068895,2.83776428981891,8.50828035012348,35.0363706074136,3.97708095725238,18.5451551501019,5.30061081387341,5.50345340591045,6.42286250751395,3.97708095725238,5.50345340591045,3.97708095725238,2.99103803529216,5.50345340591045,3.97708095725238,3.97708095725238,3.97708095725238,4.62523001729652,5.50345340591045,3.97708095725238,3.97708095725238,3.97708095725238,3.97708095725238,5.30061081387341
9.37826761986604,7.60640371096493,6.55365177416735,11.2723251176969,8.97875605839767,8.14144212952019,10.6170506413573,9.20219074788627,8.05143995819184,9.07657415383169,8.32118921337326,11.1541572605907,10.0537130231338,11.2979633562695,4.43260443422834,4.8370845980618,6.69052018302196,9.09820559364134,10.3830595298005,9.09820559362732,4.90871664230653,4.2249609911036,12.0834926954139,12.0889123614126,12.0889123614126,8.87941175930197,4.62713379629065,2.52070207774718,8.87941175913729,31.0996528371416,3.53445122010791,16.7274784609387,5.58149783430874,5.35165804259086,5.95685696191793,3.53445122010791,5.35165804259086,3.53445122010791,3.31163559576658,5.35165804259086,3.53445122010791,3.53445122010791,3.53445122010791,4.42116158679917,5.35165804259086,3.53445122010791,3.53445122010791,3.53445122010791,3.53445122010791,5.58149783430874
9.81047056722254,7.67528910414937,6.91522701725205,11.7909619095045,9.05974670178061,8.77607390684957,11.4732743505772,10.0045249558817,8.56458828816001,8.98215498966095,8.79009404407266,12.2111607991764,10.9814459714002,12.390652637527,4.61945504066736,4.97282598120468,7.17692335314777,9.71667425566471,11.2829091352123,9.71667425613993,4.87823140749498,4.40596645932689,11.9150797767222,13.2595765631192,13.2595765631192,9.33497298687904,5.05946498490928,2.78495685341923,9.33497298675147,35.3922899882512,3.90778748922821,18.3403992035643,5.50418681649705,5.08173799940025,6.21157875730539,3.90778748922821,5.08173799940025,3.90778748922821,3.18791748427747,5.08173799940025,3.90778748922821,3.90778748922821,3.90778748922821,4.76231599311199,5.08173799940025,3.90778748922821,3.90778748922821,3.90778748922821,3.90778748922821,5.50418681649705
9.57823841908767,7.70853141160776,6.79813432880845,11.5370046379543,8.98462851883997,8.53217769389456,11.178161359195,9.69894472248989,8.38881691526223,8.86794056414054,8.64771574201961,11.8178608245864,10.5417569088867,11.9960990223043,4.72633448599732,4.75097185199085,7.09664553811366,9.53210121346549,10.8494987421389,9.53210121334427,4.84471193901772,4.64528593832268,11.8704435785608,12.7378559245905,12.7378559245905,9.0927130730986,4.95851852654402,2.78137542665263,9.09271307324975,33.0135605214961,3.90030241538012,17.5868335852048,5.35243604446604,5.15294556945218,6.5497204516087,3.90030241538012,5.15294556945218,3.90030241538012,2.98365481976596,5.15294556945218,3.90030241538012,3.90030241538012,3.90030241538012,4.24733853363843,5.15294556945218,3.90030241538012,3.90030241538012,3.90030241538012,3.90030241538012,5.35243604446604
9.83978620897101,7.45846585191731,6.57010137297959,11.3919887344653,8.75446337275054,8.4812223858164,10.988696909675,9.67215671701951,8.05128487765029,9.68848277380882,8.38430540392136,11.8286471607936,10.699795483643,11.9531388753726,4.14248989084141,4.85569880328666,6.73198451809007,9.13333344602311,11.0231823442647,9.13333344526146,4.92436581570747,3.93349236338885,12.9906081683416,12.9313570887816,12.9313570887816,8.83484646259894,4.36768572496766,2.44351505258102,8.83484646302634,30.479017092761,3.42345159555968,17.9665248979181,5.48568499619549,5.56192193774843,5.54300287761078,3.42345159555968,5.56192193774843,3.42345159555968,3.00587948986214,5.56192193774843,3.42345159555968,3.42345159555968,3.42345159555968,4.18411726347604,5.56192193774843,3.42345159555968,3.42345159555968,3.42345159555968,3.42345159555968,5.48568499619549
10.2557263920275,7.80189973924933,6.76475765056593,11.893823651113,9.05220645901664,8.95781801805224,11.5281101457528,10.2727519052794,8.30350685948411,10.0407224815396,8.59943174178403,12.5131745754371,11.3187066199081,12.6787170046535,4.54590551203559,5.00857644916927,7.18634301151402,9.42692448322608,11.660957001033,9.42692448432715,5.06644469341171,4.36594331182401,13.5392869914184,13.6959462741215,13.6959462741215,8.92950641155267,4.75161060186246,2.76978516559495,8.92950641125088,35.1031413750046,3.87464586457344,18.9764383255837,5.72631799521416,5.40396989209103,6.14759646932296,3.87464586457344,5.40396989209103,3.87464586457344,3.03138231862636,5.40396989209103,3.87464586457344,3.87464586457344,3.87464586457344,4.44412102302446,5.40396989209103,3.87464586457344,3.87464586457344,3.87464586457344,3.87464586457344,5.72631799521416
9.81803983240135,7.58490929166522,6.76308957148093,11.6141713731438,8.88431229261598,8.61920368866322,11.2529565554962,9.86968741559281,8.3820900666633,9.25443775829144,8.56177457327499,11.9454636274274,10.9178867186747,12.1259200546543,4.42723017050597,4.77368292326046,6.78838988194186,9.49116478304502,11.1774231584954,9.49116478285471,4.72304409835513,4.01611729830301,12.3969819493928,13.1687991271869,13.1687991271869,9.37936048497131,4.95396815994971,2.84341662461592,9.37936048494155,35.3315743182489,3.99510054200193,18.1896495368023,5.29037837438007,4.7929459442951,5.66123045593748,3.99510054200193,4.7929459442951,3.99510054200193,3.28486353991719,4.7929459442951,3.99510054200193,3.99510054200193,3.99510054200193,4.63680904008258,4.7929459442951,3.99510054200193,3.99510054200193,3.99510054200193,3.99510054200193,5.29037837438007
9.73648813415849,7.89866360227945,6.84166303993709,11.2423800704248,8.98435226691618,7.97641397245757,10.7940263006882,9.01180136073178,8.51795591147442,9.67448253171634,8.72981745402206,11.2163784942557,9.85192798037854,11.3651803561597,4.32995713060747,4.5635017311807,6.96481299876183,9.66571411230958,10.1304383362742,9.66571411170031,4.61255079539466,4.1189274924975,13.0620284855959,11.8586387141617,11.8586387141617,9.32774475438187,4.74104163783977,2.53793616734578,9.32774475434553,33.8912595772141,3.55330352159688,16.3890352470965,5.16107558465917,4.95619663682259,5.80316757803616,3.55330352159688,4.95619663682259,3.55330352159688,3.15314894918047,4.95619663682259,3.55330352159688,3.55330352159688,3.55330352159688,4.80989165186748,4.95619663682259,3.55330352159688,3.55330352159688,3.55330352159688,3.55330352159688,5.16107558465917
9.72577620645585,7.69688486953068,6.59314402219877,11.6335773913827,8.92767960446353,8.63925377503752,11.2085726320776,9.92953362681028,8.16401262513429,9.13551735988247,8.37491250619494,12.0802419779224,10.939430110703,12.2424407191728,4.42904628212992,4.92765273587374,6.96809046567417,9.2600994469772,11.2729068708338,9.26009944701708,4.79583208073999,4.22186415236879,12.1927786457238,13.2224382307224,13.2224382307224,8.86772494022289,4.70398963287815,2.68186943266497,8.86772494024935,29.163632239001,3.75680398453111,18.3179431091529,5.61928832219525,4.82806398434589,5.94807556625396,3.75680398453111,4.82806398434589,3.75680398453111,3.05871180104266,4.82806398434589,3.75680398453111,3.75680398453111,3.75680398453111,4.78415001265033,4.82806398434589,3.75680398453111,3.75680398453111,3.75680398453111,3.75680398453111,5.61928832219525
9.92848449863319,7.82335740795637,6.86400338155322,11.9312414633334,9.35352617900413,8.57095261942641,11.2294484937861,9.7536725339544,8.48253642422742,9.5892077969569,8.70234492338102,11.9206869941523,10.7574265440458,12.1044452040291,4.47403134125709,4.67829750456198,6.93073577106114,9.60308273603546,10.9702019079518,9.60308273628723,4.71914069278324,4.09816669523609,12.8752217506221,12.9618551942998,12.9618551942998,9.30306311322477,4.97417476151435,2.80406439402387,9.3030631130903,35.0409169929823,3.93903552879377,17.9016998688728,5.00266523064245,5.12525886412779,5.77763463432162,3.93903552879377,5.12525886412779,3.93903552879377,3.33965613644413,5.12525886412779,3.93903552879377,3.93903552879377,3.93903552879377,4.4095299374024,5.12525886412779,3.93903552879377,3.93903552879377,3.93903552879377,3.93903552879377,5.00266523064245
9.3319218146705,7.71789629243062,6.65898187926373,11.2103043420286,8.87323086262213,8.19103999469618,10.7032407581152,9.22636950491759,8.16983287624444,8.91508624895907,8.45276646474892,11.2236985555751,9.99033132395167,11.3921377336657,4.67046296301173,4.63869431809836,6.83929827783181,9.24922593868458,10.2494484346446,9.24922593898099,4.80473669842393,4.54390019747185,11.8982255766386,12.0225499319547,12.0225499319547,8.84354259590605,4.84437398867981,2.67079863742944,8.84354259588513,32.6435031876501,3.74637264884869,16.5860853419859,5.10546578125537,5.39958328779345,6.40824573835938,3.74637264884869,5.39958328779345,3.74637264884869,3.21526027137254,5.39958328779345,3.74637264884869,3.74637264884869,3.74637264884869,4.0351345636917,5.39958328779345,3.74637264884869,3.74637264884869,3.74637264884869,3.74637264884869,5.10546578125537
9.42852531673647,7.6701950770694,6.55734497390665,11.2793224829427,8.88473314866259,8.30681186802989,10.6765833146285,9.39075847669184,7.9676559638066,9.11792007075589,8.29651116983122,11.3590268311929,10.1906119736388,11.5377169323543,4.71476297003184,4.67503376284058,6.78321636206408,8.99387054321521,10.4089443796631,8.99387054269859,4.88619046091018,4.55061944576453,12.1385111058996,12.2535297560649,12.2535297560649,8.47312319198521,4.62789970907791,2.68389451539719,8.47312319169752,32.5729927386572,3.76866492650965,16.9154434081219,4.97555438910855,5.71544575737737,6.41985067568717,3.76866492650965,5.71544575737737,3.76866492650965,3.35687705304247,5.71544575737737,3.76866492650965,3.76866492650965,3.76866492650965,4.63244996550565,5.71544575737737,3.76866492650965,3.76866492650965,3.76866492650965,3.76866492650965,4.97555438910855
10.0050740900182,7.5487114807521,6.70330174208314,11.942238067671,9.2593701729169,8.67145333075489,11.3217465869089,9.9416961106362,8.29113581335087,9.63298152324331,8.56025312191514,12.274992740781,10.9892627027524,12.4085309861791,4.25048727595487,4.71419874009988,7.06232762947754,9.42818801863536,11.2974139015341,9.4281880190776,4.76714344629572,4.08383485151413,12.9991420704544,13.3044509845061,13.3044509845061,8.90991879109296,4.59423729587727,2.56293964699634,8.90991879086717,31.5386799851401,3.58331023200648,18.4717209304802,5.37527833817632,5.14232181308434,5.74981072271783,3.58331023200648,5.14232181308434,3.58331023200648,2.88077919675262,5.14232181308434,3.58331023200648,3.58331023200648,3.58331023200648,4.49412540506769,5.14232181308434,3.58331023200648,3.58331023200648,3.58331023200648,3.58331023200648,5.37527833817632
10.056374580449,8.24166726366106,6.82970079089649,11.7967131879145,9.3278147693296,8.50136247288811,11.2559222416623,9.72581886055469,8.46253743025464,9.916655888241,8.72400357058651,11.7345710110656,10.6373827177767,11.8807757655461,4.5013049619848,4.80652157193624,6.78540867952308,9.60869132474256,10.9885198147187,9.60869132473314,4.9024496264169,4.42349830507613,13.4021334697859,12.8452520891001,12.8452520891001,9.57861752269924,4.48401249918475,2.51136641662251,9.57861752300218,34.2591530369256,3.52027699352368,17.8209402850058,5.67937968451692,5.23970886098706,6.23826572861951,3.52027699352368,5.23970886098706,3.52027699352368,3.07838916806454,5.23970886098706,3.52027699352368,3.52027699352368,3.52027699352368,4.51285571214318,5.23970886098706,3.52027699352368,3.52027699352368,3.52027699352368,3.52027699352368,5.67937968451692
9.88499816517494,8.16237359214363,6.78436949709148,11.9179695154694,9.14321126204404,8.91523521698421,11.4827356806947,10.1900696370059,8.37306906567803,9.2640402284956,8.59396023858006,12.0844453145397,11.1241783800485,12.282251036778,4.85360144032645,4.94645861832746,6.78975683493228,9.49536720904517,11.4266471465777,9.49536720930656,4.89756752608911,4.70845017844122,12.3889372333134,13.4408352071714,13.4408352071714,9.46583396310676,5.15825154399017,2.90035610543756,9.46583396325934,31.1265434729152,4.07518170410957,18.5651742617768,5.5146408767826,4.99395363873638,6.64242058147473,4.07518170410957,4.99395363873638,4.07518170410957,3.15317532921315,4.99395363873638,4.07518170410957,4.07518170410957,4.07518170410957,4.46194654170955,4.99395363873638,4.07518170410957,4.07518170410957,4.07518170410957,4.07518170410957,5.5146408767826
9.57577486503683,7.80493785252747,6.84366664106666,11.4873133631954,9.18820367608863,8.17667076501961,10.8935097374761,9.23257118797875,8.48209905154262,9.2335231536953,8.701519316492,11.391628232504,10.0729856459865,11.5588481887049,4.52166436253873,4.83596334655132,7.06674155568789,9.61143451931774,10.366545184131,9.61143451845956,4.7780153235595,4.28918299781766,12.3084322585218,12.1196084524831,12.1196084524831,9.22172338444676,4.92849651593795,2.67813782905293,9.22172338475368,30.6285623017009,3.75775838478467,16.722541373876,5.35152123817974,5.07234012156971,6.04745924082126,3.75775838478467,5.07234012156971,3.75775838478467,3.26240385013135,5.07234012156971,3.75775838478467,3.75775838478467,3.75775838478467,4.53959011309906,5.07234012156971,3.75775838478467,3.75775838478467,3.75775838478467,3.75775838478467,5.35152123817974
10.0431617813891,7.8817577835579,6.73282126895494,11.6250339577157,9.08058427945765,8.39980092237381,11.1317529073293,9.60635484893788,8.37565164212662,9.99691386384317,8.595231032898,11.8485734812395,10.6112940528252,11.98624178175,4.19776175117389,4.74889623515623,6.95822265155479,9.52137290781728,10.9496485228374,9.52137290791931,4.72408943380086,3.9762585088646,13.5438071200923,12.8295001086407,12.8295001086407,9.22291044961476,4.66632370178391,2.56629893419305,9.22291044961476,31.133847778307,3.59032686917525,17.784389666041,5.52411639704082,4.85230450334711,5.59828007858966,3.59032686917525,4.85230450334711,3.59032686917525,2.9379790725357,4.85230450334711,3.59032686917525,3.59032686917525,3.59032686917525,4.59036391000564,4.85230450334711,3.59032686917525,3.59032686917525,3.59032686917525,3.59032686917525,5.52411639704082
9.52542184919369,7.28015873462735,6.52579906759923,11.2815363929943,8.77679434605133,8.30606845722135,10.7557061887622,9.37957791939674,8.02721179006008,9.15426056089276,8.31195966440036,11.5310775781358,10.3185795933821,11.6595671708658,4.23952576925514,4.64246229402982,6.82177623741037,9.09084498146114,10.6366528806523,9.09084498154632,4.82560770630237,4.04778320370792,12.2916368700429,12.4423490938106,12.4423490938107,8.65311238572906,4.75637640121742,2.44315716973983,8.65311238585602,32.0782098107836,3.4114550204617,17.2638661958441,5.45841371342765,5.33167345968115,5.69832468882129,3.4114550204617,5.33167345968115,3.4114550204617,3.13230214274957,5.33167345968115,3.4114550204617,3.4114550204617,3.4114550204617,4.55044731382702,5.33167345968115,3.4114550204617,3.4114550204617,3.4114550204617,3.4114550204617,5.45841371342765
9.33904494067956,7.7650665125498,6.81046521437986,11.0357987125561,8.96663010766107,7.84974224970039,10.6036163094466,8.85714585205875,8.42607851731227,9.07387322337293,8.65365427886933,10.804308855214,9.5664699930498,10.9844784175639,4.62517829045156,4.88838756201723,6.9067586253832,9.5449440676756,9.91017463994615,9.54494406705489,4.87303822992458,4.44160582150734,12.0830336025108,11.4866210316326,11.4866210316326,9.36001304162294,4.68777147251876,2.68939403191241,9.36001304194775,34.869276651541,3.77558810465708,15.7993661951216,5.54586527251023,5.12128659980219,6.26473698703888,3.77558810465708,5.12128659980219,3.77558810465708,3.267110673934,5.12128659980219,3.77558810465708,3.77558810465708,3.77558810465708,4.48836278857793,5.12128659980219,3.77558810465708,3.77558810465708,3.77558810465708,3.77558810465708,5.54586527251023
10.0521983495265,7.55757822111062,6.61961650399863,11.6176124485727,8.77569405065344,8.7363436376761,11.2708245786762,9.97079459259421,8.16221937678807,9.75397484354521,8.45597908855652,12.1660936670289,11.0283722006153,12.2844010787299,4.21542531923261,4.61199529533044,6.75651595653965,9.27323634126751,11.3283403298588,9.27323634058318,4.78423156419158,4.0623715962956,13.2074246096463,13.3490695765233,13.3490695765233,8.99016602611424,4.7027992707064,2.47193657586954,8.9901660261964,30.7634686519651,3.46495974053224,18.5583135939397,5.34964892529295,5.29547418768096,5.72653443621332,3.46495974053224,5.29547418768096,3.46495974053224,2.91716307039541,5.29547418768096,3.46495974053224,3.46495974053224,3.46495974053224,4.74240898245703,5.29547418768096,3.46495974053224,3.46495974053224,3.46495974053224,3.46495974053224,5.34964892529295
10.0710767035336,7.99381622565926,6.94653437803626,11.6685513868294,9.03707990289612,8.66762569856835,11.3279192709987,9.78984774691781,8.55267148128598,9.78871370738482,8.86086772895227,12.062632047905,10.7737696646729,12.2046329352062,4.42098288822693,4.82414223618116,7.18274940440005,9.69094519980764,11.1058826155128,9.69094520005656,5.08609362687701,4.2063223917902,13.189031495789,12.9881911869894,12.9881911869894,9.28043128878387,4.88530722414233,2.5373505437757,9.28043128855705,30.9084704825277,3.55507968511342,18.020161807862,5.71374801768101,5.68498368808742,5.92879084307631,3.55507968511342,5.68498368808742,3.55507968511342,3.29325049167334,5.68498368808742,3.55507968511342,3.55507968511342,3.55507968511342,4.06405047480562,5.68498368808742,3.55507968511342,3.55507968511342,3.55507968511342,3.55507968511342,5.71374801768101
9.52646713414358,7.62212364461633,6.64660491241,11.3368329495151,8.98047284867693,8.22136500662342,10.7056905557486,9.22650158814952,8.13227326690257,9.32469221147179,8.46541233414543,11.2887148721447,10.0354603826265,11.441108177951,4.49850872413437,4.60327868108152,6.79182935484304,9.21722020560125,10.2952282012396,9.21722020496968,4.82873045973413,4.39664058582711,12.5048436744181,12.0931753965135,12.0931753965135,8.79332912764747,4.79102237279149,2.5425883439946,8.79332912602679,31.2723711258756,3.55769617755571,16.7274081259114,5.05019477918062,5.63803746461508,6.19598535880117,3.55769617755571,5.63803746461508,3.55769617755571,3.10830049107753,5.63803746461508,3.55769617755571,3.55769617755571,3.55769617755571,4.29130359896154,5.63803746461508,3.55769617755571,3.55769617755571,3.55769617755571,3.55769617755571,5.05019477918062
9.94767871726256,7.63456115053357,6.68772721844702,11.6557128291814,9.22290427692892,8.37016679776605,10.9671251715853,9.54598980663532,8.24847749370092,10.0163101676238,8.4722071313028,11.4958396103789,10.5057709775098,11.6886610525335,4.43682283859565,4.97705229857324,6.73378154181996,9.35492548801206,10.8494705166011,9.35492548794771,4.9076450143062,4.10432127451511,13.5108632382893,12.6793728462284,12.6793728462284,9.33253104966178,4.8651483441855,2.86046042659278,9.33253104976881,33.9031953308749,4.00790444944522,17.4776845455496,5.62293696026075,4.95716337922976,5.77839873158339,4.00790444944522,4.95716337922976,4.00790444944522,3.09874775706069,4.95716337922976,4.00790444944522,4.00790444944522,4.00790444944522,4.69146860188978,4.95716337922976,4.00790444944522,4.00790444944522,4.00790444944522,4.00790444944522,5.62293696026075
9.99054384316389,7.50919036700995,6.47871639997955,11.6772237664825,8.93453720794749,8.66357837392841,11.0561795011234,9.87003118288875,7.98833624880316,10.0811689635307,8.22580311601613,11.8651066798565,10.8455117878005,11.987500476066,4.46029630367237,4.63821739031875,6.48047300993899,9.02583495321179,11.0592926203831,9.02583495336798,4.58955894832735,4.30539540214575,13.5659399007127,13.0775260380777,13.0775260380777,8.81288346673784,4.81888892232755,2.48094421417352,8.812883466829,31.4323730176397,3.46847004127611,18.1666376749243,4.98986376216907,5.124746810517,6.06588772763801,3.46847004127611,5.124746810517,3.46847004127611,3.29496967833622,5.124746810517,3.46847004127611,3.46847004127611,3.46847004127611,4.27486869475477,5.124746810517,3.46847004127611,3.46847004127611,3.46847004127611,3.46847004127611,4.98986376216907
9.46287298448394,7.896789822067,6.46417448505079,10.9389998551659,8.78353055201747,7.85712943068769,10.2668741859777,8.81564058661416,7.86238971771974,9.74570203169485,8.21236267004654,10.6362627937742,9.57455892778621,10.8170402957689,4.40829603826286,4.6642745204923,6.43130018368932,8.91879885630489,9.86575562168274,8.91879885652297,4.85008686164889,4.25101926943734,13.1425533537225,11.5406852577878,11.5406852577878,8.77436814629081,4.59517818168418,2.65547928310833,8.77436814575878,30.7757836116703,3.7162414789455,15.8922383914047,5.06181754771609,5.58015508161726,5.98766601008956,3.7162414789455,5.58015508161726,3.7162414789455,2.93876097680704,5.58015508161726,3.7162414789455,3.7162414789455,3.7162414789455,4.33253183513918,5.58015508161726,3.7162414789455,3.7162414789455,3.7162414789455,3.7162414789455,5.06181754771609
9.79088292781901,7.73682438661109,6.76446855078659,11.5071603322622,8.97568385315773,8.40014744695256,11.1549796728578,9.61872720443169,8.42012623368947,9.40228204123378,8.63641362472981,11.6907754993078,10.5148863377236,11.8247655260091,4.47747767391125,4.68064895305365,6.75554514020934,9.55391964204884,10.7907164887711,9.55391964210226,4.61477497032832,4.39385392176594,12.5995785100111,12.6875536384527,12.6875536384527,9.38854438566001,4.51457717825193,2.46975900475563,9.38854438574031,30.5719339437236,3.46189878278649,17.605306325921,5.23305253773006,4.95166396541371,6.19671359821579,3.46189878278649,4.95166396541371,3.46189878278649,3.12392204400448,4.95166396541371,3.46189878278649,3.46189878278649,3.46189878278649,4.78140719891556,4.95166396541371,3.46189878278649,3.46189878278649,3.46189878278649,3.46189878278649,5.23305253773006
10.1038286171897,7.93204880583252,7.0741800737312,11.9775664161468,9.35711449379033,8.76261046015824,11.6272972125989,10.0579397686232,8.79078953179941,9.62757660188768,8.99643180960941,12.3014797707885,11.0210792629962,12.471927219361,4.71062677299873,5.04711432282078,7.32265398998869,9.96042372045158,11.3316282445719,9.96042371893347,4.94086010827775,4.50172436354167,12.8446476959781,13.2843172423592,13.2843172423592,9.58868919798679,4.73022864622735,2.74585426741671,9.58868919746311,33.2338847195996,3.8497407674023,18.386991954876,5.68335437591505,5.11028919470349,6.34595103224975,3.8497407674023,5.11028919470349,3.8497407674023,3.38786931903126,5.11028919470349,3.8497407674023,3.8497407674023,3.8497407674023,4.16297796941398,5.11028919470349,3.8497407674023,3.8497407674023,3.8497407674023,3.8497407674023,5.68335437591505
9.88742795273327,7.95213133207887,6.83098058185519,11.6013650114576,9.07839037285561,8.45624336863961,11.0923100522006,9.61738458990922,8.39479633348674,9.71086782201157,8.6597088601864,11.6449815950116,10.5789609154547,11.84748309892,4.49805181135408,4.76954152577336,6.79811767091087,9.51641321925178,10.837630544295,9.51641321828831,4.87694399459096,4.15149161434799,13.0736429499038,12.757931049595,12.757931049595,9.3840552544663,4.85110167989129,2.87062810865304,9.38405525392703,30.0526603555865,4.03120993603641,17.5859936433817,5.17953890394834,5.31750664304092,5.85163050728567,4.03120993603641,5.31750664304092,4.03120993603641,3.19451092025025,5.31750664304092,4.03120993603641,4.03120993603641,4.03120993603641,4.01695106575682,5.31750664304092,4.03120993603641,4.03120993603641,4.03120993603641,4.03120993603641,5.17953890394834
9.8161797246703,7.90211296486944,6.75591250513082,11.9157310857908,9.16417945181007,8.72939876184435,11.3661034164967,9.97198600947627,8.40816210039519,9.10321474213561,8.59715670424799,12.3136839002,11.0303486461164,12.4514443962129,4.33353401356938,4.70524897158124,7.12382904122901,9.5167459723579,11.2920712870077,9.51674597250157,4.65642965223617,4.06298772504113,12.1466904399082,13.30314422033,13.3031442196738,8.96000273696515,4.9016104025067,2.5275308732343,8.96000273701948,31.245264972907,3.53624694668805,18.4822874121189,5.34806516839585,4.89295993319467,5.72240721959387,3.53624694668805,4.89295993319467,3.53624694668805,3.32975235203971,4.89295993319467,3.53624694668805,3.53624694668805,3.53624694668805,4.47832180804906,4.89295993319467,3.53624694668805,3.53624694668805,3.53624694668805,3.53624694668805,5.34806516839585
9.94417818738414,8.19342646521612,6.81007956920281,11.9704002222562,9.03739333785538,9.00428816213639,11.6478166942463,10.3179482918448,8.42645656877139,9.07816773763357,8.68793575309144,12.4743735692236,11.3190648058934,12.6247714039476,4.61812298264743,4.74602957805975,6.87736739238781,9.57444191924876,11.5609731114877,9.57444191846766,4.69074606486861,4.56736446860571,12.0865766505844,13.7000024963512,13.7000024963512,9.27907709206448,4.85749557930941,2.61874463460567,9.27907709206238,36.0747707491347,3.67162599930631,19.0234683041676,5.06082402369652,5.18812622319991,6.44117835148942,3.67162599930631,5.18812622319991,3.67162599930631,3.00177629805086,5.18812622319991,3.67162599930631,3.67162599930631,3.67162599930631,4.86570314946483,5.18812622319991,3.67162599930631,3.67162599930631,3.67162599930631,3.67162599930631,5.06082402369652
9.69388492961988,8.03747063243131,6.96905842173401,11.647671663635,9.18719898879172,8.53100759237305,11.1822061196909,9.59287192484004,8.54033498979798,9.06764812121154,8.86621377996158,11.5546713122758,10.4445789963297,11.7505757297057,4.69332950148852,4.99771827916012,6.89917132957774,9.70137270508448,10.7779647960544,9.70137270546754,5.11786111015031,4.53178103593868,12.0633183544037,12.6071148655299,12.6071148655299,9.64463663821441,5.11629361110476,2.84107681591204,9.64463663846548,35.8983202234252,3.98433982675575,17.3798306270436,5.53273608678595,5.66495380941204,6.38810838144652,3.98433982675575,5.66495380941204,3.98433982675575,3.06569159943486,5.66495380941204,3.98433982675575,3.98433982675575,3.98433982675575,4.74712851450321,5.66495380941204,3.98433982675575,3.98433982675575,3.98433982675575,3.98433982675575,5.53273608678595
9.66217861991237,7.99443815656445,6.95040727181697,11.7721508798365,9.31735250524299,8.4660580516405,11.1835376237167,9.55969952675951,8.57515938893017,8.99221918634492,8.84459371649934,11.7439152626993,10.4361349362106,11.9227499570635,4.60911569016088,4.68798438828409,7.11496073096368,9.74263321909201,10.7167959462937,9.74263321909839,4.86078283084531,4.42560259523101,12.0595968733801,12.5964996911668,12.5964996911668,9.37062635591324,5.09360449646864,2.81821505985344,9.37062635587737,33.8565922753218,3.94111102969027,17.3718383554419,5.21524980547643,5.30575199459471,6.23071371442855,3.94111102969027,5.30575199459471,3.94111102969027,3.06222386438203,5.30575199459471,3.94111102969027,3.94111102969027,3.94111102969027,4.27730567486622,5.30575199459471,3.94111102969027,3.94111102969027,3.94111102969027,3.94111102969027,5.21524980547643
9.84043893334097,7.87967533787861,7.0173058511187,11.6719259074838,9.3876965884014,8.2575193737371,11.1810603733647,9.39417288172518,8.73424606943528,9.55796355863985,8.96084412497192,11.5517973304849,10.2168989047839,11.7084541219433,4.58713866956936,4.85366383471358,7.13347918302264,9.92239095467546,10.5616029971074,9.92239095436071,4.85079954452735,4.47718695827644,12.840123038362,12.3163825878164,12.3163825878164,9.68158583401797,4.67922018208988,2.61990667434245,9.68158583446614,32.9017638190667,3.67297753383624,17.0256327615972,5.59206672305531,5.08212707433012,6.31298733958517,3.67297753383624,5.08212707433012,3.67297753383624,3.12731031742565,5.08212707433012,3.67297753383624,3.67297753383624,3.67297753383624,4.18701107414159,5.08212707433012,3.67297753383624,3.67297753383624,3.67297753383624,3.67297753383624,5.59206672305531
9.66820131771641,7.95847790488858,6.66914330262903,11.5662288799434,9.15847078428744,8.30212466334613,10.9467751575763,9.43169102724334,8.25946746552648,9.39844409560269,8.5196613527754,11.4590667043832,10.2705947086258,11.6003851095408,4.47695568238073,4.69716507403328,6.71989193392325,9.38228598322685,10.5695345610926,9.38228598359436,4.6799345897771,4.44988936664275,12.605470483464,12.4033588294006,12.4033588294006,9.16672121552332,4.6597888135019,2.470668887879,9.16672121596689,33.8237029727924,3.46014985250066,17.1964232297478,5.24153697321487,5.12431673323471,6.2743269701186,3.46014985250066,5.12431673323471,3.46014985250066,2.96461230810515,5.12431673323471,3.46014985250066,3.46014985250066,3.46014985250066,4.67516533866463,5.12431673323471,3.46014985250066,3.46014985250066,3.46014985250066,3.46014985250066,5.24153697321487
9.8604308635209,7.74927188282759,6.75669904598387,11.1271863877517,8.82799262112762,8.12701234499622,10.7619232873526,9.15025832382797,8.30869517504458,10.1311238465123,8.62141307402677,11.3174607385199,9.96949835485207,11.4511663592383,4.424881319298,4.89948916849694,7.02541265045396,9.41960687424315,10.313056437461,9.41960687417068,4.96778112840297,4.30057214047159,13.628996758535,12.0048851163512,12.0048851163512,8.97281708824773,4.59929988314633,2.48056310971456,8.97281708824773,35.7951907421662,3.47189851141404,16.6187208004343,5.55443291149367,5.57948666708806,6.06121336915124,3.47189851141404,5.57948666708806,3.47189851141404,3.15366618865767,5.57948666708806,3.47189851141404,3.47189851141404,3.47189851141404,4.13478730533891,5.57948666708806,3.47189851141404,3.47189851141404,3.47189851141404,3.47189851141404,5.55443291149367
9.45184314076035,7.61167792331599,6.55071396181594,11.0056717432491,8.62790647350427,8.11907874989384,10.657845706127,9.20295740321505,8.08333668931964,9.14984103397853,8.34084184914698,11.091323659751,10.0276903907957,11.2349730650988,4.4350705662966,4.57340081387533,6.52808545647286,9.14814409379617,10.3330437620746,9.1481440943834,4.75255876300718,4.32036946944366,12.2961126927485,12.0701386936795,12.0701386936795,9.04871614450897,4.53476532383361,2.43085590311425,9.0487161449467,32.1414851547987,3.40581416589109,16.726606984951,5.3800171539776,5.21693731682776,6.09221095244062,3.40581416589109,5.21693731682776,3.40581416589109,3.2084853217734,5.21693731682776,3.40581416589109,3.40581416589109,3.40581416589109,4.73705363061307,5.21693731682776,3.40581416589109,3.40581416589109,3.40581416589109,3.40581416589109,5.3800171539776
9.31524123536943,7.79053901477249,6.61494331998287,11.1253056353284,8.75952124226903,8.15022755579956,10.7708512240901,9.30598506857374,8.17324406294125,8.75092523551844,8.3975544186168,11.2311621968555,10.1497423740113,11.4119973401195,4.52296985223315,4.72185427797897,6.73186488417075,9.2676301423341,10.4848690899224,9.26763014309778,4.80164598359029,4.33462681458856,11.7188073240609,12.23782256488,12.23782256488,9.12336712517054,4.59451474733568,2.71043178483917,9.12336712484667,29.1734482531601,3.80460066647855,16.882631036789,5.50293200749803,4.94064507024034,6.11237449300844,3.80460066647855,4.94064507024034,3.80460066647855,3.08783726127432,4.94064507024034,3.80460066647855,3.80460066647855,3.80460066647855,4.02607815606788,4.94064507024034,3.80460066647855,3.80460066647855,3.80460066647855,3.80460066647855,5.50293200749803
9.58610349402101,7.96270710762079,6.75525445521074,11.3197473640264,9.01880193618623,8.17908581893174,10.8189934254192,9.24823697542706,8.3343024827191,9.39091712735015,8.5697057692479,11.1515846209149,10.0452154285374,11.3565902884836,4.64542665805046,4.91154529707294,6.82543730426737,9.46005410625757,10.3855804598748,9.46005410558473,4.88133615624816,4.45797599879224,12.5943149543348,12.111262072151,12.111262072151,9.35186627230354,4.99804677003187,2.85626877842799,9.35186627316016,32.8950338227194,3.99656159513298,16.6544844654607,5.49770153832465,5.02838063391177,6.27729514378243,3.99656159513298,5.02838063391177,3.99656159513298,3.05979002761749,5.02838063391177,3.99656159513298,3.99656159513298,3.99656159513298,4.5689751998385,5.02838063391177,3.99656159513298,3.99656159513298,3.99656159513298,3.99656159513298,5.49770153832465
9.99954138011542,7.63778619633953,6.6778944100244,11.7529119371782,8.84417102746626,8.94165132163254,11.3510526749263,10.2130752295086,8.12859876144937,9.51236654201691,8.4553667146692,12.3160902373153,11.3122282174079,12.473342598945,4.44742510586691,4.70064553157443,6.74795156576659,9.18367327911741,11.5523076536888,9.18367327912696,5.01409723390918,4.09489858274622,12.7839347527075,13.6501208725409,13.6501208725409,8.91281432805357,4.70391542764122,2.73073950131825,8.91281432813274,30.3731179934133,3.83660590951134,18.9180163346028,5.26724717455278,5.74102180081374,5.77434638699633,3.83660590951134,5.74102180081374,3.83660590951134,3.35789442401623,5.74102180081374,3.83660590951134,3.83660590951134,3.83660590951134,4.21118489470814,5.74102180081374,3.83660590951134,3.83660590951134,3.83660590951134,3.83660590951134,5.26724717455278
9.75765501638893,7.83346969349807,6.72698978872013,11.5167767769514,8.93040421452494,8.62452074518804,11.0972966632101,9.74887324060324,8.22719517013223,9.35550388198856,8.55000762046691,11.8852275896071,10.6008871012271,12.0365261211515,4.72984971622319,4.77327311156243,7.08061221702602,9.30357199310721,10.8766304192983,9.30357199284356,4.98673902473477,4.65130235918411,12.5005659289646,12.7688626500539,12.7688626500539,8.69257226210724,4.81628163655395,2.57589278210276,8.69257226210724,32.6088178608207,3.60854271789495,17.6938574786218,5.36979385992015,5.7223701652423,6.55884310352925,3.60854271789495,5.7223701652423,3.60854271789495,3.32769863831854,5.7223701652423,3.60854271789495,3.60854271789495,3.60854271789495,4.77269348643645,5.7223701652423,3.60854271789495,3.60854271789495,3.60854271789495,3.60854271789495,5.36979385992015
9.33243306756427,7.28770235993221,6.47707777676097,10.7895598938393,8.65286708270029,7.70891742584333,10.234064173406,8.70636703499785,7.95106055048867,9.41360032489577,8.21963746771166,10.7021644691592,9.54628959860121,10.8828232736004,4.20285700347566,4.71793020282103,6.64812448305494,9.01245093872617,9.86040701613175,9.01245093945039,4.76269609381826,3.87644140343178,12.6482806140694,11.4934089893949,11.4934089893949,8.7334699339944,4.51454997234038,2.6662436078124,8.73346993326475,28.7403687322481,3.73838818117325,15.8177681807591,5.24341467829272,5.15561914972735,5.46007077468809,3.73838818117325,5.15561914972735,3.73838818117325,3.03374306389512,5.15561914972735,3.73838818117325,3.73838818117325,3.73838818117325,4.59434799253904,5.15561914972735,3.73838818117325,3.73838818117325,3.73838818117325,3.73838818117325,5.24341467829272
10.0054735417364,7.76786894972346,6.62404207598067,11.5998761986354,8.83522699840543,8.77214014380022,11.1597465993636,9.94111048328169,8.09811304981404,9.88694221353878,8.40957341749502,11.914307277711,10.8678687873298,12.0608574503506,4.6522755254614,4.5547943577438,6.63184062401361,9.1533995525124,11.0952189817639,9.15339955253076,4.84624462406906,4.54387049674725,13.3555261928156,13.1034904811489,13.1034904811489,8.89757269882101,4.89138957456951,2.57897115603574,8.8975726988569,30.9777915459603,3.60389658194079,18.1764533973833,5.09275487893039,5.61547206133754,6.40164116872592,3.60389658194079,5.61547206133754,3.60389658194079,3.31075795450048,5.61547206133754,3.60389658194079,3.60389658194079,3.60389658194079,4.45370215715869,5.61547206133754,3.60389658194079,3.60389658194079,3.60389658194079,3.60389658194079,5.09275487893039
9.70536891685941,7.91309832374264,6.58020106768218,11.6189144706345,8.83325096546346,8.70664376816129,11.1942374172707,9.96967008435431,8.09522597084192,9.12604251716655,8.34816008970202,12.03701915793,10.9521562940354,12.2057876363732,4.53907906748465,4.81470984122444,6.7412658340538,9.18413184554498,11.1944689873367,9.18413184555119,4.68688739155308,4.35787447296236,12.1387689312513,13.2436182200415,13.2436182200415,8.85667608778324,4.82329664310225,2.76110398733927,8.8566760878372,32.8154235359444,3.87210617176704,18.3249762667646,5.01796980822098,5.07220092997494,6.14245043089234,3.87210617176704,5.07220092997494,3.87210617176704,3.01431937632546,5.07220092997494,3.87210617176704,3.87210617176704,3.87210617176704,4.83486301301113,5.07220092997494,3.87210617176704,3.87210617176704,3.87210617176704,3.87210617176704,5.01796980822098
9.69653240139192,7.81738261631354,6.5653583837572,11.6978232527942,8.95169577438446,8.67897579758116,11.1068244290775,9.90082818374977,8.03617904792337,9.06462308249018,8.33741113372248,11.8940986447083,10.9265270206395,12.052510600452,4.3759160868435,4.45102880123463,6.46249645580051,9.09544421637273,11.1390145025549,9.09544421584263,4.74085400043302,4.13107352467818,12.1790826941201,13.1922186975396,13.1922186975396,8.95660097835611,4.65392367539898,2.6021668347513,8.95660097830562,30.27832794955,3.6549518862717,18.2947112036427,4.9187752933711,5.4656528749456,5.82657835927344,3.6549518862717,5.4656528749456,3.6549518862717,3.18396504553132,5.4656528749456,3.6549518862717,3.6549518862717,3.6549518862717,4.5302540693024,5.4656528749456,3.6549518862717,3.6549518862717,3.6549518862717,3.6549518862717,4.9187752933711
9.80297903108933,7.63064588297868,6.66704023121019,11.6881980773742,8.79076866026051,8.95224053732172,11.2948476923099,10.159115516978,8.10616849848059,9.16590287924405,8.43028051680544,12.2318602003696,11.1739422107568,12.4002231950988,4.64915307397031,4.86276129300563,6.83971554792597,9.1579893416491,11.4076182388254,9.15798934168448,5.00297992019965,4.38886982919015,12.1717292285357,13.4784591671057,13.4784591671057,8.76586891763548,5.03584032061545,2.79657155849108,8.76586891762127,34.5254035992029,3.91956522508267,18.655162898184,5.20148849505687,5.71585758029977,6.18448727507984,3.91956522508267,5.71585758029977,3.91956522508267,3.35151799342229,5.71585758029977,3.91956522508267,3.91956522508267,3.91956522508267,4.57243225274376,5.71585758029977,3.91956522508267,3.91956522508267,3.91956522508267,3.91956522508267,5.20148849505687
9.83036874663608,7.72946248023969,6.39466038475119,11.3120548389576,8.71138727204282,8.39804955203055,10.6749909653574,9.49540022537796,7.75323976615157,10.0483125749999,8.11112880319503,11.521660134711,10.4550122487274,11.6963686396136,4.30462596118042,4.60088762594222,6.55907108689044,8.79379596500954,10.6953407377679,8.79379596497047,4.80535794336596,4.06048699307935,13.6020622697412,12.6387412367817,12.6387412367817,8.39730747212909,4.7826261612987,2.70436487766221,8.39730747211848,32.3020995786553,3.7936748655697,17.4658365166422,4.86923455072424,5.58322643978975,5.7219554733067,3.7936748655697,5.58322643978975,3.7936748655697,2.90791848684506,5.58322643978975,3.7936748655697,3.7936748655697,3.7936748655697,4.40952064037012,5.58322643978975,3.7936748655697,3.7936748655697,3.7936748655697,3.7936748655697,4.86923455072424
10.3401894958668,7.77094096438055,6.79082116352105,11.9744528483148,9.23611353938944,8.85693730272243,11.4342060634103,10.0942607830435,8.32341765266332,10.3227619657125,8.67565825552568,12.2477671994226,11.0483862737967,12.3787707763601,4.57801487803798,4.62615893786582,6.84519045468414,9.44492327336601,11.2884615299831,9.44492327366859,4.86585796240045,4.56248339031565,13.9663889293801,13.3552187361693,13.3552187361693,9.07256033976173,4.56282066463679,2.47467505362144,9.07256034067057,34.3656401445638,3.46339378418731,18.5667651372681,5.05775058707437,5.78390646602405,6.43290009477708,3.46339378418731,5.78390646602405,3.46339378418731,3.08167848375935,5.78390646602405,3.46339378418731,3.46339378418731,3.46339378418731,4.85440987730765,5.78390646602405,3.46339378418731,3.46339378418731,3.46339378418731,3.46339378418731,5.05775058707437
10.0663754108091,7.60539750770527,6.67179387322736,11.6599409279136,9.03486171710978,8.6123215603007,11.1520853751635,9.83357648232039,8.25063305814252,10.1187632900802,8.44658138732023,11.8669891590837,10.7549481296693,12.0327518218479,4.68016852244008,4.76871792436965,6.87710685633683,9.32660964849971,11.0197986917258,9.32660964592833,4.74819850189171,4.47705372622619,13.6603382971075,12.955723769106,12.955723769106,9.00787168112266,4.91885264555576,2.72718183932808,9.00787168086288,31.59506994551,3.81876573424754,17.9194733706551,5.3504694964243,4.9421656035944,6.30839243795212,3.81876573424754,4.9421656035944,3.81876573424754,3.36637881990206,4.9421656035944,3.81876573424754,3.81876573424754,3.81876573424754,4.69251024948277,4.9421656035944,3.81876573424754,3.81876573424754,3.81876573424754,3.81876573424754,5.3504694964243
9.89553932283524,8.11312097466227,6.82880006843185,11.6303230050584,9.08744399121505,8.55056139001448,11.1525477493433,9.68388038729022,8.39611831056363,9.64954779964386,8.69490897488956,11.7533819176496,10.6145874013257,11.8986195210069,4.50267026702953,4.80110451583561,6.82757138372796,9.49481868892033,10.8926641832976,9.49481868859255,4.95344265203019,4.32477234610131,12.9121514936843,12.7770392799534,12.7770392799534,9.2805241922829,4.68144294477538,2.50098664126592,9.28052419213105,33.9651856016534,3.49209049331505,17.7327333914441,5.42767275662475,5.65300056816078,6.0906031180107,3.49209049331505,5.65300056816078,3.49209049331505,3.39580746789432,5.65300056816078,3.49209049331505,3.49209049331505,3.49209049331505,4.15422861083011,5.65300056816078,3.49209049331505,3.49209049331505,3.49209049331505,3.49209049331505,5.42767275662475
9.97936985128997,7.82707608583149,6.68440274348693,11.7389462600819,9.14950680535629,8.70146945450379,11.0966412570103,9.83486597835085,8.11609187024517,9.88147509910691,8.47634604725116,11.8863752243291,10.7618888132965,12.0651218360463,4.63778060193285,4.94779642636431,6.96880623508781,9.19885046775995,11.09365087323,9.19885046829067,5.17579960108485,4.45845930385953,13.3106535148907,12.9970644565347,12.9970644565347,8.80306761039411,4.96539583040704,2.80653436078261,8.80306761044788,31.9113553509551,3.930487503442,17.9549792573365,5.60146704968772,5.79145360745751,6.2811438684676,3.930487503442,5.79145360745751,3.930487503442,3.10237700533125,5.79145360745751,3.930487503442,3.930487503442,3.930487503442,4.67500131894902,5.79145360745751,3.930487503442,3.930487503442,3.930487503442,3.930487503442,5.60146704968772
10.3195259908362,7.75854517772361,6.91356033012809,11.9138497428922,9.3460774007712,8.65618791129561,11.3694076757377,9.83237397990658,8.54691123961872,10.4403046930827,8.82457866426431,11.954405584476,10.8029750580882,12.1052349275333,4.45185612416244,5.08734873869196,6.96719258420545,9.7032553663955,11.160698625255,9.70325536631095,5.0160763124788,4.28749605392572,14.0546302811599,13.0456101435644,13.0456101435644,9.57287470862795,4.84704781033056,2.58443477607543,9.57287470872221,35.7281863367316,3.6268751039132,18.0916907207109,5.77015666379567,5.38836619915862,6.04678250550093,3.6268751039132,5.38836619915862,3.6268751039132,3.12071082242156,5.38836619915862,3.6268751039132,3.6268751039132,3.6268751039132,4.60169924699682,5.38836619915862,3.6268751039132,3.6268751039132,3.6268751039132,3.6268751039132,5.77015666379567
9.45017497298359,7.76057898227885,6.64670663726378,11.5450469676097,9.1986817775813,8.31466079291953,10.7960899991227,9.41552113978137,8.12992434401628,9.04809333484107,8.40597950826464,11.309470521677,10.204781590855,11.5185531573472,4.78074900963864,4.75780290358214,6.77724414099561,9.21117789748672,10.4623625908249,9.21117789777807,4.84571773347209,4.60700672231274,12.0842590531908,12.3001991345298,12.3001991345298,8.91826844133974,4.92954314770333,2.89587796703365,8.91826844086177,31.3898398107992,4.06460753302776,16.9132933953021,5.08051815048847,5.30191819165721,6.49612927987924,4.06460753302776,5.30191819165721,4.06460753302776,3.13764188191427,5.30191819165721,4.06460753302776,4.06460753302776,4.06460753302776,4.7139536686542,5.30191819165721,4.06460753302776,4.06460753302776,4.06460753302776,4.06460753302776,5.08051815048847
9.61474577993989,7.77364405298697,6.59318148173658,11.6133308508139,8.89022010194412,8.61355510180666,11.1162213603759,9.86034028216927,8.08449812757751,8.85535911177295,8.37419929837749,11.9592370198643,10.8848323942459,12.1303397366667,4.36018189585105,4.52363390347877,6.69376764647903,9.17422211005252,11.1262821641245,9.17422211008128,4.74371570681872,4.10535910832823,11.8920943288161,13.1630083858371,13.1630083858371,8.87611985785987,4.6293558800818,2.72468766910602,8.87611985791261,30.4017503649895,3.82330997558599,18.2180156656733,4.98760717116238,5.29283699743244,5.78609140360399,3.82330997558599,5.29283699743244,3.82330997558599,2.98938041376022,5.29283699743244,3.82330997558599,3.82330997558599,3.82330997558599,4.47767673511551,5.29283699743244,3.82330997558599,3.82330997558599,3.82330997558599,3.82330997558599,4.98760717116238
9.78393762690779,7.63708464177052,6.71617615689504,11.424598326862,9.13487172330493,8.15631896266721,10.7542856261712,9.21902181787829,8.26564504969951,9.84605606435559,8.53425116731069,11.1455102207131,10.1171085844925,11.2982515549815,4.35948364090156,4.89266920132148,6.59179183484031,9.35268237476574,10.433942189845,9.35268237474088,4.91863942484224,4.07160142927621,13.2056499690834,12.1701214575851,12.1701214575851,9.37331419722105,4.66551627898774,2.60340913299093,9.37331419725564,33.7561988382509,3.64341495884492,16.8228832603009,5.5121338460591,5.37774815327253,5.73380872765122,3.64341495884492,5.37774815327253,3.64341495884492,3.29600064648622,5.37774815327253,3.64341495884492,3.64341495884492,3.64341495884492,4.79977941682729,5.37774815327253,3.64341495884492,3.64341495884492,3.64341495884492,3.64341495884492,5.5121338460591
9.75171644401671,7.67551959672301,6.59244694775544,11.201538506216,9.03943554124053,7.86849085785243,10.4930927138576,8.91113816087299,8.15063785773764,10.1956397691459,8.38208207563337,10.8648266352096,9.7550437018619,11.0255423995225,4.28489918847909,4.87529793945431,6.5943248491142,9.23434109854339,10.0646600875731,9.23434109802576,4.71005584339144,4.02653033155479,13.7100947813955,11.7385016658789,11.7385016658789,9.12956677451275,4.56322717464493,2.57663329082803,9.12956677470176,35.9226031610269,3.60719624527125,16.203310503651,5.32178612686465,5.02196055310596,5.67104529185602,3.60719624527125,5.02196055310596,3.60719624527125,3.14767203180431,5.02196055310596,3.60719624527125,3.60719624527125,3.60719624527125,4.61226346943973,5.02196055310596,3.60719624527125,3.60719624527125,3.60719624527125,3.60719624527125,5.32178612686465
9.23444066553946,7.41874015770609,6.54530231223514,10.8869986613782,8.66711859960946,7.81555015529417,10.4872177540886,8.87831153720693,8.12200936121668,8.90222943494871,8.35524885869455,10.989180902183,9.62847905539135,11.1345313750641,4.38088128526528,4.4210320987516,6.78494317841451,9.21925049760045,9.88543735813034,9.21925049777471,4.46070506204025,4.32673458491939,11.935569638803,11.6027885730568,11.6027885730568,8.72658542832955,4.38637803790247,2.42599340252836,8.72658542898469,29.1401109114231,3.39215407351329,16.0572188770509,4.89145363275338,4.92560119594251,6.09747606825413,3.39215407351329,4.92560119594251,3.39215407351329,2.98152289996559,4.92560119594251,3.39215407351329,3.39215407351329,3.39215407351329,4.6663319648905,4.92560119594251,3.39215407351329,3.39215407351329,3.39215407351329,3.39215407351329,4.89145363275338
9.86141162077882,7.81469322000244,6.66348121710902,11.9499654107788,9.02157944511604,9.06618764461365,11.4880040347536,10.3573453076107,8.16422016224567,9.07480476609548,8.45009557183907,12.3799134873495,11.3962173250702,12.5245883125105,4.63155142275983,4.91038244716774,6.72855078095628,9.23090332094178,11.6709091282619,9.23090332093046,4.96214396616082,4.46099552523571,12.0407639348324,13.7596950924333,13.7596950924333,9.04654844554575,4.89715849475449,2.66551632017591,9.04654844559423,32.5644402325638,3.72636226296933,19.0995678804031,5.47634036585671,5.47654996731357,6.28313339389051,3.72636226296933,5.47654996731357,3.72636226296933,3.31507666581597,5.47654996731357,3.72636226296933,3.72636226296933,3.72636226296933,4.56318792291758,5.47654996731357,3.72636226296933,3.72636226296933,3.72636226296933,3.72636226296933,5.47634036585671
10.0266888133983,7.72466795516934,6.91167645746933,11.7948422139841,9.09771466178385,8.6564898461996,11.4699813240818,9.94213223767071,8.59306585131594,9.61286686378331,8.80162282765578,12.1614299793699,10.9435964059178,12.3456886770441,4.48592706986022,4.81827016065488,7.06729614477844,9.77479494397272,11.2286464727889,9.77479494405067,4.70668960740664,4.26195818579562,12.9323044018391,13.2401940506271,13.2401940506271,9.48753511670367,4.82368925043249,2.81113549719125,9.48753511668352,31.6943062721526,3.9449808656515,18.3052324250726,5.25941221469807,4.82017316251991,6.00731050203402,3.9449808656515,4.82017316251991,3.9449808656515,2.95285537843285,4.82017316251991,3.9449808656515,3.9449808656515,3.9449808656515,4.11875080501532,4.82017316251991,3.9449808656515,3.9449808656515,3.9449808656515,3.9449808656515,5.25941221469807
9.77748832144639,7.78862107957674,6.47755084392238,11.3065812196137,8.68940127714331,8.43041125968101,10.7785330665811,9.55995062864111,7.89626471843479,9.81981701424456,8.18936579740279,11.6447154335279,10.5506812072928,11.8443247722099,4.35253074038783,4.84217708918984,6.82318827814092,8.95358740754732,10.8418171436552,8.95358740746997,4.88751194430814,3.98944966522194,13.2359429005144,12.7488266404069,12.7488266404069,8.50671921346556,4.97036109597221,2.87653504152381,8.50671921347047,32.1180562429659,4.04020149942567,17.5723336972186,5.2511064201161,5.26932686395847,5.62201761829024,4.04020149942567,5.26932686395847,4.04020149942567,2.98374720455727,5.26932686395847,4.04020149942567,4.04020149942567,4.04020149942567,4.41305941422234,5.26932686395847,4.04020149942567,4.04020149942567,4.04020149942567,4.04020149942567,5.2511064201161
9.7662383617455,7.90409992977184,6.675446445384,11.4270100213132,9.02224025684156,8.25322771667745,10.8435956389043,9.31364285799526,8.24125558823584,9.7117779942453,8.5168099436988,11.2490600174216,10.1506310478601,11.392343588081,4.44899315879229,4.51214738599227,6.53173576104363,9.35310109939741,10.4265957498025,9.35310109931693,4.69959291342813,4.36525110131578,13.1438141176994,12.2452722464737,12.2452722464737,9.30055536630695,4.81119587442751,2.50608747846531,9.3005553662914,29.6139848067532,3.50695554471192,16.9595900828856,5.12384229734685,5.2636425730544,6.15228797368948,3.50695554471192,5.2636425730544,3.50695554471192,3.03819929035243,5.2636425730544,3.50695554471192,3.50695554471192,3.50695554471192,4.58596820098163,5.2636425730544,3.50695554471192,3.50695554471192,3.50695554471192,3.50695554471192,5.12384229734685
9.74538620069666,8.18334404282524,6.94357564808885,11.9840092514561,9.57253642560657,8.42163022165301,11.2490721808094,9.60164044303267,8.62400598458661,9.13087893821518,8.83864189018992,11.8656978166422,10.5496667180511,12.0471355923353,4.45592437804047,4.88104632356185,7.21129273880713,9.80816335506117,10.8756464738332,9.80816335413587,4.81360176403907,4.19592237050816,12.2221815465025,12.748064571358,12.748064571358,9.4396791410317,4.93278176852434,2.83883962295758,9.43967914042485,32.3603651312287,3.9737271310131,17.5849961884356,5.46201731799569,4.88753694396861,5.9063823222015,3.9737271310131,4.88753694396861,3.9737271310131,2.98147193596162,4.88753694396861,3.9737271310131,3.9737271310131,3.9737271310131,4.47546641353614,4.88753694396861,3.9737271310131,3.9737271310131,3.9737271310131,3.9737271310131,5.46201731799569
9.49619543032157,7.91141536507016,6.60843552991848,11.2442518557332,9.073504085545,7.95061331299131,10.4619824548601,8.88944477051507,8.08420027702407,9.51521447903468,8.43070278815366,10.8667225051741,9.69550030325399,11.0173915591498,4.29113960551964,4.69730195368146,6.59415172798185,9.17121515798589,10.0013846565148,9.17121515799005,4.87196393963625,4.14277845483585,12.7695729336618,11.6820263302688,11.6820263302688,8.97534002302806,4.65247054089056,2.48142273354924,8.97534002282547,32.8082152880605,3.47474799556316,16.1509579972418,5.21110151122766,5.6549088572108,5.83832971658679,3.47474799556316,5.6549088572108,3.47474799556316,3.01348492824808,5.6549088572108,3.47474799556316,3.47474799556316,3.47474799556316,4.60367328144286,5.6549088572108,3.47474799556316,3.47474799556316,3.47474799556316,3.47474799556316,5.21110151122766
9.72255189127442,7.61524844835942,6.80701332980702,11.6105234759239,9.10870424197572,8.52533213404199,11.0773582232775,9.6217845094184,8.312080263248,9.26952620452191,8.65987107838265,11.8712021145074,10.5680034543427,12.0421628750251,4.45006187793643,5.09784565387972,7.23187140284769,9.44029570728227,10.9366552901816,9.44029570698848,5.18112082595111,4.21421302102685,12.3420841328958,12.7685184811575,12.7685184811575,8.8985205007996,4.91353623883876,2.77251567679742,8.8985205007996,32.1788397012124,3.88971153661299,17.6329982682393,5.72549181805205,5.71140191304492,5.9394082734948,3.88971153661299,5.71140191304492,3.88971153661299,3.00034274010755,5.71140191304492,3.88971153661299,3.88971153661299,3.88971153661299,4.5283744563061,5.71140191304492,3.88971153661299,3.88971153661299,3.88971153661299,3.88971153661299,5.72549181805205
9.36129700243766,7.59739550976672,6.47251353166265,11.0830210008361,8.70128896587482,8.07848998409988,10.5399237772843,9.13661294504789,7.99374637413269,9.20394270392151,8.20850636955006,11.084320084839,10.0147465159853,11.2452398767318,4.34044333224769,4.74057178404235,6.57000576904593,9.03718456410732,10.2933011854097,9.03718456328934,4.65322462064714,4.07965816091818,12.2740718887106,12.0485374293352,12.0485374293352,8.83066114037143,4.79798687233653,2.56464351986563,8.83066114034573,30.0128798963524,3.59152970902587,16.6558709750767,5.24854105394865,4.95081771676401,5.74745775625232,3.59152970902587,4.95081771676401,3.59152970902587,3.25350539145943,4.95081771676401,3.59152970902587,3.59152970902587,3.59152970902587,4.15664745005829,4.95081771676401,3.59152970902587,3.59152970902587,3.59152970902587,3.59152970902587,5.24854105394865
9.60906081454682,7.71296646167487,6.84237763976008,11.3548537000224,9.01635225375363,8.16505495928634,10.9503479227361,9.26856393019315,8.50630634204372,9.22918072759614,8.71086453366768,11.4333899441283,10.1000588763479,11.60396625475,4.52929465077507,4.7718520874013,7.08424904729552,9.65872185135456,10.4112955991075,9.65872185124331,4.71698399208921,4.35000497034221,12.3685248221413,12.1757449928159,12.1757449928159,9.28479565112347,4.85481612691884,2.70727964307595,9.28479564982045,34.9663919184684,3.79494092916758,16.7959203795926,5.35731513745415,4.86281165473879,6.1309533899363,3.79494092916758,4.86281165473879,3.79494092916758,3.0907121071479,4.86281165473879,3.79494092916758,3.79494092916758,3.79494092916758,4.68698664289212,4.86281165473879,3.79494092916758,3.79494092916758,3.79494092916758,3.79494092916758,5.35731513745415
9.91324230035113,7.81839520444769,6.71245678446398,11.4645017042488,8.98980755190347,8.40025006506007,10.9473571229788,9.52071333247615,8.19520089008157,9.9064519602738,8.54436126445244,11.5765274648639,10.4176925488276,11.7437975347315,4.47482921013782,4.70086239077211,6.78761633164478,9.30460311700457,10.7026498062827,9.30460311700342,4.94746520341551,4.31825021927721,13.3879624041381,12.5835559110642,12.5835559110642,9.01772832304747,4.61838110381034,2.68870019586909,9.01772832265381,33.6622068479401,3.76302068488953,17.3929489818187,5.1931815172553,5.68354388660241,6.08252744075525,3.76302068488953,5.68354388660241,3.76302068488953,2.98559269554549,5.68354388660241,3.76302068488953,3.76302068488953,3.76302068488953,4.52647613016875,5.68354388660241,3.76302068488953,3.76302068488953,3.76302068488953,3.76302068488953,5.1931815172553
10.1891218367986,7.57022457437471,6.61500484178417,11.8452939950644,9.08842247217812,8.81401946152743,11.2714505688795,10.0643454742748,8.0807891131943,10.1369749328102,8.42334900205066,12.21656037423,11.1333286209738,12.3571524736904,4.30582929310566,4.98980812118773,6.85711066502346,9.17139775155398,11.4824795432779,9.17139775167709,5.08095576641895,4.09492741802668,13.6652277105292,13.47285355681,13.47285355681,8.867205338626,4.63277122216268,2.61265443528345,8.86720533850895,35.2100213544684,3.66614167783481,18.6973611325503,5.70390328274383,5.61012085068607,5.77300193208929,3.66614167783481,5.61012085068607,3.66614167783481,2.97515770196849,5.61012085068607,3.66614167783481,3.66614167783481,3.66614167783481,4.72061791214659,5.61012085068607,3.66614167783481,3.66614167783481,3.66614167783481,3.66614167783481,5.70390328274383
9.47455189630444,7.71706811892175,6.49063514172524,11.430928826804,8.98102515229524,8.39889609980812,10.7947403021187,9.54417027749115,7.98523259827912,9.20638885762119,8.20003753553526,11.348983645816,10.3576327655939,11.5258932872796,4.76915777119441,4.8746473993116,6.63685424186747,9.01826872953961,10.6537552676799,9.01826872886573,4.80804347692002,4.62338081001612,12.2689585399132,12.4657721467159,12.4657721467159,8.83797392615661,4.92727252009819,2.72618817337,8.83797392591666,30.0499749142155,3.82650135082785,17.2082660940841,5.45272350877996,4.99765789209199,6.52133600753555,3.82650135082785,4.99765789209199,3.82650135082785,3.32623639528238,4.99765789209199,3.82650135082785,3.82650135082785,3.82650135082785,4.49910501541146,4.99765789209199,3.82650135082785,3.82650135082785,3.82650135082785,3.82650135082785,5.45272350877996
9.89276046169338,7.60992818690806,6.75715326102984,11.3266822387525,8.90185484163855,8.1908149915103,10.8791990527982,9.32519830153045,8.36408118014652,10.0169295503555,8.57986383968303,11.4951926851337,10.2433783826923,11.6664460225098,4.39673459107647,4.5215319442209,6.90031093030312,9.46682861477051,10.4598936944796,9.46682861520181,4.61815255928677,4.07749134373431,13.5543308919887,12.3255760996307,12.3255760996307,9.06654876661089,4.64025092415179,2.66365109239407,9.06654876637488,30.671825871996,3.73930227636858,17.0261486036545,4.93989903380649,5.05930607559135,5.74848639018797,3.73930227636858,5.05930607559135,3.73930227636858,3.31145863734124,5.05930607559135,3.73930227636858,3.73930227636858,3.73930227636858,3.96565625042717,5.05930607559135,3.73930227636858,3.73930227636858,3.73930227636858,3.73930227636858,4.93989903380649
9.36432368453983,7.38657501192073,6.35327165184676,10.712473472645,8.58396586278904,7.68153252554038,10.0657257641479,8.62158939773018,7.7623109104892,9.68607139592561,8.07619754597362,10.4817066017699,9.39619282088402,10.6292653307678,4.23911458536732,4.35348091301564,6.28761870794671,8.76866463512949,9.62035357301242,8.76866463516096,4.63607632271374,4.04058651348997,13.0834056956366,11.2813942947603,11.2813942947603,8.55260291610104,4.33589659726789,2.37822674220126,8.55260291608571,34.0407133322328,3.33250486641675,15.6076336660704,4.80934027615359,5.49957230098494,5.69631335995189,3.33250486641675,5.49957230098494,3.33250486641675,3.21801854280397,5.49957230098494,3.33250486641675,3.33250486641675,3.33250486641675,4.44630996091179,5.49957230098494,3.33250486641675,3.33250486641675,3.33250486641675,3.33250486641675,4.80934027615359
9.81203151514709,7.72282826601875,6.71709670683369,11.7211336785435,9.15417039669059,8.63113101479748,11.1260254406401,9.7933138706398,8.21289457243794,9.39883821590767,8.53641410897254,11.8563718634125,10.7034265190961,12.0049614260221,4.6214715786378,4.718230553636,6.87502734369902,9.29919663730429,10.9897943626762,9.29919663729124,4.9940215651226,4.4824997557725,12.6283783882553,12.9097878806224,12.9097878806224,8.95491274328487,4.74544749916721,2.64373934349073,8.95491274346296,31.1852453396179,3.70711905421871,17.877568479076,5.38658488420374,5.6623992480452,6.32069042884182,3.70711905421871,5.6623992480452,3.70711905421871,3.22166461686733,5.6623992480452,3.70711905421871,3.70711905421871,3.70711905421871,4.7081602522258,5.6623992480452,3.70711905421871,3.70711905421871,3.70711905421871,3.70711905421871,5.38658488420374
9.53454344264646,7.60945494988126,6.59656112057662,11.1855917462719,8.89103606238853,8.02681464133766,10.5608522693787,9.03170129538318,8.13381855895957,9.57106941648032,8.38169366741676,11.1672287631049,9.91453744648102,11.3216784651053,4.26959801103082,4.80778498882933,6.87375059908941,9.21348417798496,10.2262709935453,9.21348417795144,4.77758571505157,3.98102630650821,12.8305248524764,11.9360815366731,11.9360815366731,8.80470110153961,4.8614584082035,2.61006543227013,8.8047011020154,29.0051411682933,3.65019865719774,16.480526012316,5.36683378868601,5.13314507461695,5.60331924154263,3.65019865719774,5.13314507461695,3.65019865719774,3.15698538798961,5.13314507461695,3.65019865719774,3.65019865719774,3.65019865719774,4.11731749589538,5.13314507461695,3.65019865719774,3.65019865719774,3.65019865719774,3.65019865719774,5.36683378868601
10.233980624478,7.65707333146099,6.77945439556714,11.9727732335408,9.05134458919326,9.07807516019985,11.6333449002089,10.4139989609807,8.34003799404195,9.96028853020067,8.59045588226364,12.5921776956514,11.4522090150665,12.7711713080598,4.70899585239831,5.22829261003524,7.18477843999777,9.46951812000906,11.79165315627,9.46951811992836,5.0332945703244,4.51256998501738,13.3315252276514,13.8614704927819,13.8614704927819,9.05490953424677,5.07218247196225,2.94456684480757,9.05490953471039,33.5460190888632,4.11878600934311,19.1657710523052,5.73298843006003,5.11570761108587,6.35230789012187,4.11878600934311,5.11570761108587,4.11878600934311,3.03430739677358,5.11570761108587,4.11878600934311,4.11878600934311,4.11878600934311,4.45206758499308,5.11570761108587,4.11878600934311,4.11878600934311,4.11878600934311,4.11878600934311,5.73298843006003
9.85318049052065,7.92951003628834,6.74927383371516,11.5726708173372,9.19039178304755,8.29701810410732,10.8946646706547,9.40670967420618,8.29826379296754,9.92022541511034,8.56273996807037,11.5590381748817,10.3321402438875,11.728370595424,4.43612100522741,4.92558572886826,6.98206099286346,9.39597585257969,10.6174034562334,9.39597585247262,4.8886772648957,4.11972907587546,13.2955501343438,12.4438085850687,12.4438085850687,8.99626503574167,4.76525240203708,2.73883203275599,8.99626503592831,34.3119262080966,3.84081083028655,17.1738935250622,5.33966841051429,5.33234374622678,5.80479878572253,3.84081083028655,5.33234374622678,3.84081083028655,3.25410582677806,5.33234374622678,3.84081083028655,3.84081083028655,3.84081083028655,4.27452234671293,5.33234374622678,3.84081083028655,3.84081083028655,3.84081083028655,3.84081083028655,5.33966841051429
9.57072331930535,7.67708756969892,6.6174475456912,11.2592667302666,8.83818905416475,8.15150601520527,10.7445793787115,9.23620276864576,8.19290250769057,9.40414941488627,8.4074779173519,11.3403939380997,10.0983024242309,11.5131862833605,4.42714648673985,4.55037635171963,6.82033721306581,9.30021640062929,10.3486172750522,9.30021640059608,4.55044211671116,4.21700015940299,12.6783816813112,12.1846480736797,12.1846480736797,8.91028765691461,4.93390416560544,2.71876014294113,8.91028765691461,29.5456417011892,3.80808433902277,16.8070496370962,4.93501764493579,4.82320298141856,5.94015287756099,3.80808433902277,4.82320298141856,3.80808433902277,3.00189142190818,4.82320298141856,3.80808433902277,3.80808433902277,3.80808433902277,4.47634796182388,4.82320298141856,3.80808433902277,3.80808433902277,3.80808433902277,3.80808433902277,4.93501764493579
9.58775754874198,7.42883401098686,6.41885701267977,11.1870717146214,8.62941766873085,8.23238470106622,10.6814010141244,9.36712729196243,7.91764162802959,9.41145484750255,8.16112643496446,11.562062849374,10.3484421614326,11.710014991978,4.14377571748632,4.52226623087932,6.77179485043111,8.96844378342118,10.6061841379832,8.96844378232535,4.58749552462856,3.86565005706873,12.6789783391681,12.4865540334717,12.4865540334717,8.41846449126469,4.63135357142874,2.50433450558029,8.41846449134517,33.8753557342797,3.51533947776977,17.3056307406319,5.06531062173763,5.0120223615125,5.44995067813448,3.51533947776977,5.0120223615125,3.51533947776977,3.07447292539313,5.0120223615125,3.51533947776977,3.51533947776977,3.51533947776977,4.71399333210018,5.0120223615125,3.51533947776977,3.51533947776977,3.51533947776977,3.51533947776977,5.06531062173763
9.18758256367068,7.27823129087657,6.34200512104919,11.0638402049792,8.63927629495935,8.12762896601649,10.3791504861711,9.14703595349989,7.7067277008313,8.83252165044963,8.02898178339068,11.1238506952295,10.0569797740399,11.2854313180392,4.26865317811045,4.52442843665497,6.48862511458323,8.70553971634161,10.2871852802604,8.70553971607862,4.75943257014828,3.97046795132245,11.7874125195183,12.1087568140892,12.1087568140892,8.32183269444703,4.70995404642128,2.59589615698207,8.32183269419732,32.1299522654987,3.6330487227883,16.7344733191016,4.92500118949241,5.52285713311802,5.59038117227219,3.6330487227883,5.52285713311802,3.6330487227883,3.19564344462118,5.52285713311802,3.6330487227883,3.6330487227883,3.6330487227883,4.22576651862755,5.52285713311802,3.6330487227883,3.6330487227883,3.6330487227883,3.6330487227883,4.92500118949241
10.0062405421416,7.90865396053478,6.45375285274021,11.7007852234222,8.95058742878313,8.73951172044699,11.1488449543602,10.0189447279854,7.92473785553313,10.0699846958864,8.20436632250633,11.9411472550538,10.9538934350277,12.0734110025507,4.60411604870174,4.72875033705103,6.47332305450394,8.98143138900307,11.2117762987515,8.98143138901698,4.70597036069015,4.57267801676713,13.5743880562517,13.2435609069857,13.2435609069857,8.81677261656104,4.60090856949124,2.56010562143855,8.81677261668363,31.7542862735753,3.58297495932377,18.3836293031178,5.13305310533302,5.22036283906359,6.44590468712786,3.58297495932377,5.22036283906359,3.58297495932377,3.03403670915352,5.22036283906359,3.58297495932377,3.58297495932377,3.58297495932377,4.00859121965089,5.22036283906359,3.58297495932377,3.58297495932377,3.58297495932377,3.58297495932377,5.13305310533302
9.55754185871645,7.66383752096558,6.72002865199076,11.3972723279739,9.07479417233599,8.13715621150389,10.7545739354677,9.17502052448928,8.28346562664578,9.31306407350655,8.5565584038884,11.2529877523701,10.0041418500061,11.4084304523826,4.45554747566353,4.47064223646303,6.76539711162615,9.39247402535232,10.238506648239,9.39247402527418,4.67303838046179,4.2815259578772,12.5394753529884,12.0512797858215,12.0512797858215,9.07314840784645,4.77565296658231,2.59322923273808,9.07314840770606,33.703280901456,3.64240675137382,16.6487205000235,4.90256418251555,5.31120603080919,6.04000859717988,3.64240675137382,5.31120603080919,3.64240675137382,3.13148274231315,5.31120603080919,3.64240675137382,3.64240675137382,3.64240675137382,4.35701152903308,5.31120603080919,3.64240675137382,3.64240675137382,3.64240675137382,3.64240675137382,4.90256418251555
9.74945775046838,7.8703330627133,6.77010722998204,11.8978260969843,9.29786748367111,8.6437730728823,11.2262934507139,9.84915564333791,8.305651707025,9.06560333177156,8.59773362917667,11.8774947148523,10.9012811724959,12.0565947736511,4.33575456481447,4.90752768138955,6.75124777046676,9.43427347988656,11.2525831527173,9.43427347984642,5.06304381648853,3.98684439423102,12.1615526207365,13.1834686285911,13.1834686285911,9.44749967095914,4.87635915783421,2.84941392762165,9.44749967090858,34.7588642282349,3.99560790544422,18.2105933716133,5.6805288259864,5.35443310303966,5.61401403021298,3.99560790544422,5.35443310303966,3.99560790544422,2.98554980494551,5.35443310303966,3.99560790544422,3.99560790544422,3.99560790544422,4.26701941186914,5.35443310303966,3.99560790544422,3.99560790544422,3.99560790544422,3.99560790544422,5.6805288259864
10.1595424462045,7.76664429416172,6.94586558964884,12.0554886916956,9.37851722877692,8.72457992120463,11.4494132677373,9.9209437277098,8.56716674811968,9.83834430000222,8.87186803025011,12.268694100691,10.9808512091011,12.40602841307,4.26518149878804,4.74334914304884,7.06363973997848,9.73575437262897,11.2486481954681,9.73575437226052,4.86319099215167,4.0151525379904,13.2460737733432,13.2762543830123,13.2762543830123,9.35765745629945,4.79090406409011,2.61263716870222,9.35765745630218,29.9592229459071,3.65735187738668,18.4155132191482,5.20453263733263,5.52162299544993,5.65412077279558,3.65735187738668,5.52162299544993,3.65735187738668,3.03802457359101,5.52162299544993,3.65735187738668,3.65735187738668,3.65735187738668,4.2187526625584,5.52162299544993,3.65735187738668,3.65735187738668,3.65735187738668,3.65735187738668,5.20453263733263
9.31029648561284,7.44282364343549,6.52699178286168,11.3085804974263,9.07022598604011,8.01217118323905,10.5219914249652,9.05912415255836,8.05690758098182,9.10970981101934,8.26848885748123,11.1273583514618,9.85521595771254,11.3074797666652,4.5249665872063,4.67429269638928,6.90127460981854,9.12524697705493,10.1275419178497,9.12524697650046,4.63709004915183,4.30823407901599,12.1944659261372,11.8648357422302,11.8648357422302,8.59564204466833,4.89465783045773,2.72970902211293,8.59564204445967,30.6880463745506,3.83148621614022,16.3358676752912,5.11508092310179,4.86451845352769,6.0746513474209,3.83148621614022,4.86451845352769,3.83148621614022,3.13747915343724,4.86451845352769,3.83148621614022,3.83148621614022,3.83148621614022,4.36248131501383,4.86451845352769,3.83148621614022,3.83148621614022,3.83148621614022,3.83148621614022,5.11508092310179
9.76272782018593,7.38181099777764,6.39517339449815,11.6751959945676,8.8215929408203,8.73520780061947,11.1287623020883,10.0803317982674,7.84692044370639,9.32809232575874,8.082456630499,12.1897123915583,11.17335474758,12.3661112540391,4.34402181532479,4.64061870856432,6.70822421710114,8.89660397156078,11.4283121041348,8.89660397165415,4.68451606979164,4.01198399308407,12.5815316327025,13.5223884478249,13.5223884478249,8.4977707798703,4.65616214080077,2.84099359464206,8.4977707798703,30.1640798116782,3.9820610790601,18.7056686504849,5.11072018845188,4.88440856238399,5.64866947062441,3.9820610790601,4.88440856238399,3.9820610790601,2.97434298394664,4.88440856238399,3.9820610790601,3.9820610790601,3.9820610790601,4.02692615836197,4.88440856238399,3.9820610790601,3.9820610790601,3.9820610790601,3.9820610790601,5.11072018845188
9.51179828686856,7.3052029071708,6.40800990847974,11.5129436171891,8.80644674868999,8.56635794226087,10.8564615474524,9.73933656351195,7.78648558358268,9.03400909282501,8.11418063030258,11.7807523766696,10.7558849687035,11.9634081439356,4.32620267512919,4.7336600421649,6.59018345968565,8.82595432288217,10.9914801566777,8.82595432297709,4.78991570819113,4.0407817516326,12.0328876256143,13.0050139415203,13.0050139415203,8.442687578496,4.80476407418551,2.76213054958889,8.44268757853226,32.8212873704891,3.86824267147565,17.9797185772131,4.91880492228285,5.44714398310597,5.68867825946311,3.86824267147565,5.44714398310597,3.86824267147565,2.97034832693762,5.44714398310597,3.86824267147565,3.86824267147565,3.86824267147565,4.40671687766853,5.44714398310597,3.86824267147565,3.86824267147565,3.86824267147565,3.86824267147565,4.91880492228285
9.83037725842182,7.37204090780191,6.76388307080641,11.7066944244396,9.08047842064553,8.5885155521048,11.1546628984554,9.72225083773235,8.31332269994323,9.37120025529384,8.62369820679459,12.0098823812136,10.7712901305989,12.1519515727863,4.18762977114328,4.83521466609389,7.04396496294373,9.42726864485083,11.0990952998907,9.42726864462701,4.99786328383412,3.88878697878158,12.557959781322,13.0048895874115,13.0048895874115,8.99566195899998,4.81571293189996,2.5455567307441,8.99566195947723,33.2214066352712,3.5705053914455,18.0414219047416,5.59733911569602,5.55490745029726,5.48051217468352,3.5705053914455,5.55490745029726,3.5705053914455,3.13428777884964,5.55490745029726,3.5705053914455,3.5705053914455,3.5705053914455,4.24081510217028,5.55490745029726,3.5705053914455,3.5705053914455,3.5705053914455,3.5705053914455,5.59733911569602
10.2584117456093,7.89496790644897,6.61738098910819,12.0659262845009,9.20093551481996,8.94829124709101,11.4217924257774,10.2488345313396,8.14206984948077,10.2560040046955,8.41166616866454,12.3817371844959,11.2847390860939,12.5206342759197,4.52252313843239,4.76252114741085,6.75732243407316,9.22565416403238,11.5144952906167,9.22565416337078,4.71356749019516,4.37704081389541,13.8168003263758,13.6424933282328,13.6424933282328,8.86900536701383,4.79527540682657,2.6136192527529,8.8690053672431,31.497761240612,3.66551950739584,18.944083468091,5.05262214425126,5.26189604625735,6.17169329081577,3.66551950739584,5.26189604625735,3.66551950739584,3.13581890352074,5.26189604625735,3.66551950739584,3.66551950739584,3.66551950739584,4.31418291609138,5.26189604625735,3.66551950739584,3.66551950739584,3.66551950739584,3.66551950739584,5.05262214425126
9.67849872255963,7.97655390315103,6.66925916137524,11.1832623097607,8.7268189107909,8.30655589952382,10.7407983405654,9.35160634962909,8.11707450914077,9.61334862359911,8.44181202286592,11.1962523844713,10.2184840352526,11.3998733525713,4.56856227872119,4.65237864357417,6.54118589894623,9.18462864145389,10.4637206031719,9.18462864249912,4.9414386792366,4.29043841179813,12.9524574478945,12.3043323332799,12.3043323332799,9.1097387502786,4.88748652690718,2.81294505091573,9.10973875049901,29.2375308910016,3.94645390212189,16.9466492125471,5.06853800716128,5.65581142654648,6.04697780926562,3.94645390212189,5.65581142654648,3.94645390212189,3.23638527627097,5.65581142654648,3.94645390212189,3.94645390212189,3.94645390212189,4.27176514787469,5.65581142654648,3.94645390212189,3.94645390212189,3.94645390212189,3.94645390212189,5.06853800716128
9.80797914890112,8.17336428436026,6.98873035455136,11.8132927167406,9.2810327423684,8.54598907524363,11.3893546260859,9.76158826931503,8.68106937431421,9.0537532561979,8.91827604489541,12.0585139987304,10.7284497843118,12.2019410716989,4.44783074423315,4.7901002519574,7.20300181016627,9.84739134880229,11.0390113033069,9.84739134899634,4.86495070483087,4.24973786137314,12.0892327315189,12.9381035159382,12.9381035159382,9.46128097096432,4.62528961412017,2.57210867203714,9.46128097086572,32.4320950395075,3.60075780174665,17.9402072420484,5.55019923911162,5.21854511688299,5.98800534812162,3.60075780174665,5.21854511688299,3.60075780174665,3.24455858004468,5.21854511688299,3.60075780174665,3.60075780174665,3.60075780174665,4.34960529694994,5.21854511688299,3.60075780174665,3.60075780174665,3.60075780174665,3.60075780174665,5.55019923911162
9.7442210839159,7.66926057641495,6.70116830784156,11.5169155212001,8.90071328012387,8.48150606272544,11.1451024130739,9.6825572653575,8.30113064602407,9.25695619149421,8.56263442772678,11.8694999400557,10.5945389065672,12.0007025857012,4.43733036930573,4.48472067723548,6.86723756382454,9.43136276244868,10.8522105843544,9.43136276165162,4.61077265683327,4.393133632879,12.4699914654864,12.8052058756675,12.8052058756675,9.02016140617402,4.5931645197018,2.47930598375346,9.02016140606828,34.4740762126403,3.462315077015,17.7742209089882,5.036501068332,5.14041481531775,6.18840362946299,3.462315077015,5.14041481531775,3.462315077015,2.96404532942429,5.14041481531775,3.462315077015,3.462315077015,3.462315077015,4.49958836661012,5.14041481531775,3.462315077015,3.462315077015,3.462315077015,3.462315077015,5.036501068332
10.0840924954828,8.09714510789191,6.75707433026135,11.5696168905517,8.80734032625068,8.6869544629237,11.2071940480745,9.88095932115246,8.26675196011099,9.92973989148991,8.57767450618563,11.8877002212718,10.9240492468863,12.0551155109449,4.3815018730741,4.60445478958802,6.54329018831281,9.3546736237405,11.1444366427498,9.35467362293927,4.87964562433617,4.04754584964278,13.4094292398245,13.1757332101709,13.1757332101709,9.32030863666142,4.72725608303848,2.69016295940528,9.32030863589986,29.8503153646232,3.77334042783278,18.2472578439101,5.04115095122153,5.63749551247523,5.70351314452802,3.77334042783278,5.63749551247523,3.77334042783278,3.2899593168352,5.63749551247523,3.77334042783278,3.77334042783278,3.77334042783278,4.35239426037234,5.63749551247523,3.77334042783278,3.77334042783278,3.77334042783278,3.77334042783278,5.04115095122153
