Animal_1,Animal_2,Animal_3,Animal_4,Animal_5,Animal_6,Animal_7,Animal_8,Animal_9,Animal_10,Animal_11,Animal_12,Animal_13,Animal_14,Animal_15,Animal_16,Animal_17,Animal_18,Animal_19,Animal_20,Animal_21,Animal_22,Animal_23,Animal_24,Animal_25,Animal_26,Animal_27,Animal_28,Animal_29,Animal_30,Animal_31,Animal_32,Animal_33,Animal_34,Animal_35,Animal_36,Animal_37,Animal_38,Animal_39,Animal_40,Animal_41,Animal_42,Animal_43,Animal_44,Animal_45,Animal_46,Animal_47,Animal_48,Animal_49,Animal_50
1.63938671390197,0.607197343771813,1.1186021235166,1.61310062271728,0.741502883402219,2.40096294084524,2.13300057361671,2.73765014152757,1.12541096786421,0.70290960565835,1.13356204743588,2.63528832637168,3.03742278238204,2.59398802323966,0.673425414608726,0.685635004583857,0.989026915888658,1.16677599204374,2.94266790948229,1.16677599206132,0.955927039526851,0.494027567196754,0.773397956455433,3.14244940742989,3.14244940742989,1.3024129544776,0.556579988280476,1.53233785969445,1.3024129544776,0.996072120922206,1.53245313973419,3.22733559266313,0.788901371793669,0.792431454257951,0.494041017945893,1.53245313973419,0.792431454257951,1.53245313973419,0.178327927929494,0.792431454257951,1.53245313973419,1.53245313973419,1.53245313973419,0.144362245066807,0.792431454257951,1.53245313973419,1.53245313973419,1.53245313973419,1.53245313973419,0.788901371793669
1.59895956150552,0.624017260473703,1.12141598328673,1.69731054905679,0.76581634581438,2.43491544639153,2.20638040114855,2.81903008902901,1.13863088525662,0.707208657851884,1.13178002781962,2.71713357700248,3.06828896531634,2.67313791331936,0.70886496427979,0.658612528330252,0.995713248507914,1.17738407838504,2.96396101257612,1.17738407838798,0.943850423849057,0.495195459747936,0.76924478978614,3.15844372289151,3.15844372288156,1.30026476685293,0.550342448885004,1.54270357905079,1.30026476685293,0.999006159761182,1.54281901014927,3.2401847854324,0.794405908062832,0.797130972289066,0.495211599159098,1.54281901014927,0.797130972289066,1.54281901014927,0.17901704279963,0.797130972289066,1.54281901014927,1.54281901014927,1.54281901014927,0.144917220312889,0.797130972289066,1.54281901014927,1.54281901014927,1.54281901014927,1.54281901014927,0.794405908062832
1.61655647936449,0.669536684861298,1.13549711581719,1.6356308180735,0.788302778947405,2.39738943797188,2.10504171611757,2.75657216764003,1.14993344687691,0.711397006350339,1.14545768482132,2.62725782643178,3.04000961552153,2.58694234584727,0.696177332379553,0.713799573114622,0.989792970032725,1.18401595565851,2.91338308647672,1.18401595565864,0.942966753248192,0.495225257330409,0.775212540042349,3.13242148603861,3.13242148603861,1.30947445381956,0.571611522175691,1.54871864718222,1.30947445382779,0.996664552664775,1.5489563676947,3.21590392273735,0.793774989055212,0.795907323211117,0.495254678037557,1.5489563676947,0.795907323211117,1.5489563676947,0.179034294611252,0.795907323211117,1.5489563676947,1.5489563676947,1.5489563676947,0.144946239829031,0.795907323211117,1.5489563676947,1.5489563676947,1.5489563676947,1.5489563676947,0.793774989055212
1.70453415768077,0.66117071413056,1.1366903376997,1.74644381902806,0.741224247288392,2.58603761318226,2.28113371796109,2.87719250120482,1.15408774886394,0.70138176092079,1.14959533222919,2.76042939297891,3.09201158966142,2.72545156993228,0.686507373482543,0.637226199094633,0.989078422001845,1.190389508629,3.01551830085098,1.19038950864639,0.940443096316282,0.494039666341812,0.763994403964582,3.16627266107578,3.16627266107578,1.32110674118357,0.590664943192057,1.54133601623223,1.32110674119209,0.998419068633607,1.54151674962087,3.22692897524155,0.790843387602587,0.794702778063704,0.494062199660536,1.54151674962087,0.794702778063704,1.54151674962087,0.178714182653341,0.794702778063704,1.54151674962087,1.54151674962087,1.54151674962087,0.144524788930987,0.794702778063704,1.54151674962087,1.54151674962087,1.54151674962087,1.54151674962087,0.790843387602587
1.64424832480869,0.668511119423577,1.12827841501396,1.68516224799353,0.771184914351575,2.48688159323716,2.16121619585177,2.8119531246508,1.14368157516469,0.709286387462223,1.13954723025119,2.65195053454616,3.08731942023657,2.61900859312975,0.671399313167165,0.668464192358149,0.988568970650333,1.17700038873967,2.97657642973811,1.17700038873283,0.935079564471639,0.499053581937217,0.771648782543081,3.17227478810511,3.17227478810511,1.31213818102767,0.568873324175096,1.55470348691338,1.31213818103811,1.00338694464496,1.5547999624369,3.23990085021298,0.796487291678973,0.802651170240014,0.499063736778541,1.5547999624369,0.802651170240014,1.5547999624369,0.180159326034513,0.802651170240014,1.5547999624369,1.5547999624369,1.5547999624369,0.145786939157044,0.802651170240014,1.5547999624369,1.5547999624369,1.5547999624369,1.5547999624369,0.796487291678973
1.6313169964013,0.685175002622848,1.12305652373597,1.70270476649774,0.767749635395635,2.50039419531772,2.20149817422837,2.85983593703676,1.13820661235099,0.709740338731891,1.13395480342327,2.68345051857055,3.09051492889921,2.64886113165282,0.696047510472209,0.656935188333706,0.985749528029918,1.17269584937946,2.96748706976822,1.17269584937484,0.932444054659842,0.498738702105015,0.772476028635977,3.17487784155298,3.17487784155298,1.3021886815784,0.53397194292547,1.55687007379784,1.30218868157617,1.00646984358975,1.55703734927975,3.24293577712249,0.797928824309126,0.799994431812283,0.498760243611907,1.55703734927975,0.799994431812283,1.55703734927975,0.180233600410526,0.799994431812283,1.55703734927975,1.55703734927975,1.55703734927975,0.145859605716288,0.799994431812283,1.55703734927975,1.55703734927975,1.55703734927975,1.55703734927975,0.797928824309126
1.65476335230043,0.663729715328125,1.14415414849558,1.65098607547686,0.764343344038428,2.49202852199477,2.1646294929558,2.82351698386498,1.15719656586314,0.713865611394382,1.15378584763344,2.65955370219014,3.07849431029357,2.62509754959181,0.689423522387686,0.694937171959816,0.988209109435875,1.18766571168342,2.97703541235434,1.18766571169174,0.947934440750868,0.496352091621145,0.770498636275555,3.15506334300274,3.15506334300274,1.3218151112479,0.541392676875346,1.54739065587354,1.32181511125611,0.997295342711365,1.54762605551955,3.22376877920012,0.794954741907577,0.798007299108979,0.496379627327084,1.54762605551955,0.798007299108979,1.54762605551955,0.179123386537674,0.798007299108979,1.54762605551955,1.54762605551955,1.54762605551955,0.145000325732533,0.798007299108979,1.54762605551955,1.54762605551955,1.54762605551955,1.54762605551955,0.794954741907577
1.60045330201641,0.655008871704371,1.14956537873535,1.68184490543089,0.792360394341482,2.4869949531519,2.14821246382538,2.80113867539309,1.16359411597696,0.711617011903648,1.16233292524582,2.67244172755915,3.0845249573177,2.63657162208817,0.672212873178865,0.661543162587379,0.988644988390524,1.197036773676,2.98433524845272,1.19703677368168,0.946031975768469,0.497794499376876,0.768117098156114,3.17171071513552,3.17171071513552,1.32818697801661,0.574496768029275,1.5465965694419,1.32818697801845,1.00434642363682,1.54677398754325,3.24324333933722,0.794684651727615,0.799423671927483,0.497813510521387,1.54677398754325,0.799423671927483,1.54677398754325,0.179796665101587,0.799423671927483,1.54677398754325,1.54677398754325,1.54677398754325,0.145496385138163,0.799423671927483,1.54677398754325,1.54677398754325,1.54677398754325,1.54677398754325,0.794684651727615
1.63023620617044,0.654155018745528,1.13806440893909,1.72359812593194,0.804893991135122,2.52305732460022,2.17846721126777,2.84255132640562,1.14412737867579,0.707313479875755,1.14576433761284,2.6488205351985,3.07027759600543,2.60767864209283,0.737056861440719,0.665155068650722,0.997084265399355,1.17657994112055,2.97831098801305,1.17657994115168,0.976821070723975,0.495236169372016,0.771710604540509,3.15144341310251,3.15144341310251,1.31578814974558,0.608499989244751,1.54083362311377,1.31578814974428,0.99936390045178,1.54105802735126,3.2352268119637,0.793339877428879,0.793845711121892,0.495271962480859,1.54105802735126,0.793845711121892,1.54105802735126,0.178718237270802,0.793845711121892,1.54105802735126,1.54105802735126,1.54105802735126,0.144698832098257,0.793845711121892,1.54105802735126,1.54105802735126,1.54105802735126,1.54105802735126,0.793339877428879
1.58608203932263,0.605271370394897,1.12163550081188,1.68007781043032,0.771761304130581,2.44597578977994,2.15110377948951,2.79889212976717,1.13795067370815,0.700729703342256,1.13261698510444,2.66814162937046,3.09047751196484,2.6318233050635,0.670680340409793,0.621695945241118,0.983327781644576,1.17208754380107,2.95329799909899,1.17208754380497,0.926864873590573,0.497220950479004,0.766852656921819,3.17933261672892,3.17933261672892,1.29874219155753,0.546690551802844,1.54476685237901,1.2987421915522,1.00078762614414,1.54498397660758,3.25294570769917,0.796612554021392,0.799087951464659,0.49724399076805,1.54498397660758,0.799087951464659,1.54498397660758,0.179754966951285,0.799087951464659,1.54498397660758,1.54498397660758,1.54498397660758,0.145482367760426,0.799087951464659,1.54498397660758,1.54498397660758,1.54498397660758,1.54498397660758,0.796612554021392
1.67986795769678,0.666695168236723,1.14373741316554,1.71128026554176,0.767377683124925,2.53965038394235,2.2276888181207,2.84747166086122,1.15317103541679,0.710878805675601,1.15548465075923,2.71190190399769,3.06272007062975,2.67019988652254,0.723996824185427,0.68608096088695,0.996940988099235,1.19034948229097,2.97666534085861,1.19034948229898,0.968749145937285,0.495783438544062,0.775656546690182,3.14623814320255,3.14623814320255,1.32201781581927,0.60851084255296,1.54178308603861,1.32201781581927,1.00212452235361,1.54188908694055,3.22291021486943,0.79551004239874,0.797583094429688,0.49579993328713,1.54188908694055,0.797583094429688,1.54188908694055,0.179285653802653,0.797583094429688,1.54188908694055,1.54188908694055,1.54188908694055,0.145108246916953,0.797583094429688,1.54188908694055,1.54188908694055,1.54188908694055,1.54188908694055,0.79551004239874
1.74329370650748,0.652863641535397,1.12603952869104,1.74351070294264,0.754180538239077,2.50275212507477,2.24836500888898,2.82915350341787,1.13797738389944,0.714084933365896,1.13414709549379,2.7240568143537,3.0714904315431,2.68310663073365,0.71314248835532,0.721155441081889,1.00010238033238,1.17473466286381,2.97623897242575,1.17473466286373,0.958620357330373,0.497382491839121,0.782315176171243,3.14846284420989,3.14846284420989,1.30677021148601,0.585192922798331,1.5505890393044,1.30677021145982,1.00398781013371,1.5507117665252,3.22286239028775,0.795001314149954,0.799292310605289,0.4973988917521,1.5507117665252,0.799292310605289,1.5507117665252,0.179678661315532,0.799292310605289,1.5507117665252,1.5507117665252,1.5507117665252,0.145356773811119,0.799292310605289,1.5507117665252,1.5507117665252,1.5507117665252,1.5507117665252,0.795001314149954
1.62280396728304,0.661590787702755,1.12013566804425,1.73712578489141,0.7786481638342,2.5366891919398,2.20962790732416,2.86213527229898,1.1321461160234,0.707187723006007,1.13468455064654,2.6874824810385,3.0775175140372,2.6541307204206,0.679546423465757,0.673074950153431,0.97782984230507,1.16885650828056,2.9745540920535,1.16885650825916,0.929518533123692,0.493165612258265,0.760956487935906,3.16549425417065,3.16549425417065,1.29739411348087,0.537159712038047,1.54052978881945,1.29739411347769,0.991710049587921,1.54072983804376,3.22953004461387,0.787520910109751,0.792580468205087,0.493191560217566,1.54072983804376,0.792580468205087,1.54072983804376,0.178079869150255,0.792580468205087,1.54072983804376,1.54072983804376,1.54072983804376,0.144196586030792,0.792580468205087,1.54072983804376,1.54072983804376,1.54072983804376,1.54072983804376,0.787520910109751
1.74497889233001,0.662187434222357,1.13644221193983,1.77279983063948,0.774818163667108,2.56957384391501,2.23628065600837,2.85209951671372,1.14963073961511,0.699191278750513,1.1540674031495,2.75911496236609,3.11256935311399,2.72763792188549,0.638553537230809,0.657835749775525,0.975831126540709,1.18715143216207,3.01138735850243,1.18715143214015,0.926124451067344,0.494947244478465,0.767063326585277,3.19753247553741,3.19753247553741,1.3104980634592,0.537864921906556,1.54169393809008,1.3104980634592,1.00085706662312,1.54180117914347,3.25365898973133,0.793377828231076,0.794944015057125,0.494957189051865,1.54180117914347,0.794944015057125,1.54180117914347,0.17908094629528,0.794944015057125,1.54180117914347,1.54180117914347,1.54180117914347,0.144965222677551,0.794944015057125,1.54180117914347,1.54180117914347,1.54180117914347,1.54180117914347,0.793377828231076
1.68488415227924,0.609749356268058,1.11781858878005,1.73393634884486,0.762586935310246,2.48233760586837,2.20651377126944,2.81752790008975,1.1291752399809,0.707902530184726,1.12616531908781,2.67976727125248,3.07994312591933,2.64640531032535,0.679697837450088,0.670562408358624,0.986770331776359,1.16162724547633,2.96490384674234,1.16162724547964,0.939689459154925,0.496800959765242,0.769895606776042,3.15335099452137,3.15335099452137,1.29440113518442,0.518701492291132,1.55383773262732,1.29440113518558,1.00250542633868,1.55412488176735,3.21775907503328,0.795497744163022,0.799618662932341,0.496831636641709,1.55412488176735,0.799618662932341,1.55412488176735,0.179388069412485,0.799618662932341,1.55412488176735,1.55412488176735,1.55412488176735,0.145191678267882,0.799618662932341,1.55412488176735,1.55412488176735,1.55412488176735,1.55412488176735,0.795497744163022
1.57075740096686,0.677129689579623,1.11480970571039,1.66121923107797,0.792928249107852,2.41659030644853,2.10207212896911,2.78214364048616,1.13297770616571,0.697201852352527,1.127188727359,2.60302134078372,3.07084635423695,2.56845728239441,0.663797941526989,0.636031109383027,0.976566088012277,1.16731365139101,2.94780397989287,1.16731365138586,0.91879463188712,0.492828402352971,0.763243720817094,3.16906518752481,3.16906518752481,1.30233367678411,0.55097152947741,1.53466407950145,1.3023336767888,0.992667375231879,1.53484843188611,3.2451893424162,0.790103515574313,0.793483611558226,0.492848626651148,1.53484843188611,0.793483611558226,1.53484843188611,0.178195555626317,0.793483611558226,1.53484843188611,1.53484843188611,1.53484843188611,0.144355262838441,0.793483611558226,1.53484843188611,1.53484843188611,1.53484843188611,1.53484843188611,0.790103515574313
1.69735339603568,0.627121698998833,1.13711604173317,1.69381014678658,0.738418619998928,2.50141944060148,2.23193350338701,2.83328752289911,1.14889357078037,0.710575918150021,1.14800372240842,2.74568948913078,3.11001445601623,2.70758543321018,0.679337280848887,0.673772852723498,0.993881644191723,1.18408387088763,3.00329945098551,1.18408387088732,0.95102333832893,0.498052720634779,0.773625756960224,3.18856954448492,3.18856954448492,1.31168729717967,0.530800362736184,1.54900981091925,1.31168729717071,1.00378242895233,1.54915962653039,3.25814651528395,0.797380751244406,0.802178544195935,0.498068863551368,1.54915962653039,0.802178544195935,1.54915962653039,0.180119316567585,0.802178544195935,1.54915962653039,1.54915962653039,1.54915962653039,0.14582173364073,0.802178544195935,1.54915962653039,1.54915962653039,1.54915962653039,1.54915962653039,0.797380751244406
1.56271365678002,0.631664676079377,1.12773338345042,1.67457456884121,0.786815886724591,2.40893716091317,2.15707011480178,2.80572120781999,1.1471246074011,0.709653400876745,1.14178065223462,2.68171792863272,3.06482607370882,2.64448818035699,0.681426113870736,0.648768746889282,0.988400992063936,1.18567095537716,2.93571635380379,1.18567095535234,0.926869205835082,0.499373045941227,0.769808265496869,3.16438616448895,3.16438616448895,1.3048935160098,0.514044790758183,1.56158045582758,1.3048935160098,1.0097133127615,1.56178442929423,3.23752476985615,0.79843529477149,0.801767306510373,0.499397561660213,1.56178442929423,0.801767306510373,1.56178442929423,0.180605209386663,0.801767306510373,1.56178442929423,1.56178442929423,1.56178442929423,0.146162787842666,0.801767306510373,1.56178442929423,1.56178442929423,1.56178442929423,1.56178442929423,0.79843529477149
1.59305016476301,0.630249581650324,1.11595650781652,1.62023076251249,0.73289250912893,2.43371075250861,2.15482943082383,2.76486772336583,1.12310366515794,0.706537487461576,1.13141047223991,2.64382688888204,3.04762872254144,2.6043921634335,0.674680076514219,0.675751807128968,0.989949075139959,1.16505332609138,2.95537235584136,1.16505332609185,0.954481056118043,0.49473368707458,0.768590514619708,3.15226672340058,3.15226672340058,1.30214929692593,0.563873415217573,1.53882290340663,1.30214929692928,0.998099304426168,1.53898527131709,3.23325984662655,0.791184616482849,0.795341755768572,0.494753020281428,1.53898527131709,0.795341755768572,1.53898527131709,0.178907849594085,0.795341755768572,1.53898527131709,1.53898527131709,1.53898527131709,0.144759380230643,0.795341755768572,1.53898527131709,1.53898527131709,1.53898527131709,1.53898527131709,0.791184616482849
1.59169551444808,0.665050069903821,1.1287848661347,1.65337650952941,0.792296046747315,2.44002688725727,2.11996524359894,2.80216686721809,1.14326613342697,0.703261979473537,1.14474981930852,2.63593317062072,3.0731064042629,2.60216227817123,0.656146288520013,0.669445431292695,0.97770178861951,1.17946939368112,2.96800749052423,1.17946939367361,0.926989262320837,0.493207842588215,0.761480363197467,3.17492660891406,3.17492660891406,1.30848213302584,0.507680054986513,1.5370076005844,1.3084821330238,0.995613455762123,1.53712329567803,3.24594811192381,0.789786019093615,0.794521612007894,0.49322054612914,1.53712329567803,0.794521612007894,1.53712329567803,0.178386942794246,0.794521612007894,1.53712329567803,1.53712329567803,1.53712329567803,0.144296754200495,0.794521612007894,1.53712329567803,1.53712329567803,1.53712329567803,1.53712329567803,0.789786019093615
1.62999057549601,0.705320486952604,1.133909368247,1.67676130578825,0.759664189098027,2.4753712886319,2.18500282889731,2.81467961935705,1.14837022926457,0.701284129543098,1.1467225589369,2.70000802281096,3.07305361819647,2.6634145755777,0.675617439370686,0.642320164782921,0.982784400638536,1.18367685746539,2.95652939661751,1.18367685744783,0.933033372471285,0.494374536664765,0.763979900164789,3.15786894921588,3.15786894921588,1.30751286488603,0.529634706382874,1.53956596911502,1.3075128648838,0.9995874107878,1.53976297845541,3.22684417114855,0.792340472590848,0.794141990051931,0.494397109989161,1.53976297845541,0.794141990051931,1.53976297845541,0.178880367124028,0.794141990051931,1.53976297845541,1.53976297845541,1.53976297845541,0.14469167941623,0.794141990051931,1.53976297845541,1.53976297845541,1.53976297845541,1.53976297845541,0.792340472590848
1.56024522451128,0.610368697575503,1.10672952033054,1.59740969552307,0.74708610592408,2.38721753365987,2.11081118076934,2.76242185256352,1.12301858493672,0.695969834855246,1.12365840856235,2.61217910711056,3.04006346315276,2.5769774846106,0.658025929490571,0.627467174306251,0.977738461974888,1.16432278108294,2.91428985711028,1.16432278108953,0.919109908217867,0.495781584716343,0.765665701264791,3.15422591546276,3.15422591546299,1.29327055688193,0.534374762221787,1.5444848533164,1.29327055687543,0.998504399745371,1.54458912518814,3.2297924757364,0.79345170890783,0.797322954900155,0.495793382201675,1.54458912518814,0.797322954900155,1.54458912518814,0.179136224147787,0.797322954900155,1.54458912518814,1.54458912518814,1.54458912518814,0.145019354428338,0.797322954900155,1.54458912518814,1.54458912518814,1.54458912518814,1.54458912518814,0.79345170890783
1.70913033988336,0.698643043236528,1.13395122487159,1.77539650561866,0.789175867734012,2.54188169232255,2.24634827811265,2.86490056098242,1.15151985719589,0.703196824393709,1.14987640231899,2.74106891225973,3.0760702654795,2.70587510129617,0.678188373720346,0.685699324788982,0.98249621579689,1.18998861808745,2.99224568324821,1.18998861808196,0.930465528588754,0.492308846016241,0.76453205726169,3.16066581615985,3.16066581615985,1.31476864689402,0.543216763815749,1.53516530785039,1.31476864689402,0.995656246902788,1.53534178460713,3.22291789207219,0.787499846537142,0.7933670780318,0.492331645432181,1.53534178460713,0.7933670780318,1.53534178460713,0.177989381982578,0.7933670780318,1.53534178460713,1.53534178460713,1.53534178460713,0.144134287119974,0.7933670780318,1.53534178460713,1.53534178460713,1.53534178460713,1.53534178460713,0.787499846537142
1.56594167849928,0.709729463598915,1.14754704051188,1.66132078057655,0.796965343378048,2.45165956149456,2.15071047645036,2.81670457384269,1.16506748326243,0.716950199639895,1.16238300667871,2.67765604959722,3.06272519026285,2.63755729570215,0.699307432846012,0.687594733172305,0.994645598432222,1.20335684815112,2.94737815040539,1.20335684816576,0.942700763537558,0.500063433022746,0.772986595128233,3.16456175517978,3.16456175517978,1.32638485153201,0.572242701451031,1.55374347535449,1.32638485151038,1.00769827361221,1.55383427353564,3.24411984708112,0.80041868369313,0.804506251666742,0.500075953260593,1.55383427353564,0.804506251666742,1.55383427353564,0.180730065202483,0.804506251666742,1.55383427353564,1.55383427353564,1.55383427353564,0.146387118326629,0.804506251666742,1.55383427353564,1.55383427353564,1.55383427353564,1.55383427353564,0.80041868369313
1.57368460519015,0.648838507163338,1.15243384338716,1.60683334161131,0.75332599034628,2.44371918609268,2.14379569935617,2.78024803034473,1.16651584160818,0.706892305898957,1.16206244680156,2.68929602910221,3.06353668240905,2.64628067362105,0.700975300788889,0.648123923225574,0.994363272209301,1.1996409387612,2.93864448500381,1.1996409387881,0.951644110935615,0.497094929416553,0.769043478143118,3.14793021367929,3.14793021367929,1.32010500580105,0.586191921514666,1.54480472633996,1.32010500580423,1.00134773041806,1.54502740182412,3.23037026502134,0.79636357514649,0.797447839189196,0.497122384075897,1.54502740182412,0.797447839189196,1.54502740182412,0.179483103953348,0.797447839189196,1.54502740182412,1.54502740182412,1.54502740182412,0.145276749691463,0.797447839189196,1.54502740182412,1.54502740182412,1.54502740182412,1.54502740182412,0.79636357514649
1.564831988216,0.625795921393531,1.12897136679931,1.57967379807999,0.732889784759891,2.41191522421311,2.10786131870545,2.728691042334,1.13362933515737,0.712481858526261,1.13395671462079,2.63974464064449,3.0418287749833,2.59239325647625,0.715428122433099,0.689063875121055,0.994334782256304,1.16717298237758,2.89831349340732,1.16717298236648,0.966089786103076,0.49523852973609,0.774968272683965,3.12964699293189,3.12964699293189,1.2905148914826,0.64573088873184,1.54980300253175,1.29051489147008,1.00094244985894,1.55001513787153,3.22662346380297,0.792008284637517,0.79461813477579,0.495265669517931,1.55001513787153,0.79461813477579,1.55001513787153,0.178886731939734,0.79461813477579,1.55001513787153,1.55001513787153,1.55001513787153,0.144891219730087,0.79461813477579,1.55001513787153,1.55001513787153,1.55001513787153,1.55001513787153,0.792008284637517
1.76661834595626,0.656431311204126,1.15402323914992,1.80756095807416,0.811007051163601,2.57230840083088,2.25780604565843,2.89298411328778,1.16803614555396,0.698823257303706,1.16520123665471,2.7783928090512,3.10649613594572,2.74235173846515,0.697584837865234,0.656759122717023,0.982633678944781,1.19984062268374,2.9907869969772,1.19984062268494,0.937684350549285,0.495605464895415,0.77283889367052,3.17627112160471,3.17627112160471,1.31536599251125,0.524443649934334,1.54337990060104,1.31536599251188,0.999276580298939,1.54348180962498,3.23788602998314,0.792453584939396,0.797591988137538,0.495618525695336,1.54348180962498,0.797591988137538,1.54348180962498,0.179134415285088,0.797591988137538,1.54348180962498,1.54348180962498,1.54348180962498,0.14493375652298,0.797591988137538,1.54348180962498,1.54348180962498,1.54348180962498,1.54348180962498,0.792453584939396
1.58437994094849,0.606186796238084,1.11380828796794,1.5959225995992,0.732348828526384,2.42719904705613,2.13321420633684,2.78278306541578,1.12576508252626,0.705981908845507,1.12415866877224,2.65109865308915,3.05841808516376,2.60962962626763,0.692840139895213,0.686114056714094,0.979112039690443,1.16197670181158,2.91905823304637,1.1619767018098,0.933816013975152,0.492472275343536,0.766689667595496,3.15437048971106,3.15437048971106,1.28605537736141,0.575965497263545,1.53827906511036,1.28605537736141,0.992704296967795,1.53853211609847,3.23893881456334,0.789847373975458,0.790501736715813,0.492504682768941,1.53853211609847,0.790501736715813,1.53853211609847,0.178082146211054,0.790501736715813,1.53853211609847,1.53853211609847,1.53853211609847,0.14411675685922,0.790501736715813,1.53853211609847,1.53853211609847,1.53853211609847,1.53853211609847,0.789847373975458
1.62696727756679,0.644287796282815,1.13104327658951,1.63234398951446,0.787665450980732,2.4491558891647,2.10597303572227,2.81809779899582,1.14548731056599,0.701048340436222,1.14227363746563,2.60981710565847,3.07986541445351,2.57787560906814,0.674588092695231,0.659272330171778,0.975450419129409,1.17606464402154,2.94469760667218,1.17606464402436,0.924197194630959,0.494985437978165,0.768509992721342,3.16856198962787,3.16856198962787,1.30608958049588,0.508166847880353,1.54813030175114,1.30608958048973,1.0006351396142,1.54821825840511,3.23822041450049,0.794029037732766,0.794665852886565,0.494995426725568,1.54821825840511,0.794665852886565,1.54821825840511,0.178976596398705,0.794665852886565,1.54821825840511,1.54821825840511,1.54821825840511,0.144846662531235,0.794665852886565,1.54821825840511,1.54821825840511,1.54821825840511,1.54821825840511,0.794029037732766
1.71936290675171,0.625593525770279,1.10963646127752,1.75329951089069,0.732354518566241,2.56398858450962,2.28384124062532,2.87794124343548,1.12373772260637,0.693637144540556,1.12053434374407,2.74683847875507,3.08034957897908,2.70834117410807,0.704584010871036,0.641092339900257,0.980929675340823,1.16158753717288,2.9959395197959,1.16158753716632,0.937014063666646,0.489198246179438,0.764567695928203,3.1577249020368,3.1577249020368,1.29203176564193,0.584582724528445,1.52895781531488,1.29203176563989,0.989087931459169,1.52909412057395,3.22519460579797,0.782464464443098,0.788229788907958,0.489218188597195,1.52909412057395,0.788229788907958,1.52909412057395,0.176925248956775,0.788229788907958,1.52909412057395,1.52909412057395,1.52909412057395,0.143188145577358,0.788229788907958,1.52909412057395,1.52909412057395,1.52909412057395,1.52909412057395,0.782464464443098
1.61967340713347,0.649307335112637,1.13275820506179,1.65058035242868,0.767233597738855,2.50746058559883,2.1455055774131,2.81276562953418,1.13980223918661,0.708369191754061,1.13966630654835,2.6364533556356,3.0632706571447,2.59430225495358,0.723315925915904,0.697195251899544,0.986495309292923,1.17089661480414,2.95823149204505,1.1708966148026,0.965009249417146,0.490552625550786,0.767862713013065,3.1442840221924,3.1442840221924,1.30685102281645,0.63907558570347,1.53040253465858,1.30685102281645,0.992381553164816,1.53053031689219,3.23089623793166,0.786939929208577,0.790671850402948,0.490571449021929,1.53053031689219,0.790671850402948,1.53053031689219,0.177506839106591,0.790671850402948,1.53053031689219,1.53053031689219,1.53053031689219,0.143677440941717,0.790671850402948,1.53053031689219,1.53053031689219,1.53053031689219,1.53053031689219,0.786939929208577
1.61084781547529,0.657800921818075,1.1307486864476,1.67085769515934,0.800151095371385,2.4612115401978,2.12208112696668,2.80324951589227,1.14579386420755,0.704073012055874,1.14683245655919,2.61481743978029,3.05357421402101,2.58387047579086,0.660432493610158,0.661012793397092,0.978412682000678,1.18189746611139,2.9457881000051,1.18189746612454,0.925885320070543,0.496551978343701,0.766955332492572,3.15305798765573,3.15305798765573,1.31463532811097,0.531239922722404,1.54955908922147,1.31463532811097,1.00171376024227,1.54966815731356,3.21885928916569,0.794066591203769,0.798385801538529,0.496564258029085,1.54966815731356,0.798385801538529,1.54966815731356,0.179247332718001,0.798385801538529,1.54966815731356,1.54966815731356,1.54966815731356,0.14512085943119,0.798385801538529,1.54966815731356,1.54966815731356,1.54966815731356,1.54966815731356,0.794066591203769
1.68917646906957,0.689164572482469,1.1382495348761,1.72550724471847,0.764794232196685,2.5542246572354,2.23922993043443,2.88079131669143,1.15663681541334,0.701637537684165,1.1496453376777,2.7401729546965,3.09028628197846,2.7050996808195,0.693778076506514,0.650410969709586,0.982157758006392,1.18949592102191,2.99466545454141,1.18949592102542,0.92998383598457,0.491997790880856,0.764440119754003,3.16422943117147,3.16422943117147,1.3118931010037,0.547091992024655,1.53828934695465,1.31189310100533,0.992261613678787,1.5383991115857,3.22664646068322,0.789744356635121,0.790302735107046,0.492012238221758,1.5383991115857,0.790302735107046,1.5383991115857,0.177837000458892,0.790302735107046,1.5383991115857,1.5383991115857,1.5383991115857,0.143960805553969,0.790302735107046,1.5383991115857,1.5383991115857,1.5383991115857,1.5383991115857,0.789744356635121
1.74935582282986,0.63525646974329,1.12950585285631,1.73265366530947,0.767982699989596,2.47405120404068,2.22220681377313,2.80801754562826,1.14326347189648,0.701667214562329,1.14068723611862,2.71766630713903,3.06045151648122,2.6775120364138,0.693878399480701,0.680827710555737,0.99223176902925,1.18131091978776,2.97321019080927,1.1813109197741,0.952237198952379,0.494382178631976,0.779474116036292,3.1431051996545,3.1431051996545,1.31263341314802,0.560268121736371,1.54611135657489,1.31263341314802,0.995304429608755,1.54625582967413,3.21593675744829,0.791991760220486,0.795338102577659,0.494400133123986,1.54625582967413,0.795338102577659,1.54625582967413,0.178668682579102,0.795338102577659,1.54625582967413,1.54625582967413,1.54625582967413,0.144567727046949,0.795338102577659,1.54625582967413,1.54625582967413,1.54625582967413,1.54625582967413,0.791991760220486
1.6123047412076,0.710021703144566,1.14155051143509,1.66315773035688,0.771280169316374,2.48561961192346,2.17908892911823,2.81838344086032,1.1594304096805,0.701109968944628,1.15624032501354,2.67660219032503,3.0390441640268,2.63913505432816,0.695825863744875,0.635737715003718,0.991267509844369,1.19732482369156,2.95967166497293,1.19732482368949,0.942267792923154,0.494068463331341,0.766067815696183,3.13070030072024,3.13070030072024,1.32506142920677,0.582686375971426,1.54496186406028,1.32506142920677,0.995256488436736,1.54512579691816,3.20171359638484,0.791578356148303,0.794474227028622,0.494091350358498,1.54512579691816,0.794474227028622,1.54512579691816,0.178548478563725,0.794474227028622,1.54512579691816,1.54512579691816,1.54512579691816,0.144482602511061,0.794474227028622,1.54512579691816,1.54512579691816,1.54512579691816,1.54512579691816,0.791578356148303
1.56535508178504,0.698845438352393,1.12877113886186,1.60888558745567,0.778092883518458,2.4095329885629,2.09901176953102,2.78021260382028,1.14374133478861,0.70693205468226,1.14304081855194,2.62536298470192,3.04805463954844,2.58820653476558,0.676500649911725,0.679070860032243,0.977273953315887,1.18012435320524,2.92195798642228,1.18012435319683,0.927876784603026,0.493560479910821,0.765358489481267,3.15208284633515,3.15208284633515,1.30409672615967,0.538791248737617,1.54444809629914,1.3040967261647,0.993539289908657,1.54464382333835,3.23021523079669,0.789924527312455,0.793548997365692,0.493584389476811,1.54464382333835,0.793548997365692,1.54464382333835,0.178367708568065,0.793548997365692,1.54464382333835,1.54464382333835,1.54464382333835,0.144376573190724,0.793548997365692,1.54464382333835,1.54464382333835,1.54464382333835,1.54464382333835,0.789924527312455
1.75010554686241,0.673148549137935,1.13589450324468,1.73935883599922,0.743753575914506,2.55034206530383,2.27219724673499,2.86136144926296,1.14692131227517,0.716639429320542,1.14183766064285,2.75968682652333,3.09363684838289,2.71490764203251,0.739942809797756,0.708774779952786,1.00970607371324,1.18276805224756,2.98240180864917,1.18276805224939,0.968258972731636,0.500649989046856,0.788876347537642,3.16815458481964,3.16815458481964,1.30722664538693,0.64665430410656,1.55728678348043,1.30722664538799,1.00808632331179,1.557450884821,3.24761682649389,0.80260603387115,0.807040699762215,0.500674581075198,1.557450884821,0.807040699762215,1.557450884821,0.181092734161214,0.807040699762215,1.557450884821,1.557450884821,1.557450884821,0.146578902919228,0.807040699762215,1.557450884821,1.557450884821,1.557450884821,1.557450884821,0.80260603387115
1.7627083182416,0.651217702700233,1.13835551963796,1.73421660290402,0.765587096334771,2.55055844382234,2.245836388441,2.86449315743985,1.15013999102546,0.695290216686201,1.15273910587498,2.74750462529362,3.07978747890957,2.7088830625818,0.694935940822443,0.665513913177925,0.984468218955681,1.18788929762962,2.99297257863675,1.18788929763648,0.947491860551924,0.493061616905453,0.773907077746238,3.16312587972964,3.16312587972964,1.31216043399098,0.556911953082538,1.53424532888995,1.31216043399098,0.994860354308576,1.53441411294366,3.2312346907767,0.787225526317323,0.79228122978674,0.493084936830379,1.53441411294366,0.79228122978674,1.53441411294366,0.177979369323132,0.79228122978674,1.53441411294366,1.53441411294366,1.53441411294366,0.144052137024035,0.79228122978674,1.53441411294366,1.53441411294366,1.53441411294366,1.53441411294366,0.787225526317323
1.74306336736743,0.710823996502923,1.14798965997689,1.72105635937718,0.781447889340003,2.52147665599097,2.22345173371562,2.84639120923987,1.15537018227576,0.699697499829523,1.15999343390563,2.74147140798498,3.06843268065796,2.69677556473608,0.726172425252146,0.673043543909174,0.996140961329003,1.19307123024272,2.96505650558109,1.19307123024636,0.968148724497701,0.495625797449906,0.78261595287716,3.1545680692093,3.1545680692093,1.3119934655316,0.581318253911015,1.54431507489647,1.31199346554671,0.997145791761197,1.54457523592495,3.23450417258519,0.79370962450356,0.796709444358326,0.495666421144617,1.54457523592495,0.796709444358326,1.54457523592495,0.178992743534527,0.796709444358326,1.54457523592495,1.54457523592495,1.54457523592495,0.144971397321059,0.796709444358326,1.54457523592495,1.54457523592495,1.54457523592495,1.54457523592495,0.79370962450356
1.65431713238037,0.628518545914077,1.11491752453835,1.72228776967314,0.741352546671036,2.54712471010119,2.25076064275661,2.8771713745234,1.12151289084843,0.701843450223632,1.12373145004939,2.69834237533215,3.07898945569287,2.66172065354169,0.716934045653068,0.645819948956043,0.982681626614338,1.15555992492424,2.98022232247324,1.15555992491805,0.951269826126412,0.491582961678348,0.762960679603319,3.15345267572359,3.15345267572359,1.29039545112998,0.53473985552179,1.53656636335126,1.29039545112795,0.992948481372947,1.53665541503143,3.22214629101961,0.787059367299214,0.791932334120037,0.491596343129978,1.53665541503143,0.791932334120037,1.53665541503143,0.177775061763807,0.791932334120037,1.53665541503143,1.53665541503143,1.53665541503143,0.14385605209408,0.791932334120037,1.53665541503143,1.53665541503143,1.53665541503143,1.53665541503143,0.787059367299214
1.72242441211184,0.638712662591802,1.1128904762088,1.7659581771423,0.760758518019067,2.54057769321168,2.23984686343672,2.84345473574639,1.12331447088415,0.699490105927368,1.12222764658175,2.69492431441598,3.0695501696099,2.65850360884594,0.69472118238597,0.670713404707171,0.981433547312801,1.15778386685627,2.98170413914152,1.15778386685609,0.944195592126178,0.489010848045241,0.766125047236893,3.14355655454039,3.14355655454039,1.2959620902972,0.575164516378228,1.52798174865477,1.29596209030707,0.98811450537958,1.52814697930634,3.21119269493116,0.784477214432866,0.787048030620645,0.489032440705583,1.52814697930634,0.787048030620645,1.52814697930634,0.176850790398847,0.787048030620645,1.52814697930634,1.52814697930634,1.52814697930634,0.143113771129019,0.787048030620645,1.52814697930634,1.52814697930634,1.52814697930634,1.52814697930634,0.784477214432866
1.67197097281289,0.643652316640762,1.11584280623538,1.66141802283219,0.740733702773918,2.44364013591913,2.18091516115966,2.778327943179,1.1305289311101,0.697457905205561,1.1331719738289,2.7165591493922,3.05513864712232,2.67565821383206,0.662558151389296,0.673782089997175,0.981337076102629,1.17441334846999,2.95254389914121,1.17441334847134,0.93048928391708,0.492578408621757,0.769553106955741,3.15998110181997,3.15998110181997,1.29378172256072,0.567168027731724,1.538435476464,1.29378172256072,0.992287200717395,1.53861398739369,3.23557308204491,0.787410177430493,0.789884845235955,0.492598679293825,1.53861398739369,0.789884845235955,1.53861398739369,0.178017463916315,0.789884845235955,1.53861398739369,1.53861398739369,1.53861398739369,0.144007000832889,0.789884845235955,1.53861398739369,1.53861398739369,1.53861398739369,1.53861398739369,0.787410177430493
1.73910082387977,0.618410502556698,1.11997158966624,1.78192618843459,0.767733767029694,2.5343954848023,2.25190474730678,2.84454543695065,1.13245214655624,0.694280628236328,1.13634190411293,2.74228692114763,3.0966817293798,2.70831050601869,0.657371939099197,0.637330619535151,0.983658993251839,1.17297883326405,3.00974552051396,1.17297883326738,0.937458141121183,0.496008235912031,0.771779981820179,3.18455793936057,3.18455793936057,1.30434409200539,0.534870803231339,1.54687106832233,1.30434409200539,0.999519014334368,1.54697141899475,3.2461659513962,0.794597792331598,0.795264537712056,0.496018789716827,1.54697141899475,0.795264537712056,1.54697141899475,0.179057233849567,0.795264537712056,1.54697141899475,1.54697141899475,1.54697141899475,0.145015010595061,0.795264537712056,1.54697141899475,1.54697141899475,1.54697141899475,1.54697141899475,0.794597792331598
1.6798185077002,0.664995629193669,1.11766476809442,1.79830291440745,0.772144406043558,2.54934167044551,2.28716759285103,2.8817913779567,1.12546769951331,0.712479573872891,1.12961399912012,2.73451738174683,3.08564904574487,2.69548072484689,0.716108668347001,0.702498812672794,0.993885211814332,1.16577652781844,3.0103138275494,1.16577652781397,0.963458126643642,0.494837981526808,0.767321262759541,3.16906464989826,3.16906464989826,1.30507297269796,0.551346445478556,1.54712430297444,1.30507297269796,0.999154764583581,1.5472235599651,3.24001552452137,0.793275071418967,0.79434678185576,0.494853142403337,1.5472235599651,0.79434678185576,1.5472235599651,0.178888120297607,0.79434678185576,1.5472235599651,1.5472235599651,1.5472235599651,0.144697836063425,0.79434678185576,1.5472235599651,1.5472235599651,1.5472235599651,1.5472235599651,0.793275071418967
1.62545360164305,0.634386981038046,1.11470614469931,1.67118308855084,0.767400360598052,2.46228375679726,2.14175470908379,2.78688252105249,1.12267978929605,0.70965714944314,1.12270657062121,2.63807262296904,3.05273821925091,2.59605313830093,0.710719234420546,0.70700330751532,0.98724136360893,1.15768507729371,2.92243337733318,1.15768507726234,0.948875474838813,0.493949891586702,0.774622019136578,3.14318238111557,3.14318238111557,1.28451405269123,0.627612211089468,1.54196179317203,1.28451405269123,0.997758085907265,1.54204958938946,3.22976585307065,0.789504136230594,0.79486074239004,0.493961966048095,1.54204958938946,0.79486074239004,1.54204958938946,0.178425288402497,0.79486074239004,1.54204958938946,1.54204958938946,1.54204958938946,0.144415321304997,0.79486074239004,1.54204958938946,1.54204958938946,1.54204958938946,1.54204958938946,0.789504136230594
1.71552446681018,0.644991240578482,1.12259355651622,1.72171245677428,0.733723373156828,2.53464381427672,2.24756281867654,2.83926737029219,1.13029775499243,0.701677470795599,1.12965787836524,2.72694826820809,3.07844359487612,2.68655432087529,0.707805673209074,0.66919195572507,0.987165383416847,1.16405913663039,2.98249132079335,1.16405913662546,0.957839873855935,0.490905482132068,0.768607428215967,3.14952861862543,3.14952861862543,1.29525203544218,0.580536433336818,1.53580047978983,1.2952520354458,0.989535701554026,1.53588991752515,3.22206407573951,0.785933516559323,0.788811772428924,0.490917275543422,1.53588991752515,0.788811772428924,1.53588991752515,0.177269325313505,0.788811772428924,1.53588991752515,1.53588991752515,1.53588991752515,0.143535585364696,0.788811772428924,1.53588991752515,1.53588991752515,1.53588991752515,1.53588991752515,0.785933516559323
1.59015490880234,0.678303178585715,1.11939977399607,1.61160089325946,0.777175094048662,2.3652852859088,2.08192620945354,2.73769289762366,1.13680287659368,0.701055974242168,1.13560742071725,2.61902616145152,3.04576478731806,2.58254429043092,0.651332849345976,0.677620266342386,0.978483177513156,1.17570535696526,2.91362100994186,1.1757053569102,0.918751799144894,0.495139009245864,0.768031150916873,3.1581884785879,3.1581884785879,1.2982875151671,0.531294689607458,1.54150365286609,1.2982875151671,0.997641443144613,1.54160092719962,3.23603951627289,0.793113061513642,0.794787536881305,0.495149051907527,1.54160092719962,0.794787536881305,1.54160092719962,0.178767862628065,0.794787536881305,1.54160092719962,1.54160092719962,1.54160092719962,0.144770827169535,0.794787536881305,1.54160092719962,1.54160092719962,1.54160092719962,1.54160092719962,0.793113061513642
1.60037797262227,0.700384186644586,1.14215246518513,1.58720403327401,0.77617191708332,2.39854197038894,2.08177673856833,2.73866870863689,1.15122102282679,0.708503333682607,1.15338174658184,2.61699656928663,3.05626227326285,2.57221317560441,0.696403919381824,0.682714249390864,0.997984390501957,1.18698365349331,2.95108038294822,1.1869836535142,0.967378593208924,0.495715920605387,0.779028385544628,3.15992844671987,3.15992844671987,1.31795127511402,0.609276804977778,1.53988138697648,1.31795127511967,0.998868519008618,1.54010304577472,3.25777393021084,0.793042740082452,0.796494085972293,0.49574364453565,1.54010304577472,0.796494085972293,1.54010304577472,0.179238404797665,0.796494085972293,1.54010304577472,1.54010304577472,1.54010304577472,0.145066626795879,0.796494085972293,1.54010304577472,1.54010304577472,1.54010304577472,1.54010304577472,0.793042740082452
1.66747373410465,0.615583907031423,1.11402438408077,1.77777630552067,0.757504444579907,2.53330993266609,2.26806971120907,2.86186118797522,1.1257405797613,0.702672138818177,1.13247279928198,2.76497358834303,3.09975714067632,2.73107164323785,0.651420317875921,0.65598721413174,0.975539905117341,1.16814758862465,3.00500013264228,1.16814758860565,0.92765930252781,0.492751646522334,0.758916567285628,3.19056760249172,3.19056760249172,1.2924952939897,0.494632751967323,1.54028739711151,1.2924952939897,0.995167961897939,1.54059065758733,3.25039197818664,0.789116065298834,0.79241576127816,0.492784477087119,1.54059065758733,0.79241576127816,1.54059065758733,0.178250854464387,0.79241576127816,1.54059065758733,1.54059065758733,1.54059065758733,0.144291035464017,0.79241576127816,1.54059065758733,1.54059065758733,1.54059065758733,1.54059065758733,0.789116065298834
1.76754813803883,0.701083341314099,1.13675146020414,1.71146352428978,0.756392774245404,2.55082155261043,2.23418729857832,2.86344041329228,1.15240511298838,0.696593654092441,1.14950178112851,2.72679644462935,3.09041753537093,2.69040362834701,0.690395282579369,0.666571416198206,0.987777127168256,1.18822640664931,3.01224753036877,1.18822640665195,0.944376580810693,0.494188569602472,0.775273518019676,3.17165780029422,3.17165780029422,1.32028825827442,0.579497329895155,1.54300202065043,1.32028825826807,0.994574118343186,1.54324395624846,3.23841210954118,0.789578790199242,0.792653565295259,0.494219585963241,1.54324395624846,0.792653565295259,1.54324395624846,0.178380458059108,0.792653565295259,1.54324395624846,1.54324395624846,1.54324395624846,0.144398526450614,0.792653565295259,1.54324395624846,1.54324395624846,1.54324395624846,1.54324395624846,0.789578790199242
1.56447771747683,0.670874035507876,1.14082128888631,1.5476079911719,0.779698647285385,2.34575456072632,2.05478424992771,2.75239091580525,1.15995169402665,0.701588256823739,1.1515952753483,2.5721300437349,3.02929465305371,2.53601917448032,0.687683876402293,0.664513407587323,0.981053089614739,1.19132799769388,2.90456184406742,1.19132799768883,0.928921660708335,0.494024484126181,0.766489456176355,3.12385158061717,3.12385158061717,1.32082043525213,0.513867572135677,1.54427051484935,1.32082043524497,0.997798766720389,1.54455371085535,3.20399865193139,0.791666704516749,0.79465233814844,0.494059067474418,1.54455371085535,0.79465233814844,1.54455371085535,0.178408250465799,0.79465233814844,1.54455371085535,1.54455371085535,1.54455371085535,0.144386322282327,0.79465233814844,1.54455371085535,1.54455371085535,1.54455371085535,1.54455371085535,0.791666704516749
1.63879387223896,0.671591906680559,1.12318621339899,1.63069349950601,0.752226208086475,2.44869805181731,2.14561941962034,2.78602534917098,1.13534459700085,0.706866022624925,1.13006034741377,2.64337984416945,3.04835633626212,2.59865210441472,0.722183511116987,0.701330093968238,0.989616183969767,1.16952171716543,2.94067211524278,1.16952171716543,0.953541639712759,0.491766965419796,0.77578470575237,3.13524493000871,3.13524493000871,1.30332721630754,0.634336969221014,1.53517514533409,1.30332721631114,0.990308618924244,1.53540813076359,3.22589640595786,0.786859067743552,0.788887081441295,0.491800946737313,1.53540813076359,0.788887081441295,1.53540813076359,0.177605873544082,0.788887081441295,1.53540813076359,1.53540813076359,1.53540813076359,0.143795795406768,0.788887081441295,1.53540813076359,1.53540813076359,1.53540813076359,1.53540813076359,0.786859067743552
1.63760899057907,0.683473684934067,1.13327519064601,1.64360514854873,0.756353146471408,2.49074191093739,2.1753589233972,2.83863695856055,1.15101014191551,0.700600161575907,1.14810544562343,2.70184137252381,3.06788877755244,2.66475551106914,0.684228859878431,0.652634959245409,0.980617788895684,1.18824354998711,2.9545796159706,1.18824354998945,0.926843927677498,0.49410043306604,0.767339861524137,3.16248873474313,3.16248873474313,1.30577888284597,0.557531258631834,1.54591676071883,1.30577888284206,0.996779909984943,1.54619541123513,3.23251582398943,0.792913590862013,0.795084987665746,0.494137007458704,1.54619541123513,0.795084987665746,1.54619541123513,0.178708432948138,0.795084987665746,1.54619541123513,1.54619541123513,1.54619541123513,0.144603573305206,0.795084987665746,1.54619541123513,1.54619541123513,1.54619541123513,1.54619541123513,0.792913590862013
1.63207413622616,0.597217995383074,1.11510506512841,1.66298392297355,0.733749989130694,2.43228077285198,2.19420313088034,2.7788966610107,1.13328689436891,0.701485005773213,1.13340787967872,2.71196359108016,3.06743739178755,2.67471524534127,0.64878622960458,0.644726462705136,0.989717516223485,1.17780346691242,2.9826900104191,1.17780346691338,0.930975492096261,0.496529263812596,0.767753494799171,3.17112520358341,3.17112520358341,1.30479575102763,0.537384423894529,1.54338925853769,1.30479575103012,1.0022812878563,1.54351313890167,3.24105555701435,0.794347809026285,0.799762211559529,0.496541780194359,1.54351313890167,0.799762211559529,1.54351313890167,0.17944914091047,0.799762211559529,1.54351313890167,1.54351313890167,1.54351313890167,0.145175612469404,0.799762211559529,1.54351313890167,1.54351313890167,1.54351313890167,1.54351313890167,0.794347809026285
1.62429513138695,0.608283143591244,1.123219729682,1.68832735121565,0.746237668729432,2.50763055454415,2.19963503167611,2.83106046020814,1.1356033779961,0.709808860772367,1.13704914362834,2.68226415251932,3.10125968950901,2.64988538535185,0.664093287489812,0.635558732446089,0.990296697768442,1.17241840046938,2.9847009656525,1.17241840046153,0.936549039088338,0.501419512020893,0.772749812134201,3.19038508391065,3.19038508391065,1.30684443261061,0.542048292684466,1.5583709073405,1.30684443261061,1.01031517890487,1.55867124331706,3.25522060459382,0.801920795371574,0.805117667326263,0.501450407451903,1.55867124331706,0.805117667326263,1.55867124331706,0.1813281566155,0.805117667326263,1.55867124331706,1.55867124331706,1.55867124331706,0.146720282285756,0.805117667326263,1.55867124331706,1.55867124331706,1.55867124331706,1.55867124331706,0.801920795371574
1.67425855531874,0.661584122006972,1.12158934896549,1.70538966639221,0.729687958967335,2.52785302524454,2.24771741542379,2.85125459142501,1.13561846495823,0.708897574353379,1.13151128028481,2.72336239280304,3.08511849540557,2.68663957289487,0.69389815328188,0.679377556370366,0.987507594510069,1.17091528675564,2.99067541761267,1.17091528675595,0.941191934601587,0.494109066784686,0.76554765855147,3.16108203752622,3.16108203752622,1.30323576784302,0.559162781621672,1.5433522673947,1.30323576784302,0.99348255256927,1.54347665259122,3.22810706488089,0.790218017167288,0.791912299310047,0.49412463999828,1.54347665259122,0.791912299310047,1.54347665259122,0.178262302843824,0.791912299310047,1.54347665259122,1.54347665259122,1.54347665259122,0.144365061205832,0.791912299310047,1.54347665259122,1.54347665259122,1.54347665259122,1.54347665259122,0.790218017167288
1.70044827643307,0.66919056332295,1.1418329283927,1.77082849092017,0.779614132423213,2.55693479411486,2.25895552156791,2.87650074455295,1.1617605112857,0.703814365018063,1.15488131313882,2.77225908984024,3.10491632505308,2.73553759620379,0.686830025306491,0.642283497459915,0.991498150766661,1.19804538917576,3.01571463337664,1.19804538916487,0.936825600032233,0.496622220026731,0.770367080996358,3.18423033748622,3.18423033748622,1.3199758999305,0.57482729196562,1.54855501726326,1.31997589994489,1.0046967633235,1.54877031886311,3.24828882967073,0.794800914045396,0.798542014471647,0.496648641010878,1.54877031886311,0.798542014471647,1.54877031886311,0.179634626988946,0.798542014471647,1.54877031886311,1.54877031886311,1.54877031886311,0.145399515142401,0.798542014471647,1.54877031886311,1.54877031886311,1.54877031886311,1.54877031886311,0.794800914045396
1.62863395332913,0.706507433544883,1.1322641935652,1.66274472143234,0.804917085954782,2.46325936255786,2.11569600837356,2.80524558365395,1.14057754421548,0.698272294893217,1.14703215209988,2.60278487511151,3.04357593490679,2.56673887984025,0.692971862488662,0.651182658443821,0.982027822899408,1.17724211811056,2.92733377938424,1.17724211812079,0.945729461658141,0.496202023083969,0.77562283186016,3.14657585260026,3.14657585260026,1.31025669085433,0.556048308950109,1.54467387269077,1.31025669086375,1.00175505381623,1.5448979841436,3.22456180437165,0.792327333386731,0.798295472117829,0.496233248418115,1.5448979841436,0.798295472117829,1.5448979841436,0.179182348727031,0.798295472117829,1.5448979841436,1.5448979841436,1.5448979841436,0.144987919112853,0.798295472117829,1.5448979841436,1.5448979841436,1.5448979841436,1.5448979841436,0.792327333386731
1.69689639117034,0.675045958120363,1.12548048696468,1.77211999022193,0.779336993202846,2.48958664537037,2.23032236456686,2.81826530151137,1.1369454346342,0.704813173992835,1.13383362561978,2.74269265763618,3.07938618217932,2.69934208436205,0.708811986724915,0.66532892496745,0.996709511237662,1.17446295974099,2.96018587926278,1.17446295973595,0.954380246655737,0.4981982128975,0.779981324254169,3.16139591593864,3.16139591593864,1.29546753101553,0.599373608902953,1.55550185414668,1.29546753101553,1.00255695310621,1.55565711998734,3.23957994025359,0.799008157967859,0.802167597644197,0.498218180174642,1.55565711998734,0.802167597644197,1.55565711998734,0.180003762016924,0.802167597644197,1.55565711998734,1.55565711998734,1.55565711998734,0.145734901245333,0.802167597644197,1.55565711998734,1.55565711998734,1.55565711998734,1.55565711998734,0.799008157967859
1.66369234852306,0.624991931955013,1.1180114441804,1.72058158251707,0.766332591777375,2.43034225767903,2.20065429207605,2.77453432398227,1.13411846754637,0.698040296514951,1.13426256710647,2.71876271515299,3.0468817138291,2.67878107898405,0.664528256838791,0.664605791324078,0.986893070495491,1.17753637985903,2.96351475745966,1.17753637987697,0.936188599554006,0.492328409458833,0.76716158793914,3.14379354724871,3.14379354724871,1.30188366832126,0.54029219791042,1.5385487803972,1.30188366832198,0.989896740432631,1.53866437362672,3.21610043141196,0.787336058952369,0.790616797873926,0.492341343638546,1.53866437362672,0.790616797873926,1.53866437362672,0.177764553431545,0.790616797873926,1.53866437362672,1.53866437362672,1.53866437362672,0.143796518833322,0.790616797873926,1.53866437362672,1.53866437362672,1.53866437362672,1.53866437362672,0.787336058952369
1.66298850381876,0.678724500230866,1.13314708050755,1.70306739249072,0.761067032869822,2.52365278172825,2.22024240919705,2.86748922069459,1.14437060183376,0.712588719811583,1.14183360722621,2.69884225482722,3.08806229159655,2.66163243116541,0.718140126698735,0.674797702083169,0.992913809116503,1.17703180097808,2.96734574143363,1.17703180093524,0.949149975353937,0.499013441029014,0.775487179730429,3.16437672445396,3.16437672445396,1.3045000080663,0.546551481720566,1.55029952076119,1.30450000806794,1.00341054409502,1.55056373011993,3.2353343239955,0.799993844540948,0.802899865005042,0.499050926045183,1.55056373011993,0.802899865005042,1.55056373011993,0.180246498729573,0.802899865005042,1.55056373011993,1.55056373011993,1.55056373011993,0.145862066196091,0.802899865005042,1.55056373011993,1.55056373011993,1.55056373011993,1.55056373011993,0.799993844540948
1.67295644660372,0.614019806482398,1.12256360236427,1.71113644950858,0.746158210490327,2.55813426174374,2.23386815834836,2.88648726265867,1.13887017689492,0.710894527548068,1.13200431553732,2.69172010516961,3.121697432364,2.65951699807889,0.688137037703814,0.653201661672802,0.989270482853442,1.17082852406581,3.0234742747077,1.17082852408092,0.935487442476538,0.498004947554111,0.770406432901662,3.19670448079869,3.19670448079869,1.31339515336474,0.559265144613845,1.55037174094418,1.31339515336474,1.00311256479029,1.5504719369806,3.2604246279152,0.796501489485118,0.800076327558123,0.498016838413043,1.5504719369806,0.800076327558123,1.5504719369806,0.180081229871019,0.800076327558123,1.5504719369806,1.5504719369806,1.5504719369806,0.145748854177338,0.800076327558123,1.5504719369806,1.5504719369806,1.5504719369806,1.5504719369806,0.796501489485118
1.63106826012651,0.63693323256181,1.11900511761375,1.64837049855585,0.739161128596811,2.47839975900551,2.16624222078544,2.80989753185963,1.13278324136232,0.70759843738185,1.12981544863937,2.65520778966837,3.07669709397906,2.62266134008468,0.667955445245964,0.669764024153494,0.978925630011864,1.16568365182189,2.95831724061231,1.16568365182406,0.927957966730461,0.494705549150259,0.766516149253419,3.15844687540107,3.15844687540107,1.29764531198432,0.535000985415855,1.54744772918426,1.29764531198432,0.996184475915083,1.54773998739646,3.22381905555457,0.79279536481317,0.794363122624157,0.494736331340397,1.54773998739646,0.794363122624157,1.54773998739646,0.178753091785352,0.794363122624157,1.54773998739646,1.54773998739646,1.54773998739646,0.144686251498785,0.794363122624157,1.54773998739646,1.54773998739646,1.54773998739646,1.54773998739646,0.79279536481317
1.62514629060818,0.643300779970356,1.1439126757932,1.66331905702241,0.821371883115624,2.3769196840954,2.09435977185943,2.7312601974423,1.16101632185732,0.696148310388128,1.15954627473057,2.65832337370425,3.04378487158235,2.61370755483973,0.677873660693232,0.653059929325718,0.996060398557771,1.20116064491245,2.94436565808978,1.20116064492207,0.947143505801953,0.496439784356745,0.778802139553083,3.15650544398296,3.15650544398296,1.32258365737298,0.597480149139226,1.5416647325525,1.32258365737298,0.999524540981401,1.54181984464926,3.24726037492344,0.793688444211822,0.798076821080452,0.496458086645954,1.54181984464926,0.798076821080452,1.54181984464926,0.179318126378058,0.798076821080452,1.54181984464926,1.54181984464926,1.54181984464926,0.145122114099217,0.798076821080452,1.54181984464926,1.54181984464926,1.54181984464926,1.54181984464926,0.793688444211822
1.65175212230219,0.639610833420204,1.1244164563307,1.67519020043342,0.751568276631753,2.46057515933256,2.19022673161294,2.79915519022485,1.13640043182546,0.699686640404072,1.14117942895575,2.68879600334497,3.06818752547079,2.65300221241843,0.658441074401228,0.639255906608398,0.986661625527394,1.17681289364441,2.98723842592673,1.17681289364503,0.942963761796921,0.493742528486018,0.766748893604015,3.16393937182238,3.16393937182238,1.3100120255409,0.514391120751706,1.53849659901822,1.31001202554114,0.994237742547636,1.53880844914387,3.23272628061614,0.791810024596465,0.79347719660549,0.493776253731887,1.53880844914387,0.79347719660549,1.53880844914387,0.178562796580602,0.79347719660549,1.53880844914387,1.53880844914387,1.53880844914387,0.144466627491905,0.79347719660549,1.53880844914387,1.53880844914387,1.53880844914387,1.53880844914387,0.791810024596465
1.60712314202578,0.668701178113332,1.12162162829518,1.63141798152082,0.767155844484506,2.41272412702655,2.1209553851265,2.76500417293874,1.13533960634588,0.69919119941164,1.13486526006736,2.65574162490489,3.0493535256721,2.61394775500785,0.678430264135238,0.669054925387407,0.981112901213872,1.17309173242159,2.93768632799977,1.17309173242496,0.936433432793725,0.490608413164162,0.766427221236916,3.1505720392962,3.1505720392962,1.29580798740749,0.569697662697592,1.52995596228637,1.29580798739198,0.993085848384871,1.53012925622155,3.23445906362071,0.78688145217092,0.791288874171995,0.49062957957884,1.53012925622155,0.791288874171995,1.53012925622155,0.177615372724566,0.791288874171995,1.53012925622155,1.53012925622155,1.53012925622155,0.143699050946014,0.791288874171995,1.53012925622155,1.53012925622155,1.53012925622155,1.53012925622155,0.78688145217092
1.6480281306216,0.676676599957808,1.14304718540673,1.68445012044875,0.768685450657976,2.54579541576393,2.19365675618242,2.85508617038671,1.15315156994765,0.718646268851028,1.14837489868164,2.67588131656842,3.0727256967376,2.63471858797151,0.750075999093233,0.722175015474891,0.994833415945586,1.18343969920215,2.95580623560988,1.18343969919143,0.962994861882596,0.496588261965866,0.774067019371894,3.1460667653221,3.1460667653221,1.3150472967749,0.648275804852686,1.55281775524022,1.31504729677264,0.998003011898307,1.55292757659871,3.22633765463228,0.795072607313689,0.797497980687169,0.496606036966143,1.55292757659871,0.797497980687169,1.55292757659871,0.179244414697782,0.797497980687169,1.55292757659871,1.55292757659871,1.55292757659871,0.145109130856652,0.797497980687169,1.55292757659871,1.55292757659871,1.55292757659871,1.55292757659871,0.795072607313689
1.64341131477035,0.628984299394216,1.1348468634769,1.64056994258551,0.764896746212418,2.44396953266627,2.12829868325401,2.73635264995075,1.14083858186632,0.700728314582825,1.14967480815998,2.6671778281232,3.02697117742822,2.6219219765377,0.686378651543561,0.693013356058524,0.988721890122264,1.18184516778563,2.92743822319394,1.18184516775941,0.964248927322453,0.492330019772928,0.772691512830611,3.13137388683759,3.13137388683759,1.30599788004438,0.642171471199046,1.53803003798821,1.30599788004863,0.991633094122654,1.53813250761379,3.2195413037796,0.788591410557914,0.791471034232379,0.49234284555169,1.53813250761379,0.791471034232379,1.53813250761379,0.177805277967179,0.791471034232379,1.53813250761379,1.53813250761379,1.53813250761379,0.143948602328474,0.791471034232379,1.53813250761379,1.53813250761379,1.53813250761379,1.53813250761379,0.788591410557914
1.75010568726952,0.665383988100947,1.14399819017885,1.74210689298077,0.788761958041935,2.55354251599044,2.22262219420545,2.86341216514074,1.15188525375787,0.696595625673637,1.15567273048748,2.71727750192079,3.09166159395911,2.67780746418753,0.70725090719184,0.659240815823735,0.990786460062178,1.18666510206323,3.00476637207716,1.18666510205686,0.965415991748778,0.493692270704178,0.776595079531521,3.17296484235103,3.17296484235103,1.31872044552324,0.572356857341276,1.53834129729689,1.31872044552337,0.998275286199747,1.53856239708291,3.24673682675672,0.791268318137673,0.792819134866805,0.493723218516272,1.53856239708291,0.792819134866805,1.53856239708291,0.178616824028899,0.792819134866805,1.53856239708291,1.53856239708291,1.53856239708291,0.144600059777121,0.792819134866805,1.53856239708291,1.53856239708291,1.53856239708291,1.53856239708291,0.791268318137673
1.61865634891419,0.672015051875537,1.13402359893434,1.65708099750944,0.768925149604717,2.46238404889556,2.15418908790815,2.7960882482481,1.1458537378124,0.702262496517228,1.15026158143169,2.69516244940316,3.05751807640554,2.65649024780192,0.668417204947345,0.681518221327563,0.976525189282367,1.18429269849091,2.94048035212014,1.18429269846559,0.932175978129863,0.49160107822931,0.762636414593134,3.1557545053094,3.15575450529636,1.30159696726054,0.540111572587075,1.53536350016674,1.30159696725916,0.992260208621329,1.53548959303682,3.22890228697997,0.786469156090526,0.790551168082626,0.491615964499444,1.53548959303682,0.790551168082626,1.53548959303682,0.177743975592893,0.790551168082626,1.53548959303682,1.53548959303682,1.53548959303682,0.143810284275444,0.790551168082626,1.53548959303682,1.53548959303682,1.53548959303682,1.53548959303682,0.786469156090526
1.62752169280519,0.692131239441047,1.13355154859998,1.64703560436397,0.765575004736323,2.47778714163243,2.16094162886506,2.82466493105032,1.14786046276708,0.699803170062471,1.14730487412707,2.66523427853279,3.07505583768031,2.62894905954191,0.682579819185766,0.640914545790278,0.987608461159492,1.18384852151715,2.97549880798135,1.18384852151492,0.93950511312968,0.49567480998585,0.768137905327874,3.16856435943631,3.16856435943631,1.31315667502059,0.547261602895817,1.54373272480703,1.31315667501761,1.00158001088222,1.54389614173683,3.24146690574644,0.793246714593431,0.795150773141093,0.495695128231694,1.54389614173683,0.795150773141093,1.54389614173683,0.179004705740402,0.795150773141093,1.54389614173683,1.54389614173683,1.54389614173683,0.144962491056564,0.795150773141093,1.54389614173683,1.54389614173683,1.54389614173683,1.54389614173683,0.793246714593431
1.67641702921907,0.645767008513496,1.13467432350715,1.66386192616604,0.77413138001951,2.45239033990546,2.16531321006319,2.82709191242179,1.15470929136912,0.69353422604999,1.14682751903029,2.68647856809658,3.08901353409296,2.65149937801052,0.669759524525943,0.634599126716501,0.980332283148454,1.18741532515725,2.98246511778195,1.18741532515908,0.923453197174767,0.494264695755732,0.767558156066018,3.17268691817267,3.17268691817267,1.313806143742,0.497935117131837,1.53287207321242,1.31380614374241,0.997350297236295,1.53311597848121,3.24065451864975,0.791224766670567,0.793673372450601,0.494291839672398,1.53311597848121,0.793673372450601,1.53311597848121,0.178425770002743,0.793673372450601,1.53311597848121,1.53311597848121,1.53311597848121,0.144404216670543,0.793673372450601,1.53311597848121,1.53311597848121,1.53311597848121,1.53311597848121,0.791224766670567
1.6780791037145,0.648308167692269,1.15018870994,1.71960813615083,0.786583855276734,2.50802492215422,2.20347927086409,2.81675692955179,1.15853771594519,0.709526522821598,1.16159979098599,2.71941245952659,3.0498158426208,2.67646436184628,0.715781120256076,0.705040818338026,0.994557717778985,1.19482473813617,2.95377688584449,1.19482473812025,0.967101226251048,0.493301921827381,0.772065245719355,3.13237258304819,3.13237258304819,1.31608172731267,0.593013426189547,1.54405163983951,1.31608172730661,0.99458682950039,1.54416147776441,3.20959068259664,0.790463396856995,0.793445844940991,0.493317697293671,1.54416147776441,0.793445844940991,1.54416147776441,0.17834211501399,0.793445844940991,1.54416147776441,1.54416147776441,1.54416147776441,0.14436108556465,0.793445844940991,1.54416147776441,1.54416147776441,1.54416147776441,1.54416147776441,0.790463396856995
1.58213097320378,0.653877598642705,1.11454094056356,1.57293350531191,0.73450369603707,2.3571126576171,2.12379543439305,2.7483954710879,1.12949109163152,0.701429193242655,1.12553236269992,2.64425604001467,3.03634124829703,2.5973182840896,0.702427932806674,0.665765778201149,0.99266248812756,1.16959058983815,2.92370305258421,1.16959058983607,0.944409739742645,0.494541314750677,0.774637593230259,3.14191621985215,3.14191621985215,1.29633854719379,0.573789396429359,1.53421381960728,1.29633854719379,0.998572507282856,1.53444298960023,3.23804613124824,0.789779379548418,0.794985196124246,0.494572739709062,1.53444298960023,0.794985196124246,1.53444298960023,0.17858941289728,0.794985196124246,1.53444298960023,1.53444298960023,1.53444298960023,0.1445556160261,0.794985196124246,1.53444298960023,1.53444298960023,1.53444298960023,1.53444298960023,0.789779379548418
1.55355051773546,0.693739758562693,1.1218162404705,1.5654802498701,0.749998302890433,2.43498601056263,2.07651538265492,2.77377322517093,1.13130846538404,0.696820509109029,1.13172335218475,2.57472660318367,3.04346535837652,2.53920844521102,0.684876142791078,0.645804814973003,0.97085006814104,1.16211894346264,2.90323552805953,1.16211894346017,0.930470004908259,0.490003377260116,0.758659824189692,3.13347396299128,3.13347396299128,1.2923531705528,0.557000060676647,1.53045936999396,1.2923531705528,0.987560579864361,1.53061179306692,3.21235926914727,0.785167123782301,0.785897300844548,0.490022188150874,1.53061179306692,0.785897300844548,1.53061179306692,0.176822827639307,0.785897300844548,1.53061179306692,1.53061179306692,1.53061179306692,0.143211069315565,0.785897300844548,1.53061179306692,1.53061179306692,1.53061179306692,1.53061179306692,0.785167123782301
1.60369770934661,0.655309952776527,1.12881317879184,1.67975695786588,0.801709838184834,2.43283484869842,2.12322595255405,2.79014137238021,1.14673783628341,0.697380464963134,1.14454109838343,2.64913434235893,3.05391239012931,2.61539002066598,0.657070440096502,0.640349551265547,0.97472582729616,1.18328075101187,2.92489947002545,1.18328075104298,0.915556293767684,0.494054676276149,0.763897257111638,3.15325518827845,3.15325518827845,1.30440710324239,0.523298871397312,1.54445597631912,1.30440710324293,0.996043963741669,1.54463855540814,3.22113766362427,0.791483031581706,0.795914347444294,0.494074563636594,1.54463855540814,0.795914347444294,1.54463855540814,0.17861202189696,0.795914347444294,1.54463855540814,1.54463855540814,1.54463855540814,0.144634267744972,0.795914347444294,1.54463855540814,1.54463855540814,1.54463855540814,1.54463855540814,0.791483031581706
1.6528478291928,0.67380724921383,1.13409850401375,1.64373897716159,0.782222916831889,2.49474360944958,2.12132524447207,2.81281981073946,1.14299960767703,0.701472908487995,1.14467540696185,2.63230218145486,3.06104715433838,2.59239482868934,0.710799430923885,0.68716711486698,0.984864260103187,1.17661609968512,2.92749714739783,1.17661609968965,0.94727501682537,0.494353481521585,0.775575189213326,3.15489422433699,3.15489422433699,1.30141602222221,0.62643870363666,1.54491971397374,1.30141602222232,0.995841853364303,1.54508781592322,3.23859426468321,0.792248340983902,0.793919310420801,0.494377542220237,1.54508781592322,0.793919310420801,1.54508781592322,0.178603749106096,0.793919310420801,1.54508781592322,1.54508781592322,1.54508781592322,0.144574326955091,0.793919310420801,1.54508781592322,1.54508781592322,1.54508781592322,1.54508781592322,0.792248340983902
1.56108943770525,0.638311984798989,1.14811032350664,1.61892033481915,0.787413410890039,2.43667671228721,2.0967985781173,2.77058391665846,1.15961076792,0.713002391515548,1.16124089245719,2.60782942302621,3.06549310706904,2.5741383062995,0.665933296314238,0.672845290623737,0.985994547304696,1.19213943487442,2.95799326829271,1.19213943487993,0.945771632176606,0.497095071095663,0.76661115703773,3.15767160444021,3.15767160444021,1.32814863029133,0.534111611588066,1.54524547377698,1.3281486302937,1.00340237594284,1.54535833378141,3.230694368831,0.794577644446331,0.799156822174101,0.497106841861571,1.54535833378141,0.799156822174101,1.54535833378141,0.179473744698286,0.799156822174101,1.54535833378141,1.54535833378141,1.54535833378141,0.14528822894019,0.799156822174101,1.54535833378141,1.54535833378141,1.54535833378141,1.54535833378141,0.794577644446331
1.60919018716394,0.656196664871046,1.12940762944093,1.62622984089127,0.774673642208779,2.41144491832732,2.10457538773358,2.74977485956246,1.14463514618741,0.70237264795038,1.14807475781851,2.64062659207852,3.04566764397338,2.60635603750515,0.639429317224636,0.670807162551713,0.976740668316626,1.18428076196478,2.93984871213545,1.1842807619723,0.923569895192194,0.49319264655638,0.765964567977425,3.15500794566695,3.15500794566695,1.30866767728902,0.529709544267272,1.54116399629304,1.30866767728902,0.996573110773832,1.54130385254017,3.22508740709123,0.789637917792609,0.794597932693611,0.493206312185519,1.54130385254017,0.794597932693611,1.54130385254017,0.178484758434362,0.794597932693611,1.54130385254017,1.54130385254017,1.54130385254017,0.144460137823628,0.794597932693611,1.54130385254017,1.54130385254017,1.54130385254017,1.54130385254017,0.789637917792609
1.56983520254094,0.649617426712754,1.12756787761871,1.65037442965876,0.80104587520678,2.37958877461951,2.10465637696334,2.7551338022044,1.14688670102377,0.700166014780402,1.14485141534619,2.63009683599805,3.03861331557963,2.59325880225368,0.655784960956005,0.656338953000748,0.980666507998909,1.18648095179649,2.94631167351948,1.18648095180351,0.92362617893109,0.492519014272078,0.76332623609478,3.14804675945753,3.14804675945753,1.31521339723496,0.522998135648649,1.53270436836965,1.31521339723672,0.991813074747782,1.5329190007277,3.22419082142942,0.787388288272863,0.789427271136158,0.492542911366788,1.5329190007277,0.789427271136158,1.5329190007277,0.177875844665895,0.789427271136158,1.5329190007277,1.5329190007277,1.5329190007277,0.143866469434986,0.789427271136158,1.5329190007277,1.5329190007277,1.5329190007277,1.5329190007277,0.787388288272863
1.5840486536689,0.661289130054975,1.13480939184631,1.6965755209087,0.808265826373585,2.50392741348597,2.13580470423579,2.82004483233345,1.14401552377278,0.706998038709303,1.1417268381572,2.61923859673787,3.05356477921555,2.57856303170762,0.733246918099873,0.681291039711177,0.986883922367208,1.17459853821675,2.94264843115754,1.17459853820022,0.957833852513458,0.491695537393721,0.765732903450921,3.13504126400478,3.13504126400478,1.30957063525281,0.638631709307482,1.53656340552648,1.30957063525281,0.98896842769998,1.53674277373419,3.22021416245922,0.786770018382477,0.790479071879886,0.491723692425001,1.53674277373419,0.790479071879886,1.53674277373419,0.177611771853462,0.790479071879886,1.53674277373419,1.53674277373419,1.53674277373419,0.143796692662415,0.790479071879886,1.53674277373419,1.53674277373419,1.53674277373419,1.53674277373419,0.786770018382477
1.74881819853922,0.6940015667239,1.13643795805098,1.7480802854055,0.787088015114993,2.52161310271174,2.24151279766483,2.86460529662821,1.14767888500333,0.712725106701258,1.1489472440365,2.73415476109431,3.07060929994666,2.6908148983585,0.729320298842714,0.724006451588448,0.998739246139766,1.18708271068866,2.97526693174735,1.18708271069014,0.959258189133083,0.496657447246058,0.784549846726516,3.15923395127935,3.15923395127935,1.31027890607789,0.576590490654093,1.54366409766571,1.31027890607695,1.00155648953921,1.54375295235353,3.23784178372307,0.79424406125314,0.798847115465991,0.496672210642282,1.54375295235353,0.798847115465991,1.54375295235353,0.179370291495446,0.798847115465991,1.54375295235353,1.54375295235353,1.54375295235353,0.145211155818962,0.798847115465991,1.54375295235353,1.54375295235353,1.54375295235353,1.54375295235353,0.79424406125314
1.67385807365349,0.665788033163632,1.12535576035503,1.71772619933002,0.794505682283653,2.44608743152141,2.15537804373281,2.77482314328961,1.1437461238015,0.695543085481288,1.14092506282411,2.67615072116872,3.06621824927056,2.63949385437901,0.653723822957779,0.65288195425913,0.982817883923228,1.18257122392757,2.98061998319043,1.18257122393226,0.930126563815922,0.492961340666969,0.769854941048575,3.16350257704197,3.16350257704197,1.31471842258864,0.570217791274189,1.53432951856969,1.31471842258864,0.992881773913933,1.53458658590815,3.23540578580728,0.78878680228926,0.792889797862971,0.492987806709686,1.53458658590815,0.792889797862971,1.53458658590815,0.178039256463843,0.792889797862971,1.53458658590815,1.53458658590815,1.53458658590815,0.144137820143054,0.792889797862971,1.53458658590815,1.53458658590815,1.53458658590815,1.53458658590815,0.78878680228926
1.70382413175302,0.612443391988088,1.10626319451909,1.70848041962331,0.749743944995438,2.48928851045996,2.21007231184621,2.82630132058201,1.11675721627318,0.690934722233305,1.11839887436899,2.66554764023789,3.06333194235419,2.629851101566,0.683170700863309,0.641218230394887,0.979511964935608,1.1543489822664,2.98136231178365,1.15434898228024,0.942348672205274,0.490884422697648,0.767689282405434,3.1495344626614,3.1495344626614,1.29721158254946,0.535107815343513,1.53361642388048,1.29721158254946,0.990118000187112,1.53371491046349,3.21938211565899,0.786184120409516,0.788355467620983,0.490896912325566,1.53371491046349,0.788355467620983,1.53371491046349,0.177175645779873,0.788355467620983,1.53371491046349,1.53371491046349,1.53371491046349,0.143400190581753,0.788355467620983,1.53371491046349,1.53371491046349,1.53371491046349,1.53371491046349,0.786184120409516
1.7535313704753,0.683282244744462,1.15066835330571,1.6874551712749,0.761846998850629,2.57397903420673,2.21640002459754,2.88293536869467,1.15833560588987,0.701188706390795,1.15900739725813,2.71371412775656,3.09021416269758,2.6754525645781,0.730652855649132,0.667874319789083,0.98586580879344,1.18866634331698,2.96750680938663,1.18866634332608,0.955138979482586,0.495174718666989,0.780101972625629,3.1622548503025,3.1622548503025,1.31318124154139,0.576518378809886,1.54853355628647,1.31318124154139,0.997768827403091,1.54864763359537,3.23348132517544,0.791333578880125,0.794620135688259,0.495192066669216,1.54864763359537,0.794620135688259,1.54864763359537,0.178994504816736,0.794620135688259,1.54864763359537,1.54864763359537,1.54864763359537,0.144878984284315,0.794620135688259,1.54864763359537,1.54864763359537,1.54864763359537,1.54864763359537,0.791333578880125
1.53328590207866,0.658240179645077,1.12504359998046,1.58310285790707,0.761885996218336,2.37378405028682,2.07043167384011,2.7290960335449,1.13158589574135,0.707993182554706,1.13211251258271,2.59051538697918,3.04868221036839,2.54908790652117,0.691074427210137,0.678000440354779,0.981032637857042,1.16239251238949,2.90399187945864,1.16239251238242,0.950178989603323,0.492111133970308,0.764729147896241,3.13680394618049,3.13680394618049,1.29207135475302,0.550697753220467,1.53065779973554,1.29207135475302,0.994925528453792,1.53085367202824,3.22775163983201,0.788430096786491,0.792872544272568,0.492134083031487,1.53085367202824,0.792872544272568,1.53085367202824,0.177941879924072,0.792872544272568,1.53085367202824,1.53085367202824,1.53085367202824,0.143918350071257,0.792872544272568,1.53085367202824,1.53085367202824,1.53085367202824,1.53085367202824,0.788430096786491
1.63439274978965,0.666806973291444,1.13244859810514,1.63815223919836,0.783565985412507,2.41587768682857,2.11630103451066,2.75052588004959,1.14566960224656,0.701394224323778,1.14716363086614,2.65592564480861,3.04056661804585,2.61041018400373,0.689832430895489,0.696837900996787,0.992933455316411,1.18671190111147,2.95507422484171,1.18671190110633,0.955322677351491,0.493506960465836,0.775894254173378,3.15163486139759,3.15163486139759,1.31405070508136,0.630808771283386,1.53955880514217,1.31405070508513,0.992240422941622,1.53967433818087,3.2441361371669,0.790209871878955,0.791013933463789,0.493521999762031,1.53967433818087,0.791013933463789,1.53967433818087,0.178162632080951,0.791013933463789,1.53967433818087,1.53967433818087,1.53967433818087,0.144157193605721,0.791013933463789,1.53967433818087,1.53967433818087,1.53967433818087,1.53967433818087,0.790209871878955
1.74440957685468,0.608024514095389,1.1179552053803,1.82506454955057,0.782604212203,2.53268701377932,2.25590583109349,2.83568046032708,1.13189218750497,0.705115824851439,1.13144477504273,2.73713093203866,3.10324617722874,2.70295838262235,0.658160453306538,0.672469752214773,0.988323198824202,1.16993860345265,3.01712927399361,1.16993860342702,0.938664382649286,0.495566021177234,0.770751583649068,3.18355829975214,3.18355829975214,1.30613688447077,0.552077231790799,1.53984311954874,1.30613688447753,0.998128834656949,1.53994313310629,3.24590061676308,0.794177199610283,0.797941520044228,0.495576054717064,1.53994313310629,0.797941520044228,1.53994313310629,0.179230895686284,0.797941520044228,1.53994313310629,1.53994313310629,1.53994313310629,0.145050929850047,0.797941520044228,1.53994313310629,1.53994313310629,1.53994313310629,1.53994313310629,0.794177199610283
1.60828942314334,0.652075163014678,1.1320297178562,1.60237970128559,0.796217924547575,2.41181612424526,2.07766345782795,2.7896086919675,1.14694352070777,0.699220822830085,1.14249337869944,2.5752349489835,3.04109414192483,2.53454355335787,0.723363427418254,0.664551994303253,0.992649150413588,1.18164159117061,2.90652240899015,1.18164159117065,0.944136521737442,0.497717443001663,0.783421305257381,3.14630071276693,3.14630071276693,1.3119088961526,0.6166243499928,1.54902269758027,1.31190889615395,1.00234317645755,1.54916796827628,3.23969440434537,0.797558453745446,0.801560902633626,0.497740133135413,1.54916796827628,0.801560902633626,1.54916796827628,0.179852153732376,0.801560902633626,1.54916796827628,1.54916796827628,1.54916796827628,0.145595946528872,0.801560902633626,1.54916796827628,1.54916796827628,1.54916796827628,1.54916796827628,0.797558453745446
1.66175347135972,0.684980284781843,1.13451529082732,1.65338712962224,0.760404161151167,2.45912205298787,2.17055742476214,2.78635707227217,1.14773541932674,0.703025616133695,1.14825558032682,2.71111084157148,3.04648966428324,2.66431235417767,0.700968378998969,0.697052071646558,0.99207323085396,1.18845888706132,2.95710917132021,1.18845888706271,0.954692610498077,0.490997277590123,0.774022617274108,3.14589891126434,3.14589891126434,1.30886682297325,0.62475843915151,1.53572872301581,1.30886682296942,0.988288224620354,1.53583866516785,3.23272381187132,0.787956203003844,0.790277074550398,0.491012636479135,1.53583866516785,0.790277074550398,1.53583866516785,0.177575330376161,0.790277074550398,1.53583866516785,1.53583866516785,1.53583866516785,0.143775767521565,0.790277074550398,1.53583866516785,1.53583866516785,1.53583866516785,1.53583866516785,0.787956203003844
1.73288186339271,0.662416664294252,1.10981337728895,1.75235328728291,0.764947483492181,2.50452141216381,2.20119449837453,2.80525359136259,1.12318296875048,0.692145884532108,1.1244955731209,2.71332778305056,3.07530161755079,2.67823287798532,0.649987810817194,0.661023174314786,0.971128121494986,1.16132677432678,2.96390342345275,1.16132677431738,0.920403177113106,0.490044862630945,0.768046574493334,3.16313654731454,3.16313654731454,1.28423991172065,0.564113697570099,1.53006644263977,1.28423991172603,0.990912970221625,1.53015233267132,3.2277967823295,0.784461865374403,0.789668781395804,0.490053594188853,1.53015233267132,0.789668781395804,1.53015233267132,0.177197219861664,0.789668781395804,1.53015233267132,1.53015233267132,1.53015233267132,0.143510302835158,0.789668781395804,1.53015233267132,1.53015233267132,1.53015233267132,1.53015233267132,0.784461865374403
1.72358695744238,0.638431615600392,1.12691046287957,1.80022921664342,0.751700362784948,2.59310768125414,2.30768956688174,2.8970602249606,1.13352234478394,0.704850034915818,1.13719565694802,2.76641813736174,3.11847418243422,2.72956371354816,0.701411618785782,0.640401794562474,0.994857889870068,1.16951544573763,3.03046641078807,1.16951544573325,0.962939446032218,0.496947111874917,0.770580444537231,3.19071374326461,3.19071374326461,1.30435388496986,0.546773073362287,1.54491164748932,1.30435388496986,1.00322523884956,1.5452027717558,3.2559029871071,0.79602890916873,0.798770153634519,0.496984857923514,1.5452027717558,0.798770153634519,1.5452027717558,0.179681340813059,0.798770153634519,1.5452027717558,1.5452027717558,1.5452027717558,0.145417894424416,0.798770153634519,1.5452027717558,1.5452027717558,1.5452027717558,1.5452027717558,0.79602890916873
1.57507579936195,0.69418417567511,1.12667859224338,1.63945406001925,0.808081809662544,2.43097035716517,2.08372993064021,2.78273919486045,1.13738971537493,0.700891242515021,1.14068749846519,2.59256279208826,3.02867805491877,2.55287627011498,0.700194956737514,0.675255609892599,0.980719717934704,1.17465062161387,2.90356506410405,1.17465062161727,0.938632496220178,0.49189248266321,0.769344389205296,3.13902307532665,3.13902307532665,1.30012867304966,0.593466266340012,1.54044831224733,1.30012867304966,0.994245385587969,1.54064606650541,3.22610625771912,0.787670948895841,0.790671336505836,0.491921755732163,1.54064606650541,0.790671336505836,1.54064606650541,0.178048925840687,0.790671336505836,1.54064606650541,1.54064606650541,1.54064606650541,0.144005679770545,0.790671336505836,1.54064606650541,1.54064606650541,1.54064606650541,1.54064606650541,0.787670948895841
1.59089159029761,0.677788040034562,1.12696665815561,1.6497375005113,0.783669391964523,2.40634720576428,2.12407489145811,2.76862740370017,1.13809265195717,0.700997129220876,1.14457158950559,2.65012494666947,3.03990320877458,2.61293511798645,0.665206129269016,0.64913850833379,0.981599252545282,1.17889957463399,2.91441692706757,1.1788995746376,0.934747511280674,0.496158848239701,0.771584962760463,3.14936399034673,3.14936399034673,1.29952409205458,0.516357179566957,1.54743844426687,1.29952409205636,1.00228732237237,1.54752298907381,3.22448446303635,0.796076113416015,0.799887641076913,0.496168655476409,1.54752298907381,0.799887641076913,1.54752298907381,0.1795267336419,0.799887641076913,1.54752298907381,1.54752298907381,1.54752298907381,0.145262880656978,0.799887641076913,1.54752298907381,1.54752298907381,1.54752298907381,1.54752298907381,0.796076113416015
1.64650179412471,0.690492066709506,1.14300758092023,1.72126848627149,0.805996005307798,2.51128947953858,2.17026050186367,2.84653909177461,1.15270310957338,0.707102724729804,1.15465184553886,2.67893968827393,3.09518546975907,2.64503028498428,0.685995617082507,0.658293689852803,0.984629292594171,1.18494382730155,2.96541875521216,1.18494382730531,0.942031331391511,0.498057039591371,0.772312427235068,3.17864915270153,3.17864915270153,1.31042351391657,0.524357190020116,1.55876501628294,1.31042351391657,1.00254354143306,1.55894644756866,3.2462008321817,0.79706220426735,0.800807097757374,0.498078358624356,1.55894644756866,0.800807097757374,1.55894644756866,0.180245648474235,0.800807097757374,1.55894644756866,1.55894644756866,1.55894644756866,0.145843959999342,0.800807097757374,1.55894644756866,1.55894644756866,1.55894644756866,1.55894644756866,0.79706220426735
1.7401225289664,0.654496264641819,1.12234228702704,1.79201738349825,0.781139316923228,2.5728740147722,2.25054063638851,2.86903893450245,1.13148234004888,0.707439360973403,1.13514668634998,2.73251146588438,3.0935375896331,2.69360175886062,0.698608419800081,0.704883261688644,0.988813096977978,1.16987544235992,2.99400949916748,1.16987544234908,0.949000444783491,0.494808901771663,0.775384094064327,3.17923088911759,3.17923088911759,1.29788780849349,0.607247824112076,1.53990340688124,1.29788780849142,0.998880324145057,1.54013857699366,3.25076825119808,0.792135216752567,0.794654374661145,0.494841286499662,1.54013857699366,0.794654374661145,1.54013857699366,0.1789257704438,0.794654374661145,1.54013857699366,1.54013857699366,1.54013857699366,0.144762642393573,0.794654374661145,1.54013857699366,1.54013857699366,1.54013857699366,1.54013857699366,0.792135216752567
1.71389492744071,0.684106781426403,1.13290374589736,1.69595037426605,0.745943640068591,2.50068162820545,2.24803258911939,2.85303725593312,1.15032882082565,0.699438326278621,1.14758298063565,2.74276773298995,3.0642158804038,2.70408832778166,0.700991623934594,0.652000654860286,0.99379944124016,1.19094383100654,2.97462973183203,1.19094383102283,0.942363078607986,0.497416066184159,0.775833259473806,3.15223601304316,3.15223601304316,1.31310391099006,0.54248970379298,1.54968221130236,1.31310391099679,1.00373811176628,1.54982593430823,3.2205385465045,0.796793707140392,0.799703055791686,0.497436495889731,1.54982593430823,0.799703055791686,1.54982593430823,0.179616620496307,0.799703055791686,1.54982593430823,1.54982593430823,1.54982593430823,0.145323896803732,0.799703055791686,1.54982593430823,1.54982593430823,1.54982593430823,1.54982593430823,0.796793707140392
1.64636539238724,0.680370569867923,1.13782301154967,1.68119763542454,0.791712734065893,2.50918400941468,2.15538179576456,2.84515965522993,1.15012846620027,0.709947335589605,1.14496171810781,2.65413142022073,3.07436909836273,2.61385823373247,0.733029213781357,0.688418891668998,0.989313099968168,1.18060365206388,2.94506413264412,1.18060365207198,0.947892096583137,0.495346558841362,0.776009033467565,3.15482921233847,3.15482921233847,1.30728400813761,0.613090133372079,1.54498691214948,1.30728400812648,0.998454837370293,1.54507022827378,3.23660824330192,0.793357777426613,0.795084102377751,0.495359429844883,1.54507022827378,0.795084102377751,1.54507022827378,0.179138128805966,0.795084102377751,1.54507022827378,1.54507022827378,1.54507022827378,0.144930799566318,0.795084102377751,1.54507022827378,1.54507022827378,1.54507022827378,1.54507022827378,0.793357777426613
1.75836508244622,0.670370090748688,1.14476768095893,1.77878079304349,0.804075352470721,2.58313926678273,2.2423332913376,2.90660810950169,1.15274196065279,0.708251651396038,1.15371514508468,2.70516812540299,3.11858563411771,2.66977768846143,0.723364597729726,0.675312255755697,0.996442186569355,1.18432402619902,3.01705476854216,1.18432402619567,0.965343992230443,0.500598031344008,0.784446757907318,3.19265648548629,3.19265648548629,1.32368372192092,0.553331747795659,1.55852119008871,1.32368372192994,1.00729873029943,1.55863605186081,3.26150914207177,0.800948543248019,0.803541130364316,0.500614562888914,1.55863605186081,0.803541130364316,1.55863605186081,0.180958308222776,0.803541130364316,1.55863605186081,1.55863605186081,1.55863605186081,0.146426206014156,0.803541130364316,1.55863605186081,1.55863605186081,1.55863605186081,1.55863605186081,0.800948543248019
1.69424920511515,0.670261332779776,1.14227551896866,1.6991879628976,0.785936435597474,2.43512709011435,2.17202199107338,2.75818914529906,1.1578085096382,0.707689537984862,1.15712364391643,2.71578026390399,3.04129278451834,2.67120181346211,0.684148343034983,0.707989103789047,1.00072809730932,1.19930698444934,2.96356854265726,1.19930698443052,0.957358188176241,0.495169701270061,0.779441394400894,3.13870024147945,3.13870024147945,1.32035202247632,0.606798212591149,1.54383649609696,1.32035202247632,1.0003949247166,1.54396254755893,3.21998549956551,0.792079713718374,0.796855657213212,0.495184840589898,1.54396254755893,0.796855657213212,1.54396254755893,0.17896144535289,0.796855657213212,1.54396254755893,1.54396254755893,1.54396254755893,0.144827362364236,0.796855657213212,1.54396254755893,1.54396254755893,1.54396254755893,1.54396254755893,0.792079713718374
1.53751312538334,0.70353506973265,1.13209905334494,1.55698377838772,0.761918742453026,2.36077017898258,2.0894487129481,2.75613873004535,1.14797432499427,0.70973214971432,1.14399742838752,2.63748550163847,3.03755203291718,2.58978178555358,0.708440662239486,0.708332629155845,0.989595832664341,1.18584923771859,2.92082467179567,1.18584923771395,0.944734820017913,0.493301638972095,0.768329783352444,3.14676575233374,3.14676575233374,1.30761788195181,0.579059631089691,1.53455318212602,1.30761788195181,0.991401344733623,1.53467959498464,3.24627810875562,0.789139864844947,0.791392196236779,0.493319940008468,1.53467959498464,0.791392196236779,1.53467959498464,0.177975572042764,0.791392196236779,1.53467959498464,1.53467959498464,1.53467959498464,0.144170677593765,0.791392196236779,1.53467959498464,1.53467959498464,1.53467959498464,1.53467959498464,0.789139864844947
1.70885546622127,0.674626098842187,1.12956598084737,1.73662101189161,0.763505782449331,2.53019537174116,2.24618168749187,2.85449370720569,1.14690716042825,0.707735524022415,1.14817787547543,2.7251799099203,3.08407339883482,2.69081315084077,0.67078481136097,0.661570847364169,0.996733205873052,1.19021623132467,3.0097574626267,1.19021623136924,0.940357782942662,0.500887589021522,0.777351851885056,3.18083126548476,3.18083126548476,1.3240753473344,0.563457968907351,1.55474667675754,1.32407534733854,1.00769547119126,1.55497033096863,3.2447552534904,0.800926896977297,0.802761808908114,0.500914649826614,1.55497033096863,0.802761808908114,1.55497033096863,0.180844660265752,0.802761808908114,1.55497033096863,1.55497033096863,1.55497033096863,0.146299254875397,0.802761808908114,1.55497033096863,1.55497033096863,1.55497033096863,1.55497033096863,0.800926896977297
1.61267447693786,0.65715184387416,1.1209009455737,1.68248517922787,0.781295618278374,2.46469671741713,2.15176126791352,2.79907985514241,1.12885688966485,0.702709365875157,1.12817833773535,2.64584981366719,3.05292085695,2.59973531030297,0.729924579177306,0.674739547174422,0.991649959393345,1.16387802500255,2.94468324602852,1.16387802499337,0.962809365431194,0.492666144010116,0.770877967721265,3.14265620979454,3.14265620979454,1.29571514255804,0.632831016928862,1.53068646397996,1.29571514255804,0.993708962125932,1.53076511852824,3.23674135320111,0.789198604619098,0.792072155585785,0.492678444636125,1.53076511852824,0.792072155585785,1.53076511852824,0.177897600091726,0.792072155585785,1.53076511852824,1.53076511852824,1.53076511852824,0.143958228841959,0.792072155585785,1.53076511852824,1.53076511852824,1.53076511852824,1.53076511852824,0.789198604619098
1.61485457411494,0.645415024310203,1.13517873578687,1.55930957144884,0.767207914414257,2.38223577961378,2.06720618707439,2.73872515588365,1.14651328685711,0.688437862769469,1.15369004008399,2.60891884403372,3.03279982986977,2.57297061527694,0.652640549058778,0.633353286585119,0.978578041680237,1.18572703716038,2.91524676926718,1.18572703716729,0.932996308871602,0.494550231652019,0.772115586359851,3.14985713561431,3.14985713561431,1.30757201345424,0.520211287141375,1.54419555628832,1.30757201345907,0.998257800406106,1.54444366567833,3.22726795529822,0.791914979470885,0.794177961581186,0.49457701771449,1.54444366567833,0.794177961581186,1.54444366567833,0.178677984505494,0.794177961581186,1.54444366567833,1.54444366567833,1.54444366567833,0.144650914949265,0.794177961581186,1.54444366567833,1.54444366567833,1.54444366567833,1.54444366567833,0.791914979470885
1.64021834209576,0.644636686830004,1.11622754376842,1.74876984996902,0.774872385072812,2.5027533984839,2.20169441444362,2.81775403181636,1.13136827067738,0.709174713249367,1.12839683044208,2.67901502922576,3.08349094877768,2.64470334479221,0.668003979830273,0.669715581141454,0.986479467554121,1.16748784922887,2.99018512994471,1.16748784921179,0.934697195090621,0.495822950439442,0.765709573726086,3.16788731370802,3.16788731370802,1.30557293717271,0.572593474582501,1.54096785974676,1.30557293717377,0.999171183565735,1.54114818719972,3.23492670087557,0.792620736996062,0.796379328081947,0.49584240628379,1.54114818719972,0.796379328081947,1.54114818719972,0.178994305848007,0.796379328081947,1.54114818719972,1.54114818719972,1.54114818719972,0.144874826517371,0.796379328081947,1.54114818719972,1.54114818719972,1.54114818719972,1.54114818719972,0.792620736996062
1.70054737714737,0.657922611770551,1.11944592564173,1.77677448765093,0.766992922871886,2.55332333576023,2.2547370789426,2.86045489337407,1.12981698943617,0.7033977591075,1.13754414259759,2.74844537509488,3.08250168062878,2.71422580110948,0.66265713603119,0.677585576186423,0.976955279386859,1.17124706939304,2.98407798696242,1.17124706938024,0.93162722339007,0.493317239453315,0.763592263990411,3.17277549549223,3.17277549549223,1.29286599207811,0.529004073072237,1.54001562507342,1.29286599207872,0.993467458996342,1.54035051025437,3.23338715935425,0.79086758500844,0.792819317269836,0.493356971943547,1.54035051025437,0.792819317269836,1.54035051025437,0.178186721139592,0.792819317269836,1.54035051025437,1.54035051025437,1.54035051025437,0.144287361509191,0.792819317269836,1.54035051025437,1.54035051025437,1.54035051025437,1.54035051025437,0.79086758500844
1.54776707961608,0.653325138304816,1.10524327518355,1.57103202389508,0.739277698169577,2.39471533464103,2.08856208586484,2.76404601569654,1.12237061871327,0.700448014324801,1.12006804708392,2.57529748727564,3.04426151090303,2.54416820639415,0.648646037957501,0.64619758883812,0.971327535154849,1.15860553586095,2.91577022071782,1.15860553585814,0.90928749687172,0.493257650810394,0.761037947893388,3.14817415596564,3.14817415596564,1.29194456119115,0.517833971271306,1.5374399851204,1.29194456119345,0.995700043141079,1.53764435177745,3.21789772986555,0.788631976515818,0.793465010231166,0.493278958216745,1.53764435177745,0.793465010231166,1.53764435177745,0.178248379150999,0.793465010231166,1.53764435177745,1.53764435177745,1.53764435177745,0.144218241988591,0.793465010231166,1.53764435177745,1.53764435177745,1.53764435177745,1.53764435177745,0.788631976515818
1.66484667995685,0.654152229075534,1.12138923844862,1.77865502900956,0.765853094898122,2.51482990894364,2.26217690897791,2.83498416840749,1.13377396571287,0.710664401858006,1.13457905377479,2.73684418042558,3.07763792602987,2.69784907693112,0.690108877484837,0.665183569171905,0.999132980551091,1.17527237813526,3.00405952231774,1.17527237814398,0.957113153073098,0.496432650931673,0.770656495288535,3.16380994097208,3.16380994097208,1.30988889669935,0.575122164811233,1.54957654518085,1.30988889669935,1.00178667153545,1.54967428077961,3.23406990480506,0.795660234177085,0.800394342586523,0.496444888441306,1.54967428077961,0.800394342586523,1.54967428077961,0.179619743539909,0.800394342586523,1.54967428077961,1.54967428077961,1.54967428077961,0.145406483825456,0.800394342586523,1.54967428077961,1.54967428077961,1.54967428077961,1.54967428077961,0.795660234177085
1.69917287364686,0.673302201731946,1.12343100594722,1.7092456289582,0.76946352677008,2.52530408665259,2.20072999025114,2.84708724810488,1.13509870584188,0.698920149302721,1.13788623122669,2.66765139850121,3.07191079872322,2.63272157946329,0.687483366080212,0.657008670334492,0.985857465519485,1.17300631759014,2.97683874033007,1.173006317596,0.941304332209509,0.495411954903471,0.774359288919153,3.16363789552942,3.16363789552942,1.30997967776384,0.568745851167469,1.54241487841746,1.30997967776384,0.996358169256832,1.54261512668034,3.23296983850716,0.792008232524593,0.796981001539988,0.495438702383376,1.54261512668034,0.796981001539988,1.54261512668034,0.17899383343357,0.796981001539988,1.54261512668034,1.54261512668034,1.54261512668034,0.144960932413733,0.796981001539988,1.54261512668034,1.54261512668034,1.54261512668034,1.54261512668034,0.792008232524593
1.67723360446428,0.661125432751876,1.1337319768584,1.70692585763195,0.795001474009178,2.45253260571026,2.18367494180725,2.81835918643676,1.14643866257821,0.700529163069403,1.14559651797343,2.71252189900872,3.04638740558163,2.66708694159719,0.721404128390938,0.675826799872107,0.990146232388185,1.18487806135285,2.92825094204661,1.18487806135273,0.94716281343795,0.493366238775805,0.777459016936359,3.13950669045446,3.13950669045446,1.29886987413618,0.564344884399907,1.54075678252141,1.29886987413618,0.996894138018963,1.54088115224531,3.2230681527899,0.790364954829514,0.793801535166288,0.49338578790638,1.54088115224531,0.793801535166288,1.54088115224531,0.178456561751657,0.793801535166288,1.54088115224531,1.54088115224531,1.54088115224531,0.144351168867813,0.793801535166288,1.54088115224531,1.54088115224531,1.54088115224531,1.54088115224531,0.790364954829514
1.62803553099467,0.698745657075286,1.13458883751643,1.71256028430824,0.813864334924743,2.43369013519526,2.1374189430844,2.77138190437266,1.14771357758952,0.710012995140427,1.14963047324905,2.67863681716713,3.05122708446387,2.63865512128905,0.677194670665921,0.702031503400182,0.988454820918305,1.18708890141894,2.93459474555776,1.18708890145622,0.94250739603524,0.49748584669715,0.773763283761182,3.15388660197204,3.15388660197204,1.30600017439631,0.573750776266821,1.55377146525706,1.30600017439631,1.00007301346874,1.5538764802853,3.23197785961521,0.796755169054888,0.79957767310297,0.497498091234134,1.5538764802853,0.79957767310297,1.5538764802853,0.179465967521472,0.79957767310297,1.5538764802853,1.5538764802853,1.5538764802853,0.145339593951564,0.79957767310297,1.5538764802853,1.5538764802853,1.5538764802853,1.5538764802853,0.796755169054888
1.62532017927135,0.65563500595835,1.10850492784753,1.73050245243047,0.766398780465292,2.49195053139625,2.21388861729956,2.83258862245901,1.11818808273931,0.702260232152559,1.11736488829109,2.68586438614497,3.05037971715241,2.64296280605556,0.727437635390487,0.661481558646417,0.987534221179923,1.15615915042135,2.94171454032037,1.15615915044278,0.948472524868703,0.492496306306254,0.767851376090694,3.13712355495876,3.13712355495876,1.28377490310597,0.598058990931182,1.53583734742991,1.28377490309566,0.993220820693477,1.53593043456182,3.21855043515226,0.78898345349019,0.792171036150466,0.492511376183379,1.53593043456182,0.792171036150466,1.53593043456182,0.177834364873722,0.792171036150466,1.53593043456182,1.53593043456182,1.53593043456182,0.143982986402767,0.792171036150466,1.53593043456182,1.53593043456182,1.53593043456182,1.53593043456182,0.78898345349019
1.60951175257155,0.661082164915732,1.13740424947173,1.61152511026071,0.794461373361801,2.40552888137882,2.05446036923534,2.72592895039762,1.14608794817938,0.703909682106527,1.14714355487523,2.5887002751884,3.03684561081367,2.54904584044401,0.682186207496897,0.697197691956178,0.979176018089034,1.17718791627041,2.90415223043137,1.17718791624906,0.946259522608981,0.491510572072355,0.77165637137652,3.12857988178827,3.12857988178827,1.30333838287645,0.590694868372214,1.53206186540086,1.30333838287429,0.992131149998282,1.53214309897603,3.21483037827229,0.78730456114281,0.789046856304848,0.49151988048664,1.53214309897603,0.789046856304848,1.53214309897603,0.17742156246447,0.789046856304848,1.53214309897603,1.53214309897603,1.53214309897603,0.143616248767286,0.789046856304848,1.53214309897603,1.53214309897603,1.53214309897603,1.53214309897603,0.78730456114281
1.71049557186029,0.705757168852615,1.12679183390314,1.77225677615386,0.800357399719664,2.53620644851229,2.21513909034878,2.84441428668996,1.13691162820542,0.703498921563195,1.13953977992747,2.68776937982333,3.07261791061094,2.64860640781768,0.701356725506899,0.688490773154378,0.98875095407029,1.17445087834235,2.99276060432542,1.17445087834356,0.955341190050029,0.492836700865998,0.772476505498731,3.16002438729978,3.16002438729978,1.31304787706407,0.599655256854398,1.53028885300428,1.31304787706407,0.995039409566438,1.53046962752653,3.23533408946982,0.787856616198444,0.790677111286104,0.492862451052447,1.53046962752653,0.790677111286104,1.53046962752653,0.178015509750964,0.790677111286104,1.53046962752653,1.53046962752653,1.53046962752653,0.144089078849994,0.790677111286104,1.53046962752653,1.53046962752653,1.53046962752653,1.53046962752653,0.787856616198444
1.68940160314334,0.640957301749996,1.12923943066121,1.72856754788386,0.739071637262658,2.57375175502834,2.25591269684047,2.86383559194516,1.14290083769439,0.712968556649108,1.14106257427108,2.7219806086062,3.08830436425658,2.68739188349439,0.68924073305389,0.679965741385224,0.990951545908337,1.17837799042795,3.00033512970623,1.17837799042961,0.944647217648307,0.496973292047911,0.769741865133916,3.16421438969147,3.16421438969147,1.31305131715809,0.596797176197857,1.5418526392357,1.31305131716085,1.00353361985736,1.54211609151777,3.22742756338033,0.794386154490348,0.799105763615268,0.497006054413974,1.54211609151777,0.799105763615268,1.54211609151777,0.179384212509204,0.799105763615268,1.54211609151777,1.54211609151777,1.54211609151777,0.145285417818254,0.799105763615268,1.54211609151777,1.54211609151777,1.54211609151777,1.54211609151777,0.794386154490348
1.61052144302033,0.690559170193514,1.1309659900878,1.56101968171879,0.753481158855444,2.39982352915146,2.07233390434221,2.75716902659295,1.14598258668022,0.692585052652642,1.14078590374348,2.59670539804101,3.06402178003556,2.56183398791064,0.667448230629925,0.629656048670922,0.974835440217556,1.17598480952021,2.92348077255729,1.17598480951553,0.924743184081362,0.492421769966218,0.767926571288587,3.15223426610496,3.15223426610496,1.30505243497957,0.535324224645891,1.53902266286304,1.30505243497957,0.991870880410845,1.53915865783987,3.22859954164712,0.788076466475,0.793349307357005,0.492435860778058,1.53915865783987,0.793349307357005,1.53915865783987,0.17802170700617,0.793349307357005,1.53915865783987,1.53915865783987,1.53915865783987,0.144070646014528,0.793349307357005,1.53915865783987,1.53915865783987,1.53915865783987,1.53915865783987,0.788076466475
1.65450496137756,0.652550939476076,1.13216423114747,1.62909047990422,0.770206032166607,2.4851599735105,2.11398359677898,2.79122656884773,1.13937396307439,0.700571084501642,1.14451150004308,2.63014343838524,3.06198541607304,2.59229365490319,0.681514029235002,0.689122573828715,0.978708446763345,1.17295487138628,2.94474869067652,1.17295487142209,0.946099230848739,0.491108623549089,0.768599732663922,3.15518491121069,3.15518491121069,1.30014155831082,0.588404426852563,1.53033649977744,1.30014155831082,0.988998038034475,1.53048082533498,3.23430352959506,0.787439635362181,0.788500480958342,0.491126330924324,1.53048082533498,0.788500480958342,1.53048082533498,0.177387469145212,0.788500480958342,1.53048082533498,1.53048082533498,1.53048082533498,0.143563847814494,0.788500480958342,1.53048082533498,1.53048082533498,1.53048082533498,1.53048082533498,0.787439635362181
1.66635321420191,0.70301842229466,1.12570158234393,1.64885081880943,0.760103061427665,2.50830169159513,2.14726332665074,2.82662268200553,1.14100463442478,0.696580109156832,1.13796879102028,2.64688298526812,3.06619954163249,2.61314015852211,0.678981317125421,0.667259484335225,0.975370597162727,1.17400430733381,2.93849886430538,1.17400430732698,0.921641473981708,0.493467389349539,0.76801331319097,3.15326488711541,3.15326488711541,1.2994152185149,0.585119255015962,1.53685081548134,1.29941521851713,0.9932399087496,1.53702274688604,3.221433720727,0.79055481772317,0.793447974549709,0.493488510432857,1.53702274688604,0.793447974549709,1.53702274688604,0.178152112680149,0.793447974549709,1.53702274688604,1.53702274688604,1.53702274688604,0.144134824104956,0.793447974549709,1.53702274688604,1.53702274688604,1.53702274688604,1.53702274688604,0.79055481772317
1.61544630619856,0.662692643496296,1.11805973533899,1.62297053706113,0.754637158896527,2.45129890646394,2.13678694063817,2.81226542748957,1.13351888651611,0.698047442642458,1.13505881917693,2.64424223408794,3.06967706364233,2.6121584700696,0.648154476195303,0.650334718267598,0.969954729190682,1.17093837625549,2.95155939208913,1.17093837627608,0.913667584309838,0.493028760919191,0.762109989469028,3.17173459369689,3.17173459369689,1.29826299075731,0.497004393323858,1.53679046369541,1.29826299075731,0.995513837697594,1.53713490393385,3.23770172115832,0.788421563604731,0.793194854118035,0.493065971073365,1.53713490393385,0.793194854118035,1.53713490393385,0.178250192048906,0.793194854118035,1.53713490393385,1.53713490393385,1.53713490393385,0.144215591714839,0.793194854118035,1.53713490393385,1.53713490393385,1.53713490393385,1.53713490393385,0.788421563604731
1.60664331121594,0.640132104004802,1.13185223532561,1.65558959959201,0.773792670532393,2.45340319270249,2.15933007149719,2.81589732799152,1.14119952966421,0.699468065974184,1.13897388319812,2.65986209944132,3.05411256269676,2.61588826345618,0.731969264269222,0.647773482323555,0.98658058077046,1.17380863287636,2.94101265874122,1.17380863286468,0.957068479792166,0.491404153343853,0.767805616214772,3.13643401020602,3.13643401020602,1.30277297960677,0.563337377605633,1.53424427838313,1.30277297961574,0.99068820862635,1.53438472787658,3.22320843061469,0.786089900787545,0.788929030682327,0.491426086984948,1.53438472787658,0.788929030682327,1.53438472787658,0.177390854787128,0.788929030682327,1.53438472787658,1.53438472787658,1.53438472787658,0.143575230566309,0.788929030682327,1.53438472787658,1.53438472787658,1.53438472787658,1.53438472787658,0.786089900787545
1.68667358712487,0.619210246957577,1.12568888695178,1.69055495002634,0.746242826014471,2.45077221063945,2.21605327152206,2.78966288383778,1.1349019967452,0.708373479331963,1.13766921954366,2.70553762516826,3.06298989026664,2.66203470483446,0.699113527489962,0.686299548903254,1.0041321376158,1.1770589111443,2.98593062415779,1.17705891114081,0.971525462806207,0.49756682155447,0.780875430400069,3.15623194153498,3.15623194153498,1.31551722639505,0.577023964410652,1.55128491554326,1.31551722639505,1.00463519287485,1.55138791552,3.23853888111669,0.796752416525027,0.798930971212445,0.497579929736852,1.55138791552,0.798930971212445,1.55138791552,0.179854527958616,0.798930971212445,1.55138791552,1.55138791552,1.55138791552,0.145575903036314,0.798930971212445,1.55138791552,1.55138791552,1.55138791552,1.55138791552,0.796752416525027
1.66260557692923,0.664006965304444,1.14161246788374,1.71091654474379,0.784157040378425,2.51167749020218,2.17511557544943,2.81223801129844,1.15680776403109,0.698088821755416,1.15697724911358,2.70345867948822,3.07599568960741,2.67008955636101,0.654533257568949,0.633186836353654,0.977674539032718,1.19237816528673,2.97184076540868,1.19237816530361,0.928842629057946,0.493620917051754,0.766557666006974,3.16331689085009,3.16331689085009,1.31588601236131,0.561542914781069,1.54479224244211,1.31588601236131,0.994628629922528,1.54503208816612,3.22598709976248,0.790663291824567,0.79522177073267,0.493645309075721,1.54503208816612,0.79522177073267,1.54503208816612,0.178544231661038,0.79522177073267,1.54503208816612,1.54503208816612,1.54503208816612,0.144508921791867,0.79522177073267,1.54503208816612,1.54503208816612,1.54503208816612,1.54503208816612,0.790663291824567
1.72661726448875,0.700818785541421,1.1287524663842,1.75255114177584,0.783758854823887,2.53874465552255,2.20013236372725,2.83776650006134,1.14757883750082,0.68969318215046,1.14158674744419,2.72115324396094,3.09005312680664,2.68676266077475,0.663352796712187,0.636730116665421,0.973563973047009,1.18170407592633,2.97590012355693,1.18170407593034,0.916619105355733,0.491759792045777,0.769194900580944,3.17129761084264,3.17129761084264,1.3040160298174,0.597120714053378,1.53657553232546,1.3040160298174,0.991987153262956,1.53676716536456,3.23445808979516,0.786736473696745,0.789439853896975,0.491780455706758,1.53676716536456,0.789439853896975,1.53676716536456,0.17787364057802,0.789439853896975,1.53676716536456,1.53676716536456,1.53676716536456,0.143965168296298,0.789439853896975,1.53676716536456,1.53676716536456,1.53676716536456,1.53676716536456,0.786736473696745
1.53111353227147,0.667100740904033,1.12296828103192,1.6205090587279,0.772855738998074,2.36471816055601,2.09447260885887,2.73661516661641,1.13225714803044,0.706369654995949,1.12984238180306,2.61858908857491,3.04463325317897,2.575655448979,0.699672818167813,0.670541562361146,0.985127668505734,1.16514503298596,2.89627079710624,1.16514503299261,0.945604976024424,0.493803691175639,0.764879952877603,3.13426830841871,3.13426830841871,1.29051302519717,0.551862800220102,1.54296208993123,1.29051302519717,0.996801021117513,1.54307996909187,3.22487561010781,0.78942191205611,0.792083633505549,0.493818057199675,1.54307996909187,0.792083633505549,1.54307996909187,0.178287714670736,0.792083633505549,1.54307996909187,1.54307996909187,1.54307996909187,0.144413144309451,0.792083633505549,1.54307996909187,1.54307996909187,1.54307996909187,1.54307996909187,0.78942191205611
1.57949070872546,0.694117907297893,1.13363611195213,1.65408224789988,0.810781149116998,2.41487163880602,2.12167265408521,2.80773373892205,1.14902623220774,0.70045859175213,1.14478046340829,2.6181637701857,3.04282331671771,2.57648578158669,0.718958051988853,0.649112564512585,0.990384194717445,1.1840305089988,2.95058444604403,1.18403050899751,0.94787977330871,0.4915553052175,0.767078193613625,3.13947651322878,3.13947651322878,1.31657904812159,0.551687150315726,1.53232095476705,1.31657904812151,0.993751244625882,1.53242389598217,3.22730579815858,0.787937088650053,0.790899971448153,0.491571602667754,1.53242389598217,0.790899971448153,1.53242389598217,0.177755791793616,0.790899971448153,1.53242389598217,1.53242389598217,1.53242389598217,0.143928528079478,0.790899971448153,1.53242389598217,1.53242389598217,1.53242389598217,1.53242389598217,0.787937088650053
1.57971004633189,0.638150494882004,1.13840738364808,1.64748442715223,0.775754477213386,2.4219410116797,2.14844630211258,2.77697038869271,1.15337723974657,0.700299579053043,1.15700766766573,2.68696161720078,3.06136359850858,2.64821930873002,0.66289159732653,0.621721811001426,0.992980074284539,1.19553114299204,2.96853955772531,1.19553114299624,0.943197964811132,0.498875813135729,0.769427218198251,3.17079136967129,3.17079136967129,1.319084365055,0.535095250913055,1.54766662501184,1.31908436505471,1.00582293429767,1.54789015671138,3.24673325524924,0.79829596886349,0.800223048415977,0.498900689802923,1.54789015671138,0.800223048415977,1.54789015671138,0.180114090490125,0.800223048415977,1.54789015671138,1.54789015671138,1.54789015671138,0.145753256422664,0.800223048415977,1.54789015671138,1.54789015671138,1.54789015671138,1.54789015671138,0.79829596886349
1.71414317662648,0.617385653413937,1.12056172096422,1.70852555703931,0.717109237684037,2.54383439515411,2.26379681847452,2.86447474654068,1.1332389305091,0.703409932999241,1.13101874989525,2.76223852353219,3.10995936109366,2.72530969375213,0.680797100918378,0.658822992891484,0.980701372173743,1.16806159557858,3.00040037899095,1.16806159557147,0.934869180722973,0.494111288099278,0.767208489802096,3.18413366232638,3.18413366232638,1.29240006120236,0.536796245778746,1.53482127668884,1.29240006118978,0.99833260524296,1.53504065695222,3.24941319379256,0.789132084114371,0.79397838887318,0.494136631209495,1.53504065695222,0.79397838887318,1.53504065695222,0.178447573892284,0.79397838887318,1.53504065695222,1.53504065695222,1.53504065695222,0.144469121426305,0.79397838887318,1.53504065695222,1.53504065695222,1.53504065695222,1.53504065695222,0.789132084114371
1.57538830165903,0.640009016233921,1.12482669752173,1.62511323086047,0.768569421588286,2.42825766792023,2.13710374733436,2.79512425701033,1.13380046500469,0.701538512735364,1.13976808830535,2.63522271413901,3.03914652837469,2.59384824245603,0.698562706189072,0.655653528623988,0.985942129261424,1.17356754881189,2.93486242969294,1.17356754880648,0.949122147071862,0.492846532317623,0.767578164480289,3.14513748262551,3.14513748262551,1.30304958958779,0.544765625147903,1.53189747225298,1.30304958958583,0.996087897379849,1.53197083513652,3.23047327903072,0.788805181259848,0.79229753952584,0.492857330710136,1.53197083513652,0.79229753952584,1.53197083513652,0.178194448124799,0.79229753952584,1.53197083513652,1.53197083513652,1.53197083513652,0.144184636479098,0.79229753952584,1.53197083513652,1.53197083513652,1.53197083513652,1.53197083513652,0.788805181259848
1.76543204569306,0.620595579220277,1.13114546877137,1.83797847696443,0.785335816934333,2.59359944848233,2.29566084505696,2.90652524422699,1.14289381361446,0.709193871023618,1.14018137004657,2.77227710457732,3.1247722678345,2.73577023802376,0.711017432679968,0.664634889101782,0.994584580966173,1.17738390951283,3.00510748598374,1.177383909508,0.948045157891916,0.502095624972847,0.783060934907321,3.19675509324556,3.19675509324556,1.30321654013596,0.572207262679691,1.56077391597385,1.30321654012549,1.01168721843985,1.56094056009381,3.26150210983566,0.803407172488321,0.8066568149435,0.502117595199089,1.56094056009381,0.8066568149435,1.56094056009381,0.181491433245236,0.8066568149435,1.56094056009381,1.56094056009381,1.56094056009381,0.146914754796108,0.8066568149435,1.56094056009381,1.56094056009381,1.56094056009381,1.56094056009381,0.803407172488321
1.65856934313363,0.642856347985859,1.12756390959209,1.7495332518631,0.778672804998321,2.43889738830339,2.2042206593702,2.78071385219287,1.14018258412142,0.706985316420978,1.13602483603685,2.726194546566,3.07301772556616,2.68411530588551,0.688629010601036,0.663176912772193,0.992838013790296,1.176323855568,2.95366365946284,1.17632385554826,0.948828823561781,0.497079263310479,0.773540985575836,3.15285782411434,3.15285782411434,1.30065361364333,0.551863370129629,1.54837694366374,1.30065361364333,1.00068238147104,1.54852608136731,3.22950821789457,0.795932512667049,0.796846794921292,0.497095887649125,1.54852608136731,0.796846794921292,1.54852608136731,0.179428427740132,0.796846794921292,1.54852608136731,1.54852608136731,1.54852608136731,0.145288486496697,0.796846794921292,1.54852608136731,1.54852608136731,1.54852608136731,1.54852608136731,0.795932512667049
1.62458220591081,0.660700349342734,1.11951345678205,1.59439371136888,0.755111065503655,2.431117652966,2.11901507212238,2.80105245335282,1.13421494333077,0.70331663888721,1.12878405517041,2.59905102588472,3.05914716307014,2.5584361584359,0.711446462180647,0.681285982248798,0.987230878521235,1.16853160782654,2.9597824599866,1.16853160778899,0.945200809405704,0.492045139508936,0.774418712406912,3.1547398010612,3.1547398010612,1.310618686777,0.59430516387545,1.5325269830686,1.31061868677167,0.995265796868733,1.53271349603732,3.24439022259521,0.789542902681492,0.790635220327794,0.492072318216001,1.53271349603732,0.790635220327794,1.53271349603732,0.177989581537913,0.790635220327794,1.53271349603732,1.53271349603732,1.53271349603732,0.144120894934267,0.790635220327794,1.53271349603732,1.53271349603732,1.53271349603732,1.53271349603732,0.789542902681492
1.65228571177194,0.676906397319566,1.15090260945358,1.66612373818216,0.777472687024947,2.53009067852244,2.17879728826182,2.8417451083487,1.15960927005046,0.705129586150147,1.16666684323955,2.67903700551512,3.07605883542985,2.64179018130566,0.696267544527719,0.647743063662491,0.997480020803251,1.19744430035655,2.98729427577526,1.19744430034171,0.964398311884599,0.49996513112094,0.77505291603426,3.1726797124677,3.1726797124677,1.32809043523941,0.583500560415918,1.55383870385341,1.32809043522249,1.00758758481301,1.55391126101588,3.24664671526844,0.80021896787369,0.801482972669394,0.499975013855244,1.55391126101588,0.801482972669394,1.55391126101588,0.180548595604951,0.801482972669394,1.55391126101588,1.55391126101588,1.55391126101588,0.146054893749351,0.801482972669394,1.55391126101588,1.55391126101588,1.55391126101588,1.55391126101588,0.80021896787369
1.68346464584023,0.632907461493652,1.13848559114512,1.72104925803081,0.740693128181217,2.55706120261503,2.24386880953224,2.8469139287024,1.15112732235191,0.705412422960002,1.14976187853808,2.73500357708141,3.09755448914071,2.70226876227523,0.666459483154977,0.647847823577606,0.984871208173545,1.18350671844589,3.01687363770012,1.18350671842913,0.945168864407979,0.493592121537959,0.761515018110595,3.16686016592594,3.16686016592594,1.31611138010323,0.540668246113171,1.54002005178948,1.31611138010323,0.996836481932231,1.54020315435177,3.2255191843381,0.789596146790852,0.793564771912302,0.493610884818229,1.54020315435177,0.793564771912302,1.54020315435177,0.17821849352125,0.793564771912302,1.54020315435177,1.54020315435177,1.54020315435177,0.144307609559863,0.793564771912302,1.54020315435177,1.54020315435177,1.54020315435177,1.54020315435177,0.789596146790852
1.65104584841345,0.635943445874681,1.12297607056042,1.66468717534248,0.75446775243217,2.40471436212488,2.1596222335619,2.76107169710496,1.14025979469955,0.700350491160614,1.13493382146399,2.69863569721877,3.06221982816424,2.65932031779273,0.666319342213582,0.659614222017962,0.983330986607909,1.1773854867417,2.93274483378505,1.17738548674804,0.92750408737055,0.494885990189629,0.770705458070978,3.15193567736368,3.15193567736368,1.29683185997767,0.535202657072507,1.54345190724411,1.29683185997767,0.99881262346647,1.54370977260508,3.22602194629346,0.791325214237661,0.797060148842436,0.494912581693881,1.54370977260508,0.797060148842436,1.54370977260508,0.178974884721661,0.797060148842436,1.54370977260508,1.54370977260508,1.54370977260508,0.144847966957118,0.797060148842436,1.54370977260508,1.54370977260508,1.54370977260508,1.54370977260508,0.791325214237661
1.78444570165778,0.677016412733953,1.14628594734908,1.72958979153777,0.741843018780319,2.55159946608549,2.27660170691783,2.86152243737243,1.15990760263478,0.703904763221811,1.16008231228586,2.77617394326229,3.09899692162521,2.73868944194358,0.685464493858848,0.667274682898769,0.996599981928861,1.19785211578126,3.02026940798311,1.1978521157836,0.955698632981228,0.497906757419604,0.777936784778954,3.17703900605544,3.17703900605544,1.32581653870608,0.549816465284203,1.54791572549744,1.32581653870908,1.00264931085691,1.54800682739162,3.24157630776455,0.794893524707308,0.800886939578693,0.497917586262728,1.54800682739162,0.800886939578693,1.54800682739162,0.179749137222444,0.800886939578693,1.54800682739162,1.54800682739162,1.54800682739162,0.14556754353176,0.800886939578693,1.54800682739162,1.54800682739162,1.54800682739162,1.54800682739162,0.794893524707308
1.77964732289001,0.6601758297131,1.10977002705654,1.81611906113586,0.76325601997846,2.58443187077471,2.28689336842917,2.89005104503554,1.12608594165178,0.689732047410713,1.126065486689,2.7615295347162,3.08946494741787,2.72968283847478,0.662562059782472,0.64922311103098,0.969175986066375,1.16535271055328,2.98941089320717,1.16535271053977,0.912139424940492,0.490035389264647,0.765113838077593,3.17058063189246,3.17058063189246,1.28773869100564,0.53441694555457,1.53226848384779,1.28773869098336,0.987483241790277,1.53236646381609,3.22554026425815,0.784765523302307,0.788745350586226,0.49004731449751,1.53236646381609,0.788745350586226,1.53236646381609,0.177268470644638,0.788745350586226,1.53236646381609,1.53236646381609,1.53236646381609,0.143518664301789,0.788745350586226,1.53236646381609,1.53236646381609,1.53236646381609,1.53236646381609,0.784765523302307
1.63413723941448,0.607919967566403,1.10708470146566,1.72574550929872,0.73033304420933,2.52943025022276,2.25601077438173,2.87993748301185,1.12733924620841,0.702351349132688,1.11916302351363,2.75755148170764,3.11105569687404,2.72343178303097,0.669062900880052,0.646514945434521,0.970758828985177,1.16301030002722,2.98379872767243,1.16301030002889,0.908734182561878,0.493047386294886,0.757746248619308,3.19019849651533,3.19019849651533,1.28223151361954,0.517094298643502,1.53646047612707,1.28223151361954,0.997450172892665,1.53668416694435,3.25093642895731,0.791511191581364,0.792314008355647,0.493072974024634,1.53668416694435,0.792314008355647,1.53668416694435,0.178297436919154,0.792314008355647,1.53668416694435,1.53668416694435,1.53668416694435,0.144322116260812,0.792314008355647,1.53668416694435,1.53668416694435,1.53668416694435,1.53668416694435,0.791511191581364
1.59758016271193,0.633817421460872,1.11894944958883,1.69280988995052,0.789280949826659,2.44552761762714,2.13283723470175,2.77533666660496,1.12615603400108,0.6989669858388,1.12937527234871,2.64109145480118,3.05552533084626,2.60061586519723,0.687839839860149,0.66053808775047,0.979494446719732,1.16139144079845,2.93807707946126,1.16139144080526,0.947194866575486,0.490356652039371,0.762160321514749,3.14751114267177,3.14751114267177,1.29115895377761,0.57335249571005,1.53409308915831,1.29115895377977,0.985809479866906,1.53424380653757,3.23025498108236,0.784174594492125,0.789303599870842,0.490375241093776,1.53424380653757,0.789303599870842,1.53424380653757,0.177071170717271,0.789303599870842,1.53424380653757,1.53424380653757,1.53424380653757,0.143372343059619,0.789303599870842,1.53424380653757,1.53424380653757,1.53424380653757,1.53424380653757,0.784174594492125
1.67990217356693,0.648256605716872,1.12223427257405,1.73047267055752,0.791137940226702,2.46147561744716,2.19169526519557,2.82278509522404,1.14230169966171,0.693967414537057,1.13940282367399,2.69720198840165,3.08071335208796,2.66334233998854,0.653721229803172,0.624680064790431,0.982844205898002,1.18245580122214,2.99787703618919,1.18245580122214,0.92326631726658,0.495371209991402,0.770147864250494,3.17870986406308,3.17870986406308,1.31337388678947,0.512015391499445,1.5443476397541,1.31337388678954,0.997328390197655,1.54458693564119,3.24385693946778,0.790830356258349,0.795213955520865,0.495396915306625,1.54458693564119,0.795213955520865,1.54458693564119,0.178942397850947,0.795213955520865,1.54458693564119,1.54458693564119,1.54458693564119,0.144761683727033,0.795213955520865,1.54458693564119,1.54458693564119,1.54458693564119,1.54458693564119,0.790830356258349
1.74493837013362,0.67492818437536,1.14843917817765,1.68905122559268,0.754759366501291,2.58263052893163,2.2238689625134,2.87913144828839,1.15723958518298,0.704495390022824,1.16097280169352,2.75329440839528,3.10455517494351,2.71360959551796,0.704260418947543,0.690362554115691,0.987021726837091,1.19192513508204,2.98805970899142,1.19192513508204,0.950981029987052,0.495523326660208,0.778951504482385,3.18739341396513,3.18739341396513,1.30808874965944,0.595329329112538,1.54452566369993,1.30808874966268,1.00069831433845,1.54469676849454,3.25912585582834,0.792544846721227,0.797069136999315,0.495546949727544,1.54469676849454,0.797069136999315,1.54469676849454,0.179262924793232,0.797069136999315,1.54469676849454,1.54469676849454,1.54469676849454,0.145050880747966,0.797069136999315,1.54469676849454,1.54469676849454,1.54469676849454,1.54469676849454,0.792544846721227
1.62609154042107,0.670582745927653,1.11992144823991,1.6411838165348,0.762693718493769,2.39150914625808,2.13122463434108,2.76687275489023,1.13700939776237,0.694499814885324,1.13117443352031,2.6663437058638,3.06976835176247,2.62715840373455,0.671195739987825,0.632835068171623,0.981600856324548,1.17267180912052,2.934861437402,1.17267180912257,0.927294946074546,0.494876667506779,0.773232379758515,3.16339209533316,3.16339209533316,1.29575127573402,0.531690540859422,1.54144965322723,1.29575127573402,0.997780536243569,1.5415532948861,3.2418903055105,0.79399741022121,0.796006626416502,0.494887842426421,1.5415532948861,0.796006626416502,1.5415532948861,0.178977089747601,0.796006626416502,1.5415532948861,1.5415532948861,1.5415532948861,0.144935181350535,0.796006626416502,1.5415532948861,1.5415532948861,1.5415532948861,1.5415532948861,0.79399741022121
1.65243169899886,0.660835145049677,1.11181810588894,1.6638337133627,0.75067926672668,2.48151677877268,2.17828878513633,2.83058751583817,1.1289181404183,0.695879773361096,1.12707042122901,2.68142570677827,3.07311319651581,2.64373341151657,0.680010882429654,0.645141776140853,0.980905924994736,1.16939152591813,2.95424107965899,1.16939152593383,0.924799556111203,0.495155027066037,0.772934667078866,3.17638497076038,3.17638497076038,1.29473410154049,0.587815943232411,1.54318155683093,1.29473410155239,0.997928216711045,1.54329300350818,3.25100394927257,0.794765904640019,0.797883623053682,0.495169576106211,1.54329300350818,0.797883623053682,1.54329300350818,0.179233410805048,0.797883623053682,1.54329300350818,1.54329300350818,1.54329300350818,0.144996589554695,0.797883623053682,1.54329300350818,1.54329300350818,1.54329300350818,1.54329300350818,0.794765904640019
1.58920173633133,0.668928370556377,1.13059167133185,1.61263874436824,0.739523572230069,2.45137729088851,2.17969688421751,2.83869257359566,1.14347141244881,0.713674275406402,1.13810116668753,2.67332772610324,3.07605714515826,2.63064151345917,0.730545087987833,0.683218194006848,0.993638975816065,1.17678075446356,2.95053750110449,1.17678075448064,0.949171350496858,0.496062843531805,0.771097300662334,3.1595315321209,3.1595315321209,1.30512327825938,0.544174084066147,1.54118109207101,1.30512327826335,1.00007893549289,1.54141228542117,3.24429915224255,0.793739427296017,0.796966409269799,0.496098335707721,1.54141228542117,0.796966409269799,1.54141228542117,0.179323191469158,0.796966409269799,1.54141228542117,1.54141228542117,1.54141228542117,0.145250625322964,0.796966409269799,1.54141228542117,1.54141228542117,1.54141228542117,1.54141228542117,0.793739427296017
1.55998889156441,0.683551938475664,1.12358000826038,1.59467716230439,0.758807193794748,2.4523083152582,2.10537131815505,2.81416040455318,1.14205414860648,0.705780867558153,1.13408889619139,2.59510130189048,3.06150339379288,2.5615178942692,0.68872385064902,0.662826282346733,0.976613960915056,1.17330402606988,2.91448338670113,1.17330402607736,0.916920862021639,0.495185303637337,0.763831469047746,3.1511282089583,3.1511282089583,1.30361179272482,0.56826497590835,1.53870616531338,1.30361179271162,0.998009722502838,1.53891712924684,3.22470159613179,0.793079079772977,0.797323979912376,0.495212277003381,1.53891712924684,0.797323979912376,1.53891712924684,0.178872213373026,0.797323979912376,1.53891712924684,1.53891712924684,1.53891712924684,0.144732548644287,0.797323979912376,1.53891712924684,1.53891712924684,1.53891712924684,1.53891712924684,0.793079079772977
1.58745791510965,0.660711060692772,1.12398427997681,1.67720817243732,0.791155561059464,2.39588406884926,2.12981430425,2.75264037610461,1.13805417884914,0.713472527647164,1.13611972217952,2.64653523192356,3.04655449297598,2.60370782292354,0.690226566744529,0.698479155632795,0.993403744524708,1.17733639112747,2.93350101139166,1.17733639113228,0.947567672567919,0.496781203498992,0.775301417224929,3.14883414739523,3.14883414739523,1.30766905874815,0.590334089395833,1.54465404341557,1.30766905874428,1.00054144497513,1.54477335579869,3.23662615649245,0.796625325932079,0.799869656085252,0.496795957222949,1.54477335579869,0.799869656085252,1.54477335579869,0.179732870645306,0.799869656085252,1.54477335579869,1.54477335579869,1.54477335579869,0.145384571614204,0.799869656085252,1.54477335579869,1.54477335579869,1.54477335579869,1.54477335579869,0.796625325932079
1.74462729277658,0.639568266477605,1.14448650243489,1.72536695964475,0.750261751389582,2.57381348067616,2.25418314511025,2.84924824968367,1.15576035282814,0.699154815303602,1.16412626824373,2.76040255310043,3.08172909537074,2.72399369907677,0.666966553156837,0.651764430337168,0.990837947208232,1.19837857371805,3.01490817846121,1.19837857371819,0.954000171973543,0.495042761920134,0.773171464124421,3.1738046959204,3.1738046959204,1.32519380642667,0.592025241372647,1.54291387201321,1.32519380642435,0.996699034628138,1.5430893835846,3.23759490795683,0.793159466620534,0.796268464887588,0.495063576479091,1.5430893835846,0.796268464887588,1.5430893835846,0.179081415599949,0.796268464887588,1.5430893835846,1.5430893835846,1.5430893835846,0.144864924197855,0.796268464887588,1.5430893835846,1.5430893835846,1.5430893835846,1.5430893835846,0.793159466620534
1.7514271617415,0.678689698673743,1.11868489682043,1.72720446487004,0.738633165778818,2.52499283057648,2.25254394093453,2.8527486382466,1.130394548814,0.700105035800135,1.13312323688193,2.75620454465638,3.08612592869254,2.7191331760441,0.675053738432368,0.684453246930931,0.976389633902765,1.16937242999723,2.97887806271284,1.16937243000758,0.931662390701983,0.492847170544529,0.77139702299033,3.17029262503703,3.17029262503703,1.28983754190658,0.522157427604624,1.53467807284225,1.28983754191278,0.993176948143257,1.53477172316464,3.2353834303134,0.788179432118603,0.79061618302823,0.492858500000175,1.53477172316464,0.79061618302823,1.53477172316464,0.1779051449133,0.79061618302823,1.53477172316464,1.53477172316464,1.53477172316464,0.143953017257808,0.79061618302823,1.53477172316464,1.53477172316464,1.53477172316464,1.53477172316464,0.788179432118603
1.60445000429857,0.673902331660409,1.13665193274778,1.64390470443459,0.755742555128649,2.47638037225052,2.16590473040225,2.78483988972339,1.14460306886443,0.70162470410711,1.15414810356917,2.69136886917773,3.03258059198797,2.64944899457984,0.690494888719719,0.648566970214558,0.991996573890356,1.18772633745162,2.92874661208579,1.18772633744332,0.954702222285546,0.496002699036383,0.770523360055287,3.13878432074205,3.13878432074205,1.30567608112188,0.607212606339765,1.550788560709,1.30567608111771,1.0027326978832,1.55098841484145,3.21794662441011,0.792663638577741,0.796428882154648,0.496029736321571,1.55098841484145,0.796428882154648,1.55098841484145,0.179339461797925,0.796428882154648,1.55098841484145,1.55098841484145,1.55098841484145,0.145070152251425,0.796428882154648,1.55098841484145,1.55098841484145,1.55098841484145,1.55098841484145,0.792663638577741
1.66635425605606,0.637234295364427,1.10958334331785,1.65267792387933,0.737278074018392,2.45894483316109,2.20236532336833,2.8220399494764,1.12278593776413,0.701413268225009,1.12377145284178,2.670397750913,3.04326896475711,2.62932309534,0.701939793416515,0.69530891296988,0.985634558456039,1.16472350925244,2.96945505135008,1.16472350925327,0.945299386370635,0.489375923730316,0.769085370596091,3.14159123715454,3.14159123715454,1.30254925367378,0.556082708021188,1.52772278910583,1.30254925367542,0.989930669384395,1.52779978705624,3.22124297456274,0.78566721365532,0.788459766985056,0.489387760416749,1.52779978705624,0.788459766985056,1.52779978705624,0.17703272176877,0.788459766985056,1.52779978705624,1.52779978705624,1.52779978705624,0.143315324623597,0.788459766985056,1.52779978705624,1.52779978705624,1.52779978705624,1.52779978705624,0.78566721365532
1.58537354691152,0.638443690913764,1.13938270089995,1.57396715690803,0.786246745607946,2.39944398977851,2.03992625528376,2.73758895245901,1.15094340867807,0.701741208584005,1.15179854329311,2.54835276760491,3.04495176361776,2.51645384780615,0.661092827742252,0.663064032813009,0.980124433583168,1.18229138469542,2.9113513444818,1.18229138466726,0.933576500287315,0.495188814501345,0.7705278197432,3.14262454594521,3.14262454594521,1.3155549164836,0.543924336549194,1.55045265516533,1.3155549164918,0.999279595953797,1.55065137392169,3.21748021356359,0.792682779918711,0.798380303223709,0.495208930227103,1.55065137392169,0.798380303223709,1.55065137392169,0.17906799336972,0.798380303223709,1.55065137392169,1.55065137392169,1.55065137392169,0.145012118655897,0.798380303223709,1.55065137392169,1.55065137392169,1.55065137392169,1.55065137392169,0.792682779918711
1.59061157478615,0.693885782076738,1.1418792050137,1.57957487916771,0.760891687453418,2.45132542317891,2.11431371155717,2.79890588226109,1.15681749680169,0.712857320952831,1.15294859090692,2.60960815019392,3.04448437729654,2.57079825336957,0.711969571875115,0.691712325180911,0.992743351532964,1.1907653473225,2.94270197735494,1.19076534733024,0.949707603781292,0.495402437621679,0.773768731687621,3.13872353880179,3.13872353880179,1.32470703832347,0.605682304645861,1.54627238951888,1.32470703833026,1.00227576609201,1.54658498235452,3.22174331757452,0.793487203490575,0.797583114564365,0.495447509064825,1.54658498235452,0.797583114564365,1.54658498235452,0.179295177732999,0.797583114564365,1.54658498235452,1.54658498235452,1.54658498235452,0.145081480934221,0.797583114564365,1.54658498235452,1.54658498235452,1.54658498235452,1.54658498235452,0.793487203490575
1.56903362299248,0.668856006549248,1.11240541845742,1.5881427829583,0.739954261797666,2.37643630981825,2.11427718067637,2.75669218427649,1.13125008268134,0.704301302857749,1.12661001331982,2.6046206278021,3.05298302430935,2.57151089441379,0.65253858206296,0.658154167221154,0.982600617582106,1.16848872507008,2.94823640068066,1.16848872506667,0.921793094971438,0.495081559253361,0.762739732405041,3.1532696351555,3.1532696351555,1.30674319400681,0.507946770048016,1.5418580550039,1.30674319400681,0.99683729667903,1.54206615784404,3.2249044196888,0.793798187919198,0.79590939852088,0.495102551996263,1.54206615784404,0.79590939852088,1.54206615784404,0.178923307878854,0.79590939852088,1.54206615784404,1.54206615784404,1.54206615784404,0.144794953537333,0.79590939852088,1.54206615784404,1.54206615784404,1.54206615784404,1.54206615784404,0.793798187919198
1.70635096890277,0.655329538806352,1.12800455611704,1.72391870048603,0.752697089402934,2.5204092330715,2.24706101723787,2.85179832244057,1.14120727122365,0.705638530544696,1.14200495830847,2.76490803328134,3.07787452759562,2.72331701241524,0.699954828920074,0.681354618461737,0.988514468946078,1.18216844602534,2.97241432946458,1.18216844602414,0.942953873401162,0.494999942435989,0.774131934018641,3.16802681911797,3.16802681911797,1.29804506230173,0.574624721446169,1.54917367956779,1.29804506230209,0.998701638338695,1.54942261056361,3.24062924311852,0.791611559277623,0.796050648397489,0.495034469251337,1.54942261056361,0.796050648397489,1.54942261056361,0.179023047286866,0.796050648397489,1.54942261056361,1.54942261056361,1.54942261056361,0.144844142094843,0.796050648397489,1.54942261056361,1.54942261056361,1.54942261056361,1.54942261056361,0.791611559277623
1.6478758936993,0.706864152901118,1.15250053689499,1.69486990829574,0.799420138996676,2.47897458132045,2.19183861882711,2.83857434347216,1.16956507811539,0.714166830214764,1.1643450402332,2.72210198396136,3.05950719413366,2.67586652668026,0.737350822423745,0.709694516014525,1.00122027984303,1.20767669709637,2.95448417736766,1.20767669710151,0.95687252795589,0.497591491835931,0.779332686883661,3.15281300410682,3.15281300410682,1.32692374401734,0.608911060514978,1.55433867684881,1.32692374400853,1.00181649510396,1.55457670677943,3.23817402580969,0.798769520894103,0.799128571155191,0.49763112839792,1.55457670677943,0.799128571155191,1.55457670677943,0.179917275523834,0.799128571155191,1.55457670677943,1.55457670677943,1.55457670677943,0.145631706570232,0.799128571155191,1.55457670677943,1.55457670677943,1.55457670677943,1.55457670677943,0.798769520894103
1.76099747445837,0.686491520793343,1.1239867402179,1.78164912685447,0.778092204183221,2.52769267544603,2.25517291854307,2.85488481648794,1.13083008864644,0.706279258428592,1.13474823715958,2.7476796274485,3.07126601316295,2.70557505394319,0.71641012163768,0.720064225314569,0.98730577023239,1.16906630227449,2.96282021478116,1.1690663022739,0.954034495042012,0.492698495443044,0.775928978726286,3.15286013170106,3.15286013170106,1.28912710736915,0.558755185466386,1.54159014555525,1.28912710736975,0.990790150172304,1.54172497947657,3.22683912959343,0.788853996919148,0.792853048062582,0.492718599519358,1.54172497947657,0.792853048062582,1.54172497947657,0.178025321249013,0.792853048062582,1.54172497947657,1.54172497947657,1.54172497947657,0.144086047734752,0.792853048062582,1.54172497947657,1.54172497947657,1.54172497947657,1.54172497947657,0.788853996919148
1.66055293646503,0.682789450103716,1.14229045839017,1.68399153104821,0.789813307718415,2.45294690162424,2.16586218847393,2.79402097588669,1.15916125306998,0.706969112179491,1.15871975289892,2.6795337620707,3.0685710387344,2.6414509497512,0.674544280236593,0.659707065021356,1.0003552213574,1.19950490536888,2.99500622018986,1.19950490536648,0.951601907255087,0.499756380050602,0.779369099635016,3.17030112222115,3.17030112222115,1.33297680472335,0.570750773916632,1.55142927089877,1.33297680472385,1.00884451933781,1.55152069748967,3.24581271183341,0.8001156240027,0.801916891306306,0.499766969058846,1.55152069748967,0.801916891306306,1.55152069748967,0.180530948415465,0.801916891306306,1.55152069748967,1.55152069748967,1.55152069748967,0.14612219775258,0.801916891306306,1.55152069748967,1.55152069748967,1.55152069748967,1.55152069748967,0.8001156240027
1.66129921810109,0.647733728312016,1.12194586245389,1.59223981866555,0.742271307700091,2.39195051149426,2.11955052355736,2.75077413598043,1.13878847190328,0.689706585518367,1.13624939446195,2.63151747758317,3.04392980823714,2.5950123577144,0.661485676253911,0.637333711441879,0.983003024800442,1.1767255566445,2.93941181715029,1.17672555664115,0.929470015359896,0.493766909210406,0.772964988272064,3.14384381415932,3.14384381415932,1.30829679370226,0.537464530762645,1.54139956053033,1.30829679369844,0.995822442450986,1.5415548024359,3.21900888780845,0.790487594546158,0.79337395134087,0.4937834691507,1.5415548024359,0.79337395134087,1.5415548024359,0.178357784446241,0.79337395134087,1.5415548024359,1.5415548024359,1.5415548024359,0.144398787767181,0.79337395134087,1.5415548024359,1.5415548024359,1.5415548024359,1.5415548024359,0.790487594546158
1.56889920008282,0.685513841395037,1.14680600379081,1.65855416848959,0.814755300844347,2.3979050144198,2.09832678110953,2.76494988954122,1.16498623602008,0.710830169203963,1.15721966128092,2.64364790041641,3.06492139578903,2.60421809747131,0.688095415306644,0.660365166245073,0.991089226953324,1.19761648566954,2.92552619186908,1.19761648566709,0.938709536405868,0.499779898211043,0.774345126628787,3.15685266188892,3.15685266188892,1.32031200249676,0.566122478222016,1.55166608825662,1.32031200249676,1.00755097825648,1.55194470423445,3.23858483820328,0.801507933515993,0.804300337482678,0.499811774457358,1.55194470423445,0.804300337482678,1.55194470423445,0.180685196853789,0.804300337482678,1.55194470423445,1.55194470423445,1.55194470423445,0.146195592858339,0.804300337482678,1.55194470423445,1.55194470423445,1.55194470423445,1.55194470423445,0.801507933515993
1.70508630469619,0.640952892053008,1.1122331651026,1.78575662612042,0.773826318589531,2.53972550822118,2.25010750183018,2.85415690326877,1.12342421970793,0.707325762142042,1.12978261751796,2.72163223262581,3.09350281203065,2.68643446960962,0.669299827298974,0.678694646975776,0.988998381486853,1.16710420553813,3.00950277140839,1.16710420554824,0.942680574495192,0.497992611574621,0.774864195641246,3.19121017695738,3.19121017695738,1.30289119221369,0.566626199281398,1.55076181342043,1.3028911922003,1.00737641947917,1.55093024146309,3.25779925547366,0.7965721820619,0.799326472394631,0.498012719182555,1.55093024146309,0.799326472394631,1.55093024146309,0.180003388863126,0.799326472394631,1.55093024146309,1.55093024146309,1.55093024146309,0.145756363809478,0.799326472394631,1.55093024146309,1.55093024146309,1.55093024146309,1.55093024146309,0.7965721820619
1.74682835187459,0.610842862993293,1.12037184688983,1.75755327963655,0.730910738781638,2.5654365016459,2.26748242844206,2.85413484539159,1.13515550545305,0.704399673178852,1.13147735348618,2.77174881712646,3.10670104065507,2.73721726566033,0.666609879078477,0.678002594324763,0.979297584386792,1.17016068463509,2.99510805094671,1.17016068463263,0.927852703809883,0.494853821512902,0.768322790029395,3.17927144472994,3.17927144472994,1.29108107677153,0.57522818992596,1.54434147700414,1.29108107677085,0.998648440040629,1.54461175673149,3.23892581374373,0.791114075699494,0.795933336635229,0.494881641305113,1.54461175673149,0.795933336635229,1.54461175673149,0.178735191923144,0.795933336635229,1.54461175673149,1.54461175673149,1.54461175673149,0.144767318626539,0.795933336635229,1.54461175673149,1.54461175673149,1.54461175673149,1.54461175673149,0.791114075699494
1.64747440684284,0.701828779811007,1.14050630777621,1.6724639696966,0.749279903317175,2.5064563989357,2.21245389550516,2.84149457866927,1.15538829159308,0.709072270671594,1.15145629264843,2.73194068723803,3.07302166238535,2.69288011960592,0.698518732225671,0.688592450201711,0.986223442946391,1.18937176289982,2.97408976590847,1.18937176289673,0.941506311081225,0.492390813643444,0.76293490497391,3.15100012195885,3.15100012195885,1.30814357255885,0.546059857367847,1.53930508249572,1.30814357255494,0.992236369764545,1.53955403163544,3.22069003939759,0.787375819550664,0.789603884896595,0.492423451484064,1.53955403163544,0.789603884896595,1.53955403163544,0.177803564869149,0.789603884896595,1.53955403163544,1.53955403163544,1.53955403163544,0.143860654778915,0.789603884896595,1.53955403163544,1.53955403163544,1.53955403163544,1.53955403163544,0.787375819550664
1.64616820724616,0.641233700975913,1.11994307237745,1.61463092862176,0.750750311511035,2.39955403050805,2.14093603328534,2.76761696139069,1.13114115070734,0.691891754439056,1.13500821179524,2.65208310563409,3.04614563265053,2.61023689131653,0.683866451002413,0.651848375494555,0.989240054370943,1.17314778501931,2.94700781005403,1.17314778501773,0.947507926418418,0.494288519450851,0.775859101811407,3.1552136144141,3.1552136144141,1.30395512368315,0.550618637953151,1.54399409073828,1.30395512368503,0.994328070770673,1.54418865974793,3.24062630398773,0.79008977006895,0.793205690731846,0.494313192190685,1.54418865974793,0.793205690731846,1.54418865974793,0.178589564998624,0.793205690731846,1.54418865974793,1.54418865974793,1.54418865974793,0.144574592235443,0.793205690731846,1.54418865974793,1.54418865974793,1.54418865974793,1.54418865974793,0.79008977006895
1.69641462891873,0.659115925584899,1.14462552629119,1.70305651828669,0.804950039654598,2.48420352368258,2.15116525738007,2.81335143918858,1.16256555025587,0.694587225339892,1.15936790911729,2.66388845088022,3.07557937868082,2.631900081401,0.661303522692726,0.639883609498877,0.983959046449467,1.19703017893098,2.96387736428466,1.19703017892891,0.925902022366527,0.498326008691036,0.7751415231956,3.16543016500266,3.16543016500266,1.32589118748396,0.544563242328037,1.55116653339261,1.32589118748396,1.00388062757284,1.55139879372645,3.22941969898274,0.795590504554613,0.798719227529859,0.498350399113525,1.55139879372645,0.798719227529859,1.55139879372645,0.179909553544027,0.798719227529859,1.55139879372645,1.55139879372645,1.55139879372645,0.145567007233044,0.798719227529859,1.55139879372645,1.55139879372645,1.55139879372645,1.55139879372645,0.795590504554613
1.64410943315212,0.684336148372832,1.12947118754187,1.73770492399831,0.805802636719206,2.4525567053997,2.16855370953964,2.80194056467447,1.14592643693375,0.712432110466085,1.13927241071985,2.6611741132538,3.07607335937674,2.62502032682688,0.684670654353617,0.686354470796203,0.990809885770148,1.17947628264618,2.97078375077508,1.1794762826332,0.942213019882052,0.498324657765546,0.773494661482628,3.15870759969687,3.15870759969687,1.31601022068139,0.551811478654368,1.54940403759694,1.31601022068122,1.00541108154814,1.54953820925797,3.23110655211764,0.798804755882035,0.802192332660194,0.498339829923214,1.54953820925797,0.802192332660194,1.54953820925797,0.180035790051475,0.802192332660194,1.54953820925797,1.54953820925797,1.54953820925797,0.145702227031249,0.802192332660194,1.54953820925797,1.54953820925797,1.54953820925797,1.54953820925797,0.798804755882035
1.59222177440417,0.680841465583995,1.14881052013512,1.67345055174554,0.806253742515333,2.45208822724713,2.14495080133696,2.80339701629007,1.1623048349812,0.714524791008727,1.16004920523027,2.65372204668653,3.04824219405921,2.61204070803485,0.717461585274761,0.692857476226089,0.996806529808698,1.19734614419838,2.9518882936829,1.19734614418418,0.960470429430476,0.497273457138451,0.772902289192781,3.1393299315852,3.1393299315852,1.32731073848588,0.583628555811023,1.54531651274861,1.32731073848671,1.00320116755624,1.54553824329415,3.2227524080677,0.796056910368105,0.799838126460692,0.497305869380098,1.54553824329415,0.799838126460692,1.54553824329415,0.179532166558204,0.799838126460692,1.54553824329415,1.54553824329415,1.54553824329415,0.145361023909504,0.799838126460692,1.54553824329415,1.54553824329415,1.54553824329415,1.54553824329415,0.796056910368105
1.57675357601807,0.683585063231719,1.11574942787354,1.66745786169871,0.802046920481226,2.41342623322397,2.10450530618817,2.77861963529135,1.12655426034949,0.701667875682234,1.12557908792063,2.59370755856015,3.03190284360841,2.55430414556378,0.70616201793456,0.676605902428727,0.981870458160242,1.16115006515121,2.90724496085159,1.16115006513427,0.939915915662353,0.492001053636033,0.766096385231518,3.12762895372023,3.12762895372023,1.2906883203063,0.566851268042227,1.53800341877779,1.29068832029242,0.992390679316226,1.53812449108079,3.21269101863746,0.788185067261988,0.790421689591288,0.492018234874565,1.53812449108079,0.790421689591288,1.53812449108079,0.177533516855731,0.790421689591288,1.53812449108079,1.53812449108079,1.53812449108079,0.14372437322622,0.790421689591288,1.53812449108079,1.53812449108079,1.53812449108079,1.53812449108079,0.788185067261988
1.58735153608159,0.700785753843388,1.15385934925168,1.65799854344724,0.810964319690558,2.39550602707434,2.10267932573137,2.74307458489963,1.17201130755956,0.713344365339134,1.16894848178686,2.66224762819751,3.06989230717663,2.62553520086567,0.653090051990157,0.67042605683631,0.991961451539992,1.20765015501703,2.96658547553523,1.20765015501482,0.938710900883474,0.499017374069186,0.771982116064936,3.16836225445336,3.16836225445336,1.33226946471022,0.536114468115518,1.54912293910108,1.33226946471022,1.00565289096025,1.54931090364431,3.24261857862597,0.797736794862411,0.802121644209434,0.49903501918601,1.54931090364431,0.802121644209434,1.54931090364431,0.180279432725111,0.802121644209434,1.54931090364431,1.54931090364431,1.54931090364431,0.145843642312286,0.802121644209434,1.54931090364431,1.54931090364431,1.54931090364431,1.54931090364431,0.797736794862411
1.63766108919565,0.663801950595688,1.12922845164707,1.68533060249196,0.773291438419212,2.45916664362348,2.17275595381526,2.80085138487863,1.14370824386403,0.712999827913446,1.14248039324955,2.67639669824719,3.0767902762028,2.63689574595115,0.68620192816186,0.692399011072122,0.995695724622991,1.18272799816808,2.97434012742724,1.18272799816292,0.94861191858419,0.499139868683633,0.777293139239476,3.1744097594074,3.1744097594074,1.31681805985282,0.586386057066993,1.55152120542279,1.31681805985282,1.00529967406157,1.55161872720009,3.25359649676979,0.800447006793172,0.802402644218688,0.499151639311658,1.55161872720009,0.802402644218688,1.55161872720009,0.180571395764411,0.802402644218688,1.55161872720009,1.55161872720009,1.55161872720009,0.146137971588766,0.802402644218688,1.55161872720009,1.55161872720009,1.55161872720009,1.55161872720009,0.800447006793172
1.63917661142734,0.644958498998345,1.11976823231897,1.67717564006272,0.726748983801564,2.48323332660588,2.22983495125616,2.80847525473314,1.13391958051113,0.707217088552476,1.13186370323807,2.72466304604871,3.05683526940601,2.68042740101109,0.700996230225207,0.69726411751679,0.995434623072987,1.17569094090107,2.98198362535624,1.17569094089274,0.95387801284997,0.491388774853225,0.764372139432106,3.14726745365735,3.14726745365735,1.30712553357384,0.613627388019899,1.5371198214058,1.30712553358189,0.989169848948966,1.53723364653392,3.22738112110701,0.787670780628014,0.789920900432443,0.491404371648482,1.53723364653392,0.789920900432443,1.53723364653392,0.177596670823049,0.789920900432443,1.53723364653392,1.53723364653392,1.53723364653392,0.143801472070531,0.789920900432443,1.53723364653392,1.53723364653392,1.53723364653392,1.53723364653392,0.787670780628014
1.70191401837057,0.624383243583025,1.12035650269389,1.68433884956816,0.736321439795763,2.48477891065496,2.21702309453195,2.82206986103154,1.13789914442024,0.71079510834211,1.13297398374513,2.73158568909816,3.07607880814313,2.69158002084888,0.688249252479902,0.69955676046898,0.989467265847633,1.17768274631971,2.95704974999412,1.17768274632616,0.934372739223724,0.498141472528641,0.782453052177018,3.16702760938374,3.16702760938374,1.29789416842155,0.593462698397927,1.55209824889118,1.29789416843654,1.00699820574033,1.55230234196483,3.2401680415426,0.797787848181677,0.80288643280131,0.498166612993209,1.55230234196483,0.80288643280131,1.55230234196483,0.180143911676553,0.80288643280131,1.55230234196483,1.55230234196483,1.55230234196483,0.145845338157705,0.80288643280131,1.55230234196483,1.55230234196483,1.55230234196483,1.55230234196483,0.797787848181677
1.60683823423308,0.706107293336258,1.14391766089358,1.65463739981989,0.782762905880414,2.46776998111962,2.14877277987193,2.79067056581149,1.15023259730866,0.713126170204363,1.15702051527332,2.65099454911012,3.04084190903822,2.60755917371884,0.71613901700732,0.698284263893769,0.999037198457674,1.18876833105352,2.94024661785186,1.18876833103198,0.972772143197878,0.497677795773071,0.775413958602226,3.13982308738401,3.13982308738401,1.31921414072056,0.609279398878475,1.54484469968658,1.31921414070956,1.00466445971858,1.54492568756939,3.22756152717054,0.796058671057321,0.8000891796784,0.49768985286222,1.54492568756939,0.8000891796784,1.54492568756939,0.179735493481971,0.8000891796784,1.54492568756939,1.54492568756939,1.54492568756939,0.145487410820407,0.8000891796784,1.54492568756939,1.54492568756939,1.54492568756939,1.54492568756939,0.796058671057321
1.57300965434479,0.655793875443508,1.12955931704531,1.60282398732328,0.765386222331508,2.40593214662071,2.10247918912071,2.75467761058168,1.1453705953802,0.71358340348182,1.14469123563458,2.62839725735885,3.05479108294733,2.58936542849941,0.674173951328499,0.697636170731152,0.989374919287033,1.18505832039296,2.93029512665,1.18505832037593,0.936824090266487,0.499247561309598,0.77551678971561,3.16691853380644,3.16691853380644,1.31438797398321,0.600005150965493,1.55428891078443,1.31438797398321,1.00530036312427,1.55439810989118,3.25063258369457,0.798022927800565,0.80184037173327,0.499260089412617,1.55439810989118,0.80184037173327,1.55439810989118,0.180438235351226,0.80184037173327,1.55439810989118,1.55439810989118,1.55439810989118,0.146023040363603,0.80184037173327,1.55439810989118,1.55439810989118,1.55439810989118,1.55439810989118,0.798022927800565
1.63928150467135,0.704812944943101,1.14131951552528,1.74840486455674,0.802582783335893,2.51880471498195,2.21699433126317,2.84888413258886,1.15511537358351,0.715245388264414,1.15775607453369,2.71127215162355,3.07445528459335,2.67351770153491,0.697071624323661,0.67426322497014,0.999715665244288,1.1965600119285,2.99559918166158,1.19656001192761,0.956083983552722,0.500959213462798,0.776674539722583,3.17250508208406,3.17250508208406,1.32713711489493,0.583242156713615,1.56343863406548,1.32713711489493,1.00643608505591,1.56354260245633,3.24421872199511,0.799755101334648,0.803345288240093,0.500973533392094,1.56354260245633,0.803345288240093,1.56354260245633,0.180737891711857,0.803345288240093,1.56354260245633,1.56354260245633,1.56354260245633,0.146336989210178,0.803345288240093,1.56354260245633,1.56354260245633,1.56354260245633,1.56354260245633,0.799755101334648
1.59775307039817,0.622606964167601,1.12142255489788,1.66627162027868,0.765959738829961,2.44593418704504,2.16917350479333,2.81123316925683,1.13491191937097,0.704838103083681,1.13150638503836,2.6621523781581,3.07168010465078,2.62121857396839,0.70172537934143,0.658286253116473,0.991740146888289,1.17106798592627,2.97523292365169,1.17106798592805,0.948064159520783,0.493032114264608,0.766449400016104,3.16258519290755,3.16258519290755,1.30540811240012,0.560848181824458,1.53960435434091,1.30540811240063,0.996277378836426,1.53983139019638,3.24518200862327,0.789527231585263,0.792488592628723,0.493062532724029,1.53983139019638,0.792488592628723,1.53983139019638,0.178313185995593,0.792488592628723,1.53983139019638,1.53983139019638,1.53983139019638,0.144378891680592,0.792488592628723,1.53983139019638,1.53983139019638,1.53983139019638,1.53983139019638,0.789527231585263
1.70591923954345,0.65857772849228,1.1293606673999,1.73629186717886,0.763397629423916,2.51315278213261,2.22244899709192,2.83739595739096,1.142637180299,0.698341214460326,1.13966172142583,2.73488146058853,3.08449600207289,2.69816389446129,0.679093740672685,0.664055504902103,0.976644402766745,1.17536602563627,2.96706478572082,1.17536602565046,0.930846848700828,0.491009207046307,0.76307055488332,3.1574527521725,3.1574527521725,1.29582161002533,0.525611409003787,1.53006126588625,1.29582161002533,0.991203836995099,1.53019468890219,3.22284180822843,0.787757852275154,0.789673871676257,0.491024543042724,1.53019468890219,0.789673871676257,1.53019468890219,0.177414468274927,0.789673871676257,1.53019468890219,1.53019468890219,1.53019468890219,0.143659204019354,0.789673871676257,1.53019468890219,1.53019468890219,1.53019468890219,1.53019468890219,0.787757852275154
1.73279258671456,0.661213514172508,1.13674064324606,1.76082743620292,0.781642436415119,2.54442344536757,2.24288376811739,2.87059506982474,1.14593193158049,0.708926651941571,1.1494946603779,2.72064683411433,3.09997781752587,2.68606017413694,0.689425508437204,0.671974405616688,0.991342593592609,1.18141275561312,3.00407471397957,1.18141275562045,0.953707737866826,0.498789139712802,0.777601596668667,3.17985110900722,3.17985110900722,1.31442170613431,0.519381050148908,1.55075806970125,1.31442170613431,1.00652145360496,1.55086213522604,3.24448153351937,0.798899910534554,0.800157238291909,0.498802001588071,1.55086213522604,0.800157238291909,1.55086213522604,0.180237683769757,0.800157238291909,1.55086213522604,1.55086213522604,1.55086213522604,0.145867404695658,0.800157238291909,1.55086213522604,1.55086213522604,1.55086213522604,1.55086213522604,0.798899910534554
1.68407684734411,0.639101681934003,1.13300499972471,1.71733290931946,0.785233848668644,2.56166231759541,2.19152288204154,2.87834088847433,1.14691460052711,0.700963903573234,1.14567247357795,2.66237723560499,3.11205773047728,2.63071090816698,0.682531938984937,0.631731869082533,0.988042753965743,1.18018314467636,3.00924085843218,1.18018314467723,0.937859327410417,0.498912393078914,0.773418205053296,3.1979191903792,3.1979191903792,1.32006240189621,0.575019864438054,1.55143391380671,1.32006240189621,1.00667703594241,1.55155795461689,3.26349607040295,0.798241158679989,0.802529027612797,0.498927498649991,1.55155795461689,0.802529027612797,1.55155795461689,0.180467733973645,0.802529027612797,1.55155795461689,1.55155795461689,1.55155795461689,0.146066352023976,0.802529027612797,1.55155795461689,1.55155795461689,1.55155795461689,1.55155795461689,0.798241158679989
1.72502621132469,0.638882370862599,1.13195519512948,1.68401363929539,0.738620696820882,2.49506313571391,2.22019174109655,2.81323885470329,1.14502396470065,0.712874565528788,1.14158257427322,2.74030862160271,3.08777776347636,2.69483856686265,0.70331816279879,0.713589217798415,1.00067605936704,1.18288789380465,2.99503954939883,1.18288789380465,0.960669946390958,0.495704066243029,0.78310438611079,3.17301506811278,3.17301506811278,1.30998756865613,0.627575832311005,1.54097079502903,1.30998756866016,0.998434409278298,1.54119803241203,3.25618871022516,0.792706563978477,0.798424287104468,0.495733175429322,1.54119803241203,0.798424287104468,1.54119803241203,0.179295189246943,0.798424287104468,1.54119803241203,1.54119803241203,1.54119803241203,0.145127773681407,0.798424287104468,1.54119803241203,1.54119803241203,1.54119803241203,1.54119803241203,0.792706563978477
1.65491579220434,0.680340074379637,1.14395696238778,1.69190114041548,0.766337353862524,2.48588973587209,2.2226437003798,2.83995503796337,1.16251968402037,0.70449167160745,1.16189046499625,2.74058466821974,3.0709347633301,2.70353621940544,0.672272994525693,0.653496382393723,0.989107023490312,1.20306106397041,2.99343561166516,1.20306106396338,0.937110174780635,0.494687132793661,0.76608730296503,3.16353967351142,3.16353967351142,1.32597823676698,0.509515786977182,1.53767320421717,1.32597823675294,0.997506107452528,1.53797386050027,3.22966579043797,0.793674219117008,0.794861835987683,0.494724349333615,1.53797386050027,0.794861835987683,1.53797386050027,0.17883071919473,0.794861835987683,1.53797386050027,1.53797386050027,1.53797386050027,0.144817157373202,0.794861835987683,1.53797386050027,1.53797386050027,1.53797386050027,1.53797386050027,0.793674219117008
1.56916090793374,0.618501563720212,1.12567959516327,1.67145419609745,0.766231650745167,2.41915065886683,2.18551065891302,2.78818785895235,1.13938200524891,0.715087077958046,1.14483897873549,2.7012116071362,3.0490722681666,2.6597578052738,0.677477317960028,0.686102682532448,0.998399614769619,1.18608914353239,2.96309711182996,1.18608914353233,0.949173663647422,0.49812128350821,0.771412745908154,3.16182771705757,3.16182771705757,1.31047343041069,0.537934198691963,1.54994486045149,1.3104734304108,1.00635401486339,1.55023195416623,3.24090998779575,0.79880403526804,0.802181398095375,0.498157684154799,1.55023195416623,0.802181398095375,1.55023195416623,0.180182408605689,0.802181398095375,1.55023195416623,1.55023195416623,1.55023195416623,0.145903998099176,0.802181398095375,1.55023195416623,1.55023195416623,1.55023195416623,1.55023195416623,0.79880403526804
1.67294251508753,0.630760158600173,1.12894045379077,1.71740107238628,0.771473446425377,2.46983104828552,2.20939259482672,2.80461793462499,1.14141574106223,0.69905953428888,1.14904464614146,2.72296289120755,3.07046558034971,2.68479524212756,0.656782722126957,0.655693545565121,0.989269035913659,1.18621526337707,2.99717694846895,1.18621526336799,0.945407535811679,0.494182676987621,0.768153684339832,3.17417297829369,3.17417297829369,1.31571178703033,0.526488055339623,1.53800850610702,1.31571178703033,0.994903404310345,1.53819262429191,3.24490735841742,0.791335638789635,0.794316880320403,0.494203245552742,1.53819262429191,0.794316880320403,1.53819262429191,0.17877523387892,0.794316880320403,1.53819262429191,1.53819262429191,1.53819262429191,0.144597755783239,0.794316880320403,1.53819262429191,1.53819262429191,1.53819262429191,1.53819262429191,0.791335638789635
1.69127280598098,0.677209340550493,1.13854437492386,1.72803596175121,0.772132431991653,2.48894017343337,2.20175473971373,2.80513785410476,1.15000516863742,0.708648048848731,1.15064290492454,2.71091774090359,3.09436608721125,2.67691153921778,0.658888589243271,0.666516708374028,0.989870409653359,1.18409525798972,3.00076900254786,1.18409525799569,0.948033577285325,0.496733384494232,0.771114757428869,3.1725323128697,3.1725323128697,1.31608958039623,0.515762019800953,1.55053265196129,1.31608958039364,0.998846780894214,1.55080708361505,3.23638457050209,0.795077460093794,0.797460848607891,0.496759215259651,1.55080708361505,0.797460848607891,1.55080708361505,0.179457505876799,0.797460848607891,1.55080708361505,1.55080708361505,1.55080708361505,0.145224223891623,0.797460848607891,1.55080708361505,1.55080708361505,1.55080708361505,1.55080708361505,0.795077460093794
1.67554789747008,0.63967337768742,1.13451703189931,1.65585512125486,0.755846609025527,2.45010604096613,2.18899533920525,2.80542198718951,1.14563682711587,0.707145816963174,1.15277344535672,2.68345829497013,3.05821227907898,2.6469918788452,0.671382676335488,0.683830619065924,0.992273236388621,1.18784852055694,2.97052085020438,1.18784852055614,0.949492646774065,0.498446015119778,0.77662119103382,3.1594819375366,3.1594819375366,1.3206813231437,0.505997983058795,1.54832905143982,1.32068132314266,1.0067299635716,1.5485211039684,3.23021395715656,0.797404876033026,0.799796148574515,0.498468954231348,1.5485211039684,0.799796148574515,1.5485211039684,0.179994960011645,0.799796148574515,1.5485211039684,1.5485211039684,1.5485211039684,0.145718958744364,0.799796148574515,1.5485211039684,1.5485211039684,1.5485211039684,1.5485211039684,0.797404876033026
1.6477963082727,0.638602746200233,1.14047363946154,1.75039081751192,0.791904410214323,2.48205472170403,2.20759522233043,2.80382259494429,1.15563684602174,0.705880669051969,1.15724677247135,2.74903868236204,3.08066059391174,2.71103062335283,0.657081598883505,0.669249422674045,0.98517588944762,1.19555834313789,2.9976508556551,1.19555834313875,0.941372594992358,0.493798828277742,0.764330609365912,3.17192964832191,3.17192964832191,1.31810243517341,0.538139721011596,1.54110821312646,1.31810243517457,0.996373259499244,1.54121435041931,3.23960584049274,0.789194758946756,0.795534681828203,0.493809801982327,1.54121435041931,0.795534681828203,1.54121435041931,0.178555808405309,0.795534681828203,1.54121435041931,1.54121435041931,1.54121435041931,0.144491355115599,0.795534681828203,1.54121435041931,1.54121435041931,1.54121435041931,1.54121435041931,0.789194758946756
1.65345153212688,0.655183192396881,1.13854567290354,1.70937233382682,0.767566355543328,2.49595993794679,2.21635892037009,2.83554773654422,1.14916780881721,0.712068950511863,1.14674466603022,2.70345433184073,3.09862519413705,2.66228455634972,0.714861052997852,0.658832937535897,1.00533701705373,1.18421922218116,2.99958878305518,1.18421922218024,0.970335817084912,0.500945391223982,0.77973444532459,3.1801046844295,3.1801046844295,1.32275502537804,0.581202048194962,1.55714513423206,1.32275502537941,1.00852759459593,1.55740133271346,3.26025745998723,0.804252109913072,0.804890605917253,0.500978903090988,1.55740133271346,0.804890605917253,1.55740133271346,0.181205766317463,0.804890605917253,1.55740133271346,1.55740133271346,1.55740133271346,0.146643994965204,0.804890605917253,1.55740133271346,1.55740133271346,1.55740133271346,1.55740133271346,0.804252109913072
1.739138448663,0.654825324937412,1.13756560020938,1.70591100842057,0.748748193307547,2.48873742992358,2.22490671792039,2.80869090642496,1.14294376487885,0.713948237616206,1.1476951885747,2.76365408545915,3.09544436692466,2.7165542917957,0.703616807117944,0.718029241122154,1.00218795167194,1.18191444181061,2.97673820357432,1.18191444180666,0.971638318129794,0.499072550688332,0.787739892788798,3.18262703989545,3.18262703989545,1.30083777534788,0.58979656807302,1.55107617168763,1.30083777534788,1.00630998209826,1.55132610297474,3.26718784870323,0.800828494248206,0.801714851971407,0.499103563546402,1.55132610297474,0.801714851971407,1.55132610297474,0.180561893084857,0.801714851971407,1.55132610297474,1.55132610297474,1.55132610297474,0.146177416238073,0.801714851971407,1.55132610297474,1.55132610297474,1.55132610297474,1.55132610297474,0.800828494248206
1.56689441388403,0.629853049461823,1.12756075814785,1.64132581133168,0.767958585371575,2.37796687055486,2.12923700545112,2.74187498723527,1.14149387736868,0.70333398133006,1.13508794233644,2.66673835216268,3.03765127794429,2.62007402088848,0.705004554951216,0.65805868190872,0.991899380812662,1.17668020283966,2.90952183977432,1.17668020284067,0.947095531378141,0.492966713309548,0.768512238284393,3.12616332907565,3.12616332907565,1.29709616755836,0.58160618281214,1.53852642610843,1.29709616754755,0.997154681362738,1.53883178077828,3.21687734463288,0.788809637721808,0.794311873214099,0.493005701205027,1.53883178077828,0.794311873214099,1.53883178077828,0.178253464514945,0.794311873214099,1.53883178077828,1.53883178077828,1.53883178077828,0.144278938423716,0.794311873214099,1.53883178077828,1.53883178077828,1.53883178077828,1.53883178077828,0.788809637721808
1.67373035888476,0.660770755175767,1.11354324767782,1.67610892684994,0.744518354030156,2.47085584056759,2.19935227557122,2.80575362808029,1.1208134123226,0.696648287817042,1.12726784951123,2.6897072097848,3.03937452036401,2.64664267054799,0.705779681754513,0.665855001013563,0.986220642059332,1.16338593680202,2.93593713982811,1.16338593679622,0.952271557488185,0.493287722674067,0.7753461410368,3.13828148407111,3.13828148407111,1.28985673461673,0.582340127336961,1.54037072093079,1.28985673461717,0.991640040539281,1.54046737820442,3.21962919304253,0.790335113970982,0.791721809953123,0.493302077758537,1.54046737820442,0.791721809953123,1.54046737820442,0.178141078709051,0.791721809953123,1.54046737820442,1.54046737820442,1.54046737820442,0.144126761930779,0.791721809953123,1.54046737820442,1.54046737820442,1.54046737820442,1.54046737820442,0.790335113970982
1.59524732450317,0.635100593894872,1.12292778071995,1.64617171110893,0.77393006232903,2.37776355232797,2.11741680197296,2.73534758856567,1.13902374238588,0.70880910903335,1.13426212063298,2.63478589746841,3.04904515020583,2.59419195568692,0.679463260621478,0.686790627230325,0.9927136925576,1.17705989491281,2.93830887103857,1.17705989491062,0.942251955474393,0.496523709025298,0.773222754927463,3.14887466732888,3.14887466732888,1.31032445578616,0.583115833116651,1.55184382739291,1.31032445578616,0.998938099846392,1.55194997226994,3.23349958081164,0.793687075998491,0.7981838420993,0.496535503888901,1.55194997226994,0.7981838420993,1.55194997226994,0.179432866019354,0.7981838420993,1.55194997226994,1.55194997226994,1.55194997226994,0.145248023890712,0.7981838420993,1.55194997226994,1.55194997226994,1.55194997226994,1.55194997226994,0.793687075998491
1.58373094050348,0.640360208481547,1.12378275619122,1.66421935052137,0.800505000525516,2.46853455733689,2.10442289162841,2.80945579085794,1.1364488484549,0.696362046248318,1.13456918251199,2.58230600206026,3.05148750364005,2.54885375813865,0.692620605579833,0.632607687310768,0.977519094931288,1.16829858926155,2.91591012842982,1.16829858926655,0.927766369958816,0.493433052864166,0.765642490925499,3.14219706543995,3.14219706543995,1.30144006331144,0.571061736959022,1.54324544861815,1.30144006331272,0.99333020064097,1.54337553659937,3.21633099452578,0.790788407113715,0.791929266015444,0.493450161489611,1.54337553659937,0.791929266015444,1.54337553659937,0.178266703719257,0.791929266015444,1.54337553659937,1.54337553659937,1.54337553659937,0.144381455824809,0.791929266015444,1.54337553659937,1.54337553659937,1.54337553659937,1.54337553659937,0.790788407113715
1.73682997725495,0.670645964884907,1.13182442264056,1.76717620962046,0.808357504396638,2.50146138021966,2.19227351176318,2.82352358771977,1.14773476213651,0.697157520700274,1.14605696697997,2.69549437741112,3.08405385872699,2.66170704707457,0.659092199160433,0.664665759755581,0.982091812844307,1.18308959373504,2.99588847212611,1.18308959374252,0.932185675226974,0.493184764066466,0.772066606486217,3.16867612289626,3.16867612289626,1.31461783930682,0.534813328634336,1.53345288402644,1.31461783930682,0.997354653216553,1.53366003558253,3.23295124176426,0.78961671108126,0.794412437118364,0.49320668562698,1.53366003558253,0.794412437118364,1.53366003558253,0.178224028858338,0.794412437118364,1.53366003558253,1.53366003558253,1.53366003558253,0.144320021565201,0.794412437118364,1.53366003558253,1.53366003558253,1.53366003558253,1.53366003558253,0.78961671108126
1.76913487578859,0.63660442410038,1.12956714854779,1.73029100678433,0.747248670049952,2.49634704314662,2.24233077380074,2.8334051975289,1.14495744362406,0.699137784366338,1.13786335613784,2.76473963856976,3.10364657800756,2.72437280566945,0.690133264276398,0.654856652040929,0.991573784553975,1.17924464717672,2.98507073316622,1.17924464717776,0.94246791072038,0.497497353320033,0.781962078695422,3.17766259185317,3.17766259185317,1.29919761925136,0.551527892693642,1.54589535092063,1.29919761925011,1.00570289372533,1.54614678282567,3.24882787696897,0.797119547077898,0.800134826594502,0.497525861862095,1.54614678282567,0.800134826594502,1.54614678282567,0.179794776712939,0.800134826594502,1.54614678282567,1.54614678282567,1.54614678282567,0.145563294625086,0.800134826594502,1.54614678282567,1.54614678282567,1.54614678282567,1.54614678282567,0.797119547077898
1.75551047834083,0.629416224497923,1.13201872614516,1.7512588353436,0.743802495765163,2.57251698961775,2.26421403713449,2.86463595865193,1.14618654187789,0.697966974340162,1.14161626141514,2.7715768513194,3.10738879627137,2.73407669457627,0.685135123161616,0.655353924819681,0.982386700532778,1.17937145016021,3.00949220567747,1.17937145017709,0.940362922014751,0.491619767835518,0.76775553645406,3.17725624893979,3.17725624893979,1.30365787236988,0.586478036798538,1.53546803907408,1.30365787235985,0.990452324348112,1.53578535212334,3.24210269679025,0.788086257619916,0.792118562615208,0.491656694206791,1.53578535212334,0.792118562615208,1.53578535212334,0.17791012860244,0.792118562615208,1.53578535212334,1.53578535212334,1.53578535212334,0.143979282133396,0.792118562615208,1.53578535212334,1.53578535212334,1.53578535212334,1.53578535212334,0.788086257619916
1.62255312298725,0.646168694454069,1.13663977991291,1.57170426901133,0.758251453759375,2.39757643902144,2.1060660608622,2.7673069917135,1.14959233505849,0.696758727731351,1.15088967933897,2.6310470935494,3.04251130643982,2.59078197926413,0.684477498847321,0.652248014338731,0.988528250170344,1.18686438373163,2.94542129480634,1.18686438373382,0.946705624995319,0.493261753706718,0.772911459671892,3.14605517781125,3.14605517781125,1.3139304043587,0.539550605987731,1.53742803440075,1.31393040437711,0.996830191387157,1.53758999082883,3.22991644693793,0.789414507384985,0.791445150071203,0.493282301487038,1.53758999082883,0.791445150071203,1.53758999082883,0.178228247901568,0.791445150071203,1.53758999082883,1.53758999082883,1.53758999082883,0.144248382413368,0.791445150071203,1.53758999082883,1.53758999082883,1.53758999082883,1.53758999082883,0.789414507384985
1.75163415070112,0.643309976713858,1.12680043494672,1.74841896938023,0.749514763522521,2.5408379627451,2.25337468074073,2.83861543656345,1.13841750240775,0.705227648490274,1.14026540083938,2.74320611437748,3.08758212736958,2.70516492921346,0.68038830131899,0.682676558515439,0.992100854044944,1.17742106885632,3.00609761745485,1.17742106886397,0.952683447047975,0.496007088850723,0.775499345951209,3.17042825117759,3.17042825117759,1.30858022369024,0.583863000562286,1.53929990207554,1.3085802236906,0.998000283096338,1.53948292646432,3.23851259102729,0.794549067284988,0.797925044236388,0.496028721220694,1.53948292646432,0.797925044236388,1.53948292646432,0.179095117317753,0.797925044236388,1.53948292646432,1.53948292646432,1.53948292646432,0.144912788517548,0.797925044236388,1.53948292646432,1.53948292646432,1.53948292646432,1.53948292646432,0.794549067284988
1.67680892749006,0.65818990811064,1.12703698143855,1.63947189789406,0.753018969420884,2.43889543138123,2.14825319004663,2.79310229420084,1.1465089321169,0.697718698565081,1.13787228931556,2.67100462775776,3.08345420632197,2.63581292157043,0.662105664125017,0.658446648815175,0.978183009772593,1.17898140618591,2.97063428788125,1.17898140618451,0.921797021404672,0.492614022827205,0.767497573970677,3.16673498922696,3.16673498922696,1.30792612770103,0.529307640489639,1.53742668464954,1.30792612770068,0.991230998865591,1.53765182732384,3.23632320885427,0.786919928738372,0.793093746211789,0.492636799031003,1.53765182732384,0.793093746211789,1.53765182732384,0.178015316489326,0.793093746211789,1.53765182732384,1.53765182732384,1.53765182732384,0.14405379911754,0.793093746211789,1.53765182732384,1.53765182732384,1.53765182732384,1.53765182732384,0.786919928738372
1.61021077854513,0.637818280375724,1.13517256411736,1.64689937448781,0.783188279896747,2.45916711291598,2.13700339086851,2.79047791399142,1.14198357147335,0.70451210838021,1.14879099424421,2.65047615110396,3.02658758717311,2.6048178370244,0.719443042939648,0.69207667103034,0.988188182200309,1.1809960347716,2.9165304097152,1.18099603477317,0.960342792496326,0.492854796112119,0.772579395968755,3.12906870754956,3.12906870754956,1.30494410597588,0.60729444441939,1.52978529251207,1.30494410595264,0.995339570110478,1.53003799412971,3.22002647587708,0.789224959148604,0.791075052824066,0.492895930460623,1.53003799412971,0.791075052824066,1.53003799412971,0.177838451939028,0.791075052824066,1.53003799412971,1.53003799412971,1.53003799412971,0.144030744479949,0.791075052824066,1.53003799412971,1.53003799412971,1.53003799412971,1.53003799412971,0.789224959148604
1.65433982664318,0.624684287342351,1.12518879718395,1.69002561085353,0.783720165115788,2.45888218817105,2.15450636037949,2.80016661188435,1.13247674412229,0.712375939282376,1.13087357213987,2.64924377511676,3.07860542509035,2.60502341965099,0.719089236709423,0.712876315173919,0.994679571646597,1.16503349571756,2.97036063762766,1.16503349570936,0.966420535603426,0.493148606999826,0.778236941695214,3.16208947070113,3.16208947070113,1.30120912138859,0.598609754191391,1.53701936577972,1.30120912138859,0.99803599168305,1.53726697343363,3.25355727119015,0.78885413256645,0.792227680222615,0.493182718447678,1.53726697343363,0.792227680222615,1.53726697343363,0.178416829438522,0.792227680222615,1.53726697343363,1.53726697343363,1.53726697343363,0.144377519805826,0.792227680222615,1.53726697343363,1.53726697343363,1.53726697343363,1.53726697343363,0.78885413256645
1.6796472455309,0.70236397639285,1.1501127336382,1.67936901823239,0.810099941944931,2.43674225290197,2.14969638177665,2.81338373577515,1.16666128800505,0.704545808533699,1.1586023550327,2.68066886680651,3.06082537691427,2.63643177193301,0.726680797710818,0.685370480026338,0.993826918073579,1.19901400638734,2.94134618050578,1.19901400639127,0.950117760646333,0.495512985755919,0.780749341229368,3.14471292351485,3.14471292351485,1.32093507679048,0.565238218946561,1.54188471888052,1.32093507679048,0.997269872852034,1.54204421984116,3.23042671239015,0.793483952258164,0.797301862727764,0.495536635716338,1.54204421984116,0.797301862727764,1.54204421984116,0.179005386161127,0.797301862727764,1.54204421984116,1.54204421984116,1.54204421984116,0.144861524641624,0.797301862727764,1.54204421984116,1.54204421984116,1.54204421984116,1.54204421984116,0.793483952258164
1.72954762743032,0.657674043509873,1.12493613358153,1.72492188272879,0.761581885745219,2.55128371190133,2.21723355199842,2.85807936704729,1.13347550522928,0.704673157087623,1.13453583919775,2.66699598742142,3.08220031701103,2.63347259268461,0.699835682816361,0.679190188307272,0.986904061636266,1.16624275396951,2.97922145772205,1.16624275396397,0.949798304639692,0.495265187879519,0.774792899798253,3.15806154975659,3.15806154975659,1.30707185605327,0.565745598121239,1.5479005224266,1.30707185606105,0.997663372943777,1.54818755727501,3.22427410803967,0.793984502088444,0.797946010026733,0.495302473465334,1.54818755727501,0.797946010026733,1.54818755727501,0.179027053227579,0.797946010026733,1.54818755727501,1.54818755727501,1.54818755727501,0.144964517954125,0.797946010026733,1.54818755727501,1.54818755727501,1.54818755727501,1.54818755727501,0.793984502088444
1.7051246213123,0.651768901094957,1.11850179922172,1.72472444765308,0.760928656920153,2.5271631892036,2.22459347615257,2.85255067002081,1.12780670038047,0.702712889886681,1.13275791663804,2.70398435453577,3.08610318543507,2.66645544359134,0.685960344402313,0.687077266537459,0.985846721199182,1.16676754926932,2.99972891372561,1.16676754926339,0.947941452345832,0.493287285929136,0.769215034838271,3.17688634777669,3.17688634777669,1.29990756761514,0.551888530514499,1.53457301627546,1.29990756760836,0.995057303294949,1.53487498188878,3.24855499493085,0.789208090685726,0.792265475017396,0.493327061704604,1.53487498188878,0.792265475017396,1.53487498188878,0.178270389314495,0.792265475017396,1.53487498188878,1.53487498188878,1.53487498188878,0.144191739778237,0.792265475017396,1.53487498188878,1.53487498188878,1.53487498188878,1.53487498188878,0.789208090685726
1.605662879951,0.674610860517165,1.12573871441504,1.67555175461278,0.756154498808702,2.47725948327511,2.18457407567523,2.81094707300324,1.14241708569742,0.704647531880999,1.14093720888742,2.68528418355673,3.07161003944902,2.65050784856374,0.661494232924227,0.659962939375072,0.983795284422005,1.18042462257312,2.98835881699854,1.18042462257255,0.93295347197757,0.493342422289179,0.760692828498575,3.16344611104667,3.16344611104667,1.31297494528256,0.541657341979748,1.53980143857776,1.31297494528023,0.995295668374167,1.54001234351043,3.23055661855931,0.791168825188962,0.793054900452402,0.493365523886512,1.54001234351043,0.793054900452402,1.54001234351043,0.178258813153833,0.793054900452402,1.54001234351043,1.54001234351043,1.54001234351043,0.144362239295675,0.793054900452402,1.54001234351043,1.54001234351043,1.54001234351043,1.54001234351043,0.791168825188962
1.69083677282822,0.651033618025005,1.11588542187238,1.72405297699658,0.725833271859575,2.52718982092642,2.2579653677892,2.82722354218558,1.12169306713911,0.700440340607667,1.13175986733898,2.75514273323233,3.07190608408973,2.71438732534789,0.681131625330984,0.660329236785161,0.987629347289292,1.16561632933141,2.97456353824987,1.16561632932471,0.952689709277578,0.494422460120089,0.769526622195173,3.16394480511341,3.16394480511341,1.28772883406065,0.573236713191443,1.540124907799,1.28772883408629,0.996506834995447,1.54035916670272,3.23543134457724,0.792175071283672,0.794969250997472,0.494451728658532,1.54035916670272,0.794969250997472,1.54035916670272,0.178654382185405,0.794969250997472,1.54035916670272,1.54035916670272,1.54035916670272,0.144546172281055,0.794969250997472,1.54035916670272,1.54035916670272,1.54035916670272,1.54035916670272,0.792175071283672
1.7311050588088,0.657486760714361,1.13551409769649,1.78950367355069,0.801018297999529,2.51911858601346,2.22756284199609,2.83721719220496,1.14720449457334,0.702271990424274,1.14954645736115,2.74085082866353,3.07937359103149,2.70521052549739,0.673329984006995,0.672616363322508,0.982600163102609,1.18394154235588,2.97608801359656,1.18394154236165,0.939440019144873,0.494435538837823,0.771274406308958,3.16110807673645,3.16110807673645,1.30412791372357,0.525706848542842,1.54677208314398,1.30412791372658,0.999175942472592,1.5468588469472,3.22438754434696,0.791629006016479,0.795468625565643,0.494445388262708,1.5468588469472,0.795468625565643,1.5468588469472,0.178712428272341,0.795468625565643,1.5468588469472,1.5468588469472,1.5468588469472,0.14461649532468,0.795468625565643,1.5468588469472,1.5468588469472,1.5468588469472,1.5468588469472,0.791629006016479
1.69748338657209,0.622629595410482,1.11747815615293,1.7155408107207,0.747151827030557,2.5213067317602,2.22037460641877,2.83154528193273,1.12892210074728,0.698600738349024,1.13004872655638,2.68638351158893,3.08408807688279,2.65120797191552,0.675916439669914,0.643456942508461,0.986419495058047,1.16611300422503,3.00257547700509,1.16611300423253,0.94738481896465,0.494060190581813,0.769733474638918,3.1686671785411,3.1686671785411,1.30950473848722,0.568959330941621,1.53961481899344,1.30950473848223,0.999405479795752,1.53988667328939,3.23680941451635,0.792719638458762,0.795773203488136,0.494091698604931,1.53988667328939,0.795773203488136,1.53988667328939,0.178724402060919,0.795773203488136,1.53988667328939,1.53988667328939,1.53988667328939,0.144598239349355,0.795773203488136,1.53988667328939,1.53988667328939,1.53988667328939,1.53988667328939,0.792719638458762
1.65826743822858,0.652931712137488,1.1182450531062,1.67134068783161,0.77621711683148,2.43258521554027,2.13466869032643,2.7575023081339,1.13203808226519,0.694926403884775,1.13301417599893,2.64423259125737,3.04353109395918,2.60390927963928,0.677015578346509,0.661496751982049,0.990872123475237,1.17335506711949,2.94814020685272,1.17335506711682,0.942886990769787,0.494911478290897,0.777820040843881,3.15073677728632,3.15073677728632,1.30429236443454,0.626756553384988,1.54385526609518,1.30429236443454,0.997931945101786,1.54398054269169,3.23361666680424,0.791703837100463,0.794354104340995,0.494926505280529,1.54398054269169,0.794354104340995,1.54398054269169,0.178862160548763,0.794354104340995,1.54398054269169,1.54398054269169,1.54398054269169,0.144769161103857,0.794354104340995,1.54398054269169,1.54398054269169,1.54398054269169,1.54398054269169,0.791703837100463
1.75444171876321,0.699283929807448,1.1262654114932,1.77401106392788,0.803113946567539,2.51023535557927,2.21699629825007,2.85837292242078,1.1457100952895,0.697614052997825,1.14057435110567,2.72031687465983,3.0909977120992,2.68773069421207,0.661667022118659,0.67650873469962,0.976913474712515,1.18103661080632,3.00242319990607,1.18103661081652,0.918577154663225,0.49132815721573,0.767797271516015,3.17371660711345,3.17371660711345,1.30649371568175,0.501397747444709,1.53657456123801,1.30649371568692,0.991911898750994,1.53680831539524,3.23369981554197,0.785012142079601,0.789993950967776,0.491354332553334,1.53680831539524,0.789993950967776,1.53680831539524,0.17749964513356,0.789993950967776,1.53680831539524,1.53680831539524,1.53680831539524,0.143690145181389,0.789993950967776,1.53680831539524,1.53680831539524,1.53680831539524,1.53680831539524,0.785012142079601
1.64578061820933,0.65254146955207,1.1410777295994,1.70653912628387,0.789450370350562,2.47460993573814,2.18214096861315,2.79956834099415,1.15544785367594,0.701232737715661,1.16037517868871,2.71301456322238,3.05026407745217,2.67619656270558,0.659025228183737,0.656828451549856,0.984278593143869,1.19677280133922,2.9735139112444,1.19677280133502,0.939701401778726,0.493141537081398,0.764660771687468,3.14923849300849,3.14923849300849,1.31755226527202,0.533944669164276,1.53741890976761,1.31755226527202,0.994246165906424,1.5375487606788,3.21652804004989,0.789612208839583,0.792128707339019,0.493156397808918,1.5375487606788,0.792128707339019,1.5375487606788,0.178099609162566,0.792128707339019,1.5375487606788,1.5375487606788,1.5375487606788,0.14411236194846,0.792128707339019,1.5375487606788,1.5375487606788,1.5375487606788,1.5375487606788,0.789612208839583
1.69188363161988,0.662909042478946,1.12616120238269,1.76018441281437,0.746227131513772,2.56309388313686,2.27973896184245,2.87548455283924,1.13406690654413,0.708641901940147,1.13547794120931,2.75758315642895,3.08446097895731,2.71797050085668,0.720329126905274,0.664969162096089,0.991340343045531,1.17040059371272,2.97088687004941,1.17040059370068,0.953304403715828,0.496377538993631,0.773025873397465,3.15907395410054,3.15907395410054,1.29136067781527,0.570979194451988,1.54851630972284,1.29136067781877,1.00360846241318,1.54873368789249,3.22806666540463,0.79605704133485,0.797329401362966,0.49640935048923,1.54873368789249,0.797329401362966,1.54873368789249,0.179548446212092,0.797329401362966,1.54873368789249,1.54873368789249,1.54873368789249,0.145333337256369,0.797329401362966,1.54873368789249,1.54873368789249,1.54873368789249,1.54873368789249,0.79605704133485
1.69966214531073,0.688446939913314,1.14628574562096,1.77377529052074,0.7849408087964,2.57492110305664,2.25140873633724,2.86262351289527,1.15686365238576,0.710041551684492,1.15984697608523,2.76440550479175,3.09160557150076,2.72356627753429,0.697917287203789,0.702256007875107,0.992540753576333,1.19408925183482,3.00880251000113,1.19408925181969,0.959261567010899,0.492911559599419,0.768390480784022,3.1730845135723,3.1730845135723,1.31725462064166,0.604319400943608,1.53329896793916,1.31725462065155,0.994134058385273,1.53356146766185,3.2445167909227,0.790327489773628,0.791438873453062,0.492947030116575,1.53356146766185,0.791438873453062,1.53356146766185,0.178257670275939,0.791438873453062,1.53356146766185,1.53356146766185,1.53356146766185,0.14426968705093,0.791438873453062,1.53356146766185,1.53356146766185,1.53356146766185,1.53356146766185,0.790327489773628
1.61559946249784,0.694055803541123,1.13638251260314,1.61423094223315,0.765287610603709,2.48870394119221,2.12903963022382,2.83222233036606,1.14617389747732,0.70897991621815,1.14403998685721,2.6260803537937,3.07481584441053,2.58733401575666,0.718460121454953,0.689129607308405,0.981968664379906,1.17548977633629,2.94660228290835,1.17548977634056,0.948688306271196,0.493087406725452,0.770465507124183,3.15589603430365,3.15589603430365,1.3070194520322,0.5729025637846,1.53459126873252,1.3070194520322,0.996903167209889,1.53467629184736,3.2375248905347,0.791580085614639,0.794059844262555,0.493099701477602,1.53467629184736,0.794059844262555,1.53467629184736,0.178297111458184,0.794059844262555,1.53467629184736,1.53467629184736,1.53467629184736,0.144285401944589,0.794059844262555,1.53467629184736,1.53467629184736,1.53467629184736,1.53467629184736,0.791580085614639
1.70648553760862,0.666793980356816,1.11183458279818,1.74608714661316,0.754476102166543,2.52012463065694,2.23474549701075,2.84395083026543,1.12885754827956,0.697380588620058,1.12903441866993,2.70118375926287,3.09408717009874,2.67155531554779,0.642629707627889,0.626460591163101,0.980349633873534,1.16869189073374,3.01176088144953,1.16869189073203,0.922287789104467,0.496953075676539,0.767060488250352,3.1837187451961,3.1837187451961,1.3099111086723,0.514499507533205,1.54675166780821,1.3099111086723,1.00355755256769,1.54687187757497,3.24032610849749,0.794632282366203,0.796673503774758,0.496964838610679,1.54687187757497,0.796673503774758,1.54687187757497,0.179522805204976,0.796673503774758,1.54687187757497,1.54687187757497,1.54687187757497,0.145275958088546,0.796673503774758,1.54687187757497,1.54687187757497,1.54687187757497,1.54687187757497,0.794632282366203
1.6781290714999,0.644072640965455,1.13758842761716,1.70458964459869,0.788836249180276,2.44978885843708,2.15884332494943,2.77308050028187,1.15637822816621,0.703372041453558,1.15105529787472,2.7158168392105,3.06198446038802,2.67429958934243,0.672660002020103,0.690118733469095,0.984087656091352,1.19392102562544,2.94808401183869,1.19392102563188,0.932331911258178,0.494446574163958,0.774240139394012,3.15446811965883,3.15446811965883,1.31157346920811,0.604291742215306,1.5387045618028,1.31157346920684,0.997426005341319,1.53893334178451,3.23095373221927,0.789525546787509,0.795705183096114,0.494471979539094,1.53893334178451,0.795705183096114,1.53893334178451,0.178532585815915,0.795705183096114,1.53893334178451,1.53893334178451,1.53893334178451,0.144610787394702,0.795705183096114,1.53893334178451,1.53893334178451,1.53893334178451,1.53893334178451,0.789525546787509
1.62289176975847,0.655588895482318,1.13559768752282,1.63308335946795,0.759665894651485,2.47317263311855,2.15650096718984,2.8290217969841,1.15696314934425,0.694902678495344,1.1521113349953,2.70401129160207,3.07168008842085,2.66992156880736,0.655467226383066,0.635773179873652,0.969661933339363,1.19303458313841,2.94193341047831,1.19303458315713,0.906943281211131,0.493112852289482,0.761805190662309,3.16634220831253,3.16634220831253,1.30596678896167,0.516862306626061,1.53401528366484,1.30596678896346,0.992516979827504,1.53417639072524,3.23016710364357,0.790491914429934,0.794325689753921,0.493131004347561,1.53417639072524,0.794325689753921,1.53417639072524,0.178169418567344,0.794325689753921,1.53417639072524,1.53417639072524,1.53417639072524,0.144285628027851,0.794325689753921,1.53417639072524,1.53417639072524,1.53417639072524,1.53417639072524,0.790491914429934
1.68534361287725,0.651602950707073,1.1187535258626,1.77999519958399,0.78516726792997,2.5310248227668,2.25061675573489,2.87066467782236,1.1362455831659,0.699836335663618,1.13402494234707,2.71691691902547,3.06707647608912,2.68198332267503,0.689230661237792,0.655285907951279,0.982208706798495,1.17589456578057,2.98207407341889,1.17589456577841,0.92774271377976,0.493069223059273,0.764138210559673,3.15394319083289,3.15394319083289,1.30609915357347,0.540225036713542,1.53696694366055,1.30609915357347,0.992460939781252,1.53704642874607,3.21746289139344,0.787599260961468,0.792268517591323,0.493080561390876,1.53704642874607,0.792268517591323,1.53704642874607,0.178096422628164,0.792268517591323,1.53704642874607,1.53704642874607,1.53704642874607,0.144135329733965,0.792268517591323,1.53704642874607,1.53704642874607,1.53704642874607,1.53704642874607,0.787599260961468
1.65208577352777,0.699063364841795,1.14892049826607,1.65360913221993,0.760689694351477,2.50052375564954,2.19403122620367,2.84567546785719,1.16109189177773,0.707262926178934,1.15766482837524,2.69401324871058,3.0864304932096,2.65275120966693,0.722351603996817,0.651560975034927,0.999621567460769,1.19359626393727,2.98956038278225,1.19359626393746,0.963832229715728,0.497191100555247,0.775872966402078,3.16569336508471,3.16569336508471,1.32522639751009,0.56868650697876,1.54369189034622,1.32522639751181,1.00278419394078,1.54384301231563,3.24551018343542,0.795293642622613,0.797474790864735,0.497212772627396,1.54384301231563,0.797474790864735,1.54384301231563,0.179557744975065,0.797474790864735,1.54384301231563,1.54384301231563,1.54384301231563,0.145428255821562,0.797474790864735,1.54384301231563,1.54384301231563,1.54384301231563,1.54384301231563,0.795293642622613
1.76239579808598,0.627154809476053,1.10494093133385,1.82162858202846,0.758806692806759,2.59433464144713,2.29548753321314,2.88301550035424,1.11583000254641,0.69747257118648,1.12175869759435,2.73911126797705,3.09298044413766,2.705747336664,0.671103719206903,0.657472110301837,0.983461693754687,1.1585435480631,3.02592658808118,1.15854354807392,0.939764588872618,0.492787966889143,0.769494501239745,3.18043219884541,3.18043219884541,1.29811835901134,0.577402111997229,1.54049785818285,1.29811835901134,0.99601572031551,1.54063736818137,3.24088466069512,0.788060535897161,0.791180921893568,0.492805513235654,1.54063736818137,0.791180921893568,1.54063736818137,0.178264083486701,0.791180921893568,1.54063736818137,1.54063736818137,1.54063736818137,0.144280337182885,0.791180921893568,1.54063736818137,1.54063736818137,1.54063736818137,1.54063736818137,0.788060535897161
1.53712793895895,0.624070029847093,1.11640223212216,1.59180204680988,0.754891465762773,2.41252442421115,2.11565915938229,2.77674535297864,1.12495122492212,0.70589380311309,1.12920334159237,2.58509906671205,3.032324181624,2.54438365048489,0.708392383612374,0.665219313325946,0.993859591253915,1.16493639149212,2.93824882897506,1.16493639148982,0.958430405307175,0.494398104629229,0.767991258057062,3.14258237392257,3.14258237392257,1.30607382281015,0.587163805905888,1.5462211957325,1.30607382281015,0.995548897166549,1.54635619879078,3.23385256890014,0.79255642436913,0.794232695322757,0.49441819552891,1.54635619879078,0.794232695322757,1.54635619879078,0.178791581456631,0.794232695322757,1.54635619879078,1.54635619879078,1.54635619879078,0.144754569762819,0.794232695322757,1.54635619879078,1.54635619879078,1.54635619879078,1.54635619879078,0.79255642436913
1.62940386494146,0.654545506915462,1.14028623373885,1.6609373607085,0.775642299163793,2.48825431567226,2.15798497136073,2.82131161222568,1.15977252394786,0.69911019166507,1.15407455613795,2.67564386313706,3.07662267202328,2.64015988697111,0.676100616711409,0.631886291348786,0.98731088227579,1.19487178158613,2.97441728526762,1.19487178159689,0.930806267660328,0.497106584946826,0.769541945142625,3.16789399230647,3.16789399230647,1.32164258844276,0.5822829272163,1.54467993697153,1.32164258844276,1.00016009041783,1.54477843632729,3.23791862465109,0.794801735435691,0.79912676442459,0.49711815978401,1.54477843632729,0.79912676442459,1.54477843632729,0.179526599184985,0.79912676442459,1.54477843632729,1.54477843632729,1.54477843632729,0.145216380048754,0.79912676442459,1.54477843632729,1.54477843632729,1.54477843632729,1.54477843632729,0.794801735435691
1.63338993391264,0.695396893657769,1.12751929878888,1.67840857817417,0.811587913720559,2.44474580354482,2.12125304445393,2.82065244864944,1.14687591514329,0.699043514218104,1.14319188475737,2.61661750063155,3.07952011490164,2.58566880471327,0.651189290169231,0.655018780761588,0.97430024523406,1.18154585182824,2.9827767739189,1.18154585183123,0.915212729250868,0.492417824224074,0.763918683315609,3.17818580940382,3.17818580940382,1.3194095995358,0.49561082586114,1.5306599567072,1.31940959953226,0.994459771518969,1.53095395922287,3.24515083033556,0.788579888795873,0.792429746258894,0.492449938604873,1.53095395922287,0.792429746258894,1.53095395922287,0.178073567252161,0.792429746258894,1.53095395922287,1.53095395922287,1.53095395922287,0.14414615285975,0.792429746258894,1.53095395922287,1.53095395922287,1.53095395922287,1.53095395922287,0.788579888795873
1.62094578868471,0.655512249468081,1.119248419353,1.65428802991921,0.732093442427945,2.48339916652886,2.19473231162002,2.81336926822429,1.12899750212133,0.709159199110064,1.12634151694295,2.7154722107189,3.0734562869531,2.66765981176582,0.723770848150384,0.69147139917652,0.991867196532382,1.16566260441461,2.95021743088481,1.16566260441909,0.954777074825322,0.493887343162558,0.771763417553198,3.16067396600526,3.16067396600526,1.2865354125211,0.638244804144442,1.54032250073587,1.28653541252308,0.994226097165904,1.54059837714698,3.2505833593679,0.791886130312721,0.792318277501697,0.493927647374558,1.54059837714698,0.792318277501697,1.54059837714698,0.178446245523338,0.792318277501697,1.54059837714698,1.54059837714698,1.54059837714698,0.144421938447756,0.792318277501697,1.54059837714698,1.54059837714698,1.54059837714698,1.54059837714698,0.791886130312721
1.69369709677896,0.656627954053009,1.14065352976074,1.66796582022487,0.732453180532147,2.47819017644028,2.21222353436401,2.79678782144137,1.15161460343822,0.702505844831789,1.15088045281969,2.73615992540417,3.0780638241145,2.69472253044659,0.687790315542524,0.644797885732879,0.996402277483525,1.1873172454253,2.97192348514883,1.18731724539675,0.95725701062617,0.497403036707752,0.777903429255211,3.15688683203155,3.15688683203155,1.31057902948054,0.563159344370432,1.54337215590335,1.31057902950797,1.0016975543766,1.54347688384911,3.23132211416833,0.795323378234599,0.79996041877608,0.497414894855567,1.54347688384911,0.79996041877608,1.54347688384911,0.179537653214319,0.79996041877608,1.54347688384911,1.54347688384911,1.54347688384911,0.145404413872196,0.79996041877608,1.54347688384911,1.54347688384911,1.54347688384911,1.54347688384911,0.795323378234599
1.74849639546335,0.668136366095108,1.12420054711427,1.74829645436761,0.770341547024627,2.55581249421175,2.24926297044867,2.89236346518948,1.1405580922408,0.69282107488374,1.13755912826816,2.70833682041437,3.09419675839091,2.67526580940053,0.687147130951103,0.644096067076137,0.981811153285398,1.17606889478355,3.02094368192125,1.17606889478588,0.93275688239391,0.491171648865161,0.765973297219571,3.1742929423565,3.1742929423565,1.31517433503868,0.525539300423612,1.53333639002984,1.31517433503868,0.991570000626357,1.53347340962434,3.23645257537267,0.785184836951908,0.789220805151992,0.491190222905524,1.53347340962434,0.789220805151992,1.53347340962434,0.177629843803335,0.789220805151992,1.53347340962434,1.53347340962434,1.53347340962434,0.143773268124412,0.789220805151992,1.53347340962434,1.53347340962434,1.53347340962434,1.53347340962434,0.785184836951908
1.67224445943244,0.638062064873165,1.13355458530171,1.71890147712589,0.784738065173076,2.51954498796001,2.18980389714225,2.85211160672026,1.14690847544465,0.713039992013279,1.14327847682239,2.66827313717289,3.10381461423562,2.63395536004756,0.694972411847572,0.67558487728412,0.992486545692696,1.17936518035568,2.98905857252967,1.17936518034479,0.945201420013267,0.500578054603157,0.777472239101751,3.18504936145705,3.18504936145705,1.317219378976,0.568141327922862,1.55886781387984,1.317219378976,1.00796210256734,1.55901402004315,3.25505684032213,0.800281187617576,0.805213994365847,0.500595679443064,1.55901402004315,0.805213994365847,1.55901402004315,0.180948549099669,0.805213994365847,1.55901402004315,1.55901402004315,1.55901402004315,0.146491708741721,0.805213994365847,1.55901402004315,1.55901402004315,1.55901402004315,1.55901402004315,0.800281187617576
1.62958669262506,0.653336919502794,1.11790110659395,1.65482347496539,0.763084921342909,2.41568920286019,2.13289888891342,2.74416572938274,1.12777202638175,0.696406132414773,1.13661439804926,2.67551390233396,3.04311874741596,2.63573654812365,0.654071146007347,0.664368011224563,0.979603301147439,1.17169012466053,2.92439593410158,1.17169012462899,0.933786958917389,0.494149669031581,0.7700731288002,3.15685481403243,3.15685481403243,1.29078362254791,0.559395171649611,1.54266264713973,1.29078362254416,0.996227122359692,1.54290782086345,3.23479399133826,0.789383525561299,0.792699958150144,0.494175887297776,1.54290782086345,0.792699958150144,1.54290782086345,0.178457380395679,0.792699958150144,1.54290782086345,1.54290782086345,1.54290782086345,0.144541344988363,0.792699958150144,1.54290782086345,1.54290782086345,1.54290782086345,1.54290782086345,0.789383525561299
1.53740909813691,0.684324642777576,1.12535909964969,1.5904958104547,0.776601541390845,2.37477897214166,2.0630392715242,2.72887408152499,1.140155130301,0.707567983406206,1.13818498221912,2.57926974064647,3.04418214611894,2.54162465746494,0.669865420191541,0.676350136134392,0.98550952061637,1.17594126808603,2.92322568166492,1.17594126811115,0.93585256369481,0.494913836490508,0.767619652120755,3.15055630056951,3.15055630056951,1.30878909175333,0.580031813501994,1.54080030831229,1.30878909175333,0.999964274101205,1.54092175881875,3.23583695033119,0.793586523365905,0.797987454045181,0.494927253889175,1.54092175881875,0.797987454045181,1.54092175881875,0.179071156725154,0.797987454045181,1.54092175881875,1.54092175881875,1.54092175881875,0.144907412707914,0.797987454045181,1.54092175881875,1.54092175881875,1.54092175881875,1.54092175881875,0.793586523365905
1.59593686051895,0.635597102362317,1.13356614511551,1.71150176681367,0.793453188922141,2.45566850875683,2.17301859373585,2.78560347768695,1.14061932100389,0.706283702291127,1.14621868736679,2.69782140112204,3.04866757706341,2.65186115270047,0.704408256065198,0.674393628060803,0.9954649041605,1.18032062391725,2.95707319854789,1.1803206239043,0.968219189530779,0.492735861782655,0.767358791538883,3.14473494848315,3.14473494848315,1.30323886710381,0.588568163610304,1.53733674807583,1.30323886710381,0.991747256246019,1.5374770613296,3.2316117631697,0.789563706155794,0.793226935437337,0.49275530842577,1.5374770613296,0.793226935437337,1.5374770613296,0.178098216530954,0.793226935437337,1.5374770613296,1.5374770613296,1.5374770613296,0.144067275168358,0.793226935437337,1.5374770613296,1.5374770613296,1.5374770613296,1.5374770613296,0.789563706155794
1.65554320495954,0.636203019812636,1.12747013361758,1.68207974905218,0.791232540753138,2.49864761681425,2.14646525654701,2.83283308211796,1.14223937558251,0.703554261496415,1.13959759963323,2.62602407755327,3.07450569512175,2.59047349743427,0.692528038121781,0.678520278788033,0.985037813504504,1.17638655806453,2.97151224574946,1.17638655807476,0.935795279328553,0.494756666597922,0.771104145260677,3.16666263962605,3.16666263962605,1.31414571241489,0.592080900227347,1.53620059691106,1.31414571241489,0.996169996472697,1.53648267740429,3.24233553063673,0.789914571089712,0.793287168133075,0.494794462283113,1.53648267740429,0.793287168133075,1.53648267740429,0.178691340512109,0.793287168133075,1.53648267740429,1.53648267740429,1.53648267740429,0.144596034049792,0.793287168133075,1.53648267740429,1.53648267740429,1.53648267740429,1.53648267740429,0.789914571089712
1.60878515426874,0.643190200474626,1.11147129177543,1.62132700516338,0.755871680437187,2.43577156671665,2.14062662326925,2.80292090719349,1.12544984684987,0.688058015662248,1.13065414427167,2.61608345449819,3.04968875180839,2.581760006195,0.659665691698327,0.610745198336375,0.980848807263874,1.1677924655802,2.9703052940234,1.1677924655795,0.93007647838215,0.493062252967814,0.765610587940407,3.1640548374844,3.1640548374844,1.30695126268629,0.52098992979779,1.53292940405672,1.30695126269153,0.99263260018306,1.53317491253927,3.23757885252647,0.788209903023088,0.793245712971206,0.493092929972043,1.53317491253927,0.793245712971206,1.53317491253927,0.178019581355899,0.793245712971206,1.53317491253927,1.53317491253927,1.53317491253927,0.14415183467167,0.793245712971206,1.53317491253927,1.53317491253927,1.53317491253927,1.53317491253927,0.788209903023088
1.67388073555057,0.664597079781622,1.1107018247803,1.66830574513416,0.719193320457445,2.51295041580917,2.23137643439762,2.84557378510603,1.12363529699159,0.700657733681073,1.12795016092791,2.71386536103076,3.08496907116531,2.67801311172191,0.666721651416518,0.659663270043623,0.98360245350147,1.16626810382118,3.00413531953321,1.16626810382185,0.935982384921566,0.493861394748235,0.767717973982765,3.18300020970804,3.18300020970804,1.29908090143239,0.543425206128887,1.54108978541269,1.29908090143394,0.994317135153632,1.54119428459608,3.2507821415147,0.789970467786927,0.793837799546458,0.493874013498791,1.54119428459608,0.793837799546458,1.54119428459608,0.178545512334066,0.793837799546458,1.54119428459608,1.54119428459608,1.54119428459608,0.144549626532142,0.793837799546458,1.54119428459608,1.54119428459608,1.54119428459608,1.54119428459608,0.789970467786927
1.63666094505186,0.639726347175496,1.15307129286665,1.65215201149087,0.792129520846005,2.41436715219927,2.14419542348933,2.77511079311737,1.16679711500157,0.714092583770566,1.16775087306914,2.67828236920838,3.063647671225,2.63761977896362,0.685050996530672,0.68689372349176,1.00294636612751,1.2052404084901,2.97394034694706,1.20524040849371,0.961102233918895,0.501056565874068,0.781583960192973,3.16322301640613,3.16322301640613,1.33288186414767,0.541801389324347,1.55574877668845,1.33288186414767,1.01063293137716,1.55602852319791,3.24378860125703,0.799748583642463,0.804023763362892,0.501089315674571,1.55602852319791,0.804023763362892,1.55602852319791,0.180917863849238,0.804023763362892,1.55602852319791,1.55602852319791,1.55602852319791,0.146456623517288,0.804023763362892,1.55602852319791,1.55602852319791,1.55602852319791,1.55602852319791,0.799748583642463
1.63215028245147,0.671240189965365,1.12403938782764,1.70677061202419,0.768710637550696,2.44241605069504,2.18877206734637,2.78166484904957,1.13298574402983,0.709225519964701,1.13627902511345,2.6811899196501,3.06039546372614,2.64100521677582,0.687369340046948,0.671298619946583,0.995135045614855,1.17277928049855,2.96777023571754,1.17277928051135,0.960575367240047,0.497537542509643,0.774189234011427,3.15278407921558,3.15278407921558,1.30937639181423,0.554746065220931,1.55113906674002,1.30937639181327,1.00306480663015,1.55135434324663,3.2308362026086,0.796455057771471,0.797748815462445,0.497563055260586,1.55135434324663,0.797748815462445,1.55135434324663,0.179731800236541,0.797748815462445,1.55135434324663,1.55135434324663,1.55135434324663,0.145457247748547,0.797748815462445,1.55135434324663,1.55135434324663,1.55135434324663,1.55135434324663,0.796455057771471
1.62102441344761,0.645305021021273,1.11756538179283,1.69282361773411,0.761383829868515,2.50059214166477,2.18396052291977,2.81040480594889,1.12432714737107,0.712615197006794,1.12674258891666,2.64154323480748,3.04824390559126,2.60067116022569,0.72017224751665,0.70568307311746,0.992787411016832,1.16153086036946,2.95731944854654,1.16153086036946,0.964881371914588,0.493214650293035,0.771635697906013,3.13728214870808,3.13728214870808,1.30382541228351,0.638154726467585,1.54404953269994,1.30382541228846,0.994924042272659,1.5441758412175,3.22039576002895,0.789059027600643,0.793487066020827,0.493233540679324,1.5441758412175,0.793487066020827,1.5441758412175,0.178393374119157,0.793487066020827,1.5441758412175,1.5441758412175,1.5441758412175,0.144388263754648,0.793487066020827,1.5441758412175,1.5441758412175,1.5441758412175,1.5441758412175,0.789059027600643
1.68835428609867,0.69646996754734,1.14455808377502,1.73593925615233,0.750208351335252,2.56561294956272,2.25298674410829,2.83871425385188,1.15236760921859,0.707785574064717,1.15870959059669,2.76496547112253,3.09772194583909,2.72444071478891,0.685270794695772,0.662554134659873,0.999962369641488,1.19161293562468,3.01802191197123,1.19161293563514,0.96996225152284,0.496639466214468,0.771517733939588,3.18193339040369,3.18193339040369,1.31874417833916,0.617829468704646,1.54484347011685,1.31874417833916,1.00393220344981,1.54499060385823,3.25357440343175,0.795155340483752,0.797937412059252,0.496656907788043,1.54499060385823,0.797937412059252,1.54499060385823,0.179717847370567,0.797937412059252,1.54499060385823,1.54499060385823,1.54499060385823,0.145502432625211,0.797937412059252,1.54499060385823,1.54499060385823,1.54499060385823,1.54499060385823,0.795155340483752
1.64504185074041,0.66620921962692,1.15523204505344,1.73652407070123,0.813201549972587,2.4662796017324,2.17758198803905,2.79317279470256,1.16868188110638,0.700565717485809,1.17146655185627,2.7256564425412,3.07127132889518,2.68993701320734,0.657001274345837,0.623837235687117,0.986119699559031,1.20556300130202,2.97501774190043,1.20556300128914,0.943713907282555,0.496773580303741,0.76880654455634,3.15961251896596,3.15961251896596,1.32523840016479,0.509201470003045,1.5500090912126,1.32523840016479,1.00043078197086,1.55016293716866,3.22439686778387,0.795778360161358,0.797030166060385,0.496788884383805,1.55016293716866,0.797030166060385,1.55016293716866,0.179469621937111,0.797030166060385,1.55016293716866,1.55016293716866,1.55016293716866,0.145242945383355,0.797030166060385,1.55016293716866,1.55016293716866,1.55016293716866,1.55016293716866,0.795778360161358
1.62384560121217,0.636848961772575,1.12457625664054,1.65587839323356,0.794066738190033,2.41470193645732,2.09532402890884,2.73774155914485,1.13148478672274,0.705332632643055,1.13928583396358,2.61704544333094,3.04243755643622,2.57523241893475,0.678573608734493,0.698498249257675,0.986900775470176,1.1711757342622,2.92946164070534,1.17117573426913,0.953595103344152,0.495463634963639,0.777757292201246,3.15372276160065,3.15372276160065,1.30117423773077,0.602755234349387,1.53749487748251,1.30117423773077,1.00020408973003,1.53759980130365,3.24357133902168,0.790821801333668,0.794982994970338,0.495476265077386,1.53759980130365,0.794982994970338,1.53759980130365,0.178807045975451,0.794982994970338,1.53759980130365,1.53759980130365,1.53759980130365,0.144720021136262,0.794982994970338,1.53759980130365,1.53759980130365,1.53759980130365,1.53759980130365,0.790821801333668
1.71383932600752,0.634504687425612,1.12975837353021,1.8096789174029,0.780418005976558,2.57087086691627,2.26059945019882,2.86504638135389,1.14041031432343,0.706011557920634,1.13998882882654,2.73824071994638,3.09839490093942,2.70285915130627,0.692719299104392,0.654050717670053,0.989761777154574,1.17474423672458,2.98136029728018,1.17474423674247,0.943150290624198,0.498870396953766,0.773879846422722,3.17140931716281,3.17140931716281,1.30199007995022,0.576602983534988,1.54850523586488,1.30199007995068,1.00770472659618,1.54865393967096,3.23526522030429,0.797319626185285,0.800028458057216,0.498888353218088,1.54865393967096,0.800028458057216,1.54865393967096,0.180245354039723,0.800028458057216,1.54865393967096,1.54865393967096,1.54865393967096,0.145908474092726,0.800028458057216,1.54865393967096,1.54865393967096,1.54865393967096,1.54865393967096,0.797319626185285
1.62065519913814,0.644548163421384,1.11674541438481,1.61921826817304,0.765954789148699,2.37045499355879,2.09932777323894,2.71729791237045,1.12627955083415,0.69640812216588,1.13144976038901,2.62485438676068,3.02286387982187,2.58190109659484,0.678035296067968,0.663143687978411,0.987713991457572,1.16825931430818,2.91111458715875,1.16825931430619,0.948483794940194,0.49466564554106,0.777596737919981,3.13620208103571,3.13620208103571,1.29502057482924,0.584634457890206,1.54185729118434,1.29502057481755,0.994429113800981,1.54194033666692,3.22603665604898,0.79240959236361,0.795257601533084,0.494675599860978,1.54194033666692,0.795257601533084,1.54194033666692,0.178598279925544,0.795257601533084,1.54194033666692,1.54194033666692,1.54194033666692,0.144562988040314,0.795257601533084,1.54194033666692,1.54194033666692,1.54194033666692,1.54194033666692,0.79240959236361
1.65684880385629,0.645385338450454,1.13653020674191,1.76314720221538,0.80594995916773,2.56584529003506,2.19592020242278,2.86205577848172,1.15058270856065,0.703695875472094,1.15109220679004,2.68123949834906,3.09337878347947,2.65058029872224,0.668934737344757,0.626134440476839,0.982604082364099,1.18500632231886,2.98557806050555,1.18500632231104,0.930687082560661,0.497796744515828,0.769118622644535,3.17875845759402,3.17875845759402,1.31700973762145,0.576494763434045,1.55078904817819,1.31700973762145,1.00672418492635,1.55101254849062,3.23913807124343,0.796441953262576,0.801684001196017,0.497822234776398,1.55101254849062,0.801684001196017,1.55101254849062,0.180179503912526,0.801684001196017,1.55101254849062,1.55101254849062,1.55101254849062,0.145756699781491,0.801684001196017,1.55101254849062,1.55101254849062,1.55101254849062,1.55101254849062,0.796441953262576
1.75297829724552,0.644462310558336,1.13743184474559,1.79340514786623,0.806256647580074,2.49458418200054,2.23011680218534,2.8280175932534,1.15379896643597,0.699740931971548,1.14955367298956,2.74754784180546,3.08407087151618,2.70945981760623,0.680999286056981,0.661214445534968,0.992176373510167,1.19038565566252,2.99536571277929,1.19038565567417,0.944079768887748,0.495104604563737,0.777810142844524,3.16442738097929,3.16442738097929,1.3138177727078,0.541565103510668,1.54954428547202,1.31381777271134,0.999681206583541,1.54978986867566,3.23189919735228,0.792373736316531,0.794992176833712,0.495132518372998,1.54978986867566,0.794992176833712,1.54978986867566,0.179053467784349,0.794992176833712,1.54978986867566,1.54978986867566,1.54978986867566,0.144905179178484,0.794992176833712,1.54978986867566,1.54978986867566,1.54978986867566,1.54978986867566,0.792373736316531
1.60939818216898,0.648637510567088,1.1097390135143,1.60097872560344,0.743933424729935,2.43613192022199,2.14098764615481,2.81539869134758,1.12505293337281,0.697767366665975,1.12310387028695,2.63231895806805,3.04903984852191,2.59182814594812,0.702408880665935,0.666889919246689,0.980488886777601,1.16428711543476,2.9318770184949,1.16428711543538,0.929186658248908,0.493064013186221,0.769221958741796,3.15538993432136,3.15538993432136,1.29337861973633,0.574455240843317,1.53414436251129,1.29337861973719,0.995931987410211,1.53425441675218,3.24008214801359,0.787386203751562,0.792299282936528,0.493080831252181,1.53425441675218,0.792299282936528,1.53425441675218,0.178139423565756,0.792299282936528,1.53425441675218,1.53425441675218,1.53425441675218,0.144166260726267,0.792299282936528,1.53425441675218,1.53425441675218,1.53425441675218,1.53425441675218,0.787386203751562
1.59061531099899,0.694469527340609,1.14006599887013,1.58679691222992,0.761950154398449,2.41131961791022,2.10554855895247,2.77199030184753,1.15122645985219,0.712852664948283,1.14778689926133,2.62957049089004,3.05210139889397,2.58702439218469,0.712181519762954,0.710091481722018,0.990987365866327,1.18277941395845,2.91567923929809,1.18277941396756,0.951584337110302,0.495314266178201,0.771491842842387,3.1389332264559,3.1389332264559,1.30742043129846,0.570842175541134,1.54222791671517,1.30742043129397,0.997998862159698,1.54245184149009,3.2273875113365,0.793847006072388,0.795684128837663,0.495344065594805,1.54245184149009,0.795684128837663,1.54245184149009,0.17897706304994,0.795684128837663,1.54245184149009,1.54245184149009,1.54245184149009,0.144877274236648,0.795684128837663,1.54245184149009,1.54245184149009,1.54245184149009,1.54245184149009,0.793847006072388
1.59288647280741,0.678142985755068,1.12898128498571,1.66030767955966,0.784237902954472,2.49155233269234,2.13220488829216,2.84007368474574,1.14364737099517,0.70211935660016,1.14023343350907,2.61929351174539,3.0781157235902,2.5888179552646,0.677232261969125,0.628163561215936,0.974046345767751,1.1738752136062,2.93970242662161,1.17387521361416,0.918932726997673,0.495027945769919,0.764770379730003,3.16166992547952,3.16166992547952,1.30394124415024,0.520619835172946,1.54519612638156,1.30394124413769,1.00142574487061,1.54547299079473,3.22625952390526,0.792485267143901,0.79662972207553,0.495060613868969,1.54547299079473,0.79662972207553,1.54547299079473,0.179063986878165,0.79662972207553,1.54547299079473,1.54547299079473,1.54547299079473,0.144960505704744,0.79662972207553,1.54547299079473,1.54547299079473,1.54547299079473,1.54547299079473,0.792485267143901
1.72838511463703,0.634757172677574,1.1364444204572,1.82840291326538,0.798629340679636,2.57028982583783,2.26834267386591,2.86461089275093,1.14793125449424,0.707327340623938,1.14875254631543,2.77065456407757,3.09226596948185,2.73016794608322,0.70054740611769,0.684200298980011,0.991825631680709,1.18553954621993,2.99458441047839,1.18553954622416,0.951437561416696,0.495428213223742,0.772631340041701,3.17145137657834,3.17145137657834,1.30763590948383,0.601230406313983,1.53777029080887,1.30763590948598,0.996684802588815,1.53788522726862,3.24147020902153,0.793244043776036,0.794949308710382,0.49544364031489,1.53788522726862,0.794949308710382,1.53788522726862,0.178887700711591,0.794949308710382,1.53788522726862,1.53788522726862,1.53788522726862,0.144811769395711,0.794949308710382,1.53788522726862,1.53788522726862,1.53788522726862,1.53788522726862,0.793244043776036
1.60498185807737,0.692516512273247,1.12195297362187,1.67169509026699,0.789392037486685,2.40389345498394,2.12092128545529,2.77801591545131,1.14029414843132,0.705306576031418,1.13198819650715,2.62885592730978,3.07093532470699,2.59443204963046,0.665939155568461,0.669543912187454,0.976862040985347,1.17198365958812,2.94213313979449,1.17198365958915,0.920635357911172,0.493505870313917,0.765587954812241,3.15580255487179,3.15580255487179,1.30466378200636,0.510380374273287,1.53807409277594,1.30466378201382,0.996134276553798,1.53822540008651,3.22758367790803,0.791864434753539,0.792546850027403,0.493521503688519,1.53822540008651,0.792546850027403,1.53822540008651,0.178442959982431,0.792546850027403,1.53822540008651,1.53822540008651,1.53822540008651,0.144430063032669,0.792546850027403,1.53822540008651,1.53822540008651,1.53822540008651,1.53822540008651,0.791864434753539
1.72513251686339,0.651907594846288,1.13123369695358,1.77384451365181,0.770409059952987,2.53828680705375,2.26856117883569,2.86928735144154,1.14260195689155,0.706474666018312,1.13782498074985,2.73346643010905,3.09788417955961,2.69211219676541,0.726677170891135,0.66690596907685,1.00050035088269,1.17666287080685,3.01059782702953,1.17666287079882,0.965806555357084,0.495525031908282,0.77509209728199,3.16956415432765,3.16956415432765,1.31557517753415,0.578589669707152,1.54222306892703,1.31557517753508,0.998313516190859,1.54250543905904,3.24519801446714,0.793902792115271,0.798761763539478,0.495565888929269,1.54250543905904,0.798761763539478,1.54250543905904,0.179271516279103,0.798761763539478,1.54250543905904,1.54250543905904,1.54250543905904,0.145142187969657,0.798761763539478,1.54250543905904,1.54250543905904,1.54250543905904,1.54250543905904,0.793902792115271
1.62459381472447,0.62970728084574,1.14223168938443,1.6969182404784,0.793483550528777,2.47312317271798,2.17742628920897,2.81075856339973,1.15320481317396,0.700667808570668,1.1520630870671,2.687684909837,3.044148402845,2.64190734244715,0.730852358861822,0.652612440971967,0.99480842604836,1.18916620567512,2.94994746002166,1.18916620568632,0.965428896796053,0.493066592483514,0.77042011477012,3.13100958764899,3.13100958764899,1.31554911971521,0.603277652518297,1.5371212585133,1.31554911970786,0.995259148250554,1.53719848500711,3.21741553170095,0.789492329402508,0.79323628129408,0.49307885817203,1.53719848500711,0.79323628129408,1.53719848500711,0.178016657114553,0.79323628129408,1.53719848500711,1.53719848500711,1.53719848500711,0.144163713517642,0.79323628129408,1.53719848500711,1.53719848500711,1.53719848500711,1.53719848500711,0.789492329402508
1.76430848448399,0.653092748784965,1.11687456916218,1.74636343960304,0.746020205363808,2.54990289775298,2.25456684500696,2.88028601796625,1.12763525875828,0.705234372728002,1.12603552972794,2.71778124413334,3.11613292758208,2.68428140063494,0.688302400301807,0.669167169845569,0.986247690873572,1.16049337108441,2.99884995805423,1.1604933710993,0.937944821271275,0.498165289632212,0.777273441975797,3.18897312377586,3.18897312377586,1.29310884028242,0.522060640062829,1.5472624978708,1.29310884027582,1.00341818286431,1.54736452403979,3.25224069925777,0.796169525444669,0.800946358829544,0.498177319857201,1.54736452403979,0.800946358829544,1.54736452403979,0.179972625269922,0.800946358829544,1.54736452403979,1.54736452403979,1.54736452403979,0.145667713376303,0.800946358829544,1.54736452403979,1.54736452403979,1.54736452403979,1.54736452403979,0.796169525444669
1.59657111213334,0.621827404272868,1.11577593402533,1.56301903394863,0.738915742879153,2.43107020802489,2.09827862557272,2.76154946723463,1.11901987019099,0.699767026011923,1.12852032336654,2.57859691002024,3.02244134143894,2.53589406078273,0.713566913151994,0.669800957657354,0.989679401184116,1.15927607383255,2.89362609267884,1.15927607383255,0.96057788956295,0.496084600721823,0.778847385026922,3.13631592997142,3.13631592997142,1.29322929724629,0.632598511059163,1.54437693035285,1.29322929724629,1.0016448427232,1.54445171345143,3.23271184257748,0.794804214488738,0.797425495790588,0.496096058544492,1.54445171345143,0.797425495790588,1.54445171345143,0.179262723916568,0.797425495790588,1.54445171345143,1.54445171345143,1.54445171345143,0.145099606807018,0.797425495790588,1.54445171345143,1.54445171345143,1.54445171345143,1.54445171345143,0.794804214488738
1.59916372443623,0.670456095696808,1.14756015501579,1.66691786271386,0.778320593238864,2.48311704307928,2.18492682561629,2.82021083796336,1.15711484658923,0.707939587231026,1.16469236748956,2.70563726848899,3.05270668170632,2.66340091598013,0.702677233838555,0.662629362892936,0.996348133938574,1.19910053597729,2.96972965682356,1.19910053597789,0.96437591512803,0.496468555411157,0.771188848666272,3.15611171227767,3.15611171227767,1.32276429341383,0.570572804278571,1.55146155067202,1.32276429340106,1.00237120031182,1.55154261128376,3.235876524286,0.793141064197168,0.796609139606277,0.496480415135888,1.55154261128376,0.796609139606277,1.55154261128376,0.179424211274904,0.796609139606277,1.55154261128376,1.55154261128376,1.55154261128376,0.145168738188958,0.796609139606277,1.55154261128376,1.55154261128376,1.55154261128376,1.55154261128376,0.793141064197168
1.71094509366845,0.616930891354686,1.11898172156019,1.79853711492527,0.769699372028837,2.56282968221081,2.24732951276975,2.84143606827628,1.1301771195114,0.70239686843653,1.1322492682706,2.7291083763098,3.10570815510121,2.69484404131005,0.660287395825798,0.657405372342823,0.984550072207992,1.16725669057325,3.02477571402307,1.16725669056501,0.943620748307873,0.493607882419633,0.766291376785806,3.18618481115047,3.18618481115047,1.30531989145499,0.58825544031064,1.53823555216872,1.30531989145878,0.998286696734833,1.53843551857392,3.24950488425508,0.790465038556981,0.793217327561346,0.493628438604572,1.53843551857392,0.793217327561346,1.53843551857392,0.178524356172936,0.793217327561346,1.53843551857392,1.53843551857392,1.53843551857392,0.14452536146862,0.793217327561346,1.53843551857392,1.53843551857392,1.53843551857392,1.53843551857392,0.790465038556981
1.66479301601566,0.68496087204248,1.14351538273664,1.73589052484874,0.771131791807318,2.52122688344145,2.23021116420396,2.82537135937048,1.15004194268057,0.711371704708213,1.15500990532457,2.73811605639987,3.0698225301757,2.69501206529203,0.711217009921514,0.67476174932092,0.999129804591564,1.18821199037641,2.96723007260022,1.18821199037754,0.9707945656312,0.49720444892156,0.775113559204972,3.15360104535492,3.15360104535492,1.31184760582108,0.597894943859,1.54945579498796,1.31184760581194,1.0014163224631,1.54954591121385,3.23095156951413,0.797528212447405,0.801506879159796,0.497216754596675,1.54954591121385,0.801506879159796,1.54954591121385,0.179852412683528,0.801506879159796,1.54954591121385,1.54954591121385,1.54954591121385,0.145520684877009,0.801506879159796,1.54954591121385,1.54954591121385,1.54954591121385,1.54954591121385,0.797528212447405
1.61767294456866,0.643722280396955,1.12663132599761,1.61199379600251,0.794925423920693,2.41051647851195,2.06931204605015,2.78143805049148,1.14191173620378,0.701501619889673,1.13274445917554,2.58314425537369,3.04833642660358,2.54194274182686,0.717620546579734,0.697511266126316,0.978329089160297,1.17053747499697,2.90511156373469,1.17053747500461,0.93231784834967,0.489516920977689,0.772297135187997,3.13407126580104,3.13407126580104,1.29741721342253,0.595036357505119,1.52730631857848,1.29741721344797,0.98804391790283,1.52740453680268,3.22528525563994,0.784851823467467,0.786183214089846,0.489531029967154,1.52740453680268,0.786183214089846,1.52740453680268,0.176866773283207,0.786183214089846,1.52740453680268,1.52740453680268,1.52740453680268,0.143189893044657,0.786183214089846,1.52740453680268,1.52740453680268,1.52740453680268,1.52740453680268,0.784851823467467
1.68582132847404,0.663834098334575,1.12106367059525,1.80382990167708,0.777375023399353,2.54039858410036,2.24856441505595,2.82733358324463,1.1371121581409,0.713152117714814,1.13788523890533,2.71883472238902,3.08877765420371,2.68685032127537,0.650957729767271,0.681062688804984,0.991245718041928,1.17857190295445,3.02513966860856,1.17857190294826,0.941083831918598,0.497940422445608,0.768851711557232,3.17723488463829,3.17723488463829,1.32292841891999,0.590511279506282,1.55519315800401,1.32292841892463,1.00664304649568,1.55532073681963,3.23678697767441,0.796443166142265,0.801002112600945,0.497952936457664,1.55532073681963,0.801002112600945,1.55532073681963,0.179979745236024,0.801002112600945,1.55532073681963,1.55532073681963,1.55532073681963,0.145679326033833,0.801002112600945,1.55532073681963,1.55532073681963,1.55532073681963,1.55532073681963,0.796443166142265
1.71244911126792,0.67071408555937,1.13580625746537,1.79949821827305,0.795662693502328,2.58190483948497,2.25726309247933,2.88984520290193,1.15396045079304,0.703915152951529,1.15250093982348,2.76201229430539,3.10716713058368,2.72863130724401,0.665734024716351,0.6582244543552,0.980955044039392,1.1918195483627,3.02500435208704,1.19181954836052,0.928069524807515,0.494251882455186,0.766870762347212,3.19200341275337,3.19200341275337,1.3165769426222,0.555422423172416,1.53828460832036,1.31657694262287,0.997032687478797,1.53840196219707,3.2510814980517,0.791597348527743,0.796287820749132,0.494265829468283,1.53840196219707,0.796287820749132,1.53840196219707,0.17867997801872,0.796287820749132,1.53840196219707,1.53840196219707,1.53840196219707,0.144707636849835,0.796287820749132,1.53840196219707,1.53840196219707,1.53840196219707,1.53840196219707,0.791597348527743
1.68243920811561,0.689330491742661,1.12726918981206,1.704443627196,0.763021290553819,2.47461575934753,2.20408442129496,2.80265125706906,1.13520925422327,0.700740706650553,1.140646201164,2.73443512829402,3.05054000070736,2.68804233389996,0.702687149720583,0.692844069838596,0.985152294728942,1.1762687563489,2.94024250623231,1.17626875634472,0.952842452354281,0.491567197172253,0.772144131014337,3.14441270836249,3.14441270836249,1.29318084071749,0.580770805737309,1.53296066918083,1.29318084072299,0.9931224785247,1.53309431993004,3.22716066363626,0.787563259304895,0.788901206297713,0.491586094060092,1.53309431993004,0.788901206297713,1.53309431993004,0.177621558970963,0.788901206297713,1.53309431993004,1.53309431993004,1.53309431993004,0.143720105214938,0.788901206297713,1.53309431993004,1.53309431993004,1.53309431993004,1.53309431993004,0.787563259304895
1.62038897088375,0.675624109769401,1.1297796317407,1.57333552866687,0.737140523002548,2.46137158346172,2.12691479992746,2.79635008590005,1.13877412060944,0.698492653420818,1.13950463936043,2.64115218054588,3.04769359734903,2.59726607319811,0.718244268669614,0.67227341791811,0.985053172150929,1.17350172699787,2.9306496186525,1.17350172699448,0.952999605551089,0.491239886454121,0.76996300541734,3.14145154195718,3.14145154195718,1.29936512397431,0.614510101200112,1.53503913985,1.2993651239762,0.991386711019312,1.53529549681451,3.23119331666027,0.785721897138742,0.789431424906627,0.491278430433564,1.53529549681451,0.789431424906627,1.53529549681451,0.177393913101914,0.789431424906627,1.53529549681451,1.53529549681451,1.53529549681451,0.143661188261057,0.789431424906627,1.53529549681451,1.53529549681451,1.53529549681451,1.53529549681451,0.785721897138742
1.71536972348481,0.627454403146912,1.10705844700386,1.70901593728499,0.719091690022105,2.50660306792696,2.23346957059538,2.81202290123025,1.12082008875195,0.697796954424955,1.11554765904728,2.71616631213046,3.08336564840815,2.67716764301613,0.683082912582882,0.653163986135511,0.98710391105587,1.15759270216775,2.99010349682957,1.1575927021745,0.941617681098633,0.492325442225535,0.770247685099314,3.16231337038651,3.16231337038651,1.29331693976119,0.615819094003257,1.54188058964908,1.29331693976119,0.99560009503407,1.5420758607743,3.23450410955698,0.787573126647473,0.791517076377349,0.492347585466585,1.5420758607743,0.791517076377349,1.5420758607743,0.178074611668526,0.791517076377349,1.5420758607743,1.5420758607743,1.5420758607743,0.144121272224238,0.791517076377349,1.5420758607743,1.5420758607743,1.5420758607743,1.5420758607743,0.787573126647473
1.69080469988023,0.651823867662724,1.13006203850837,1.71130232217005,0.791758456480006,2.49426653996492,2.17877461722469,2.84437502125702,1.14613482880904,0.705064536659218,1.14013144832935,2.69024626913442,3.07336769625134,2.64988163466514,0.713440729455414,0.691345777269839,0.985114342277142,1.18017670215434,2.94355803650791,1.18017670217172,0.93382854113889,0.494565167916249,0.777112971795198,3.15909933586015,3.15909933586015,1.30056332578698,0.586877020623592,1.53892799928856,1.30056332578724,0.997524359041789,1.53920272264469,3.23671406662875,0.791480613590513,0.796951783893837,0.494605456463361,1.53920272264469,0.796951783893837,1.53920272264469,0.178852201228942,0.796951783893837,1.53920272264469,1.53920272264469,1.53920272264469,0.144732098168963,0.796951783893837,1.53920272264469,1.53920272264469,1.53920272264469,1.53920272264469,0.791480613590513
1.69687840061796,0.692899172763154,1.12681733952664,1.72736933037115,0.787950308350869,2.53402527371069,2.17724290826124,2.83461430035258,1.13776537828234,0.691276142438484,1.14276258452994,2.68494657662871,3.07360002729808,2.65187149872863,0.658309808998111,0.659178766336207,0.967580834563196,1.17373495914121,2.96498927072377,1.17373495914158,0.924581263022804,0.490239870201448,0.761473021548489,3.16367831524867,3.16367831524867,1.29953674786807,0.546002559810237,1.53167823412513,1.29953674786945,0.989448789168384,1.53181895725794,3.22700314736614,0.785362925961644,0.786060224438858,0.490255885456839,1.53181895725794,0.786060224438858,1.53181895725794,0.177008750856473,0.786060224438858,1.53181895725794,1.53181895725794,1.53181895725794,0.143337331024667,0.786060224438858,1.53181895725794,1.53181895725794,1.53181895725794,1.53181895725794,0.785362925961644
1.57132110338405,0.625973021135151,1.11025591925939,1.57491694827283,0.741929509193089,2.41643797714065,2.11692294340763,2.81009450066871,1.12635612657902,0.701410058755727,1.12137652958926,2.60142573499449,3.05766194116387,2.56380178736512,0.69903036739449,0.666522593789427,0.97995968213024,1.1620310077577,2.9335545348596,1.16203100777139,0.926254441930509,0.492446708600069,0.764562169003685,3.15866446867171,3.15866446867171,1.29531490629866,0.553270348952195,1.54154995353853,1.29531490631427,0.993279414716293,1.54175621636391,3.24157868512856,0.787666601494893,0.791514070038749,0.492475790189648,1.54175621636391,0.791514070038749,1.54175621636391,0.178151184571512,0.791514070038749,1.54175621636391,1.54175621636391,1.54175621636391,0.144211857179679,0.791514070038749,1.54175621636391,1.54175621636391,1.54175621636391,1.54175621636391,0.787666601494893
1.65416268015889,0.666745619180397,1.13101238544202,1.6924875559553,0.798701357939434,2.44655053917681,2.1398312191032,2.78397238253656,1.14758247818084,0.703198677039537,1.14590452597237,2.64658687111234,3.05356552214627,2.60978358663931,0.676847152131937,0.66863870280788,0.988653816652532,1.1865065212399,2.94243050999197,1.18650652123737,0.9369707800475,0.497993709829311,0.779367293688947,3.15566732324883,3.15566732324883,1.31817857026508,0.593267312004579,1.55527546138082,1.31817857026508,1.00263841184166,1.55551462871358,3.23105617694947,0.799454347999451,0.801277904672327,0.498021891362898,1.55551462871358,0.801277904672327,1.55551462871358,0.180098277118117,0.801277904672327,1.55551462871358,1.55551462871358,1.55551462871358,0.145875288327521,0.801277904672327,1.55551462871358,1.55551462871358,1.55551462871358,1.55551462871358,0.799454347999451
1.55716688223496,0.689535871453158,1.1412610017366,1.60220985624787,0.779827665988002,2.41530107773809,2.09401109012877,2.77518389586969,1.15746547938577,0.709528795067815,1.15319183355682,2.60122525986761,3.06607506360048,2.56700912592802,0.675095563369347,0.653949485073868,0.98875564832499,1.19021619948609,2.9501778126726,1.1902161995001,0.938768629492243,0.498839682083121,0.768913015504209,3.16026678780142,3.16026678780142,1.32596114487868,0.545316958893063,1.55377427679042,1.32596114488137,1.00514016326916,1.55386927944132,3.23572533502616,0.79989319922029,0.802454479135547,0.498850054542496,1.55386927944132,0.802454479135547,1.55386927944132,0.180327336506063,0.802454479135547,1.55386927944132,1.55386927944132,1.55386927944132,0.145865452897269,0.802454479135547,1.55386927944132,1.55386927944132,1.55386927944132,1.55386927944132,0.79989319922029
1.65302696042109,0.667533449168687,1.13613458015567,1.67111830640045,0.78033128652534,2.43647912465067,2.1556473969528,2.76694572827382,1.15010098123238,0.702331965882479,1.15185435915924,2.66505689322755,3.04465360856882,2.62399515195569,0.683396812298863,0.656640432524952,1.00054604065944,1.19184067386556,2.97127714954457,1.19184067386608,0.95890838940626,0.497287639948763,0.779702890908336,3.14851541519577,3.14851541519577,1.32590224830812,0.601160322709958,1.54663044873466,1.32590224830918,1.00074523899351,1.54681670894905,3.2300806680442,0.795794654681104,0.800286317416963,0.497310543610673,1.54681670894905,0.800286317416963,1.54681670894905,0.179661700730612,0.800286317416963,1.54681670894905,1.54681670894905,1.54681670894905,0.145423979079097,0.800286317416963,1.54681670894905,1.54681670894905,1.54681670894905,1.54681670894905,0.795794654681104
1.61676840486694,0.657279622772863,1.12882557383843,1.69475810785856,0.780493904617054,2.44361994045121,2.16108523019189,2.78104989979032,1.14340024216019,0.713451801901717,1.13842585454766,2.67062439897448,3.06874126106265,2.62835713490989,0.700816325080824,0.684109526678249,1.00109626310778,1.18048533371966,2.95344243754539,1.18048533371605,0.953091751896202,0.49958591332881,0.777963756170591,3.16115836838739,3.16115836838739,1.31088420688436,0.625964103386157,1.55395738571255,1.31088420688436,1.00641917701561,1.55409158001231,3.24611787390429,0.801303493680841,0.805039168178678,0.499602561884753,1.55409158001231,0.805039168178678,1.55409158001231,0.180820942671154,0.805039168178678,1.55409158001231,1.55409158001231,1.55409158001231,0.14624316155898,0.805039168178678,1.55409158001231,1.55409158001231,1.55409158001231,1.55409158001231,0.801303493680841
1.58077404895906,0.600672068096224,1.10693776350554,1.65572367864027,0.764074860991394,2.40490142833138,2.13865579900624,2.75240844524105,1.11632415257522,0.702702187780786,1.12113081352209,2.62576908618724,3.027570341446,2.58300519617194,0.687789239099804,0.688434722436363,0.988644117054142,1.1591648773543,2.94011022683284,1.15916487735642,0.951135388655012,0.491809578358717,0.764975083773925,3.13672598673559,3.13672598673559,1.29615039967766,0.588396367356068,1.53170859075558,1.29615039967766,0.988360190751825,1.53185878585439,3.22565230743664,0.786756647975292,0.791196106970234,0.491829614473187,1.53185878585439,0.791196106970234,1.53185878585439,0.1775835131891,0.791196106970234,1.53185878585439,1.53185878585439,1.53185878585439,0.143764243474365,0.791196106970234,1.53185878585439,1.53185878585439,1.53185878585439,1.53185878585439,0.786756647975292
1.55326888584175,0.646287911815686,1.10424866871662,1.58719050676238,0.7517977503964,2.33008348710168,2.07479277111587,2.7021612049544,1.11417296511174,0.704777955268026,1.11286270439819,2.57902255644283,3.01158909780551,2.53669872774885,0.690018693057449,0.691579120659774,0.979453646632909,1.15053885565966,2.87836220136355,1.15053885566378,0.940173759653621,0.491308194213721,0.76680954554446,3.11119496501899,3.11119496501899,1.28215845616318,0.564094867248058,1.53518663176457,1.28215845616249,0.991574993019577,1.53535655209971,3.20347696136166,0.786447582344601,0.790540817947833,0.491328984647644,1.53535655209971,0.790540817947833,1.53535655209971,0.17745414651749,0.790540817947833,1.53535655209971,1.53535655209971,1.53535655209971,0.143555709161065,0.790540817947833,1.53535655209971,1.53535655209971,1.53535655209971,1.53535655209971,0.786447582344601
1.73757355565839,0.67246709835517,1.12364333126939,1.69692596817728,0.753681815473592,2.48256923694435,2.21738040595723,2.82270372430169,1.13253083123505,0.702290094065154,1.13625514310852,2.69574585792405,3.07274830902484,2.65441306368322,0.700535018639656,0.68453250683252,0.99775125821479,1.17288791889106,2.99264337069301,1.17288791889402,0.964684366740197,0.495139596893356,0.781841964486228,3.16526790691624,3.16526790691624,1.31122509409192,0.564323945383979,1.54336174446112,1.31122509409092,0.998692275604157,1.5434935922248,3.24491821426953,0.794834037191483,0.795333290792487,0.495157453102116,1.5434935922248,0.795333290792487,1.5434935922248,0.179061120260393,0.795333290792487,1.5434935922248,1.5434935922248,1.5434935922248,0.145009237278802,0.795333290792487,1.5434935922248,1.5434935922248,1.5434935922248,1.5434935922248,0.794834037191483
1.65758442521732,0.684824959583644,1.13622205204828,1.62332223138807,0.766299070584882,2.48328022765715,2.15039857358754,2.82643161423527,1.15054093039459,0.702047428934728,1.15218417120795,2.64050360966336,3.05146439418209,2.60420684829575,0.691022527146785,0.673268167224368,0.987891260682093,1.18884448155637,2.97032628878035,1.18884448156197,0.943438238406651,0.494219381436311,0.772497226475869,3.15326300549005,3.15326300549005,1.32240553936304,0.569761300947708,1.54509854016786,1.32240553936304,0.995151028302497,1.54524970152448,3.22772465964753,0.79015266285363,0.793534928750855,0.494240812330098,1.54524970152448,0.793534928750855,1.54524970152448,0.178536387063926,0.793534928750855,1.54524970152448,1.54524970152448,1.54524970152448,0.144551825440922,0.793534928750855,1.54524970152448,1.54524970152448,1.54524970152448,1.54524970152448,0.79015266285363
1.64017273122573,0.650045426571827,1.14242499384956,1.74141868893012,0.806879873826001,2.45258108602892,2.18409294202982,2.79533873678906,1.15847826056888,0.713754101432672,1.15170350202595,2.70796203372703,3.07690615304225,2.6655725944838,0.701340778299035,0.687414248451266,1.00174783494072,1.1940865477314,2.97416600990141,1.19408654771301,0.955709886562903,0.49836749671109,0.777010279966413,3.16152757075341,3.16152757075341,1.32192138647111,0.591242838737874,1.55638429641816,1.32192138646786,1.0042215105031,1.55648913228736,3.24199741173383,0.79717895577018,0.800379826928276,0.49838020901901,1.55648913228736,0.800379826928276,1.55648913228736,0.180149825225723,0.800379826928276,1.55648913228736,1.55648913228736,1.55648913228736,0.145818755446825,0.800379826928276,1.55648913228736,1.55648913228736,1.55648913228736,1.55648913228736,0.79717895577018
1.60871736145517,0.674266292429462,1.1330519705758,1.71316227783318,0.79850524491627,2.48790091599311,2.14888568002094,2.79603541035056,1.14375221705062,0.701937443633724,1.14724855028186,2.64644167530173,3.06271923735529,2.61335493641413,0.661481028380368,0.643052349830719,0.977743401791902,1.17853619328273,2.95954931418837,1.17853619327827,0.937468783971098,0.493401676582549,0.762063008808485,3.15151203503864,3.15151203503864,1.31283631362817,0.548104477723302,1.53997543220998,1.31283631362938,0.997023149748559,1.54010954607734,3.21820008656823,0.788865577612052,0.794840878700819,0.493415997027145,1.54010954607734,0.794840878700819,1.54010954607734,0.178245696393671,0.794840878700819,1.54010954607734,1.54010954607734,1.54010954607734,0.144281376652882,0.794840878700819,1.54010954607734,1.54010954607734,1.54010954607734,1.54010954607734,0.788865577612052
1.59423775244768,0.629750632102344,1.11750897296904,1.7132923043327,0.765964723296141,2.47552439720979,2.18385981399337,2.8046321124247,1.13349290462483,0.705349245337565,1.1289649103346,2.67336222779042,3.08429798598389,2.63891039615516,0.665579889331585,0.629118183190472,0.985562405601463,1.16883218604775,2.9879346555079,1.16883218604999,0.934863052473919,0.49482058977029,0.764220624465257,3.16915661076489,3.16915661076489,1.30615279083319,0.559305651033574,1.54594162298546,1.30615279083319,0.996560434177013,1.54607959908114,3.23734349776879,0.794404489758571,0.797547033233804,0.49483488040247,1.54607959908114,0.797547033233804,1.54607959908114,0.179049885988204,0.797547033233804,1.54607959908114,1.54607959908114,1.54607959908114,0.144911717348435,0.797547033233804,1.54607959908114,1.54607959908114,1.54607959908114,1.54607959908114,0.794404489758571
1.61682412651974,0.69144011917905,1.15140214756756,1.66535533039479,0.798679306264991,2.4826549825775,2.15361280768697,2.81571060712244,1.1664082156401,0.706969677063446,1.1690838878434,2.67543877972254,3.04572672056865,2.63608003131592,0.694322711769737,0.662009612472099,0.994252384502997,1.20663624381115,2.95256767517006,1.20663624381915,0.948135111436071,0.497770209178538,0.775140059280735,3.15117406154949,3.15117406154949,1.32951205660597,0.595223666085168,1.5474142576868,1.32951205660597,1.00691122932992,1.54750922086325,3.22821020456122,0.796794302331539,0.800912636082133,0.497783845118163,1.54750922086325,0.800912636082133,1.54750922086325,0.180022287265321,0.800912636082133,1.54750922086325,1.54750922086325,1.54750922086325,0.14564274141344,0.800912636082133,1.54750922086325,1.54750922086325,1.54750922086325,1.54750922086325,0.796794302331539
1.54839762877274,0.674204475973369,1.14030868202195,1.55886468216142,0.784421683243411,2.40764844867549,2.0532137447488,2.76019711854907,1.15430017798011,0.709406088369299,1.15152314245363,2.55730472211522,3.02446603791385,2.51728852197587,0.711950912226306,0.690746466360472,0.989986137353077,1.18817302125779,2.91214997333662,1.18817302125921,0.94845033009137,0.494483146794022,0.772671524856548,3.1290438201986,3.1290438201986,1.32107223864699,0.628813109066826,1.54331094022882,1.32107223864699,0.999097195850998,1.543548700646,3.22161554338092,0.791525821149645,0.79359058334459,0.494517910744876,1.543548700646,0.79359058334459,1.543548700646,0.178692599871594,0.79359058334459,1.543548700646,1.543548700646,1.543548700646,0.14461796562648,0.79359058334459,1.543548700646,1.543548700646,1.543548700646,1.543548700646,0.791525821149645
1.70295166058511,0.721172573925159,1.15070723740346,1.71564268583978,0.779487143953866,2.51421186662582,2.20267534602048,2.82359678047741,1.16010449409063,0.716090911303125,1.16042872189891,2.70647198549988,3.08495666224452,2.66812829036868,0.699994425167265,0.705156071673808,1.00068992941375,1.19357490536106,2.98890744276249,1.19357490534175,0.968037432099848,0.498533137140355,0.778692623663267,3.16277347828573,3.16277347828573,1.32433620521316,0.578215483194276,1.55863325117484,1.32433620522451,1.00838195763554,1.55878505702746,3.23533317401004,0.798241882115358,0.800716846920325,0.498551352725579,1.55878505702746,0.800716846920325,1.55878505702746,0.180307856496071,0.800716846920325,1.55878505702746,1.55878505702746,1.55878505702746,0.145977820836915,0.800716846920325,1.55878505702746,1.55878505702746,1.55878505702746,1.55878505702746,0.798241882115358
1.58801637175159,0.654913301003702,1.13335371111578,1.62322098441522,0.751001840595747,2.4477737495033,2.16162627780221,2.8168532680858,1.15183632121059,0.705756551304878,1.14547716996245,2.69690979765935,3.06864235174701,2.65726883245246,0.689397587201869,0.6603557503685,0.982788558538258,1.18692659264644,2.94263565695969,1.18692659265964,0.927363661505809,0.493862640248612,0.766073347567748,3.15819777857062,3.15819777857062,1.30384851124404,0.540537547408448,1.53695223876658,1.30384851125146,0.995689915349633,1.5372766219298,3.23352384370831,0.791971675762635,0.793869232663616,0.493904106859832,1.5372766219298,0.793869232663616,1.5372766219298,0.17848473806251,0.793869232663616,1.5372766219298,1.5372766219298,1.5372766219298,0.144477065114859,0.793869232663616,1.5372766219298,1.5372766219298,1.5372766219298,1.5372766219298,0.791971675762635
1.55453994266561,0.636568942293125,1.12919417818203,1.58512477628629,0.757708005601799,2.4028374081698,2.10671225151835,2.76549061610902,1.14488892595176,0.711230452668159,1.1394282778305,2.59168987736001,3.03751010028377,2.55194019622668,0.705945327687809,0.681472373888055,0.995856617904756,1.18043153348823,2.92938501684442,1.18043153347113,0.948266002709251,0.497328513645844,0.771332888803315,3.13501731757147,3.13501731757147,1.31952977139308,0.601677903904653,1.54644096714259,1.31952977139308,1.00035543233014,1.54657100304757,3.22238976353632,0.79699821229176,0.799855402677585,0.49734610093972,1.54657100304757,0.799855402677585,1.54657100304757,0.179676521163617,0.799855402677585,1.54657100304757,1.54657100304757,1.54657100304757,0.145439871841613,0.799855402677585,1.54657100304757,1.54657100304757,1.54657100304757,1.54657100304757,0.79699821229176
1.65171066032396,0.648227098245675,1.12623477780449,1.77439851759519,0.774083004059102,2.50812711803841,2.26665934009188,2.85801760443097,1.13745477534818,0.712437213391389,1.13167527873784,2.74610624436085,3.06740920389894,2.70026255737901,0.750237138134976,0.702219192488538,0.99756316839005,1.17301579903506,2.96267181642648,1.17301579903511,0.959575239670022,0.493162833725517,0.767911749578393,3.14063567919263,3.14063567919263,1.29710723350471,0.579258046404444,1.54111952601318,1.29710723350471,0.993664679471723,1.54123773669228,3.22092501356542,0.788895557771944,0.794399675994848,0.493182771345922,1.54123773669228,0.794399675994848,1.54123773669228,0.178195377948565,0.794399675994848,1.54123773669228,1.54123773669228,1.54123773669228,0.14424080107624,0.794399675994848,1.54123773669228,1.54123773669228,1.54123773669228,1.54123773669228,0.788895557771944
1.60528714160501,0.665309206046805,1.11865933301132,1.67888433801374,0.776550552102301,2.44772683912577,2.15606968527706,2.80685352356101,1.13446816934384,0.705764967921995,1.13185432716613,2.6633614095208,3.06302183433085,2.62409145441457,0.692797494318754,0.663899431927403,0.989789851141993,1.17359924210616,2.92808302951177,1.17359924210164,0.932523223969906,0.499000608201526,0.774040772916229,3.16495471675496,3.16495471675496,1.29615903268943,0.586857600030199,1.55131207401189,1.29615903268943,1.00508702436582,1.55153155376294,3.2445513568865,0.799331395226922,0.801299979829173,0.499029510705753,1.55153155376294,0.801299979829173,1.55153155376294,0.180319162181976,0.801299979829173,1.55153155376294,1.55153155376294,1.55153155376294,0.145894314769334,0.801299979829173,1.55153155376294,1.55153155376294,1.55153155376294,1.55153155376294,0.799331395226922
1.56690152625811,0.619333921063277,1.11585115917293,1.65676677288187,0.763558912608654,2.39965048415546,2.160494250683,2.77315179385928,1.13163858023225,0.699024843422612,1.13211112626488,2.68775863698991,3.03588621671779,2.64462818017085,0.682889016990641,0.63835846076,0.987663637108238,1.1759719992022,2.93209009343945,1.17597199919908,0.935656243709644,0.493569339121101,0.767651416394035,3.14614628397478,3.14614628397478,1.29586784200804,0.556946035298404,1.54289315560373,1.29586784200776,0.995913518873477,1.5430835253137,3.22876688627616,0.791186744500199,0.793073228758558,0.493594252605152,1.5430835253137,0.793073228758558,1.5430835253137,0.178527950645711,0.793073228758558,1.5430835253137,1.5430835253137,1.5430835253137,0.144423631115817,0.793073228758558,1.5430835253137,1.5430835253137,1.5430835253137,1.5430835253137,0.791186744500199
1.67743606194621,0.678315995894343,1.1334631422339,1.70604255814163,0.782559027586434,2.5345319268894,2.16673384682697,2.82416133940343,1.14380789427506,0.705299530568985,1.15110599821394,2.65529275935785,3.08092493498435,2.62584796678725,0.645043143079689,0.661221356498599,0.979526387095983,1.18055924848364,2.97966891568859,1.18055924843815,0.933869316399522,0.497304483805518,0.770494319046851,3.17525207428229,3.17525207428229,1.31579525099245,0.546467460814842,1.54806134111158,1.31579525099245,1.00156593676248,1.54839278591093,3.23493653219038,0.79755736399728,0.801142570429294,0.497337536380015,1.54839278591093,0.801142570429294,1.54839278591093,0.17984071640285,0.801142570429294,1.54839278591093,1.54839278591093,1.54839278591093,0.145539258778418,0.801142570429294,1.54839278591093,1.54839278591093,1.54839278591093,1.54839278591093,0.79755736399728
1.6169821443891,0.70641773880637,1.15023216793266,1.62158623984621,0.784237992516277,2.42324550959048,2.13868944681308,2.80408625236349,1.16511624496332,0.703484711699291,1.16062545536402,2.6801395315466,3.05406240384807,2.63443712611482,0.723667138425701,0.665129527631331,0.99550857750214,1.19977776203617,2.9478077728257,1.19977776202795,0.955694771402256,0.494797577882267,0.774971372627318,3.14614432102532,3.14614432102532,1.31957373183902,0.56263076850643,1.5424531480779,1.31957373183902,0.998156426087083,1.54259123087086,3.2351572566199,0.790731933642849,0.795268819960039,0.494818406480117,1.54259123087086,0.795268819960039,1.54259123087086,0.178696760231404,0.795268819960039,1.54259123087086,1.54259123087086,1.54259123087086,0.144633324315826,0.795268819960039,1.54259123087086,1.54259123087086,1.54259123087086,1.54259123087086,0.790731933642849
1.66662314431141,0.654612736272586,1.12769285652876,1.64931930088538,0.758481932002037,2.46768323316735,2.15556968035636,2.81155504060164,1.14198492706325,0.703224182908688,1.13792560168282,2.67731483475349,3.08460602824033,2.63825663241522,0.68530101849305,0.683855737219257,0.98303567847307,1.17507979941139,2.96655669581631,1.17507979942048,0.936167435107679,0.493712384231892,0.76989606186417,3.17019598372407,3.17019598372407,1.30021538986203,0.561180103097222,1.53264614304384,1.30021538985584,0.9937010711455,1.53277712167569,3.24737243581768,0.78991210476087,0.793845293488862,0.493728062822293,1.53277712167569,0.793845293488862,1.53277712167569,0.178131649870203,0.793845293488862,1.53277712167569,1.53277712167569,1.53277712167569,0.144177944366106,0.793845293488862,1.53277712167569,1.53277712167569,1.53277712167569,1.53277712167569,0.78991210476087
1.67399982278845,0.622936097870806,1.13579214161847,1.65377960141542,0.735188667612589,2.49627875132683,2.19769805397636,2.8041010537102,1.14809423659189,0.699010548588948,1.15266417010714,2.71724168923203,3.07519011134544,2.68083453636669,0.660961965118133,0.643030714435721,0.988312984793135,1.18843294366001,2.98762391363474,1.18843294366733,0.945118659145324,0.495589311838328,0.769572968157236,3.16973752815524,3.16973752815524,1.31557490469418,0.561706363632393,1.55006208096328,1.31557490468967,1.00124037758008,1.55015795459311,3.2376426173148,0.793369753301901,0.795490001607631,0.495599493265694,1.55015795459311,0.795490001607631,1.55015795459311,0.179163796451978,0.795490001607631,1.55015795459311,1.55015795459311,1.55015795459311,0.145019271970649,0.795490001607631,1.55015795459311,1.55015795459311,1.55015795459311,1.55015795459311,0.793369753301901
1.68688686015105,0.636950708123294,1.1284260617124,1.7113336867202,0.755884451440096,2.53854629992692,2.22208966674278,2.85853792039756,1.14759441649427,0.703300841083481,1.14437427124329,2.70026593205414,3.0874926151397,2.67007026793166,0.658764422093664,0.638564877971596,0.981828986017874,1.18454262610862,2.99226859776635,1.18454262609777,0.920365428572811,0.497470128337121,0.768828753919482,3.17331335372126,3.17331335372126,1.31814470922196,0.539716005137904,1.54648749881732,1.31814470921764,1.00225418619089,1.5467300724891,3.23062362895784,0.794240446981585,0.798551038529895,0.497496750462994,1.5467300724891,0.798551038529895,1.5467300724891,0.179680792165675,0.798551038529895,1.5467300724891,1.5467300724891,1.5467300724891,0.145460970357529,0.798551038529895,1.5467300724891,1.5467300724891,1.5467300724891,1.5467300724891,0.794240446981585
1.76069354552577,0.605046478510545,1.11793472241425,1.8171780397388,0.768992807443807,2.53422150388162,2.26918019135427,2.8117960576402,1.12562180601423,0.704851962221376,1.13281103746631,2.76755447364592,3.07081359654251,2.72356356951758,0.683742333609644,0.70945038089419,0.995329493639333,1.17072996751377,2.99747275824989,1.17072996751922,0.963604334040262,0.492253943195711,0.777022255746724,3.16109079027438,3.16109079027438,1.29899441635855,0.637540249748821,1.53307695618854,1.29899441635855,0.995040735960109,1.53324433343093,3.23694418317852,0.790151567814854,0.792216958456155,0.492274735626297,1.53324433343093,0.792216958456155,1.53324433343093,0.178000173680307,0.792216958456155,1.53324433343093,1.53324433343093,1.53324433343093,0.144130259921002,0.792216958456155,1.53324433343093,1.53324433343093,1.53324433343093,1.53324433343093,0.790151567814854
1.70069954416915,0.61180766680111,1.11112179287817,1.7595196785761,0.753018754619391,2.46346603458241,2.23333392366936,2.78095646002269,1.12952180522173,0.691230737546822,1.12422918738338,2.73756933059591,3.05194946937032,2.69816970808174,0.664358325519926,0.639480204879528,0.985270404540542,1.17061012373535,2.97447619589962,1.1706101237334,0.932397723385207,0.489847965373959,0.763279071099634,3.13583550936103,3.13583550936103,1.29776833297333,0.571429759357201,1.53089086004276,1.2977683329719,0.987454273290803,1.53111417552101,3.20425986852135,0.78479826457141,0.785288439794384,0.489871993245776,1.53111417552101,0.785288439794384,1.53111417552101,0.176780995471019,0.785288439794384,1.53111417552101,1.53111417552101,1.53111417552101,0.143043902753968,0.785288439794384,1.53111417552101,1.53111417552101,1.53111417552101,1.53111417552101,0.78479826457141
1.5475324151626,0.686718013647186,1.12122016045816,1.63999697902406,0.789261459006003,2.39409244219374,2.08714072000616,2.74065858216024,1.13796369155256,0.700904036906157,1.13471844863171,2.62265502722544,3.03522836818068,2.58260856035217,0.676479206182297,0.658509385879913,0.983624608523714,1.17614640856674,2.90395268238882,1.1761464085617,0.927724265561822,0.494726492679496,0.766441299220549,3.14341723411047,3.14341723411047,1.29710788828819,0.613009071070105,1.54543753484447,1.29710788829935,0.999401066435846,1.54552448630617,3.22779892919544,0.791158729855745,0.79349672090628,0.49473675629662,1.54552448630617,0.79349672090628,1.54552448630617,0.178752993157447,0.79349672090628,1.54552448630617,1.54552448630617,1.54552448630617,0.144629668179496,0.79349672090628,1.54552448630617,1.54552448630617,1.54552448630617,1.54552448630617,0.791158729855745
1.67488575129252,0.650056602703184,1.1348951319191,1.69795149561029,0.743709458052737,2.51882744974621,2.22313701849036,2.81674797025271,1.14492399960791,0.713944381371091,1.1451612099335,2.7298485211188,3.07294229800148,2.68659313913519,0.70436032110243,0.706129314816649,0.996784861646508,1.18205399195668,2.9797313975966,1.18205399189641,0.96236412006238,0.494987825451603,0.773186853643784,3.15491112624257,3.15491112624257,1.30912276292217,0.625176712425148,1.53922484029623,1.30912276290371,0.998833956638168,1.53952149263317,3.23332829851377,0.791837316091877,0.793710804783631,0.49502673423426,1.53952149263317,0.793710804783631,1.53952149263317,0.178796347156977,0.793710804783631,1.53952149263317,1.53952149263317,1.53952149263317,0.144777744133861,0.793710804783631,1.53952149263317,1.53952149263317,1.53952149263317,1.53952149263317,0.791837316091877
1.65172584885342,0.677444910667698,1.11960611949515,1.61219516552416,0.742434992458162,2.43634919227535,2.14715454606082,2.78134759015089,1.12987777474218,0.705176303796721,1.13066949190787,2.65413609593592,3.04296073246935,2.60916432698715,0.710889929774658,0.70421285161578,0.992485275332797,1.16908856477997,2.93826524231475,1.16908856477003,0.955269177111664,0.493817234300168,0.777363003527513,3.14357644837042,3.14357644837042,1.29683919292278,0.614834946146121,1.54086613566011,1.29683919292278,0.996828353578144,1.54113579023843,3.23420917159131,0.791656518045667,0.79400931125398,0.493856264269824,1.54113579023843,0.79400931125398,1.54113579023843,0.178357337981744,0.79400931125398,1.54113579023843,1.54113579023843,1.54113579023843,0.144365045973961,0.79400931125398,1.54113579023843,1.54113579023843,1.54113579023843,1.54113579023843,0.791656518045667
1.62443145434845,0.609873143791253,1.1191743162849,1.57986816425238,0.743325359399825,2.33602878939889,2.10508346680419,2.71221275969815,1.13927062157967,0.69191998368147,1.13818382343571,2.64922542407587,3.03469113934925,2.6110147148357,0.639390716001992,0.651586634087005,0.981058944321911,1.18271278511856,2.93959585452445,1.18271278511268,0.922419305472396,0.493677966069692,0.768474284708388,3.15062212969955,3.15062212969955,1.30968803523239,0.51601342500175,1.53398152661937,1.30968803523239,0.994963165497923,1.53410903750551,3.22781826701776,0.790523965316956,0.794067898999644,0.493690328775933,1.53410903750551,0.794067898999644,1.53410903750551,0.178309169646599,0.794067898999644,1.53410903750551,1.53410903750551,1.53410903750551,0.144338474530158,0.794067898999644,1.53410903750551,1.53410903750551,1.53410903750551,1.53410903750551,0.790523965316956
1.63108897769109,0.652077548822687,1.12678058309262,1.61787039474823,0.75587938618135,2.36480392922222,2.13418519111784,2.74759251442299,1.14340823544018,0.705256077344796,1.13552202430383,2.67848791057776,3.04026449071598,2.63108835378362,0.702347367634599,0.701205713143205,0.991611578910944,1.17966970828102,2.9146834532238,1.17966970829461,0.942417785962302,0.493671878545047,0.775342320828548,3.13156749534781,3.13156749534781,1.29819865344734,0.561614332483193,1.53320869821715,1.29819865344734,0.995126223434241,1.53331314393692,3.22250537868362,0.790718308837338,0.794063220736677,0.493685375625314,1.53331314393692,0.794063220736677,1.53331314393692,0.178307734297273,0.794063220736677,1.53331314393692,1.53331314393692,1.53331314393692,0.144295296559052,0.794063220736677,1.53331314393692,1.53331314393692,1.53331314393692,1.53331314393692,0.790718308837338
1.62080395471258,0.634006753919448,1.13100169604214,1.68416701521803,0.780155734097224,2.47222265498837,2.17609515768756,2.83351679956774,1.14456818958659,0.711481681328045,1.14102700973247,2.67732158858401,3.06347952785695,2.6375943786464,0.715437330325816,0.696921813119519,0.98734328127836,1.17930644913624,2.94332242776274,1.17930644912451,0.942478342955295,0.494811241118147,0.769354852749307,3.15019353103356,3.15019353103356,1.30389461061788,0.559166200244063,1.54957169925867,1.30389461063233,1.00074915758084,1.54979473311701,3.22756591424317,0.791819817808783,0.797176589138524,0.494843667910946,1.54979473311701,0.797176589138524,1.54979473311701,0.178934702355464,0.797176589138524,1.54979473311701,1.54979473311701,1.54979473311701,0.144834873510637,0.797176589138524,1.54979473311701,1.54979473311701,1.54979473311701,1.54979473311701,0.791819817808783
1.61357959228702,0.608208083263314,1.11969895748012,1.69488184498039,0.776393835060286,2.48261714395967,2.17446890821831,2.83683213603506,1.13123749083665,0.694667129340512,1.13489392635976,2.6897988170726,3.07923075628907,2.65333517199504,0.672990257474755,0.627782641621548,0.971556102626553,1.16882367947023,2.94925424981935,1.16882367949101,0.925033790753831,0.492664350143598,0.762576268975239,3.17575086368872,3.17575086368872,1.29047533531309,0.514358219164898,1.53566730324651,1.29047533531309,0.99116130085636,1.53595895802446,3.24655743035332,0.790234696842327,0.791201990838222,0.492700609616082,1.53595895802446,0.791201990838222,1.53595895802446,0.178190423908995,0.791201990838222,1.53595895802446,1.53595895802446,1.53595895802446,0.144165312505428,0.791201990838222,1.53595895802446,1.53595895802446,1.53595895802446,1.53595895802446,0.790234696842327
1.63404001967481,0.685229162146001,1.13424353061551,1.74446600917841,0.803278393433665,2.49200714674626,2.17703740764224,2.81182924980461,1.14463971411329,0.712980991429491,1.14282229799941,2.69812214757017,3.07508517898124,2.65637524264166,0.704237582383281,0.704232360038681,0.987286131246745,1.1779240826655,2.95570224188314,1.17792408268029,0.950646897733671,0.49433332852275,0.768911715605679,3.1562542957824,3.1562542957824,1.30129281331911,0.596373892435811,1.54198763328467,1.30129281331911,0.995409914846566,1.5421669590838,3.23553436751241,0.790106463490744,0.79371972881727,0.494356390487572,1.5421669590838,0.79371972881727,1.5421669590838,0.17845701867998,0.79371972881727,1.5421669590838,1.5421669590838,1.5421669590838,0.144448072703098,0.79371972881727,1.5421669590838,1.5421669590838,1.5421669590838,1.5421669590838,0.790106463490744
1.67040115162388,0.652689611473378,1.14373196629828,1.70209400375208,0.804593483665904,2.418685866423,2.1508475938575,2.7639643372516,1.15289756703123,0.70730455388148,1.15697437147684,2.68462116243545,3.06205332709824,2.6422833068321,0.686739283003667,0.676551308953763,0.997350801033029,1.19167824412111,2.95460224898607,1.19167824411706,0.963425478450862,0.498979382128166,0.783176261339945,3.15955594784983,3.15955594784983,1.31905684450218,0.55399144688965,1.55604755362456,1.31905684450306,1.00653273521191,1.55627668577227,3.24238953582535,0.798225618566134,0.801760481262074,0.499005887382694,1.55627668577227,0.801760481262074,1.55627668577227,0.180356575202466,0.801760481262074,1.55627668577227,1.55627668577227,1.55627668577227,0.146015264682442,0.801760481262074,1.55627668577227,1.55627668577227,1.55627668577227,1.55627668577227,0.798225618566134
1.68718249722005,0.677677891360667,1.14304059414866,1.75310249522028,0.756126138174097,2.56096890930132,2.27297174766844,2.87136014648027,1.14798704395817,0.71780661895838,1.14942859206107,2.76190105056389,3.09957059052333,2.719428311541,0.73653329518705,0.683864988256781,1.00425731599816,1.18225445522143,2.98745701278753,1.18225445522129,0.977287684298019,0.500102387029089,0.778862796225382,3.17117266161982,3.17117266161982,1.30681135742687,0.591080750727546,1.56234595475205,1.30681135742687,1.00895943849934,1.5625918397901,3.24641072511351,0.801638859346676,0.803922179050705,0.500138089420929,1.5625918397901,0.803922179050705,1.5625918397901,0.180991130513025,0.803922179050705,1.5625918397901,1.5625918397901,1.5625918397901,0.146364800280317,0.803922179050705,1.5625918397901,1.5625918397901,1.5625918397901,1.5625918397901,0.801638859346676
1.60742130221614,0.672995529536189,1.12521761636655,1.65730581282462,0.754214581352203,2.50293530847315,2.18037841332373,2.84999167366874,1.13471147060979,0.712466204697352,1.13768856355578,2.66087221396256,3.09238717314972,2.62571152100119,0.688047998298749,0.679927925675499,0.98500076890534,1.16960101971044,2.98085462006371,1.16960101971309,0.943952638931643,0.496702544529008,0.766573130848111,3.18184895404042,3.18184895404042,1.30401860651872,0.526994572961956,1.54301256148853,1.30401860651748,1.00133623928427,1.54309263506901,3.25371682714546,0.795299889648422,0.798549203326798,0.496712751538766,1.54309263506901,0.798549203326798,1.54309263506901,0.17941287397253,0.798549203326798,1.54309263506901,1.54309263506901,1.54309263506901,0.145246388072611,0.798549203326798,1.54309263506901,1.54309263506901,1.54309263506901,1.54309263506901,0.795299889648422
1.60579890597326,0.640371465966574,1.11816389318294,1.64982800994074,0.754475763683667,2.46861492072784,2.16976987644777,2.81695730159351,1.12738994702976,0.713109729909513,1.12700958922617,2.62532385455106,3.04683786084314,2.58491624061822,0.730694327219143,0.703339639815703,0.995138855454835,1.16423121739765,2.94437276179615,1.16423121740093,0.95987842435675,0.496453804384625,0.77426640414146,3.13872844319275,3.13872844319275,1.30508019727311,0.605254304218939,1.55153455551484,1.30508019728167,0.998860295727852,1.55177621679664,3.22339894892664,0.795436796266959,0.797583751307668,0.496492138871221,1.55177621679664,0.797583751307668,1.55177621679664,0.179380525300694,0.797583751307668,1.55177621679664,1.55177621679664,1.55177621679664,0.145189168863338,0.797583751307668,1.55177621679664,1.55177621679664,1.55177621679664,1.55177621679664,0.795436796266959
1.67268331809809,0.614501535107873,1.11550417506031,1.81781666367656,0.772581573190025,2.52210394496355,2.28511503793897,2.86061738446123,1.13706220749706,0.704264664358066,1.13288486023259,2.77125923057057,3.10896489391155,2.73826233508765,0.647217455363449,0.632891336302042,0.983888269031009,1.17931703076566,3.03636347402232,1.17931703075536,0.922738837608526,0.495103397925694,0.762513109689134,3.19572187864178,3.19572187864178,1.31397867129297,0.508578183780468,1.54199405073446,1.31397867127664,0.99812677786522,1.54226537279391,3.25363460981595,0.792420083517312,0.796218736322158,0.49513069206098,1.54226537279391,0.796218736322158,1.54226537279391,0.179167838304355,0.796218736322158,1.54226537279391,1.54226537279391,1.54226537279391,0.145035086953931,0.796218736322158,1.54226537279391,1.54226537279391,1.54226537279391,1.54226537279391,0.792420083517312
1.66679390976242,0.602704903826857,1.11132541894028,1.67167230391825,0.751713397236344,2.40901714827445,2.14932660930831,2.74188587680371,1.12263590083868,0.691795333408571,1.12517041644601,2.67619472106795,3.05544131622051,2.63778004439684,0.654713317141713,0.636927895644589,0.981106950126552,1.16231296090461,2.94370426648716,1.16231296090229,0.935352672301823,0.493418138967862,0.771743376758336,3.15244297379341,3.15244297379341,1.28723907422527,0.543996121618623,1.54219941013507,1.28723907424006,0.993890806916906,1.54237902119239,3.22717206160163,0.788871575984634,0.794337459476238,0.493435795502297,1.54237902119239,0.794337459476238,1.54237902119239,0.178281374928638,0.794337459476238,1.54237902119239,1.54237902119239,1.54237902119239,0.144226972739292,0.794337459476238,1.54237902119239,1.54237902119239,1.54237902119239,1.54237902119239,0.788871575984634
1.56120843212599,0.637165675144559,1.12122313997917,1.66744861602801,0.786217949302183,2.40071501614657,2.1327785955504,2.77983907684154,1.13433985765753,0.707002169816539,1.12632324303273,2.6495474107052,3.05646834582768,2.60174764730963,0.733929452825512,0.660077500720631,0.995704790984,1.16859770697287,2.91057052262381,1.16859770700168,0.951464537457772,0.497844156131101,0.776887683264446,3.14683616908834,3.14683616908834,1.29288524723706,0.613020461239855,1.5450054872279,1.29288524723706,1.00570996326189,1.54508728652894,3.24516843360132,0.798060877131117,0.799926182283788,0.497856356250289,1.54508728652894,0.799926182283788,1.54508728652894,0.1798117792243,0.799926182283788,1.54508728652894,1.54508728652894,1.54508728652894,0.145513461141792,0.799926182283788,1.54508728652894,1.54508728652894,1.54508728652894,1.54508728652894,0.798060877131117
1.68354392181937,0.649741641715808,1.10999429656047,1.7303757048294,0.742444471592962,2.51034291775141,2.23392493786837,2.83649705623746,1.12242793001704,0.70742877857806,1.11445948372935,2.69978162977462,3.0792550021399,2.65908823449514,0.718638363150437,0.681324620895176,0.991474113367252,1.15550446233533,2.97240179036404,1.15550446234282,0.947551272451147,0.493805820950046,0.770799809944269,3.15132344162659,3.15132344162659,1.289169573816,0.608355135718474,1.54124955436197,1.28916957381432,0.997172457770766,1.54134100098046,3.22779603354545,0.788813965162809,0.794631649650446,0.493818332358551,1.54134100098046,0.794631649650446,1.54134100098046,0.178423842667635,0.794631649650446,1.54134100098046,1.54134100098046,1.54134100098046,0.14434980918966,0.794631649650446,1.54134100098046,1.54134100098046,1.54134100098046,1.54134100098046,0.788813965162809
1.65290374075924,0.671310785586629,1.11466408583807,1.68062990177494,0.751347104956906,2.50343541459849,2.19462142902735,2.83793210674535,1.12346897167128,0.701567314441051,1.12853917672552,2.65897647503997,3.05852911449417,2.62355843711935,0.693718952475251,0.664005230410612,0.982590560676491,1.16210949740044,2.94752951194602,1.16210949741441,0.940712156885903,0.495214575347691,0.769094410539578,3.15208637196913,3.15208637196913,1.29486672875046,0.550020337565443,1.54746376813525,1.29486672873865,0.998344336977356,1.54760539664738,3.22275310314671,0.793962280583259,0.79472340522006,0.495234248027991,1.54760539664738,0.79472340522006,1.54760539664738,0.179017988554138,0.79472340522006,1.54760539664738,1.54760539664738,1.54760539664738,0.144847043673219,0.79472340522006,1.54760539664738,1.54760539664738,1.54760539664738,1.54760539664738,0.793962280583259
1.6556080950944,0.697437076234722,1.14426442589705,1.71228799169784,0.809878129074479,2.51408869294237,2.15904990571264,2.8106334121084,1.15125527613763,0.708975561120424,1.15808372421642,2.64790977519759,3.05173825978875,2.60899858486413,0.703490973431773,0.687124413174867,0.997779807047247,1.18845439767538,2.97728073496222,1.18845439768895,0.974406407352527,0.495870572514457,0.775742556465372,3.14656907632459,3.14656907632459,1.32376049589332,0.621650492499821,1.5469564206961,1.32376049589151,0.998412959103332,1.54712327500278,3.22540171840376,0.793390318399005,0.796852967245952,0.495893941166505,1.54712327500278,0.796852967245952,1.54712327500278,0.17903414584894,0.796852967245952,1.54712327500278,1.54712327500278,1.54712327500278,0.144969958439631,0.796852967245952,1.54712327500278,1.54712327500278,1.54712327500278,1.54712327500278,0.793390318399005
1.63869729809902,0.661846022892784,1.12237793767056,1.65543800409757,0.78665844387578,2.45411278501524,2.13576434156008,2.83200233410103,1.1338674722265,0.704542569828784,1.1300996757908,2.62312344880678,3.06923441886742,2.58129040772429,0.730896016964291,0.690943675714196,0.984255296327806,1.16642765390988,2.93825703467636,1.16642765391112,0.944609801844696,0.493661087057374,0.774847709713297,3.15898720750064,3.15898720750064,1.29931797828035,0.573697942939843,1.53383766892204,1.29931797828035,0.996545551341489,1.53393756268348,3.24859517933463,0.790396766116611,0.791864686107579,0.493677155649261,1.53393756268348,0.791864686107579,1.53393756268348,0.17839183898859,0.791864686107579,1.53393756268348,1.53393756268348,1.53393756268348,0.144321650568735,0.791864686107579,1.53393756268348,1.53393756268348,1.53393756268348,1.53393756268348,0.790396766116611
1.69678969002208,0.695647307065117,1.14713395274892,1.72122948422339,0.809193050050061,2.53738937973503,2.16118581069924,2.83337481519165,1.1581105360589,0.691615446915896,1.16274143673633,2.69509963843132,3.07087084171465,2.6593536718204,0.676871753679839,0.644749193231063,0.976318103441002,1.19350727878664,2.94207738996829,1.19350727877685,0.934061451216939,0.495633093956256,0.772667705539603,3.16297421298399,3.16297421298399,1.31090810390054,0.584438808325578,1.54228811871284,1.31090810390358,0.999376570168395,1.54248969608832,3.23091799552377,0.794234164921909,0.798006935478913,0.495657981477889,1.54248969608832,0.798006935478913,1.54248969608832,0.179053486677696,0.798006935478913,1.54248969608832,1.54248969608832,1.54248969608832,0.144863955411718,0.798006935478913,1.54248969608832,1.54248969608832,1.54248969608832,1.54248969608832,0.794234164921909
1.62212802260402,0.645461018943467,1.13276733346005,1.67489253734327,0.784511448279997,2.4728518525645,2.13822192484028,2.80166279566693,1.15239781235074,0.698762658683215,1.14652838127648,2.63926427887947,3.07726998673476,2.60901270190635,0.651302107802845,0.622393220471942,0.980394993449661,1.18589839729503,2.97946072970393,1.18589839729462,0.922420116511835,0.496718141528871,0.764748262422161,3.166085415208,3.166085415208,1.32192847871835,0.550749756649923,1.55100479923954,1.32192847871236,1.00290612422821,1.55112154547901,3.22854160191106,0.794210722795323,0.798698895488108,0.496729445653761,1.55112154547901,0.798698895488108,1.55112154547901,0.179321695711985,0.798698895488108,1.55112154547901,1.55112154547901,1.55112154547901,0.1451118035893,0.798698895488108,1.55112154547901,1.55112154547901,1.55112154547901,1.55112154547901,0.794210722795323
1.6415879682886,0.661152080966885,1.13793865920832,1.67853775317022,0.768297692104692,2.48841315702652,2.19188116481669,2.82758965090494,1.15675861075644,0.700959348608416,1.15378300327731,2.70291865175801,3.0700766827337,2.66638280980086,0.677215096154772,0.639589191040396,0.990314235454459,1.19565083130169,2.98491894733558,1.19565083129965,0.93709111465298,0.49643498908547,0.769454638159568,3.16438101945957,3.16438101945957,1.32293654698665,0.562481970454602,1.5464956667039,1.32293654698665,1.0036624223968,1.54675525813219,3.23349332099645,0.796133425562231,0.797704784155715,0.496466813127628,1.54675525813219,0.797704784155715,1.54675525813219,0.179379739585033,0.797704784155715,1.54675525813219,1.54675525813219,1.54675525813219,0.145297457959738,0.797704784155715,1.54675525813219,1.54675525813219,1.54675525813219,1.54675525813219,0.796133425562231
1.55341425224856,0.626271364513222,1.12485446470803,1.58563147232962,0.76209709835401,2.39110839289635,2.10313910074514,2.78824545919978,1.13721267748792,0.709922446928767,1.13154750138562,2.60394092772583,3.05220138809771,2.56236942437739,0.725921257762188,0.668450600860314,0.989525673797122,1.1695320870547,2.90237539677292,1.16953208705853,0.943881579124995,0.497433505161247,0.774200711493183,3.14354726172833,3.14354726172833,1.2969855350366,0.559450139599935,1.55164479954932,1.2969855350366,1.00100844980016,1.55176162920447,3.23426361878971,0.794339242057927,0.797723243679001,0.497450496425031,1.55176162920447,0.797723243679001,1.55176162920447,0.179503982898646,0.797723243679001,1.55176162920447,1.55176162920447,1.55176162920447,0.145396263138004,0.797723243679001,1.55176162920447,1.55176162920447,1.55176162920447,1.55176162920447,0.794339242057927
1.67979251781026,0.609997742701858,1.10317847027877,1.64886516174014,0.718592398141394,2.42419888862765,2.18911605324683,2.76842646436115,1.11479883568126,0.6979425768552,1.11998159306516,2.71835094645934,3.0509355442065,2.67693346613034,0.658564719184611,0.693525664977599,0.978465328613143,1.15951581284148,2.94774405522919,1.15951581286759,0.931772807172148,0.489928701407279,0.767191416032789,3.15430262607467,3.15430262607467,1.27807754186082,0.537344757823168,1.53098746204179,1.2780775418497,0.987464412690935,1.53115615953995,3.23016540152364,0.786023728654922,0.789410503736053,0.489947484891002,1.53115615953995,0.789410503736053,1.53115615953995,0.17722748379505,0.789410503736053,1.53115615953995,1.53115615953995,1.53115615953995,0.143417933088487,0.789410503736053,1.53115615953995,1.53115615953995,1.53115615953995,1.53115615953995,0.786023728654922
1.63176836207667,0.658219151359181,1.13948611262503,1.64073219970906,0.728051885498461,2.48895962617939,2.22324149349968,2.84190451142504,1.15201649501856,0.712987810169936,1.15412428231951,2.71187574960289,3.08308678099895,2.67621932820543,0.681823934224383,0.66396689419622,0.992698366187321,1.1899679451483,2.99507265836638,1.18996794515245,0.949700222416166,0.497786636482202,0.770128729743562,3.16980396101304,3.16980396101304,1.32369272292693,0.501031362333349,1.55089050785817,1.32369272292744,1.00178037685384,1.55098902829662,3.23666079230394,0.795909540722525,0.798973839514344,0.497798488337289,1.55098902829662,0.798973839514344,1.55098902829662,0.179864037045857,0.798973839514344,1.55098902829662,1.55098902829662,1.55098902829662,0.145616172753586,0.798973839514344,1.55098902829662,1.55098902829662,1.55098902829662,1.55098902829662,0.795909540722525
1.72253023622119,0.670035516689226,1.12414542128276,1.77534243696075,0.776694154274952,2.50994746960537,2.22836776671724,2.82223727568532,1.12974077892249,0.705134845695659,1.13404392680907,2.71913117687115,3.08745475713025,2.68025651079074,0.686986375083999,0.674776792712559,0.986012734163414,1.16525421948078,2.97799354239085,1.16525421949781,0.956250401401601,0.49479011193042,0.774300376636407,3.165475932367,3.165475932367,1.29710670202573,0.547057114193112,1.53896858414786,1.29710670202573,0.995661377624816,1.53923925293896,3.23743012039893,0.792501140400735,0.795149744472778,0.494821632203937,1.53923925293896,0.795149744472778,1.53923925293896,0.178749686297516,0.795149744472778,1.53923925293896,1.53923925293896,1.53923925293896,0.144685500584653,0.795149744472778,1.53923925293896,1.53923925293896,1.53923925293896,1.53923925293896,0.792501140400735
1.7116429397817,0.68428669052516,1.13041699482265,1.7213636614117,0.77241718747545,2.51683329195802,2.18763019586789,2.80476347787934,1.1440184964597,0.695603908393314,1.14648795518091,2.71254145103959,3.08246148753018,2.67642470345318,0.654042211750313,0.665954284939319,0.980797623396369,1.18257720422708,2.99681864674814,1.18257720422708,0.937516387856323,0.492633596912483,0.767429040255193,3.17513583247983,3.17513583247983,1.31076390496444,0.598551102235396,1.53837496971129,1.31076390496272,0.990299275536002,1.53848333466938,3.24292239036906,0.788958581156577,0.790542111769444,0.492644748032278,1.53848333466938,0.790542111769444,1.53848333466938,0.177918760443294,0.790542111769444,1.53848333466938,1.53848333466938,1.53848333466938,0.143934488462074,0.790542111769444,1.53848333466938,1.53848333466938,1.53848333466938,1.53848333466938,0.788958581156577
1.60925904325082,0.659276909859705,1.12413507069534,1.61927075728625,0.765547861553856,2.41810363671275,2.12330339593076,2.77874524200514,1.13718465323915,0.699219436173085,1.13904559291464,2.61857612132215,3.05969656819203,2.58195730064216,0.670621215454621,0.650361477555352,0.988650291086025,1.17533717970747,2.96962222573462,1.17533717971066,0.943383698118055,0.495206158715699,0.769790153203914,3.16377543477872,3.16377543477872,1.31282209991216,0.537769187290225,1.53896720129056,1.31282209991216,0.996905436580072,1.53909553719925,3.24258295946752,0.792938615998374,0.796719150277457,0.495221128417803,1.53909553719925,0.796719150277457,1.53909553719925,0.178963732067464,0.796719150277457,1.53909553719925,1.53909553719925,1.53909553719925,0.14484945449983,0.796719150277457,1.53909553719925,1.53909553719925,1.53909553719925,1.53909553719925,0.792938615998374
1.60663470856447,0.634183193102741,1.1186636999761,1.71861933013341,0.77836638223354,2.48443877774491,2.17981102142435,2.80378667933827,1.12876880727929,0.704982048925799,1.13345925677499,2.67622607915713,3.07207551546839,2.63676788333786,0.682067182885577,0.644786053584007,0.991943190638368,1.16999951701727,2.96913176194799,1.16999951701707,0.948935209470956,0.497112663730298,0.771328277320209,3.17431869372892,3.17431869372892,1.30162535421152,0.605813438908501,1.54685825032287,1.30162535421524,1.00138984153146,1.54695728941999,3.25327027758148,0.795938743870245,0.800969177261134,0.497124901123239,1.54695728941999,0.800969177261134,1.54695728941999,0.179858848499722,0.800969177261134,1.54695728941999,1.54695728941999,1.54695728941999,0.145550590613634,0.800969177261134,1.54695728941999,1.54695728941999,1.54695728941999,1.54695728941999,0.795938743870245
1.6755173626184,0.631342243563008,1.10974618834756,1.62164081305392,0.732023682689659,2.48034821819406,2.12568221345986,2.78322746572987,1.12090408826459,0.691891410095394,1.12289604223952,2.62212410245805,3.07871602373535,2.59161710061077,0.642759511495023,0.640256637712934,0.970026214262347,1.15457896998718,2.94389933503339,1.15457896997824,0.917578115532737,0.493116403071388,0.768840659739857,3.16927003052127,3.16927003052127,1.28625425933904,0.555969376811323,1.53979602940704,1.28625425935143,0.995443429267493,1.54004996492188,3.23417388769581,0.790013130423763,0.791805323613195,0.493139858235914,1.54004996492188,0.791805323613195,1.54004996492188,0.178308264249061,0.791805323613195,1.54004996492188,1.54004996492188,1.54004996492188,0.144355657701508,0.791805323613195,1.54004996492188,1.54004996492188,1.54004996492188,1.54004996492188,0.790013130423763
1.54495285327679,0.617277097880678,1.10661096330697,1.59535875853847,0.728959422886758,2.40484322135704,2.14029180394682,2.78054968672033,1.11980718218534,0.70156860560008,1.12499623285802,2.65120930009263,3.05066496457816,2.61647698618522,0.650667559961228,0.650737582298996,0.973391120265852,1.16218849456088,2.927977884616,1.16218849455841,0.920180638655674,0.494598991188351,0.760255670530149,3.16240517209459,3.16240517209459,1.28637082306389,0.495326297592478,1.54588744896934,1.28637082306389,0.99641202928625,1.54600379932772,3.23309088430208,0.791695386787819,0.79611871050897,0.494611705326331,1.54600379932772,0.79611871050897,1.54600379932772,0.178675301111014,0.79611871050897,1.54600379932772,1.54600379932772,1.54600379932772,0.144575076077369,0.79611871050897,1.54600379932772,1.54600379932772,1.54600379932772,1.54600379932772,0.791695386787819
1.67540176912805,0.681538186885618,1.12086876061622,1.79278160770831,0.773920375689662,2.57006482590731,2.26033971250791,2.87078067157819,1.13542326772413,0.700448717859015,1.14078495190594,2.74804307649359,3.09435162116779,2.71618069463282,0.649518457648687,0.637554606214101,0.978177034484974,1.17783760863981,3.00231165444767,1.17783760863162,0.923689515292367,0.49499094502001,0.762216680962761,3.18750973992148,3.18750973992148,1.3046605267259,0.542783322342347,1.54301814132083,1.30466052671895,0.998943304072052,1.54336687661874,3.24465212265365,0.793086719878771,0.796340275314905,0.495029671140587,1.54336687661874,0.796340275314905,1.54336687661874,0.179085209812066,0.796340275314905,1.54336687661874,1.54336687661874,1.54336687661874,0.144984368624764,0.796340275314905,1.54336687661874,1.54336687661874,1.54336687661874,1.54336687661874,0.793086719878771
1.62686376668642,0.631424715531984,1.11179137949168,1.68283068901642,0.772241849139937,2.44136895347261,2.15411105058406,2.79488530569464,1.12732481717255,0.696664476176691,1.12369530354053,2.64315536121493,3.05620783624983,2.60689172432017,0.672687670884319,0.658745971744448,0.975311693349213,1.16279877395814,2.96019439055832,1.1627987739636,0.926729757135349,0.488427770972443,0.759378451050575,3.14553814384496,3.14553814384496,1.29822537159607,0.535320499205971,1.52811318659144,1.2982253716069,0.986534269980745,1.52831768990958,3.21846845752101,0.782160606825494,0.784139965569202,0.488451914930179,1.52831768990958,0.784139965569202,1.52831768990958,0.176462613604335,0.784139965569202,1.52831768990958,1.52831768990958,1.52831768990958,0.142868736173808,0.784139965569202,1.52831768990958,1.52831768990958,1.52831768990958,1.52831768990958,0.782160606825494
1.66885415717557,0.657944929830566,1.11246971528838,1.78239779157553,0.777170949078986,2.54754600948527,2.22821534744817,2.86055869709186,1.12734191538885,0.704947656787691,1.1205587740661,2.67866416753791,3.09128714580738,2.64638069865598,0.690250326415305,0.644613953391249,0.980569793204502,1.15899842575823,2.98252497403629,1.15899842574004,0.930245783403298,0.495220154934505,0.7663973985134,3.16284272639655,3.16284272639655,1.2998182911379,0.576021544432164,1.54762561224292,1.29981829113177,0.99839074040436,1.54774654773364,3.22552709789705,0.792902813214657,0.794747830739884,0.495234639592221,1.54774654773364,0.794747830739884,1.54774654773364,0.178901072593729,0.794747830739884,1.54774654773364,1.54774654773364,1.54774654773364,0.1447435813038,0.794747830739884,1.54774654773364,1.54774654773364,1.54774654773364,1.54774654773364,0.792902813214657
1.72436845568126,0.687383841897214,1.13656058270282,1.80001833674336,0.787476020626504,2.57625910498896,2.26791655395864,2.87525482575578,1.14946306529474,0.711206849099153,1.15060054978794,2.78805050898668,3.09710975144049,2.7454814431091,0.702874517196222,0.710272653526835,0.99156349479302,1.18913527669909,3.00262564401067,1.18913527669619,0.949607455060511,0.495061933823883,0.774346096945124,3.18293999575595,3.18293999575595,1.30603691634168,0.617678282724143,1.53640954375054,1.30603691633916,0.996964281316501,1.53649249958034,3.2558521111694,0.792788732622755,0.794229059459594,0.495073752217607,1.53649249958034,0.794229059459594,1.53649249958034,0.178828414340557,0.794229059459594,1.53649249958034,1.53649249958034,1.53649249958034,0.144726577381145,0.794229059459594,1.53649249958034,1.53649249958034,1.53649249958034,1.53649249958034,0.792788732622755
1.63425547695709,0.665279731549713,1.11363614170956,1.73834814110658,0.778087708717686,2.48982114225818,2.21168338055638,2.84777603878664,1.13061049025728,0.703054955849575,1.12790276630229,2.69517311945176,3.06171213725999,2.66084940568941,0.680609776714107,0.66149339109166,0.976066251378041,1.16855602792792,2.95012507671054,1.16855602792642,0.919244461030967,0.492645163920081,0.762510470761215,3.15013497402822,3.15013497402822,1.29258325553972,0.51673678451556,1.54011511522824,1.29258325553956,0.993388213564064,1.54026826722947,3.21437675944987,0.789420677838676,0.792579296562506,0.492665268275068,1.54026826722947,0.792579296562506,1.54026826722947,0.178025605904656,0.792579296562506,1.54026826722947,1.54026826722947,1.54026826722947,0.144090441517091,0.792579296562506,1.54026826722947,1.54026826722947,1.54026826722947,1.54026826722947,0.789420677838676
1.68681048218758,0.641663355679708,1.13315373903242,1.69908828173196,0.772894792080434,2.51178574491256,2.16776877597008,2.81398982065735,1.14677739102439,0.698132491885944,1.14351592320951,2.66106256170696,3.09557157200288,2.62852806104273,0.665206678401707,0.631624696691286,0.983569242838474,1.17786199635461,2.99938676756452,1.17786199635419,0.940408488573383,0.495650742873693,0.768829144779653,3.17333367440218,3.17333367440218,1.31776315357374,0.570417857361346,1.54564898925965,1.31776315357374,0.99801178993949,1.54577936987376,3.23897103475926,0.793132206736761,0.796138502107857,0.495663734078322,1.54577936987376,0.796138502107857,1.54577936987376,0.179004115147527,0.796138502107857,1.54577936987376,1.54577936987376,1.54577936987376,0.144831910496214,0.796138502107857,1.54577936987376,1.54577936987376,1.54577936987376,1.54577936987376,0.793132206736761
1.72327288994753,0.695863642498076,1.138580241832,1.7720851179541,0.799505813604772,2.51313767464186,2.21429109187807,2.84253528516662,1.15336910925381,0.702075360966782,1.14913339288825,2.72899167801053,3.10023411308232,2.69359636227312,0.676419716194599,0.651251849125835,0.984481864169391,1.1855798487564,2.986486724166,1.18557984878224,0.935420761833722,0.495220324221144,0.77336635099882,3.17471931967369,3.17471931967369,1.30941120619724,0.525481650698794,1.5439190875559,1.30941120619724,0.997694244990921,1.54404289130034,3.23947916839848,0.793080017262698,0.798013601846406,0.495233776020084,1.54404289130034,0.798013601846406,1.54404289130034,0.179105825388105,0.798013601846406,1.54404289130034,1.54404289130034,1.54404289130034,0.145006399386764,0.798013601846406,1.54404289130034,1.54404289130034,1.54404289130034,1.54404289130034,0.793080017262698
1.70663410418169,0.648042922313675,1.1358835620493,1.688417337118,0.771418852725156,2.47610751116033,2.17697070028336,2.81474271310159,1.15600375130326,0.704906316913104,1.1482631498413,2.68558759139692,3.07914988925255,2.65258664381695,0.664217648837576,0.678949503201559,0.981899896592145,1.18949291625374,2.97303153128536,1.18949291625292,0.924679425083994,0.495793923536401,0.772801162785826,3.1608140107326,3.1608140107326,1.31971664408808,0.534210141267802,1.5473939609641,1.31971664408808,0.999352082749865,1.54750475944633,3.22422647348073,0.793967464603964,0.797343424998605,0.495805385577471,1.54750475944633,0.797343424998605,1.54750475944633,0.179103485871726,0.797343424998605,1.54750475944633,1.54750475944633,1.54750475944633,0.145006894755954,0.797343424998605,1.54750475944633,1.54750475944633,1.54750475944633,1.54750475944633,0.793967464603964
1.69777530338818,0.628803297762775,1.11869290603839,1.72379747686663,0.722302890433571,2.52395293274509,2.24999119453003,2.83492215680169,1.13279753428957,0.703432041656796,1.12963171646593,2.74611891499993,3.09515201919226,2.71280186691954,0.6585967900901,0.659672782444787,0.97466861715738,1.16664726500398,2.98231163275431,1.16664726500811,0.924324975348516,0.493461545127323,0.7620616622844,3.16592932187562,3.16592932187562,1.29244793479846,0.515227980643401,1.53679584896126,1.29244793479846,0.995806427169663,1.53695429584689,3.22445797232668,0.788270240568694,0.793572384505213,0.493477046238041,1.53695429584689,0.793572384505213,1.53695429584689,0.178225683668304,0.793572384505213,1.53695429584689,1.53695429584689,1.53695429584689,0.144226332974061,0.793572384505213,1.53695429584689,1.53695429584689,1.53695429584689,1.53695429584689,0.788270240568694
1.69051991097466,0.637540326799567,1.11349132759448,1.80810398313698,0.772270038334402,2.55711987807422,2.25821382268862,2.86433836588624,1.13178642719879,0.695416307129804,1.13081291123266,2.76725495018686,3.11146783860967,2.73505398656907,0.641966465498673,0.619455760158746,0.974053185913781,1.1716720989105,3.00474285337392,1.1716720989204,0.912449197671353,0.494703919584548,0.762248577611742,3.1990702198507,3.1990702198507,1.29243667931772,0.543015223741827,1.53792186424201,1.29243667932947,0.999653227866306,1.53807518742767,3.25588847935754,0.79333015235821,0.794454594889224,0.494719126161458,1.53807518742767,0.794454594889224,1.53807518742767,0.178849088904988,0.794454594889224,1.53807518742767,1.53807518742767,1.53807518742767,0.144818680042117,0.794454594889224,1.53807518742767,1.53807518742767,1.53807518742767,1.53807518742767,0.79333015235821
1.69080610247348,0.693924367429666,1.13577210339749,1.70162216867197,0.754528256058944,2.54835343211427,2.22494138145312,2.86996870554024,1.14741099049737,0.707176010713292,1.15064347297469,2.72290804492981,3.10197066034183,2.68987321371265,0.670597087000643,0.669005747152565,0.982934127051899,1.18297706136603,2.9979929162259,1.18297706135534,0.935841054271976,0.496600273184384,0.767804136524369,3.18560244176589,3.18560244176589,1.30881209467469,0.514630167138975,1.54255466004979,1.30881209466398,1.00071847364784,1.54266092526699,3.24722361280331,0.793777930384557,0.797709486820889,0.496612593192124,1.54266092526699,0.797709486820889,1.54266092526699,0.179407075321788,0.797709486820889,1.54266092526699,1.54266092526699,1.54266092526699,0.145206397678945,0.797709486820889,1.54266092526699,1.54266092526699,1.54266092526699,1.54266092526699,0.793777930384557
1.74826647476024,0.661667030054581,1.12038754044213,1.79669882711017,0.782182820070854,2.5281332680128,2.24336144500502,2.82225294783383,1.13423262483811,0.699008590869863,1.13566967285687,2.7292325130584,3.07339116511445,2.69044987015571,0.675281310969443,0.679589009133622,0.991203078546066,1.17641472577446,3.00630358796066,1.1764147257702,0.948505395921537,0.492750688828159,0.772589841104192,3.16381327401034,3.16381327401034,1.31236908256823,0.61769720878908,1.53694141504423,1.31236908256351,0.993384844625078,1.53715464948062,3.23431417264095,0.788912834497865,0.792299158959552,0.492776257362593,1.53715464948062,0.792299158959552,1.53715464948062,0.17809205692376,0.792299158959552,1.53715464948062,1.53715464948062,1.53715464948062,0.144123033309968,0.792299158959552,1.53715464948062,1.53715464948062,1.53715464948062,1.53715464948062,0.788912834497865
1.69402455946406,0.66829568936078,1.13145730943084,1.70210788821282,0.776954589934011,2.494124946286,2.20152352136666,2.82645697011457,1.13927796027842,0.711035114778709,1.14358612970731,2.67595256112519,3.06359844413313,2.63198398887722,0.7274183881176,0.697633699187719,1.00680721959037,1.18032168188899,2.98235846597974,1.18032168190707,0.978028046073568,0.500047716688898,0.787986356996839,3.16212136622021,3.16212136622021,1.31945735099012,0.62417837706321,1.55197592047429,1.3194573509921,1.00848015037638,1.55211199588686,3.24992965206909,0.800152897885237,0.803757349786593,0.500069230904089,1.55211199588686,0.803757349786593,1.55211199588686,0.180541323140636,0.803757349786593,1.55211199588686,1.55211199588686,1.55211199588686,0.146111810701736,0.803757349786593,1.55211199588686,1.55211199588686,1.55211199588686,1.55211199588686,0.800152897885237
1.74676418560663,0.647391298990139,1.1197903922743,1.86697116817385,0.776382661506431,2.5583121470914,2.30799941526652,2.83448630498767,1.12775722094292,0.711672009645138,1.13447993606601,2.80635664913483,3.09385363733607,2.7612270828819,0.688974932234806,0.708483660924246,1.00332844321261,1.17480136659873,3.02800192499315,1.17480136660045,0.97134652357997,0.495888033669412,0.777697458173784,3.18349170111104,3.18349170111104,1.30356884393322,0.650934805854743,1.54359141099595,1.30356884393322,0.997521830473925,1.54384091456769,3.25933346285583,0.793473139397781,0.797142286382944,0.49591899290372,1.54384091456769,0.797142286382944,1.54384091456769,0.179184527514128,0.797142286382944,1.54384091456769,1.54384091456769,1.54384091456769,0.145107157007616,0.797142286382944,1.54384091456769,1.54384091456769,1.54384091456769,1.54384091456769,0.793473139397781
1.60029402903621,0.636143902788423,1.12326690763952,1.72963136888783,0.774058201767968,2.43195309376362,2.17953060444809,2.7451352260841,1.13502446171519,0.707351670018548,1.13267644388873,2.70382446810691,3.04104096634629,2.65811955381075,0.695535109757419,0.669637910592218,0.997984618413189,1.17475442898327,2.93047610229153,1.17475442898385,0.955826370462228,0.496259553619999,0.771043811327893,3.13037284059202,3.13037284059202,1.29811666770552,0.637831693064468,1.54804175717812,1.29811666770528,1.00164321657377,1.54814231892161,3.21471978954868,0.794998392396213,0.797547049578245,0.496271586808809,1.54814231892161,0.797547049578245,1.54814231892161,0.179104616734825,0.797547049578245,1.54814231892161,1.54814231892161,1.54814231892161,0.145023039043866,0.797547049578245,1.54814231892161,1.54814231892161,1.54814231892161,1.54814231892161,0.794998392396213
1.61544182779066,0.619445353244673,1.11911462918803,1.61402237373275,0.742530373218783,2.40293149608973,2.14855410195177,2.77193470587354,1.13680361392928,0.702101114704183,1.13176271926045,2.68465029096527,3.04740843005064,2.64020000482872,0.690685282740909,0.679824506187892,0.986515566123132,1.17689072948321,2.93158328292543,1.17689072948939,0.934000727709361,0.493098230444705,0.771022572226315,3.14923577286066,3.14923577286066,1.29739046207564,0.581564951632805,1.53812533426793,1.29739046206591,0.992364483882396,1.53827511832112,3.23512147923779,0.790912573263986,0.791424858611158,0.493117662241958,1.53827511832112,0.791424858611158,1.53827511832112,0.178234518385858,0.791424858611158,1.53827511832112,1.53827511832112,1.53827511832112,0.144241013284994,0.791424858611158,1.53827511832112,1.53827511832112,1.53827511832112,1.53827511832112,0.790912573263986
1.58361554533978,0.655181459798467,1.116593503736,1.64167558129402,0.735863040066894,2.47928070931317,2.18561218129013,2.83257527916657,1.13559336543958,0.69722101691147,1.13009159117304,2.66413664427624,3.0693487811558,2.63003447598322,0.672521067547978,0.613103319818264,0.977817574661423,1.17172229649804,2.97752423602195,1.17172229650882,0.922424699363509,0.49134460334746,0.757070286958822,3.15773934885756,3.15773934885756,1.30817512869372,0.534195505962006,1.53040161794715,1.30817512869705,0.993248078877813,1.53060854136118,3.2248721843603,0.788263272651734,0.791363179133439,0.491369872835993,1.53060854136118,0.791363179133439,1.53060854136118,0.177659421231193,0.791363179133439,1.53060854136118,1.53060854136118,1.53060854136118,0.143828544064498,0.791363179133439,1.53060854136118,1.53060854136118,1.53060854136118,1.53060854136118,0.788263272651734
1.59446607792308,0.645640269375437,1.14111201647666,1.58336484597338,0.761521798716135,2.46703983380834,2.11937128137652,2.82669229542264,1.15432429070495,0.699598410414443,1.15552914557472,2.64698778776981,3.06897170487617,2.61079692731508,0.683449578146374,0.642769341946403,0.978877983139976,1.18863531404138,2.94504807910124,1.18863531403788,0.931486451886307,0.493414148459472,0.766216219105076,3.16713499534716,3.16713499534716,1.30972824478294,0.530344200418693,1.53946060997879,1.30972824478947,0.993475175080109,1.53959426021968,3.24178239397307,0.790571966972016,0.79436142755521,0.49343165492834,1.53959426021968,0.79436142755521,1.53959426021968,0.178606074602365,0.79436142755521,1.53959426021968,1.53959426021968,1.53959426021968,0.144491474217421,0.79436142755521,1.53959426021968,1.53959426021968,1.53959426021968,1.53959426021968,0.790571966972016
1.6424059217585,0.687419668330459,1.13035629260344,1.57765437720159,0.761656259654838,2.41047221343357,2.09569114275393,2.78157526113546,1.14477032326745,0.693566483748486,1.14209650067932,2.60331515716068,3.06031742525525,2.56531648716603,0.685311282937149,0.65532921099789,0.982427941750679,1.1786436936999,2.94691373088793,1.17864369370295,0.93721106959195,0.492767909263076,0.774028799881918,3.15816393795918,3.15816393795918,1.31296473050445,0.548513222835511,1.53502977101432,1.31296473050173,0.991783728327064,1.53514890889168,3.24138033075626,0.787830660548926,0.794250850738314,0.492782732060731,1.53514890889168,0.794250850738314,1.53514890889168,0.178238664944367,0.794250850738314,1.53514890889168,1.53514890889168,1.53514890889168,0.144226013895002,0.794250850738314,1.53514890889168,1.53514890889168,1.53514890889168,1.53514890889168,0.787830660548926
1.7348330332213,0.664668835087008,1.13329703254927,1.74354364111116,0.767732691041756,2.55373137337572,2.24046947798263,2.87383483838306,1.14874933753549,0.694816250497387,1.14451187801649,2.72670272172661,3.09286143169306,2.69175818695576,0.690526456705813,0.636411300335766,0.983522464845598,1.18193307918517,2.99401291905591,1.18193307917548,0.934845309781152,0.493098109280173,0.768072691551607,3.16710041564036,3.16710041564036,1.30997310059197,0.547011861802585,1.53533219539992,1.3099731005808,0.997671833257091,1.53548630145427,3.23060477300399,0.790967599024631,0.79389745097748,0.493117780250498,1.53548630145427,0.79389745097748,1.53548630145427,0.178395208428405,0.79389745097748,1.53548630145427,1.53548630145427,1.53548630145427,0.144395371420446,0.79389745097748,1.53548630145427,1.53548630145427,1.53548630145427,1.53548630145427,0.790967599024631
1.64432959007024,0.660300981216491,1.12687954332177,1.69700531908588,0.771358940921761,2.50637874515878,2.18640609423957,2.83882920100435,1.13916656334614,0.715135092275993,1.13396001559273,2.66405541321415,3.09139864807285,2.62347915584778,0.721210538473795,0.700923042970857,0.998659896341061,1.17250019960747,2.98564841216713,1.17250019960056,0.958303974343897,0.497458463279868,0.777635776675363,3.17435579545186,3.17435579545186,1.31101398599969,0.627700458017206,1.54849378845797,1.31101398599989,1.00301972285343,1.54858705029059,3.25738139781545,0.79893046556623,0.800570837175087,0.4974716100615,1.54858705029059,0.800570837175087,1.54858705029059,0.179955191331795,0.800570837175087,1.54858705029059,1.54858705029059,1.54858705029059,0.145662810879002,0.800570837175087,1.54858705029059,1.54858705029059,1.54858705029059,1.54858705029059,0.79893046556623
1.68125494659299,0.678807327021773,1.12074417771084,1.77846120875068,0.7533210635251,2.58026857268899,2.28714853825116,2.90305139966641,1.13854259590006,0.70684851348664,1.12993315542454,2.75680726823936,3.10174001856384,2.72128052892494,0.703324367977705,0.675194533441473,0.978110305408222,1.17157201725607,3.00751534515891,1.17157201724563,0.927893405686409,0.490212037106611,0.758650663464462,3.17013787677594,3.17013787677594,1.30117898317378,0.553628569566357,1.53310809942576,1.30117898317378,0.990876919275226,1.53328156185343,3.23208037234038,0.785327321037767,0.78712461653413,0.490236042687893,1.53328156185343,0.78712461653413,1.53328156185343,0.177236871354562,0.78712461653413,1.53328156185343,1.53328156185343,1.53328156185343,0.143477674308415,0.78712461653413,1.53328156185343,1.53328156185343,1.53328156185343,1.53328156185343,0.785327321037767
1.71638185343507,0.652865267675603,1.13830946634492,1.76851506013477,0.753934248520076,2.56360147217277,2.28015968122593,2.85109628931152,1.14805241486216,0.713208515714831,1.15036296724666,2.77047102536009,3.08754676137657,2.7280915830748,0.702704982531732,0.712659408029261,0.999251269723728,1.1870445383018,3.01452137142656,1.18704453828029,0.969511185696472,0.493853921849582,0.769488920544609,3.16613407141121,3.16613407141121,1.31807430600468,0.611592629444969,1.53469226971728,1.31807430599779,0.995146238525353,1.53485686649454,3.23916986489118,0.791919363052398,0.794326446970384,0.493875969556134,1.53485686649454,0.794326446970384,1.53485686649454,0.178478762867529,0.794326446970384,1.53485686649454,1.53485686649454,1.53485686649454,0.144568614995423,0.794326446970384,1.53485686649454,1.53485686649454,1.53485686649454,1.53485686649454,0.791919363052398
1.56672206359875,0.657095577276746,1.10090656487173,1.64804520722017,0.753733637735744,2.45200660277165,2.14667908517242,2.81309499489322,1.11819748815922,0.699094259288933,1.1174949278881,2.6121886832642,3.06433716911427,2.58067258653477,0.658490205562149,0.619363758792604,0.98144444975962,1.15844876921698,2.95379577268999,1.15844876921978,0.917265854589177,0.496445614632084,0.765152825568717,3.17255905515514,3.17255905515514,1.29514494198176,0.547750348077637,1.548148317994,1.29514494200188,1.00075334958106,1.54829451671382,3.24141323750869,0.796704655431513,0.797045090710423,0.496462578209442,1.54829451671382,0.797045090710423,1.54829451671382,0.179573185315965,0.797045090710423,1.54829451671382,1.54829451671382,1.54829451671382,0.145302790139819,0.797045090710423,1.54829451671382,1.54829451671382,1.54829451671382,1.54829451671382,0.796704655431513
1.65497428935779,0.632155348054711,1.11381189222869,1.66964338154199,0.730642422039649,2.5140071371364,2.19954139203815,2.83023893469664,1.12452526708032,0.695441612699315,1.12796525032549,2.66311463496695,3.07998681505614,2.63119041251813,0.659257721996988,0.616990695248661,0.977727335554825,1.16057497918508,2.98746596875036,1.16057497918431,0.933539191452489,0.49255452819657,0.763672035923048,3.16542124623159,3.16542124623159,1.30146272132902,0.524222666451991,1.53045256900239,1.30146272132902,0.995967162357587,1.53057147137412,3.22870378311521,0.788972414524402,0.793322206919806,0.492567516230278,1.53057147137412,0.793322206919806,1.53057147137412,0.17815248348566,0.793322206919806,1.53057147137412,1.53057147137412,1.53057147137412,0.144189992881644,0.793322206919806,1.53057147137412,1.53057147137412,1.53057147137412,1.53057147137412,0.788972414524402
1.6002636017596,0.704192989559537,1.13794774077912,1.57295968142426,0.775858131160923,2.40781959034509,2.08188805742965,2.76375616949817,1.15291388570077,0.702309520015903,1.15266474802499,2.59714884350445,3.02451505157492,2.557301668783,0.694093871449531,0.681557333696472,0.987061628060064,1.19070325810898,2.92726805664304,1.19070325814914,0.944845642742939,0.494425935566896,0.775527260277416,3.13495249059977,3.13495249059977,1.32120828621272,0.597825754167279,1.54322893880611,1.32120828620653,0.995134351300114,1.54339007258111,3.22155925680185,0.791097823999687,0.795067876403045,0.4944482656725,1.54339007258111,0.795067876403045,1.54339007258111,0.178599658922438,0.795067876403045,1.54339007258111,1.54339007258111,1.54339007258111,0.144506941036316,0.795067876403045,1.54339007258111,1.54339007258111,1.54339007258111,1.54339007258111,0.791097823999687
1.59497356628526,0.696727352782314,1.14939956219594,1.66138734255635,0.789603604674849,2.50242357886185,2.15606439830556,2.83934656933843,1.16100599570777,0.711594955284289,1.15963388341533,2.6510258623391,3.0807678351872,2.61180416031178,0.721976680150027,0.649987863299647,0.998454163249425,1.19433603559989,2.96908765476394,1.19433603561512,0.96082008910563,0.500509597726876,0.77653791041222,3.16957028290917,3.16957028290917,1.3285279095915,0.603297781601398,1.55560014521396,1.32852790959923,1.01070574455286,1.55576740153705,3.25108328272524,0.800014569040095,0.804349304357546,0.500533952982877,1.55576740153705,0.804349304357546,1.55576740153705,0.180968268878104,0.804349304357546,1.55576740153705,1.55576740153705,1.55576740153705,0.146499992078708,0.804349304357546,1.55576740153705,1.55576740153705,1.55576740153705,1.55576740153705,0.800014569040095
1.52882463751492,0.634619036480747,1.1128467853624,1.58655413822214,0.729375813516595,2.35017454180938,2.11822306919275,2.72260422106698,1.13051472592465,0.699391384910725,1.12579070086217,2.66165970224123,3.03256212617265,2.6213278935067,0.664171006015888,0.624145763970774,0.97889996822319,1.16993431138512,2.8968414379454,1.16993431138407,0.92349249051966,0.494094752844057,0.763744847345718,3.13336462419349,3.13336462419349,1.28867696968611,0.538436398520111,1.5458437942936,1.28867696968611,0.996917591459038,1.54604054004387,3.21218400241092,0.791820230705593,0.795200108266202,0.494115379049096,1.54604054004387,0.795200108266202,1.54604054004387,0.178536562346855,0.795200108266202,1.54604054004387,1.54604054004387,1.54604054004387,0.144525129092781,0.795200108266202,1.54604054004387,1.54604054004387,1.54604054004387,1.54604054004387,0.791820230705593
1.72281768218529,0.679957560540377,1.12990117051286,1.74461408903844,0.748991735052804,2.5472546570727,2.25394982483911,2.84866101017955,1.1418226519119,0.70682869656062,1.14483958754189,2.74265808006886,3.10288610074222,2.70854979714458,0.660272945119417,0.676473600457609,0.98682288453665,1.17952530705199,3.0289947648346,1.17952530704421,0.946571443300852,0.494499458047933,0.767722586313198,3.18386547417772,3.18386547417772,1.31486428893336,0.534822238836135,1.53655970786903,1.31486428893336,0.993979286825134,1.53675331652772,3.24568281530525,0.792136316146617,0.794157268564774,0.494519801573877,1.53675331652772,0.794157268564774,1.53675331652772,0.178677702590092,0.794157268564774,1.53675331652772,1.53675331652772,1.53675331652772,0.144539654255416,0.794157268564774,1.53675331652772,1.53675331652772,1.53675331652772,1.53675331652772,0.792136316146617
1.65062177562551,0.698447976748889,1.15396947058492,1.65068671994004,0.783712139362109,2.46387050387706,2.14408507540991,2.77313336528379,1.16488197720238,0.699432402405806,1.17400172690752,2.69742986079162,3.05667956784499,2.65662655067416,0.669934456903235,0.645514932730029,0.996093844426652,1.20806012968894,2.95963062899546,1.2080601296871,0.957370383565281,0.500082133937804,0.781847914171826,3.16998979333294,3.16998979333294,1.32911064378458,0.600157281851545,1.55440928132788,1.32911064379126,1.00662662126435,1.5545964238247,3.24907858389111,0.801961353057777,0.803054948104726,0.500103817475517,1.5545964238247,0.803054948104726,1.5545964238247,0.180785926348429,0.803054948104726,1.5545964238247,1.5545964238247,1.5545964238247,0.146345278245992,0.803054948104726,1.5545964238247,1.5545964238247,1.5545964238247,1.5545964238247,0.801961353057777
1.71032017266587,0.649198204455446,1.13092433424983,1.74490777848637,0.754206713140026,2.5455633741263,2.25931668380782,2.86891695076163,1.14137671570304,0.708380012228558,1.14097669283964,2.76000440815766,3.10390591852532,2.71955756286463,0.702988506646367,0.692318356894606,0.987831749387539,1.17678101813966,2.99757710384072,1.17678101814082,0.950358405161859,0.493924361873062,0.770309463884435,3.18063941157117,3.18063941157117,1.30185046470649,0.557246337849355,1.53866855961841,1.30185046471008,0.99817667022357,1.53879594855571,3.25233684217431,0.792638545038606,0.793442932691587,0.493941227003925,1.53879594855571,0.793442932691587,1.53879594855571,0.178612678622237,0.793442932691587,1.53879594855571,1.53879594855571,1.53879594855571,0.144634976554865,0.793442932691587,1.53879594855571,1.53879594855571,1.53879594855571,1.53879594855571,0.792638545038606
1.67768063880445,0.655309949484268,1.11214321775648,1.70088039459495,0.731793986961572,2.48453695464783,2.23971010393114,2.82135728573586,1.12765303466289,0.696785702433255,1.12579754570129,2.72731922343546,3.07049330592737,2.68568787574651,0.685901816271095,0.653789257286655,0.990465918049284,1.16984898670712,2.99872340264577,1.16984898670221,0.94497246530312,0.492142905335207,0.766355850957771,3.16193311513632,3.16193311513632,1.30405405852732,0.57613596183264,1.5298750528121,1.30405405852808,0.993239774203843,1.52999351830301,3.23772496614464,0.78865260387846,0.791135661525252,0.492158225353524,1.52999351830301,0.791135661525252,1.52999351830301,0.17773894548013,0.791135661525252,1.52999351830301,1.52999351830301,1.52999351830301,0.143860633084574,0.791135661525252,1.52999351830301,1.52999351830301,1.52999351830301,1.52999351830301,0.78865260387846
1.73364491833243,0.656989281156412,1.14454165485715,1.71791860672862,0.749081949150602,2.51571997335521,2.24152498574913,2.8272826573405,1.16317527763517,0.707626416802479,1.15735703336074,2.7621655125569,3.09272639719933,2.72516693252087,0.673337219990436,0.664312034468311,0.997161424397411,1.19990489997987,3.00757391477731,1.19990489997832,0.945308668791987,0.498659974277477,0.778163366540871,3.17135407248952,3.17135407248952,1.32427315437019,0.569119374966016,1.55191749278951,1.32427315437019,1.00462160290495,1.55207519621982,3.23605582924883,0.798809120072719,0.800994314225243,0.498676612027949,1.55207519621982,0.800994314225243,1.55207519621982,0.180022237842614,0.800994314225243,1.55207519621982,1.55207519621982,1.55207519621982,0.145735176146002,0.800994314225243,1.55207519621982,1.55207519621982,1.55207519621982,1.55207519621982,0.798809120072719
1.70761822752634,0.609082181864112,1.12727510522238,1.79037693617103,0.767486311373928,2.52310412319487,2.26877285258474,2.82966401430858,1.13517995156604,0.706802277785589,1.14466906090811,2.73592250774663,3.08954799740596,2.70078730844527,0.664272349471332,0.640234773287051,0.999590215090766,1.17877081149824,3.02935099274606,1.17877081150843,0.968078282518257,0.499392048484512,0.773272679173831,3.17901455679302,3.17901455679302,1.3231855825195,0.532745507024821,1.55410409245972,1.32318558251855,1.00872391419568,1.55422983341041,3.24318831381578,0.801039457312401,0.804053248716215,0.499405414390926,1.55422983341041,0.804053248716215,1.55422983341041,0.180566329631201,0.804053248716215,1.55422983341041,1.55422983341041,1.55422983341041,0.146224756892276,0.804053248716215,1.55422983341041,1.55422983341041,1.55422983341041,1.55422983341041,0.801039457312401
1.64632605312465,0.680681613851944,1.11944621851616,1.76662158413441,0.767828371605772,2.54167457945557,2.23630262700099,2.82881993637466,1.12638651932745,0.707609377624321,1.13288107955298,2.73027891722143,3.06284387766929,2.68693741056795,0.703827854722855,0.69284838690855,0.989569078968016,1.1680816512807,2.95787992649753,1.16808165127586,0.953680765767267,0.494007047839781,0.766317154976144,3.15430454111918,3.15430454111918,1.29155688541824,0.64323595445735,1.53388260186655,1.29155688541824,0.993582162676164,1.5340880362688,3.2327562129505,0.790786067184735,0.791839290056926,0.494036616094957,1.5340880362688,0.791839290056926,1.5340880362688,0.178335821928421,0.791839290056926,1.5340880362688,1.5340880362688,1.5340880362688,0.14433148503773,0.791839290056926,1.5340880362688,1.5340880362688,1.5340880362688,1.5340880362688,0.790786067184735
1.71397185956176,0.637376709870592,1.11483329211121,1.73633278155035,0.756865399494407,2.52633791840786,2.22353621357517,2.86249384493454,1.12711986333557,0.703817285910509,1.12577937281927,2.69991948726378,3.1120624108884,2.66797058321617,0.66828928539048,0.668171654628698,0.978527553807875,1.15996708151838,2.99114687936069,1.15996708151913,0.926676694835132,0.495793964927347,0.768889688743335,3.18878259314245,3.18878259314245,1.29191740732567,0.502193852431422,1.540309657006,1.29191740732565,0.998468831223858,1.54047146855499,3.25040798067311,0.794105284970831,0.796413841999232,0.49581133975891,1.54047146855499,0.796413841999232,1.54047146855499,0.17920739779296,0.796413841999232,1.54047146855499,1.54047146855499,1.54047146855499,0.145016571413282,0.796413841999232,1.54047146855499,1.54047146855499,1.54047146855499,1.54047146855499,0.794105284970831
1.68518259412243,0.660985806228411,1.11431866381179,1.65957275998286,0.742700306367368,2.52169515192763,2.18850006678436,2.85446795006356,1.12497082988759,0.702696760676274,1.12648457240621,2.64909071932828,3.07813653977418,2.61432216632832,0.698025460609812,0.673806755738015,0.984103890817674,1.16132498947443,2.96346835905344,1.1613249894749,0.939595364012029,0.496687843773041,0.776219353181347,3.16962750028888,3.16962750028888,1.29744086369346,0.574867193890406,1.54936218261209,1.29744086369346,1.00474081021231,1.54945805449326,3.24138535817676,0.796797169268819,0.799553817500688,0.496701151273864,1.54945805449326,0.799553817500688,1.54945805449326,0.179604011037732,0.799553817500688,1.54945805449326,1.54945805449326,1.54945805449326,0.145348356755806,0.799553817500688,1.54945805449326,1.54945805449326,1.54945805449326,1.54945805449326,0.796797169268819
1.63842778557383,0.676983879175823,1.13112725412013,1.72321785182097,0.776289351892323,2.46430061064706,2.20419621721011,2.79379998630557,1.14412157698994,0.701958141007008,1.14781086868521,2.73607907581027,3.05683099989813,2.69483617265112,0.66888996665112,0.669287816264881,0.98662499986888,1.18585179546313,2.98163040476332,1.18585179546455,0.94658175487882,0.490012614813705,0.762031178608488,3.15137397904539,3.15137397904539,1.30693614395142,0.54244844049501,1.53118149479586,1.30693614395142,0.98667626580357,1.53129766947116,3.2245837026865,0.785278958788125,0.787255755392186,0.49002623126641,1.53129766947116,0.787255755392186,1.53129766947116,0.177142607103243,0.787255755392186,1.53129766947116,1.53129766947116,1.53129766947116,0.143363290750256,0.787255755392186,1.53129766947116,1.53129766947116,1.53129766947116,1.53129766947116,0.785278958788125
1.70678628212289,0.667439317144806,1.13131382830904,1.73634127230259,0.741978053235596,2.54098213204116,2.26039336634373,2.83980132495088,1.13899570344375,0.697243852902928,1.14525164289578,2.77159791198045,3.07710837045629,2.73044453376468,0.687452016907721,0.644657956388818,0.986173863562019,1.17831238769049,2.98574974927989,1.17831238768461,0.95390844047632,0.491991511075387,0.766287418375146,3.15870763256256,3.15870763256256,1.29723485590405,0.560802332451813,1.52825421147044,1.29723485590405,0.993349504525567,1.52846669626449,3.22874597093439,0.786569301035821,0.789466305185628,0.492018640637093,1.52846669626449,0.789466305185628,1.52846669626449,0.177530257156641,0.789466305185628,1.52846669626449,1.52846669626449,1.52846669626449,0.143731171481968,0.789466305185628,1.52846669626449,1.52846669626449,1.52846669626449,1.52846669626449,0.786569301035821
1.6914114604422,0.690001691255146,1.13211323328244,1.70467130247506,0.76893409789462,2.49894285966095,2.22493630458087,2.86937443750483,1.15022444589949,0.700280036740262,1.14058072066309,2.71487625129709,3.09487015878087,2.67343259330151,0.723865436709371,0.652302829491179,0.995310707455464,1.18428204809677,3.00295153583116,1.18428204810912,0.947098203705357,0.494391799152305,0.773563823219063,3.17468816713078,3.17468816713078,1.316607948252,0.562756679415059,1.53952526213734,1.316607948252,0.998359030715452,1.53962415346653,3.25301033501047,0.791131488161518,0.795678387860668,0.494406691974217,1.53962415346653,0.795678387860668,1.53962415346653,0.17881203452925,0.795678387860668,1.53962415346653,1.53962415346653,1.53962415346653,0.144704565380821,0.795678387860668,1.53962415346653,1.53962415346653,1.53962415346653,1.53962415346653,0.791131488161518
1.67916116110833,0.708731036420353,1.14680812569572,1.6842842546826,0.762813307697416,2.51363608459282,2.20438411855577,2.8201457782504,1.15594909821268,0.701306598280908,1.16293719229548,2.71501150331673,3.06569612254571,2.6759982331269,0.683286547423524,0.647476370441276,0.992198039805401,1.19510794302777,2.98981705455155,1.19510794301504,0.963486959513073,0.494699875175388,0.771403497944677,3.15678604117431,3.15678604117431,1.323714719382,0.564523333023508,1.53955799108903,1.32371471938825,1.00000671168403,1.53968972773967,3.22867765494097,0.793200286670753,0.795448390087554,0.494716425218031,1.53968972773967,0.795448390087554,1.53968972773967,0.178809078746332,0.795448390087554,1.53968972773967,1.53968972773967,1.53968972773967,0.144749205347932,0.795448390087554,1.53968972773967,1.53968972773967,1.53968972773967,1.53968972773967,0.793200286670753
1.61548857673881,0.61478043543369,1.1220319252716,1.64116638049496,0.782701681450511,2.40686441718318,2.11154512589708,2.78068086111575,1.13304518289697,0.702853314459096,1.13493421036209,2.59858784799557,3.0607841830914,2.56397861471753,0.677711790684427,0.657756110540681,0.987825674639489,1.16897227730527,2.92727929192907,1.1689722773139,0.937473698826622,0.49976418028805,0.77738823297396,3.16110795281938,3.16110795281938,1.30231493044549,0.518023340409049,1.55239906141006,1.30231493043378,1.00648576307106,1.55248552407995,3.23802219399086,0.798126609226148,0.802461624883084,0.499774185875525,1.55248552407995,0.802461624883084,1.55248552407995,0.180525624525954,0.802461624883084,1.55248552407995,1.55248552407995,1.55248552407995,0.146084273540201,0.802461624883084,1.55248552407995,1.55248552407995,1.55248552407995,1.55248552407995,0.798126609226148
1.66607858719967,0.621670868405736,1.11598196348447,1.7022256989716,0.753004798529099,2.51167894661042,2.21026400541568,2.84408408334543,1.13220230079149,0.699303230336695,1.1305971644718,2.67849962703884,3.08072372262815,2.64489799377902,0.670652153256047,0.648517980679323,0.982024387833982,1.17016796645121,2.99255934094914,1.1701679664519,0.928873723639562,0.493999025300457,0.764798666036051,3.17048819163709,3.17048819163709,1.30972245056967,0.549320628348009,1.53670848207434,1.30972245056967,0.993552458263661,1.53690121315488,3.23627934049468,0.790584383186688,0.792979870379283,0.494022157732229,1.53690121315488,0.792979870379283,1.53690121315488,0.178394254958213,0.792979870379283,1.53690121315488,1.53690121315488,1.53690121315488,0.144386857966498,0.792979870379283,1.53690121315488,1.53690121315488,1.53690121315488,1.53690121315488,0.790584383186688
1.65690520965124,0.650422435442081,1.12518947842001,1.76378208478851,0.795108538953115,2.47337229477559,2.2041634302604,2.79262474194968,1.14216428296651,0.704793750032553,1.1389156066313,2.73134533737904,3.05894963808857,2.68630328554585,0.689115713096033,0.683952940296326,0.992535243031423,1.1840148710587,2.97673003474386,1.18401487107803,0.945716948468158,0.492981037964716,0.77092095047712,3.15425542219381,3.15425542219381,1.3083655651597,0.635006210381328,1.53271646325592,1.3083655651597,0.993767871291918,1.53284318081255,3.23566788079653,0.787380055422348,0.791680781395664,0.492997346563721,1.53284318081255,0.791680781395664,1.53284318081255,0.177994095944493,0.791680781395664,1.53284318081255,1.53284318081255,1.53284318081255,0.144077534535014,0.791680781395664,1.53284318081255,1.53284318081255,1.53284318081255,1.53284318081255,0.787380055422348
1.65152034921946,0.690294653811218,1.16005223208456,1.7171853354463,0.782670456858336,2.55090103831601,2.24267971468344,2.87203206987949,1.16779036944491,0.712071035692685,1.17567754332584,2.74757211368313,3.08145306279025,2.70470177196146,0.727154642606554,0.65690105347105,1.00690366550306,1.2086938569907,2.9992289940482,1.20869385698372,0.981169718217162,0.500505232196064,0.778927100069355,3.17504118233807,3.17504118233807,1.3346482649083,0.588884480577673,1.5586813178859,1.33464826491786,1.00855730956325,1.55877532183228,3.25294971957337,0.801767699696826,0.804643468902621,0.500520483124422,1.55877532183228,0.804643468902621,1.55877532183228,0.181128956471748,0.804643468902621,1.55877532183228,1.55877532183228,1.55877532183228,0.146527012037243,0.804643468902621,1.55877532183228,1.55877532183228,1.55877532183228,1.55877532183228,0.801767699696826
1.72199514029487,0.651130823473245,1.13447499572893,1.77552705063019,0.752155872645227,2.57022758275514,2.27348014551044,2.87259002294482,1.15650159295593,0.701164253512349,1.1479674336154,2.79782160220407,3.13063883475098,2.76567966972945,0.649877358006016,0.626448314841557,0.97910515550816,1.19130443444971,3.02703603112588,1.19130443443126,0.917136049968704,0.497274852439727,0.76653172665639,3.20413505558082,3.20413505558082,1.31232908602868,0.547133294905452,1.54546117173522,1.31232908603189,0.99885385335201,1.54566729081911,3.25904230046612,0.793442119439309,0.797691113018726,0.49729395150141,1.54566729081911,0.797691113018726,1.54566729081911,0.179451828058168,0.797691113018726,1.54566729081911,1.54566729081911,1.54566729081911,0.145274470469068,0.797691113018726,1.54566729081911,1.54566729081911,1.54566729081911,1.54566729081911,0.793442119439309
1.66229622528713,0.648362779408398,1.12587949513196,1.758285016187,0.772141745378899,2.4937270867512,2.24815121819028,2.82462325150642,1.13689368443656,0.703651286179835,1.14174178301469,2.75229447753326,3.07045051077438,2.70931475460756,0.691792696887772,0.661905062734424,0.998456315689155,1.18179613084538,2.99829103485549,1.18179613084032,0.960683429292154,0.494651152055327,0.769745242683311,3.16693802725536,3.16693802725536,1.30875980099371,0.572718742535064,1.54697723693257,1.30875980098898,0.995839885141883,1.54718289584049,3.2434531047826,0.792729457410913,0.794961858864222,0.494678383412736,1.54718289584049,0.794961858864222,1.54718289584049,0.178834884039316,0.794961858864222,1.54718289584049,1.54718289584049,1.54718289584049,0.14480606755041,0.794961858864222,1.54718289584049,1.54718289584049,1.54718289584049,1.54718289584049,0.792729457410913
1.65734757070222,0.626749060921131,1.11065239686535,1.77304643084296,0.785425571243613,2.49942033273072,2.22121451693048,2.82796141509161,1.1195892325349,0.70986664709502,1.12397360056881,2.68657061891819,3.06922327693084,2.64726240847193,0.697248210907515,0.682711590657121,0.994499317572454,1.16139110871422,2.97430534579589,1.1613911086913,0.953005694272748,0.497763071793302,0.775078861956978,3.1650469372474,3.1650469372474,1.29681497753997,0.588355459096012,1.54742315108752,1.2968149775398,1.00582955081825,1.54762381230683,3.24170603129321,0.795528062773804,0.801066835727319,0.497790394366838,1.54762381230683,0.801066835727319,1.54762381230683,0.179852680855589,0.801066835727319,1.54762381230683,1.54762381230683,1.54762381230683,0.14561194959574,0.801066835727319,1.54762381230683,1.54762381230683,1.54762381230683,1.54762381230683,0.795528062773804
1.71260615674217,0.697259290301195,1.13244154607786,1.79563381891552,0.798568724723993,2.57074988034885,2.24607436925046,2.89720206928737,1.14578193297785,0.714039075823323,1.13931094382198,2.71858857603953,3.10973876582291,2.68128797569833,0.728335278897513,0.690266770645486,0.991280115372364,1.17693148445321,2.98702888611858,1.17693148447269,0.945305533401665,0.49943505942733,0.778362841937564,3.18094266886024,3.18094266886024,1.30784299023924,0.588202468085946,1.5525402245411,1.30784299023924,1.00651259538998,1.55263800036021,3.25122192469807,0.798243812874885,0.80087075736689,0.499449396231143,1.55263800036021,0.80087075736689,1.55263800036021,0.180394687281203,0.80087075736689,1.55263800036021,1.55263800036021,1.55263800036021,0.145976546275511,0.80087075736689,1.55263800036021,1.55263800036021,1.55263800036021,1.55263800036021,0.798243812874885
1.64961234719167,0.632089848114464,1.1397651535342,1.61208880258121,0.744022860385291,2.42740622518444,2.17779878743082,2.80890335914582,1.15508489015076,0.707969434528735,1.14659540801089,2.71001088948657,3.06973860383631,2.66091590857946,0.735374017943539,0.679278026634716,1.0040571047894,1.19022376380884,2.96003735626935,1.19022376380524,0.961558432216752,0.495899217438115,0.781495931350475,3.15592333633081,3.15592333633081,1.31196815850389,0.586483638450038,1.54678118678284,1.31196815850389,0.99948624021338,1.54686486192485,3.24899366861777,0.794893395388271,0.798255736309894,0.495911854105957,1.54686486192485,0.798255736309894,1.54686486192485,0.179509927141668,0.798255736309894,1.54686486192485,1.54686486192485,1.54686486192485,0.145279733158488,0.798255736309894,1.54686486192485,1.54686486192485,1.54686486192485,1.54686486192485,0.794893395388271
1.54359536720428,0.619238729898793,1.11788128611457,1.60533990269588,0.753140361407795,2.40127646212293,2.11018642185983,2.73908156506154,1.12332194211228,0.703199611742211,1.13104752813476,2.61724620069104,3.04133805588188,2.57376083174133,0.687159005613723,0.652407139926014,0.989470069636567,1.16360667274281,2.94226333985541,1.16360667274519,0.962275668148118,0.493688275358264,0.766842263331156,3.15040004536115,3.15040004536115,1.29920182861636,0.588960602979856,1.53669035253202,1.29920182861265,0.994516773070828,1.53680557327594,3.24374238990942,0.78830603317421,0.792688625928657,0.493702750828719,1.53680557327594,0.792688625928657,1.53680557327594,0.178252598345842,0.792688625928657,1.53680557327594,1.53680557327594,1.53680557327594,0.144219939682755,0.792688625928657,1.53680557327594,1.53680557327594,1.53680557327594,1.53680557327594,0.78830603317421
1.64961641620447,0.614280083912627,1.10682130221946,1.71272918557694,0.783173147503897,2.44132587811203,2.15792313718403,2.78540308583044,1.1215485411723,0.696650838124041,1.12026996099258,2.67181775303614,3.06294267849752,2.62988576831768,0.681383601572801,0.666938391038027,0.98542478055257,1.16265761158632,2.9517754467085,1.16265761158779,0.934000552088045,0.493476785975583,0.773228945109509,3.1680586212063,3.1680586212063,1.28895816607358,0.609046089564581,1.53838361657257,1.28895816607358,0.997518278734051,1.53850136668568,3.25199282596648,0.791532678719056,0.792390172753444,0.493491505930121,1.53850136668568,0.792390172753444,1.53850136668568,0.178449992459619,0.792390172753444,1.53850136668568,1.53850136668568,1.53850136668568,0.144520125158218,0.792390172753444,1.53850136668568,1.53850136668568,1.53850136668568,1.53850136668568,0.791532678719056
1.66204435831326,0.618597128553182,1.10552934094429,1.69927569581651,0.730659061586443,2.52839980918689,2.20237307377094,2.81523859140822,1.11456732117198,0.694738462122668,1.12085206162389,2.69352135806925,3.06787582163868,2.65969526156233,0.655932701565574,0.63459991899059,0.972372905550552,1.15350796913412,2.94728258297421,1.15350796912367,0.924380830969874,0.491947523609604,0.762987051012428,3.15840515435065,3.15840515435065,1.27680427458651,0.574368912529257,1.53769960223658,1.27680427458651,0.994972397404214,1.53799110483411,3.22221955805561,0.789295679620075,0.789811721655551,0.49197896403443,1.53799110483411,0.789811721655551,1.53799110483411,0.177890578572056,0.789811721655551,1.53799110483411,1.53799110483411,1.53799110483411,0.144057334495996,0.789811721655551,1.53799110483411,1.53799110483411,1.53799110483411,1.53799110483411,0.789295679620075
1.616869603591,0.64270181751476,1.12685480456876,1.64211222015795,0.741985210516954,2.44618996182669,2.18571911745325,2.79306776677633,1.13386147931546,0.717214488329265,1.13802051549238,2.66238784998426,3.04701255084782,2.62038749024994,0.713522908456113,0.712655481981834,1.00038525328149,1.17392995833148,2.95605712874285,1.17392995832755,0.971116256193068,0.497966911936522,0.776201502663397,3.14162308073308,3.14162308073308,1.31228177020589,0.574373329486525,1.55669178976478,1.31228177020679,1.00149363529461,1.55693976566842,3.22525002525754,0.795488610493008,0.800458865385751,0.498001670995171,1.55693976566842,0.800458865385751,1.55693976566842,0.179893143451385,0.800458865385751,1.55693976566842,1.55693976566842,1.55693976566842,0.145519426929502,0.800458865385751,1.55693976566842,1.55693976566842,1.55693976566842,1.55693976566842,0.795488610493008
1.55533597539925,0.659814237184166,1.13152771435682,1.66148611400062,0.799355440865573,2.42883211503857,2.13008073994469,2.81827857659406,1.14902378444889,0.710193228219253,1.14060377416094,2.61604112204958,3.08076342629807,2.57868606940798,0.704983294943457,0.639670604766893,0.991775518940828,1.18136328509418,2.96937926279419,1.18136328510479,0.942169205432782,0.497887333314515,0.771960505507502,3.17041091686076,3.17041091685879,1.32166838985187,0.550482678350831,1.54888439070444,1.32166838985187,1.00368792683085,1.54908067486851,3.25193365711151,0.796845110480202,0.802603890458807,0.497913211159993,1.54908067486851,0.802603890458807,1.54908067486851,0.180151491714498,0.802603890458807,1.54908067486851,1.54908067486851,1.54908067486851,0.145765820799917,0.802603890458807,1.54908067486851,1.54908067486851,1.54908067486851,1.54908067486851,0.796845110480202
1.66079023537279,0.684125813742598,1.13965257138744,1.68993895495353,0.775211630942813,2.53546747656206,2.18641432865424,2.83318451712907,1.14539182192166,0.710515562185173,1.15208314248498,2.6681536820953,3.06832940415686,2.62914286070929,0.707067038990485,0.701899231035286,0.993005411860414,1.18175958843798,2.9939654580519,1.18175958843879,0.976281628672608,0.493485875701676,0.771065125742294,3.15767791939437,3.15767791939437,1.32067924864739,0.608233386821392,1.54608507752141,1.32067924864739,0.99552100873314,1.54617879134262,3.23520027532043,0.79105747843805,0.795478741677542,0.493499112418451,1.54617879134262,0.795478741677542,1.54617879134262,0.178598773825464,0.795478741677542,1.54617879134262,1.54617879134262,1.54617879134262,0.144502382750834,0.795478741677542,1.54617879134262,1.54617879134262,1.54617879134262,1.54617879134262,0.79105747843805
1.61228405960108,0.655216942299503,1.13982733381737,1.57470541305743,0.774736058753506,2.40224824077436,2.0844848575756,2.76807651530809,1.15109125434634,0.693623871061675,1.15524185774524,2.60278561904115,3.03251613390955,2.56627477081434,0.679526672925048,0.638651435599455,0.984305420963731,1.18780598788701,2.91650458164698,1.18780598788681,0.941669534728485,0.494924908900123,0.774862638542645,3.13925349333843,3.13925349333843,1.31337376039529,0.528590345285204,1.54895712056006,1.31337376039529,0.996053333667634,1.5491286476607,3.21788434583927,0.792825295675443,0.797008614347756,0.494946329865263,1.5491286476607,0.797008614347756,1.5491286476607,0.17892825159277,0.797008614347756,1.5491286476607,1.5491286476607,1.5491286476607,0.144868037627324,0.797008614347756,1.5491286476607,1.5491286476607,1.5491286476607,1.5491286476607,0.792825295675443
1.70107496009388,0.628450805754186,1.1136410496269,1.75017069998366,0.784405648571225,2.46545869076228,2.19289366630085,2.81331986970076,1.1274753174304,0.701661278550378,1.12509509164029,2.6795248149859,3.08635926098192,2.64454047461643,0.674065862324004,0.652088112901756,0.987104773615552,1.1640588739912,2.97052286522326,1.16405887399689,0.935378570044493,0.499197222843408,0.778588166420997,3.17380222533498,3.17380222533498,1.2969879102848,0.535968617466364,1.55447085926149,1.29698791030419,1.00556057990298,1.55460767960425,3.24300951732852,0.798504521559522,0.801084380978291,0.49921205696029,1.55460767960425,0.801084380978291,1.55460767960425,0.180205794330292,0.801084380978291,1.55460767960425,1.55460767960425,1.55460767960425,0.14589905021855,0.801084380978291,1.55460767960425,1.55460767960425,1.55460767960425,1.55460767960425,0.798504521559522
1.6144006799306,0.621678774225952,1.11558171557356,1.64835155220894,0.73742035800913,2.43893366306161,2.18211231725265,2.78586758608704,1.12965777347484,0.703915657260133,1.1278536306598,2.66458161918233,3.04802579936809,2.62356092746716,0.692576832416666,0.651723976769855,0.992419004142046,1.16982511436365,2.95870202441011,1.169825114342,0.947318813281591,0.49451309692041,0.771141614344404,3.14286415311019,3.14286415311019,1.3071698846679,0.581845700132509,1.53661146058715,1.30716988466271,0.999586124172961,1.53676020985926,3.22348816817743,0.791858070698075,0.795869543854949,0.494532485459695,1.53676020985926,0.795869543854949,1.53676020985926,0.178862490047275,0.795869543854949,1.53676020985926,1.53676020985926,1.53676020985926,0.144745465985948,0.795869543854949,1.53676020985926,1.53676020985926,1.53676020985926,1.53676020985926,0.791858070698075
1.67703728050346,0.677401643841418,1.13094016475939,1.70717728713118,0.764752679139373,2.4690575385577,2.20338714427471,2.81191241208368,1.14481579042435,0.714208245913245,1.13852213271676,2.6985785307687,3.09201294812181,2.65837748929841,0.698886925459332,0.691214157011817,0.999991632015534,1.17914335591724,3.00257903616128,1.1791433558868,0.959262505804797,0.497025071569742,0.778520547205009,3.17153124589951,3.17153124589951,1.31744903496497,0.572686353017337,1.55492853094142,1.31744903496497,1.00134063614131,1.55522579085152,3.24931238821878,0.794906449540278,0.798246417211577,0.49706012786933,1.55522579085152,0.798246417211577,1.55522579085152,0.179839925170284,0.798246417211577,1.55522579085152,1.55522579085152,1.55522579085152,0.145501078843671,0.798246417211577,1.55522579085152,1.55522579085152,1.55522579085152,1.55522579085152,0.794906449540278
1.65418308638974,0.683279209536789,1.13519795583905,1.67826664174382,0.775575124518087,2.49767574097794,2.16363097935213,2.83878705237558,1.15569861862191,0.691085877697983,1.14876040001542,2.71882216167521,3.10329503878866,2.684046534459,0.659640283273615,0.615167016696636,0.97261710245709,1.18905039233936,2.96862351959576,1.1890503923081,0.911297311327052,0.494735092670373,0.765372079706108,3.19111476768316,3.19111476768316,1.30315719511112,0.544804589311515,1.53902771755064,1.30315719511308,0.996861264645388,1.53925233837405,3.2566983494619,0.7903848479373,0.795186647061987,0.494758843552976,1.53925233837405,0.795186647061987,1.53925233837405,0.178655536034639,0.795186647061987,1.53925233837405,1.53925233837405,1.53925233837405,0.14462851536791,0.795186647061987,1.53925233837405,1.53925233837405,1.53925233837405,1.53925233837405,0.7903848479373
1.6464895261102,0.650666887346475,1.14643801790335,1.68170537328835,0.761653350834578,2.49745070042471,2.20640205131239,2.82727782881998,1.15861364064739,0.712691671254473,1.15313260466044,2.71279726822341,3.07381071589338,2.66863960338728,0.727948160997169,0.69914842790743,1.00132582519108,1.19125436039903,2.98161919005884,1.19125436040932,0.968979142843801,0.493923941932363,0.771211198577508,3.14877307194934,3.14877307194934,1.32029675425387,0.599827948031984,1.54413296357066,1.32029675425387,0.997330430311649,1.54423720798351,3.23051193876797,0.793047574357737,0.793592296256213,0.493938870261497,1.54423720798351,0.793592296256213,1.54423720798351,0.178780903974161,0.793592296256213,1.54423720798351,1.54423720798351,1.54423720798351,0.144623793199026,0.793592296256213,1.54423720798351,1.54423720798351,1.54423720798351,1.54423720798351,0.793047574357737
1.55516446105907,0.64650899928603,1.12402027190751,1.69403441336808,0.784576186257359,2.42541586379521,2.15033012244997,2.77153049172233,1.13216776586274,0.702743063877068,1.13208134910823,2.68071826383135,3.05270085078358,2.63388969024571,0.709698996224517,0.649859590283263,0.986206904800991,1.16801389209171,2.92017890287485,1.16801389209949,0.953175369579397,0.492432830987795,0.765433431355893,3.1421868885085,3.1421868885085,1.28987433300791,0.587262093994997,1.53678544418876,1.28987433300791,0.992259677684687,1.53694384703153,3.2327690227661,0.7893044469004,0.79210352250793,0.492454150927114,1.53694384703153,0.79210352250793,1.53694384703153,0.178039487072675,0.79210352250793,1.53694384703153,1.53694384703153,1.53694384703153,0.144081027582902,0.79210352250793,1.53694384703153,1.53694384703153,1.53694384703153,1.53694384703153,0.7893044469004
1.63680543854184,0.618506644975871,1.1226036962938,1.62453004300946,0.77124013654636,2.43574175466018,2.11197472408789,2.79843639647813,1.13184096000993,0.703109211391349,1.13273500593051,2.58805299277921,3.05894086833114,2.55473831550406,0.687503086378446,0.671759258759917,0.979634433679526,1.16367631192357,2.92754999161259,1.16367631193455,0.937608251160788,0.495392367158352,0.7737399897863,3.14739251283368,3.14739251283368,1.29977394847901,0.515355901277547,1.54859543968613,1.29977394847901,1.00060115701763,1.54883029955531,3.2212225797498,0.792324936104659,0.794935755964242,0.495420820219957,1.54883029955531,0.794935755964242,1.54883029955531,0.178975551926765,0.794935755964242,1.54883029955531,1.54883029955531,1.54883029955531,0.144842177745458,0.794935755964242,1.54883029955531,1.54883029955531,1.54883029955531,1.54883029955531,0.792324936104659
1.61038613261889,0.628853414866639,1.12420138352335,1.6503446147985,0.748737474438163,2.48849518162851,2.19187181003352,2.85173431450219,1.14111516637029,0.707242592476552,1.13852147094853,2.66121718619279,3.0870406945953,2.62864144340275,0.675655342428882,0.642743318695059,0.98592597656338,1.17781480960896,3.00803416594228,1.17781480961056,0.934726006045468,0.496771427179655,0.765790146728505,3.17868946976534,3.17868946976534,1.32032037937466,0.515137892255473,1.54894667281298,1.32032037937466,1.00061692887244,1.5492436228866,3.24491027977428,0.793579981014483,0.796825313396137,0.496807472475931,1.5492436228866,0.796825313396137,1.5492436228866,0.179422462610427,0.796825313396137,1.5492436228866,1.5492436228866,1.5492436228866,0.145217121612331,0.796825313396137,1.5492436228866,1.5492436228866,1.5492436228866,1.5492436228866,0.793579981014483
1.58626375855561,0.628637197802095,1.12641575478017,1.65492977446751,0.762783265882858,2.45540805014114,2.14939686452901,2.76497086150241,1.13371810459194,0.70495128306336,1.14262335260348,2.66837586276092,3.04231581179844,2.62466084061971,0.679907444631452,0.68717383224851,0.986870574446609,1.17553707075004,2.95539434191316,1.17553707076769,0.958037127157624,0.490545351203418,0.762976625941959,3.14785901863804,3.14785901863804,1.30506856655538,0.604027795833607,1.52471410303898,1.30506856655544,0.989176278414793,1.52480009000058,3.23382101495515,0.786375767530372,0.78913280620146,0.490556349084684,1.52480009000058,0.78913280620146,1.52480009000058,0.177335677614835,0.78913280620146,1.52480009000058,1.52480009000058,1.52480009000058,0.143570834617726,0.78913280620146,1.52480009000058,1.52480009000058,1.52480009000058,1.52480009000058,0.786375767530372
1.75188988268599,0.62278192960294,1.11354376575155,1.74138810082175,0.736217296742638,2.53157514003409,2.28274755877065,2.88667168971405,1.13339444201144,0.70201634637308,1.12608556682705,2.75622949457368,3.09907894718944,2.72068247657116,0.68718063186964,0.680349470842387,0.982606138433061,1.17157215297248,3.00917701835321,1.17157215298106,0.925967004370753,0.493281699879621,0.768764799542828,3.17901272083802,3.17901272083802,1.30176868190218,0.521842337907336,1.5413208713026,1.30176868189413,0.995816847960286,1.54140046509383,3.24187622750516,0.791654005601216,0.792192231966772,0.493292043355565,1.54140046509383,0.792192231966772,1.54140046509383,0.178405578814571,0.792192231966772,1.54140046509383,1.54140046509383,1.54140046509383,0.144338743911718,0.792192231966772,1.54140046509383,1.54140046509383,1.54140046509383,1.54140046509383,0.791654005601216
1.71587747498149,0.688373803166126,1.1287996361978,1.75592451192985,0.756277596320669,2.58079087872186,2.27271390142919,2.89484410974109,1.14562199616359,0.712187116362403,1.13710193206191,2.73336327914208,3.09733381306937,2.69587134436327,0.723334669582122,0.688955217156462,0.992859987493375,1.17942319691418,3.01579805952682,1.17942319691412,0.948522275254447,0.49474146711228,0.772581713872739,3.16943800028092,3.16943800028092,1.31670420531647,0.614386181038611,1.54719694269971,1.316704205328,0.995529473048773,1.54735586401945,3.23756717504032,0.793056728450569,0.795654981011533,0.494765164055458,1.54735586401945,0.795654981011533,1.54735586401945,0.178799627986044,0.795654981011533,1.54735586401945,1.54735586401945,1.54735586401945,0.144725430311315,0.795654981011533,1.54735586401945,1.54735586401945,1.54735586401945,1.54735586401945,0.793056728450569
1.74083437174342,0.669294394656383,1.13623549209455,1.69050817590675,0.756097526512768,2.51417830022243,2.19398458046008,2.82363048405702,1.15153723471998,0.694147595521848,1.15076412460591,2.69843421051958,3.07675750013835,2.66808723597455,0.648264686109491,0.64719061608734,0.975490051402735,1.18546783210162,2.97435458788679,1.18546783213133,0.92208934711665,0.493065347566091,0.767416925932145,3.15647601324355,3.15647601324355,1.31254322125917,0.51158477941912,1.54298908903763,1.31254322125917,0.996875323234316,1.54310026405296,3.21294396519815,0.788894672350546,0.792638745250396,0.493076115510054,1.54310026405296,0.792638745250396,1.54310026405296,0.178293850882456,0.792638745250396,1.54310026405296,1.54310026405296,1.54310026405296,0.144289689037801,0.792638745250396,1.54310026405296,1.54310026405296,1.54310026405296,1.54310026405296,0.788894672350546
1.57777131829183,0.68462334323292,1.14377999652008,1.5746189485444,0.774459491360685,2.4073862531287,2.06651271369044,2.74426596041074,1.15232776194693,0.708153503653207,1.15170740908707,2.59148626250565,3.03578915148288,2.55053930276247,0.707596751972046,0.687507417990479,0.988095792037486,1.18290010387298,2.8936399678796,1.18290010384917,0.955230047390152,0.495494874377328,0.771665951571615,3.12476601033326,3.12476601033326,1.30839172927272,0.59547053147866,1.54573576934348,1.30839172927714,0.998878051557274,1.54597352325447,3.21392576210164,0.793768092152236,0.796919287834003,0.495525362196485,1.54597352325447,0.796919287834003,1.54597352325447,0.178857658418174,0.796919287834003,1.54597352325447,1.54597352325447,1.54597352325447,0.144764671867498,0.796919287834003,1.54597352325447,1.54597352325447,1.54597352325447,1.54597352325447,0.793768092152236
1.60753955673184,0.637437656040003,1.1178487711743,1.6845594045671,0.740351499907803,2.49529198088418,2.21958956131493,2.83539078692179,1.1336264438978,0.705464799617446,1.13293825137252,2.71313559275781,3.07132280158505,2.67509876872393,0.680764930782751,0.65603604096203,0.984888152084218,1.17427131637354,2.97649493050072,1.1742713163743,0.933290250713077,0.493503453803054,0.763192456034553,3.16488371368046,3.16488371368046,1.30203611866923,0.557590671192723,1.53808703078467,1.3020361186704,0.996256155444919,1.53818779380696,3.23564099380715,0.791384757486776,0.792958526061551,0.493516407108989,1.53818779380696,0.792958526061551,1.53818779380696,0.178410273938687,0.792958526061551,1.53818779380696,1.53818779380696,1.53818779380696,0.144518459318816,0.792958526061551,1.53818779380696,1.53818779380696,1.53818779380696,1.53818779380696,0.791384757486776
1.62563329972482,0.619143212823873,1.12766436758782,1.62951207356207,0.771385293670493,2.42385226608862,2.10370314142366,2.76505647004805,1.13545115997123,0.698803242885933,1.13775471719554,2.60853388160282,3.06820123219728,2.57301790066399,0.676398085371285,0.649874011136161,0.982724784567785,1.16795822404096,2.93078444142777,1.1679582240286,0.945146810941734,0.496903261110063,0.773572302688145,3.15836427121523,3.15836427121523,1.30114748876419,0.538343610660066,1.55180806731864,1.30114748876851,1.00170615812363,1.55211427691937,3.23572364445056,0.795964833643973,0.798376401671144,0.496935962681565,1.55211427691937,0.798376401671144,1.55211427691937,0.179413329965806,0.798376401671144,1.55211427691937,1.55211427691937,1.55211427691937,0.14529098565062,0.798376401671144,1.55211427691937,1.55211427691937,1.55211427691937,1.55211427691937,0.795964833643973
1.67164375143621,0.693584029884945,1.1335435706307,1.7137037224466,0.795468370546288,2.46265882933612,2.15418535840863,2.77154629774466,1.1447537066812,0.697271562955966,1.1480131869362,2.71207820044322,3.04877135238153,2.66718697293098,0.685052154663753,0.675964170615142,0.985764116060754,1.18454746288412,2.92622843081615,1.18454746287271,0.94446291384269,0.494042391680152,0.775814288388366,3.14823541977878,3.14823541977878,1.29686724337775,0.623119379318366,1.5348804139277,1.29686724336678,0.998296006080973,1.53515609012015,3.23136751146899,0.791665085164439,0.794825220499225,0.494076872522617,1.53515609012015,0.794825220499225,1.53515609012015,0.178530132349082,0.794825220499225,1.53515609012015,1.53515609012015,1.53515609012015,0.144465781819864,0.794825220499225,1.53515609012015,1.53515609012015,1.53515609012015,1.53515609012015,0.791665085164439
1.60155743132558,0.633128559303855,1.12712534966042,1.589838377553,0.764203259225936,2.36505936127639,2.0961398417628,2.74020802257313,1.14241849279248,0.706270888720458,1.13547237941124,2.63626477712097,3.03193545619115,2.58871710850749,0.709729622003213,0.711178270772948,0.988053074898638,1.17752898277426,2.91131914822382,1.1775289827784,0.944379379889477,0.490991976455652,0.771478755805341,3.12793940891168,3.12793940891168,1.30076967363602,0.594136426730923,1.5329408940127,1.30076967363414,0.987262733520551,1.53310777276695,3.22498661514931,0.785467383752626,0.786746036025353,0.491014847771992,1.53310777276695,0.786746036025353,1.53310777276695,0.177278709925237,0.786746036025353,1.53310777276695,1.53310777276695,1.53310777276695,0.143475905994409,0.786746036025353,1.53310777276695,1.53310777276695,1.53310777276695,1.53310777276695,0.785467383752626
1.66199145979868,0.679379679515271,1.1301671956233,1.69330761605099,0.76593560247114,2.45092184875552,2.18513387486721,2.79068207223618,1.13879610851405,0.708033636750662,1.13940600167066,2.69806785306807,3.0655745476528,2.65419616633279,0.704955532373669,0.681949599988438,0.992795679719596,1.17546348440169,2.94880979705896,1.17546348440244,0.958877835388883,0.49657145283951,0.777794614140248,3.15191113541391,3.15191113541391,1.30292633790837,0.573134365888734,1.54395054640162,1.30292633790844,0.999754006893587,1.5441371354249,3.23540540689898,0.792859514656689,0.798946619931316,0.496595467946627,1.5441371354249,0.798946619931316,1.5441371354249,0.179213122112661,0.798946619931316,1.5441371354249,1.5441371354249,1.5441371354249,0.14506888357557,0.798946619931316,1.5441371354249,1.5441371354249,1.5441371354249,1.5441371354249,0.792859514656689
1.56316732361064,0.695761863198064,1.13793677742472,1.59221399890403,0.767344159919741,2.42740761128573,2.09465272158479,2.75805583934123,1.1469420750863,0.710853904147667,1.14958412950124,2.60459059833085,3.04384161429913,2.56420541887381,0.698823860385523,0.680407655058489,0.992474077324655,1.18270302259451,2.91835331297527,1.18270302259714,0.95659321135113,0.497925067281406,0.773017192983572,3.14483607533312,3.14483607533312,1.314431031417,0.611278215131869,1.55056166086093,1.314431031417,1.00276367450298,1.55066597263404,3.23289355718159,0.797341356134019,0.80111472140119,0.497938469563456,1.55066597263404,0.80111472140119,1.55066597263404,0.179969893083773,0.80111472140119,1.55066597263404,1.55066597263404,1.55066597263404,0.145633338122452,0.80111472140119,1.55066597263404,1.55066597263404,1.55066597263404,1.55066597263404,0.797341356134019
1.69843040380179,0.669565482790457,1.13536720276507,1.75277511389657,0.808970831410554,2.5207059395737,2.17585433310254,2.82740949803854,1.14705067078948,0.707539240920132,1.14309523253301,2.67349354971783,3.08209474556006,2.63449738991945,0.707087931190531,0.695178055066862,0.986380806286391,1.17819895544026,2.96703798842446,1.17819895545488,0.94950763069301,0.495365717727751,0.776849560487925,3.15925860287479,3.15925860287479,1.31109250036922,0.6209030034603,1.54122868785594,1.31109250034428,0.996686768504603,1.54134196992531,3.23607846794175,0.791636892045876,0.795402872566649,0.495380430446746,1.54134196992531,0.795402872566649,1.54134196992531,0.178831385963741,0.795402872566649,1.54134196992531,1.54134196992531,1.54134196992531,0.144751685074737,0.795402872566649,1.54134196992531,1.54134196992531,1.54134196992531,1.54134196992531,0.791636892045876
1.59046110602634,0.66677015571184,1.13907269039168,1.6193740106573,0.810905864651302,2.35999813380586,2.05463288219982,2.70902740599734,1.15630652135401,0.69718061151712,1.15783339049166,2.60387102438982,3.02649308163815,2.56811751364113,0.64593248374825,0.646478540378444,0.984050404090247,1.19628042621899,2.91834984604151,1.19628042622478,0.929124200213738,0.497103668118113,0.773138875716997,3.14619703812267,3.14619703812267,1.32015991272825,0.55757200328335,1.54869442880658,1.32015991273025,1.00350529317553,1.54896641691935,3.22382827688244,0.794551270845741,0.799441274077207,0.497130747155267,1.54896641691935,0.799441274077207,1.54896641691935,0.17948796569744,0.799441274077207,1.54896641691935,1.54896641691935,1.54896641691935,0.145356277823572,0.799441274077207,1.54896641691935,1.54896641691935,1.54896641691935,1.54896641691935,0.794551270845741
1.63280585425741,0.668571419019979,1.1195065386786,1.68144506349608,0.739488076262176,2.4704193825227,2.19783189972554,2.80092934930461,1.1368891102358,0.70670065218113,1.13519056976979,2.7190579120018,3.08087653437352,2.68300530899752,0.654346848342091,0.664249567728809,0.980743904000626,1.17699230537074,2.96883167026871,1.17699230536304,0.923629554738959,0.496055978859353,0.766807348281604,3.17486619238546,3.17486619238546,1.30161552697212,0.549743083815819,1.54437946593545,1.30161552697212,0.999051794836282,1.5446676777367,3.24199508792772,0.792665015908529,0.795904618007512,0.496085209816655,1.5446676777367,0.795904618007512,1.5446676777367,0.179317266657855,0.795904618007512,1.5446676777367,1.5446676777367,1.5446676777367,0.145147381492712,0.795904618007512,1.5446676777367,1.5446676777367,1.5446676777367,1.5446676777367,0.792665015908529
1.73390211618201,0.632779411489205,1.09794064439155,1.83102301592397,0.76945290888827,2.53144639306477,2.2558093393709,2.83670933916605,1.11276614036365,0.699222153116973,1.10704608507019,2.73739767434463,3.08057201928769,2.70059266372392,0.675878847866067,0.689440859716536,0.972230691743536,1.14810298345816,2.9653450043277,1.14810298344938,0.920367584645462,0.488943424315659,0.762001731889445,3.15363347685721,3.15363347685721,1.27226772505551,0.578056715843517,1.52443676802364,1.27226772503349,0.988088040736426,1.52459900801417,3.21841983310479,0.784261361674276,0.78781867948782,0.488962121753917,1.52459900801417,0.78781867948782,1.52459900801417,0.176804179261145,0.78781867948782,1.52459900801417,1.52459900801417,1.52459900801417,0.143071335348369,0.78781867948782,1.52459900801417,1.52459900801417,1.52459900801417,1.52459900801417,0.784261361674276
1.67634626779772,0.663051865825286,1.15496066636626,1.76400420452367,0.812800613268804,2.53858126631557,2.19812081547577,2.83008461767046,1.16734172095125,0.700518073439124,1.16688073744629,2.72977817730103,3.08756884317936,2.69046243422036,0.689973190369038,0.642973684612493,0.988841663710192,1.20112232740153,2.98243150466204,1.20112232740507,0.952099030513722,0.495584618584696,0.771488614016485,3.16776883157236,3.16776883157236,1.32472282073024,0.608445555663938,1.54200004192288,1.32472282071357,1.00162689427888,1.5420982363234,3.23964809820531,0.792815143683639,0.798523788363328,0.495596426800925,1.5420982363234,0.798523788363328,1.5420982363234,0.179284964048702,0.798523788363328,1.5420982363234,1.5420982363234,1.5420982363234,0.145098938711088,0.798523788363328,1.5420982363234,1.5420982363234,1.5420982363234,1.5420982363234,0.792815143683639
1.55808013830003,0.677173239487239,1.12928148248143,1.62274142313319,0.783261998364006,2.43377023477627,2.10558464933885,2.8002893451696,1.13943204159632,0.712730224474441,1.13741831724146,2.61370632868763,3.0534595620097,2.57164501570932,0.725901402101308,0.694716161021695,0.988024767708156,1.17217816100849,2.90332462943738,1.17217816099967,0.946294898863244,0.495282948173372,0.771966519949433,3.14681630592664,3.14681630592664,1.29600355957664,0.588899731931076,1.54569015934461,1.29600355957749,1.00085634988606,1.54579633281508,3.23740682356283,0.794005260026352,0.796940310336457,0.495299016694715,1.54579633281508,0.796940310336457,1.54579633281508,0.179183334216235,0.796940310336457,1.54579633281508,1.54579633281508,1.54579633281508,0.145028769683534,0.796940310336457,1.54579633281508,1.54579633281508,1.54579633281508,1.54579633281508,0.794005260026352
1.64071746262734,0.65276394473773,1.13246803868882,1.65380321627898,0.783236739787786,2.43576620836256,2.15009134551706,2.82867716160834,1.15111642129972,0.700157174150952,1.14504309595179,2.66781482817813,3.07736150872803,2.63112293621426,0.687654504835842,0.65487998771687,0.983104308519927,1.18594743796892,2.95142224323471,1.1859474379556,0.927650830385789,0.497078562643634,0.773576294422898,3.1705835164065,3.1705835164065,1.31024863635173,0.513660551913071,1.54748095352337,1.31024863635173,1.0008947472216,1.54758581257106,3.24430619423842,0.79630112123517,0.800387916974413,0.497091850187434,1.54758581257106,0.800387916974413,1.54758581257106,0.179576941074752,0.800387916974413,1.54758581257106,1.54758581257106,1.54758581257106,0.145344928328487,0.800387916974413,1.54758581257106,1.54758581257106,1.54758581257106,1.54758581257106,0.79630112123517
1.77265733466143,0.660088442220649,1.13789882057221,1.78949524055374,0.782522710041625,2.57987512964457,2.25625070963358,2.87405302981851,1.14686789970468,0.712242763484199,1.14751903503691,2.73971477743629,3.0980432008878,2.70118499726867,0.714221227236512,0.705321765162574,0.996309260178599,1.18140986028585,2.98446877381822,1.18140986030279,0.956902214075468,0.498916665185338,0.783182641920538,3.17338350962264,3.17338350962264,1.30733064257088,0.60677310302611,1.55069444196419,1.30733064257088,1.00642117139372,1.55096379031123,3.24339546805566,0.798836627336654,0.803762424561806,0.498953727353203,1.55096379031123,0.803762424561806,1.55096379031123,0.180346909317862,0.803762424561806,1.55096379031123,1.55096379031123,1.55096379031123,0.146023428790641,0.803762424561806,1.55096379031123,1.55096379031123,1.55096379031123,1.55096379031123,0.798836627336654
1.68710802800688,0.651849947303632,1.10325282901874,1.72609068971928,0.762585543046612,2.49615974373139,2.18831379532182,2.80889241567884,1.11313299312795,0.694349793248451,1.11540480722588,2.65602445066267,3.0710906992484,2.61866214594473,0.677251275266985,0.658666099291775,0.980492249719149,1.15098405256821,2.97543901231506,1.15098405256821,0.940471399615554,0.492206754546727,0.76942998295263,3.16199461708786,3.16199461708786,1.29195938002799,0.590383541570331,1.52677676714523,1.29195938003432,0.991583480914667,1.52689325537041,3.23715656250922,0.787272278257088,0.791897559175817,0.492220877337157,1.52689325537041,0.791897559175817,1.52689325537041,0.177726881704229,0.791897559175817,1.52689325537041,1.52689325537041,1.52689325537041,0.143757139564403,0.791897559175817,1.52689325537041,1.52689325537041,1.52689325537041,1.52689325537041,0.787272278257088
1.62800644501778,0.620362495131471,1.13754623382859,1.74506838309854,0.780321963380236,2.51943890222661,2.19852527857365,2.80738747393591,1.14801874104152,0.711113660686968,1.15096646896375,2.7338294669525,3.10110150677531,2.6950978129228,0.665019702540057,0.679445237191162,0.987166163835166,1.1845354052474,2.99790017068522,1.18453540525892,0.948830741644202,0.496349481857695,0.765066588372156,3.18738896405793,3.18738896405793,1.30987331296396,0.592876241785628,1.54022877253391,1.30987331296938,1.00048877396979,1.5403451413712,3.2590433496097,0.792871186464212,0.798471020523396,0.496361408877218,1.5403451413712,0.798471020523396,1.5403451413712,0.179265065133396,0.798471020523396,1.5403451413712,1.5403451413712,1.5403451413712,0.145153791803436,0.798471020523396,1.5403451413712,1.5403451413712,1.5403451413712,1.5403451413712,0.792871186464212
1.66805138974335,0.655389939630317,1.12891049197536,1.74035670781088,0.788978793306133,2.49293000952311,2.20600101609586,2.85198164077818,1.15155462957167,0.698529938894714,1.14173062182127,2.72994252608573,3.09925794677087,2.6953538550532,0.6656636341991,0.64426251188835,0.97556653943821,1.18548671844108,2.99203032777086,1.18548671846795,0.915117913757707,0.493676959470089,0.763600397163183,3.18060744012975,3.18060744012975,1.30765149464096,0.512577264906181,1.53189396307985,1.30765149464096,0.996684657145732,1.53222741609813,3.24403609989778,0.79068443763903,0.793597026765825,0.493713916575509,1.53222741609813,0.793597026765825,1.53222741609813,0.178223174427133,0.793597026765825,1.53222741609813,1.53222741609813,1.53222741609813,0.144256940512801,0.793597026765825,1.53222741609813,1.53222741609813,1.53222741609813,1.53222741609813,0.79068443763903
1.56445130526522,0.697862773312294,1.13772996509292,1.59516095203409,0.763984385737812,2.44895136226689,2.10527287687561,2.77367537068074,1.14638284923219,0.707995618479598,1.15302198765799,2.61028982579293,3.05017855653213,2.57433710894706,0.674378749252708,0.665637115609676,0.986198987432252,1.18336417055712,2.94612719084599,1.18336417053611,0.951420630669822,0.49610669397366,0.767206076182792,3.15406517124387,3.15406517124387,1.31733344743447,0.56759412387711,1.54850167624064,1.31733344738119,0.998229180657348,1.54878817437758,3.2317819876706,0.794144158439836,0.799021399115114,0.496140353210065,1.54878817437758,0.799021399115114,1.54878817437758,0.179377862941265,0.799021399115114,1.54878817437758,1.54878817437758,1.54878817437758,0.145156532308012,0.799021399115114,1.54878817437758,1.54878817437758,1.54878817437758,1.54878817437758,0.794144158439836
1.57067622365048,0.625487442915018,1.13206762462286,1.60857325169192,0.746464996621583,2.41819618828157,2.13148423719641,2.75211848233984,1.14366411093047,0.706176187048373,1.14777198127185,2.66121482891087,3.0548805641293,2.62391060292456,0.660360073517938,0.655082444593366,0.988022878912107,1.18306638456806,2.95228309090275,1.1830663845731,0.945183415999648,0.496844848584313,0.76553667935226,3.15701835082773,3.15701835082773,1.31033418239243,0.547146934228741,1.55393126074174,1.31033418239324,1.00023737001586,1.55411914114063,3.23186152427369,0.795263086921513,0.798189932081443,0.496864100021583,1.55411914114063,0.798189932081443,1.55411914114063,0.179448816639154,0.798189932081443,1.55411914114063,1.55411914114063,1.55411914114063,0.145234444474702,0.798189932081443,1.55411914114063,1.55411914114063,1.55411914114063,1.55411914114063,0.795263086921513
1.57125318854018,0.673984606272192,1.14164807991147,1.57627567947518,0.75306452482266,2.44163460229172,2.11148432621274,2.77840322170893,1.15351714804442,0.715953596118452,1.15113155974656,2.60895825491277,3.05237899490667,2.56983901478964,0.708611927562674,0.68519103705442,0.99843865054763,1.18698280073433,2.94902205677762,1.18698280075636,0.961469854147357,0.498692641454733,0.774491291023419,3.14435802074951,3.14435802074951,1.32295781303088,0.612271787819269,1.55716819818037,1.32295781303088,1.00401241913667,1.55729467877172,3.22896488754681,0.797432922541991,0.801800623378955,0.49870918112054,1.55729467877172,0.801800623378955,1.55729467877172,0.180066138894178,0.801800623378955,1.55729467877172,1.55729467877172,1.55729467877172,0.145746739862781,0.801800623378955,1.55729467877172,1.55729467877172,1.55729467877172,1.55729467877172,0.797432922541991
1.66236253141392,0.628672647362603,1.13378150089135,1.67633248222526,0.778212576168022,2.4494127553672,2.14707937719143,2.77712617486802,1.14698469924514,0.691044747165222,1.14948715994138,2.69329423298442,3.07183729849807,2.65609387236941,0.652204294089665,0.638646348076609,0.977138954722297,1.1843357437797,2.96947289809414,1.18433574379175,0.932920439494759,0.492258660979753,0.765045548728352,3.16749247408637,3.16749247408637,1.30721925007765,0.534220723193058,1.53490069576395,1.30721925006835,0.990487282796273,1.53500148513904,3.23889211279421,0.785587935803259,0.790301569262888,0.492268833906236,1.53500148513904,0.790301569262888,1.53500148513904,0.177721019459787,0.790301569262888,1.53500148513904,1.53500148513904,1.53500148513904,0.143794707720619,0.790301569262888,1.53500148513904,1.53500148513904,1.53500148513904,1.53500148513904,0.785587935803259
1.60532246833657,0.64172683708493,1.12556098668436,1.68689584214937,0.775597291739662,2.43942243271523,2.155709816105,2.7736185286852,1.13824718929171,0.715712789734996,1.13226591158526,2.65427249900431,3.06336941298434,2.61021699021227,0.711979078216753,0.703021699920782,1.00123863815449,1.1733293585786,2.95423400470045,1.17332935856597,0.960033512636084,0.497056083046498,0.776545802689621,3.15034920910243,3.15034920910243,1.30889176774287,0.638701245104711,1.54674362413306,1.30889176774924,1.00458890263862,1.54685423144773,3.24004900487459,0.797608972347133,0.799640746208661,0.497070449273778,1.54685423144773,0.799640746208661,1.54685423144773,0.179861815695111,0.799640746208661,1.54685423144773,1.54685423144773,1.54685423144773,0.145617184530626,0.799640746208661,1.54685423144773,1.54685423144773,1.54685423144773,1.54685423144773,0.797608972347133
1.69178873975537,0.655610012770451,1.1183856879496,1.78810541628709,0.750424989871523,2.50050073832708,2.28460107335185,2.84061572981001,1.13167427594576,0.708461217228577,1.12548705532132,2.79004043957662,3.10283986151213,2.74570908539018,0.700800215341899,0.682854198224469,0.995574413816573,1.16873816119307,3.00278303385952,1.16873816119644,0.951062080629595,0.494335930787604,0.768194588318216,3.17617200190759,3.17617200190759,1.29167428051534,0.555706558345775,1.53628334408439,1.29167428050959,0.993942332547548,1.53646515898057,3.25156653854836,0.790725161852111,0.794960962600672,0.494358393336676,1.53646515898057,0.794960962600672,1.53646515898057,0.178522856619474,0.794960962600672,1.53646515898057,1.53646515898057,1.53646515898057,0.14448488840527,0.794960962600672,1.53646515898057,1.53646515898057,1.53646515898057,1.53646515898057,0.790725161852111
1.64683848516088,0.656234549600272,1.12007197705596,1.62775098153655,0.744004362741569,2.43674943431835,2.1534700733856,2.78339953832132,1.13499852001202,0.695489549657652,1.13824002988915,2.67568773077874,3.05070442363792,2.6389976671278,0.659497047632049,0.650674978257082,0.978728586123902,1.17740040520188,2.93059422012473,1.17740040519663,0.925501471723073,0.496030819432181,0.772496053106706,3.15916045686112,3.15916045686112,1.29986016182268,0.546215710067156,1.54773978239616,1.29986016182268,0.998453085789521,1.5478670405268,3.2310903335453,0.793165876399516,0.798807896157383,0.496045193051132,1.5478670405268,0.798807896157383,1.5478670405268,0.179343349970293,0.798807896157383,1.5478670405268,1.5478670405268,1.5478670405268,0.145162927438639,0.798807896157383,1.5478670405268,1.5478670405268,1.5478670405268,1.5478670405268,0.793165876399516
1.73124262623363,0.701745271426531,1.12807566829641,1.75616894889656,0.804714132535247,2.50818772021307,2.18934973194677,2.83387081259681,1.13663780037429,0.692700611152772,1.13953611747576,2.68332880519876,3.08327722746236,2.64526098115476,0.690007490741086,0.662192631310073,0.983346753280189,1.17125124914455,2.97869628030551,1.17125124913521,0.948913636740635,0.492136376305872,0.77449903054534,3.16787156479103,3.16787156479103,1.30298401758541,0.550645065744601,1.53302581638052,1.3029840175706,0.992868476372227,1.53314121552758,3.24202057920409,0.789100567659465,0.791954243389438,0.492151056487516,1.53314121552758,0.791954243389438,1.53314121552758,0.17793372366522,0.791954243389438,1.53314121552758,1.53314121552758,1.53314121552758,0.144051256030137,0.791954243389438,1.53314121552758,1.53314121552758,1.53314121552758,1.53314121552758,0.789100567659465
1.69918762697434,0.677179057070366,1.12468106300685,1.70407443929044,0.790211905498393,2.44885355940263,2.14078746065702,2.77693979889314,1.13388040109961,0.70368991461485,1.13216991367178,2.64488869751492,3.07068564480426,2.60587108091221,0.687306177970322,0.697311445816169,0.984391304964497,1.16534244339565,2.95846484508181,1.16534244339627,0.950857274272898,0.492787506583516,0.7753012590023,3.15080300298305,3.15080300298305,1.29926734098368,0.566778554489833,1.53593488188936,1.29926734098041,0.995216280083454,1.53607847353229,3.23025189145397,0.788232462881993,0.792000863990156,0.492803863771755,1.53607847353229,0.792000863990156,1.53607847353229,0.177859879088988,0.792000863990156,1.53607847353229,1.53607847353229,1.53607847353229,0.144019004218853,0.792000863990156,1.53607847353229,1.53607847353229,1.53607847353229,1.53607847353229,0.788232462881993
1.67502916491725,0.669211030541869,1.12010335415218,1.76436526433266,0.771387215901201,2.55932382709802,2.23735174765888,2.87835560558148,1.13886010504131,0.697895432007193,1.13247586880349,2.7178843457865,3.09134788745714,2.68606802782342,0.681209900069563,0.622294210359463,0.979794902216651,1.17373718529176,2.97381497814541,1.17373718527244,0.918333726235217,0.49694676833152,0.766075944029066,3.17079807520138,3.17079807520138,1.29785351695167,0.569391901745877,1.55408517756454,1.29785351695226,1.00362965947191,1.55424639661216,3.22964994095816,0.794167370493497,0.798919608050392,0.496966448592096,1.55424639661216,0.798919608050392,1.55424639661216,0.179484888251643,0.798919608050392,1.55424639661216,1.55424639661216,1.55424639661216,0.14522737594471,0.798919608050392,1.55424639661216,1.55424639661216,1.55424639661216,1.55424639661216,0.794167370493497
1.69579788503199,0.63551993575552,1.10971032212604,1.7906306335678,0.763453262610893,2.57310741604104,2.24966976279084,2.87258865483782,1.11985424262678,0.704617758704741,1.11709407992333,2.72180060698045,3.10607160587982,2.68512275742135,0.699255671370414,0.673841647108623,0.979486749394498,1.15252671825552,2.98594968877688,1.15252671824873,0.937248020312439,0.493130681624346,0.765951717251407,3.17831439643653,3.17831439643653,1.28237212375122,0.599245695730533,1.53879632751248,1.28237212375068,0.994900603401065,1.53908994448083,3.24651484683808,0.790306750718057,0.793754900588216,0.493168111399605,1.53908994448083,0.793754900588216,1.53908994448083,0.178262350523724,0.793754900588216,1.53908994448083,1.53908994448083,1.53908994448083,0.144329493963742,0.793754900588216,1.53908994448083,1.53908994448083,1.53908994448083,1.53908994448083,0.790306750718057
1.71558585658631,0.720497139678875,1.14315342316291,1.77663927679123,0.814085823905159,2.54971088977526,2.22603191505665,2.86085383992998,1.149664061277,0.705226434791606,1.15773123225255,2.73572061995366,3.07285490710466,2.69224250975215,0.716956902994228,0.70109366608498,0.992032683047983,1.1886668004947,2.98568145444584,1.1886668004933,0.967587442963994,0.493634339782359,0.775071364394042,3.16356640973151,3.16356640973151,1.31060718488644,0.587226551605391,1.53157912196609,1.31060718488848,0.994876815557974,1.53167065763181,3.24229091950095,0.789157107532191,0.794182320197824,0.493649048534834,1.53167065763181,0.794182320197824,1.53167065763181,0.178117580220555,0.794182320197824,1.53167065763181,1.53167065763181,1.53167065763181,0.144283722079735,0.794182320197824,1.53167065763181,1.53167065763181,1.53167065763181,1.53167065763181,0.789157107532191
1.564750285876,0.668791790835207,1.13530518957153,1.63722343961085,0.807990742418277,2.43549831323394,2.08840515848951,2.79127778551246,1.14690999714369,0.70251562799227,1.15003315926212,2.5894708220163,3.05680042437367,2.55534337998372,0.671477215403362,0.668868581454192,0.976971704932819,1.18151544367458,2.95347523135405,1.1815154436707,0.937024240157505,0.492940224212107,0.761562637921671,3.15939772485393,3.15939772485393,1.31797876725142,0.527851445594451,1.53881674706575,1.31797876725142,0.991005349154756,1.53901942284892,3.23553851713902,0.787017593002062,0.791261906695857,0.49296459619421,1.53901942284892,0.791261906695857,1.53901942284892,0.177864819436434,0.791261906695857,1.53901942284892,1.53901942284892,1.53901942284892,0.144058101414034,0.791261906695857,1.53901942284892,1.53901942284892,1.53901942284892,1.53901942284892,0.787017593002062
1.73387700487299,0.636576536260969,1.12718972201015,1.7607613889136,0.767525428803052,2.56663297100873,2.23581023672202,2.85927288223873,1.13342279574261,0.701389444527977,1.13764242293081,2.71630421371705,3.091872795816,2.67984070069033,0.698793780966454,0.668274666795445,0.985478039888505,1.16838724915087,2.97319143918119,1.16838724914568,0.951209638310669,0.496375788540993,0.776431653824567,3.17055352670997,3.17055352670997,1.29727445831703,0.585859846918575,1.55276095866692,1.29727445831703,0.999792531256476,1.55294383678665,3.23863170625953,0.795635453042028,0.798762092808873,0.496399143112051,1.55294383678665,0.798762092808873,1.55294383678665,0.179587271345076,0.798762092808873,1.55294383678665,1.55294383678665,1.55294383678665,0.145320098638832,0.798762092808873,1.55294383678665,1.55294383678665,1.55294383678665,1.55294383678665,0.795635453042028
1.67251137175508,0.691257844222506,1.13902111304254,1.66782952772864,0.766867094312678,2.51037719774327,2.196130236938,2.84322221317567,1.1488997428434,0.705332598441034,1.15417734120506,2.68664082028906,3.06884400103305,2.6461778824008,0.704887375313701,0.687518028367151,0.994720620653157,1.18821361546027,3.00026757234297,1.18821361546134,0.965691033303821,0.494669741300362,0.77190257891102,3.16533685906106,3.16533685906106,1.32293681611007,0.573126614834468,1.5373585749178,1.3229368161124,0.998171952537177,1.53745620409447,3.24406565839284,0.790284640802316,0.795928044908343,0.494684358283952,1.53745620409447,0.795928044908343,1.53745620409447,0.178630890474309,0.795928044908343,1.53745620409447,1.53745620409447,1.53745620409447,0.144538524891776,0.795928044908343,1.53745620409447,1.53745620409447,1.53745620409447,1.53745620409447,0.790284640802316
1.65113670948382,0.663174213395264,1.12496883832512,1.64134280497947,0.777742542356912,2.38374053529828,2.11437875567134,2.73919651118989,1.13824345427009,0.70429014852283,1.13849550991196,2.62541793546351,3.04652158299125,2.58671470456903,0.672043625836182,0.67920273997004,0.991110035313918,1.17713575117559,2.95424407190155,1.17713575117628,0.948692602407053,0.496426777566527,0.779370992573035,3.14994527762963,3.14994527762963,1.31340050180713,0.557462645690297,1.55103756144164,1.31340050180713,1.00330875368279,1.55115892384501,3.23167223452757,0.792987101958105,0.798665415764991,0.496440073375172,1.55115892384501,0.798665415764991,1.55115892384501,0.179334331991341,0.798665415764991,1.55115892384501,1.55115892384501,1.55115892384501,0.145123320698923,0.798665415764991,1.55115892384501,1.55115892384501,1.55115892384501,1.55115892384501,0.792987101958105
1.64489518465765,0.639310434887087,1.11107494835692,1.64285709485404,0.745095888285185,2.39747812535679,2.14747020119095,2.73186859401095,1.12740747517164,0.698958011716686,1.12706940953486,2.6352408270854,3.02768534749184,2.59652957782639,0.664933741227658,0.658844975856764,0.994100152096171,1.1717113489348,2.95638761982872,1.1717113489246,0.943209742275493,0.495311687206357,0.776564409348967,3.13537348445069,3.13537348445069,1.31403180195945,0.600583159255133,1.54491046183099,1.31403180194723,0.996715261149218,1.54501328720791,3.21436023120558,0.793465168562967,0.795641640652763,0.495323061032084,1.54501328720791,0.795641640652763,1.54501328720791,0.17902772889522,0.795641640652763,1.54501328720791,1.54501328720791,1.54501328720791,0.144802842203789,0.795641640652763,1.54501328720791,1.54501328720791,1.54501328720791,1.54501328720791,0.793465168562967
1.69234529182171,0.663147028540659,1.11772469076563,1.70688207015801,0.73710549458208,2.58146827608757,2.22884907105318,2.88530716905113,1.12951268311184,0.702496418611229,1.12614205171082,2.68718204803675,3.10338915020531,2.65532316303756,0.691472331095995,0.659946985020322,0.976840171193478,1.15938266348447,2.99223608807682,1.15938266349271,0.931127692422071,0.49232007078452,0.763104010195297,3.1727087630089,3.1727087630089,1.29467867010971,0.559973147885077,1.53844440697191,1.29467867010971,0.993916161043569,1.53872162741466,3.23423661825742,0.789957629133986,0.791313969753312,0.492354585235246,1.53872162741466,0.791313969753312,1.53872162741466,0.177967799552779,0.791313969753312,1.53872162741466,1.53872162741466,1.53872162741466,0.144115138089583,0.791313969753312,1.53872162741466,1.53872162741466,1.53872162741466,1.53872162741466,0.789957629133986
1.63563637958575,0.640389516021785,1.13847614961179,1.67757354129938,0.762286209119692,2.51690214527853,2.1704967667561,2.81954229059459,1.15426120447287,0.702482528088903,1.15225293580181,2.7167258802639,3.08608299576507,2.68234679637928,0.656806666565583,0.663538559565817,0.97313234883462,1.18787533530462,2.95764168887185,1.18787533530172,0.919453760851194,0.493062610422768,0.760570478335786,3.17024445397533,3.17024445397533,1.30309205827294,0.565593519947123,1.53925780502324,1.30309205828424,0.994683281873766,1.53939943077297,3.23386449965895,0.78931059605297,0.793323437255591,0.493077075898802,1.53939943077297,0.793323437255591,1.53939943077297,0.178322242900168,0.793323437255591,1.53939943077297,1.53939943077297,1.53939943077297,0.144283159913129,0.793323437255591,1.53939943077297,1.53939943077297,1.53939943077297,1.53939943077297,0.78931059605297
1.75128642860504,0.660091589793097,1.15167075076426,1.75812606673676,0.788365231908007,2.51187613268188,2.22962236003341,2.82643702458524,1.16001159800572,0.708388881383005,1.16250864251753,2.78162684195655,3.10295144418194,2.73635756488294,0.698239110949446,0.698898406947853,0.997558765885667,1.19625434825371,2.99789208432647,1.19625434824352,0.96777444152408,0.497125928017282,0.781411028292323,3.18391247294749,3.18391247294749,1.31343820226835,0.574207077756755,1.54469506556882,1.31343820226422,1.0016109783791,1.54478657682788,3.26278616353685,0.793702491994977,0.796872593866938,0.497137027939468,1.54478657682788,0.796872593866938,1.54478657682788,0.179596385846777,0.796872593866938,1.54478657682788,1.54478657682788,1.54478657682788,0.145320874685835,0.796872593866938,1.54478657682788,1.54478657682788,1.54478657682788,1.54478657682788,0.793702491994977
1.62168765868089,0.675705566686017,1.13425458498168,1.61109108150482,0.780943078587174,2.40934664092669,2.09947771574505,2.7631508523189,1.14417460968676,0.700453740849653,1.14885886545377,2.59618559025969,3.03531503599471,2.55924248991004,0.6820612253312,0.661278039594504,0.989687424012228,1.18145632118376,2.93071281473215,1.18145632119191,0.950554252752547,0.495873285032392,0.776156181542606,3.13961991051419,3.13961991051419,1.31539192024906,0.544281108412134,1.54540837750533,1.31539192026007,1.00191583679093,1.54553643666706,3.22015512335127,0.794978329533767,0.798046789633149,0.495889172897437,1.54553643666706,0.798046789633149,1.54553643666706,0.179328408112252,0.798046789633149,1.54553643666706,1.54553643666706,1.54553643666706,0.14515088222391,0.798046789633149,1.54553643666706,1.54553643666706,1.54553643666706,1.54553643666706,0.794978329533767
1.6314495159492,0.643096911309214,1.13668747913887,1.70778123752468,0.77869540349684,2.55375315062566,2.19126845978439,2.86905634568606,1.14666808390037,0.710844861939827,1.14707636192585,2.67878896230901,3.08897522470372,2.64501413713337,0.698765246029135,0.67394270445665,0.978971147881205,1.1775900201665,2.9640520223049,1.17759002016775,0.938247272290156,0.494827819845212,0.766356664204167,3.16590319051631,3.16590319051631,1.30589861012444,0.551220185242823,1.54479607340664,1.30589861012444,0.997533668297213,1.54505589099253,3.23188457139026,0.793312457675556,0.794955201920915,0.494862097997244,1.54505589099253,0.794955201920915,1.54505589099253,0.178833924204237,0.794955201920915,1.54505589099253,1.54505589099253,1.54505589099253,0.144778761493666,0.794955201920915,1.54505589099253,1.54505589099253,1.54505589099253,1.54505589099253,0.793312457675556
1.67018877097685,0.677127487924418,1.11993338152335,1.69625162555485,0.763776626246845,2.48036423567165,2.19767929280238,2.84224322217607,1.13567005032119,0.706693261436967,1.13538230954725,2.67382177417646,3.08028643294703,2.64182604646887,0.667050584285044,0.666354943426969,0.981626904520886,1.1737272623807,2.96379900000969,1.1737272623878,0.924977135352658,0.498315695589783,0.774167567889093,3.17304177652232,3.17304177652232,1.30742556595722,0.499441136136724,1.55112760920997,1.30742556595623,1.0053043458504,1.55143924805455,3.23646996078438,0.799284300260139,0.801152786548457,0.498351609017838,1.55143924805455,0.801152786548457,1.55143924805455,0.180252450864138,0.801152786548457,1.55143924805455,1.55143924805455,1.55143924805455,0.145908089859778,0.801152786548457,1.55143924805455,1.55143924805455,1.55143924805455,1.55143924805455,0.799284300260139
1.58001740695021,0.690407207030674,1.13460711932465,1.59839722840617,0.80240257643436,2.35532096341273,2.03888507250493,2.69866094441305,1.14536191918319,0.698784322953869,1.14941495759312,2.58250770734456,3.013599222856,2.54168633060282,0.674294053240169,0.669526782273898,0.984175462927119,1.18336245278923,2.88453989642962,1.1833624527872,0.944041061987972,0.493929012909633,0.776187428390194,3.12921191209715,3.12921191209715,1.30669290652328,0.589772697337091,1.54408200613456,1.30669290652328,0.997696619309127,1.5441776320618,3.21979485437544,0.792834568547576,0.796020351456199,0.493940142452289,1.5441776320618,0.796020351456199,1.5441776320618,0.17876192043875,0.796020351456199,1.5441776320618,1.5441776320618,1.5441776320618,0.144611648092682,0.796020351456199,1.5441776320618,1.5441776320618,1.5441776320618,1.5441776320618,0.792834568547576
1.69583803395416,0.676700723024537,1.13568927885302,1.80079226203069,0.791073599015851,2.56922560456766,2.26063783670301,2.8936198006389,1.15216515980695,0.712480535657953,1.14673074260271,2.73988447099542,3.10882583359679,2.70854968943236,0.684905726589977,0.670126117069056,0.984344612740293,1.18447028243027,3.00157457098098,1.18447028241261,0.930134938424423,0.498281756840758,0.769184194124089,3.17944466580808,3.17944466580808,1.31267129100884,0.520083691008446,1.55508227717239,1.31267129102073,1.00594866626277,1.5552113699273,3.23610912723447,0.796391690776405,0.799864378446371,0.498296918617499,1.5552113699273,0.799864378446371,1.5552113699273,0.180092864319792,0.799864378446371,1.5552113699273,1.5552113699273,1.5552113699273,0.14574123096923,0.799864378446371,1.5552113699273,1.5552113699273,1.5552113699273,1.5552113699273,0.796391690776405
1.66003784011591,0.651262897255882,1.12630339332141,1.74316609297081,0.805587614696403,2.48929095531101,2.18685893274368,2.84924773355005,1.14351787359009,0.710669354941082,1.14186266002425,2.6711486400742,3.0861997538656,2.63970790013024,0.668024175240691,0.675684390922148,0.985844763147738,1.18081281268488,2.96963704487335,1.18081281266861,0.923864805185335,0.499916052803177,0.773365053670373,3.18034080751937,3.18034080751937,1.31115366022862,0.511762886270904,1.55674715025469,1.31115366020895,1.00737720942685,1.55689730886682,3.24350492009953,0.799659237513391,0.802569187305643,0.499933409796897,1.55689730886682,0.802569187305643,1.55689730886682,0.180652138616222,0.802569187305643,1.55689730886682,1.55689730886682,1.55689730886682,0.146278872798506,0.802569187305643,1.55689730886682,1.55689730886682,1.55689730886682,1.55689730886682,0.799659237513391
1.62616730012947,0.667736742331541,1.12295271691363,1.62627593464084,0.757609752100939,2.40435295368249,2.13740224198696,2.77832725942522,1.14142229500237,0.702819438748766,1.13609391283652,2.6375263096139,3.0679195649621,2.60259078776835,0.66538537023459,0.651432185267175,0.987487275995579,1.17815514894253,2.97353946374096,1.17815514891834,0.933500440549306,0.496556350797479,0.771433798817681,3.16416605976093,3.16416605976093,1.31600731392694,0.524604443714339,1.5509474200317,1.31600731396905,1.00214613017178,1.55114616641642,3.23709238549111,0.795417315324775,0.799105209788425,0.496577363632604,1.55114616641642,0.799105209788425,1.55114616641642,0.179393903729573,0.799105209788425,1.55114616641642,1.55114616641642,1.55114616641642,0.145310148410396,0.799105209788425,1.55114616641642,1.55114616641642,1.55114616641642,1.55114616641642,0.795417315324775
1.62218337281479,0.705300073023098,1.1500396124622,1.65661490121026,0.761452639117663,2.50105594650064,2.18704114356969,2.82166209822705,1.15833893370715,0.713628726173186,1.1603751500784,2.71896016630634,3.05559211851776,2.67324033804041,0.731317670598956,0.691689645409455,0.997005324063743,1.19438495404719,2.93138738693409,1.19438495404677,0.963429581087423,0.496988344176587,0.776014323120727,3.14221781648925,3.14221781648925,1.30871767730775,0.613097495275883,1.54994470345867,1.30871767728883,1.00195627324615,1.55012584201324,3.22591459861756,0.795405181487657,0.797392722719429,0.497016342703033,1.55012584201324,0.797392722719429,1.55012584201324,0.179525355728548,0.797392722719429,1.55012584201324,1.55012584201324,1.55012584201324,0.145307035069381,0.797392722719429,1.55012584201324,1.55012584201324,1.55012584201324,1.55012584201324,0.795405181487657
1.66031893567974,0.668829634557596,1.12333940729057,1.71380735037311,0.74046600074803,2.50518635137603,2.24476125302657,2.83266030696907,1.13841921636823,0.695539529802288,1.14345768970661,2.74557026424769,3.07659925772471,2.71174028032631,0.643218931029661,0.616879082791387,0.978303050718421,1.18136931936963,3.0072084056438,1.18136931936818,0.930313029793238,0.491596926950997,0.7583366130064,3.16941877641877,3.16941877641877,1.30992338331563,0.494622757412393,1.52975360167798,1.30992338331563,0.990774549662409,1.53003239609708,3.22921368197411,0.788466190517975,0.790993319039831,0.491626252130054,1.53003239609708,0.790993319039831,1.53003239609708,0.177679331388716,0.790993319039831,1.53003239609708,1.53003239609708,1.53003239609708,0.143779452315031,0.790993319039831,1.53003239609708,1.53003239609708,1.53003239609708,1.53003239609708,0.788466190517975
1.55384150779612,0.622033963755095,1.12549639645027,1.5983849056131,0.751609363591687,2.39264693551231,2.12010809097031,2.76240937101752,1.14485461475675,0.702909606297466,1.13496231487231,2.66661819867981,3.05799000574704,2.62232536145453,0.692859926648899,0.659344798375198,0.986754672855123,1.18010351287383,2.94413354720853,1.1801035128877,0.935098165621947,0.492228996727209,0.764051414195536,3.15217736118179,3.15217736118179,1.30266867320025,0.591382914150856,1.5377530812768,1.30266867322014,0.990336628422894,1.537977390314,3.24044325254198,0.78834962068528,0.789160439589517,0.492256692982482,1.537977390314,0.789160439589517,1.537977390314,0.177796768674083,0.789160439589517,1.537977390314,1.537977390314,1.537977390314,0.143873301549524,0.789160439589517,1.537977390314,1.537977390314,1.537977390314,1.537977390314,0.78834962068528
1.67062063803083,0.702624783477331,1.15295343303011,1.7291730723051,0.807519621113682,2.51797501429909,2.17296064759422,2.81943580758958,1.16640432365036,0.702511950242339,1.16889174366007,2.6964891010498,3.08805913231366,2.66391575474786,0.656396329579898,0.64022750022243,0.98869566020952,1.20176575250885,2.98983009428659,1.20176575249146,0.941275637228779,0.498224995371222,0.772017355852657,3.17690917325202,3.17690917325202,1.32840249357745,0.551004997899526,1.55355316562943,1.32840249357888,1.00432213060349,1.55368622644632,3.23966889313263,0.798700220684318,0.802121065848005,0.498238329076709,1.55368622644632,0.802121065848005,1.55368622644632,0.180277486535564,0.802121065848005,1.55368622644632,1.55368622644632,1.55368622644632,0.145883665401598,0.802121065848005,1.55368622644632,1.55368622644632,1.55368622644632,1.55368622644632,0.798700220684318
1.68264243417122,0.691789444314436,1.12724036660667,1.7244337597782,0.794442290432835,2.51644286575455,2.15931729105282,2.80598856041687,1.13604894401467,0.695100238881762,1.14240707277413,2.65529738649052,3.06126050446811,2.61981062913941,0.670235773350804,0.653728412783712,0.977503021396249,1.17316686333947,2.95655799139639,1.17316686333806,0.940135495929761,0.492984436709256,0.769397410566585,3.15559861363503,3.15559861363503,1.30566439496416,0.596280167772134,1.53508550419152,1.30566439496416,0.996135573741649,1.53523668648801,3.22650081392124,0.787669450976015,0.792024291704932,0.49300232609668,1.53523668648801,0.792024291704932,1.53523668648801,0.178039746262193,0.792024291704932,1.53523668648801,1.53523668648801,1.53523668648801,0.14415607957344,0.792024291704932,1.53523668648801,1.53523668648801,1.53523668648801,1.53523668648801,0.787669450976015
1.6486643393135,0.680690549663658,1.14132284806902,1.69931671836345,0.793848583589576,2.48992418754869,2.17689479534622,2.8183202709107,1.15372739334195,0.708594094583311,1.15290500348169,2.69392689534817,3.0551331794867,2.64934709691915,0.718779863442673,0.6968271936517,0.993437869193525,1.19061401335036,2.96587168303645,1.19061401335179,0.95901773540787,0.492601973007738,0.772335792211413,3.14600917661409,3.14600917661409,1.31617435150533,0.616859884202885,1.53665962397104,1.31617435150601,0.994890746353386,1.53676524582318,3.23058864322379,0.787177967380176,0.790881616871644,0.492618072533805,1.53676524582318,0.790881616871644,1.53676524582318,0.17796763598688,0.790881616871644,1.53676524582318,1.53676524582318,1.53676524582318,0.14406288928783,0.790881616871644,1.53676524582318,1.53676524582318,1.53676524582318,1.53676524582318,0.787177967380176
1.73065463758535,0.619581770558624,1.11184005742976,1.71955776856022,0.756636602808629,2.54613483867795,2.22157690341834,2.86956486692849,1.12030163563177,0.692485581232483,1.12912936313165,2.67517683780734,3.08262495557761,2.64459383633119,0.661211702611906,0.651269529760468,0.975411627993003,1.15898185985486,2.9952305008337,1.15898185985486,0.93239960951626,0.491557783758747,0.766133887578363,3.17433456420118,3.17433456419901,1.29617909344246,0.49855759254633,1.5364107041822,1.29617909344713,0.994371623089767,1.53666201258831,3.23439368464041,0.787659229399881,0.79068539973043,0.491588525837988,1.53666201258831,0.79068539973043,1.53666201258831,0.17788610282375,0.79068539973043,1.53666201258831,1.53666201258831,1.53666201258831,0.143932846711582,0.79068539973043,1.53666201258831,1.53666201258831,1.53666201258831,1.53666201258831,0.787659229399881
1.78020003172214,0.644378760751656,1.15373277514262,1.80644970479994,0.805613236653721,2.56028230265966,2.25183471478753,2.86541712520174,1.16771664075123,0.702467260123678,1.16495564702838,2.74797311997716,3.12058073165747,2.71448360620849,0.677690166116109,0.642163090272361,0.997711762263196,1.20031428978703,3.03859803413612,1.20031428979229,0.956385027793454,0.500444178230564,0.780697829269179,3.19183134141997,3.19183134141997,1.33570378043524,0.541419834463482,1.55797322160369,1.33570378042624,1.00725858305736,1.55811969655026,3.2526747770667,0.800653992046497,0.804117524209442,0.500459480256357,1.55811969655026,0.804117524209442,1.55811969655026,0.180863868574244,0.804117524209442,1.55811969655026,1.55811969655026,1.55811969655026,0.146393206379571,0.804117524209442,1.55811969655026,1.55811969655026,1.55811969655026,1.55811969655026,0.800653992046497
1.67692274516167,0.705176226981244,1.15451129152745,1.67668315881934,0.809287094531653,2.41294759930109,2.13918505991369,2.78146618091369,1.17141979522615,0.706912507304457,1.1636731263626,2.68745566842354,3.06571567808043,2.64400404331717,0.706832336696871,0.67856319358771,0.998559232006103,1.20462836433766,2.94430801641104,1.20462836434281,0.952672261109021,0.499219189013757,0.786991415327638,3.15178270359782,3.15178270359782,1.32554431134673,0.56471070952988,1.55391625950956,1.3255443113417,1.00697229901662,1.5540525933733,3.23592260445273,0.797916605235793,0.803568093549878,0.499236257452497,1.5540525933733,0.803568093549878,1.5540525933733,0.180315477406108,0.803568093549878,1.5540525933733,1.5540525933733,1.5540525933733,0.145963356361872,0.803568093549878,1.5540525933733,1.5540525933733,1.5540525933733,1.5540525933733,0.797916605235793
1.67437038249033,0.683114824195035,1.1449623339006,1.63901739091263,0.787772557926424,2.4253097230295,2.1256069659786,2.78076460120781,1.15688444916647,0.712213790963041,1.15411375721837,2.6206885558504,3.05149277343837,2.58180457685243,0.705481791020948,0.712658242749763,0.996241254820696,1.18928480446515,2.95159444133458,1.18928480446505,0.961092867612674,0.496034970123977,0.781566181113236,3.1369272707498,3.1369272707498,1.32671006330541,0.557322760685872,1.5476716063171,1.32671006330491,1.00248385144619,1.54796081340947,3.21858898600679,0.794968711288719,0.798799070990315,0.496072138495465,1.54796081340947,0.798799070990315,1.54796081340947,0.179372516303135,0.798799070990315,1.54796081340947,1.54796081340947,1.54796081340947,0.145179674529548,0.798799070990315,1.54796081340947,1.54796081340947,1.54796081340947,1.54796081340947,0.794968711288719
1.60927133863549,0.704339873299148,1.13608450822919,1.62370238685822,0.786794145704371,2.44360764425337,2.08324527021367,2.76531894397461,1.14783034374812,0.698864671693759,1.14887629996166,2.60774663301681,3.05427032531561,2.57256552263263,0.665117073576136,0.661898196108211,0.97242344888298,1.1801346686248,2.92638206881129,1.1801346686281,0.93037858922563,0.492379118770705,0.764623667757782,3.14760043240566,3.14760043240566,1.30869671172998,0.562496667269552,1.5308065394675,1.30869671173459,0.993552891532211,1.53094948569646,3.22275114179262,0.786555515794445,0.791789263106053,0.492394701418752,1.53094948569646,0.791789263106053,1.53094948569646,0.177711326619586,0.791789263106053,1.53094948569646,1.53094948569646,1.53094948569646,0.143878868494101,0.791789263106053,1.53094948569646,1.53094948569646,1.53094948569646,1.53094948569646,0.786555515794445
1.64972185348925,0.64895324996353,1.14469262625054,1.64554939092412,0.760603563766229,2.47129492726611,2.15727866809394,2.80353199897358,1.16059545528853,0.701257564110742,1.15763406394508,2.68190210763732,3.0902777399165,2.64823541903697,0.658431817837233,0.636920742973316,0.982145597313934,1.1934643936991,2.97866404506948,1.19346439370806,0.932903808784532,0.496637119505505,0.769117355567002,3.17409270912076,3.17409270912076,1.32378794102227,0.522883536992873,1.5449424116687,1.323787941011,0.999578701047687,1.54509965869818,3.23997671609312,0.796344921055209,0.797526525554347,0.49665249956906,1.54509965869818,0.797526525554347,1.54509965869818,0.179474134238796,0.797526525554347,1.54509965869818,1.54509965869818,1.54509965869818,0.145239372076455,0.797526525554347,1.54509965869818,1.54509965869818,1.54509965869818,1.54509965869818,0.796344921055209
1.55689356769959,0.647251868179385,1.11189513856542,1.66817605682792,0.789307885178262,2.42113027642251,2.10823969090189,2.78131520446886,1.12874280944244,0.698468997195918,1.12570674670219,2.60610672374994,3.06268052682717,2.57381778965659,0.656672789618422,0.624108846447856,0.97281010708082,1.16445356750978,2.93292515723372,1.16445356751244,0.91500914820504,0.495005861524618,0.762042049970491,3.16291720290035,3.16291720290035,1.29743527492888,0.535688234597728,1.54663548386517,1.29743527492888,0.995854214408771,1.54683581635697,3.23337825238296,0.790447833650801,0.794602312103459,0.495026910966635,1.54683581635697,0.794602312103459,1.54683581635697,0.178669006168152,0.794602312103459,1.54683581635697,1.54683581635697,1.54683581635697,0.144592983705015,0.794602312103459,1.54683581635697,1.54683581635697,1.54683581635697,1.54683581635697,0.790447833650801
1.63705648037617,0.673595747866987,1.12942530205221,1.70732553063905,0.794623159676977,2.45246798513727,2.15391322420968,2.79045118492502,1.14614748029834,0.701696179371344,1.1477989107327,2.70121457142562,3.07267556767093,2.66565041322907,0.644070548933435,0.666549205586584,0.977486164785169,1.18608990871642,2.95946492022632,1.18608990871351,0.919836598837928,0.494554797299564,0.767443169723644,3.17578555882695,3.17578555882695,1.30378841661011,0.52898203080995,1.53835112407361,1.30378841661244,0.99451172441227,1.53849720360436,3.24368215600056,0.790186929917675,0.79486948170033,0.494569495207575,1.53849720360436,0.79486948170033,1.53849720360436,0.178685506386659,0.79486948170033,1.53849720360436,1.53849720360436,1.53849720360436,0.144622920646493,0.79486948170033,1.53849720360436,1.53849720360436,1.53849720360436,1.53849720360436,0.790186929917675
1.68746287079017,0.657700371921871,1.13683882177856,1.70767304155308,0.797451042211897,2.47992775294309,2.14935568076289,2.78919075055534,1.14639017945068,0.706596087924633,1.14873872306029,2.68817054785732,3.06636189015165,2.64575601633791,0.691604166994195,0.70375120736188,0.985010387700719,1.18246749973664,2.9409671073167,1.18246749973667,0.948505209439778,0.494226702498272,0.778838501038248,3.15908808188669,3.15908808188669,1.3035843765952,0.614712317366326,1.5411737245849,1.3035843765952,0.994601467402986,1.54127419472606,3.24121343077157,0.791262827566493,0.793112139978513,0.494239205484415,1.54127419472606,0.793112139978513,1.54127419472606,0.178607732825465,0.793112139978513,1.54127419472606,1.54127419472606,1.54127419472606,0.144551398227827,0.793112139978513,1.54127419472606,1.54127419472606,1.54127419472606,1.54127419472606,0.791262827566493
1.61389189589275,0.670108645254804,1.14838824938091,1.63769834208036,0.796166544054317,2.39672434691403,2.10438561796247,2.74232323526471,1.15749960139683,0.709731097974182,1.15767850882037,2.64854263774811,3.03431368232622,2.60328440325628,0.709389190622139,0.694877549600416,0.994949065977126,1.19185973452505,2.9077082492136,1.19185973450286,0.962921044105168,0.495269087852713,0.779074805932103,3.12620866258885,3.12620866258885,1.31298276485215,0.586112776269482,1.5500093675974,1.31298276485215,1.00144560974332,1.5502864152353,3.2169373076513,0.793817911521699,0.795189269424679,0.495305027416522,1.5502864152353,0.795189269424679,1.5502864152353,0.179192357697789,0.795189269424679,1.5502864152353,1.5502864152353,1.5502864152353,0.145016038764598,0.795189269424679,1.5502864152353,1.5502864152353,1.5502864152353,1.5502864152353,0.793817911521699
1.74127179352136,0.676368070835284,1.12283506361593,1.81435489992606,0.778489114431561,2.56379316980661,2.2891919206007,2.87742621245554,1.13972221475348,0.708974498114149,1.13827942181155,2.76527168984225,3.08402912217261,2.72704568735409,0.697010388496834,0.696976480968572,0.993924889380599,1.18274225376127,3.00731644941482,1.18274225375981,0.943431040479389,0.496551132721211,0.774934872540651,3.17249733299633,3.17249733299633,1.31144640569639,0.603987792269687,1.54928546570728,1.31144640569639,0.999850634323047,1.5493771979476,3.23921253940844,0.796464980113616,0.797217660343288,0.496564134677468,1.5493771979476,0.797217660343288,1.5493771979476,0.179536597718257,0.797217660343288,1.5493771979476,1.5493771979476,1.5493771979476,0.145205848562594,0.797217660343288,1.5493771979476,1.5493771979476,1.5493771979476,1.5493771979476,0.796464980113616
1.67552867741188,0.626886171059955,1.10530275692766,1.71818153964297,0.765569644008236,2.45414325951917,2.18371190681846,2.80217230310183,1.12135422312101,0.700726673350632,1.12093694603502,2.67192144203164,3.09575186521728,2.63823493333366,0.648235658194798,0.655114230037203,0.983951661624194,1.16165724992603,2.99981612113169,1.16165724992561,0.927045839342626,0.498017236686061,0.772993733586203,3.19529126115207,3.19529126115207,1.30147659948058,0.5302731093977,1.54526797531897,1.30147659948058,1.00252062998156,1.54543039085352,3.26380782893452,0.795228065404389,0.798007031314341,0.498033085395141,1.54543039085352,0.798007031314341,1.54543039085352,0.179721218193115,0.798007031314341,1.54543039085352,1.54543039085352,1.54543039085352,0.145479601001933,0.798007031314341,1.54543039085352,1.54543039085352,1.54543039085352,1.54543039085352,0.795228065404389
1.56606599249306,0.689706480220258,1.12352977754628,1.62658281714427,0.774646215827599,2.43962597195731,2.11695327083715,2.79091915797098,1.13579613786751,0.701096657223591,1.13464186452518,2.62404682443747,3.04115935971499,2.581355423227,0.712126612451238,0.667821796809439,0.983597448626844,1.17223652853157,2.91918836046989,1.17223652853523,0.942050592122378,0.491709514984008,0.767047487212817,3.14174282685599,3.14174282685599,1.30006248495341,0.612215414847357,1.53607623507624,1.30006248495341,0.991024586053025,1.53622782439094,3.23140862177019,0.787580996911865,0.790265554750179,0.491732307724106,1.53622782439094,0.790265554750179,1.53622782439094,0.177829763549319,0.790265554750179,1.53622782439094,1.53622782439094,1.53622782439094,0.143913099408736,0.790265554750179,1.53622782439094,1.53622782439094,1.53622782439094,1.53622782439094,0.787580996911865
1.68042921852827,0.660952756244073,1.12558438805681,1.76544750432635,0.773733034146063,2.49672723302333,2.2480601459405,2.84295738528049,1.14432526973785,0.70877646851874,1.14328781967989,2.76636469272024,3.11391208073532,2.73005774647687,0.652455430979792,0.673464877483097,0.989573775339923,1.18664040718209,3.03820395035147,1.18664040719292,0.933975571267065,0.497250366177952,0.767922670811115,3.20830364872512,3.20830364872512,1.31580258972753,0.516630399482579,1.54340725182342,1.31580258972753,1.00003682668001,1.54369029450826,3.27369519571015,0.795011107204077,0.797987059981049,0.497279304258288,1.54369029450826,0.797987059981049,1.54369029450826,0.179694012544482,0.797987059981049,1.54369029450826,1.54369029450826,1.54369029450826,0.145328230934521,0.797987059981049,1.54369029450826,1.54369029450826,1.54369029450826,1.54369029450826,0.795011107204077
1.73902740710127,0.635647865470503,1.14405628271253,1.76706640216957,0.784919799259713,2.5280773020223,2.23776649622455,2.83216018127686,1.15479232639858,0.702032890722466,1.15388925729036,2.72136471955583,3.07685272956591,2.68210954031048,0.705243535537718,0.651158886052998,1.00059506543665,1.19004292749374,2.99418432094325,1.19004292749408,0.968418958043373,0.497000120122101,0.78141265870061,3.15255426908194,3.15255426908194,1.32576195438238,0.589474275578386,1.54977525017523,1.32576195437839,1.00163501554817,1.54991915996195,3.22415057678927,0.796631478127257,0.798696444084586,0.497018482980206,1.54991915996195,0.798696444084586,1.54991915996195,0.17960425015997,0.798696444084586,1.54991915996195,1.54991915996195,1.54991915996195,0.14537325761782,0.798696444084586,1.54991915996195,1.54991915996195,1.54991915996195,1.54991915996195,0.796631478127257
1.73583388956352,0.654173265827894,1.13522325827632,1.7369944509387,0.756876303532326,2.53566128647936,2.25796943982039,2.85414881622662,1.15351656551933,0.705054253281649,1.15056752256521,2.7568874263334,3.07783436866359,2.71980274832088,0.682299094507769,0.688056751169755,0.992933984282857,1.1935848568277,3.00819291878151,1.19358485681281,0.941428972064906,0.4935936572152,0.771358760588955,3.16298666197399,3.16298666197399,1.31881072699282,0.56848451986704,1.54646217661299,1.31881072699282,0.997188550180614,1.54655209947434,3.2275440949175,0.790979511305245,0.793425849476929,0.493604965214324,1.54655209947434,0.793425849476929,1.54655209947434,0.178622466063008,0.793425849476929,1.54655209947434,1.54655209947434,1.54655209947434,0.144571293460734,0.793425849476929,1.54655209947434,1.54655209947434,1.54655209947434,1.54655209947434,0.790979511305245
1.75790005105983,0.671873183137024,1.1212794060814,1.79853060614506,0.782920733112331,2.50688223880592,2.26736048249495,2.84731546746874,1.13651218320703,0.702013918159202,1.13575541463183,2.74867513573672,3.08698010383172,2.70868385753561,0.690314893118737,0.666255217249372,1.00085778335531,1.17945339684129,3.01202390595764,1.1794533968399,0.951147081154861,0.497235367904612,0.782851813887691,3.17753744505651,3.17753744505651,1.31175245271457,0.561902913756344,1.54603276878551,1.31175245272309,1.00214555386261,1.54621034548187,3.2496807390212,0.797289548731025,0.799475971534296,0.497258343311783,1.54621034548187,0.799475971534296,1.54621034548187,0.179972620325015,0.799475971534296,1.54621034548187,1.54621034548187,1.54621034548187,0.145652090692428,0.799475971534296,1.54621034548187,1.54621034548187,1.54621034548187,1.54621034548187,0.797289548731025
1.62242371798572,0.615646740909136,1.12223853457108,1.70068920665575,0.745953206998997,2.48396255283157,2.23220927958162,2.83699594530103,1.13978012575098,0.711096708572187,1.12978328037106,2.70344019386718,3.0704471187748,2.66285547224703,0.717530428350944,0.667814696662335,0.995250036789267,1.17504698447292,2.98427310475244,1.1750469844618,0.947925422784711,0.494656334369041,0.768265873362782,3.14757898027155,3.14757898027155,1.31242174214551,0.576006877194936,1.54281696061257,1.31242174214551,0.998797813694851,1.54294349203871,3.22321587835538,0.791222765937192,0.793215640422233,0.494674203117751,1.54294349203871,0.793215640422233,1.54294349203871,0.178602331339735,0.793215640422233,1.54294349203871,1.54294349203871,1.54294349203871,0.144643125590584,0.793215640422233,1.54294349203871,1.54294349203871,1.54294349203871,1.54294349203871,0.791222765937192
1.6477940352782,0.685343735130543,1.13243394575507,1.72465774700489,0.756414869197152,2.51984534513187,2.2244365756448,2.83660469212472,1.15473812489132,0.706385431149809,1.14619490890345,2.7139011444704,3.10083264846581,2.68354258924691,0.648317190574351,0.632878239208112,0.985975560874027,1.18958924501299,3.01918012405353,1.18958924499988,0.923568637060768,0.496219490368664,0.763054159115643,3.1792431431155,3.1792431431155,1.3279787246413,0.540728213735297,1.54701437812865,1.32797872464952,0.998948341684171,1.54720734995914,3.23600196446707,0.794495242869726,0.799358301708965,0.496237451356686,1.54720734995914,0.799358301708965,1.54720734995914,0.179446184941277,0.799358301708965,1.54720734995914,1.54720734995914,1.54720734995914,0.145286159652411,0.799358301708965,1.54720734995914,1.54720734995914,1.54720734995914,1.54720734995914,0.794495242869726
1.63349840619596,0.680149996515449,1.12668763462124,1.70802709929678,0.766253852160988,2.48511141975801,2.19547482822733,2.79963992082366,1.13469435255044,0.707460210720355,1.14363180874156,2.70085249604908,3.06368706730744,2.6618393734395,0.670197119585236,0.681481643790483,0.987402974220091,1.17641196900415,2.974790207125,1.17641196900696,0.951986120525333,0.493623923776829,0.766982169990389,3.16174354935039,3.16174354935039,1.30574454207685,0.555501880182328,1.53594459503658,1.30574454210167,0.997279257013301,1.53613616912011,3.23554654948191,0.790556647312541,0.793593825383247,0.49364651666529,1.53613616912011,0.793593825383247,1.53613616912011,0.178614744143989,0.793593825383247,1.53613616912011,1.53613616912011,1.53613616912011,0.144566834753934,0.793593825383247,1.53613616912011,1.53613616912011,1.53613616912011,1.53613616912011,0.790556647312541
1.66253014951049,0.650237412049888,1.13565978825093,1.70583332028826,0.785000514074582,2.47572587680061,2.1861382710525,2.81761223641054,1.1552748063973,0.702557882376217,1.15554486972512,2.69738467185447,3.07165132074137,2.66448439430864,0.649667633492539,0.63946891661147,0.985756842459119,1.19707542434944,2.97714675834124,1.19707542435781,0.925323505094435,0.499949543139721,0.773298110620336,3.17459483822931,3.17459483822931,1.32540472929403,0.52896250064706,1.55102762912003,1.32540472929529,1.00494515925979,1.55137177960209,3.237680926477,0.798265657145648,0.804257472381528,0.499986068183096,1.55137177960209,0.804257472381528,1.55137177960209,0.180579483294576,0.804257472381528,1.55137177960209,1.55137177960209,1.55137177960209,0.146086941302294,0.804257472381528,1.55137177960209,1.55137177960209,1.55137177960209,1.55137177960209,0.798265657145648
1.6543345092047,0.638163497089507,1.11639039001873,1.68595546979039,0.738198384963745,2.46935308951239,2.2123074127008,2.8209128263609,1.13151897700821,0.711031846072972,1.124938277332,2.71075240666452,3.08442263593923,2.66960139393073,0.700133720341512,0.685885686347528,0.992707653941549,1.16784725419314,2.96564985347338,1.16784725418648,0.941524866503711,0.496818716954136,0.774594026813559,3.16788411928491,3.16788411928491,1.29462404239382,0.575495276820605,1.54507263529181,1.29462404239649,1.00013314308492,1.54528976427756,3.24566241260934,0.795885866810022,0.800433701940075,0.49684610583982,1.54528976427756,0.800433701940075,1.54528976427756,0.179710340913634,0.800433701940075,1.54528976427756,1.54528976427756,1.54528976427756,0.145378944288227,0.800433701940075,1.54528976427756,1.54528976427756,1.54528976427756,1.54528976427756,0.795885866810022
1.62729691080541,0.715770293273825,1.14749562691969,1.6985692026788,0.779207826880207,2.51436769630832,2.1957350084262,2.85302780157706,1.16322244168286,0.708547559394619,1.1607570242079,2.71855319745351,3.09860212996858,2.68369215118667,0.68039943840823,0.633649176875687,0.98645267563629,1.19731981885849,2.96982785447225,1.19731981885984,0.93347776041202,0.500004786381383,0.772348056412043,3.18282923085568,3.18282923085568,1.31828075478238,0.532499038783873,1.55414336721034,1.31828075478057,1.00652172164385,1.55424926728406,3.24845634694582,0.800620167543103,0.805315164859369,0.500017061040761,1.55424926728406,0.805315164859369,1.55424926728406,0.180820028094206,0.805315164859369,1.55424926728406,1.55424926728406,1.55424926728406,0.146366372797285,0.805315164859369,1.55424926728406,1.55424926728406,1.55424926728406,1.55424926728406,0.800620167543103
1.66198076725228,0.676080162478416,1.14336544290009,1.6088496725009,0.749427964780293,2.40874336984892,2.14315629078222,2.74401229121248,1.15411307829766,0.711965121298995,1.15335189508621,2.66691145135195,3.04688880895593,2.62061127642114,0.706429914517281,0.702218389451443,1.0093865406757,1.19202883274967,2.95612127926896,1.19202883274191,0.97618254044531,0.499433080442785,0.787085025743222,3.14092573564913,3.14092573564913,1.32333093921203,0.615072131585843,1.55017657367422,1.32333093923234,1.00764689931344,1.55028532717952,3.2328129210927,0.79769654927614,0.803575104246261,0.499446825018522,1.55028532717952,0.803575104246261,1.55028532717952,0.180304518243293,0.803575104246261,1.55028532717952,1.55028532717952,1.55028532717952,0.145926172643753,0.803575104246261,1.55028532717952,1.55028532717952,1.55028532717952,1.55028532717952,0.79769654927614
1.76062525398901,0.654568276288165,1.13690264089717,1.76751682016599,0.772711406013207,2.5796031676784,2.26294321169047,2.88809291371245,1.15066642095749,0.711934754457171,1.14645680938039,2.7504496405852,3.11314139376608,2.71054229466239,0.714198505676833,0.707783302132204,0.995764264806373,1.18531082560437,3.02849026138551,1.18531082560423,0.957292952425401,0.495689851580457,0.779868978056719,3.18951904048311,3.18951904048311,1.31843654516718,0.613200950257902,1.5437205586972,1.31843654516483,0.999193164590447,1.5438332110981,3.26200887057179,0.79463107280736,0.796606720893069,0.495705673186561,1.5438332110981,0.796606720893069,1.5438332110981,0.179217768860357,0.796606720893069,1.5438332110981,1.5438332110981,1.5438332110981,0.145161448931606,0.796606720893069,1.5438332110981,1.5438332110981,1.5438332110981,1.5438332110981,0.79463107280736
1.58810687164664,0.712926747613145,1.14145685087444,1.62310634244342,0.766307321764615,2.44361371723618,2.14584371717647,2.79146367190168,1.15794502004362,0.701657915544518,1.15891005101699,2.68918132741266,3.03688701284189,2.64974030457957,0.681196377389192,0.646934442764941,0.987659838705883,1.19871457023381,2.92335525562527,1.19871457025531,0.934308513807564,0.496857079135416,0.769773125024064,3.14263119420869,3.14263119420869,1.31200538033452,0.565469950331994,1.55092890785875,1.31200538033452,1.00114462424326,1.55113516643815,3.21746522719748,0.79535450316678,0.798078479633888,0.496883800283986,1.55113516643815,0.798078479633888,1.55113516643815,0.179322086271065,0.798078479633888,1.55113516643815,1.55113516643815,1.55113516643815,0.145196660622978,0.798078479633888,1.55113516643815,1.55113516643815,1.55113516643815,1.55113516643815,0.79535450316678
1.54464022322869,0.677403587539386,1.14734617491992,1.5981689312558,0.764346566940859,2.45151399553002,2.12888772389244,2.79408355147076,1.16032639695268,0.703418977466627,1.16293898424734,2.66101408566293,3.05236320696695,2.62161746970205,0.689641222568734,0.628560782095486,0.990263320063236,1.19854294342711,2.93612105869867,1.1985429434259,0.947112034581145,0.498527162819265,0.768130099612705,3.15641737688515,3.15641737688515,1.32109504839578,0.576419848258727,1.55243800891902,1.32109504839776,1.00227844613829,1.55266404460501,3.23582364273926,0.798789698605023,0.802166260244838,0.498556567387944,1.55266404460501,0.802166260244838,1.55266404460501,0.179982491210746,0.802166260244838,1.55266404460501,1.55266404460501,1.55266404460501,0.145716071834759,0.802166260244838,1.55266404460501,1.55266404460501,1.55266404460501,1.55266404460501,0.798789698605023
1.60870057458785,0.673730241088716,1.12727369308837,1.6440052687608,0.790528842195882,2.4293870633303,2.08813955539029,2.75440100517779,1.14010443324081,0.699927465702198,1.14066028103773,2.57941642413302,3.05642403242721,2.54735502446401,0.653708085782019,0.649323338725516,0.981591277629967,1.17385360780954,2.95876078187116,1.17385360778979,0.935136101533255,0.493706621684009,0.768206967031046,3.15225453361398,3.15225453361398,1.31541901872999,0.553087019806725,1.54060624650762,1.31541901873516,0.996877223825298,1.54083430193581,3.22424668144782,0.789786380916956,0.792138429723811,0.49372925699257,1.54083430193581,0.792138429723811,1.54083430193581,0.178301264491992,0.792138429723811,1.54083430193581,1.54083430193581,1.54083430193581,0.144397965983153,0.792138429723811,1.54083430193581,1.54083430193581,1.54083430193581,1.54083430193581,0.789786380916956
1.78380561882437,0.660434535658849,1.12916758260516,1.7835639117078,0.762174511319233,2.53208954113379,2.27409447081031,2.84567261107596,1.14455605749616,0.69749970224866,1.1454198241428,2.7738043248031,3.08331916729451,2.73782224621481,0.669605836674969,0.653791183635896,0.989867362788917,1.18623285612694,2.99357833970207,1.18623285611857,0.938498196825031,0.496841773011728,0.77907488264994,3.16815162561071,3.16815162561071,1.30858122736928,0.543972792798903,1.55030372924271,1.30858122737094,1.00211483623469,1.5505790619103,3.2297069225471,0.796761178723875,0.797716380215887,0.496872848800336,1.5505790619103,0.797716380215887,1.5505790619103,0.179702385683993,0.797716380215887,1.5505790619103,1.5505790619103,1.5505790619103,0.145418193439648,0.797716380215887,1.5505790619103,1.5505790619103,1.5505790619103,1.5505790619103,0.796761178723875
1.69070131516137,0.716859883373154,1.14637025921467,1.75701658194057,0.815141115016138,2.55076044059153,2.18729043587416,2.84588056277594,1.15351672369036,0.705090587367013,1.15406485026175,2.68079423207927,3.08194092705363,2.6419576675277,0.71709992613656,0.680445202273523,0.987501847818375,1.18341169565101,2.98128598846133,1.18341169564996,0.966173102418783,0.493187977910575,0.76985384960058,3.15490438712042,3.15490438712042,1.31674356218569,0.60232455406674,1.5402379478558,1.31674356218071,0.994882559481174,1.54035469836136,3.2300182284927,0.790070481192161,0.792362189387037,0.493204123731425,1.54035469836136,0.792362189387037,1.54035469836136,0.178197470633845,0.792362189387037,1.54035469836136,1.54035469836136,1.54035469836136,0.144238743584269,0.792362189387037,1.54035469836136,1.54035469836136,1.54035469836136,1.54035469836136,0.790070481192161
1.64373296802306,0.605277478462805,1.11649126657442,1.7252550727038,0.764235056589268,2.49677883057829,2.22289969291202,2.84237069491159,1.12487229332252,0.709203742164086,1.1221699962464,2.69100495114514,3.06451571233419,2.6462455367199,0.743450441974186,0.687003337734964,0.992996441300492,1.160130515009,2.95936826476674,1.16013051501087,0.961248080963307,0.492826061700144,0.772089411020015,3.14425795677786,3.14425795677786,1.2932389761337,0.596707899883027,1.53822064757909,1.29323897614038,0.995712504140113,1.53833198418716,3.22935844170353,0.789231172571179,0.793663603320467,0.492844516117568,1.53833198418716,0.793663603320467,1.53833198418716,0.178255337043613,0.793663603320467,1.53833198418716,1.53833198418716,1.53833198418716,0.144156883503867,0.793663603320467,1.53833198418716,1.53833198418716,1.53833198418716,1.53833198418716,0.789231172571179
1.61663150741366,0.675344099659157,1.15411492383613,1.65587348447749,0.782573010301961,2.44523274167205,2.15935311238194,2.8054819295375,1.17259889060767,0.711304261086017,1.168669321091,2.70679437132455,3.08783429721066,2.67014695993624,0.665242603190583,0.67235852884535,0.98941038529709,1.20774858652394,2.98552600933121,1.20774858652663,0.936146490206683,0.497828780278822,0.76864950059457,3.17817364144825,3.17817364144825,1.33069245748966,0.509965754618551,1.54708998645883,1.33069245748855,1.00279882312594,1.54730217167615,3.2480288749273,0.795661914314714,0.798910456017437,0.497850995205943,1.54730217167615,0.798910456017437,1.54730217167615,0.179803639473415,0.798910456017437,1.54730217167615,1.54730217167615,1.54730217167615,0.145647255629641,0.798910456017437,1.54730217167615,1.54730217167615,1.54730217167615,1.54730217167615,0.795661914314714
1.68552671938103,0.646905595384404,1.14497326768792,1.62595731443754,0.761167224438109,2.51529869478721,2.15350234528703,2.84102571192577,1.15154151365966,0.707970669729233,1.15225887847804,2.6474343728608,3.08545800031566,2.60766306906732,0.727986047455955,0.692196026750485,0.992421845803532,1.18171533531396,2.96558568284756,1.18171533531689,0.966150783694426,0.496853029588751,0.780488261537883,3.16569627655456,3.16569627655456,1.31492465612001,0.592859554525247,1.54888255479344,1.31492465611484,1.00325756289017,1.54914400496364,3.24825465357854,0.794150827646971,0.796864738033589,0.496891076229381,1.54914400496364,0.796864738033589,1.54914400496364,0.17936275939791,0.796864738033589,1.54914400496364,1.54914400496364,1.54914400496364,0.145268494742524,0.796864738033589,1.54914400496364,1.54914400496364,1.54914400496364,1.54914400496364,0.794150827646971
1.57697831569289,0.637258507927087,1.13008999080868,1.57033832873599,0.744496133732778,2.39672478759461,2.11819866282315,2.78465010361622,1.1516186606144,0.701173424582488,1.14286819827531,2.64506001019765,3.06109972113537,2.60881958150156,0.673501698682541,0.633091840837657,0.985215806278484,1.1868515534652,2.94302823083367,1.18685155346994,0.922221533491531,0.495782402199223,0.768710321860669,3.15778671113542,3.15778671113542,1.3106912965589,0.528466518027756,1.54943443696845,1.31069129656927,1.00234060000546,1.54962033483506,3.23223179534504,0.792657757616238,0.796039179305311,0.495803500310793,1.54962033483506,0.796039179305311,1.54962033483506,0.179198592513975,0.796039179305311,1.54962033483506,1.54962033483506,1.54962033483506,0.145105650245206,0.796039179305311,1.54962033483506,1.54962033483506,1.54962033483506,1.54962033483506,0.792657757616238
1.67177136354723,0.664102177040168,1.10846171980119,1.68159207304003,0.759464386852678,2.47193935936943,2.17070510024005,2.83154134103942,1.12160923848403,0.698809107133722,1.11446161254498,2.64592594705221,3.07719351944582,2.60782426420047,0.714644966011751,0.659532384739633,0.984404549855895,1.15357136743297,2.94129746795338,1.1535713674322,0.935073174298915,0.495248465351804,0.776561148123421,3.15789452320916,3.15789452320916,1.28407153925148,0.575676554379397,1.54670115203783,1.28407153925148,0.999037348340217,1.54684228214655,3.23628330242951,0.793643729365442,0.794212169120073,0.495267880238057,1.54684228214655,0.794212169120073,1.54684228214655,0.178920418918379,0.794212169120073,1.54684228214655,1.54684228214655,1.54684228214655,0.144849805367636,0.794212169120073,1.54684228214655,1.54684228214655,1.54684228214655,1.54684228214655,0.793643729365442
1.6379984480552,0.648166180655206,1.11764360405279,1.66130907721683,0.766207812401658,2.44287893145441,2.15794499196433,2.79649278615098,1.12835065409429,0.690391157588234,1.1349380368291,2.67689807350582,3.04943949269044,2.638026443757,0.669035508897787,0.638285047843827,0.975968829566717,1.16971320271596,2.9488407225177,1.16971320272054,0.934038431004115,0.490114715936935,0.764878843511247,3.15505744563089,3.15505744563089,1.29245358474641,0.524376348067999,1.53311752894469,1.29245358474641,0.990410903411987,1.53329925333364,3.23049622780397,0.784435294730332,0.787804151145592,0.490137441711318,1.53329925333364,0.787804151145592,1.53329925333364,0.177124039307107,0.787804151145592,1.53329925333364,1.53329925333364,1.53329925333364,0.143380050297941,0.787804151145592,1.53329925333364,1.53329925333364,1.53329925333364,1.53329925333364,0.784435294730332
1.63468240104694,0.695215387978804,1.14200608192609,1.67090567692542,0.809957310021467,2.45805037068976,2.11504763300689,2.79638555921652,1.15018054684315,0.706232632721228,1.15342628036226,2.62352155166216,3.07850471492691,2.58513029081771,0.691939398229424,0.681186423370786,0.988190561951442,1.18355080824905,2.96210193620572,1.18355080828302,0.956782559591259,0.496247184828789,0.775952640314146,3.17270916935782,3.17270916935782,1.31930751636054,0.56435887955248,1.54469312464302,1.31930751636006,1.00001840642126,1.54485119532336,3.25582069840613,0.793922932178924,0.797394373737007,0.496266673644622,1.54485119532336,0.797394373737007,1.54485119532336,0.179378870786079,0.797394373737007,1.54485119532336,1.54485119532336,1.54485119532336,0.145276397988012,0.797394373737007,1.54485119532336,1.54485119532336,1.54485119532336,1.54485119532336,0.793922932178924
1.61188771303243,0.662925890123904,1.12635837591069,1.68467541348551,0.768873560802125,2.46990600276607,2.16898330548601,2.80520864003307,1.14493747728007,0.704184330981099,1.13564495943273,2.67425913515389,3.06772471123514,2.63541453668046,0.690927164840832,0.669134765532726,0.984747660499186,1.17835192469905,2.96377123080736,1.17835192467261,0.933833947673378,0.491647509877499,0.762927483169569,3.14969434382905,3.14969434382905,1.30911173737328,0.597762036705656,1.5363245391588,1.30911173739071,0.992120169591674,1.53657949190831,3.2251161247296,0.787564061909219,0.792464191934714,0.491678773856283,1.53657949190831,0.792464191934714,1.53657949190831,0.177856113388123,0.792464191934714,1.53657949190831,1.53657949190831,1.53657949190831,0.143973386414691,0.792464191934714,1.53657949190831,1.53657949190831,1.53657949190831,1.53657949190831,0.787564061909219
1.66979906631525,0.658764285447718,1.11154481530791,1.74202722866927,0.732594093425142,2.56258924786995,2.26244650817424,2.8790940586804,1.12787072387917,0.70038217663558,1.12066679377447,2.74159917546928,3.09267439825047,2.70636043789074,0.695427865611309,0.64473717807109,0.975764148706868,1.16140467316373,2.96837421944381,1.16140467317898,0.921095399107792,0.493762866141571,0.761893876023735,3.16435034503051,3.16435034503051,1.28304805602407,0.572035691860237,1.53763043490038,1.28304805600404,0.994646167201646,1.53774495422311,3.2269258068439,0.789618817247173,0.794279385433663,0.493777730415111,1.53774495422311,0.794279385433663,1.53774495422311,0.178245558292712,0.794279385433663,1.53774495422311,1.53774495422311,1.53774495422311,0.144211695308576,0.794279385433663,1.53774495422311,1.53774495422311,1.53774495422311,1.53774495422311,0.789618817247173
1.67909755787289,0.644981917734069,1.12602684253,1.6584730745283,0.741041477068891,2.43894604048913,2.18194040978883,2.76827576435785,1.13436746902899,0.699481937804752,1.14234934688075,2.72895659082126,3.0682655353471,2.68564362351087,0.668958864866388,0.672330887211754,0.991613809087623,1.17789503170497,2.96368363526132,1.17789503169605,0.95320645980594,0.495172880617377,0.775511351590443,3.17173502798305,3.17173502798305,1.29687736894085,0.559305357957512,1.54587527437026,1.29687736894022,0.998371344643244,1.54598777217663,3.2520227981429,0.794737907265874,0.795363386509728,0.495185301590874,1.54598777217663,0.795363386509728,1.54598777217663,0.17917017621619,0.795363386509728,1.54598777217663,1.54598777217663,1.54598777217663,0.145018932665257,0.795363386509728,1.54598777217663,1.54598777217663,1.54598777217663,1.54598777217663,0.794737907265874
1.59313124987839,0.693734382241721,1.13412739939104,1.68743844282108,0.801787964028595,2.48105825505349,2.14636761576265,2.80401699956371,1.14480929663601,0.710122252119724,1.15064927058352,2.6282269323737,3.04627923084849,2.59090048683822,0.686339452532005,0.685074722326187,0.992236373885075,1.18441895037498,2.97450503100741,1.18441895037007,0.956971028063721,0.494539438868739,0.767208400029898,3.15056891606468,3.15056891606468,1.32331272864635,0.588567707474832,1.53967719227622,1.32331272863759,0.995100838002647,1.53977690683471,3.22840042221329,0.792571318424711,0.796272033079989,0.494553011805642,1.53977690683471,0.796272033079989,1.53977690683471,0.178845103531714,0.796272033079989,1.53977690683471,1.53977690683471,1.53977690683471,0.144629182891251,0.796272033079989,1.53977690683471,1.53977690683471,1.53977690683471,1.53977690683471,0.792571318424711
1.53972128963366,0.667583496675103,1.12330926892208,1.60417522143234,0.756875017741279,2.39830934709135,2.12673091460385,2.7656186491636,1.14497841774569,0.704593432011564,1.14308194271439,2.64921832827161,3.04359837080473,2.61301708203784,0.649845453648514,0.648772079232824,0.984465334603448,1.18864543689619,2.96311817370481,1.18864543688245,0.923887684360684,0.49470243228861,0.76318576423852,3.16121012390194,3.16121012390194,1.3187023959746,0.549815904368454,1.54545192190785,1.3187023959746,0.996489551293173,1.54558329071344,3.23506092780817,0.793748836772,0.795815211651332,0.494716844136976,1.54558329071344,0.795815211651332,1.54558329071344,0.178885959068496,0.795815211651332,1.54558329071344,1.54558329071344,1.54558329071344,0.144877009151505,0.795815211651332,1.54558329071344,1.54558329071344,1.54558329071344,1.54558329071344,0.793748836772
1.6838193880249,0.669607829385763,1.12729205039872,1.69060208969275,0.752082376186583,2.48196647912493,2.20342105171567,2.81623454397506,1.14414899819425,0.710190926346335,1.14094726347434,2.70761482467945,3.0854097965833,2.67116554651649,0.674293854570172,0.686788238621355,0.993543421864886,1.18293469641038,2.98539407989739,1.18293469640667,0.938714475526229,0.499626963807157,0.776850704592557,3.17658771572113,3.17658771572113,1.31269290385053,0.568212478340395,1.55712440957314,1.31269290385057,1.00595704061913,1.5572588567206,3.24627317614355,0.79829739217969,0.801408477575473,0.499641821382332,1.5572588567206,0.801408477575473,1.5572588567206,0.180494599394554,0.801408477575473,1.5572588567206,1.5572588567206,1.5572588567206,0.146082128653678,0.801408477575473,1.5572588567206,1.5572588567206,1.5572588567206,1.5572588567206,0.79829739217969
1.58903792990873,0.640669688998255,1.11009280346613,1.61634169187887,0.757377901818614,2.42298903639936,2.12469968225662,2.79592259079673,1.12087730040528,0.694315704673697,1.12332430402448,2.61251879931342,3.04088335028594,2.57530504711008,0.687065587903509,0.644795496755859,0.975647247154586,1.15804762282691,2.92484098738215,1.1580476228402,0.931719605470037,0.490410994743791,0.76242720310841,3.14180059702684,3.14180059702684,1.2876758526844,0.527196537320058,1.53382367261443,1.2876758526844,0.988977201653299,1.53411283956644,3.22059816884147,0.785384434363965,0.78800135676042,0.490450303101212,1.53411283956644,0.78800135676042,1.53411283956644,0.17710105299872,0.78800135676042,1.53411283956644,1.53411283956644,1.53411283956644,0.143405001338933,0.78800135676042,1.53411283956644,1.53411283956644,1.53411283956644,1.53411283956644,0.785384434363965
1.71959045852348,0.678284942853998,1.12905505415569,1.79829226885095,0.782532821910564,2.54616975470858,2.24668913384784,2.84535641524528,1.13460081118141,0.706037682374036,1.13483307693943,2.72633921442773,3.08578314181188,2.68557059179755,0.720696001724749,0.664340714671752,0.993599000510832,1.1674955000319,2.96926385400452,1.16749550001431,0.963609649280667,0.496983807613799,0.777590762374399,3.15601678925748,3.15601678925748,1.29594480587028,0.599664800524335,1.54747858301637,1.29594480587199,1.00397662284393,1.54779211651889,3.23034737046127,0.793699068290777,0.799449663241604,0.497026225218117,1.54779211651889,0.799449663241604,1.54779211651889,0.179514393519934,0.799449663241604,1.54779211651889,1.54779211651889,1.54779211651889,0.145345073756807,0.799449663241604,1.54779211651889,1.54779211651889,1.54779211651889,1.54779211651889,0.793699068290777
1.60396291876061,0.6353313529429,1.12516875274934,1.62940826975885,0.755522398560422,2.45678312657102,2.14877949957121,2.7938363185873,1.13656687692673,0.702326703801942,1.13830426197189,2.63082986424371,3.0355044614515,2.59220504145076,0.701175123914601,0.651524937955717,0.990348253259847,1.17510137897613,2.93606606630056,1.17510137897613,0.949562743402268,0.495633243293034,0.771197864953954,3.13401523232041,3.13401523232041,1.30871286964579,0.592289526058596,1.54775218976439,1.30871286964579,0.998839452126773,1.54789095563436,3.21337890620907,0.794110785689077,0.795880237239934,0.495652720351959,1.54789095563436,0.795880237239934,1.54789095563436,0.179029866066227,0.795880237239934,1.54789095563436,1.54789095563436,1.54789095563436,0.144921919780095,0.795880237239934,1.54789095563436,1.54789095563436,1.54789095563436,1.54789095563436,0.794110785689077
1.63347733549218,0.667890082299724,1.14660007957527,1.67206593512806,0.795933322678633,2.4581347242092,2.15193933894695,2.80658423546818,1.15531575896847,0.713739201108636,1.15727458476853,2.64561748883651,3.07256120708365,2.60547661366979,0.706657902629507,0.693739336762982,0.998764811421991,1.18946051906516,2.98119519744771,1.18946051906704,0.971239478820131,0.497870484137008,0.776286473199874,3.16128041193104,3.16128041193104,1.32891668453479,0.553889140771739,1.54425449913101,1.32891668453479,1.00030990616377,1.54445665414502,3.24448451168633,0.795879440836979,0.798618275326569,0.497897308033355,1.54445665414502,0.798618275326569,1.54445665414502,0.179754872526504,0.798618275326569,1.54445665414502,1.54445665414502,1.54445665414502,0.145501438891906,0.798618275326569,1.54445665414502,1.54445665414502,1.54445665414502,1.54445665414502,0.795879440836979
1.65297509061418,0.628969760317678,1.11501187227571,1.71903856558118,0.763406486348523,2.5265244562835,2.21559759546764,2.86110950203539,1.12573151910758,0.704539971807339,1.12853016818244,2.66859626134315,3.07968745033457,2.63491876012395,0.688200388638542,0.665738685113999,0.985879312443352,1.16307557721768,2.98732587645397,1.16307557719769,0.942132161475416,0.495029591241458,0.766948879860637,3.1683220753566,3.1683220753566,1.30149477073992,0.539657676212213,1.54503607216299,1.30149477073992,1.0004958718644,1.54513489949891,3.23525216648878,0.794698535877502,0.79700457995175,0.49504278105263,1.54513489949891,0.79700457995175,1.54513489949891,0.179042692602896,0.79700457995175,1.54513489949891,1.54513489949891,1.54513489949891,0.144858311192264,0.79700457995175,1.54513489949891,1.54513489949891,1.54513489949891,1.54513489949891,0.794698535877502
1.68515920356936,0.666291335948218,1.12211113396704,1.66864828174293,0.746579789474739,2.45944579908082,2.21499141510176,2.82920510806873,1.1387888480954,0.70643595874887,1.13740185426039,2.69768885155088,3.06874615617671,2.65832348184998,0.695118706698619,0.67491801649525,0.999479699108724,1.18206767321593,2.98834155931616,1.18206767321598,0.94841316088754,0.500300892953173,0.781167586884534,3.1701123407681,3.1701123407681,1.31701162356864,0.557360653793644,1.55637984436688,1.31701162356478,1.00776661860373,1.55661726807862,3.24616537113179,0.799178225718429,0.804635301946752,0.500333177153069,1.55661726807862,0.804635301946752,1.55661726807862,0.180707624949103,0.804635301946752,1.55661726807862,1.55661726807862,1.55661726807862,0.146254858417986,0.804635301946752,1.55661726807862,1.55661726807862,1.55661726807862,1.55661726807862,0.799178225718429
1.68152220059821,0.62431720691188,1.13078098161353,1.73711409096311,0.738064335245622,2.52739628714513,2.25042507213418,2.82344106627709,1.14687644734349,0.701543564353941,1.14418318379594,2.76727118741652,3.09206881769462,2.73128436695833,0.658072241105504,0.630923500409519,0.98219516627563,1.18395468302725,3.00227741967813,1.18395468302382,0.93432405987566,0.493292015934068,0.762981502096715,3.16914473829696,3.16914473829696,1.30923961071355,0.557943508099207,1.5375050251684,1.30923961071336,0.997006879463932,1.53768992641983,3.23110059404953,0.789264250900247,0.791265733266508,0.49331037717346,1.53768992641983,0.791265733266508,1.53768992641983,0.178209455247479,0.791265733266508,1.53768992641983,1.53768992641983,1.53768992641983,0.144267929393796,0.791265733266508,1.53768992641983,1.53768992641983,1.53768992641983,1.53768992641983,0.789264250900247
1.6126955166199,0.68720773182072,1.12879598340912,1.61205595652239,0.766249546967605,2.41733865256267,2.1181679685621,2.77575137849422,1.14435298317133,0.701762685117291,1.14270626015234,2.62514304200951,3.0533324204058,2.58802980613876,0.67004158221175,0.675024223712101,0.98025600673005,1.18043187467212,2.96988559214808,1.18043187466981,0.938079750097706,0.490699410492235,0.764720009957952,3.1512482639166,3.1512482639166,1.31796788642214,0.538555185364504,1.52984795193643,1.31796788642278,0.987646160701653,1.52992980990695,3.22886120022185,0.787110520318703,0.789150895773071,0.490708970161712,1.52992980990695,0.789150895773071,1.52992980990695,0.177381747344621,0.789150895773071,1.52992980990695,1.52992980990695,1.52992980990695,0.143526887283574,0.789150895773071,1.52992980990695,1.52992980990695,1.52992980990695,1.52992980990695,0.787110520318703
1.73792352133318,0.68683890878536,1.1463361024087,1.70279961573591,0.759384350483567,2.55355585946557,2.23819996739806,2.88299171885078,1.15914747248974,0.711713997586682,1.15371384011285,2.76562466616012,3.09359269240125,2.72143406803479,0.745044805297139,0.713380729984624,0.993865262362256,1.19207627470634,2.96672300795657,1.1920762747091,0.952957896282844,0.496156745321857,0.781775553611805,3.16888394334402,3.16888394334402,1.30439509626804,0.609189862753755,1.55369709924701,1.3043950962701,1.00165854177691,1.55385611282664,3.24655159759,0.795295583128584,0.796645168139825,0.496182518802801,1.55385611282664,0.796645168139825,1.55385611282664,0.179330075997413,0.796645168139825,1.55385611282664,1.55385611282664,1.55385611282664,0.14521137200905,0.796645168139825,1.55385611282664,1.55385611282664,1.55385611282664,1.55385611282664,0.795295583128584
1.66665987269444,0.694037331697164,1.12747921420213,1.69348765275261,0.765220462956506,2.53509378882896,2.20061888562367,2.87100680124003,1.14432936237222,0.696940621874049,1.13835378696047,2.66974932995612,3.08105323558481,2.63691503389053,0.692158626257458,0.644280007450101,0.977903186962568,1.17591748607753,2.9879450142118,1.1759174860882,0.927417386287917,0.490331712572093,0.759538271430274,3.15766718211989,3.15766718211989,1.31194018043665,0.540055453321655,1.53150456040967,1.31194018042662,0.988079336532833,1.53173878622216,3.22179911266296,0.7863789963349,0.788356736209777,0.490363143813759,1.53173878622216,0.788356736209777,1.53173878622216,0.177308540066638,0.788356736209777,1.53173878622216,1.53173878622216,1.53173878622216,0.143500577402002,0.788356736209777,1.53173878622216,1.53173878622216,1.53173878622216,1.53173878622216,0.7863789963349
1.62530704128233,0.663067778210707,1.1260810827909,1.57557286071639,0.738383613981847,2.41002993544008,2.11964781183478,2.7590629852021,1.13208471712849,0.706938844554276,1.13773717086656,2.60693322143355,3.04553240291715,2.56649360334651,0.696138234695398,0.685078237004551,0.995707976677751,1.16987899342313,2.94590985647855,1.16987899341673,0.967488237707005,0.495865028886326,0.778502770292525,3.14660204383969,3.14660204383969,1.30934142408217,0.567010299007684,1.54811022777898,1.30934142407589,0.998754592975853,1.54823316227079,3.23459371838273,0.795124744971173,0.798818928739013,0.495880716016236,1.54823316227079,0.798818928739013,1.54823316227079,0.179326744975728,0.798818928739013,1.54823316227079,1.54823316227079,1.54823316227079,0.145247609689326,0.798818928739013,1.54823316227079,1.54823316227079,1.54823316227079,1.54823316227079,0.795124744971173
1.75552273094459,0.654270593599731,1.12442035368837,1.7814555551803,0.743238649778129,2.60608296493788,2.29677798301351,2.88243474165788,1.13011307089217,0.711937065180186,1.13161727633166,2.75290487141176,3.08566842304079,2.71091275081346,0.736396014749813,0.71176721041991,0.996104949627879,1.16586997591241,2.99827272864166,1.1658699759164,0.970394541478965,0.493472941241655,0.774710558100834,3.15677686223077,3.15677686223077,1.29735875357903,0.644839916797172,1.5383093607143,1.29735875357903,0.991306926409421,1.53850519160306,3.2302951733781,0.790398867641597,0.790966885077388,0.493504232359979,1.53850519160306,0.790966885077388,1.53850519160306,0.178059005134764,0.790966885077388,1.53850519160306,1.53850519160306,1.53850519160306,0.144201557860573,0.790966885077388,1.53850519160306,1.53850519160306,1.53850519160306,1.53850519160306,0.790398867641597
1.73798819973226,0.675737093904108,1.12281649244102,1.72613786194959,0.738993126281831,2.5302693244111,2.26799100660616,2.86528745755062,1.13691285536041,0.699136397418621,1.13085639695131,2.73664967694244,3.085912463882,2.69510721725974,0.723762976288633,0.65429466853974,0.996913147970061,1.17336551145161,3.00358715138811,1.17336551146837,0.956149800986739,0.494587785853543,0.776686744600063,3.16241186769095,3.16241186769095,1.30824377042659,0.589404893722506,1.54248182951951,1.30824377042659,0.996053036277493,1.54270854084985,3.23734432481555,0.790367345560316,0.796377505699199,0.494621459741177,1.54270854084985,0.796377505699199,1.54270854084985,0.17866930450948,0.796377505699199,1.54270854084985,1.54270854084985,1.54270854084985,0.14466408743261,0.796377505699199,1.54270854084985,1.54270854084985,1.54270854084985,1.54270854084985,0.790367345560316
1.68770995288904,0.693577320710014,1.10584628192513,1.70880905499461,0.7556468646426,2.52620099997812,2.21327150548056,2.88321868675525,1.12135608329269,0.69621782550261,1.11830010198498,2.68327239421231,3.08937755421937,2.65032198936604,0.685678619400421,0.652163210270509,0.972417710439816,1.15636241170214,2.97165630790932,1.15636241170439,0.915449188294985,0.492234063047715,0.765266677394421,3.17463500644338,3.17463500644338,1.28388045129224,0.51830369358479,1.53548663367234,1.28388045128237,0.991071811700444,1.53560740935101,3.23881777386484,0.787706064161276,0.789646989386403,0.492250519260449,1.53560740935101,0.789646989386403,1.53560740935101,0.177767121706794,0.789646989386403,1.53560740935101,1.53560740935101,1.53560740935101,0.143881583119571,0.789646989386403,1.53560740935101,1.53560740935101,1.53560740935101,1.53560740935101,0.787706064161276
1.69697876605217,0.639466504013463,1.13364768593192,1.74334726099787,0.738950251638877,2.5662831745047,2.28000296714483,2.8728968441631,1.148259568806,0.703027016084212,1.14763526315533,2.75861983548462,3.10963010762661,2.7238743961795,0.673489220222414,0.629653741056472,0.990859294157162,1.18574526916162,3.03343480190828,1.18574526914451,0.945487806404207,0.495643468703435,0.765252999466687,3.18761138056436,3.18761138056436,1.32221771632048,0.545340963430839,1.54137414680668,1.32221771632995,0.999604449721045,1.54150023609214,3.24935148897412,0.794599653420276,0.796250565822568,0.495657784439387,1.54150023609214,0.796250565822568,1.54150023609214,0.17927464826219,0.796250565822568,1.54150023609214,1.54150023609214,1.54150023609214,0.145118757669013,0.796250565822568,1.54150023609214,1.54150023609214,1.54150023609214,1.54150023609214,0.794599653420276
1.62988749257117,0.665297548827363,1.14940691200614,1.7091070600784,0.81116532727382,2.42477153243502,2.17503871572428,2.78679516389512,1.16786725414623,0.715530931983975,1.16332315658914,2.71174644467812,3.05359849535333,2.66542875579266,0.706521683220184,0.708623847972891,1.00568403475054,1.20900395958749,2.96890444862941,1.20900395958804,0.959419645586769,0.498471996394089,0.778626855483554,3.15379093429021,3.15379093429021,1.33450906070024,0.59499518910817,1.55084245143229,1.33450906071109,1.00512243058702,1.55097985913745,3.24070138326218,0.797522445328042,0.802212667484057,0.49849083390038,1.55097985913745,0.802212667484057,1.55097985913745,0.180312463343112,0.802212667484057,1.55097985913745,1.55097985913745,1.55097985913745,0.1458766118822,0.802212667484057,1.55097985913745,1.55097985913745,1.55097985913745,1.55097985913745,0.797522445328042
1.69962695647167,0.641198077088881,1.12645351356251,1.70442987207222,0.787513666788163,2.5272108003947,2.16177632966814,2.8406003195528,1.13857436346463,0.69791120951474,1.14100461558805,2.65277896668122,3.08390480167556,2.62067044310801,0.666990849954473,0.66569704918027,0.975621037707841,1.17352219130936,2.97433229688662,1.17352219130097,0.929165141958034,0.494058703826575,0.771513453076672,3.17592394428038,3.17592394428038,1.30640019367113,0.560029043199487,1.5438078860837,1.3064001936743,0.998991307299317,1.54399467827745,3.24166563981846,0.79065027209568,0.793984512632447,0.494080352133593,1.54399467827745,0.793984512632447,1.54399467827745,0.178647288150886,0.793984512632447,1.54399467827745,1.54399467827745,1.54399467827745,0.144604590577089,0.793984512632447,1.54399467827745,1.54399467827745,1.54399467827745,1.54399467827745,0.79065027209568
1.69190972884873,0.679563504103155,1.14146623814366,1.73975238233847,0.795639025859889,2.52190057839622,2.19143711747161,2.83767229757388,1.15644417974091,0.708946520316033,1.15396702492445,2.67967187553091,3.10348558980631,2.64837341234867,0.662465061000765,0.664256966317932,0.9857836299406,1.18884245744597,3.01055065407729,1.18884245746796,0.93899225668124,0.497376945518985,0.771992250588821,3.1825369074342,3.1825369074342,1.33023313219057,0.535319048047999,1.54610723100012,1.33023313219057,1.00435331389351,1.54640520639221,3.24459632736882,0.795594596176962,0.802085059282759,0.497406992261197,1.54640520639221,0.802085059282759,1.54640520639221,0.179913698023758,0.802085059282759,1.54640520639221,1.54640520639221,1.54640520639221,0.145714775548342,0.802085059282759,1.54640520639221,1.54640520639221,1.54640520639221,1.54640520639221,0.795594596176962
1.66670113704354,0.657339733333233,1.14234175496893,1.7860223364977,0.812187618464706,2.52543639024185,2.24000836220297,2.8552057920779,1.16192046606754,0.706955813920564,1.15849061998986,2.75157561413372,3.06947684716961,2.71228957600497,0.694324352205951,0.684771599221491,0.993266740738014,1.20270513928359,2.99825205791947,1.20270513928042,0.942713709118998,0.494196939780896,0.766016459674806,3.16023529268238,3.16023529268238,1.32548794052376,0.582348901691124,1.54610697496611,1.32548794050921,0.994554141791658,1.54623498564091,3.22919024464081,0.7921955583691,0.793449131092375,0.494214866750125,1.54623498564091,0.793449131092375,1.54623498564091,0.178557976812493,0.793449131092375,1.54623498564091,1.54623498564091,1.54623498564091,0.14449643498788,0.793449131092375,1.54623498564091,1.54623498564091,1.54623498564091,1.54623498564091,0.7921955583691
