Plant_1,Plant_2,Plant_3,Plant_4,Plant_5,Plant_6,Plant_7,Plant_8,Plant_9,Plant_10,Plant_11,Plant_12,Plant_13,Plant_14,Plant_15,Plant_16,Plant_17,Plant_18,Plant_19,Plant_20
0,97.9933965401918,24.5266394429225,74.7982081971924,38.3391148033526,396.96508288952,1.33806595954675,23.1916872847024,10.4670325298359,3.18185673594429e-08,20.4669660097708,0.789876760523316,1.98839690211866,0.798948487067334,0.248543752297597,2.69504414467929e-08,0.558755511229758,37.2858658377871,3.04491238482733e-08,7.74337885402937e-08
0,95.1398854704511,23.9391442014073,73.2239039589895,33.2749545210931,396.628953423185,1.19071950525955,26.6662871564352,9.03706794403755,3.50377630549832e-08,22.5178894050087,0.785770094063976,1.76385907174006,0.797013495579726,0.267243046922561,1.59687909720087e-08,0.528289218343018,37.9225728101266,1.82735100126534e-08,3.69369195069033e-08
0,102.039384116916,27.098119873818,86.0198823395452,38.7568533764485,407.643817680239,1.26164194058545,27.0662688545078,10.3817796745336,1.6776792222838e-07,21.3958699649226,0.79851803567133,1.90273987813408,0.894642259868597,0.233834779992349,4.3377993805092e-08,0.529111209861515,39.3101456961426,8.84375798166083e-08,1.4867736907353e-08
0,91.0487319717917,22.4154436264934,80.461399655104,34.5123728576574,452.852331977041,1.1877074815802,25.5515698099878,9.18560456680241,7.9289572186158e-08,22.3700529230771,0.666760981843766,2.01833815260382,0.82947429008216,0.274767889390383,6.09620502823193e-08,0.507166837946645,36.7640789021949,7.14397332571402e-08,8.47090178895532e-08
0,92.1250933039409,25.4649540036535,80.533876577196,40.7558305936741,423.959315216728,1.22003324976768,26.8224576571524,10.4045322978158,2.21190559332473e-08,22.240968002734,0.725438806836052,1.93264713866528,0.847105432488468,0.255324359533926,1.60712819221713e-08,0.504795216071997,40.1210622877646,1.40050467529522e-08,5.94832317525401e-08
0,94.6098218919776,27.5413846293411,79.4801457443162,39.4380879737098,435.240059112105,1.2534680951343,27.2668496124042,9.42091614728919,7.52153155591402e-08,23.5249230155957,0.817556254280109,1.93360051110974,0.909778492684243,0.275118539964277,4.7631880583893e-08,0.484128699070894,39.1703207463201,1.66410012593837e-08,3.66483688269274e-08
0,94.8155645638678,24.1832850378081,86.5648280148775,39.4325859370297,430.722911981134,1.15534949568764,24.9471156507176,10.0059744329637,1.64173626306627e-07,22.3741752920029,0.793054975265005,2.04486181186821,0.816619639793049,0.23270617890878,1.9767338919185e-08,0.542235435643115,36.5242394767898,9.60000974451673e-08,5.5347771866377e-08
0,91.8223095538609,23.6803120038835,86.6639832445578,37.4142380854166,412.687935966719,1.19835104919583,24.4393039449031,10.2881812773642,6.05392182128891e-08,23.5581131652456,0.712186172203281,1.8557717438491,0.824131895606815,0.255394746513681,4.66582884693095e-08,0.551503267935237,38.2935197372843,3.09049545701944e-08,2.15736869895668e-08
0,103.200842509355,23.0433501698253,81.4563439484346,40.0631891259312,419.929827364429,1.1778611044225,22.920510017531,9.02533261555593,1.74101745310502e-07,22.651316891905,0.735534460799055,1.69811300867942,0.783240246114729,0.28188286761398,7.10872191334858e-08,0.537298003485389,40.8301646559325,1.32604640595086e-08,1.54184205266104e-08
0,87.1474038223436,26.0646567682483,73.5951886438148,36.4023012267276,389.710987600312,1.14162886804928,25.5257317588988,9.86911053276055,1.16321676716585e-07,22.4186903778419,0.728767192153624,1.77004806413721,0.800199298109852,0.286686257191456,3.03128858250682e-08,0.562386704419686,42.0663464427244,7.83133852882497e-08,1.3173791896435e-08
0,102.014715306637,23.9597482628382,82.838013761229,36.2316408829324,436.328315478844,1.26229329316807,24.0265907027097,9.03992488621799,3.29770453642693e-08,22.0814353521974,0.726041074257401,1.95119990714692,0.828204656616176,0.259485547389257,6.67390262805701e-08,0.523182777785001,40.9020508360576,1.42364399471612e-08,3.72090370331271e-08
0,102.229591789625,24.9001435025416,74.7933805351599,36.7975056396656,442.252000956334,1.20896076717073,26.2635274226085,9.9350400653812,3.70746553268889e-08,19.9178537909397,0.770464843343677,1.91511183608518,0.899582773911257,0.231259659195039,2.06884896599399e-08,0.502517899227499,38.0906438956152,1.36114692036505e-07,2.1135128022157e-08
0,88.8436711678449,25.1670686598206,78.4157999746048,37.5458138125104,427.487068828358,1.26110649333872,24.0929497615651,8.75587949796608,9.52494160691484e-08,23.297142483012,0.746471047080391,1.75611512546142,0.84537214265007,0.23017216891564,2.40758687902816e-08,0.496264734097868,35.9859179777502,2.63749317980273e-08,4.4682296987175e-08
0,84.8455848040493,25.7945839526785,83.0541223461315,35.2116515943911,449.411566272923,1.27309472546426,23.2574981058457,10.2880725068152,2.2635777614116e-08,20.5324411782435,0.709615401016174,1.85390874765685,0.82452729339328,0.244546211987257,1.34051471720517e-08,0.510114063221855,42.0172054072409,2.14341747839052e-08,1.22197549142862e-07
0,92.3178639767519,26.0810186547682,73.1447459177588,39.1876358593562,433.743423246111,1.13388366411345,25.0936232878403,10.2733416422184,1.82537736442108e-07,21.8955125895351,0.822794013516292,1.82530141134203,0.739105912278158,0.252415120227693,1.91183825832011e-08,0.557779533930327,39.8465420504405,7.15230116227308e-08,1.72145991007401e-08
0,88.6929345337634,25.1115062943099,78.5490172142114,39.7109329351197,388.257499496273,1.223018835881,27.1436433982432,9.80342188098262,6.48219430580597e-08,21.8488502154709,0.725464070269846,1.70573070090038,0.86269993071834,0.271981746438129,3.11136644896643e-08,0.468082764135096,39.7765100562579,5.18981793012626e-08,1.86884281380674e-08
0,91.3236696348438,24.489144689619,75.2080464925364,34.8633949709384,422.475311106854,1.13822332520154,23.6478562603052,10.1986520154774,5.63462581589076e-08,21.2818283442011,0.792187391356536,2.00089932773557,0.770084136046887,0.248521580561659,1.33924877051048e-08,0.535421212754531,39.1379815090128,1.80943831879911e-08,2.20074359400425e-08
0,89.9921680445399,26.8232678686534,78.3002385472127,35.0255740356682,393.435618226941,1.27303043089952,27.4522131794574,9.32872322729224,7.53723667495164e-08,23.7756925270541,0.825100800511996,1.77495583288696,0.775952663348333,0.268247130871183,1.60135638941481e-08,0.551389160716687,39.1297438818665,3.42592884238369e-08,4.08109835602166e-08
0,94.5046688031666,24.048149529167,71.9523978548024,37.9619360246417,393.640493636554,1.32214532135664,23.0682890567992,9.93312084916817,7.45733781155751e-08,22.1010252012548,0.751004227526777,1.99005870985205,0.885225532684552,0.246818954934693,1.39819697349158e-08,0.506817103443233,36.1763985372458,8.18520295184167e-08,1.48492687528914e-08
0,89.0418112458439,24.8890172888145,85.613415330855,39.0963694309795,406.71375382869,1.31478286726923,25.2797763367367,9.78212131977601,3.44730973007312e-08,22.57893129625,0.811178588271363,1.8082447560899,0.82965468419342,0.237815004213782,1.4339455113344e-08,0.521227744321142,36.7843712857109,1.55651926199142e-08,5.53757716106619e-08
0,93.473637160988,26.5774699008024,82.9265423820846,36.4442929006009,429.891386713718,1.23658487269312,25.3390038977684,10.0513463341218,1.10918018684328e-07,23.4061898486225,0.806066873451883,1.98804310787,0.760552190501302,0.279681602592011,2.07631388968012e-08,0.453583283748938,35.5517198004233,1.26462716412984e-07,3.77969086637159e-08
0,88.7983047753111,27.0740994281634,74.3899421134325,38.2174562900891,383.465297822128,1.36972564296431,27.0525009350932,9.60951889619403,2.42020962956935e-08,22.3962150240878,0.762645641941766,1.95737345439426,0.76413164552298,0.286512547243628,2.16605769805252e-08,0.55770832970363,37.295537536611,1.3332998519224e-08,1.04207319818564e-07
0,92.1030786261204,24.2139748675057,85.218123628122,35.1583751860462,451.888530935939,1.30328727620239,26.2792101115898,9.09105662093221,9.42613210189348e-08,21.3305333576759,0.758202994489629,1.78340226051869,0.884654888993241,0.232861808435318,2.78668219429362e-08,0.470976782333979,42.4176366696202,8.06435225791514e-08,1.29325160026093e-08
0,93.8867485622971,25.5973295188504,84.6162715371398,35.1859879351204,392.879737385284,1.29694736088231,26.4388213381085,9.022136594164,2.14352360287823e-08,23.569897828049,0.742542788682134,1.82925120543535,0.836986404752604,0.238625107210836,8.57691091493853e-09,0.466921550810291,37.0487954801276,6.13604430898588e-08,1.97225375667656e-08
0,96.8308243402877,25.2876859919127,83.7026919305897,34.0082934408251,396.436809699963,1.13603907401433,24.4457683950658,9.99074873108659,1.42791565619233e-07,23.3491275829379,0.732085348909684,2.06855220018543,0.865554131678977,0.283699312724187,1.92113179913178e-08,0.549353215900392,39.426486733732,3.85539446953962e-08,5.29931937617933e-08
0,103.719887196155,26.6021960755243,73.9517329158471,35.7756825126852,379.186738452307,1.12574923033641,22.8587183428085,10.3795114019561,1.43657414582763e-07,22.3908580691627,0.682529981813193,2.05146006311403,0.822917202812063,0.258925122490897,1.20548455619391e-08,0.535113135457215,38.456413104457,2.73807525116776e-08,1.17794171786263e-08
0,91.7836306188134,26.2437550401419,87.4115040201866,33.1993104945687,454.826514382924,1.13806960178547,23.8466291888463,9.13374658903171,2.42216735965566e-08,19.890346945748,0.799855096405621,1.70192326856314,0.864293567467623,0.268844231870744,9.32401039823738e-09,0.557262429856338,40.8410354075168,2.91654271487686e-08,7.67067897635159e-08
0,92.5979887904497,26.2768281042403,72.2321537464428,34.9772508213804,377.319814108273,1.17921063260448,24.3230025272578,9.24998181034833,1.50000112895824e-07,21.2828082608685,0.711267738293109,1.96322324586254,0.760758352455948,0.228343180633456,3.81898604998254e-08,0.547529781424765,42.4023823030424,1.04028218285181e-07,3.84765995065854e-08
0,87.1782127341105,26.0173110284941,83.4772904226386,39.4753751611849,395.926356019013,1.16980566452031,24.7894380114914,9.33330888406236,1.91579574573845e-08,20.5430529930499,0.796997005978992,1.82074638562891,0.787814635882666,0.251412075076042,3.41772327088866e-08,0.554337996615054,37.5198579178319,7.33997208473402e-08,4.08789191945741e-08
0,95.9013230756962,23.5724974249443,74.4798435808157,35.1142808311779,451.902671648225,1.21947514688596,26.0192279492036,8.74804937179739,6.84772708930207e-08,21.0384856486414,0.706603213269497,1.94004523188521,0.877698438087226,0.282939495322806,1.84848694224947e-08,0.527959135507242,36.4867052639657,3.85405657881115e-08,4.86197073808519e-08
0,101.242987073553,23.3764099530359,81.0237901252013,38.4346593741852,405.873882956182,1.12890090328615,22.9077408315786,9.2611791912909,5.38549204042671e-08,21.6986734667317,0.661545894048783,1.89087704820019,0.794343804479158,0.241551156281075,1.98355080541198e-08,0.532276426653584,40.9649720491735,1.89728957771539e-08,2.72124136923476e-08
0,86.0587170874227,25.0237154516424,83.2876200658705,39.0856997714099,399.319322845076,1.29675755817196,25.1275883110579,9.26708529085361,2.52816775857188e-08,21.6263031566826,0.741010072911548,1.74347077480534,0.782399288422779,0.242547336643649,2.91047447282083e-08,0.528685282549863,42.0615714886053,6.2803895038048e-08,4.30777753384732e-08
0,89.6740844575681,23.5356805186944,84.2496724855669,34.1132589683468,438.907628350437,1.14310564642542,25.5378825954787,8.73542519737865,3.32551458592385e-08,21.5816372069041,0.729854995175637,1.90521453485955,0.84220344847492,0.257937302437069,3.24283692000803e-08,0.4804840117201,37.1468944312656,5.91045921663441e-08,2.18920951730181e-08
0,101.016628572629,24.3862159907537,80.2819727295014,36.114781809579,442.818347169457,1.26610230728261,26.4497484166434,10.1973369101965,6.21680093759023e-08,19.6259284467932,0.804396048541435,1.88628567155679,0.770830978111249,0.269486483273892,6.66350022556462e-08,0.549426370366165,43.0342538080313,3.22207458166233e-08,6.79300956542421e-08
0,93.6173021965168,22.5138791231588,85.5785360895239,35.2635522958446,412.886275384192,1.27826561367144,26.1846191534464,8.79931062036698,8.74179796848555e-08,22.6339451492737,0.705003739751128,1.92993752469809,0.824560768607703,0.284083259182855,2.15284435620958e-08,0.459580254164984,40.7607859721977,5.82695002280515e-08,8.88829786838657e-08
0,91.5639847230902,26.0845029760804,83.7143328661283,36.7346032352103,386.624785378401,1.28632518621227,25.5338427258457,9.38418350784268,8.93827766247109e-08,22.5477639012171,0.772467744409528,1.87020470153365,0.727459553921605,0.235659218035758,7.83045729159273e-08,0.463281081590625,42.5010106713322,2.00580721832923e-08,3.62524791724562e-08
0,103.526499642,25.8936405832281,73.2462249173266,34.8633909991291,433.801852478626,1.15629698784575,25.8613078246201,9.41599489582403,9.21686324567781e-08,19.9798855091513,0.681616966738454,1.98926600060861,0.809782064164907,0.253727557128843,2.05377938699588e-08,0.47487750463803,41.0706711429914,2.82948744234069e-08,1.10330467629071e-07
0,96.510062433967,24.271365975611,84.8706291676579,34.7408840540598,450.636137858181,1.28467209689428,24.0962153330044,9.16151228012678,9.44466341624455e-08,19.3365530150025,0.765958334404235,1.93066447409836,0.86246489725099,0.267868201271177,1.03779463258601e-08,0.544071610045756,39.7796416726018,2.01799616631161e-08,1.2213561154652e-08
0,103.344245201248,25.6881019287182,84.586661177122,33.9639932090623,433.066186096546,1.27551216328026,23.0429605032336,9.11844493486228,1.96287092054956e-07,19.4823135456016,0.785251322505182,1.87184282359799,0.748347774718632,0.284661344609881,5.46803773873675e-08,0.463483739349708,40.9981453288354,6.98671445132631e-08,1.17468122552436e-08
0,95.0036032714707,24.3544132127592,72.7993248758028,37.8430548515042,438.230074828072,1.15737299679966,22.8476845509218,8.56601811063848,2.27562530080981e-08,22.9393758617447,0.801855498191569,1.89683870334566,0.862383226870675,0.273279020362101,1.18116927047276e-08,0.523522982056636,35.6978756799789,1.18210206614179e-07,1.26116851624035e-08
0,93.4959570982049,22.9668500917553,72.8339194064291,37.2693463926012,434.883172015232,1.14185424296104,23.7649881404715,9.16242449895585,7.76874592657277e-08,20.1042450354854,0.704394837401144,1.74166424699285,0.792913902675312,0.247887260411055,1.91100555265226e-08,0.494245813627077,36.1424184312542,7.4852344340769e-08,2.59609969842891e-08
0,92.3577910212758,25.3936292960576,76.09873590459,33.1169912272726,403.887183100492,1.34743262168263,25.3301411136145,9.89265960184047,7.76729520640056e-08,19.9172992491932,0.720720965877819,1.94381385105897,0.740472173247059,0.245440466754417,4.61802168964697e-08,0.496507546227087,42.6641416624911,1.69813965817781e-08,2.04244309288484e-08
0,85.9960094550808,23.6526012575379,72.8413915477771,34.8793195755683,426.809664458932,1.25061633447303,23.4988046642991,9.64684512338011,2.20315434747053e-08,19.298946611429,0.729797084871965,1.72266525187846,0.898012580483126,0.270197692621228,1.27452247839541e-08,0.523718946536544,38.1196145604195,7.23253763738955e-08,4.87932457318024e-08
0,99.2100507188644,23.4508606305274,73.2462192997468,37.3623012994184,448.969463806656,1.28588091335237,24.2403064626849,8.83345462457138,3.15316960611596e-08,23.2182537788269,0.811262626699558,1.73442267994613,0.785922016758294,0.233056918108143,2.78898501820792e-08,0.47244210635805,37.806765406199,2.64338494774479e-08,2.05989273905673e-08
0,101.133291922718,26.8319404678982,74.5650921510537,38.4767190886106,401.188897015825,1.21669726117761,24.8308197736854,9.66393492609175,2.84321264652233e-08,20.8965525744934,0.688827007689855,1.82187149352837,0.875286744759865,0.233467029448092,2.83706905020174e-08,0.525377152406569,41.2958202679844,8.70587737376685e-08,1.15487366077852e-08
0,99.3611157641465,23.9646391179501,74.970641781651,35.8463806504449,442.763575771406,1.12508371607865,23.3251087728168,9.69087550463559,2.67017671510372e-08,21.0455167122585,0.744650030177056,1.97158610759145,0.815721043503858,0.266684694565643,7.29662175121727e-09,0.502137807032478,38.0229364547203,2.79763669268953e-08,1.39416318856261e-08
0,90.1780031198509,27.3377880557831,81.1518292850018,37.6676795059509,384.959584006399,1.34901912255203,27.0198740347149,10.3482591573921,2.63280433144965e-08,20.9476144873225,0.777965175817111,1.86218030202027,0.810283603388645,0.240254095502243,1.28601212507519e-08,0.476391164290808,39.0745288856306,2.43199410288854e-08,4.81626615234304e-08
0,102.526551088662,23.8167845038912,84.3471491575494,38.6027254716899,382.923188237513,1.26589213229915,24.0155507036249,10.4967400565968,1.40543036295737e-07,21.0870597000556,0.734629177603865,1.94953730203307,0.75617300542287,0.266415574079619,2.9295103616042e-08,0.466458982362995,36.9224704072886,1.03021718940091e-07,1.4544255662992e-08
0,86.1525706598382,25.4232638480606,74.0199370937939,34.2020560156585,440.177891470104,1.30932161017322,23.5023102040004,9.47232398079101,1.62991262926341e-07,23.2093456589119,0.809126378020762,1.78429350251496,0.732726373495177,0.240247962788517,5.33605681145635e-08,0.534342060707939,36.8443248126714,9.74996471512299e-08,1.06673525215339e-07
0,96.7642377644445,23.0879111198434,86.1901891911472,37.1243203559683,454.129435792928,1.26878519563356,26.2288817592019,9.57596322573761,1.62282839214011e-07,19.2400267639594,0.72820599910861,2.04258321051395,0.842588251479918,0.270523701376075,1.87825093515737e-08,0.474754890043548,42.1892061106112,4.19404344865833e-08,6.05992559105431e-08
0,89.9617755043636,23.9786354231652,85.9374707123124,37.0528900659194,366.412574812322,1.15301393310571,26.3085344608244,9.24076836627498,1.66357159207776e-07,20.6760182504592,0.811125058217157,1.90392238830705,0.774669750960958,0.248734685476819,9.65176857441139e-09,0.518548502727229,38.702675864414,1.84898357070838e-08,1.98382329878241e-08
0,99.456117850337,23.0999070810108,75.1089335915029,35.8246362327959,384.440668350779,1.13317701510837,24.8344158054255,9.15733272667481,1.49704162787022e-07,19.3433548853887,0.660555722635311,1.87554792824552,0.850196465847478,0.236467168367334,2.21621663100907e-08,0.462259526629044,35.0626736577678,3.81335607288195e-08,5.11445377723651e-08
0,92.6007440084148,26.2964724969802,86.2515649298174,34.9700921212337,420.48609317645,1.30896432293087,26.8258657700746,9.03736354721028,1.62486738896759e-07,22.1443902657341,0.742764237523201,2.05314184609893,0.757718780146688,0.27008076613208,1.10649864403256e-08,0.503576914224684,36.2476532422403,3.88173663152025e-08,1.53385926703855e-08
0,87.6356513576682,23.5586660852924,73.0060100944078,34.4586932383412,402.571638424697,1.32821094594675,26.6174958777318,10.1683604494811,3.03786311720726e-08,21.6069238196891,0.743506766194431,1.96808046057986,0.815612124059142,0.261548412050284,6.95577632693197e-09,0.558833908854291,41.509184572496,3.29684384423247e-08,3.17506314968029e-08
0,88.4842362075759,26.6097014843325,73.5610446226826,39.773346355853,422.431608389872,1.25318287919848,24.9990175813435,10.1769575705339,1.77081678483055e-07,23.6404443676664,0.751869783976363,2.00076072379317,0.866971401406817,0.280932365138908,7.95695783488989e-09,0.571160472393913,38.484621976381,4.01689394495307e-08,1.21691917276884e-08
0,93.3306854779287,23.8532224990408,74.7343034202479,36.0204411647777,435.461576544416,1.15865413872029,25.2116761499845,9.42562049998525,3.7469361364686e-08,22.447435990457,0.741721212868474,2.01265796181743,0.76639226009527,0.239765920835064,3.87789319156844e-08,0.478225641992901,39.0615125238742,7.33277045733186e-08,5.99497169178364e-08
0,93.4628740585161,24.0748732716269,85.3225175467622,34.3259765914988,452.602602957147,1.23357022052057,27.3286050944273,9.53990360722923,1.19232176477572e-07,22.3494891752373,0.719730507239711,1.88137331516484,0.856615984866004,0.282154866537127,8.43230443257705e-09,0.522122752664252,40.543213679739,3.47760236475591e-08,3.41930908342814e-08
0,94.1551627477608,25.987300284653,82.9102758283658,39.7706312216724,396.354996259654,1.33160909862612,23.1962577004992,8.94772459778762,1.32722792083104e-07,20.4259964755803,0.765270080840242,1.72564359051818,0.84352368808675,0.278304307328301,5.51230524042448e-08,0.462034239087764,41.3648029627511,3.44260673227918e-08,4.20529173709594e-08
0,101.813911831927,27.1865039862182,74.9012066044529,34.6897426522648,430.328085209615,1.21734262537138,26.2695378531506,10.1511886846635,5.9327693087221e-08,21.1517330826174,0.749619444129544,1.75844734945817,0.820612639788108,0.290510063816332,1.56296959438318e-08,0.46687622539367,36.6470063368293,9.29450009138767e-08,2.06070776670321e-08
0,93.0553760494754,23.612680290735,75.9944523148692,33.4005535337847,413.452198972032,1.311023038206,25.8812276171196,10.0480821565657,2.958542621753e-08,20.5925321581865,0.775856073530459,1.76644797405426,0.871643605872625,0.254805807058716,4.7414097019676e-08,0.523184687323465,42.0503746746419,2.60546368123494e-08,9.65785429892632e-08
0,98.0000668956986,27.1604820731487,79.6281787518372,38.7088010683134,440.3016521253,1.18875815386336,25.4666667444307,9.26073592083148,1.74650129036691e-07,22.8618234292372,0.818644023893612,1.98121497666902,0.900499964241398,0.265833697585926,2.50874779405485e-08,0.499005778966339,38.9969266146329,2.63815017823234e-08,1.31627863338878e-08
0,89.4836352745606,23.6476382039205,75.2569686777849,40.3974686412782,435.874375776414,1.13799253334034,26.4833936408291,9.37288194415772,2.28125527764974e-08,22.6576165067738,0.717872798114153,1.99066522133895,0.771519207496305,0.260577595500563,1.46361037325104e-08,0.569182729446755,37.1123860002191,3.45591030883644e-08,3.76145953680857e-08
0,87.0006047326303,25.2015138063683,75.0254113814481,37.8866258174819,408.237035828585,1.14253640538542,24.6038211186575,9.76201145597599,1.47464191214141e-07,21.6907690561308,0.73811302386799,1.97876017206589,0.859169537559087,0.235080563626824,8.34000276570605e-09,0.515109739972007,36.2996486274895,7.8973563970645e-08,7.89658065973522e-08
0,98.4425564358851,24.125760348483,87.0953854129273,35.2685414099032,383.715386377395,1.34832841332682,26.6697073284933,10.4012589800854,6.35121640544098e-08,19.7887588109307,0.724816511099376,1.69064036214272,0.792987189621987,0.289548927968114,3.24572996502736e-08,0.563361591376561,36.7730097023805,4.15873397971292e-08,9.24101203437428e-08
0,88.6889670596286,22.8264898071268,76.212326064756,36.2427839482919,410.124764763328,1.28164992339885,23.5206692607948,9.83251275640357,1.98183407058421e-07,21.4647861937136,0.793492037965969,1.8911411761913,0.763214840953581,0.267215379008286,4.31322386862079e-08,0.506698342993459,40.459901271175,4.64298745106399e-08,2.65657113636935e-08
0,98.3760234925295,25.6998091101608,83.109959728059,36.7289596480577,404.539616440153,1.31344499597888,26.2663465229726,10.134314874419,8.56393570563083e-08,21.7303091729016,0.76346567239354,1.92000539877331,0.780943708289753,0.261691969135879,2.3548851478201e-08,0.498501179952996,40.4330800394562,2.3474771077316e-08,4.26455900750844e-08
0,104.280227966652,25.6230242532753,83.1016794719851,38.1589599545093,428.890604827553,1.12708927903575,24.966431411428,8.96498232301801,4.13277470528928e-08,22.6907578649672,0.677879079265611,1.97923049681079,0.781354176086361,0.230124633175099,9.25241216435712e-09,0.520520967280881,41.0007070233198,8.51862078322799e-08,2.54167094543464e-08
0,101.47153420634,24.9024010977337,81.507863049859,34.7440028592881,396.618954958015,1.33261651388943,22.3985749966596,10.2251616470293,3.6082953626591e-08,20.164525012059,0.661832421051681,1.9126484204581,0.775952710614924,0.250263628497861,6.79947183181431e-08,0.55454183869954,42.4177734419152,4.37039652852098e-08,1.15793569081049e-08
0,97.8785261720318,23.1799803599605,83.8274095710679,36.8123114015105,436.80381579017,1.21732173142346,22.3416792360104,9.21705949104642,1.51045623604378e-07,19.2625660458056,0.755118005029811,1.79311469735887,0.795937986606026,0.280516130785132,1.10296632363422e-08,0.521289001490754,43.1035853189296,1.6272232501912e-08,6.21121272963714e-08
0,90.1276666432193,25.8076370076931,82.3990588470054,33.5592024012421,401.068120428486,1.27461135684014,23.0329191435091,9.4341779639907,3.96228382156637e-08,21.4251814672126,0.752749298478706,1.86278069389712,0.834656827351884,0.225837551024868,4.97970308915014e-08,0.488850129836034,40.0620972409677,1.57308444926486e-08,2.51421704587006e-08
0,92.4229918136929,24.1744181861957,83.0508583494994,37.8580865253688,411.450611925886,1.26608802845436,25.2142053826624,9.41937340802038,5.98196767398816e-08,21.829436129385,0.763773655311928,1.95472443904643,0.845210752784645,0.279430936853096,1.90363889360696e-08,0.474683545722798,39.5543423440427,6.2119410239278e-08,1.67197708677878e-08
0,85.0011638852305,23.0642196896829,81.4811776619127,34.9636811202925,399.915133878276,1.12678586348925,25.6482743068642,9.32585582661584,1.05014069011584e-07,19.295434811128,0.791578821236159,1.8190049779998,0.798819637099876,0.265615058269225,2.41442121176247e-08,0.52755396057351,36.9064374809002,5.22791313340792e-08,6.20965533575737e-08
0,101.80232332318,24.5187855390209,85.2856939540077,33.9488225662264,428.770338829006,1.22642748228423,22.844729702387,9.37988092872529,3.10851215746154e-08,21.4219935535668,0.74843245455554,1.82986462382196,0.818148263147014,0.239114052032238,6.09278246821386e-08,0.555458120561732,38.4459606165986,9.58312840022006e-08,1.31652367023042e-08
0,99.0737428088686,24.5100216550587,73.4432366805648,35.3200706205438,373.682456475667,1.26523927654762,26.8819662303717,9.61281145823063,1.79847695787752e-07,20.5856857577969,0.769517506416251,1.99530205427497,0.889352841457941,0.271497770714673,2.79256455733176e-08,0.479920830913947,40.7708095470449,1.74636199810976e-08,3.65074833043118e-08
0,90.9261941543589,25.9282391267084,79.9804936858534,39.0197785875649,381.823137825497,1.14547945760386,22.731339087552,9.31791015820473,5.20213322822929e-08,22.2205266041967,0.72485343252497,1.97442822726344,0.757562814229876,0.26152068217094,1.08385024416315e-08,0.452315193449198,36.2267299583808,6.86923282683494e-08,5.79157842529372e-08
0,87.7175966993775,27.1832292632727,84.4987243496098,36.7808554759366,403.370758051589,1.29770405568189,26.5299204230805,9.63702308956285,6.8245347379442e-08,22.1335673285151,0.769953962171516,1.73911434299045,0.731392900870913,0.269071565864648,4.35735361650335e-08,0.534403506425899,40.0005381997692,1.63584074506653e-08,4.16975905466077e-08
0,98.2721798394386,26.7997451301497,83.1420415362646,38.2531284316516,398.611850637922,1.23816538892159,23.6513419698069,9.1171039062722,9.31418584082302e-08,19.6684513893022,0.669393370428146,1.86731258346762,0.77916747374637,0.251285025080089,4.14408425017114e-08,0.510511680254296,37.2332729490584,2.09425200603131e-08,1.92874794211046e-08
0,88.2602298520097,23.4911956719042,84.5720818341855,38.9129167424895,387.80052498857,1.17771657948251,22.7644056298426,10.0635411024506,3.28566370824253e-08,23.1290485361094,0.757872662388107,1.86085309334821,0.855703755929198,0.232367545665457,1.47905021142177e-08,0.565454111227768,36.5254760400197,7.35678318574356e-08,1.74188590223594e-08
0,87.3005593539766,25.2945795269186,84.1642918493747,36.663711610818,395.048984141759,1.35694959392014,25.0286835523227,10.2476840599719,3.97591389355854e-08,21.3579970199563,0.751144889965689,1.89448740607818,0.765117517702645,0.233144293935997,1.78638019186069e-08,0.520045679528222,38.0784916017403,5.63190077091901e-08,3.34427319037167e-08
0,88.4482505201146,23.1689008776862,82.9133570701188,36.1500346533687,382.838227875333,1.31598043467661,26.2425051922106,9.65335074175027,8.59260249206707e-08,21.5679412780041,0.773603698210146,1.68875909214331,0.875861204913763,0.246822229884664,1.69291308010535e-08,0.520803838032709,35.6260188735411,1.66517490999213e-08,3.9512741239411e-08
0,99.4033391422505,23.5296718031661,81.5726879462989,38.4739978948392,397.687700271489,1.11752865051918,23.4648783266674,8.72192177300146,9.5525876193495e-08,22.2529022297122,0.653660641081098,1.64470452915582,0.864804263691909,0.249790608242677,1.3798396207496e-08,0.51916055965996,41.2340476472331,7.38262839628068e-08,1.8366835361258e-08
0,103.152099952765,25.4646189579043,81.8768869338327,35.6621837730905,438.739464960092,1.32371938066511,25.525853183692,8.77856321548772,2.35356273104436e-08,19.6613492969235,0.793937912593264,1.80860843031587,0.743102982494073,0.231809367559114,5.13238933651704e-08,0.478283748804328,40.7718849219666,1.03733618722898e-07,5.31932942874741e-08
0,88.8141991386707,22.5538754035476,79.6938459033559,35.7544803817593,400.947051127017,1.26016246943434,26.0554530043882,10.1526602928922,1.40305334397123e-07,19.3597888420227,0.686678240083351,1.67163088052974,0.798825031968997,0.256869554672434,2.01805450877349e-08,0.478055853769425,42.587199944618,7.77164778518518e-08,2.75672710638485e-08
0,94.6391999623375,23.2653498107463,73.850106812882,39.2740151123621,431.652268209038,1.26166616753901,24.8426712706805,9.45480142210095,2.48384299793951e-08,20.0143672523288,0.794300234906507,1.85734569207475,0.848965823423323,0.28337650831035,2.92967288182272e-08,0.545100887216832,36.7593250164545,8.46319468431533e-08,2.32802880788434e-08
0,99.8882653879245,26.8101150951288,87.1517126676434,36.9879953008187,446.78814185626,1.15577748655184,22.6055164024866,8.90335185541523,4.20679587079763e-08,19.7684819693481,0.764832011381062,2.0586671151617,0.762010585536771,0.280673720279556,1.86021287987369e-08,0.52675923983899,41.389000533323,6.59245372898136e-08,2.33343110667551e-08
0,97.6271459670471,26.2131878050153,77.5664179933711,38.6633862282623,378.878303729047,1.11591329082221,22.6828812270882,10.4426999127231,9.53841970921807e-08,23.1278521363902,0.801970285107312,1.89065306309276,0.832307824023586,0.248986121809392,1.39080255018691e-08,0.494853942941891,40.2197112226185,2.74657517362662e-08,5.14171989782037e-08
0,98.990133628672,22.6685597395739,81.8853496837725,34.8756062749887,380.658704667911,1.32774480208178,25.0320575246366,9.75549443355058,3.47328824328726e-08,19.0908913980915,0.665420417605954,1.79668586279715,0.825989495568701,0.240918626730479,3.51929181170726e-08,0.493876313814077,37.8051097394437,4.20458147531748e-08,1.59910639556139e-08
0,91.5131335411131,24.3272032704404,74.4355955573151,38.1065731171866,453.299137601745,1.24337562040786,25.699296710376,10.6430470178458,2.63093669011099e-08,21.024542739447,0.74338606073513,1.69882847631735,0.784061030788343,0.249109932023202,2.91731200289017e-08,0.556640725995803,41.2220775429204,7.55299652666126e-08,8.51582012358075e-08
0,100.762550170202,26.5997770229273,83.3981214161287,40.3796823117921,379.2986283394,1.2945136120299,27.5601784871877,8.92828691397905,6.99487210081667e-08,19.603963588883,0.713948587841926,1.84565667955141,0.830551129414702,0.289897323632953,2.76821485504163e-08,0.557568432075363,42.4728214948044,4.3846504492018e-08,1.48002910929755e-08
0,101.021540017984,23.5514051287138,82.7583575114961,32.8590133164434,403.681512848176,1.30353170231149,25.1365577688765,9.48855316192407,4.2805341177692e-08,19.939532165191,0.684356011174281,1.93171032972276,0.810984449393972,0.243594307321138,3.51939077171914e-08,0.472384149969989,37.5560365033181,7.27714127999856e-08,1.49311061841711e-08
0,89.6402782144854,26.4101251109082,76.5087255750617,35.7788898943041,432.698348105397,1.26699967407142,24.9822635265123,10.2724298496391,2.03517691381473e-08,19.2325801099385,0.697099107330913,1.77562154621744,0.799474479622579,0.251960820496522,3.07056374839453e-08,0.46887041417678,39.4639732496874,2.57660157977108e-08,5.16658751930851e-08
0,95.1893490119415,24.0916590863858,72.9054690084746,37.1899584445109,460.634378408851,1.1773579589088,22.6768553789456,9.46933329800083,2.11195757331228e-07,22.5963861969321,0.788104800794274,1.86688222938692,0.869235471157683,0.290516600706489,8.6336107283339e-09,0.512001212169491,40.3681178065533,2.1778955603e-08,4.54913162657847e-08
0,97.6290854244917,26.4640228415913,84.3608086597436,38.6679966366797,384.795160385125,1.35008679258821,24.6569874722981,8.85519244037784,1.23410661896939e-07,21.3603797764588,0.720034331416019,1.70741955885365,0.801258618763736,0.25576312834326,1.10735441786707e-08,0.47938173854919,40.5815418065628,2.26169587337551e-08,1.37826307831375e-07
0,90.4482090339255,27.3491601818851,79.5036439740342,35.9357281080943,390.10334987429,1.36018124916783,24.0562909161706,9.62525431487074,2.01163374892035e-08,21.6845708299641,0.817639179475221,1.78906919792465,0.897632220981606,0.271803867001003,1.40416072069935e-08,0.477012848890862,38.5308647817745,4.19832710578044e-08,7.26684199809028e-08
0,92.1327341032459,27.2507380757619,84.7579736946924,38.6027799029401,425.66471319591,1.208555104843,23.285749016172,9.6563054388791,7.46300266326419e-08,22.2762991847783,0.815887784122646,1.75472335869555,0.90997499703853,0.268842129657727,9.21043570909929e-09,0.497561663718736,39.7852001071043,1.09401227509599e-07,1.27392953620147e-08
0,100.189668949587,26.4769598884457,79.0471324970324,38.2721525780381,457.427200216183,1.32470692949798,24.8563248732354,9.54833584648424,1.48226611001575e-07,20.7196286257163,0.711505360646079,1.79901737700081,0.8735730008564,0.239408377088796,2.01222827970729e-08,0.520031950734932,36.1372896588492,1.49836990486922e-08,1.34516723883532e-08
0,95.8064350957312,24.8929467842062,80.9284889179618,34.0362737578251,437.227381293375,1.31806233809498,27.1009598588643,8.95536884188674,5.54720142174778e-08,20.64991072949,0.801701466393284,2.03895053117268,0.842504077767236,0.283396223448665,2.14052282596016e-08,0.482236798957116,41.2489366687235,4.18965660529932e-08,1.20278475067513e-07
0,100.45201039647,26.2217372093045,84.1698271837249,38.460587536109,414.14995486837,1.15520204994476,25.4211727356408,8.93313307125521,2.50366161046622e-08,21.3255807371781,0.708660579957093,1.8349413719222,0.788260993014856,0.256772223335603,3.47677501155135e-08,0.512709145793904,36.0565584853794,9.65629427141248e-08,1.04007659173197e-07
0,97.7597468347328,24.9245040331647,82.0160102786353,40.6827762073337,450.381375606052,1.18318536369396,23.4257492466483,9.07709250085514,3.4365344690014e-08,19.8975150349869,0.804763339611739,1.75523125489827,0.913906719035268,0.270759706268842,2.60345360604583e-08,0.527607951511789,42.16468048409,4.39651424959977e-08,1.17487982512662e-08
0,102.354292300548,23.4278734643146,85.9591582613972,34.0364438818366,420.225827454734,1.34821144478949,26.6224547522083,10.6005427548555,4.08876251336382e-08,20.0213497613414,0.729381940585703,1.86311596737212,0.798696861061066,0.242294135197189,4.72562345772607e-08,0.512646616096504,42.9567326269077,1.70457994002799e-08,4.13689757966814e-08
0,101.710075541187,24.9302691110346,84.3524260373057,35.2157706817802,376.186972156503,1.29336847251803,26.8098767602155,9.49365184019861,6.19636341609591e-08,22.3389580121808,0.778068805609865,1.99621713491016,0.87913251569352,0.22983040231099,8.85395038768103e-09,0.458628087459966,42.7225588724901,7.20298996819669e-08,1.93698089492358e-08
0,89.8891545023593,23.5792363358085,77.8192269443542,36.7920862325192,431.271939241354,1.37702482641425,26.5649861153297,9.31499200697905,1.10402470002205e-07,21.1166453591059,0.718732669504559,1.90733285379541,0.768637007937929,0.258166092428856,8.56861088404732e-09,0.479369388944187,42.3902111428669,2.19221432020746e-08,8.79593630936766e-08
0,99.3615912985644,23.1545833883956,73.0450730967529,35.9300862157437,380.460605457423,1.14309600538744,23.414809272187,8.84021102138528,2.11411863086778e-08,20.4681746604394,0.664821359995181,1.66146002841906,0.738823640561788,0.261066179468837,1.89038931530408e-08,0.473909112395504,36.1165992893716,7.27641933963316e-08,5.10631662562379e-08
0,88.813397728624,25.7274408785998,85.0840279023505,36.6541352218674,376.197585230709,1.36732019211215,23.1817432955977,9.82305754570649,1.48591811396777e-07,19.4197415960869,0.787657465018734,1.972650033738,0.799600507242183,0.284247860059691,2.7976063344261e-08,0.547157175769117,41.3048788000759,5.94947115336754e-08,7.68133334468785e-08
0,89.7953967834547,23.6537390072412,74.0541216758531,38.6078818865068,421.864834628048,1.20204143783679,25.8518155392792,10.0172903745257,7.18013385806055e-08,22.6588611034542,0.693659658151982,1.74137562948853,0.780995600975849,0.237885352436751,1.59194371909577e-08,0.496386209031076,36.6789506860365,5.55433972457503e-08,1.16865991310917e-08
0,90.2223428503829,26.7148245458324,78.5694581846716,35.3628567904079,451.498422724485,1.3564959366859,23.6386876350299,9.38088958595969,2.04436098043354e-07,22.2946054808522,0.772980990040753,1.81922871594419,0.770494988738669,0.23567838516348,2.48015413295823e-08,0.49777957688052,37.5873226706573,4.48663684138339e-08,4.8225603673382e-08
0,84.1794439833094,26.0408940707962,75.0385239268781,39.8666551464198,380.619304267339,1.2680656835255,26.5263723797226,9.57901368645206,7.93109782794685e-08,22.3084933334527,0.746843848241025,1.99320168394376,0.838162515308689,0.246414886561486,1.10752009611309e-08,0.485141646372242,42.2072685889823,2.16129694401001e-08,6.4532154389445e-08
0,98.5110929862552,23.4310652931516,74.9346618165038,36.796907579015,445.92723447706,1.30494834806229,26.2768627373548,9.95452387810396,2.49950695434777e-08,23.7704552478306,0.762617986149034,1.82492273634461,0.76820178781539,0.270582535204165,3.61698289384496e-08,0.491913368386157,37.7689080692935,1.69636426211494e-08,2.13877042598694e-08
0,90.6536034993015,24.0888384472249,76.1558570545649,38.3233034428566,414.61885961028,1.27377978024162,24.1715405758652,8.81264593723549,8.46862740685421e-08,19.6015982296029,0.708844241516667,1.80906841974846,0.816646845043287,0.261412334700948,1.01677640465012e-08,0.472125667248323,41.2797960848786,3.48561847266512e-08,6.58143407110898e-08
0,102.368612934967,26.8310097133416,83.2510045597346,33.6781006035537,416.047259922521,1.29692139946804,25.740007291173,8.9751448823662,4.02993865650863e-08,20.3414054540725,0.813159405787624,1.75509886392967,0.73987561824763,0.274983001028595,6.01836629055265e-08,0.527415990901211,42.9319140730003,8.15159627092441e-08,9.34599669520216e-08
0,96.8709843209433,26.9883510912253,84.3539241715609,35.8372703989491,407.651714615338,1.34879460388793,25.7718738677808,10.2321922535727,3.33690514424035e-08,21.6323219887116,0.756549677477143,1.68405851294774,0.810468365913833,0.23456886064685,1.20897209048649e-08,0.468996925308277,35.9936865944137,6.45535670309572e-08,1.51182752312405e-08
0,102.068336112356,25.9537294676377,73.1154344863006,36.7829858500854,422.484915033582,1.25164246652481,25.8419877649581,8.83368034981548,3.10034160307057e-08,22.7472250320571,0.741363380567494,1.76922468763246,0.802105751929311,0.281886715809355,1.13446019653144e-08,0.48618892669874,35.7726989812178,5.4487773199768e-08,1.94998762791406e-08
0,96.1588133503065,25.4407285582752,85.2199656638185,37.9389787148348,381.073096310193,1.16017461779339,22.5419191120997,10.3121137177478,2.33065461563533e-08,19.6838195724301,0.707634243403639,1.78013938988728,0.854305694571119,0.230190151175868,1.0084989045117e-08,0.523246301127214,41.2322018772447,1.89319930945334e-08,1.45160112324444e-08
0,101.785868122883,23.8219454813151,82.6514185104681,39.7667714569115,447.832253954803,1.32241663550573,25.0022161913852,9.54864819782972,1.00795967714768e-07,20.9455995703672,0.73113168391541,1.71992986893921,0.826208996140247,0.256283158299624,5.59746007949832e-08,0.454445568596146,37.4259587664172,3.73320250452503e-08,1.37813559057732e-08
0,91.9685218684896,23.7239511587506,76.7178105096694,37.2576590004602,444.296627666885,1.18965949688987,25.019899861058,9.38607462632923,1.71239376774355e-07,22.5798652310455,0.668655569159825,2.02349751057143,0.819720551803163,0.238099191556654,8.12803598581591e-09,0.52684234387996,38.789513848858,1.79833645649355e-08,4.56646419284332e-08
0,88.6664323203785,25.3929071210425,82.3659483145595,38.1575769089844,381.113386780499,1.1182690723778,24.8781212450926,10.1080868811534,4.05585468730433e-08,20.0648475842516,0.750751848143965,2.01113429009057,0.760984573093006,0.283127250999166,3.06218459889576e-08,0.466730625085878,40.1509566801433,3.61934904338447e-08,1.069363128852e-07
0,95.3865920282659,25.5030339721599,84.4849400910624,38.7296628370625,405.595509166265,1.23990426031922,22.0822875982896,9.77326761529909,6.06952741571557e-08,20.0861969995559,0.703363355057931,1.92595311435105,0.748414111195996,0.23600080627433,6.68413746971133e-09,0.536549421160938,34.9989538601215,6.57664439635633e-08,7.88804329599392e-08
0,89.4945703599484,26.5537866397015,82.280779181518,37.9683149949899,411.875251512617,1.21426114952741,25.5237857512489,9.1677974339125,8.67974129760919e-08,19.697851375625,0.665296973536399,1.96222818492488,0.882673702183552,0.247699362338746,5.55917970968662e-08,0.455380200077029,36.6656989033701,7.17119365593787e-08,1.5471479996359e-08
0,86.274080655175,26.5888913159773,82.2198636236262,38.5776715127992,411.405607585146,1.33890750461593,25.747119837203,9.5648288540981,2.02735571180273e-07,21.9978158532992,0.806868005031156,1.9970112633162,0.801274181587817,0.250599577300926,1.75489560675685e-08,0.5097066027696,37.6391849484777,2.28987675756434e-08,4.87967919406131e-08
0,98.0929697715212,23.5048343462701,77.8310100388096,35.0570881004584,391.255032696029,1.10537950135285,23.0787734528691,8.67070552018745,5.53560650799832e-08,21.3324563426491,0.775901011791656,1.77033977887963,0.79675216587287,0.282148537024509,2.12726440055844e-08,0.526061200296162,41.550785760511,1.26103447522046e-08,9.87753467792151e-08
0,104.738068137717,23.6913322868112,75.1949477545705,37.5492626058312,428.879103353866,1.33318002585593,25.6861253888181,10.5024853195913,3.06599156972565e-08,21.1329867343136,0.81225151955463,1.99496429132452,0.903527275526639,0.272937813863453,4.85127275648557e-08,0.554152489529927,39.1126465392187,7.36338857749552e-08,1.20814387756506e-08
0,87.792834133452,24.9425604299328,86.2216035978736,35.2942282081225,424.941923394709,1.24016202679558,24.4369029973542,10.0064771777355,1.3903879474238e-07,21.5818835016024,0.695019494996889,1.85103286073769,0.836864547215743,0.274004088186491,3.70043627954332e-08,0.523915195346904,40.7452136232165,2.71443770266895e-08,8.42663589192701e-08
0,91.4111181737932,26.416022695594,85.9394881696698,36.2278569614121,446.426713501581,1.23407669737556,26.9916065077781,10.0762698816953,7.26985858410457e-08,19.8632904451976,0.656635725585693,1.83791783457619,0.88424622331874,0.286192462108943,2.34787487797028e-08,0.466638335422955,35.0405211244455,2.05202358828347e-08,4.82792359726529e-08
0,97.0923179502387,26.4885279822801,74.3730536640723,36.4160096885071,373.485816848072,1.1181956055486,23.7871819817472,10.0722956715369,4.56120017944437e-08,22.9564909995737,0.799927666986689,1.76646082912782,0.819261154460575,0.254880371567258,4.77725223959589e-08,0.467021423260066,40.2712591238718,9.92202930384312e-08,4.78622349641632e-08
0,98.2350251854684,22.450780557911,84.5032672343626,37.854482765569,389.867703239139,1.23796792349398,26.0532202947507,8.62271246688945,3.39816127294592e-08,22.046666502786,0.802332363972895,1.67473043458211,0.730472724709339,0.280710138042249,4.35995409906029e-08,0.478426403887442,37.1144447443283,3.31096380978884e-08,1.99078935427185e-08
0,87.062395979843,23.1782119381926,78.5687817002712,33.5996857003651,378.486164981836,1.30061075035352,23.9733039917927,9.5607067436309,1.15186241093177e-07,21.8025261103597,0.751041178337266,1.80816313554328,0.878974125720181,0.284226041052792,1.16569447954417e-08,0.524764135851662,39.523260370856,6.14976832656912e-08,1.87702132910062e-08
0,89.8730076421175,25.0727027486256,73.3007462536087,34.080889341782,436.814087931949,1.12786826007632,24.0417548210605,9.61615708541137,1.19381857871302e-07,21.2327495264321,0.755225844689801,2.04908214507335,0.784588199784559,0.253246510097209,1.16482092269509e-08,0.535255743156767,42.1639204618534,8.43686644181222e-08,4.8912058092492e-08
0,94.021613819188,24.1975678931432,76.7418723058188,36.317474758252,381.196727039389,1.29467619736115,22.9289512935192,8.67088717971824,1.90309281293046e-08,21.7685849665239,0.783532557306302,1.81096329497876,0.81933869611531,0.263395148026344,4.13828242733507e-08,0.518851606878637,39.2757852397053,1.81841339018949e-08,3.84403506343731e-08
0,95.3362171474261,27.6273562055962,74.6893221113582,36.6065687187031,457.62146492235,1.17590447986967,25.3739207527228,9.37426301967196,9.02451322979273e-08,20.8627099173185,0.751516129668465,1.74306195614971,0.860851525059345,0.279290072163228,1.78699141066898e-08,0.567217656651238,38.9127890761129,1.86821770851158e-08,2.18000038418535e-08
0,96.0858144848135,25.8087524869854,72.8735156444372,33.8016742650178,411.612148998756,1.13515497645928,24.8482586456158,10.5285727227708,5.05090302589372e-08,21.6726473321385,0.791432722491786,1.70050818554844,0.762016574290074,0.268450303576323,9.64691253461537e-09,0.494761405558319,42.3231532658905,8.48809629217218e-08,3.2529238778623e-08
0,96.2426088151772,22.4033367706885,76.7446308574004,39.0117819642095,379.676918712707,1.18983697347531,25.9694566019746,8.89691505617248,9.2478466351475e-08,19.5251476992263,0.70476152882026,1.91083619450391,0.759690371730107,0.249674971080436,5.09050186006988e-08,0.489620878423747,42.4228175082261,6.49103717209267e-08,1.97367434784112e-08
0,96.5935187032054,24.3088760253247,86.8478212958353,38.5075908406517,422.788213355396,1.34441796721545,23.0504150429581,9.30657277783662,1.75543134357804e-08,22.3792753954167,0.736962519098657,1.99309195528252,0.745530097916077,0.289129945600539,3.19058379297617e-08,0.529240556925557,42.3378812407235,1.48914716292074e-08,1.09074361879072e-07
0,89.3816729291652,22.3074541771859,81.5934419297763,36.320824165024,452.764824554235,1.1192977908709,23.4316038957965,10.1909114376856,7.12858120729243e-08,23.0698274499269,0.739182280980268,2.03700499729478,0.871293945333969,0.257385272674068,2.81597710792713e-08,0.550808472420642,43.1478461712135,4.68639449094112e-08,2.90907808817286e-08
0,90.0666112827547,26.193981081862,74.6310989232903,33.4609016038565,394.437537155641,1.17971990614789,25.9622515562461,10.3118063904606,1.46072995708491e-07,20.2744064330351,0.76921904552112,1.86188434603721,0.752435790757625,0.256117806576634,6.60463122022519e-09,0.508184348904754,36.7559822727575,7.59462912844426e-08,2.86783239109423e-08
0,94.5890230293169,23.2057510486427,81.7781956242675,34.3259327253699,453.90955847945,1.2349367440621,24.5748587080854,9.89097287124931,2.16643906465249e-08,19.9226820823983,0.773595867560728,2.07533568764463,0.769970503514299,0.264243854856748,1.36841929636811e-08,0.491036975865611,38.7322821955655,2.46231667181825e-08,1.04275494676604e-07
0,84.718309879277,25.7313098287062,75.0037940752201,34.0468983694501,451.481323905653,1.26149187507397,25.0952962076956,8.62516565359716,2.1214218393135e-08,18.9998116469321,0.705142755562802,1.7333105764723,0.846844376188869,0.249887446445851,1.51395482168559e-08,0.472043345941822,37.5950338255239,7.41468443189343e-08,6.10122565243759e-08
0,84.3445949679049,26.8629582931944,72.2937059881282,33.48309657266,429.150500795637,1.1538286152999,26.8429917173323,9.03590190564127,1.06385072999853e-07,23.2489944480438,0.746125976326032,1.93413066029033,0.826824983005724,0.247076359172428,1.4469360369085e-08,0.545135840469227,39.916623147077,8.64193507043995e-08,1.00156523075785e-08
0,99.462375987371,25.8950991981179,79.196540922146,38.6105696532964,410.256317680509,1.23928595245544,23.6259138575318,10.143722550136,7.3324872845182e-08,22.7769225947669,0.765072815741625,1.71856308124231,0.737344356690287,0.270583249676348,2.26514065708043e-08,0.539093839148312,36.7974677624699,2.97294981070905e-08,2.82269739624305e-08
0,87.7720064182658,23.3434229765875,80.8219118052066,36.7252566403945,420.422680273472,1.33106226938676,27.3983462297175,9.73359152109636,1.12558084008728e-07,20.5043179292403,0.791969489997313,1.72759625340894,0.820534037198568,0.28439529443631,1.2641015222211e-08,0.520842267207082,36.9401023796783,2.25442941844877e-08,5.78231340928523e-08
0,96.1853254964604,26.3797004661484,85.9458494062106,34.4340375640693,437.566707753367,1.23180520511615,22.5665857846299,9.12513994561741,8.05402210625603e-08,19.345140771114,0.702616923204127,2.06351594978572,0.899569324825635,0.245420630644769,2.4555716947343e-08,0.522523149091345,38.1586623368757,2.5664819923807e-08,2.55813149480332e-08
0,88.9357615806335,25.708007781519,74.4184467891211,34.5965204424122,379.694482889372,1.16482370705155,25.8404736213905,9.95084360891673,2.42209686547112e-08,19.691881630344,0.768930039407685,1.80683439948894,0.853823068289993,0.284477536429299,1.52576547202374e-08,0.454263459887671,43.085757116829,3.1508393476169e-08,1.08203364467904e-08
0,89.6964365581915,26.1541263473015,74.3780370911969,35.701502527867,396.670056797283,1.31328772735021,26.8748237868678,8.84939174699549,3.57098594104555e-08,20.0673124151727,0.671569968693462,1.89546507606095,0.760336043285273,0.27271872627938,1.49491492488543e-08,0.477358351365384,36.2230075037288,2.7588525037979e-08,4.70497979466607e-08
0,97.4378665710136,25.2694320772852,75.8072537802909,36.4015565813116,397.562838912136,1.13474460083612,25.1688280553997,8.79705611692087,1.76274302524866e-07,22.9371413538328,0.819027312060334,2.02683574201156,0.815859130573631,0.249332493971526,6.32612983645855e-08,0.487325895761265,40.7245239247138,4.79064583690986e-08,1.72641705614071e-08
0,89.4942670333609,27.2620137632206,81.037826021135,39.8108323661621,392.569872043643,1.18037476683742,27.4201241687572,9.02351071662261,1.18347784034447e-07,22.9221983487135,0.70182452604339,2.00297620499729,0.795957431729347,0.249383277369812,9.92787514317657e-09,0.488292282223017,38.5365768592003,3.89058285780591e-08,2.98417522081274e-08
0,102.725917601181,26.6064519520818,79.9462251676444,38.5432534686573,405.492319912677,1.34219866185773,27.75586186814,10.5725667506051,3.92266982713866e-08,23.0177022932209,0.774423615499385,1.80195433538145,0.85508539877016,0.249828039560471,7.74930981701496e-09,0.51193238107748,41.1526251398244,3.10266312400655e-08,1.88915902441795e-08
0,91.8542977945427,22.7853309849334,83.5441485727862,34.0482191230324,444.136040530716,1.35650085214023,22.9715560500033,9.52835407841763,7.83994064564293e-08,20.3805156698784,0.671432250866281,2.02378338778133,0.816362188612255,0.268180818782832,1.77651904215485e-08,0.552497290745376,41.3585778451447,8.18420895350052e-08,4.48368668167494e-08
0,90.5217047017804,26.0373435445146,75.6828574866014,33.4166022913433,436.294703593859,1.24809741363657,23.7484939525282,9.36273251987109,2.21509573627135e-08,19.2291727269364,0.786729091512052,1.92379879634697,0.860084688630299,0.230823162946984,1.56232442615152e-08,0.449086593610094,38.8287190913961,1.24220014761497e-07,6.96141189751631e-08
0,97.1935519847535,25.9589906702633,80.8914168774315,34.1121973208549,402.488164059328,1.38259909729054,22.93136981269,9.33537382403228,1.20876999053497e-07,22.6143166229089,0.697861269239186,1.98575586067107,0.7716338319379,0.283632307707446,9.87172459763995e-09,0.490898820147635,40.2125805333185,2.91598047106475e-08,3.02783422140511e-08
0,97.672946118931,22.6109045592758,75.0459954666515,36.7751073406203,412.617053264276,1.33414287184295,25.9914797977365,8.66607258894986,2.04066567753881e-08,20.129332947612,0.777939106521587,1.95216182443936,0.838706448692615,0.236402757762188,2.46519826468051e-08,0.511421996191458,39.306707494261,2.90366166354932e-08,7.58289074962988e-08
0,86.7354719006813,25.0779669318605,83.49737488799,40.1288676754164,369.153027741247,1.17821895521044,23.0949405269391,9.95850279390993,7.20999937575554e-08,19.9722976490162,0.725093106840474,1.8563904266512,0.871026389700498,0.243965006076522,7.85654849082945e-09,0.558531281159508,38.7850897682811,1.89917235681362e-08,9.82435375749033e-08
0,96.3684832715604,23.2842171434393,84.4216091725713,38.2090787781238,387.640521881838,1.22048392732357,25.7008828054894,8.92646572769894,2.26914174383005e-07,21.7106053899307,0.693200609681828,2.0396132272065,0.796513925983601,0.238636225600801,1.47138830039304e-08,0.486345047246831,39.2247495734193,8.01666990782433e-08,1.05699977364103e-07
0,86.6389699612404,24.1050675911943,74.8085096328697,39.2515346135643,385.972772182507,1.25182564621488,27.1960228373862,10.0899960722302,8.51775827824985e-08,22.4164774389582,0.793158271688302,1.99519992129139,0.75901860430323,0.243105091181428,2.94817063857053e-08,0.459228753856029,39.1954274804476,4.98120103566149e-08,1.05287669116359e-07
0,100.681240737818,27.1955076440799,81.7830391463486,33.8918962318087,448.942912765391,1.3533824563052,26.4304053386628,9.48538334626047,1.64735278792498e-07,21.901125120962,0.777038807738055,2.00998811782795,0.743952745330992,0.261865164076514,1.82259514009784e-08,0.529563208466915,42.2331435742002,3.79238552003816e-08,3.70112455830396e-08
0,104.887123970019,25.5994954264119,88.6101811802273,33.8478053234442,418.113044617868,1.30643833725676,27.3534761234315,8.85855969596592,2.01338051413347e-07,21.7843606761702,0.753716627073741,1.8642255690327,0.82530364522879,0.249067393567269,1.10035157643031e-08,0.492919480906964,40.8592655345101,1.63669816884961e-08,1.46289494048761e-08
0,101.110203714698,26.7303462537536,77.052888653663,34.5092533550417,444.38686352639,1.25810432949883,23.5620466640352,9.12205819379568,5.94068124825797e-08,19.4486729343892,0.806586119147985,1.73345789426289,0.768335581782814,0.223709661285508,3.74605656877328e-08,0.456780084378301,36.1035502311339,1.57225222641864e-08,1.06869689166223e-08
0,96.618921024172,23.0123274189473,85.942069763881,38.1794030535342,418.906319263088,1.37683362635693,27.1040566187297,10.317020751268,2.53487539594866e-08,21.4859427625087,0.761464807293242,1.89686191741317,0.807810730458932,0.28007753307005,7.74193577573578e-09,0.503627190108029,40.9843365410661,4.89109296491609e-08,7.59380584820283e-08
0,91.5554435865946,24.5394075878388,79.167490357106,37.5216823672851,394.81759489427,1.28353098806385,26.4598762583859,10.221623613537,6.50070526449856e-08,19.1945687122691,0.771996590825795,2.03975774337255,0.754176637711598,0.28656310309263,5.72884472717379e-08,0.514827862629622,39.237155916614,5.83718712281877e-08,2.14623281650194e-08
0,97.0858037507617,27.3047138295742,88.0864847607483,37.5189763195991,398.085869512982,1.21475300397774,27.7794800879492,10.5209703851026,1.84351272607231e-07,23.4720863121144,0.78033975357337,1.79116761031643,0.824334057043236,0.280128435750808,3.46240829840604e-08,0.519413366747629,39.2719282416604,1.44346793148752e-08,1.09391240456576e-08
0,91.1183818853968,24.6673518482589,72.1518830062801,37.7112984157103,431.848125001919,1.37388666109858,24.9144765328677,9.48127975521089,7.40256233598723e-08,20.9197304964021,0.720375618399382,1.73227712119093,0.869349906552605,0.241982427984916,2.15097267630117e-08,0.497016652188466,44.1376988270213,4.06069468435335e-08,2.46484062076589e-08
0,88.2421741030309,25.8797378282675,74.0602543918317,33.6906050812075,445.494363047387,1.13705386865571,24.8943167822541,10.022960649038,1.52988704692717e-07,20.3373541131054,0.671915201269593,1.97127714860687,0.857026156901476,0.234095577560703,3.93210202035628e-08,0.548478393859252,36.3796150806623,4.40875162521502e-08,7.13654779344836e-08
0,93.8379895763709,23.7829503966909,83.9108469600851,33.2630612840595,426.771355108656,1.15625440458913,24.4980302084366,9.19323819072925,1.56069350937894e-07,22.6831221739499,0.767623691120118,2.00521662555338,0.741234683003655,0.229204292927615,1.38727469275556e-08,0.458434337866587,35.9851509509804,2.07517709443585e-08,2.64128506766493e-08
0,96.5195355405495,24.4346398380717,75.9388983057983,36.5105656474895,388.702966551744,1.34467865077039,24.818102238749,9.67733636268268,1.03451784675639e-07,19.1858120882072,0.792813612651947,1.93017222090179,0.879897514471693,0.285493435858964,9.67335491754184e-09,0.51088623168202,42.4503920480417,1.31402869091797e-08,8.58479793464415e-08
0,89.0873306167581,25.8207983862645,88.1366234867752,38.5839785967146,423.001381169236,1.27274384806105,26.3236352623592,10.0360403612048,1.37297113260629e-07,19.7060027139625,0.742593836455785,1.81601960008892,0.861442736910515,0.283183354019475,2.39209989736296e-08,0.556020584760612,40.5248975554598,1.05085194645882e-07,5.60463362582069e-08
0,95.4091924684711,24.8865577825915,80.302897431528,39.3396850536688,421.849459710608,1.19688806424314,27.4326240304677,10.3604690572976,4.73698365602913e-08,22.0787270527911,0.786626148725827,1.6919731107642,0.867975921701225,0.246432693232635,8.96941557359537e-09,0.478066648377893,42.7268666578378,2.9161462005496e-08,4.51041560986786e-08
0,95.8199634296623,22.6175506829692,82.8839054916293,35.2811264709097,386.240115165876,1.18471668184408,24.3397325282903,8.86507441378704,1.37798107399348e-07,21.9694280553983,0.729968266989405,1.70012113598826,0.796820480280908,0.236998439159706,4.1286060184669e-08,0.494812557481449,41.8818098168322,6.63070160811085e-08,8.36602457413914e-08
0,98.8319480795679,26.1687937323381,79.1567888711264,39.6200269007033,393.827190836865,1.24847368583824,25.4638889817635,9.26157646997052,4.60958193275267e-08,21.861527909466,0.777375024130265,1.65694908379411,0.840517230322114,0.255430236158254,7.48799135102971e-09,0.467784472600627,36.9305769783681,3.58871459738405e-08,1.05141284823191e-07
0,87.3329665130797,23.2146130249263,86.2868973317511,35.0880952613075,382.309448173696,1.21078943348075,25.1056810536783,10.6652291893993,6.71025443936471e-08,22.110768727292,0.749926857438267,1.73304750088147,0.775294763366412,0.235297008088892,1.44276160903288e-08,0.465417468838118,37.7460096009021,1.87327540016508e-08,4.35625308802004e-08
0,95.2317460268401,24.782499740747,76.8273502553386,37.425763378024,403.176302800857,1.28352767874383,26.1754258470637,9.92551220048433,2.49003329587653e-08,21.3965622108909,0.723900098903581,1.85035230053487,0.842319658953725,0.2418471850819,1.79917243608751e-08,0.492569609887271,41.4981582390256,5.13836788681281e-08,7.30718176087462e-08
0,99.4634846527311,22.303095650806,74.4878420483407,33.9409741271266,417.431089622949,1.25921014038154,25.909817599599,9.46620529599598,4.25059628198951e-08,22.3534702127367,0.691347769147466,2.01164383242806,0.737165250271627,0.23660891665687,4.22713177519082e-08,0.49292171863729,40.8738681506041,1.39788923154824e-08,2.72889482233e-08
0,94.6307376891975,27.0316988456453,74.8646355292026,34.1468783991557,418.195258546547,1.27380485535056,27.7076225602936,9.66692046522883,1.1314643956088e-07,19.7720914041432,0.702847882478821,2.02512364580263,0.912811249024953,0.235278844955918,9.5669452176974e-09,0.544772267819624,42.1020838091381,6.04508688854868e-08,8.31055671872617e-08
0,103.766063147174,25.2180524019845,83.3228322715522,37.970947731028,406.520977082691,1.32970558820061,23.2212181962252,9.52335471374777,2.50658887189066e-08,22.7417939452896,0.744249457251824,1.90435113647888,0.793430732227746,0.253542603168762,2.60395203140274e-08,0.467414505295922,40.6028281427685,6.83324323098686e-08,6.64175986303696e-08
0,98.1465830619397,27.6514835482796,83.0471658114673,39.2880929246643,397.966284620117,1.39898244379047,27.8716944231918,10.5389035596354,3.64620628505042e-08,22.8659514297486,0.722757403917696,2.05553180264966,0.909344091864826,0.240171007229389,2.69354398525474e-08,0.540946564625489,36.7327472509606,1.7156694794678e-08,4.51705170410244e-08
0,96.0797328836333,23.7375361896469,82.9806240612607,36.6067820540979,425.204222434018,1.37047443545748,25.75403981629,9.13415560633655,3.2793745829718e-08,23.2702948990655,0.736910027008842,1.75521731993429,0.80315127560497,0.258823363769387,4.9036100864803e-08,0.465253272168547,39.7179240016545,5.81378527997363e-08,1.27409479464898e-07
0,96.9851534696933,23.1774234757796,76.2886302094745,37.6432628157924,402.251493538109,1.20729084101709,25.7027235428653,9.41360983595427,1.28834434655829e-07,22.6974573982797,0.774970722782922,1.8329764739555,0.748074503656521,0.267766558783175,2.41100783990458e-08,0.547130439025202,42.9965224043521,3.10564264585008e-08,2.05143742252889e-08
0,90.1571214239044,25.659717795588,78.7724202718728,33.8750748127144,431.970112441342,1.10989356195337,23.6827803388642,9.63260269461471,3.74737513969882e-08,20.623003723217,0.77503195053627,1.81767438533725,0.784154136915264,0.249278781455169,2.71026782795604e-08,0.494618208285459,36.5420545901945,9.21865829608792e-08,6.83876027417363e-08
0,93.1511126076882,24.9790283875155,79.6508525355438,38.1902298414773,445.864321379838,1.23554231429891,23.2260642786735,9.52974680033589,2.46166075483245e-08,20.9595958691676,0.83072155460271,1.81320307635725,0.843625222893262,0.256567860423276,1.57124501279479e-08,0.514840147350849,38.0292245087265,4.03183127531421e-08,9.23399972162786e-08
0,87.9780070781051,24.1202348903037,79.8879006760964,40.7543722731612,420.980889713816,1.21301425893946,24.9649542955705,9.06590328545193,3.61153784950454e-08,20.9049995486293,0.682700372386637,1.82052494198637,0.758449645880094,0.283143178260777,2.03055164482075e-08,0.552662611276711,41.1869459843213,3.82460585567928e-08,3.27742736805856e-08
0,100.762681111724,23.4072653516939,76.4612497918687,34.3563664158873,418.27830582803,1.20272560750143,25.6418588956412,10.0881018258754,1.3620320521062e-07,19.4657308246734,0.684248670956124,2.01764349307732,0.784191473156184,0.235441096799354,1.27129587147799e-08,0.521019081398694,35.8825993845065,6.53707506348506e-08,5.45839041548651e-08
0,89.5614010510587,22.9023429412232,84.8193768123677,33.1418795709285,424.59604275775,1.30189369588155,25.4530337227588,9.14595844887836,1.96935220473517e-07,22.3645461522306,0.811351578051655,1.92958951554333,0.782290026160128,0.255514403836391,1.84138623810181e-08,0.49390478497079,40.4263728743966,1.26100076648825e-07,9.14582410061139e-08
0,92.9970274655499,24.2100264096731,75.0262358075793,34.2185025428279,392.509857810048,1.39330597871896,25.3675485727654,9.3702319951648,1.96819011977859e-07,23.5182791939932,0.800306373875157,1.82890692170348,0.859765490056375,0.234145678839217,1.1368695849169e-08,0.545275471703976,38.6225633337028,2.7786250399487e-08,1.04735122115676e-07
0,89.7005026072563,22.7997536091472,77.3822486448657,34.4358364454362,411.61667922086,1.35867285138468,23.558854114382,9.73724720897756,7.96784196909628e-08,20.7083244291007,0.77952910583116,1.78118341305735,0.808249824623791,0.25550552640851,6.19256535778854e-08,0.524278108288362,42.2245546614811,3.48881945239303e-08,8.86890708487335e-08
0,88.0963024962088,23.153464395749,78.2121405838743,36.3323480882514,423.139304362045,1.13920509825213,22.8365033684101,10.6253164155581,1.63031185391873e-07,21.0574794515747,0.788661881145323,1.80601176843557,0.854970826764152,0.244435693110261,4.70098241321954e-08,0.462207264908216,40.4093462102042,1.10032591710321e-07,6.69237298540881e-08
0,89.4485426156998,23.8496427544029,76.623604146421,35.8875726627998,401.460030751645,1.3280187072199,23.1412523907873,9.35703371827276,7.33323317442191e-08,19.8942759287678,0.827911738809086,1.91545711694263,0.872402419145904,0.233739706457666,1.08600121585472e-08,0.522266820088395,38.5747066497509,5.31657797677528e-08,1.83691033784777e-08
0,92.5643924388503,23.6732190863749,85.1549514509176,33.6009375430164,433.930633320535,1.29682266435392,24.9846639617093,10.5002786211028,2.52200927106586e-08,22.8825286620218,0.77749093655496,1.7740075304893,0.892504318071052,0.24703334713797,7.26255047138575e-09,0.55420089297252,40.2730321910378,1.87217554650236e-08,2.25203736769569e-08
0,99.50158813501,23.9050803999402,75.5397295087043,37.8167642043507,417.818729271101,1.16985024485907,24.9040237427322,9.88556559735807,1.66607068860392e-07,22.2967787298686,0.771859962602261,1.88663746137336,0.856687340627362,0.288445631043435,3.95250053907224e-08,0.508905101768207,41.913992464762,1.115254369577e-07,1.19685578059114e-08
0,103.578847849594,27.1427656653961,75.8849217494627,34.030082635953,425.561616364401,1.24566269619814,23.1295154752192,10.6192276513829,1.9116952803179e-07,19.6635386821441,0.782058566517593,1.98414643447218,0.818352125205618,0.242375823773171,4.59403049756356e-08,0.502636399348386,42.3284040154331,2.34092929208413e-08,3.34329153483459e-08
0,101.075921580275,25.7015311856407,77.3720427231581,34.3827042875604,389.077052925999,1.15917736518324,26.1184110271959,10.1600360030198,2.32784592744965e-07,22.6035175376298,0.77114671769271,1.83732106516075,0.844474628084768,0.281034425933944,1.26545084617026e-08,0.539588081700817,40.4853112211748,3.14731603704704e-08,1.29175816978685e-08
0,100.303288975799,26.1106194655065,74.0456300724065,35.4265425052948,413.410557376368,1.35064046914106,24.1290529580062,9.11736749194437,2.83361165022037e-08,20.1530384454885,0.756457069075143,1.91867662981022,0.847921806993945,0.278112721681084,1.56170920491896e-08,0.476186832417847,41.9688884202698,6.25361360381159e-08,3.49489803667185e-08
0,97.7539826587305,25.0251950771226,77.0719373307735,37.8999877156446,390.89861987706,1.26533087630712,27.435344450268,10.6568726860475,3.53847689702784e-08,21.649243150944,0.747481356061217,1.84332178639093,0.833827993144339,0.251103573867902,6.62760452627775e-08,0.532657990936793,35.7709844213899,4.98313970602472e-08,6.02111970679483e-08
0,90.0187203059223,26.1564782665339,79.4777695471442,40.2582619694997,389.300018022978,1.18337857738512,24.4378496131552,8.80775289278866,3.68795547382926e-08,21.5547632768327,0.700747673704113,1.68552688901278,0.82640417605315,0.281612277282714,2.7178557444829e-08,0.542203618631976,36.2038086226372,3.66698566004455e-08,4.16261499247287e-08
0,91.9232449275091,24.0749861928796,85.7367457418447,38.5780613334735,444.803640744935,1.27041231121426,26.0697756156285,10.3219678216381,1.01127658725672e-07,19.5654514856413,0.774942230357413,1.69878661890273,0.864340255945864,0.257993744566479,1.18909897844282e-08,0.512236959814683,36.7389253109462,2.07678690954577e-08,2.42530984515081e-08
0,97.1222428979018,26.6265092382638,77.2534069388188,34.4172691461954,442.536984387447,1.15116964172541,26.5714519822769,10.5187590851271,1.51123957178539e-07,19.4740972731171,0.796838116182511,1.97886573527037,0.752282530729697,0.291868951993832,2.38327908168078e-08,0.535621203095195,43.7680006098296,3.53228774516963e-08,3.29207876309483e-08
0,93.6577454702956,24.1713241582619,80.0604140053808,33.9916059455049,453.545096018385,1.12298012927771,24.7308188754574,9.85093218343295,2.01362942253278e-07,20.4074714235219,0.690248003302306,1.97800734228502,0.786704938813613,0.268190589681311,3.43699564167465e-08,0.550164486148756,42.2903629645913,7.14261970542559e-08,1.80113337906458e-08
0,95.8549140680616,23.5795197210651,84.8632510799365,36.9791815814899,389.744464035068,1.29615477471641,24.6052534871186,9.63389001934177,7.04110722689601e-08,20.2496047030227,0.80579597761524,2.02679836597079,0.796557542537473,0.278018600828546,1.44185021190411e-08,0.548651075809959,37.3287605800841,9.42846784043194e-08,8.38563210640003e-08
0,93.3807305884138,23.2331486520183,75.3847641239861,35.2266288520986,435.795096704393,1.23470556240594,24.2049883973237,9.82771420943541,9.19134044716641e-08,19.7358275751227,0.699742866083323,1.89544456401691,0.785140921319981,0.243745857822705,4.09197610687242e-08,0.503903696334021,43.2346277401326,2.67176737416192e-08,8.24839934277986e-08
0,89.639670673484,24.3632995002387,81.9406689086004,36.9396984360749,412.116285714297,1.15475258309005,27.0066725501161,10.3426470045569,1.27956086766871e-07,19.9687386778609,0.767128310794871,1.98591819117009,0.74354942643102,0.253084093416245,2.90948032920676e-08,0.509636379677155,36.4970352667303,4.13837923337463e-08,1.41531642706156e-08
0,101.256563153598,25.3780921704857,81.7263387079016,35.4507677105154,391.991716265537,1.30919928249782,22.5658384666957,8.76297884234258,2.03652590156401e-07,20.9400962607969,0.720983977939116,1.80662946440892,0.838501478630104,0.248664231443298,5.90799577416424e-08,0.553763242540492,35.9335427556281,6.6390385927937e-08,3.00457860890064e-08
0,101.271982262083,23.303780321106,74.636992545705,38.3720309157375,396.184643886849,1.11932200440001,23.4729498169729,9.68898539729202,1.75691869282639e-07,19.88274936064,0.738414828113733,1.70486626271336,0.847415035327288,0.233918252832049,6.9564946574048e-08,0.535745727199051,42.4983721194221,2.79340280645653e-08,6.46810604212633e-08
0,101.113849842207,25.0561566441462,87.5885942284569,35.091774381351,405.001234439364,1.16701183358306,26.4416189677918,9.25789732384781,7.07017795051874e-08,19.473387631648,0.803259798792778,1.75228648885594,0.745214937037674,0.265686374400569,1.57008680590061e-08,0.488948810525144,36.8328262132154,9.37262659397338e-08,2.10094297275065e-08
0,93.7412011689403,24.8943144061096,75.7641201753808,40.4631858469135,435.939831913055,1.17301778998993,23.5298179324138,9.22179579440367,1.73163848446116e-07,19.9208831649467,0.736677923569137,1.87905301761561,0.829735570266621,0.250773796880707,2.93075249469841e-08,0.500918180988215,42.886560541086,6.57008346637694e-08,4.02000496348675e-08
0,97.3687090074273,24.6482264403114,78.9422284035408,38.9747963130577,444.778031802209,1.33742003714234,24.4981005425122,9.55685281138554,2.3153639597222e-07,21.0818396574681,0.788555896598042,1.90302537683617,0.844961589182535,0.246305802654084,1.91452047218194e-08,0.515250313917672,37.1930095171996,1.13483450877707e-07,5.50593580777637e-08
0,87.0274979836441,22.374572765417,78.2222845007726,35.7452262496395,407.236652438389,1.23164948426508,25.1130431653005,9.54569717103984,9.20638259689169e-08,22.5049328992041,0.723049784449352,1.88369772549533,0.886221336824675,0.239149377078287,1.32073020093392e-08,0.463968446290055,38.5755129241147,6.58712387937253e-08,1.26587060714076e-08
0,98.0145581235997,26.6857389546755,73.522024044257,34.7067019485043,444.246406782455,1.35961681788858,23.2144860782716,9.94967792095075,1.27946434384956e-07,22.1079809442188,0.756141552847494,2.0290507663284,0.884467585530592,0.277162788012705,8.31077677656279e-09,0.484722582719644,41.4577846816956,1.69830483922684e-08,1.87663632208026e-08
0,92.1045966255083,25.831840074418,82.3885711487822,34.6715975992906,443.298856049536,1.24499541383372,23.8096425898024,9.8199935910888,2.16489697688443e-08,20.5118775950633,0.799564966183162,1.68028482466082,0.803127867810811,0.249691878538632,4.53059900077268e-08,0.518890737057118,37.3021248145016,1.61072721727e-08,7.26219614313486e-08
0,92.2329031201489,22.8691705545052,73.9982866030717,38.7176976889262,429.232970291543,1.23002338923432,24.5945320246411,9.77887305327055,1.51425720648347e-07,20.7809123683339,0.717323884140316,1.90850053098808,0.824102112444611,0.27765831369808,2.34592453644944e-08,0.532920127379147,42.3653734346863,7.42983222824192e-08,6.50958129749915e-08
0,98.1916450249622,24.7291781220624,78.3187063118514,38.1204866513951,400.462759693343,1.3716437933198,26.619586162175,10.1890233142602,4.94182535494641e-08,19.4266713175492,0.668912636638049,1.82869331026094,0.850370320051039,0.280542634691913,3.08542417324541e-08,0.505005437194728,35.6604532930908,8.03931363805284e-08,2.00355170994195e-08
0,87.8473886724193,23.5973676490201,84.7462375650056,36.3024906501173,442.709433463125,1.24296551146162,26.7264806628777,9.4278129582147,1.21883473763668e-07,19.1069039351666,0.801611651418512,1.66670682997391,0.745420922842293,0.230825927376833,4.69414961228055e-08,0.45714428241492,38.9022036252277,4.4603888582102e-08,1.91202583559787e-08
0,88.6207576901254,22.7513057212497,84.859197251654,33.0511794083318,411.40795898617,1.3230833072018,23.5968622070576,9.43766417664932,3.59432217480368e-08,21.5704479484246,0.749746856218008,1.76066735895472,0.762678014300358,0.247855636565366,5.68193076563636e-08,0.526294985832039,40.0735322846081,7.23458107071729e-08,6.54169714303425e-08
0,98.4276466624018,27.1469048005568,74.4799152143536,34.8516369650553,449.621476586341,1.19753876910555,23.7793783415645,9.0500760764547,1.25824511992669e-07,22.7828580727088,0.768878942385167,1.93368141149055,0.872132798911368,0.274287901637469,1.88757837257519e-08,0.488545054301961,40.787283646212,2.70685563381445e-08,5.24826054360694e-08
0,98.1427304550821,23.5492469214298,85.2807684019744,34.2612440877334,448.965341273007,1.24631780988913,23.2093155593328,9.46657104837892,2.06666146486005e-07,21.9918973481005,0.697324959473026,1.82251261152799,0.89072261737797,0.231751225060828,4.18331316128969e-08,0.487506534011452,41.2427232510672,7.51713864854945e-08,2.09036691449809e-08
0,98.8988372473797,25.8833091665139,85.5044497815917,39.7999158456941,411.851609433203,1.14715903780469,24.1398035503935,9.21307232087684,2.79417704639662e-08,21.8992980286477,0.764362476498517,2.01112806230726,0.891889809201462,0.247716076044557,2.98857239653005e-08,0.494369565628565,37.9862160368016,2.017667942872e-08,1.07859038183288e-08
0,85.1382894275338,24.1331307478127,75.158205727785,39.2338179789738,442.530988683332,1.32148933361632,26.5280872562713,10.0322713776824,3.43232430601783e-08,21.4838255694949,0.761700863169467,1.88757152155788,0.778683433942374,0.276889751015335,2.99687657115396e-08,0.468403414790149,38.6033258288837,3.7300738726684e-08,6.02763231685481e-08
0,96.2474858060437,25.9489100631595,85.438842720965,33.5716935228882,415.557315786577,1.26590341805438,27.1528516006179,10.4981329081674,1.33683609426319e-07,19.9743717878552,0.6893052810719,1.82572322018226,0.855337388848837,0.241666244809401,7.87495610440471e-09,0.553672206683995,36.8959982219183,2.58842075984378e-08,2.66565397636957e-08
0,83.7743719715663,26.7994216957954,86.5044085035582,33.2198990422537,407.36014542268,1.25697730094946,26.5267325313122,9.05890644161994,4.43721281074433e-08,21.4286761006045,0.740404011546545,1.99862959993299,0.862195715778924,0.261796559549666,1.03421578926298e-08,0.540627160515819,41.1779620427655,1.48472421583166e-08,2.17515376001306e-08
0,92.702678173649,24.4980596899019,79.7373166207991,36.7179862442011,447.270259023647,1.32337067918876,27.0941567177797,8.62338896387509,1.92109266081392e-08,22.1401300170896,0.77086554132251,1.73578153830478,0.791903682162171,0.261359699243192,1.66108135944217e-08,0.519713469353576,42.1413055035121,1.68311132444579e-08,3.18704632781434e-08
0,100.615251420994,23.4398999775419,84.7101685224828,37.5384510830055,424.923164778241,1.16702589055885,24.7738141056817,9.4509065579524,6.35209069625218e-08,22.2455173958283,0.793056841459886,2.04628450488614,0.866220803809958,0.294323391235129,4.00423308424336e-08,0.483880227425534,42.261709041817,2.52970634102417e-08,2.43782862341804e-08
0,90.034963223012,22.8190354556495,71.1453752430729,37.4917644357502,452.473722794548,1.33337073063796,24.3135551338453,8.97755498481278,4.55388304766614e-08,19.9811984916712,0.678878070813661,1.74381811299946,0.863765623764184,0.254998824324328,8.50338358012897e-09,0.503288240497719,36.3620856749488,4.21684960905634e-08,7.13288541016868e-08
0,99.5505437243488,23.77219545619,74.5766503340323,40.362387631249,380.83610760903,1.33628943524785,24.7225170041192,9.03717526357986,5.67177550658577e-08,23.2119106688631,0.752257081677074,1.92743049009207,0.802426052506105,0.270649761274768,1.1513845888787e-08,0.542730064910047,42.042113031115,1.69733160003316e-08,1.0691702870539e-08
0,88.3589841078773,23.6028044000614,83.8156639291426,35.9430584522129,402.062853458601,1.21519955581022,26.3806962496212,9.33053701987948,2.12107860823907e-08,21.0565543203941,0.669151001742093,1.89948904583469,0.893984418348164,0.279222859518107,5.65175678109274e-08,0.535377834012158,37.1283406001579,6.70516407209478e-08,2.29257411874017e-08
0,83.9493580452926,23.1543562979623,84.8589169925858,39.7215697603903,399.621488886273,1.26351273657582,26.3899596177875,9.27270117548864,1.8261578532543e-07,20.572521928698,0.78659263493164,1.66095753687034,0.729498551055997,0.240477404489939,1.59040878923056e-08,0.470221965663282,35.7663437313037,4.03048764159301e-08,2.67871541401624e-08
0,102.533450292859,25.9654778183557,73.6382126743399,34.0010889228845,404.458341262063,1.18299557219294,25.0246578150429,9.46501922906079,1.81667355686317e-07,22.021137824014,0.679948933862402,2.00175879274853,0.798428842409871,0.253518276436846,4.34239101420421e-08,0.484820378169124,36.6261737200128,6.71147513287057e-08,9.45455571893255e-08
0,96.134371881128,24.7129749025251,77.4079491445121,33.9498280809901,421.401698544671,1.15363457180258,23.7404467475521,10.4686934350918,2.7088386504754e-08,20.7272267801677,0.767102926464641,2.07392593535745,0.894976681176116,0.292449229236052,1.02359826382297e-08,0.498309889913666,40.5214487494204,1.28759789708035e-08,2.26487363103278e-08
0,91.1365400666824,22.1427862361986,81.6361900758365,38.5956061138366,451.346047143019,1.24605408857181,25.9392310624878,8.71540470761224,4.99534658278502e-08,19.9280091440189,0.780454098126868,1.84662473658989,0.775737202268022,0.270414763485906,3.14200092001847e-08,0.50062977847081,35.3504120310555,1.17888083528857e-07,1.28339847239068e-08
0,92.4693757611224,25.2522449740817,77.9428415801483,40.0478298488583,419.713507216077,1.16974766331002,25.5473515811086,9.60143854415452,6.17587890943061e-08,21.4882550722769,0.735297480369765,1.81656635824782,0.778164841431487,0.253127135893891,2.36997681739895e-08,0.5489863668133,42.0102090995274,3.41945668216032e-08,1.16816930475e-07
0,88.136982000505,25.8798766682338,73.3703676614408,33.3128418954593,375.471347406214,1.33069779496017,22.6011792269306,9.83109476700535,1.25281781298683e-07,19.5141871936846,0.707152112179121,1.76556208133964,0.783843754747147,0.245304585806773,1.20790611453951e-08,0.464959216673007,36.0088345294369,1.388933078805e-08,3.11787938652217e-08
0,92.9613281467253,25.038503578633,80.135065516537,39.3445929941278,373.325009408544,1.26051185251756,26.096894108523,10.2512796365757,3.52654036594972e-08,22.3301388435511,0.713403754556144,1.87044564629458,0.864241661455474,0.245114044084728,1.83889414872455e-08,0.467569713294361,39.1551684936295,1.52246921919817e-08,1.20241089544529e-08
0,101.666006592114,23.8108145197907,80.030140688457,34.6047938094278,406.580046471405,1.27768452666604,23.0795678838093,9.66298113738762,8.18477288668758e-08,23.0708942991924,0.760166830172747,1.7039798728794,0.801324533661499,0.264130968911684,3.24162313193783e-08,0.540050593064218,37.2520196078545,8.42489213054303e-08,3.57039457989714e-08
0,93.129014147474,23.9945607410555,81.4497924781073,40.3620617725669,407.142539629368,1.24121716476543,25.703637517075,9.070853575579,1.78884681656072e-07,20.3484678626525,0.686127319163699,1.78166136387702,0.752767745274083,0.244408193622757,4.04222318264848e-08,0.55889915267596,38.5310535874016,1.07013855770807e-07,1.51725350270806e-08
0,85.0294744827782,22.1845088166678,74.1219338923893,38.0427534546895,379.406025829716,1.35211130191218,24.4222608225869,8.64336824474199,1.30856623777895e-07,19.9912762777548,0.746756151688904,1.8281596124724,0.850523076400747,0.284527603175282,1.25116009293061e-08,0.491575253344007,38.0877671059221,2.93070326365425e-08,1.01154205437997e-08
0,88.9360935290094,23.338910610474,73.0019233362967,36.0772929270977,418.945737728374,1.32996067296744,24.7690530635126,9.17664498963532,2.54061515595737e-08,20.8188884567092,0.735548400449191,2.04173209578267,0.895417342642508,0.248251580520242,1.35466532320815e-08,0.455253316440513,40.7954717780888,2.57330752329789e-08,7.61097398542242e-08
0,96.6316740059392,23.4268453392769,85.3212473529354,36.2242977749278,400.065717690457,1.29631639747153,25.010401153499,10.2585544116375,2.04987718150867e-07,21.2116554278529,0.82510273148752,1.87214041555093,0.878901284987384,0.252241621513597,8.85046385132376e-09,0.573538767107738,41.6292801118371,3.38078419281765e-08,5.67954793671477e-08
0,97.7401484870823,24.2509360918689,73.9756306573911,37.177053453219,411.687287295399,1.26981503975017,24.2665442453742,10.2807884065461,1.48300791400588e-07,22.2008504655369,0.799231827406912,1.80092124373624,0.879892830570494,0.26502195190388,1.75515893313096e-08,0.460762312552967,40.312579061421,1.90727026814921e-08,5.16589696286751e-08
0,103.562068010187,23.9902747559459,74.7506347530156,39.9869855369903,418.187709174177,1.26360589337583,24.5495158295889,9.33151479719398,5.09145795496177e-08,22.5557582748375,0.685554332291314,1.86906005379924,0.877210138105635,0.24055052314604,4.24781363491692e-08,0.512155654248152,41.5126259485195,1.28409858487959e-07,2.28197401404209e-08
0,100.754428060296,24.1088160615865,83.0552198217048,36.0401026942871,457.586971943291,1.30168500170256,23.2296674031474,10.5780758773155,6.029331230063e-08,23.3222336553565,0.701148471180511,2.07291416351091,0.907389158929762,0.280540525585856,1.89207658429221e-08,0.468590784161527,39.5144882411863,2.48790422468365e-08,6.59635056411763e-08
0,88.4459476445651,24.0932124973183,87.1976861131367,33.2165009543515,417.866931333522,1.2331638018166,22.9934303424974,10.2945834973942,4.70230880720934e-08,22.1273726280239,0.808336760341585,1.6913666455292,0.882800618451661,0.288574691526097,1.77453462097683e-08,0.524055895948151,43.1721474709594,1.71974622591509e-08,3.86699446931057e-08
0,99.8056553708903,26.0761912635104,80.0598146165412,39.053037285078,391.204101516001,1.36850971179482,23.5466685427521,10.4411735750005,3.13347388197837e-08,20.1800017461529,0.723019225789772,1.75374625225828,0.856118580572093,0.24229892230925,9.34073748546175e-09,0.541186846266446,41.6280424408808,1.69798914412841e-08,2.05735569792209e-08
0,94.548547354309,27.4197947374564,76.0593355960763,37.5579566307618,454.960813741832,1.18422290402382,24.3875035847786,9.85071168068518,4.83519298579289e-08,22.1149352826337,0.730359196500345,1.78105198358681,0.907148343711721,0.278845901282773,8.86020063327464e-09,0.542133880610298,39.8115870407047,1.7057236455918e-08,9.44214890571907e-08
0,98.8570431790274,25.9390044346758,76.4381384109313,36.9052043177831,382.259536619023,1.3671702310206,24.956237279961,10.3210527985568,2.18851064700629e-08,19.8596938633096,0.748480149800926,1.85142494253692,0.77975740027977,0.278687923841462,4.49460674264137e-08,0.505850579544164,36.240689194972,9.57180498818605e-08,1.78053769569548e-08
0,88.9134851040379,26.1130602412672,84.7678450542173,39.9111266686063,441.154725391641,1.27501387126827,25.2786058921225,9.50258948287295,1.27419825625926e-07,23.3353156376942,0.685411865897291,1.757723015099,0.745828044442016,0.290607551683636,2.80183519602778e-08,0.56810346854875,42.8075142442938,7.82863987562216e-08,3.7403431626168e-08
0,96.6916386222791,24.165318266821,83.9991959167785,35.0873028703031,448.110278271263,1.24029137909898,26.401786923347,10.2881969935047,1.46554377390781e-07,19.7901426092199,0.808782261162748,1.68849543680624,0.8403969379669,0.276119714675284,1.6690835380521e-08,0.548388644929081,39.7519727751676,1.66044953507573e-08,1.08219091115995e-07
0,96.2755444503047,25.9497617832437,76.9943695302687,37.8639763397951,393.748956895239,1.33845118765661,27.2436843553937,8.65107317514149,3.13166473273648e-08,20.7816483054946,0.74145098856079,1.99910215717908,0.797235582705528,0.261990279379574,9.63978601303779e-09,0.51424360032442,35.7008440098946,4.94445850560297e-08,5.78177748394797e-08
0,102.053985183895,26.7884918772675,84.4451849189786,38.0914110983089,398.571978313137,1.17409001411211,25.0786707573114,10.0316387009203,1.31144139196459e-07,22.2987962673747,0.800981313369346,2.04599440054721,0.816379530379838,0.235718657356368,8.34400540877613e-09,0.486834957710199,42.9594127036804,2.23301880044477e-08,1.12053414969964e-07
0,86.4777074193165,26.9535866940806,82.9224932069569,40.1603812105735,410.083898865949,1.16793304923371,25.1439548743154,9.0838354204837,1.68586152329469e-07,23.1081466807284,0.765065158308547,1.84389290794964,0.809707010449116,0.278245443829922,2.19180918763064e-08,0.502651487989328,40.4349287303195,3.06755297394285e-08,1.14113616721973e-08
0,98.5681289140069,25.5962211939015,80.7933524359752,34.5763132785864,454.675260750423,1.24335192844116,24.442048462661,9.58493523060501,5.19133924300212e-08,21.5820379814717,0.709962752272841,1.69163154377682,0.815830329688984,0.253305594460665,1.2231578093917e-08,0.554569640627076,40.6887029548148,1.43146690454899e-08,1.02923162402221e-07
0,89.5590549253244,25.78651276695,79.8058387355026,38.6814933666031,401.450054475236,1.14797437322172,26.8642836103628,10.2731441077723,5.25143439540557e-08,21.7857449622196,0.811559720289351,1.74122106429255,0.841847029608424,0.241641719837945,5.52984777736157e-08,0.452366620975561,37.6020515190144,3.16298342846251e-08,1.55959630797303e-08
0,102.669355736743,23.326043872235,76.3964278152967,37.8277209623442,450.030538449263,1.15163723773391,25.7238645603955,9.53442967583969,2.00596717787558e-07,21.621836952415,0.785271976786717,1.83239841744873,0.743211135436756,0.285007704804141,4.45456912891674e-08,0.515002909326905,38.7578045475482,5.03569196413477e-08,2.04062475939782e-08
0,99.2578220408462,22.5019774694498,80.3121026235059,33.3562164804486,394.6102104746,1.16572884326858,23.5311594662894,8.66706629477054,2.04270431811461e-08,21.1351950442149,0.713229242770344,1.69623143384265,0.774239053789144,0.283041106507188,3.57241175701874e-08,0.555779410160001,42.0387597784899,6.16739642566334e-08,2.16086344093736e-08
0,93.7465369705399,27.2886991261401,74.09134335407,40.3831783566246,458.750178818637,1.18439645529507,25.3758052434907,9.91901115502835,3.00770360887072e-08,20.5422013216571,0.827632986497564,1.97666054682356,0.776733966548124,0.264868919841579,1.80683781267264e-08,0.502777512080527,42.9010132581603,3.75717272741456e-08,7.83817746338517e-08
0,101.651440673748,27.213535794387,72.9227508434184,39.9558604997698,375.547353871709,1.36295742503321,22.9077370589378,9.12682236120279,2.12903740746681e-08,20.3979037272152,0.691510640443613,2.04007899915224,0.770936943384506,0.281157563579692,5.75312741612582e-08,0.545657753771373,36.1156288139525,1.4745707416104e-08,1.52933113258349e-08
0,96.0734449408069,23.1509523374436,83.1503021981644,33.6077932414182,400.452100390165,1.33792310760311,22.736799751608,8.78599254144715,2.15990691236204e-08,22.6674752011061,0.754244503742839,1.86087569685792,0.875531695001391,0.265635207896186,3.92003371920502e-08,0.508256991519505,42.5894076238813,6.61528936925476e-08,1.46287435026764e-08
0,90.3047865618366,22.9930614750212,74.6395712434154,37.6199021070486,443.993030056787,1.21207379181868,23.8292227723301,10.2864766182052,1.18540004709474e-07,21.3411135136894,0.667048668598853,1.75181094327074,0.883385850836267,0.256163584279337,8.3784261571774e-09,0.53744491511712,36.9788637007992,2.92206998449504e-08,1.35030473718994e-08
0,104.384990127926,26.4212117000128,81.8017165179885,35.6022735054748,444.228857353015,1.28011551971892,23.6086961442114,10.0418061016293,2.37023681986373e-08,23.6300310829226,0.76850443960112,1.93080908707275,0.769536285973479,0.279799648675922,5.76987193028356e-08,0.489855612169428,42.3675750228957,5.18858922235789e-08,1.44368120311497e-08
0,97.7877421418988,25.3480469702336,83.4374929936486,38.300197021625,378.711551506703,1.09759328901989,25.9782845181525,9.09913954480088,3.10678216294701e-08,18.9080754554016,0.71037487557289,1.74869663749974,0.795756767118564,0.23433346068159,1.09887057205767e-08,0.549482639030715,41.452110826862,1.04456998764998e-07,6.05999552695923e-08
0,91.4187730209192,22.8402831897423,77.459925898265,39.1921222248719,455.238678160064,1.34893629058507,27.0283324632511,10.6798328504955,3.55115216406734e-08,23.4002748080011,0.677551461497529,1.80208565959379,0.809092628929882,0.235838611939677,3.68480201403403e-08,0.486261426826188,42.1223373493336,5.71498957198561e-08,1.67284505622589e-08
0,87.322684804601,23.522176987545,84.8125619964221,34.7167551846774,449.224798698088,1.2777762989101,25.8129615343639,9.08405747523719,3.37699488922518e-08,21.5554248813291,0.698448468075639,1.73578793955855,0.85541973990229,0.245559847800494,3.74898895425427e-08,0.509268352765234,43.0018420687911,4.16519816102346e-08,7.21605697784037e-08
0,101.354793526571,26.4290997249225,78.9754857764714,32.5564839978829,418.839293790362,1.30419263013246,23.3863779547997,9.51950571722606,5.17712890153362e-08,20.247933822295,0.765291940350122,1.84734310659748,0.851042125508808,0.249853232093848,5.97280778099469e-08,0.451129907865504,39.5388844072141,2.44091839057699e-08,9.51398204608098e-08
0,95.3560868987372,23.5389355288597,77.0973407987345,34.5270894681311,372.543333964962,1.15460457353628,22.5311015963708,8.60176118200485,1.51975180344081e-07,19.4174334752202,0.663141316831676,1.98656221355772,0.747644407282179,0.251239713385215,3.55820622076216e-08,0.463982586161849,40.9088291062076,3.310566683571e-08,1.18769496718207e-08
0,96.9522040398998,23.868479504957,70.9297694959873,36.7786736797143,434.135773032162,1.18126139831683,26.5436920256241,10.3639416983853,9.54174791376427e-08,20.5659078782221,0.66967665782656,2.02353955642965,0.743781485066125,0.278198763658178,5.65028615451883e-08,0.504780306632947,35.5819190979494,4.71204529578567e-08,1.06841861193603e-07
0,96.1244509540991,26.689879429701,81.197989496972,35.7918930463859,412.373461641982,1.20205857019149,26.5460633598494,8.83792985106681,1.77171436478695e-07,19.58374853498,0.720063625837437,1.756220641253,0.748406341589647,0.241327452898146,2.76611338237863e-08,0.533368987142397,41.066661167585,1.81272102672669e-08,9.91954541719951e-08
0,85.4788237098354,25.0674034236318,81.7367346437643,35.6781744099187,416.570081848645,1.24249138808268,22.1210626585724,9.10993015722495,4.11001908762628e-08,19.3832246271333,0.693886932495621,1.70129566756483,0.792647318799289,0.239296970896277,4.7708274074927e-08,0.453324203145152,35.5228497445559,2.11322141279257e-08,1.50554569345668e-08
0,93.6031775930879,25.3825168864858,76.1592593630586,39.2100526503345,384.771913364135,1.2521521838377,27.1152722815959,8.77175617412394,1.14940049501282e-07,21.828952787767,0.76082859115178,2.00841541547352,0.743412601695817,0.251484868141483,3.76851340502421e-08,0.545681263065335,41.2015058148839,2.21708484965219e-08,1.50159355134536e-08
0,95.6678124729526,26.5172620032964,82.7223346174268,38.6246431231828,409.340807462615,1.35903400121244,27.5147922732245,10.0148185670674,1.48451533712581e-07,20.5603290749958,0.713472795865948,1.79552210433144,0.829417917946555,0.269430414282941,1.07053457360445e-08,0.519224909478107,38.0784001420653,1.76554566894092e-08,6.32141997967488e-08
0,87.7153360836173,23.755765028012,81.5770010408159,38.4220732636913,376.108057653786,1.16665031653696,25.2177342849551,9.72415566225874,2.19149514876142e-08,22.4756999370698,0.737495645560633,1.87709176305885,0.803383956873851,0.255282087867614,5.38319586169529e-08,0.475413048552539,38.6582373440042,1.41063098251085e-08,2.9113374890995e-08
0,99.8169062336508,22.9079020730824,82.639395194794,37.5924593038412,409.513448134447,1.37667643980756,26.3646899137897,10.2464709847676,1.07280415332881e-07,20.8269524161011,0.72611434760664,1.88778175391024,0.843826633027404,0.288008635640461,1.53891716547416e-08,0.508362719491151,42.6932926857068,6.54355326911036e-08,6.63512040410538e-08
0,103.003322847317,26.4780664183727,78.3869963966203,38.7182301904473,414.10379552182,1.27349748962246,28.091399700987,10.5714161706055,5.11100433016239e-08,22.9663626833304,0.715980110244436,1.87293797135117,0.789043862779172,0.270942649854558,2.41491839082218e-08,0.518462583429782,41.3341557954226,7.95946585895867e-08,1.09229042783369e-07
0,98.2664083647615,23.5310196290776,71.93109937519,37.7765030107888,386.71486085978,1.33932251886914,24.8661158391083,9.59256514698354,6.3565402081348e-08,21.6811933447599,0.730944816588791,1.76485600927453,0.805968261450128,0.24062698182113,1.85133764230575e-08,0.551620554088282,41.2347565467976,3.67853919063195e-08,1.22789520667471e-08
0,98.9418139788165,26.2933290112511,72.0708559308522,37.9528694642766,372.675906818098,1.21913228204033,25.4796839567956,10.2131847368197,7.29862546710931e-08,21.6392563551202,0.783900759296508,1.85029274346625,0.75414426123881,0.239640718061705,1.62938908817254e-08,0.480060901063564,39.011142277771,1.46121659507447e-08,1.37252302747738e-08
0,103.243287489316,24.0653829150942,77.5384695578801,39.0488191579499,436.559226666824,1.34606773421018,25.2220678344605,9.95395166789828,4.60138172770562e-08,19.7044046125392,0.818530634719957,1.96830841868326,0.76984249251164,0.272363436925875,1.18754539684404e-08,0.481938330703366,37.6158843866465,6.98128568090115e-08,1.81348819728293e-08
0,94.3012207017679,23.021849429736,86.0940575971316,38.4445069545321,408.843515699381,1.35394893203887,25.3975374179038,8.76175150853589,6.70749322473231e-08,20.4631889977761,0.733483399591555,1.99725982422689,0.731404353414624,0.251963952043428,1.34273276098631e-08,0.50076012703398,38.6234520537504,2.69579526701586e-08,6.82602457279556e-08
0,103.102616771957,25.0138453042188,83.5711384810716,36.7515241442264,427.136127582191,1.22710466188453,27.4729082866002,10.6372413756566,2.59932316849131e-08,22.7242761239363,0.776853373352348,1.75464644980612,0.905228168985549,0.265957455477763,2.32460758841763e-08,0.551280125031511,41.4864463009433,9.9905861736481e-08,3.31478517593357e-08
0,89.100430970064,24.5066959998057,82.3151985952306,38.4250230957333,414.244279524292,1.22880856313026,23.0814729849947,9.93632033488971,4.85029610946729e-08,22.9227272611246,0.73101389607402,1.71112421262541,0.809997345854126,0.26192635067424,3.61476573094627e-08,0.491396685795105,37.1069149672792,3.37697343865096e-08,1.80808769578276e-08
0,87.0466796459416,22.8602856559756,72.6976280703914,37.0424384670122,403.083752134181,1.1476941314231,25.5008016317538,9.89742589139619,4.16942011652436e-08,23.1612340258013,0.696447123605771,1.75835994588088,0.813417961489744,0.271391770522122,1.19352746332578e-08,0.508589473115576,36.5355718374109,2.08487481148794e-08,1.61547095252334e-08
0,94.7395136387834,24.404711467886,88.3188675587111,35.3660133583538,401.850503159994,1.37258493596595,25.1920431299871,8.82308211010691,2.28599934255338e-08,21.9310449708299,0.701238612632456,1.85112191228587,0.809194393330321,0.267577575852646,2.74499353206651e-08,0.506445967157407,42.8075197456702,3.30446266769941e-08,8.34014474602852e-08
0,98.5757051904788,23.8921948092113,86.6618865163991,39.3033305286088,370.106298958905,1.25395306144584,25.5922983359207,9.05626090809952,1.82106216706419e-07,21.5466863944301,0.670091933367644,1.92455096090279,0.819982596853408,0.243472094805717,3.33155246085522e-08,0.524953852651729,41.6653728995459,9.07005902304505e-08,1.82718114978523e-08
0,103.714021485793,25.290667908808,87.5981336730084,39.2492589892812,454.383744855898,1.23910893344317,24.7205859441452,10.7393744635843,5.41377037846816e-08,22.3516643159648,0.800339953900623,2.00020713088767,0.830474634801446,0.253350362207235,2.39546781388423e-08,0.462768607257685,42.0055903314873,8.95669375023912e-08,6.42644622775192e-08
0,89.6806072051488,25.3503442022659,80.2500919212807,33.1166930898606,392.709974207678,1.16923988678487,25.6956028572201,9.00812506642073,2.14261036782574e-07,22.1540769890537,0.752777726865109,1.96165958875165,0.879290553614869,0.249859141497522,2.66645322590019e-08,0.513177487735596,40.3141228242563,4.71306411770507e-08,5.21147060250427e-08
0,100.122730481204,24.6984201647519,79.9991553925327,40.4243278849996,390.648986929022,1.25982621733319,27.65859187134,9.73913116438413,5.70935813683263e-08,23.1954872618432,0.73220484834692,2.03974981944376,0.836628591681698,0.259417872728013,2.58935883853093e-08,0.560047490874256,35.5854402154665,5.47984631610565e-08,5.2926929423159e-08
0,103.174028674901,24.7182827925563,73.6825207845383,33.4911187734562,430.049702494984,1.12764641457479,25.3673638303927,8.67334573612719,4.41755332704313e-08,22.9569574437243,0.787058300889025,1.71505862995476,0.763038945199605,0.240580474217847,3.83726588434463e-08,0.50249369030883,38.9025683424496,8.74002075372248e-08,1.73048786795279e-08
0,92.5289098320687,27.3635162871422,73.9375003485575,36.3605353793175,388.340953179568,1.28311426900448,26.7154478201197,9.15057036829883,1.37188958435768e-07,21.555666872955,0.704539213173693,1.77658046965024,0.747054693540576,0.263774451591777,8.55686830049518e-09,0.478001901271179,36.8058083691633,8.81769334932973e-08,2.23846368788093e-08
0,94.5706800474448,25.1760204887919,75.495185895368,33.4030365788531,388.240628534955,1.35271692443731,26.369466567698,9.29250621734995,8.22212723241216e-08,22.4434925483791,0.766044484033823,1.8137919246347,0.891235814926437,0.285065968653243,3.69111835093261e-08,0.540844985679425,40.3444930576342,8.73086177026076e-08,1.04383124120241e-07
0,86.4613323322498,25.9366300099429,83.7195599486222,40.6250050884489,431.322419188296,1.33948861437491,23.2522785215466,10.049678500128,1.90019372919905e-07,21.6889541356849,0.714296594992436,1.88317714046986,0.772444937046597,0.248331803594005,3.55386287695583e-08,0.501475344463135,40.2964602002872,2.67578124246031e-08,1.12111095126967e-07
0,98.3888610254833,23.1627330858845,85.7844799479229,33.3505978669353,385.847183132988,1.18234505821513,24.9144960357646,8.89745356024572,6.81065851881839e-08,20.5103959047478,0.786100544723124,1.85596652398373,0.830955437308724,0.271488081882311,3.53175294711664e-08,0.46753278362963,41.4975705362443,1.10182334380103e-07,2.20706347148889e-08
0,95.4397834805442,25.4653709642159,82.1322200581232,37.3787613324695,416.099691677144,1.19071798592902,25.8005270663329,10.0129623439042,4.55063868628414e-08,20.5581637937514,0.755771771741983,1.97412070405035,0.781726992343217,0.245124100883573,3.66847208732025e-08,0.523640805315983,39.2883782958513,1.83475068961893e-08,3.60052761652541e-08
0,88.7997770808512,23.3309740232248,78.3937881346175,34.2065596552106,410.239871307391,1.26992440262592,23.1749389500964,9.87049276010822,2.16319439130766e-08,20.7017141930224,0.705806744464625,2.04575139850035,0.801177861141316,0.266532897482021,9.57085958569819e-09,0.547712023120969,40.6150406611063,9.57598172169738e-08,3.71156267927285e-08
0,85.5208820207371,24.8009570703052,80.5541714435127,37.9761508469383,437.919043333134,1.27508779931458,26.7355415071268,9.3809609457597,1.35406313429255e-07,21.962268669916,0.717080916867939,1.9838382352166,0.773643468514796,0.266114987643698,1.33214449822367e-08,0.552911223198453,43.5419837631194,1.15638463814819e-07,2.61067166153722e-08
0,101.460892753214,23.8570280754695,73.5360209884569,34.1159964641251,445.238571389834,1.33975648715887,24.0330159579908,10.2739204236244,9.50556326239371e-08,19.5719738828563,0.665729190748415,1.73303458950898,0.877085897782889,0.235361420029405,1.22876611225051e-08,0.550006689285312,42.930059648878,3.26765121218597e-08,3.59514723754225e-08
0,92.623335626219,22.5124256298156,73.1593815176864,32.7687965577486,425.84573815819,1.21619742582887,26.3587173528823,10.2336465132276,1.06281277149195e-07,20.2940107154222,0.706498432988322,1.76530524150428,0.790529430963635,0.276194305326673,9.11501644790609e-09,0.52304212203636,36.5032544801695,2.79764982205914e-08,7.77059874844575e-08
0,94.3801317877427,26.583957666483,80.1504024729467,36.4766824819723,378.792865003623,1.30004426767419,26.9506712703978,9.92267145520019,2.19251847853685e-08,22.2078995495247,0.666600900983862,1.76533733136679,0.842013118770337,0.265864398223779,1.87790903851318e-08,0.461535684232096,38.7596159416268,3.65946903905198e-08,1.36177652256255e-07
0,99.3262371650465,23.7007163213051,77.191927869234,34.4424384492016,422.790062591317,1.19001278668338,23.745497218404,9.80303843186889,1.9762251167926e-07,21.7280890247202,0.676505252234403,1.97998361394707,0.769326623092103,0.231882232770867,2.8062199869288e-08,0.50697282825026,42.5886068696107,3.16940599583032e-08,1.36186440093773e-08
0,102.371870830957,24.9332807966322,77.0281822100312,36.6927209582882,396.340728449739,1.30135367009138,25.566456051787,9.47282182996715,2.09323263792678e-07,19.840076646978,0.717110316007413,2.01181259168108,0.745850261657783,0.24535630949382,3.91889653407241e-08,0.466304309987153,38.9885507781813,1.2735057397039e-08,3.27928394307657e-08
0,87.3237389639311,23.7958779721391,77.6350867919278,34.4868723128765,375.68436117288,1.34705121343566,26.7689395812481,10.4107844563072,3.75647777492573e-08,19.2427585500515,0.77938414774998,1.96938977603853,0.788120270955674,0.256892432348958,2.64947148629953e-08,0.555898298029592,41.243910793605,8.89637363459993e-08,4.16479369685942e-08
0,100.914663361674,25.8581042662027,78.5662406749978,33.8691547444807,391.255233159915,1.19476570286633,27.1079874155767,10.1283094363589,3.67904156516671e-08,19.8718381093826,0.804847508770102,1.93146690079889,0.889913064892858,0.242299768997108,1.57422492125042e-08,0.509149987411844,40.1083219521003,2.09466426767318e-08,5.20527520945024e-08
0,96.0075191137685,25.6877244974161,79.5407733026464,35.8559824411981,406.505966637226,1.19664053059264,25.4867516702692,8.80196989258799,1.31234101618887e-07,22.1585660127437,0.772407711047327,1.80190801103322,0.747772966771095,0.233247092634243,5.09837309085885e-08,0.55503693270542,42.3646924072964,7.71398071217075e-08,1.59398193530005e-08
0,85.6264057284797,26.2923877695679,75.424151355444,34.3408034020861,394.399392396864,1.22886609947292,22.7992548637945,8.71071005923936,1.76186113435346e-07,21.5088300210311,0.767869860573744,1.70494273707322,0.767489169543286,0.272964799324476,1.72971804771396e-08,0.557365233615307,39.1722564295593,3.10151465219694e-08,4.93463890742567e-08
0,98.9999447541268,25.7145445818778,81.1008997198042,35.7391616229543,417.891941901835,1.16059549455602,24.2012586551662,9.87489210880206,9.53559221905368e-08,22.5631654937123,0.724108974511576,1.6706786112469,0.735693800617286,0.230191058191816,1.32099242663401e-08,0.475098976252092,41.012946694797,1.69654426916108e-08,1.60113410563118e-08
0,99.7984281832924,25.5601518376838,81.7773244761707,36.2954674655989,406.304081250728,1.29641315340353,23.9603345084105,10.6279163594469,1.65201736031927e-07,20.5240840232462,0.825125584210154,1.73406417162761,0.771094957129774,0.272441254181789,1.00582992895322e-08,0.531894751762867,41.2033151666103,1.62912199685096e-08,2.11361476160616e-08
0,104.961209351603,26.7813289204643,77.5732011491796,35.9337932097306,453.063671574182,1.16806475817301,23.3309143358685,9.69367076260532,1.4793076715893e-07,23.8134183861333,0.791938396989882,1.98159804933508,0.791318812943228,0.275731511667015,1.1378043731088e-08,0.492799248386232,41.2137203503756,5.75221589975866e-08,2.96369273518039e-08
0,90.941672930551,25.1995414558602,76.9617282592406,39.2772443340561,412.42415862973,1.22456268696441,23.4467136086735,9.18417436099068,1.81107967390799e-08,23.4028403950328,0.795229340142738,1.94651175440358,0.755783890456292,0.235448240228465,1.28627817447792e-08,0.479579338926403,42.9629674815731,1.43578582208842e-08,6.37589730769619e-08
0,101.458551891996,24.6323332041623,73.4683277025698,39.7535296542305,402.314038188863,1.25205980415,25.4971225975071,8.8495561040941,1.98330992612092e-07,22.0237551409117,0.733429730547625,1.91654014515795,0.888600898461988,0.240673439303498,1.01584082132377e-08,0.519751454252475,35.7155707667963,8.83857681589706e-08,6.21974670946812e-08
0,85.7451248636039,22.8769933719973,74.7023629979974,34.9721790313977,447.292378675571,1.28660502921994,27.5280083553958,9.91160972531184,1.42560869519986e-07,23.4564465115421,0.779006583024124,1.72686976232097,0.81209287835727,0.263394307634635,1.94168863686002e-08,0.540632703681526,41.2285761170941,2.65756257144163e-08,1.92765008071339e-08
0,89.9722326396256,25.0043095635077,71.6419334965414,34.9498649737021,392.667946618744,1.23766302704527,24.1083034196092,10.5549043185309,7.36895245384956e-08,19.4124929440762,0.746959432404015,1.80437773612982,0.761640487789358,0.278059362283514,2.07135944342928e-08,0.5356141581037,41.0690671651831,6.5702313072898e-08,2.13241811258907e-08
0,102.73714110271,26.8876754505741,73.4162862702021,36.0695910013192,379.953338179314,1.15071449986327,26.924514158745,9.47774079131966,2.68577929779488e-08,22.1751254551518,0.737729079812748,1.71475522720916,0.895939149181138,0.292031071084095,3.65182521114584e-08,0.523794244955245,40.7864404922538,9.33603583208707e-08,1.74299100078588e-08
0,102.203689484568,25.1507903795715,72.0852074168706,38.4257047294539,440.129336023432,1.13363870398241,27.1989223931377,9.80880065777962,2.72101208066349e-08,22.0257317304145,0.723322360189192,1.92882989248586,0.761358142971434,0.264590688624508,2.79993859096525e-08,0.490327502586033,42.9679483210346,1.88259493727197e-08,9.96286176290866e-08
0,93.6610673798176,26.5864490262051,74.5493472484498,38.7986333829461,419.069175530273,1.31368747735868,24.0145814319462,8.8674169930484,4.86627228911076e-08,21.6054531692921,0.768660176290096,1.91852567716815,0.784594098496142,0.260344944829746,7.2513381711525e-09,0.472328290262937,38.6530181663936,1.370936915946e-07,6.17421905600604e-08
0,100.69324489982,22.6094419246991,86.284094548852,39.4766436253136,419.487747575566,1.32317519489156,22.9190196197607,9.46759061040711,9.08121695423739e-08,21.4765924306548,0.694893421932938,1.73859314691415,0.802326084151415,0.256867620730939,1.04365156509329e-08,0.485830437510518,38.2351098244199,2.3726645099769e-08,2.7022693317282e-08
0,99.0599789823688,25.6872411100162,78.0701550467978,38.8348983432312,392.665169377049,1.1782881931537,25.190735381029,8.65908955347965,2.66182746960576e-08,19.94037523878,0.768490061392625,1.74827740833171,0.74438523527621,0.24639696782933,1.49417597426767e-08,0.504944761506706,42.524327578029,1.20442738057925e-07,3.24094125069664e-08
0,89.5470172892874,27.2618425100912,87.5034757444828,34.8141223661402,414.326454586092,1.26851730082098,22.6811166283512,9.13497214685133,1.02938747616539e-07,19.4037975781045,0.673151727268048,1.72960606188931,0.796642239338607,0.276666165645172,1.0045903392534e-08,0.491712806531686,39.5367250009798,1.63434548534574e-08,2.03655752168427e-08
0,86.1817101770381,23.7148584172198,84.9647202054978,39.4450031741677,414.996628394741,1.22654647723981,27.2192420521975,10.1720588717423,3.2259680830962e-08,22.1766101213841,0.703545334037788,1.87092558969081,0.832965640560096,0.281381422486779,4.47047573559757e-08,0.554603129623244,40.9885387875108,1.55599109222446e-08,4.66603146062357e-08
0,91.5463736798451,23.4442794299898,84.0301910454234,35.4978569702689,418.361025061245,1.30122560756057,26.6984312716596,9.37097911572563,1.43239047658299e-07,21.8459262612268,0.7280704571176,1.94586757956306,0.893517131981604,0.279218910208748,1.31942440429284e-08,0.526288555671788,39.1234482604353,8.4588221328138e-08,1.32383751468566e-08
0,98.934269061645,27.0037810043212,76.6581715797118,38.4161653965938,378.98271636161,1.15935476937078,25.9810977676545,9.18639398036773,4.75097248250533e-08,22.5878208881711,0.806767672642248,1.93032983367191,0.797109419956376,0.270292521405813,1.70858364339336e-08,0.560509637948251,36.6333118825964,1.69285233235263e-08,1.2421305459066e-08
0,93.2599536301974,25.9044622777976,72.2583942535556,33.306318711662,408.677190131638,1.34869648509871,24.9107936437226,10.1116163172862,7.00268863220008e-08,19.7089149370474,0.780689494468135,2.00098765776162,0.794389228025413,0.225847778689656,1.86440468643495e-08,0.524004232667427,41.3679735377009,6.20067740096889e-08,4.29833423126482e-08
0,87.0283102129384,22.5481103771438,75.4829821764096,34.6779392095761,405.760187736662,1.18984586446505,22.8361957267151,9.04827469990432,2.53102204039576e-08,22.3551990752966,0.813937502888384,2.05083392052708,0.870900046229842,0.239124871758538,9.94697565787058e-09,0.487285152465822,39.2812432155796,2.33989315951213e-08,3.98304612361245e-08
0,98.8472313394995,26.479352193036,75.7309929037726,37.7486363907854,446.154379733384,1.20830852114171,22.8533213655945,10.5320825168866,1.83271674677227e-07,21.24573193106,0.816961111346566,1.76332047747077,0.791292026118294,0.26470614041554,3.17958580100484e-08,0.472906423023598,37.9542112816785,7.48468782097765e-08,7.8713044227908e-08
0,91.7542581744696,23.7246101945352,83.4386049704115,35.9790166477896,429.775261867689,1.2997644299257,24.5168859600427,10.4136556437472,3.09551553415047e-08,19.8740029166065,0.658522342328056,1.8621052407638,0.803993328822158,0.251527745410752,4.32624710041987e-08,0.469601192745744,39.717714247311,5.64138629784939e-08,1.63460003598563e-08
0,89.5021787883438,22.5023590345073,76.7055991958056,38.3624539730558,381.341445418573,1.26707834967544,24.4087712879862,9.53054909797513,3.86710509483605e-08,20.3016312888794,0.758591882844163,1.84578556391864,0.863422746336609,0.261802422006796,2.04599919377443e-08,0.48469105533398,38.7212707463658,2.70740000389811e-08,1.98821791830537e-08
0,96.6957321353605,25.7542564618341,75.122236584717,38.4127115111742,412.174047715297,1.35110655052436,25.2615285861093,9.91647336589754,2.53109190206535e-08,23.347170004772,0.699950136932334,1.78640760456844,0.757515402288317,0.289235822999241,5.12403507362989e-08,0.527730275054436,42.7231006531324,3.64416765350117e-08,9.9302141797516e-08
0,84.3742233393853,26.8523648004558,74.1989007573317,39.7965915296458,402.056469837831,1.2017160055581,23.4744915546654,10.2802647876429,1.44509788262579e-07,19.3432980140758,0.674754655784473,2.02239724115657,0.761037895042445,0.263750729185857,1.35775315928697e-08,0.51354139722641,35.3464059249115,6.99055044598858e-08,6.40856027247555e-08
0,85.8349741711119,26.8991918608525,73.1190210067327,35.9726461410749,387.584785634201,1.35416191515414,24.9328456517661,9.4389585319607,3.57309257719145e-08,23.2282014799451,0.813374604383894,2.0079391664805,0.89399699026826,0.247662939999438,8.18106343490017e-09,0.531710732197929,41.9492582859007,5.7741208855274e-08,2.69230979458187e-08
0,85.4276889879173,25.6729448868037,77.8067802012932,35.7083250288243,445.121162461952,1.36270449208531,24.7628422756686,9.27160809304546,2.07435512499679e-07,22.9863386460104,0.709756727871624,1.77990800896052,0.790548357007225,0.26327008678091,3.47998730082049e-08,0.460779305825791,39.8868998597215,1.51913239581436e-08,2.050150288144e-08
0,92.8367561459934,23.644227406903,78.6627921482579,38.3679703371413,413.780138477872,1.22642611449849,26.0576135923971,9.69274809429568,1.17881980611999e-07,21.6271104100745,0.776596639778351,1.78100714003436,0.761285611337036,0.254686464969293,2.69593643395013e-08,0.532248025938765,38.1102741698282,1.67694216285649e-08,9.42125066040612e-08
0,91.472045902296,25.2870333735529,73.8927245785899,40.0673624462507,441.720213852855,1.12968697573961,26.452617120958,9.49310495176884,3.20588041494859e-08,22.8327685974002,0.700960811406646,1.73262889101396,0.756548221851514,0.273201190991904,1.68263592062845e-08,0.487463333133332,42.2624246896019,3.24196723321401e-08,1.42782050062135e-08
0,100.560416788983,25.7828303998598,84.1973975889137,33.6444445664022,456.934702800811,1.3179754859496,25.4053317161958,9.42395471390359,2.49458558830356e-08,21.5151041936383,0.695008527015052,1.80410764013709,0.891335941337973,0.231207390169912,1.83773446713823e-08,0.488109496678045,39.7925225553014,2.91629642776221e-08,2.50289183158377e-08
0,90.9653102793576,26.8412817081513,78.7118800678652,36.6626606417191,433.498360905645,1.29584730265203,27.0434654852178,8.90130890639845,6.12800198104902e-08,23.0876506491496,0.80632125395969,1.76887889835857,0.809242555954733,0.250853245957755,3.7199950236463e-08,0.493605974971943,36.6296081148664,1.51123842156678e-08,2.27116407562297e-08
0,90.8652320137024,23.3530897748872,82.4526799361692,40.1607747267897,429.97256178306,1.15042733940113,24.935305561822,10.5719697579988,3.97671816781613e-08,21.1198797862226,0.70416918441589,1.90121577265788,0.752387756709475,0.286913079315057,8.06646168307167e-09,0.547779919466617,42.5758000039811,4.19304054586564e-08,5.74379768452064e-08
0,90.5828233952938,25.3819294959022,82.0505430792935,35.7642468733504,435.808806981179,1.13472667706023,24.8344289975758,10.0178550776393,3.80055019387025e-08,20.4933317722749,0.789863949053689,1.69796703666573,0.785125430849056,0.269788019711544,1.88756415744531e-08,0.46220945295816,37.5052467387669,2.08046322870503e-08,1.09002542973607e-07
0,90.2703068097914,25.188538710429,85.1039032422908,37.5428186851661,432.033612270177,1.21019485439484,27.5563213120123,10.23443390686,2.3496220743985e-08,20.2223660101456,0.766049727912581,1.95259028693388,0.812051129418231,0.24006373863364,1.72843975467106e-08,0.554097795755825,38.1582686480136,9.86835905897238e-08,5.64574960521439e-08
0,86.8910277412343,25.8359725980868,73.7619920577785,34.7166088894774,443.855779893504,1.11473086302798,24.3769076620925,10.2643937029718,6.38494970231217e-08,21.9520672970426,0.768616536671486,2.01851836005398,0.85985612741933,0.241939239592731,3.73942662951851e-08,0.515081996404645,39.700987365657,1.69786504776488e-08,1.71124784692468e-08
0,85.2354960753742,26.8736169114886,77.4401778435516,35.1983107372402,452.071082239437,1.30565721267434,26.6105124318732,9.97164832251278,4.75976164617069e-08,22.6679671503167,0.706277718178733,1.77337649599962,0.804824856650589,0.284610605823971,1.46622715253266e-08,0.521071024807855,35.8462288550018,1.74132239344433e-08,1.11010350384589e-07
0,90.4379069604418,26.0810391417562,83.9284813547413,37.8539780984782,449.903837062497,1.27564927257959,23.9671775253582,9.64402632576891,2.91199795203529e-08,22.5352816043166,0.808857411071912,2.04486226864135,0.81322168591759,0.247052973686758,6.20160642361567e-08,0.480591256043641,43.1777453176117,8.00744658570844e-08,8.27382317129491e-08
0,96.454761212183,22.4841620922203,77.0833071959633,36.2451064183451,439.812390345673,1.32496999529123,25.7608759170929,9.96683247274382,1.20206206635072e-07,19.594523670989,0.663356307986669,1.71228284109536,0.765207595932056,0.252159939741686,2.964333833077e-08,0.479017792030737,40.6346230435625,4.93905036530425e-08,4.45879615284623e-08
0,104.392439765239,23.5173900382322,76.4414146328119,38.533563953004,412.057228527235,1.34251057750277,24.9617508456461,9.19890109022431,6.04618751685038e-08,19.9557270277356,0.726381294916355,1.83970397087202,0.797652718642756,0.264086617815191,3.64601808992984e-08,0.493216729585975,37.080744160517,6.95779921703825e-08,1.54171282220321e-08
0,103.595399097035,23.472046364642,72.9171495538858,33.6996460189917,457.673901801084,1.36187519477139,24.9126180009191,10.5287135517082,1.8594607432684e-07,21.3476679013385,0.665022986209333,1.69863342012441,0.900506292139951,0.242773333859428,9.46744230071691e-09,0.483519343362224,40.26895493712,7.39537117954863e-08,3.64888227760909e-08
0,100.704378247956,25.4738174569077,72.6151340883674,33.7144635987634,401.649192035012,1.210899984255,25.6108595786207,10.5265119524685,3.2242855304135e-08,22.6801390276865,0.673339792748269,1.73399354046964,0.845578220238153,0.270821804540038,5.04491833075546e-08,0.50195981228838,36.3752858154838,1.25910046637009e-08,1.35676024322621e-08
0,96.2542104267259,25.3940940814454,76.7486026692626,33.5392640662662,387.908162385239,1.27093520742773,27.0026893214593,9.53794848089009,5.96014286504586e-08,20.5812652797287,0.729975981719423,1.97283277525112,0.801016342689815,0.250179526646681,1.04061202501356e-08,0.549195687304456,36.6168843968671,6.76797723786951e-08,1.15249845999105e-08
0,85.001705423623,22.3810182846984,75.2631213590046,36.1860394782267,400.085499228102,1.17975708385097,25.9159273132519,8.7606573515227,8.75179419917791e-08,22.9456879823778,0.716695645978594,1.95272629853893,0.781407308697296,0.27577418838696,2.99901836063039e-08,0.481081992787633,42.3004110737215,1.65188978962971e-08,3.30379481335952e-08
0,88.3609330267863,25.1947602800305,85.7292983666427,36.0043990625401,389.206681921468,1.23529868465899,23.53071862264,8.68415739456209,3.47363414592965e-08,21.5363477135653,0.760194479919327,2.00628828947687,0.802081357218541,0.266386297757665,4.47394318772744e-08,0.559691141413368,35.9342904200069,1.21777153054401e-07,9.53522085906898e-08
0,94.8125373806036,24.319343096665,83.6778300264019,39.398492645401,390.526303480672,1.24150148810272,25.7748128072248,9.66961079536582,3.73730603349992e-08,19.1177809263136,0.777635648835976,1.99822627893574,0.824635462352,0.272950012535083,5.30045816611045e-08,0.483523631687488,38.5419971978408,2.72052877935829e-08,3.47988851258616e-08
0,92.2769155626103,24.5854057553422,82.4065140367456,36.6642824494171,449.365265508033,1.17671183491508,25.451610085687,9.22402536567679,5.29135400676447e-08,20.6908554261798,0.753753404139664,1.89277594469826,0.73976466530216,0.285264830105248,9.07398144387084e-09,0.515555931966248,41.3877961506607,4.05819443298931e-08,6.47086829432409e-08
0,100.329909148786,24.2360922944948,76.1015137432991,39.6660381907671,413.206961370561,1.17046597072613,26.2262836041709,9.48018379068342,2.28876800042503e-08,21.5438146216142,0.687836423422795,1.85735085916562,0.891148311978328,0.24315174353707,3.26259786609972e-08,0.502867035887908,36.0443461359793,4.00816844024548e-08,5.94187313049567e-08
0,91.1324975708079,23.6376170286655,77.432579726131,34.6855554918963,452.961695891137,1.11154925542622,25.9945686252441,8.61738021536718,6.9697023345558e-08,23.0995440501033,0.726445587757748,1.85118666491381,0.793324117511261,0.2334707559784,3.47774561614666e-08,0.464058827638454,40.5876402219345,1.57181098084458e-08,1.58540052218052e-08
0,101.396916072443,22.8706261136183,79.3554437718679,34.7542072486611,455.372530333066,1.23917131951824,23.8976656522476,9.85962254746443,8.40558221161622e-08,22.4812419575867,0.708590734418153,1.93969742275802,0.74521726816268,0.229946614030507,2.96008518378102e-08,0.515459290192284,42.3399377202163,2.50194510212921e-08,4.21264395511794e-08
0,85.9829757861552,25.7992136927832,71.9369050255658,40.6823357046748,394.66227509798,1.35450455564512,27.4449282708615,9.13765748767869,4.15644334129173e-08,23.0056595970247,0.713906165918535,1.87956311656568,0.82393979749067,0.28608387841058,1.88078673186264e-08,0.473185621236134,36.5802613732962,8.777640717591e-08,2.01711462793607e-08
0,85.1895124538023,23.2896520177591,72.5849060073097,38.7094632858104,416.303025635477,1.20047821643448,22.9765624361368,9.43037606551601,2.71789306876569e-08,21.3509927545756,0.737651729919502,1.96730126127012,0.870896504088388,0.2796803465823,9.34735325361031e-09,0.5039254309032,38.6831315232271,3.51390215863942e-08,5.31011623678862e-08
0,95.9115860936104,23.4702797153384,86.2387917333016,37.1927633701672,376.462144510501,1.32779072554704,25.71475900223,9.09340279146854,7.24349447630553e-08,19.7624907263464,0.699117629032179,1.94064991592921,0.862302904897377,0.249547536285069,1.21828805851149e-08,0.470198571712364,37.1426356015971,6.59654392952801e-08,4.04641075370299e-08
0,99.208001816405,24.9134324856399,84.8763963849649,39.2994101136483,408.883580679017,1.22389886592792,25.0032670439952,9.21757990831845,8.46791540844244e-08,23.5382084343222,0.728257311838825,1.91213269404656,0.841115881032267,0.294360115550893,1.54683567405652e-08,0.498932467623827,39.255318552253,2.76407266355159e-08,8.12600320481053e-08
0,90.4250723995337,26.7667367208683,73.2949027191091,33.2310020003596,377.270379912271,1.22972599680836,26.7264130000836,10.2433766694689,8.26119407108658e-08,23.3634608385168,0.767708948743446,1.99845735017414,0.837366807628353,0.289784748960841,5.86357182486972e-08,0.502163937351182,42.9243496532947,3.43441253503059e-08,2.74476806276332e-08
0,90.1289932956991,22.6217168124343,78.7966971061388,36.6988233255345,449.37913837386,1.23970755325343,23.6438527246721,10.1901003255505,9.20042351781398e-08,21.3980599637748,0.758190062218788,1.94381558725458,0.876544993345904,0.235246543104606,3.85845296207382e-08,0.460884036400977,42.7662450466318,7.46032056813961e-08,3.28902623428411e-08
0,93.1333871767243,24.8690280414155,85.1184869231053,33.9038031606692,391.643176108586,1.39363523571368,22.9829500790338,9.9224561815938,6.7857714428028e-08,20.004795434155,0.685010201266076,1.90319018176525,0.882113454141113,0.288291513569336,1.44037592455756e-08,0.47395859203064,42.0217395866639,5.08887006229858e-08,6.52858403787999e-08
0,95.6452406961243,25.1339044143227,76.6656166841099,34.3003304818038,437.315235342773,1.16208431643528,23.5813658794781,9.36259330756187,5.29331981424737e-08,21.1368721024666,0.767767547574843,1.88436461599472,0.849016154167051,0.238314768245406,2.50528256727263e-08,0.508598707988714,41.558986838526,2.20844809312618e-08,3.20309974191045e-08
0,98.0256099743494,22.6831383581455,74.9998553885126,35.6200340525891,432.53133772868,1.30911588647173,26.9965514984853,9.7674005510276,5.51256647237089e-08,21.3896940767974,0.745126788641207,1.99459695448182,0.852371553927263,0.277461757563652,5.06296996555016e-08,0.479504515137894,38.07823008049,1.29264120720537e-08,1.23403188820604e-08
0,93.9952955975004,23.6932884462601,83.2901594785578,34.3605309443917,446.739702287051,1.21766892630913,26.7554251417013,10.570666855852,6.21066391375784e-08,20.8363299900556,0.736017257070773,2.0673977408558,0.896543698355498,0.268607510125821,3.72655996522669e-08,0.528250651701103,36.1529620120122,5.02327165081326e-08,1.15398599098061e-07
0,95.5268930340827,22.9645180241046,75.212112675961,38.8964003070477,457.841453449267,1.37246904063909,23.92598659291,10.6989924641674,3.84310270594243e-08,23.2824096203197,0.826016144979729,1.84604931718784,0.753526454221389,0.292697148594856,1.19879569615529e-08,0.567194235524524,36.5119548182532,1.47926792512236e-08,2.67640308495648e-08
0,101.603475588907,26.8394238243655,75.3171366274725,35.4776996584509,435.028482147721,1.32849897571358,23.8088991599397,9.50140242629934,1.27450671971109e-07,23.3021973461246,0.662242736601897,1.80157312689945,0.751531215664404,0.246507759384603,1.07543092716853e-08,0.455734135654033,40.18950674332,8.17075996276428e-08,1.83966069503054e-08
0,85.9543607388124,26.1233670992673,72.501180139809,38.4962411914588,429.706351026192,1.14092752012785,24.0897385012308,9.62745431328323,5.04245809955825e-08,20.3884026613632,0.794788381329997,1.82120484567826,0.813067813607169,0.239667411821733,2.62848154409249e-08,0.504746318889213,42.5313213473391,2.8162327464285e-08,2.1403350321772e-08
0,92.8855696136002,26.1974293543014,74.1797172424927,40.0052527387031,415.357831092967,1.27464570836666,25.0985729812702,8.80914499159154,2.421173801445e-08,19.9431963880638,0.719110609222266,1.99306032921083,0.838484050378088,0.255658430577574,4.89176954714293e-08,0.490367472318746,37.3067126333836,9.22521147511187e-08,4.6553687423576e-08
0,94.5803149524756,22.74098168463,81.9997493072588,32.837936799315,422.599560354109,1.30431127985428,24.0490300534896,9.92783427346041,3.36308168281463e-08,22.3635565773002,0.780352767152016,1.77856552626979,0.837695428182664,0.246203499319765,1.2099597822258e-08,0.46939343344251,40.8769258094863,1.66234644243634e-08,2.39640118586898e-08
0,97.6634818442398,24.9423804994768,79.7776225684981,33.1966600557695,450.991339268102,1.26000750678027,22.5085588425735,9.81249422991279,1.2719853458992e-07,22.017280610661,0.769498820306821,1.9806219441867,0.824161157284919,0.285093235371378,4.85214782011628e-08,0.48541211687521,39.5207677259817,5.00067195524585e-08,4.19409875268506e-08
0,98.3142852314444,22.745544960387,80.2617044545431,36.3487206931375,424.583007093752,1.16598868720991,27.3660045703536,8.90435439177343,2.5230676198623e-08,20.5629519796466,0.780790147870845,1.87466464905907,0.795568634905249,0.286175516492963,5.42623969860951e-08,0.469842234445293,41.7546567158525,6.72003176490186e-08,1.31581381748599e-08
0,96.1759679118599,22.999494198824,85.4614396586859,35.4936686561107,430.615666283254,1.30979892628796,22.683730508384,9.72576009028781,4.75764387924917e-08,21.7234718979277,0.75778827440843,1.98385224441911,0.798605265982781,0.282091406995719,2.05813491872273e-08,0.457783046634404,36.8995614849365,1.77982760188149e-08,1.39457876690215e-08
0,89.3376104809371,26.4385060678124,73.7192217698133,39.9752797418905,380.140231907529,1.24357828493694,24.2291973498902,9.58453287132707,1.92610924351935e-08,20.0603413570635,0.809454239352123,1.7528788070903,0.892188560886026,0.263442738095132,1.37515875322762e-08,0.555910099542033,37.5924099924447,5.84193083800829e-08,5.80125090473407e-08
0,89.2667274944987,23.6829849426493,76.1126926601164,38.6411022990891,425.473484493197,1.2707342097863,26.0893581272663,9.27951118706127,8.25175192326689e-08,21.483832229071,0.726573381309179,1.90660167438089,0.803671581990262,0.259217310033088,3.84384651763779e-08,0.547498106007049,40.7485523931496,3.70074389252978e-08,3.27628193121681e-08
0,99.6170059156836,23.2614933200126,79.6129644270795,33.4483312475156,417.746390533814,1.301056362235,26.9427991563525,9.93576516029005,4.64651076386896e-08,21.274072677317,0.659399440069059,1.67259379936393,0.826518307942978,0.252053577173107,2.77998969071737e-08,0.507769723988973,37.8727264751904,3.00302863182308e-08,7.89350421166268e-08
0,103.217351516064,24.4479659584456,87.0113318238904,35.3419613826866,438.568494909731,1.37003010217903,23.274779611474,8.89805423060229,2.85085425274623e-08,23.7971545286534,0.783866379311226,1.96243988278439,0.867633431988727,0.298107671270298,6.2347094928442e-08,0.516972856930809,43.8303211143417,1.01237319527774e-07,1.29557000009816e-08
0,85.6442012677292,25.3771970869673,82.0484366020673,33.6897850238993,461.154278984111,1.17188914710865,27.1782313319352,10.4493674324251,9.16968088589268e-08,22.2373084931755,0.702022400799448,1.98639985074577,0.895615527888058,0.278268466296279,1.29766485722267e-08,0.526366446016594,39.6815396100585,1.17179019249424e-07,5.81813811153934e-08
0,99.2724766369242,23.2437935138936,76.7503442212701,34.0144494307494,429.744150292311,1.35573155301423,24.9432876986332,9.64493263624403,1.10917928658333e-07,22.42634616735,0.771279514699606,1.780492108915,0.811176865498652,0.274997073224775,2.04461166963358e-08,0.502201657805286,36.5180029532789,8.31977210393463e-08,1.34243286122953e-08
0,100.654650509867,26.0616196465963,72.7810754439932,39.8369387159221,433.840768252124,1.37414583163405,26.1232417441735,9.71836330885345,1.36108128633117e-07,22.6291919295871,0.758439032715866,1.71537290811946,0.833726287767591,0.262077477878207,3.25260467258307e-08,0.535180742940714,42.7585389225766,5.9601116716471e-08,8.19004682695191e-08
0,100.115684745024,27.4826332400573,80.6384677020549,39.4096578938564,456.211778788985,1.16551989315155,26.7437436977523,9.24633060617145,2.74874942803422e-08,22.0463377609441,0.754115620245369,1.76178491201821,0.846470978590551,0.257243457293422,2.03333734552229e-08,0.4803018700148,40.1099308520543,1.58959095896094e-08,6.16627816328498e-08
0,103.572861436524,23.9086816166196,79.5239485430645,33.6360657720744,396.984523091643,1.15871421412543,26.5541424110159,9.35077385566776,2.42911728841449e-08,20.4268362299778,0.784849545044364,2.04822286235885,0.808035269307543,0.274858085979293,1.154495402575e-08,0.557595007338339,39.4773216468137,1.02318341573164e-07,1.00039962821744e-07
0,99.9281330768071,24.1172891408952,74.9834506379275,38.4644745784499,383.85892737933,1.31616263995206,23.0666471665869,10.173574399191,3.81555759931835e-08,23.3613846667219,0.74905058975366,1.91111463886239,0.782898039667208,0.28184604574542,4.32652754487069e-08,0.541071213016005,35.2794253293523,2.13797374302421e-08,9.83571125302193e-08
0,95.1061976056316,25.4200972803658,73.0871905671902,36.1698016065961,393.492256391223,1.31001289795138,26.6137429168191,9.63800245742038,2.91489954615489e-08,19.6618683691558,0.676036461833845,1.66876088502442,0.777589052654451,0.261397821676017,3.6448793203176e-08,0.536229688125542,37.4158701461667,3.89690259427627e-08,1.85799159134586e-08
0,86.673547776738,27.078077568841,70.9497435615713,36.0427144284802,418.060632233592,1.25743560280509,22.727114614903,9.56850733564419,1.75438725291341e-07,21.5001877322468,0.66174595233438,1.93043926582837,0.729180233562769,0.269802157412188,2.31538719032102e-08,0.514266477105611,35.2935470597276,3.84082911558443e-08,6.38015118640414e-08
0,104.989235563777,24.8539084233612,76.2679805155792,38.9335595638649,419.111827311706,1.32879233276649,25.0170317473411,9.89015281437676,1.74108014654936e-07,23.1557349284386,0.820708745943453,2.06571369514253,0.893730434733514,0.241442551929873,2.74041082298772e-08,0.531000974661316,36.9914318761624,1.29272698677946e-07,1.84660520793352e-08
0,95.4617325924149,24.000686890744,81.1089093514192,40.5119707872758,397.20915075572,1.18431223584854,27.8188284659328,9.44111812528806,1.01292789152396e-07,23.8655683808086,0.794794960371042,1.76457083259094,0.878153893581554,0.289280010814723,2.81597976402173e-08,0.527684676317407,40.1253698520689,1.46563484121876e-08,5.63205376299108e-08
0,101.467779651967,22.5527600292694,84.6347522350738,39.3182389528098,431.162246098758,1.29289819588686,22.6505458222791,9.42947700755359,2.63314604874359e-08,22.0929339941688,0.717591093565346,1.92025364765377,0.817349896289569,0.241053875578631,2.93298700768972e-08,0.498944145417511,36.560319040644,9.44428802017202e-08,2.96080251412461e-08
0,90.2255397486117,24.7729509256321,83.6425444775857,36.845769826854,374.081729410013,1.28535674024148,23.1891935616531,9.09136569408064,7.76981926296915e-08,19.4517781163814,0.785735422038435,1.90352483761444,0.848269626537494,0.282254656945402,2.39219299835471e-08,0.531592360230595,37.0415310455477,2.25921517097347e-08,4.80844220852984e-08
0,92.9239275636705,26.6188414561587,73.5580173347203,39.2144450167903,424.380270855932,1.24936749610326,26.671971052255,10.3191304815561,4.48528602077171e-08,20.4393479711441,0.798352787349988,1.71784366039071,0.76873618139669,0.282369335243608,1.29906965626862e-08,0.529595645573215,37.4164919763862,5.60594061117248e-08,1.0922631315348e-07
0,99.4773735890493,24.1285750595912,74.9451589296179,37.9940767215789,414.286119761982,1.30371452578005,27.0611405479099,9.89573467517068,6.05171782708327e-08,22.699852224492,0.755284684990882,2.02747286728663,0.842396835376675,0.286080099110608,4.69214028321814e-08,0.545966106316428,38.6423708957088,2.65439569136603e-08,1.745890006163e-08
0,101.901991599315,23.3409699917841,79.0232882011258,38.7755757105184,433.834140462361,1.18882732608741,26.9438979103236,10.6771126165556,2.35572526465636e-07,21.8312193202351,0.796339431097394,1.93178903650393,0.897849998213802,0.257618601455184,4.54113432525408e-08,0.481037630747163,36.1235334415696,3.6831080232317e-08,9.61748736682836e-08
0,84.5772570861651,26.2828724725582,85.0126988990998,33.7067052842252,408.893039383574,1.17973439856262,26.2871174592207,9.53197153368697,1.14301280185559e-07,20.7202542705427,0.698597228099018,1.87714534943779,0.783173458737863,0.287735754047033,8.57170438383366e-09,0.488642278951235,42.298713166312,1.32051570200004e-08,3.74367724872629e-08
0,103.44081140897,22.8978248994775,82.8371149635239,35.4809023165947,425.907824355151,1.1259037928175,24.8606476567716,9.60047316891773,4.38272766879258e-08,22.3958549879355,0.749669735154154,1.97323705656343,0.885074727412807,0.249405306282608,1.5044735776318e-08,0.542472240328491,43.1585511091258,3.33155077897996e-08,4.45079959406749e-08
0,99.334898325505,26.020299871071,74.4175168062193,33.8654134780441,387.832923023325,1.15524582064188,23.4554422473618,9.67420648577419,6.96667796143466e-08,23.2391995653824,0.74770221878278,1.66799777528163,0.820797641350937,0.284263363799504,1.72106791102839e-08,0.496017070124836,39.8764611256974,2.07184959774241e-08,1.27992683938632e-08
0,89.3550476166188,25.6061862967912,75.8048629105895,40.1192792855023,386.758738602493,1.15730325066337,22.9399183114435,9.20900982573696,1.36764555617581e-07,19.593745357074,0.804416877452266,1.8126441422906,0.841443011743097,0.244891610966149,9.59475609357673e-09,0.556569717756515,39.5015304514326,5.75482022054125e-08,2.61241529305235e-08
0,89.7185817950543,22.569491083627,80.1365696173289,39.8578880691969,423.377378455415,1.28145481703176,26.7059608919318,9.23972101841086,1.63904178828392e-07,23.5982451475391,0.805709060915707,2.03296074244384,0.857135454328466,0.266660516131383,2.89152968542308e-08,0.564100887461287,35.6938099188275,1.58212263691289e-08,1.61230358223913e-08
0,96.55929862153,23.3117169791213,77.8088204513305,35.3086649736229,393.422037335705,1.31530413596532,22.2453458383656,9.69311100451542,2.48124059150127e-08,22.4420837358862,0.687747590366302,1.83936793457505,0.757482371223892,0.236054453374819,3.50061588248603e-08,0.530714732444043,41.3414805793772,4.94656918249055e-08,6.37481900187768e-08
0,89.9329970197478,23.9643994933813,74.1998277573944,34.6388252973164,442.129762407496,1.21762710761763,27.2897932866148,8.82929470429098,1.87419337695425e-08,19.883225759786,0.783817681899735,1.9343501763367,0.751756395088635,0.232812885950171,6.7976760815466e-08,0.532600178637165,39.0062632980294,6.19593160010712e-08,2.73050811042692e-08
0,98.4493430139368,22.8398476780716,79.8369316056131,37.2877433915849,455.018289522699,1.17185831971513,27.3538911849432,8.87433647809368,8.16637754457638e-08,21.9839469815361,0.684047903198015,1.94697603111588,0.796383104971112,0.247618744058752,3.77311759578731e-08,0.475402869319058,36.2284353811751,2.98787717537646e-08,1.55128764477134e-08
0,86.5156690365004,25.2854568526381,85.3642166055106,37.1375658620535,443.813825979749,1.22364915898003,24.6140589884976,10.1566291745158,2.7837170110764e-08,19.8335234097055,0.770897054496884,2.02050478915251,0.760562771063016,0.261164957252778,1.02607127392422e-08,0.513436623160063,42.1507547115805,7.48053362308537e-08,8.91219156626982e-08
0,102.112691011529,27.0846890615874,86.9219531263948,39.0990827445138,391.037540752641,1.17804900644737,23.9439053187645,10.2351913881281,1.53693935322037e-07,22.245808491607,0.754917477720753,2.01062339876583,0.750222152714226,0.258906529246554,1.42559125030744e-08,0.514067118174413,42.1973086701742,6.10383988582113e-08,2.99221696229486e-08
0,88.8973563232524,23.7797560448859,73.3449622289628,34.0954643835695,405.714080788215,1.24813498742651,25.1062276112638,8.85644167783633,2.32560084659478e-08,22.8162047552398,0.712116881472677,1.90621166387762,0.796628607705457,0.247275676307896,2.21745814620217e-08,0.500579923619395,40.8424389072103,1.80832624833651e-08,1.53484571042246e-08
0,92.7222354578181,26.6757570160638,77.3390369514052,39.821568590147,392.47075096433,1.17753406234509,22.9099018524778,10.3701561103223,1.94509067303423e-07,20.4299602968505,0.791603230031933,1.86353178860004,0.87664346433232,0.278459677217339,1.73708197325174e-08,0.56332264266119,35.8360520795219,6.74811788596647e-08,8.38988062087374e-08
0,98.9718788648879,27.2290697607514,82.9429875490826,33.1999631259085,407.702291820956,1.31858865337651,24.5118256945231,10.0819422165303,2.06888402557538e-07,19.6938268274672,0.67768004818609,1.74020483258582,0.841512812148211,0.266580116737531,3.46186246319098e-08,0.463264075411948,42.4317217795499,1.01584905219019e-07,8.78312754086214e-08
0,101.758046178616,24.5308263874558,80.6350448047281,34.878304093504,377.727463117859,1.1892014258243,26.2461875094166,9.74645467033247,6.73666955409591e-08,20.1992433634201,0.744862832367131,1.89680646801118,0.71986722617188,0.229807131541114,1.16370314042316e-08,0.545485366147356,38.0876853263396,1.3649568486871e-08,2.5883122360799e-08
0,101.441424279865,26.0627500184387,76.559340439625,35.8579455394262,414.116739122659,1.2131877830265,24.402824142789,10.1886590509378,1.25617033002929e-07,21.155598169836,0.792648668170119,1.86039054506998,0.838128659565665,0.265824067302517,1.06942876862194e-08,0.465852561128006,41.8251784659776,1.14853291310105e-07,4.41198537974005e-08
0,101.685819692451,26.9003312094669,83.5951127097023,40.074115867527,395.768205366241,1.30391752177776,24.7822651337742,10.2056965274509,3.27252337875882e-08,23.4571302284896,0.729098727172159,2.0439231586706,0.799900402693974,0.266535105589316,6.41415679025301e-09,0.484231898255429,37.5680522888485,1.53881564189586e-08,4.94348270335976e-08
0,98.5610594578866,25.1509339789629,82.089029012235,38.2549876409034,424.148841304098,1.14148894448088,24.8515291763996,9.77882325271989,3.25774684463821e-08,19.9014631665339,0.678557275563555,1.66954987351269,0.857976208977988,0.245934423699288,2.25628701034359e-08,0.509778599794414,37.8462770387082,6.60655654346146e-08,8.2955228471332e-08
0,89.0541790852868,25.0008817339856,87.1003537108298,36.8009728967487,373.493234306118,1.38163271885231,26.0449038888011,10.3947247699339,1.81303706674976e-07,20.3665761667942,0.722946812878467,1.75183891951416,0.772266700046074,0.269513034340309,3.75238231266943e-08,0.522384202592408,42.5256683425269,8.84103060370368e-08,7.39350107777861e-08
0,89.9632679192853,26.5311118385356,77.0611798315752,35.3594435742082,422.763577648961,1.29859764729673,26.6513787088212,10.4140353850485,1.49506522669574e-07,22.8759364087234,0.73815233344263,2.01952216865662,0.836096449038374,0.248553260498184,2.97838961846849e-08,0.473240912483548,39.0527552673747,3.61465388350464e-08,1.60029267553462e-08
0,92.3087151420205,26.6249899984504,70.4455417626967,35.2296584580538,446.394630715502,1.1505737375153,26.2690913347301,9.82580881118271,7.35030639599455e-08,20.2696765573338,0.691412342258345,1.6374448036327,0.789619220215089,0.224870376175957,1.71755832072825e-08,0.488081555730706,40.9550806271687,2.89878217612922e-08,2.82311693667736e-08
0,94.7351265667413,24.43377195495,86.5389111082817,34.3650927565302,426.289182874835,1.17202098702237,23.4891593632946,9.84028376412095,2.93620537847147e-08,21.2717691255056,0.673047025975477,1.69832572948466,0.898486599222826,0.28642206889541,2.65622084818411e-08,0.536998383494458,40.591883200125,3.79710188245884e-08,7.8189329047483e-08
0,98.2418868565009,27.1702909998097,78.594538525069,37.733435197278,379.374878634535,1.17721280533942,24.5140949930821,8.88243186903317,3.59461452955554e-08,22.3967798521467,0.741659200423758,1.80377678900896,0.790402152854573,0.240745985260823,3.70543751686152e-08,0.488152572425435,38.5629998615553,1.39569795491389e-08,9.69139341789376e-08
0,90.107771931482,25.905636779745,82.0240069791872,36.2089575988189,398.655245942228,1.22577002558444,26.9490015196135,9.08502369182172,2.68848737742837e-08,20.2162826225259,0.818082141777102,1.83185822297722,0.885231297990759,0.264919756429839,5.4797932254716e-08,0.535450637281329,39.9839002942858,5.34517011180226e-08,5.06012030446309e-08
0,100.155756161626,27.2402188754646,79.4789095415113,37.6745669028839,455.609942877888,1.21729800079128,24.4616841193446,9.58273661807378,1.60943813957935e-07,20.1730961698074,0.719333147653128,1.83709157508747,0.762181114307778,0.24673084340868,1.15338352990974e-08,0.524679275997971,37.7440081664957,5.02170296431457e-08,3.76852424441738e-08
0,94.6148457054698,24.3310770402549,71.7741353817761,39.7651744951391,419.500464081405,1.26495271315508,24.858038640763,9.85356605171166,4.17013691113056e-08,19.7763159963676,0.693936624497457,1.76408836035076,0.874642069013466,0.265727727856487,2.03964378253454e-08,0.47024214424153,37.2289849456453,2.15069371688626e-08,2.78533041678067e-08
0,91.7216042338678,24.472993017339,79.3858295326266,34.8879104928443,420.857453647038,1.19723162668493,22.9961262305751,10.5821193153082,2.90649129652788e-08,23.2571894758157,0.676875599065494,1.78236176943336,0.835930383290382,0.235752546285051,1.77468903480546e-08,0.560302471372375,38.2512173414483,6.40264180162395e-08,1.56992856077506e-08
0,85.44952760437,24.2332834872438,82.287925844769,33.9980671152999,422.199741209733,1.15976004935971,27.2004003334742,9.37886239233728,2.01650642975544e-07,20.9513267985151,0.76334888913685,1.72458613261081,0.883043593974447,0.254432250029861,7.44200552932221e-09,0.516401978498667,40.7168022392944,5.74398649269288e-08,1.0740670966486e-08
0,92.5755876065731,24.5188613333128,82.9207283315146,38.9698214627042,390.581755717585,1.30368026216111,22.8058597669934,9.75240185375823,1.93121725474393e-07,23.1155999278144,0.731042396253685,1.99095941684881,0.80056791431957,0.253418729554706,1.52525143483628e-08,0.466076743446357,35.9681154736651,3.73960472035679e-08,9.25694085724669e-08
0,87.2908572474669,23.5477304745593,75.6905995883663,34.4626711896877,376.589377218318,1.23266583156921,22.9086866237905,9.97298278592351,6.85713654106706e-08,22.3011506289353,0.726485765426668,1.93542520841848,0.762847018569842,0.248906422421683,7.7610060646037e-09,0.527894881392969,43.3499156443663,3.72138793637228e-08,5.227679311154e-08
0,97.1336359504583,23.1556131821889,81.0088401014127,38.657027758306,383.946369523439,1.18301328903752,24.8216644224466,9.58069886530371,3.7518554728373e-08,22.6890858921229,0.693144369294697,2.05905354434639,0.7668463040805,0.249776729540452,8.63525195486089e-09,0.501330786114062,42.3762430258629,1.63847446259427e-08,2.78581157808693e-08
0,86.7221420078062,23.4496243906216,80.8000699707072,33.6518268559855,394.577737472385,1.21603634990272,22.8898297039592,10.0116644448864,2.75904611166379e-08,19.484707166754,0.733012051652869,1.75957009350547,0.789060879436393,0.263532600326296,1.08263518557095e-08,0.538852280300171,39.8434857693152,7.97057914635116e-08,5.58842089509346e-08
0,103.32231077142,24.6284352143929,75.0773330225641,38.4253388413057,401.95489442509,1.1836339704988,26.7627814433581,10.3001930209857,4.26584779020649e-08,22.2870982002827,0.691479430953522,1.81829651588517,0.87309990937908,0.248156659041932,3.2645377353254e-08,0.519819064447729,40.4621863115072,2.60029867454814e-08,1.44217210089764e-08
0,100.2233913681,24.8349729486305,71.9981510186953,33.3855022723822,446.431028728441,1.14498769591522,26.1838906010606,10.3258284151619,9.14970162538966e-08,22.5313283787292,0.809034572320361,1.82212710478409,0.854657686760077,0.255651061073837,5.22277995378237e-08,0.46796244411689,42.2237286814918,3.17419413914753e-08,4.68644629061308e-08
0,87.8687121704887,26.6240015068923,76.0866335405203,34.567174732519,390.800817388526,1.3501302358364,25.2797570351909,9.46443593604051,3.77866146238122e-08,19.7987306886418,0.730107252597201,1.96699445283661,0.813551297897382,0.262461446149265,1.71809424739103e-08,0.488535977142433,37.3310267967726,9.4154792720098e-08,4.71519979675923e-08
0,98.1422986578912,25.4580956595351,82.2456761353182,39.1781430703539,437.269662818617,1.25204235704963,23.7027078582167,9.84987327588436,3.56687810763323e-08,19.1528363705244,0.798280971345294,1.67343748448042,0.880438730937185,0.279456485081858,3.47998701434695e-08,0.4548865168029,42.6636204671526,1.59774007169257e-08,1.6783080852111e-08
0,97.7386389450213,24.4686108844791,78.7780774026899,38.9550501065312,411.921218377357,1.13439266191258,23.9579322059386,10.5223842296081,5.15500636011042e-08,19.0461060564559,0.764889290844576,1.70550420073584,0.776386710583915,0.239192885919459,1.1628700367095e-08,0.467970635578937,39.6010829626916,4.38861460587631e-08,2.45268351969842e-08
0,86.7517645750745,26.4400352376852,77.090464670864,36.3079488988302,435.108378178271,1.20062580728202,27.0379102810737,8.85933781308427,6.34759222644198e-08,22.0835157762834,0.677030445214942,1.80704259455059,0.786096844617892,0.287991655538893,1.81108472645313e-08,0.484851024245818,37.6358450141406,6.78830407918491e-08,2.54509712108641e-08
0,96.7079170839734,27.1466546208245,73.6514157817448,38.5288460995969,453.557009575115,1.15457442029986,25.3275964048425,9.67068582798921,2.25778706652788e-07,22.3486123440621,0.696481659410383,1.80181510467646,0.813927389452105,0.257455110635856,1.74530812955087e-08,0.520569324606929,42.2112838736878,3.1743762588651e-08,5.09554837414769e-08
0,102.044318338239,24.4506097615065,86.2075277462285,35.1551362211099,439.025273653753,1.33064666824513,22.4900307299309,8.88446122622204,3.23300772098911e-08,20.3760769271889,0.757841988895593,1.66216166758064,0.865150614578718,0.246052908460912,5.80844755085952e-08,0.448505573312961,43.0445363733334,6.086309739829e-08,5.07298516554771e-08
0,87.9626772035273,23.1478405210159,84.1275896792495,38.8493110796839,380.12026214742,1.24279490205826,22.9023289538024,9.11121686946669,1.08460105761209e-07,21.5628840440191,0.760429433063323,1.67694899808818,0.880002232527697,0.233922043368155,8.70508673521112e-09,0.50773088275527,40.3910600269663,6.62370328553276e-08,1.13531213026797e-07
0,95.7073329290535,27.1899431624712,75.8191426699186,37.5272428384734,440.934220014854,1.20965914206215,22.7258353981975,9.50184414590038,7.73845854524603e-08,20.1199319001694,0.720244872358372,1.83669984786678,0.897652342222879,0.269434143846951,3.77142041904338e-08,0.534787801805473,35.5893643665942,1.71196850729659e-08,2.23131272140867e-08
0,100.16060246108,22.2985354356505,85.3433649037937,37.9864288940065,427.692805738572,1.3550508613046,24.2347953502413,9.09179960666717,3.63264903256533e-08,21.2858132346047,0.772193634643741,1.98096970418335,0.818547424324099,0.253966676604343,1.63943683496858e-08,0.490127804089581,42.6828626686194,2.00976791463133e-08,2.9558119547839e-08
0,95.9885598234414,23.561500193472,78.864215841543,38.4333948029626,391.909156543215,1.30667649324008,25.9927413482886,10.5391464847466,3.33269294105369e-08,19.7114504172966,0.77924067893198,1.82841699411797,0.753485403263039,0.255334283860972,2.32705356493858e-08,0.490458767802203,40.0604538582868,5.54331072078522e-08,7.00771222443192e-08
0,95.4028031225387,22.6022218010295,73.2803196589211,38.077685836372,395.74371222008,1.37228666351204,27.4472256253031,10.4213204720275,3.13251451197439e-08,19.9342368368425,0.691778145015447,1.93705854107577,0.859787140707689,0.271586666730273,2.57489011119152e-08,0.494982400079779,39.3634851487531,1.44652819529639e-08,3.35523521075933e-08
0,90.4760930452071,25.3402125056137,77.1656228594026,39.9254709702424,447.970457280807,1.11216434286886,24.4538286787131,9.15010754398656,1.68768675286398e-07,21.8999259901802,0.713500290814686,2.02122224946523,0.840687429639317,0.252478206490845,4.82565859811051e-08,0.494376502127361,38.6007707801026,6.6218202709986e-08,4.81640604858449e-08
0,87.0627634876134,26.7986994172483,85.4606495102233,34.2068744903094,422.25180804219,1.19038736780218,24.5139690003689,9.94880959729154,5.23884174890733e-08,22.3551859603536,0.679784840495965,1.97394925869897,0.829986540194197,0.23948852951079,1.87656833991725e-08,0.559381020540849,41.2567403350088,1.76365294493748e-08,4.19682511583077e-08
0,103.152563536628,25.6436085827675,85.0708226095855,33.4601887847295,444.28018671941,1.22346673201068,23.2094034213529,10.6956900199696,2.88982507479764e-08,20.0881657337002,0.800427446674724,1.83969637381311,0.823993200436095,0.256402712756894,2.30372432483234e-08,0.534090844168312,37.6411800556274,2.04471084607552e-08,3.63125830517407e-08
0,93.9872591437983,24.5473625779563,81.3701340158868,39.3192076537655,385.883183765418,1.3073089405499,23.6483770223999,9.58964895815813,5.15089297406851e-08,20.0841393761389,0.788441624366382,1.85744075896434,0.835453644296604,0.269146313902307,1.83359500761743e-08,0.492061281727727,36.8629572140986,5.56960898300621e-08,4.50839300222028e-08
0,89.8095262884028,26.0973928356089,81.1814183196237,37.5240785939259,422.443485208915,1.13343469262361,22.6081236170816,8.77542185074357,1.66964270447006e-07,22.8570900607836,0.733431712477179,1.82952586005649,0.849414849316284,0.238687554482561,4.09406788917816e-08,0.5485251516691,37.6893452677452,8.245678279296e-08,1.2639750784374e-08
0,87.2484488888325,26.9521434337769,75.9543494327656,38.6308527760103,420.267879882428,1.30027034877384,26.1506543650086,9.32241935924505,1.8964080677738e-07,21.1341730260225,0.822371039295477,1.88253151419544,0.872070885988156,0.247510209532561,1.58483765260831e-08,0.471349282193293,40.1120622008267,7.51687454124315e-08,1.47331181567849e-08
0,98.0360731806989,26.8013143194299,85.8983610685309,37.8183292782113,373.537031149249,1.35714447198177,24.649746900307,10.3776583057459,2.2393193533257e-08,20.2831900195189,0.733503429537327,1.78731429490753,0.850751672102781,0.270475862186477,1.85663253422381e-08,0.484653744171816,43.1837159185397,4.7329358660183e-08,2.20383686013786e-08
0,88.3030142341307,25.6347655280894,80.9658921763788,36.8830203900443,454.526223928015,1.15132391428052,25.7078622302615,9.26569104026307,3.71928329670381e-08,22.7615599998353,0.782925528571033,1.75407186557936,0.903149152610619,0.241865911772974,7.95861958839999e-09,0.497751039079295,38.3290798393373,9.92003236711445e-08,9.71860865791113e-09
0,89.6879549147436,27.5904962052969,81.4482785122428,40.3818182962802,432.174826789842,1.3453099717455,27.5025351162739,9.54018764046933,4.12362279556928e-08,22.4517209762257,0.82112883669744,1.73813283439374,0.762499417710693,0.244778377346204,1.2189397918145e-08,0.545435344057168,38.1017989898057,1.66950536465175e-08,1.2927147940216e-08
0,90.6139715219736,23.3662835781879,78.7220884119175,38.6320014006217,399.038137556594,1.25374751818812,27.4982021394569,10.1807133395899,7.56952657748397e-08,21.1178680065594,0.796740786348219,1.95207903955789,0.807001178465591,0.265721578382794,1.60635199109533e-08,0.485715792875633,38.5177877921905,2.7572459448424e-08,1.97660404871123e-08
0,103.83693021019,27.1558484311599,84.5878282764396,33.7231617529444,417.74014142612,1.23833764299332,23.5029198759573,9.24226815533873,9.84872500097338e-08,22.9301898820326,0.73693327055676,2.03195106437041,0.883456707285878,0.25781990130955,1.60371752337696e-08,0.476114897443686,41.7406915735425,5.73256411576869e-08,2.16387116881406e-08
0,84.4302291974909,22.3469164839935,77.6922903856244,33.4503439371235,429.705908925304,1.30757536132028,23.8591309219543,9.51828273606629,1.55241776798028e-07,22.5114787584042,0.785755991185423,1.91954156049435,0.775974940620913,0.270853105873684,2.2617877904835e-08,0.460475942049733,37.4267822042999,9.602565945728e-08,1.03393593198291e-08
0,94.6180153310696,23.3517671744952,78.5252008044407,33.485026420271,375.88526635433,1.15007165230261,26.7311505555071,9.66603123552072,1.37345545379216e-07,22.1069283928291,0.699495677038978,1.9217941173181,0.803706280212822,0.259856550359782,2.0174482875605e-08,0.548000662968237,37.2789664447292,2.86179010017943e-08,1.33899597175247e-08
0,88.230355755375,24.6108621767327,88.1706053898044,37.1918766035509,426.326392526118,1.26380083053073,23.8219700343973,10.2183760441096,3.41654214731663e-08,21.4589801147164,0.725631165210135,1.78650542631625,0.910004883111967,0.273743102938754,2.34322410178024e-08,0.483132021405453,37.9238846272242,4.28546463568918e-08,1.49356966118733e-08
0,95.5682471122044,26.1939955409531,84.0099996432499,39.6771649772599,431.460372332216,1.34223505964557,23.5901259798543,10.017662443441,5.81664378444404e-08,20.882720067397,0.693168776593861,1.77613730105087,0.7578925134629,0.274794356965035,2.88106872227794e-08,0.477455809413781,39.8643182426204,1.40619538486285e-08,9.64470898794173e-08
0,101.493667862205,23.0725163771211,84.9450510495313,34.895595792762,411.619076960623,1.24891812935349,24.7194686870785,9.0701933487807,3.69902414674195e-08,21.3420278010756,0.703315913278876,1.77410241138019,0.72910829388209,0.244409918310409,8.07918231323364e-09,0.498852655849328,35.9317109019328,1.57120275940356e-08,1.78845133231053e-08
0,87.0223196096124,24.5356325972726,76.2043383654082,40.1008719269265,438.620159347666,1.33648173258987,22.5871337412695,8.84192558385563,1.73722743821755e-07,19.7337329249072,0.803039009206848,1.86009794669911,0.818990142073558,0.253953547719858,3.19477837338483e-08,0.549269650087794,37.4858957611745,2.02979041421487e-08,1.21210015811421e-07
0,92.6053040616511,22.8688116788604,85.0262291205545,37.7540341807531,458.940277291101,1.16169082604141,24.690515209262,10.4533869787049,5.83089451107407e-08,19.9076990159855,0.781260832828002,1.75900995628269,0.912932044679764,0.291155390350944,4.37054805687371e-08,0.565855717345955,44.1041776703322,1.70458535019448e-08,1.77967164374511e-08
0,102.050032696175,25.8658411270796,88.9209780943884,35.6243677920391,410.172813976413,1.20230917234584,27.2396320289691,10.3877893115164,5.03954914666924e-08,19.7635609198502,0.819945625831412,1.81742309994841,0.889825089559917,0.280032127883425,3.57541343843521e-08,0.491378551777227,43.9280448038379,2.96120934742352e-08,1.40854605524353e-08
0,99.371469227222,23.4463712159568,84.2443185660728,39.3877352607404,402.561346919295,1.18365031483329,24.8817789907574,9.89338198460793,1.79666043818478e-07,19.5003869170146,0.805926034890769,1.86943014842747,0.784780081176638,0.235561925952165,2.0163090417761e-08,0.500928719537985,40.776109436139,7.79535290451623e-08,1.12189558100743e-07
0,90.4127192468161,25.654583638666,86.4212653887693,38.2558862788074,393.722951458919,1.20693041422552,23.4343379300278,10.0375794987554,5.24103577254162e-08,20.9785626733328,0.712204641596778,1.84650242521983,0.760358949260286,0.249320290962232,4.024453526187e-08,0.464471999994852,39.2390628722054,6.01719911243178e-08,2.31019512635543e-08
0,86.7396540496864,24.4646515962116,83.5664049471542,36.3965416230165,410.483645409868,1.15895602981551,24.385184489935,10.2636878010461,5.380658008637e-08,21.2179427593884,0.762253722051577,1.9969144340015,0.875944311619183,0.272607560839309,1.05054040355253e-08,0.540351203172663,41.3404499068097,1.73134779816948e-08,2.88221130092529e-08
0,86.1144327945981,26.1466080787055,76.7243622806554,39.0889494917994,388.243845912766,1.24903698233991,26.4552873680693,9.71311005178369,7.49712051139276e-08,22.9194692609042,0.734245139966687,1.69926445812412,0.758822678900448,0.277369412278107,9.92102806616863e-09,0.507090044691775,43.0952066758948,9.97100969903549e-08,2.14922800425672e-08
0,85.9041372091856,25.8158487219383,82.0982474043429,34.3759522909059,403.351096072731,1.31760436037915,25.0885051022632,9.97697260480363,4.80915278768459e-08,20.818321770023,0.740998343389477,1.71637277053766,0.892980647233332,0.23498156252317,5.56230344744989e-08,0.481804186041344,39.399792097766,1.63282001377043e-08,4.28745837242546e-08
0,98.116127871674,26.5584535173604,82.2951577628844,35.2578584093952,406.138781751232,1.24195086208978,23.4440307008301,9.95825969523537,2.94234961868544e-08,19.4318317538986,0.68737713536083,1.73283517883179,0.755657905116749,0.232493923759516,1.41738332795026e-08,0.521005236500151,35.7787250917136,3.06179166116421e-08,3.44511170502119e-08
0,102.706802892596,25.9197425877911,84.6214072424002,35.3228269277099,389.149387010387,1.20198627002153,23.5953865175771,10.1472811474453,1.90156648696502e-07,20.8226225608242,0.77984591674163,1.80625919528689,0.850122963749719,0.256619419264767,4.42861605958779e-08,0.518232412198387,40.0403152911109,2.33850642571184e-08,2.92648211283078e-08
0,97.0025727353689,24.3857673576653,78.1722071502883,35.0958938085733,454.455107476087,1.36209423431396,27.481118437026,9.02965346001949,2.73630526568882e-08,21.1135560992899,0.695917332047044,1.77818914215624,0.777819053787739,0.239854659189461,9.30790077007709e-09,0.477155516869648,36.8042693477674,8.12804849779434e-08,1.59798264662713e-08
0,89.4089533351673,24.9572741774511,72.8068290455403,40.1275905355417,419.483909153658,1.3350544358416,27.2527658471783,10.637636836425,5.60638438021934e-08,20.5981428169883,0.774555027765533,1.81349465314177,0.883266712122422,0.263135479645478,1.37030632274363e-08,0.517440499754123,39.4095902718975,1.43027439242081e-08,5.51454597169677e-08
0,96.2862275060779,24.8464045337248,77.9046353705709,36.1149494803821,376.142589410799,1.22842921971977,24.6672371880484,8.70323852811041,7.39829666776189e-08,21.2767944569862,0.677471774054393,1.79183484862833,0.861851521725856,0.257790392685597,9.37500557696188e-09,0.450811820082887,35.1413327644411,4.04602071002192e-08,9.0409459806117e-08
0,90.0131809701112,23.3604510354569,79.3213427292273,35.2726817392899,439.883679602334,1.33610952254642,26.9741627673012,10.378009736367,1.83515871056453e-07,22.5124176101219,0.805054539892364,1.81732021543126,0.828673897847507,0.238856617054702,2.97473322035117e-08,0.49215157809183,37.6736181423943,3.1866841289282e-08,3.3206333670231e-08
0,98.2840577520946,22.7334753174384,79.208279184311,36.2692829238529,435.780764804693,1.16953422790964,23.9123939729359,9.80232452035801,5.3318392709755e-08,19.8398855387991,0.733234016725804,1.77505330099616,0.899186901675679,0.293960570259366,1.02100308736778e-08,0.547598035212836,39.8285784078282,3.87204622741995e-08,1.39490906533171e-08
0,93.7746449572341,22.4908102219718,82.7511093062765,34.0241718875632,445.962528630531,1.2930552853501,26.4720494301707,9.32498998328806,2.47610915694158e-08,20.3751642178405,0.726699218122548,1.95574817695331,0.853374263215073,0.2369803270339,1.58275609703688e-08,0.524680677506165,37.3322311961428,1.80428170730915e-08,1.723771843447e-08
0,98.9606604616269,23.89505744762,76.0666481523958,36.7609310992683,447.005380001595,1.35684967251681,27.3915217488825,9.83597379875267,9.19552995932584e-08,19.8459219569672,0.792099056008169,1.7445805829132,0.849663414647075,0.282908738512889,6.72643245349184e-08,0.472232208618611,41.8407418180231,6.18675394479115e-08,3.89751398431113e-08
0,97.2179986485898,22.2662705542043,74.0540785380665,35.8035502705112,419.570155478606,1.13480735414971,27.0317807032988,9.14095682248417,4.63137839448452e-08,23.1987291998923,0.746662558523399,1.91043999263489,0.825322548088072,0.259013988099361,2.15073395435331e-08,0.550631722803361,39.6598984042833,2.77854474519789e-08,4.93140527836746e-08
0,85.3969902297938,22.6473813976138,81.1309801614612,37.7033249863735,441.433484294008,1.18981795264123,27.7292472717499,10.3635317041477,6.79963871700385e-08,23.5611975058221,0.712985136722047,1.97753331724298,0.898657076963568,0.264664269884083,1.12269930881647e-08,0.469040075141602,41.4759122054274,2.09335714799509e-08,8.66606795467551e-08
0,96.4845392455852,25.0579908669709,79.5898549929397,37.0218280066583,428.733156707975,1.36710680281938,23.2516453850394,10.1732663006614,9.53196439783307e-08,23.0604636848117,0.778081888632722,1.88171061441489,0.875377091694922,0.24625651328103,5.39692592268976e-08,0.468239231322962,38.5270271029993,4.47854582783034e-08,9.82194732891452e-08
0,86.9587746910705,25.3884990516022,83.4702455102352,36.5790482487489,420.632686062246,1.39502160122209,27.2051957018316,9.78332811026394,2.18671966242294e-07,21.7061597318367,0.75842480416378,1.86685052510886,0.772842943240093,0.273249221710413,1.21025537432611e-08,0.545615549651549,41.3850450659064,1.33552740840971e-08,1.15327050281424e-07
0,99.0580527470624,26.6534962925323,73.6966724917926,36.9073585669748,425.653493490774,1.2108125276984,27.7497424526348,10.0580054036638,1.35813369709794e-07,22.1429020107564,0.767803953811455,2.01240002698111,0.865732471919338,0.254714696125657,3.91578153997239e-08,0.519967038759462,38.570167510735,4.86943202021397e-08,4.43870901242463e-08
0,90.9387450124527,27.6872536096964,86.0339589845067,36.3578398974374,431.790420238604,1.23316168640857,25.7595099920012,9.72980980789996,2.62053856809226e-08,24.0005861647427,0.790588410474889,1.96021504578139,0.861695954211488,0.29197581747686,1.3372974553148e-08,0.467408923886184,43.7031957210343,3.19361559248201e-08,4.40602273554151e-08
0,104.133360038501,23.1080788184204,79.5602943763111,36.3540584115537,395.025539566368,1.24273518336197,25.2332878955112,10.5865061125295,3.14998821431384e-08,19.6845332535125,0.739033874536364,2.06073422894164,0.877450608210863,0.258926435420099,2.02942466661473e-08,0.484943525374616,38.1843548473376,3.41365335614906e-08,5.49180928227083e-08
0,98.9749882576549,23.0611883115399,81.0318567534714,36.5281353601596,448.486043423184,1.18968985275475,25.6284282537817,9.29872628708023,3.73948546130878e-08,19.8399610116984,0.692316242488353,1.86898619222622,0.8492764598202,0.237009937121841,9.30399984484751e-09,0.529401372890896,37.6249557829618,2.22406777861276e-08,5.82464696908694e-08
0,92.8710863759211,26.3444851857611,85.9126134445476,33.3979631977205,398.59042525291,1.36011913071781,25.8365765071302,9.19197695832345,9.40579419078877e-08,22.3903452306345,0.737117444594796,1.99499800714422,0.902505734822421,0.275873025048754,3.73200165666094e-08,0.45722435608218,41.4118292948904,1.09729561608315e-07,1.00688560728272e-07
0,90.6208967247368,24.8714647504656,82.2987455253823,34.2380033431335,377.696373412636,1.26360946831876,23.66115725812,8.99730676340323,1.343767690352e-07,23.1145478848444,0.705116171701402,1.96596032164481,0.853946527111135,0.287504022709056,3.41543104646563e-08,0.496793237649762,43.3848483260907,5.4463187728139e-08,1.38207353842641e-08
0,86.358440524285,22.5136201843742,79.4146952331794,40.3193130161764,382.646562099573,1.19661809995648,23.5907035114427,10.0863361617232,9.95871714734108e-08,20.166528670084,0.698835146314282,1.72381210056456,0.881735581626763,0.252879166147011,5.06297534615144e-08,0.47125850058461,35.9368640753937,1.89784235958892e-08,2.1956322418036e-08
0,92.7646070841844,25.5983248405259,78.5259812244518,33.9980623833124,454.351510283936,1.32084849163916,25.8063821454609,9.95007004682471,1.65913083088719e-07,19.5286605804654,0.770575085414469,1.88166214043521,0.840379486461092,0.27865233328628,6.19146633668737e-08,0.498287529841995,39.2302556139728,8.059902268804e-08,4.57444861705838e-08
0,100.402345398391,23.907877689924,86.7822514166524,38.4242084904609,436.847336016249,1.12991259025541,22.4427970440096,9.52721732005435,4.14178467158534e-08,21.3242410801909,0.719109476939054,1.68279087682259,0.76102140971063,0.260105201492577,7.93357550643457e-09,0.462024164898458,38.4713198858796,1.89531496839292e-08,1.94536198859159e-08
0,101.850638537353,24.1493632440326,71.0815782739177,36.1289971788355,412.1141699067,1.144360199509,24.6111970236273,8.66211585672243,5.49208423196063e-08,21.7104970637623,0.744171219709066,1.74782030489734,0.80402752593706,0.253351493502343,4.63351517589946e-08,0.555115557065021,38.3883028472619,2.76489907884913e-08,1.74508710310508e-08
0,88.9833210432587,23.8612643008221,87.6880328482949,34.6672490315646,408.241456088416,1.2126181518253,25.4020250991823,10.1162046276842,8.99519778839788e-08,22.5319860057534,0.814080753923204,1.92236341512155,0.868052544539353,0.237844245507331,9.81053786059031e-09,0.518033181500319,36.5635728960705,4.8806782184406e-08,1.62039496013875e-08
0,100.765200632265,25.1351746340308,83.5610309983301,39.5727486641789,413.43695138132,1.14612626526121,22.6287498714738,9.29228281742579,1.81721022145946e-07,19.8249110760277,0.747929295720882,2.04093947120122,0.825814940832974,0.254456126617251,1.4693716686194e-08,0.563586556196848,39.1341062112779,5.0403574534024e-08,1.16801868459224e-07
0,86.8542471532511,24.0482754311481,79.7467454177695,35.2133586783016,377.372580090479,1.1887082744733,27.0319620317259,9.32917388819317,6.60301731103954e-08,21.3710445029928,0.754767481894917,2.02768592210569,0.852936931566862,0.270686529637939,2.38233612961438e-08,0.538678975931257,39.7628897500054,3.60557178076378e-08,2.81232163432224e-08
0,97.9471118940736,27.2145798143218,73.4099593777247,39.7750833558999,414.348450250286,1.15795791968008,27.023560992129,9.37028777744164,5.7718986194785e-08,20.053501276517,0.7558202771994,1.86218358654052,0.834062928610247,0.284859825107973,1.05512259050564e-08,0.479732439845989,38.7890257912446,9.87099301202821e-08,8.05310466750746e-08
0,90.0684057514402,24.4521196719275,77.6586678773633,34.4518168228474,394.886259742142,1.32303405043517,23.1694547017676,9.07119855617263,7.36468062608959e-08,20.2384695456578,0.780965204007169,1.78226927849764,0.765500418950217,0.270717408910932,2.04349573652834e-08,0.497489994373719,36.2297997730057,2.15991289784514e-08,9.39993464764215e-08
0,96.4618486349743,24.9183729825514,83.8904845203294,39.8408717434134,397.824247272204,1.22603657708882,22.8315074691937,9.90898648613,7.07608894911992e-08,20.482351305815,0.770726192265936,1.72139483171292,0.876573870635616,0.254909268344319,2.54770086080992e-08,0.48003263979133,42.5903048281054,4.65124851897662e-08,2.57829104659481e-08
0,95.1418363339967,23.785593214622,80.5217389931432,36.5218104601115,413.294068209791,1.15561965636761,27.2581965721332,9.73159697740336,1.71694165573903e-07,22.4198597346245,0.688621280783846,1.86214001780146,0.838639560635723,0.250800440015703,4.44294244192235e-08,0.50100966878232,40.8012168310721,3.65235000590155e-08,4.90183008144695e-08
0,90.3886638098855,27.0798812016712,73.494766345429,34.9519115638813,443.168595261528,1.13218556100365,26.4293223061642,8.97578738162056,3.71340970141466e-08,22.6189540983569,0.694544843928205,1.96042470743693,0.862817784160434,0.267674788087123,5.63281214675806e-08,0.480367326567128,42.1046182599217,7.75284545520527e-08,1.20286231490594e-07
0,96.7000175967364,25.9306269913788,76.2845545436006,33.7696082071583,408.212962824381,1.34663197009985,23.3984447167876,10.5754291559362,3.32364031536043e-08,20.0864167308115,0.777685052154578,1.98759364903416,0.833884799959156,0.264856519756439,4.96293059908526e-08,0.500570760579982,36.3094104381542,5.03887564335614e-08,3.93336347609808e-08
0,96.2844419390417,22.5653296618111,84.0210254903304,39.8711507236853,408.755531414992,1.3741384272023,24.3522510060023,9.25953939967939,2.94638695772899e-08,23.2824646635334,0.718034787244588,1.75131067471859,0.74558622283418,0.24015635017839,1.6133036540399e-08,0.476208915796113,37.8149992403343,1.69138219335061e-08,5.78680519553323e-08
0,85.3096197083212,22.4240466835369,78.9373764606238,34.7305649302257,374.80856351042,1.35714774984247,27.0884084990998,9.3381366553989,3.48956205288303e-08,22.7137564726082,0.700522307125412,1.91345176887574,0.844356946992895,0.246451931709956,3.30115250810347e-08,0.476228287218634,42.1214105196929,2.31279004665455e-08,2.26778209914614e-08
0,95.1987641959893,25.6880258211574,79.3552048547951,37.7483886407624,432.144379880587,1.3118336872778,27.6287578073371,10.4129774337248,4.87986815643599e-08,21.3517982714544,0.753027049454013,2.03289385050132,0.893864126155096,0.248348469795245,1.62889209029379e-08,0.495258966882003,38.6305676444458,1.03784308312185e-07,3.15579539952092e-08
0,91.2979930075509,25.0273036338683,75.3289413259123,37.6836862050396,385.580340360229,1.2600757245301,24.0003567953023,8.76050992207319,1.8634049490305e-07,21.2116672247795,0.78828092820954,1.83243709369223,0.753197563659152,0.26611018567865,3.26761726777709e-08,0.505956053357057,34.8110620356558,1.0020373881461e-07,6.21938728916677e-08
0,103.897066632108,27.0556744137385,76.1528371422658,37.8000890982554,453.778430297121,1.15310104912526,23.8402322702722,10.0765477073775,2.38998994399977e-07,21.846426913643,0.759302121854934,1.76148321249801,0.818063541860266,0.293290366751074,4.11808760734574e-08,0.47659633231987,40.5177712923759,9.40045213822418e-08,1.69995253927142e-08
0,99.4032231779058,25.2596549754022,80.1472162825708,39.1264938254569,409.985457127728,1.33647718002974,25.7392669946209,9.35342119017444,5.62692497828208e-08,22.6298989143194,0.739001167421666,2.0123796547945,0.806383515803583,0.289966428584369,1.80019520299984e-08,0.557008428474715,42.427678987331,9.12833612151809e-08,2.03556559586221e-08
0,98.9752116363577,22.8433529679914,82.7187459045024,39.2800844335147,406.033926341299,1.20873088948521,23.194001638095,9.7603142813825,1.36154857553988e-07,21.6300413467571,0.812185504825078,1.79692218924913,0.853024168015187,0.247753149827291,1.6723456643191e-08,0.517887653791747,36.6998011065851,8.66346612926618e-08,1.67290682716927e-08
0,90.1054278831992,24.0534807257494,73.4778303170977,39.298540183893,421.12077386799,1.25779538014973,24.2431336568001,8.73825794275979,2.2391614425998e-08,21.6446824370875,0.757983100416779,1.80497328770316,0.896355892445699,0.248632678464617,3.41003796478911e-08,0.525466489989548,42.0667460161358,1.47829392293322e-08,3.01450729738841e-08
0,94.8668463804886,23.3568844660313,74.5670400060421,36.3758225007375,408.099826566634,1.35277763065575,27.5034648001317,9.1470282903358,1.45545060000427e-07,20.0199640342734,0.773784550984963,1.96637080243207,0.810593974407802,0.262302612607602,5.95337223086328e-08,0.476905278173063,40.2650700425139,3.28337832130799e-08,8.28443460533507e-08
0,88.7843133483486,23.494450338266,77.7240660115822,32.8271430655993,439.146808434079,1.16491610427701,24.5058933108237,10.3562456697185,6.62089869615625e-08,22.7459498390951,0.704811886010504,1.96734745740438,0.734609288806191,0.273353852281513,2.55211012339178e-08,0.536448671078835,38.3434629416479,9.07600589381689e-08,6.3326943456069e-08
0,92.0156215430742,22.0164286691187,83.4406385864219,37.7611167780228,395.170782938815,1.25212179267083,25.3234583907373,9.73198833253401,1.90368097455969e-08,20.9274388168436,0.767859146196955,1.90973732787452,0.808697260560957,0.239109519495035,4.72521108582992e-08,0.469613780434379,40.8596601181623,8.50995367369011e-08,3.68309493678357e-08
0,103.896831291111,27.4750522961718,85.5650329594651,33.3037414886825,442.462664786732,1.17671151921053,25.6566011075446,8.88531674477924,8.12848251847886e-08,20.126682505064,0.739410776199183,2.04262964548151,0.801998302690752,0.243029904689996,1.35871231150985e-08,0.511644822192207,42.8802124137713,1.05984174840337e-07,8.48029465426766e-08
0,90.2456361807855,23.1670310221998,83.3503792468716,38.7923420357209,434.761281133918,1.16371167890195,25.8591567838564,8.71193658759127,1.34836335967794e-07,21.753738304322,0.744581756613396,1.91111773129001,0.767612148507546,0.263213495847683,9.05715573221362e-09,0.471095329873164,35.7527423104047,1.03530772158234e-07,3.14243465576246e-08
0,98.469603304467,23.8606195913617,74.9364629438516,39.5022381165515,384.888583796841,1.26936951202442,23.0765829719773,9.87123295637714,4.67659703208269e-08,20.2666923390564,0.781543909959931,2.0438986277451,0.816424445217973,0.255367278043737,1.94934723439532e-08,0.480198753844484,37.4630680009472,7.48627339978196e-08,5.0391597215043e-08
0,102.442573486474,23.8271219058916,73.4524748247016,35.7876709467888,453.95290122416,1.16271805473769,23.0128488171275,8.88765943608131,1.42474909035055e-07,20.8710321865988,0.659049943170637,1.90046532173108,0.748598631228121,0.233893570157525,6.51139031006512e-09,0.490743408829037,36.7228260952708,5.49911733735195e-08,1.23643491628506e-08
0,99.5872789144966,22.5154093542078,74.4641137634239,35.6463267222317,436.344471263393,1.17512303075922,26.4056587304358,9.05969137041191,1.59264153211103e-07,19.8550168306828,0.737678960074227,1.95522890890122,0.827026748701306,0.288783499604472,7.90571184757395e-09,0.460545550326376,40.2338617733754,1.66540893996587e-08,3.98819649531582e-08
0,90.2497764763586,26.9016375482594,77.6277350475637,39.1232989209312,438.642886086082,1.26552744219924,26.7532187810488,8.66378153607022,4.24143948459618e-08,21.1006124109437,0.792763061494376,1.89730754097435,0.793248782013253,0.262122057607424,2.31457786102161e-08,0.448423626264025,40.7434844165759,2.46991919442999e-08,4.18413499830502e-08
0,90.8214155318844,22.7546698424818,78.1315812641263,36.2529530138708,453.836194009345,1.21865086600401,24.7561617253264,9.77739279067277,4.08682047273964e-08,23.101978219061,0.750563464493671,2.02783316030456,0.793310115861689,0.281908568256434,4.40471661353237e-08,0.530780474453535,37.9806686882311,9.84303579335623e-08,1.13318950260648e-07
0,103.464638850463,23.68942019043,86.2455203853093,34.3935218035098,410.008306156553,1.33958979727163,27.9032078729157,9.9271722489561,7.50452947021764e-08,22.1209162668429,0.771496634667661,1.76058483960119,0.814821522489492,0.24724045264738,2.68314995772052e-08,0.536860494581516,36.4848406778883,1.31208555980757e-08,2.25196468573942e-08
0,89.9685550657865,25.8273772363129,83.5518198278733,40.0081173970605,426.337696301578,1.29465199201804,24.4779486390109,9.46743082972917,7.70130869664719e-08,19.809246765984,0.71415603495545,1.81703536220627,0.80411308663216,0.251466009326711,1.2934266873722e-08,0.558805107667328,39.3446160522179,4.47943110825684e-08,5.26917049841256e-08
0,86.7257130839772,23.0099002472918,82.0672202988012,39.0476639068894,426.277122168697,1.15847195223678,24.5955627487268,10.0607245752271,1.4455894485945e-07,20.9720924708522,0.738817499058692,1.75820016822571,0.843642934798785,0.243771527693237,8.75877332803465e-09,0.490705833838691,42.2511455519542,3.78969638442859e-08,2.37315142986303e-08
0,96.0134182679813,22.8184505399927,86.9917150523168,33.4594601132767,439.157094179925,1.32964596147113,27.0389531836693,8.95782432328268,4.74615632090691e-08,22.5104337606797,0.722826909656875,1.68542714955695,0.809284039076379,0.243650170752557,4.89400114812479e-08,0.543264835880949,36.2926928654364,2.44490844026511e-08,1.22761613641564e-08
