Plant_1,Plant_2,Plant_3,Plant_4,Plant_5,Plant_6,Plant_7,Plant_8,Plant_9,Plant_10,Plant_11,Plant_12,Plant_13,Plant_14,Plant_15,Plant_16,Plant_17,Plant_18,Plant_19,Plant_20
0,94.0436022469414,23.5088278282085,71.7344909276287,36.7666365075341,380.762490816616,1.28143618186157,22.2353084970013,10.0490216295217,0.000188919898089817,19.6109365971127,0.75556493402591,1.9040015442528,0.764245850581734,0.235652696301076,0.000105612449591437,0.537381611528328,35.7599385732065,0.000142768578118835,0.000230146812940122
0,91.2519683113945,22.9335960906187,70.1862528667131,31.8923799549771,380.252615416142,1.13967036612673,25.5557440808194,8.67149709583164,0.00018948863529075,21.5628581872904,0.751208906620361,1.68752233518389,0.761953996697308,0.253928842666798,8.19398047649033e-05,0.507785059618969,36.3538712297891,0.00011385891867592,0.000168486189281576
0,97.8132859624287,25.9450900786429,82.4015850398391,37.124343233071,390.570010733067,1.20673679706094,25.924886734225,9.9545619756047,0.000385114257827981,20.4788034209791,0.762874889052372,1.81927767706817,0.854793457229504,0.221028401057694,0.000134077150382424,0.507519127425056,37.664188517159,0.00022870736784206,0.000107416626386261
0,87.2791179216641,21.456747621066,77.0718199758002,33.0526858459409,433.823230088694,1.13564445297788,24.4695136631437,8.80896782122153,0.000268474071455619,21.4090916539645,0.636750992867986,1.9297230852972,0.792195342818806,0.2609475343665,0.000141301044208244,0.487355600442273,35.2221241409514,0.000206908053349559,0.00024039736818426
0,88.3326935936859,24.3861925039353,77.1645632147651,39.0456552059077,406.266171587054,1.16706839138761,25.6953908727601,9.97816354234835,0.000155258781365113,21.2923619532701,0.692930762652896,1.84821845512667,0.809260574551211,0.242190096735547,7.97760276732597e-05,0.484678770714846,38.4409510824234,9.8486340209994e-05,0.000205154161922494
0,90.7307574899677,26.3805778569033,76.1660324852838,37.7894786664125,417.150313146418,1.1991758046797,26.1270104148112,9.03729506263747,0.000264609690397383,22.5263997122594,0.781806569801578,1.84980583020269,0.869375020171859,0.26147333230163,0.000138603909457409,0.464681872215124,37.5342952831389,0.000107156915831359,0.00017031107700644
0,90.9748878237911,23.1735484818674,83.0014244295961,37.8064515976409,413.053243193225,1.10581956162184,23.9146262717018,9.60400966093368,0.00038749318543654,21.4356426532909,0.75864574697959,1.95736265887268,0.780312239050712,0.220432278992072,8.70248056014249e-05,0.521255056188749,35.0145903381085,0.00023697408967196,0.000208140233714746
0,88.082396419419,22.6844984444611,83.0655729344116,35.858711879315,395.631571659864,1.14649701177658,23.4196040825867,9.87079962766101,0.000247794837864102,22.5616499635594,0.680572820228053,1.77493406348657,0.787304506198566,0.242665158636489,0.000134503911308979,0.529839155380926,36.6967498190212,0.000148787319639458,0.000131542612418156
0,98.9818148334848,22.0741018471779,78.0772827626218,38.3971429824632,402.559482756075,1.12690320462266,21.9662681140048,8.66195834958512,0.00039879671662931,21.6928030382189,0.703093544049042,1.62408561399782,0.748611831767926,0.267924824021139,0.00017472166302861,0.516187963167836,39.132269125604,9.9258616468292e-05,0.000112270066849319
0,83.6560674286043,24.9877181563109,70.5901172425673,34.9149028035267,373.871202435611,1.09326368693103,24.4820251090918,9.47534001830866,0.000328853904055352,21.4873315598398,0.697374587582287,1.69449931114803,0.765346925595051,0.272709547732897,0.000111383086821673,0.540749701654758,40.3546410361965,0.000213550071270795,0.000104222227562551
0,97.8353889289316,22.9500759638706,79.3905073402778,34.7183606299064,418.218177897779,1.20782292291454,23.0235475658667,8.67398004833,0.000190433434250371,21.1464377947445,0.693991562559509,1.86673251783096,0.791394708743806,0.245796081088963,0.000156016303240799,0.502388499429112,39.1952569857006,0.000100436296361055,0.000165521310599378
0,98.0306292917712,23.8460885950669,71.6691192575066,35.2583021213369,423.852076631056,1.15636169512329,25.1632660169378,9.53195573495647,0.000197101456422878,19.0686204202041,0.736064595125807,1.83176771114626,0.859593024748369,0.218216357715351,9.07433912336901e-05,0.482510572906049,36.5021209243686,0.000275004121178247,0.000130887569905498
0,85.2871426059929,24.126189864747,75.2159027690638,36.0076074485581,410.073708117614,1.20799724968663,23.1049244586943,8.40983673175616,0.00031357494073293,22.3284424401759,0.714102902449843,1.68092037601869,0.808617277095337,0.218180160927373,0.000100680865831723,0.477293651215685,34.5174355317094,0.000141453526829168,0.000192824978308853
0,81.3803642092983,24.7080454147423,79.6002455144714,33.7407790288915,430.775027724748,1.21815823890815,22.283965043469,9.86851127699215,0.000151781702936101,19.6614445379707,0.67798330894586,1.7734164280198,0.788272999079228,0.231620508230736,7.8953447564333e-05,0.490195994012949,40.2710864003862,0.000129480162877143,0.000291847907494675
0,88.5725683361457,24.9881609342369,70.1187861070839,37.5635935154957,415.88986847262,1.08502550601401,24.0527658364311,9.85992553475281,0.00040979202722381,20.9712938814041,0.786862652389065,1.74627392536177,0.706639407953255,0.239336632614923,8.79350625247753e-05,0.536113968595202,38.1947162562247,0.000212604523229296,0.000115600106442398
0,85.1162953968731,24.0655135074686,75.31350079816,38.0733855422535,372.321752224355,1.17090877633527,26.0221650904381,9.40968957097719,0.000256186504696034,20.9299921871007,0.693928721450194,1.63193924029443,0.824715715266595,0.258734249069417,0.000112680205024103,0.449646119813887,38.1397197902479,0.000178769406927883,0.000121077395238204
0,87.6306011612153,23.469748491669,72.1156750828382,33.425353780438,405.141436911175,1.08929962656409,22.6715487581877,9.78857944247985,0.000232716059092311,20.3864946058258,0.757622974210722,1.91527051748101,0.736382508098785,0.235939055444794,7.78548447842874e-05,0.514832998885496,37.5250494427715,0.000110794399855226,0.00013222790914827
0,86.3464916730473,25.7017155661168,75.0651981900149,33.5765096366181,377.246749666441,1.21846863642813,26.3150991211919,8.95487646719968,0.000275979103443719,22.7745147166076,0.789172330538819,1.69862291488867,0.741503106793275,0.254863144234335,8.61958488993457e-05,0.529990847827292,37.5259339488583,0.000150111464503101,0.00018349914338551
0,90.6891732378314,23.0476590713337,68.9997095791116,36.4011982361336,377.55695576689,1.26592145382007,22.1162862757974,9.53579833214231,0.000273922923828794,21.1757676957894,0.718127679481699,1.90520227068144,0.84651697857811,0.234258973899471,7.49994775163574e-05,0.487352375794329,34.6864660225791,0.000217272708186366,0.000112935261961084
0,85.3616589213343,23.8275794970582,82.0129418041371,37.4465728246164,389.646108679948,1.2574833591014,24.2128168374182,9.37955041839015,0.000182984663969482,21.6097149876095,0.775218546541339,1.72885179663187,0.79285950244744,0.225461888375924,7.50138475597118e-05,0.50045090807927,35.2359580567901,0.000100795340507099,0.000205402670118076
0,89.6238904385137,25.4505731380353,79.4518494666651,34.9124456618981,411.930737411447,1.18304425616448,24.2723116310814,9.64026962413721,0.000324796535406408,22.4051540083567,0.77016779320419,1.90110207762688,0.726357181508489,0.265373275416308,8.9113650292358e-05,0.435176902187664,34.0610232369572,0.000257572712536353,0.000166449647989355
0,85.1673802729228,25.9321447551463,71.2900880236938,36.6209243839568,367.533156782277,1.31067160358827,25.9207407556852,9.21803792555524,0.000161832556050347,21.445787575295,0.728836783617361,1.87230631255639,0.730315103796154,0.272583725460511,9.39451547022525e-05,0.536074766626326,35.7457878317651,0.000100072694689265,0.000272258262269474
0,88.372401501671,23.2016971744467,81.7042904762592,33.7050412390648,433.326156787075,1.24795312998455,25.1914026247728,8.72624740644093,0.000297355563792242,20.4345389485828,0.725148325551914,1.70630928211088,0.846382408368992,0.221035315692527,0.000109890220650916,0.452302718393713,40.6664709598501,0.000222700472174184,0.000104267755809756
0,90.069162680273,24.5256819848881,81.1195741710324,33.7286085868959,376.696661096716,1.24147455507644,25.341490589626,8.6585174830735,0.000150952124055763,22.5760546612444,0.70998343295301,1.75046786204728,0.800230612533498,0.226048263816826,5.98622140984916e-05,0.448368847591448,35.5117971140758,0.000195258199307246,0.000132755940672874
0,92.9051770230577,24.2321843848608,80.2525277878162,32.6044263222155,380.163824343165,1.08744514332343,23.4344996483626,9.58942356865581,0.000370869492779594,22.3705739785404,0.699764388894917,1.98037655521677,0.827263790555643,0.269838815729967,9.59762920543734e-05,0.528075225593574,37.8080828298447,0.000168469170529914,0.00019394439595174
0,99.5444831889886,25.5003703059325,70.9260623857775,34.3092217349434,363.735309835953,1.07784854125601,21.9187829806184,9.96573308656482,0.000368918946091676,21.4558823073049,0.652656036469637,1.9644619747876,0.787137667273042,0.245777440198248,7.32413974433814e-05,0.514585469797721,36.8883953817381,0.000138704795044173,9.97933452347894e-05
0,88.1087677456962,25.1601997496412,83.846778408527,31.8398079801373,436.339172240877,1.08957270752508,22.8678877688874,8.7713774804566,0.000167212815548056,19.0606049692612,0.765532379944086,1.62914103984687,0.826545992758477,0.255460645986805,6.17471265740312e-05,0.535810164681335,39.1733607811557,0.000144550273140696,0.000239311067766446
0,88.8429060884084,25.177746986368,69.2468156052349,33.5287578916806,361.789162689609,1.1285197765831,23.3152122700661,8.87870929662786,0.000378298470291684,20.3851022278417,0.679878164864988,1.87894269532664,0.727043690204755,0.215609813851105,0.00012305149924938,0.526543610860074,40.6495902150184,0.000250068756318729,0.000176362194072493
0,83.6479316327817,24.931134029867,80.0354335477741,37.844192014443,379.646278757282,1.11949253196323,23.7634939121894,8.95795401818872,0.00014615369328276,19.6798325076523,0.762173383828272,1.74220515396845,0.753129479376643,0.238746860830843,0.00011531359822762,0.533005557955813,35.9649999518578,0.000211414162035052,0.000182102643220922
0,92.0176703939465,22.5893806151781,71.4122801383343,33.6639558041863,433.355145891392,1.16755668537884,24.9463441020851,8.39756737012739,0.000260775380101085,20.1545064982312,0.675545179502075,1.85662801984106,0.839458269769963,0.269137381611092,8.42160156890217e-05,0.507689782104096,34.984180195648,0.000160768545590805,0.000193307446947812
0,97.0639456607821,22.383151361244,77.6279449390858,36.8216328143358,388.928198861733,1.07989957827107,21.9447308390467,8.88385224869022,0.000227695982500172,20.7716574885732,0.631557359824255,1.80814033567523,0.758961222914784,0.229038795716901,9.3799540500727e-05,0.51107215522762,39.2588885318298,0.000115619795134489,0.000141884754548745
0,82.5469065350114,23.9692962903107,79.8247382169916,37.4579563655379,382.764469011222,1.24089030558006,24.0789287328411,8.89117866901233,0.00016273747683485,20.7086098369527,0.708340102743478,1.66746504145011,0.747865600942995,0.229920981638642,0.000110048245238387,0.507884088915459,40.3211199361476,0.000193564434053245,0.000185651740952635
0,85.9802257077222,22.536677195297,80.720606090942,32.6794624598601,420.563080282715,1.09322485173458,24.4628806089089,8.37785470916486,0.000180700449972735,20.6602932032148,0.697519928890984,1.82170267007036,0.804475004362304,0.24482593922023,0.000110453257777141,0.460997349069932,35.5816391254852,0.000197663672091748,0.000131425845933801
0,96.8632585303712,23.3553154438943,76.9334495256039,34.6042580519846,424.404014254403,1.21152787029023,25.3436411550737,9.78119632920096,0.000238645125094413,18.7917759733315,0.768784199273618,1.80428806766427,0.736701499285566,0.255988557396677,0.000159211730855768,0.528073938916919,41.2444765779681,0.000149029008812365,0.000225685929030263
0,89.850550240004,21.5812157091231,82.0848012360744,33.817848303371,396.064553908996,1.2243705472745,25.1100358380225,8.44993893602386,0.000293239780324263,21.689451555063,0.674403766891764,1.84765638288662,0.788860365736717,0.270503121586329,9.24259887958976e-05,0.44175221437616,39.0924457526959,0.000200900438722165,0.000269504644937594
0,87.8248345921935,24.9873217110382,80.2408939495671,35.2060375618849,370.623126107754,1.23125279606143,24.46990990472,9.00533840991468,0.000290335356124691,21.5904702639196,0.738390646317528,1.78921434192301,0.694689117393431,0.223463265030171,0.000169905162663963,0.444894023489359,40.7431432448545,0.000120847304791595,0.000172929557517635
0,99.2541785813848,24.795709936291,70.1801527113009,33.3988469211179,415.697680965986,1.10610138725048,24.7749967709959,9.03263564260471,0.000292687917417213,19.1266087125594,0.650767870885855,1.90233132790254,0.773908016160968,0.240525022339868,9.39414233669306e-05,0.456101686067894,39.3576838891927,0.000138431108625847,0.000280797115612507
0,92.5723099823595,23.2525691688339,81.3533007198452,33.2966827916716,432.018547705367,1.2293030856627,23.0927155960933,8.79066469838988,0.000298042175383492,18.5187507480117,0.732159780689393,1.84725104476202,0.824871258088168,0.254231747490697,6.87394704855605e-05,0.522413267778432,38.131458752818,0.000125609611338178,9.56073894637618e-05
0,99.0941563339995,24.602377804232,81.0537489564316,32.5424665332642,415.066074484906,1.22053297967912,22.0768081868078,8.74876915740839,0.000397446473763485,18.6526284498308,0.750423273591017,1.79051415453459,0.715020649703765,0.270309699382989,0.000146204132718436,0.444736453290393,39.2923399012056,0.000211328869450567,9.66739874953322e-05
0,91.1735733780403,23.3444501296482,69.8180695325882,36.290473707906,420.342169455732,1.10789685181853,21.9089512127674,8.22408146341448,0.000157525437925429,21.9796269526134,0.767257525356746,1.81593862860836,0.824710452941371,0.259620566408658,7.15445366028554e-05,0.503240527431636,34.2329333337635,0.000264912544693364,0.000102654915327099
0,89.7315764208232,22.0131672876088,69.8505005733331,35.7387010389869,417.125431251884,1.09309522071191,22.7873577629509,8.79650742254518,0.000267988110708661,19.2659442760901,0.673645266006343,1.66668746819311,0.75861734338685,0.23550616936773,9.40594638692505e-05,0.475063279797111,34.6672377984495,0.000213223769352662,0.00014232139115387
0,88.621680949078,24.3352213727523,72.962728416309,31.7477636053563,387.295262734353,1.28998848622667,24.2826153968168,9.49529059213993,0.000278147197677888,19.0806228468703,0.689132721529221,1.86081708916237,0.707614249804108,0.232966570017641,0.000134511687369356,0.477186257434454,40.9078582631858,0.000109187696977922,0.000129322990277359
0,82.5608000224653,22.6772981942499,69.8795985256722,33.4565265154276,409.507373013502,1.19816482856552,22.5384754360352,9.26413704003735,0.000152331725449715,18.4961941961374,0.698135449002231,1.6494491260276,0.859068891895815,0.257019797207595,7.42684190955657e-05,0.503842232694795,36.5682863786891,0.000208553117021128,0.000195402689217753
0,95.1426307490119,22.4599495538357,70.1946170307077,35.8016067780121,430.329798210499,1.23046872167735,23.2265450211977,8.47600539738035,0.000181598850417669,22.2333382425047,0.775675255651679,1.65898209919483,0.751281893108615,0.220385729245503,0.000105859444676826,0.45347883377586,36.2336633428936,0.000138015634205403,0.000126897799380726
0,97.0433408939878,25.7168931900344,71.5029460721157,36.8967401101309,384.793352260172,1.16476974117247,23.8064840038899,9.27741469242718,0.000179690508837998,20.0216554284168,0.658452561425198,1.74400853456309,0.836763864028017,0.220647761872463,0.000111738705669326,0.504671410263049,39.6045972965162,0.000225713707150689,9.83163456234983e-05
0,95.3328608116837,22.9660432987588,71.8867496046242,34.3672139009524,424.605435836268,1.07677411268636,22.3601007651178,9.30205397268254,0.00017061826150219,20.1628227479097,0.712003095127275,1.88742606486515,0.779763642468346,0.253430648097313,5.66925032750321e-05,0.482593159682691,36.4545135256015,0.000144477835911671,0.000108265051850084
0,86.4744124059398,26.1818684773829,77.7581001327915,36.0903997038694,368.94114360972,1.29080929179203,25.8858285767001,9.92336026228508,0.000163540711183591,20.0564653061035,0.743528563001148,1.78098435845426,0.77385177994976,0.228048939126867,7.34370992346099e-05,0.457048656526559,37.4367529936878,0.000125459453273093,0.000187712960744295
0,98.3107895567688,22.8101110181638,80.8279951880786,36.9898465195081,366.979771829988,1.2109517188416,23.0084898399819,10.0702014076683,0.000368200841413698,20.1866722439362,0.701817410652396,1.86484827505402,0.7226385624762,0.252793042080446,0.000106178386535658,0.447638739197945,35.383524410322,0.000242202105282062,0.000107507965541009
0,82.6104410549546,24.3423155308024,70.9136087110328,32.7617824408119,421.761624261819,1.25237342915978,22.5137700554552,9.08487071952065,0.000372787381467378,22.2178915152932,0.77340620817765,1.70616107699869,0.699995676284941,0.227443567597687,0.000143024973704043,0.513499916152298,35.3081238393369,0.000238625109178374,0.000260177569253261
0,92.8324047961722,22.1223204613432,82.6381712341428,35.5893736411983,435.448079698226,1.21434568242118,25.1425946924996,9.19010555038152,0.000378907052638435,18.4285045521926,0.696300066472488,1.95531891270948,0.805886815159321,0.257230115986621,9.26413606441423e-05,0.456044570615448,40.4472140117383,0.000168022263405451,0.000221454546349859
0,86.3430557578934,22.9817763801784,82.4172660153014,35.531239996182,351.442445605854,1.10371524986555,25.2244896207703,8.87314059183654,0.000397026245775809,19.8104110030474,0.776108854637428,1.82246113097747,0.74065305048721,0.236342797124779,6.76890534637426e-05,0.498547421457026,37.1120693672906,0.000114753940500061,0.000130325736963707
0,95.3271420597803,22.114624582096,71.9466675388312,34.3142703609728,368.315315582959,1.08348974626196,23.7844794491101,8.78187529357758,0.00034864170713658,18.5105059278977,0.630954813367526,1.79312875449979,0.812525452246426,0.223773751312804,8.72431580138377e-05,0.443567286140173,33.5843927717554,0.000160523668024679,0.000190515890633357
0,88.8341808669002,25.1945057777251,82.6799627211565,33.5171539056975,403.137396493303,1.25299565371688,25.7101766157213,8.67373262362525,0.000375567242812562,21.2098647027343,0.710046139275885,1.96468544041344,0.724264806303693,0.256878040258335,6.67717693719022e-05,0.483535236511211,34.7490949300552,0.000157353216093022,0.000114512146091214
0,84.0927790279988,22.5739374357878,69.996708516953,33.0357796118725,386.046058415377,1.27160884506049,25.5178755525033,9.75949041501797,0.000181781845400846,20.7000251931535,0.710872820313699,1.88341882534523,0.779505495637352,0.248593711629965,5.50046009810754e-05,0.537437310900499,39.788890359868,0.000149632135469174,0.000156352021582117
0,84.8463087155383,25.4799516892929,70.4742605381777,38.1024367163669,404.77555599177,1.19855316643177,23.9469683018845,9.76104212596269,0.000393937871336674,22.6286071868161,0.718350948604274,1.91335616412577,0.828354864051963,0.2666045913382,5.795589441511e-05,0.548675629771049,36.8739951562142,0.000156108369973035,9.82900990402908e-05
0,89.4917334041458,22.8426082157057,71.6087958956521,34.5088504414841,417.277568783052,1.1080475909583,24.1533253685516,9.04162321643027,0.000194102739172708,21.4876765898245,0.708579838739279,1.92507684959413,0.731893269172515,0.227208433072762,0.000119502446134788,0.459634380286941,37.4213745845674,0.000205387816258054,0.000210149372475457
0,89.672887614642,23.0663599066606,81.79711076747,32.9023529106465,433.969141152417,1.1806601136873,26.1980596129651,9.15621779325642,0.000337549472389379,21.4084492581395,0.688181610926383,1.79997052709115,0.819393260808554,0.268017423365183,6.12132931004571e-05,0.501580453590011,38.8670794682183,0.000153149698415176,0.000167096393986671
0,90.2768818968122,24.8871322902688,79.439991350553,38.1038777368409,379.821556257254,1.27396897599646,22.2215546657023,8.5839675756255,0.000340044039897262,19.5527962714919,0.731233651326793,1.65018481264606,0.8058015243267,0.264315863484832,0.000141045154395241,0.443404465107044,39.6353597826222,0.000151618727876732,0.000173925133813959
0,97.7206316413393,26.0620652310192,71.8390601112301,33.2686047195748,412.826167709977,1.16587249054585,25.1916966774789,9.74752612120151,0.000252915835411149,20.2710232331745,0.71713182650576,1.68367677015098,0.784752610794855,0.27656350594304,8.03582290263524e-05,0.448557145963672,35.145706262601,0.000240823749537897,0.000131736646207233
0,89.2441534004166,22.6174947854408,72.8314168615767,32.0053065392297,396.297390926038,1.25475770996755,24.8018352304115,9.63922286011184,0.000171920487091494,19.7167616143552,0.7415179510672,1.68926866453643,0.833080906298024,0.241987543440698,0.000130510810405195,0.502831794676046,40.3041198458773,0.000132115141743931,0.000255642462462598
0,94.0609529582337,26.0373533951416,76.3760408153072,37.1246775558797,422.378028645115,1.13850738443124,24.4212182794977,8.89371680832527,0.000394796595913522,21.9095427998918,0.783122024611217,1.89696086956406,0.861679868560479,0.252515133385155,0.000101442068991886,0.479493167986419,37.4003441074484,0.000140034882164338,0.0001079261478098
0,85.8331323664996,22.6526861330777,72.1326218980738,38.7165504740859,417.846625618485,1.0886936626191,25.3802535692611,8.99292036823009,0.000152932352698045,21.6985573745236,0.686110267382059,1.90456795654108,0.737524150888493,0.247525196313527,8.08691058994651e-05,0.54709328177493,35.5720885883895,0.000150182712061798,0.000165965407212306
0,83.4140908021711,24.1282852973268,71.8732918960669,36.2907140617567,391.127438813379,1.09239668266874,23.5657777042726,9.36274038087052,0.000359344870584407,20.7613336967072,0.705243828207434,1.89232188140614,0.821008458557458,0.222587455512746,5.87200917173477e-05,0.494891385533444,34.7720772171172,0.000213473914296444,0.000230822941880414
0,94.4354479308382,23.11436630355,83.4914547779195,33.8055464209678,367.89278273599,1.29063275675829,25.5623042484305,9.98218918705371,0.00026223852047683,18.9541807808379,0.692933035326171,1.6175549149734,0.757679038785458,0.275405182673889,0.00011195785821589,0.541703227317354,35.2505527186621,0.000167267943986101,0.000256284542788257
0,85.0428696411456,21.8582656037591,73.0229498869158,34.7218407473257,393.020425283282,1.22618133451839,22.5336553627386,9.43088344585267,0.000390085165034082,20.5483389581442,0.758250051625606,1.80866736421438,0.729139421652141,0.253676774923849,0.00013382055400289,0.486737472687912,38.7788410180872,0.000173646636588942,0.000144137136288055
0,94.3681362311027,24.6220518716649,79.6727759841552,35.2072475083019,387.862634299778,1.25733089884467,25.1744601418258,9.72561511988462,0.000292553319499095,20.8134655493377,0.729892450786476,1.83726133764802,0.746207687179245,0.248073098096223,9.84731794155468e-05,0.478883474043354,38.7503743824772,0.000128615254186453,0.000191508328153142
0,100.080885393771,24.5619255904423,79.7082353069955,36.596160086787,411.435559143914,1.07897311656354,23.9435942184147,8.60926918483324,0.00021539173358691,21.7443516720465,0.648090486889698,1.89473464220128,0.747049422790466,0.217788612391093,6.38438042913048e-05,0.500553469751621,39.3186154253707,0.000236418389526544,0.000147803987789101
0,97.3039695036634,23.8528093147996,78.1126144026993,33.2934271800746,380.157984903093,1.27549274485648,21.4611163545799,9.80898343798555,0.00019301054140718,19.308757406745,0.632171698667634,1.82945173290133,0.741139826573993,0.237401697267134,0.000165423189229179,0.532740192299475,40.6544356238344,0.000168405036700857,9.61077517809478e-05
0,93.8442781087147,22.1970440715026,80.3206536014078,35.2688815493899,418.587339440671,1.16459626487205,21.4028974794201,8.84048292452879,0.000355335585251506,18.441534672677,0.72160812152868,1.71426860589517,0.760545558506114,0.266483118214062,7.09255625029416e-05,0.500592552466246,41.3025140007319,0.000107450003879886,0.00020571423285181
0,86.481021028363,24.732043978304,79.008097350371,32.1742209635747,384.61492117788,1.22017462667571,22.0810825814759,9.05431879965693,0.000196612640184425,20.5244439210693,0.719986235629999,1.78292466336232,0.798319634987513,0.213410926570785,0.000143839755318662,0.469683361925054,38.4192367103696,0.000107327306976095,0.000141030064752102
0,88.6855940638719,23.1673138380567,79.6390240163002,36.2980655485117,394.585815843286,1.21239429387175,24.1713695977176,9.04281592058877,0.000242759132863555,20.9124183902389,0.730575803989919,1.87074995689189,0.808222550640361,0.265743161556788,8.74858176282839e-05,0.456178257225791,37.9217743971735,0.000202942093556119,0.000119682565255851
0,81.543007504046,22.0938902253223,78.1007296515119,33.5076220164496,383.374167404985,1.07815538052728,24.5806958519333,8.94817235872562,0.000301892915201856,18.4777626163199,0.756925438983733,1.73993574761435,0.763784972453421,0.252273738178323,9.85272338405515e-05,0.507030776918357,35.3785489790031,0.00017862927886416,0.000212572478447201
0,97.5784809679474,23.4721778798308,81.6975449830843,32.5163019128038,410.787974436323,1.1727133037243,21.8790467943918,8.99505317954963,0.000176351450606298,20.5033504959873,0.71499123080806,1.74944673334708,0.781257612302708,0.226114844117882,0.000150307855685622,0.533283939778394,36.8308403695162,0.000229901046134651,0.000102644922597345
0,95.0351990484906,23.4825773295863,70.4071504076701,33.8560529703277,358.282001038075,1.21098618716967,25.7666843455173,9.22480504092041,0.000402857950933626,19.7151233340151,0.73541954907149,1.90961360600126,0.850203902084366,0.257997731388015,0.000106011291200515,0.4612436634617,39.0807723934958,0.000111046592355866,0.000168169788598179
0,87.1896909333534,24.8319109144924,76.6417797179312,37.3863148657692,365.906843213634,1.09582106002555,21.7760219227663,8.93781296664864,0.000221027806881166,21.2754191140839,0.692498307254192,1.88846924464944,0.724075619157088,0.248158330034413,6.52527611651825e-05,0.434339957684712,34.706122338475,0.000205218036926092,0.000206059477042401
0,84.1365075163163,26.0383283040249,80.9811387541715,35.2455467083775,386.63578337663,1.24199264397563,25.4215667934026,9.24598229123336,0.000258904386289819,21.195062210723,0.736192669533695,1.6631859203467,0.698497659071465,0.255719326961876,0.000131007947185095,0.513198408733056,38.3273696272819,0.000104850244887318,0.000179683074132515
0,94.2973508945689,25.6861028586588,79.7291974985102,36.6791231822069,382.296841612799,1.18543053982789,22.6774572201057,8.75183148347846,0.000299334354719363,18.8431905371356,0.639805525113907,1.78721281550929,0.744985421518581,0.238175563625281,0.000129668732983474,0.49040999398525,35.7102089100459,0.000123585619211555,0.00012448425069054
0,84.7123732402665,22.5158006691237,81.1118586668513,37.3184128773242,371.984999211713,1.12782852005823,21.8268206605292,9.66065361643614,0.000187744373698829,22.1639198862828,0.724914902155229,1.78136650943652,0.818096264896269,0.220124557736087,7.77215922510757e-05,0.5438855579018,35.0221878486705,0.000213771105169837,0.000121512101231186
0,83.6944177961283,24.2164722586825,80.6254297623935,35.1181791844535,378.494223282369,1.29796854278387,23.9741015238861,9.82579908585829,0.000192616443700207,20.4412275106306,0.717799860307698,1.81150404788869,0.731022227375146,0.220525712092471,8.71470291042738e-05,0.499271006692194,36.4776394978458,0.000184032047553929,0.000163058466224167
0,84.8059959016989,22.1838817881891,79.4368071848932,34.6308576793972,366.828519706907,1.25871279820458,25.1397535256007,9.25793393645246,0.000276137010534514,20.6442042203848,0.739422280980623,1.61439122474491,0.837162900759387,0.234196927406935,7.99608787408471e-05,0.500009083975586,34.1313753418623,0.000108106924421656,0.00016846217445892
0,95.3849529888203,22.5507458257027,78.2259803359298,36.8933929407362,381.418783957952,1.06970614393025,22.4983151267318,8.37378426582019,0.000298480336101026,21.3227618950175,0.624701736773392,1.57348967952733,0.826775340221631,0.237080459222028,7.74696117362834e-05,0.498970383433842,39.5466840499134,0.000210462406827729,0.000124864323280764
0,98.8713507357758,24.3792578240797,78.4359770047406,34.1587877123729,420.340392051179,1.2662591375248,24.4493956364144,8.41958036436152,0.000154389392249218,18.817284506389,0.758319765680496,1.72918807043886,0.709909483469286,0.219086757236653,0.000135375773901706,0.459003022411257,39.0513669780672,0.000244104198550291,0.000195234675796367
0,85.2369145762602,21.6142692605568,76.417767218872,34.2839889263518,384.539264683751,1.20670110529475,24.9820187952918,9.74524291185987,0.00036181315556006,18.5472939816705,0.656726214434677,1.59946874942597,0.763918861118939,0.244074795894097,9.2830225937327e-05,0.459217169634447,40.8421924478245,0.000216139561237407,0.000145806454860683
0,90.7510405799509,22.2796443870841,70.7584157057248,37.6273695175852,413.647211670587,1.20683992098245,23.801550294284,9.07051821740591,0.000165861124443986,19.1603682897096,0.759303495485835,1.77614802983553,0.811583624943549,0.269319476820977,0.000105141677913337,0.523529595392837,35.2295818175205,0.000224430169535506,0.000133927087912989
0,95.7880902326377,25.6793054187042,83.5207774389109,35.4417958665027,428.228521210142,1.10586704228471,21.6575006516567,8.54281770989276,0.000211705709193251,18.9259130884197,0.730897585092127,1.96955470218517,0.727787284348916,0.266614164891375,9.0170366557557e-05,0.505883510397065,39.6734848963583,0.000208873538942422,0.000138663103837965
0,93.5837712163876,25.0962070242595,74.303214785149,37.0342802070365,362.991848027325,1.06691144168767,21.7228263046597,10.0139308427513,0.000298433232930966,22.1368095080348,0.766346992078956,1.80754701955358,0.794970326832512,0.236058261497774,7.96588916813549e-05,0.475220128284771,38.5304957643104,0.000138156370432936,0.000192496973416062
0,94.8948295586765,21.7030127688894,78.4506516919215,33.4107271667365,364.752418852873,1.27003688492722,23.9773887203022,9.35573058084111,0.000183200755031413,18.270687745496,0.635560534084081,1.71817304929003,0.788913820596376,0.227615356237651,0.000114061153166266,0.474018716532775,36.2122012475284,0.000152914979075027,0.000109624183918829
0,87.7583256244137,23.298337729371,71.326151029259,36.5098247934789,434.437521498358,1.18934847016403,24.6229298395419,10.2072982728903,0.000165533803066834,20.1271740688687,0.710603032240226,1.62444503047454,0.749077034856546,0.236354273373995,0.00011433492448957,0.534836961412525,39.4956346122656,0.000217241438575447,0.000246350598544636
0,96.5895416759963,25.4682935391624,79.8913361486277,38.6800695043179,363.411219731854,1.23807161804235,26.3968908346081,8.56311042801942,0.00026286700690983,18.7637499084302,0.681938309121107,1.76463371126216,0.793577470934296,0.275478422624426,0.000111651158971532,0.535082891486209,40.694575879434,0.000162339731053615,0.00010680437499271
0,96.9158285746524,22.5667535720764,79.3469891604485,31.5014250859889,387.107595345979,1.24799085007385,24.0973642851259,9.10696469095228,0.000210906512712835,19.1002637403392,0.654350209134026,1.84890845755212,0.775429334590019,0.230567745079948,0.000110796126610649,0.453630576746801,36.005876592231,0.000204686866893967,0.0001101842208708
0,85.9231710088287,25.2831242476055,73.2869961853851,34.2665836890568,414.504760295412,1.21163228710388,23.92624975512,9.84911977490414,0.000144333333061166,18.4040566476912,0.665857497571256,1.69688401499677,0.7638714076329,0.238840062081589,0.000106839836931664,0.450245273242382,37.8006371753377,0.000130257277508383,0.00019749197505891
0,91.3048005060292,23.0786244469258,69.8839235178592,35.6431655769499,441.583263967138,1.12682554684675,21.7310392222839,9.0877850667718,0.000422579205446711,21.640773988213,0.753501393549939,1.7858456105066,0.830906045025237,0.276548418467182,6.02729261060347e-05,0.492231467275675,38.6944208275155,0.000130182136311635,0.000186302253524105
0,93.6751719942825,25.3615557408674,80.8939721237684,37.0744396251169,369.009782089396,1.29284941298389,23.6396581680934,8.50059284509087,0.000338621329734607,20.4626490520286,0.68839701155995,1.63388311945045,0.765911675123155,0.242800143932356,7.38625427232083e-05,0.460864074896957,38.9146389619731,0.000125110837946401,0.000304149211379681
0,86.7323913111335,26.1951306343351,76.1896694973471,34.4321828954963,373.875166264367,1.30178916762604,23.0489913339456,9.23311334225592,0.00014423844066058,20.7611355323085,0.781430692120208,1.71103754318537,0.857580605426688,0.258450158978684,7.21236321785849e-05,0.458416171785183,36.91210889364,0.000161437928439027,0.000230962865924884
0,88.3651595657233,26.1020165818054,81.2299274507412,36.9920670606418,407.988260004078,1.15649117905192,22.3102977795242,9.26486172876414,0.000272520894685929,21.3304268278626,0.780143186703775,1.6777975718227,0.869677840106048,0.255441760873596,6.35435478932169e-05,0.477797442704272,38.1255867853188,0.000252322802715049,0.000102338149136295
0,96.0769884236002,25.3589782853141,75.7476689435537,36.6705574643529,438.403234470348,1.26753185738283,23.814172521861,9.16064406842588,0.000364396557035375,19.8379197151437,0.679953527245079,1.72068146965242,0.834596788646905,0.226741651030068,8.5930504054195e-05,0.499500859114697,34.6295577231858,0.000108095706552716,0.000103202926177462
0,91.8548159000833,23.8360839589169,77.5369138085859,32.6049428517998,418.947939480403,1.26110387408879,25.9621052849281,8.59105141792188,0.000233560144701979,19.7657941273775,0.766205955097731,1.95032348587776,0.805150655532135,0.268905053567897,9.05658300715366e-05,0.463316841907469,39.5145420200812,0.000166344010323308,0.000287689296864363
0,96.3814694945708,25.1310321042846,80.7122950990437,36.8762682793926,397.180901095381,1.1059587177165,24.3726679728894,8.57613818825813,0.000167200456170773,20.4308759471229,0.677651866674574,1.75612381968696,0.75354486531069,0.244059734783723,0.000117105030106205,0.492833720355714,34.5793996416634,0.000250681214310282,0.000279507091876843
0,93.7672270563464,23.8762638789764,78.6143892856688,38.9916873713923,431.760107930832,1.13202158985116,22.4492221776266,8.71165190135974,0.000194644043303335,19.0522469414287,0.76953818761428,1.67920404441455,0.873409688389328,0.256722100055515,0.000104511553133126,0.506718006607942,40.4176491766468,0.000175179496362715,9.78146434843779e-05
0,98.113066814193,22.4305817385627,82.3476716857451,32.601685050373,402.608869253862,1.28982667738177,25.499113302987,10.1656905034354,0.000200303955218596,19.1614038854535,0.69649186618619,1.78176285056155,0.762482483747879,0.229102016496697,0.000132303725125017,0.492225622814511,41.1578640650102,0.000107783030656704,0.00017379622017834
0,97.5040560891698,23.8728747517624,80.8202171791066,33.7366596023169,360.475318713279,1.23731472296983,25.6816762740188,9.10487545358921,0.000246936247788759,21.3829728214579,0.743254696860855,1.90907776726013,0.84022633987625,0.217132253545377,6.36295556969584e-05,0.439939540295603,40.9289677079523,0.000193040474340721,0.000127061742889798
0,86.1975284546543,22.5808181880973,74.5686281752276,35.2501750946151,413.281164311703,1.31761167267488,25.450869670443,8.93475292110025,0.000315245687791406,20.2178164141753,0.686773260275853,1.82427916454889,0.734061447610549,0.245014774964129,5.96410290261976e-05,0.460175643706421,40.610786020031,0.00012162911966665,0.000243807123418746
0,95.3357362077465,22.1909545430692,70.0424002385345,34.4491721158816,364.880141137646,1.0943196213229,22.4492103642753,8.48710039089671,0.000151238548531645,19.6093316759963,0.635349591140149,1.58988968112463,0.706372784695511,0.248151385328358,8.75679391068092e-05,0.45551071017798,34.6394836255025,0.000204332594831139,0.000197180119338142
0,85.1600075223387,24.6366807478618,81.5211038901512,35.1169023428646,360.507756241029,1.30845021552661,22.2070345452782,9.42076955769701,0.000352850667693999,18.5902004601462,0.752972777893588,1.88713307248745,0.763941618899621,0.270253072439334,0.000100730166790062,0.525438152806699,39.5699008971155,0.000193507983652874,0.000228224903655123
0,86.1484476038537,22.66293810088,70.9901287770476,37.0083372626702,404.473772950894,1.15055017917447,24.7810571530846,9.61175255371276,0.000260206097496922,21.7027648047773,0.663016070770864,1.66638832436383,0.746715932285757,0.224972775739495,7.98144585998236e-05,0.47680608467423,35.1608420558801,0.00019829838308723,9.71362201108498e-05
0,86.6150470288362,25.6120402360403,75.3635027903044,33.9155735909556,433.130766299374,1.29941990392025,22.6706771445066,9.0099837560369,0.000420097942203701,21.3659817100704,0.739511960049486,1.74157575636977,0.736536045643079,0.223872093495587,0.000101251934191391,0.47869014187826,36.0499273944742,0.000180288885953753,0.000197642317567966
0,80.8010117226549,24.9612965744301,71.9688170805879,38.23217890565,365.074342395548,1.21454460579021,25.4362170217417,9.19687673161065,0.000276510109278271,21.3783522461243,0.714418824964784,1.90834558206857,0.80137380108168,0.233697139556686,7.4685067688965e-05,0.466285574964872,40.4817731706892,0.000121296594051359,0.000220176271850734
0,94.4408697409263,22.4353645357997,71.7923618956249,35.2497571923632,427.303763219385,1.24842826100495,25.1729500649259,9.54710022547788,0.000158635547940779,22.7547694428961,0.728631212253496,1.74518189869278,0.733994878246651,0.257015756574506,0.00012081249677634,0.472246617512855,36.190390183402,0.000111534295847326,0.000126152059420393
0,86.9592445879052,23.0777531954931,72.9957772418594,36.7304799567179,397.461430877863,1.2189255077662,23.1641000666153,8.45783075618201,0.000277277571708418,18.7707438410402,0.677759191799715,1.73022167454908,0.780666531399274,0.2482653011246,7.07262368883206e-05,0.45333929547369,39.5639168694936,0.000154340712828518,0.000219868373397604
0,98.1392588649317,25.6930493769149,79.7651771373514,32.2620207899007,398.664301299431,1.24080610542433,24.656015717505,8.60949253687796,0.00020357353703317,19.4693479766966,0.777338627303575,1.67795153170458,0.706954466474707,0.261117809214282,0.000146359581655896,0.506897362458617,41.1333992849628,0.000215667403407072,0.000254969778955443
0,92.9804104212489,25.8739496871579,80.9140586187284,34.3718914598327,391.076811765748,1.29200182817195,24.7180079622801,9.82486474068467,0.000195159097379019,20.7314131131011,0.723835928313888,1.61188858173693,0.775108394872926,0.22245439244813,7.05537579055691e-05,0.450709054273847,34.5193570848937,0.000203152803522896,0.000116322652179269
0,97.9220695013416,24.8713839974079,70.1027122169896,35.2640046456178,405.139228152503,1.19829242213181,24.7725405558957,8.48023537233024,0.000186209106130507,21.7929385666245,0.708699154174452,1.69312188876716,0.766797582935209,0.268335822404345,6.78170223992369e-05,0.467364448950641,34.2924424037226,0.000191952051127278,0.000125409636011413
0,92.2822593932657,24.3867076711159,81.7350667492181,36.3852087549387,365.539852718663,1.11057655476686,21.614974415584,9.89906129034532,0.000159241218977774,18.8618286694191,0.676611040565333,1.70383849880183,0.817229639541383,0.217775462833132,6.98322334240699e-05,0.502880631033134,39.5414120021342,0.000118054994490215,0.000112910326915422
0,97.5854005992703,22.8108018403054,79.187863920811,38.0947740885547,429.104171173113,1.26496675623769,23.9503753683205,9.15897729941654,0.00031034738049304,20.0496274397674,0.698452990796524,1.64435394198906,0.788998761035829,0.24316984185719,0.000138055083173168,0.436060176853372,35.8618177895679,0.000165913099388504,0.000106563661046238
0,88.1832899817482,22.7153749935073,73.5016884672236,35.6905114637308,425.730214387757,1.13776911003103,23.9706508921785,9.00309302335736,0.000368653893436888,21.6167766843943,0.638433976607155,1.93514102698747,0.783199605723721,0.225375712025125,5.68139001165709e-05,0.506125207636975,37.1630456241446,0.000113490097792264,0.000186831128161744
0,85.0728433547785,24.3310224864998,78.9692542403094,36.5794014916266,365.405399298072,1.07017091426505,23.8481660718796,9.69967591652693,0.00020806841893989,19.2182015799879,0.717771694024644,1.92490039773259,0.727489361935984,0.26943657080835,0.000113825627745145,0.448547270904859,38.4866161133994,0.000148383978056971,0.000282616933099094
0,91.5274511910867,24.4410847909247,81.0131279219118,37.1343711534666,388.974003062585,1.18708127904437,21.1693282376747,9.38088130622165,0.000252331112046744,19.2435008627994,0.67245980686726,1.84361088038065,0.715201391390248,0.223317302379652,5.11832483784476e-05,0.515902524102451,33.5530100386713,0.000207165656685051,0.000240819121975918
0,85.8852602234238,25.4493257960925,78.903943356297,36.4062785529821,395.022052418225,1.16259162816932,24.4711848441289,8.80081112095711,0.000299231553769579,18.8718196048046,0.635974302629837,1.87812203480532,0.843998118206751,0.235046052555085,0.000144205960493071,0.437369422915409,35.1627931731348,0.000206330965675881,0.000114791541728962
0,82.7162647894607,25.4568755317396,78.7615591013573,36.9517058099708,394.150271190163,1.28089625869573,24.6606559024332,9.17216632478803,0.000402285159909145,21.0547876065655,0.771063686965993,1.90921398917835,0.765586968532581,0.237496268228003,8.13899316335523e-05,0.489277942777841,36.0540892379053,0.000121988940495536,0.000184688791901198
0,94.0815693281926,22.5151495751599,74.6004860830818,33.5970128536402,375.046738312555,1.05765630520967,22.1170604655744,8.32192681739325,0.000231027599078664,20.4277979361015,0.7419298748894,1.693647760906,0.761777823935839,0.268324564556009,9.58702772128267e-05,0.505852153820567,39.8205713032251,9.27011294574043e-05,0.000270040995621455
0,100.446889456849,22.6914456423405,72.0598561258668,35.9821946853141,411.100896061229,1.27570445473626,24.6125458467311,10.0753761197393,0.00018763619339319,20.2347228050296,0.776671825634287,1.90854655529207,0.863257733923718,0.259051547974936,0.000141634371743708,0.532085265611864,37.4877807316224,0.000213850192168447,9.63310766590923e-05
0,84.2067485544646,23.891913376683,82.63656866538,33.8210178947562,407.312846587207,1.18666561621293,23.4164026732218,9.59888701389225,0.000353380669371003,20.6641860714448,0.664085447945369,1.77034440567468,0.800101098691099,0.260189169287985,0.000119355105157157,0.503553053338253,39.0498811516438,0.000138588881310937,0.000254157575925492
0,87.7517759367771,25.3259111096938,82.4355970952305,34.746365088771,428.288247074161,1.18185452150056,25.8869533761562,9.67570557068791,0.00026954253949882,19.036048773115,0.627968691368878,1.75929396877912,0.84579342939184,0.272483664516787,9.81175157334387e-05,0.448276617601078,33.6133468027425,0.000128390056239253,0.000196869546226156
0,93.180689165835,25.3897204988035,71.3298368497261,34.9217541101151,358.247929653183,1.07052249594515,22.807752723121,9.67072814072038,0.000222788341921375,21.9989148900389,0.765357412590397,1.69063036515113,0.783395906703825,0.241652793077839,0.000145467219765303,0.449070502156173,38.6210077946576,0.000238937232845298,0.000191433477976786
0,94.1898223558999,21.5013350137222,80.977089522443,36.2701750423716,373.634145033915,1.1844124026652,24.9612729540104,8.27180186018048,0.000183315510690094,21.1093224658729,0.766876139136828,1.60133863600942,0.697761399643643,0.26693055631135,0.000127205878334503,0.459331612380826,35.5683010838219,0.000149897314698622,0.000127070457475681
0,83.4957793688123,22.1980463244279,75.2904114652376,32.1947105815707,362.757206116119,1.24469445775965,22.9677608762038,9.17109356194948,0.000324143470288749,20.8742071631829,0.717740734621978,1.72936230342141,0.839817934670139,0.270128247974278,7.48999102680481e-05,0.50402395455225,37.8818360951123,0.00019078575764519,0.000119825349391247
0,86.248070784591,24.0296766666409,70.2833220579091,32.6753122931764,418.920139420516,1.07935773294801,23.050353380368,9.23045846176273,0.00034266400865391,20.3423400758023,0.722191205088825,1.96189403718625,0.75048904922904,0.240643087705932,7.06183476981091e-05,0.514586472484908,40.4261498686001,0.00021957590830234,0.00018635362818158
0,90.2416179663387,23.1952977549031,73.6058834687051,34.8308234814941,365.69209949988,1.24002017773217,21.989823264787,8.3250243738324,0.000144795648328674,20.860251160427,0.749788569076755,1.73352165286784,0.783573728144012,0.250251752203689,0.00013151184000211,0.498872311402081,37.6707644143916,0.000116123641616453,0.000177715332169255
0,91.519635243857,26.4902575932658,71.6488580802254,35.1124394592042,439.05912475955,1.12594866171298,24.3384070692173,9.00231063456892,0.00030763330601999,19.9959839271209,0.718950691083858,1.66895680587725,0.823826075058501,0.265737029037121,9.21903678793319e-05,0.545555975176468,37.3310702125705,0.000122612013953494,0.000138500269202464
0,92.181075412644,24.7269032467607,69.8576433070997,32.4004506178071,394.670698503687,1.08647471154342,23.818561921528,10.1044288545108,0.000233426380028812,20.7583633514769,0.756674229679579,1.62683653455713,0.728607240535243,0.254602614412996,6.432956740077e-05,0.475503542919987,40.5660478596521,0.000226198760365868,0.000162757533320906
0,92.3743877017857,21.474870489716,73.6093935239458,37.4172166425373,364.221056479823,1.13954056699176,24.9035710080376,8.54414124150775,0.000304146095421395,18.7105758595749,0.674202714165756,1.82954090470445,0.72665865566959,0.237344588548696,0.000148252186260648,0.470436035392496,40.6922383930396,0.000204198961826826,0.000129816802547721
0,92.7153830288597,23.3053774841998,83.3082502105311,36.9326533663153,405.608710861143,1.28805275861564,22.1079585031403,8.93607959945455,0.000141863327032039,21.4505624731968,0.705035423480848,1.90857485446558,0.712897872890876,0.275077838365766,0.000114206937390734,0.509085157231563,40.6081469307649,0.000105220661898517,0.000286670302341354
0,85.6854784607167,21.3535637170138,78.1506316050437,34.7853496891344,433.74984061855,1.07007386319226,22.438633227043,9.77192713266495,0.000263397050555679,22.0772709435176,0.706030202865003,1.94762052058896,0.832280203007793,0.244293516430023,0.000111731758541632,0.528899046234289,41.3284022562364,0.000173040693840145,0.000142297903818397
0,86.4652199809256,25.1122005742638,71.5856559666157,32.0932161498787,378.436813731318,1.12992923141623,24.9000258163977,9.90255527923263,0.000380982451904285,19.4279618229338,0.735941164884241,1.78281838073044,0.719856447447988,0.243118043397886,5.20646024468457e-05,0.488640546022473,35.2479177538101,0.000217648565036441,0.000150721517210893
0,90.737791459328,22.232164410707,78.3976440280968,32.8993712298834,435.173049333806,1.18205759765842,23.5557559598637,9.49181411064182,0.000150815191886168,19.0800061447645,0.73974729193495,1.98619125285409,0.736136334398213,0.250597960118298,7.75410835624208e-05,0.472086101349172,37.1324938924552,0.000134725956225397,0.000285789355919244
0,81.2811850576825,24.6542005522709,71.9071088926103,32.6365968401996,432.913353577364,1.20739489699435,24.0540436935169,8.27890799740674,0.000148642933389417,18.197649522062,0.674053934388186,1.65846950022636,0.809491287441365,0.2370774176425,8.1707071831623e-05,0.45383406819101,36.0510940625276,0.000215575700052378,0.000219380623732379
0,80.9055788378208,25.7304432172035,69.2825650114487,32.0844547043199,411.348341273161,1.10369340768514,25.7225942992072,8.66900861382976,0.000317008816780682,22.2637853208084,0.713402032367661,1.85008705051475,0.79000695212342,0.234188404372548,7.83197801906315e-05,0.523626640725159,38.2559522448613,0.000225725081559711,8.7780089055598e-05
0,95.3492819796012,24.792851961351,75.8693031909831,36.9864561679318,393.10067849143,1.18543633234535,22.6284794675564,9.72818232181274,0.000261824523811071,21.8035689479408,0.730761491307079,1.64291019915055,0.70408628380451,0.256664333505852,9.46730143476999e-05,0.517546873613833,35.2545990702867,0.000141515159080894,0.000142258349544013
0,84.2458890785419,22.3748959224632,77.5134361617085,35.218197404377,403.262815788954,1.27454558690125,26.2736703657128,9.344080082392,0.000321166227602087,19.6462189695981,0.75772622686169,1.65339897063167,0.78478524677993,0.270497554163642,6.98132577840944e-05,0.500597253927476,35.4222376757922,0.000132831103822303,0.000217797221315069
0,92.2664784014851,25.2720888540215,82.3890002174193,33.0044374506462,419.504277691183,1.17899929895056,21.6256483583581,8.75796927004913,0.000289759101507664,18.5253427574687,0.671384297976019,1.97484020515155,0.859969417915065,0.232386439938679,9.63273205031106e-05,0.501999755743046,36.5823294665373,0.000137233337291368,0.000147070784121649
0,85.3607240518579,24.6439449373031,71.3716832086056,33.176819066665,364.219919272977,1.11548393195473,24.780237483191,9.55306510791911,0.000164440500434302,18.8679935653478,0.735435563782441,1.72940911417693,0.816501702575761,0.270697512166094,8.46681147612286e-05,0.436204576065478,41.3201161475209,0.000146892842472218,9.76459238286852e-05
0,86.0918930102848,25.0708918836023,71.3329984926639,34.2367202822455,380.503532441106,1.25796982960768,25.7735488839192,8.49709197126944,0.000196088423148368,19.2307337655616,0.642281161583451,1.8143551139987,0.727328010598866,0.259116258834972,7.81158309199243e-05,0.458647696963104,34.7408942280101,0.000133801601331374,0.00019110332073777
0,93.412713808105,24.197132092702,72.6292464253083,34.8728656620739,380.968287149759,1.08517920820165,24.109363803681,8.43811093559158,0.000378025906571336,21.9588929722158,0.782634060146596,1.93856425570814,0.779188550515803,0.2364885371447,0.000156581963822416,0.467847094242355,39.0188560548819,0.000173440801592105,0.000115158006293251
0,85.910825778774,26.1375596732441,77.7387816578562,38.1860139088032,376.600220645589,1.1301931836226,26.2997801489459,8.66554106266256,0.000340330581963299,21.9704508440186,0.671219498647096,1.91828720553561,0.761079454364125,0.237068203813203,6.42922249816327e-05,0.469633867032137,36.9621024750128,0.000164318228010019,0.000163201617797297
0,98.5893538786524,25.5026024717903,76.6687159826698,36.9614970386467,388.949810090491,1.2853343200796,26.6162523922093,10.1505223189436,0.000211552106714389,22.0559998975404,0.740792661920585,1.7249626220149,0.81767512136377,0.23687230750343,5.84516479190341e-05,0.491806010126711,39.4592365534412,0.000151157337785575,0.000124996578721793
0,88.0826364939901,21.8195632909014,80.0523728205847,32.6213020802317,425.663792749285,1.29803762208499,22.0085543631484,9.14035784740863,0.000277139647186434,19.5095060450703,0.641289706571166,1.93575320807149,0.779974132322246,0.254549481575581,8.90503457946303e-05,0.530802683742494,39.6411668684533,0.000220863299636303,0.000185030245452674
0,86.8185317140604,24.9400515911428,72.5363567428734,32.0212310928232,418.201637291142,1.19423051887572,22.7582134343205,8.98254089286514,0.000149688792529128,18.4119422144216,0.752222662570601,1.84005246994162,0.82175877924519,0.218056478142716,8.06773400519077e-05,0.431253789579777,37.21277770054,0.000267562580838691,0.000222507104061161
0,93.2630407039178,24.8784506685955,77.5652340496141,32.7064964556071,386.007304932158,1.3239861037848,21.9829168471351,8.96244614992418,0.000345273707540693,21.6662316387506,0.667103581581589,1.90061736978166,0.737594581940313,0.269531471694944,6.79871035619953e-05,0.471699956802787,38.5642651855344,0.000143609944731899,0.000156113286326508
0,93.6581178576906,21.6547211536157,71.9135945127891,35.2371930327766,395.470650107952,1.27655666330954,24.9038690952115,8.3142210085174,0.000145532681616922,19.2719599546476,0.743652397524629,1.8672701209765,0.801913101541483,0.223991233230235,0.000100192640196177,0.491265218090692,37.6731399988267,0.000138229579648227,0.000223895227914072
0,83.242117089056,24.033428770402,80.0729396903894,38.477683815777,354.021595751665,1.12815674355073,22.1402888622902,9.55952310599356,0.000269214682447797,19.1352598344915,0.693428254424679,1.77693227334228,0.833355777899121,0.231332378043888,5.92520334398642e-05,0.537542426781218,37.1832490149011,0.000112057809189482,0.000270392345568431
0,92.4072213431302,22.2983692153836,80.8977392473828,36.6113726297908,371.50819668889,1.16745827631899,24.6234628416128,8.56454913038657,0.000438217743273359,20.7824935770765,0.662431191023276,1.95102719134057,0.761196422665562,0.22581451304136,7.63423333341398e-05,0.467045732178274,37.5789908039228,0.000214812954376064,0.000276516903811544
0,83.0890891101693,23.0858426338832,71.6853617668156,37.6106070034528,369.900222721903,1.19745852413532,26.057641999392,9.67849263363397,0.000286566779980965,21.4616856469277,0.75824633682132,1.90858200326414,0.724755536875915,0.23054592604429,0.000110655238161921,0.44086401292655,37.5585901941886,0.000172125099913329,0.000260911244571549
0,96.6090518095315,26.0633833228118,78.4176210873454,32.4939779628196,430.543816895256,1.29592160459924,25.3387729866004,9.10703408997286,0.000391469846327027,20.9838478935067,0.74338230512687,1.92398827273434,0.711322526107244,0.248395799492918,9.1175168216114e-05,0.508824423919058,40.4927594284466,0.000158942566731464,0.000168533855920132
0,100.657209940669,24.5386948483615,84.988969704809,32.4596091295988,401.077893673627,1.25142968164514,26.230140921446,8.50745572373272,0.000416660428185648,20.8781420250094,0.720999620420955,1.78471758984328,0.789691766313141,0.236531545669658,6.78925331563301e-05,0.473485168668327,39.1834544136047,0.000110467959744946,0.000115006150958645
0,96.9628580295008,25.6038993495873,73.8439683329516,33.0680470331708,425.938852910134,1.20385547464,22.5764080205901,8.75147628935425,0.000239419454659327,18.6210869672246,0.77130968718333,1.65786657337203,0.733803787933106,0.210907610521657,0.000111397182841348,0.438234055438456,34.6040523149189,0.000110827038046502,8.97771775598522e-05
0,92.7175694109435,22.055356183637,82.4143716025499,36.6073719599523,401.76010092014,1.31854357691987,25.9869464602292,9.9031593113075,0.000169303151328923,20.5852892042652,0.72811368758798,1.81552063116188,0.772240373003636,0.266661286201676,5.7709268552496e-05,0.484184310418497,39.2966762731872,0.000180602406367395,0.000242608052185816
0,87.8058684224225,23.5037194010634,75.8692826787616,35.9562074818475,378.443725742899,1.22802393789898,25.3546581724174,9.80446401536915,0.000247681221274227,18.3784679333056,0.737802943401409,1.95175089431756,0.720347147916169,0.272455301949844,0.000144237056393475,0.494331792676681,37.6111214260963,0.000189605455611494,0.000127048570023997
0,93.1880254756487,26.1756726433407,84.4887611835882,35.9845166095162,381.893910554244,1.16305109421408,26.6417272336477,10.1025287446687,0.00042485459846706,22.4930288152236,0.746293616236324,1.71493463305048,0.788826938716401,0.266572731483126,0.000120684716402265,0.498947778124218,37.6677664837976,0.000104095978410321,9.64293823860978e-05
0,87.3686380469913,23.621059408585,69.1293964133687,36.1273152533652,413.817311551194,1.31464183440284,23.8661556571512,9.09450598614585,0.000271428846329266,20.0259304868498,0.688159402048748,1.65643546771327,0.830901934527764,0.229179121529132,9.62097186729863e-05,0.477300441472429,42.2923066797574,0.000161445272516399,0.000140320521875139
0,84.6172682581955,24.7816193443011,70.9528533262685,32.2737423418823,426.888919258477,1.08732079656204,23.8481715375731,9.61316969040054,0.000365435926162891,19.468229949858,0.641785999515541,1.88539959249947,0.818900455134419,0.22189550007361,0.000125620387709906,0.527030345109413,34.8485429498285,0.000168812840606896,0.000218301885745859
0,89.9473506533472,22.7677242986947,80.3757288090535,31.857028342856,408.851857475486,1.10543777418245,23.461596094787,8.81644973672087,0.000352241166379869,21.7099862972702,0.733150668084132,1.91713891333685,0.707438999969584,0.216882603106575,7.49876157443313e-05,0.439838574047861,34.4746823273516,0.000117840263296988,0.000141321506032466
0,92.6265053949105,23.4187857431931,72.8210652993431,35.0082078925183,372.80840912822,1.28775126741514,23.7954488246073,9.29120415484885,0.000307959893080678,18.3805289423711,0.758523190816945,1.84746928223443,0.841322035477004,0.271886971362035,6.43825014255184e-05,0.491316017686956,40.7042112871322,9.85794178573855e-05,0.00025405248338089
0,85.4320456847793,24.7297504444859,84.4579437101339,36.9688912547719,405.406474176214,1.21779258806016,25.2194780405041,9.62580629546956,0.000348706425001391,18.8647003934135,0.709719553787597,1.73665510358025,0.8232766794881,0.26921601210568,0.000100950649262514,0.534254323459443,38.827499969977,0.000239207611394593,0.000204596115564864
0,91.5672988165314,23.8542315105946,77.0105730804834,37.7246159295001,404.625997239095,1.14619828664864,26.3040948922207,9.94663189585242,0.00023352671216738,21.1553591435663,0.75251285971687,1.61892448105434,0.830427897514251,0.233875806725064,6.3242019024953e-05,0.459132384703228,40.9771441538215,0.000145528510250123,0.000184035125787132
0,91.9063092516005,21.6657015040375,79.4494559597707,33.8163195990238,370.294099922428,1.13365293510995,23.3281435244556,8.50781110616123,0.000347816786990311,21.0387153294648,0.697746757802372,1.62619426465272,0.761175886216883,0.224613579515718,0.000129011648222491,0.475452757825192,40.1380506107459,0.000201545175833472,0.00024921604076121
0,94.8127489445752,25.0725237940946,75.8871267139054,37.978577541402,377.585182476697,1.19483060737666,24.4092342364661,8.88993309846352,0.000222605266472056,20.9415458809722,0.743564025466107,1.58479982565022,0.80365041465417,0.242230124074195,5.86958021273048e-05,0.449555424556629,35.4032972361553,0.000155643448796514,0.000273214249016146
0,83.8054732800354,22.2447040152493,82.7318291393337,33.6386571025651,366.609675575305,1.15915230790154,24.0661357856396,10.2353008977688,0.000265474612952261,21.181407494788,0.717003729092243,1.65828313857581,0.741324196533053,0.222704399397125,8.26313127058473e-05,0.446984824319308,36.1907206341998,0.00011108660270561,0.000185264260759802
0,91.2938855403207,23.7268824923153,73.5999701299532,35.8493230601119,386.290922399782,1.22770948937813,25.0714070742797,9.51836496551654,0.000159274927283197,20.4777454783775,0.691438359185056,1.76923858270151,0.804597472587521,0.229158118221195,8.29952021949569e-05,0.472944837937926,39.7503567070275,0.000181647693722746,0.000227699397637604
0,95.3932191922046,21.3644311237221,71.3951220069514,32.5281531170721,400.161294339125,1.205302813067,24.8311281907922,9.08314283890039,0.000210488874366793,21.406333799513,0.660765074053072,1.92495378873829,0.704347650069382,0.224425848911995,0.000127158960321421,0.473738694614247,39.1762455736066,0.000101992141729639,0.000147845267572505
0,90.7455000221025,25.8890304575898,71.7357486993571,32.717529613652,400.809280118564,1.21851747150567,26.5472381884875,9.27315619121568,0.000326041164437986,18.9289127525819,0.671519031141017,1.93735289043986,0.872698470318424,0.222594322660218,6.56171268186592e-05,0.523164481308237,40.3484305472735,0.000191160687022889,0.00023698646532191
0,99.5244984788975,24.1601719227812,79.8684771424244,36.3935718204363,389.713705752786,1.27273621984072,22.2541342822207,9.1377522713414,0.000163462890314704,21.7809608413969,0.711493256756189,1.82218432413548,0.758054812712297,0.240710600896771,0.00010322438675183,0.448890550589821,38.9103177071879,0.000205883377653174,0.000224712231863365
0,94.1994471937441,26.5069085155688,79.6527459964185,37.679022380671,381.755203093817,1.34017169172042,26.7277399865192,10.1182874443057,0.000204856761445153,21.9135591243559,0.691257791764824,1.96814205031444,0.869749480430765,0.227203697952779,0.000107558546844402,0.520164438241362,35.2329732715326,0.000115668151144655,0.000195357678256234
0,92.2209636746762,22.7545113901377,79.5953332227448,35.1069887118534,407.895418732053,1.31291982776911,24.6980062700162,8.77168010336101,0.00018702967266238,22.3026380393945,0.704711508741892,1.68013639866278,0.768166569277994,0.246008561272239,0.000137163751212735,0.447446936382529,38.1004914265096,0.000198150444459252,0.000314089321899135
0,93.0285171588966,22.2017259196287,73.1180674224489,36.0775244264373,385.620598886648,1.15515147954792,24.6313130729444,9.0328089359351,0.000340077498668745,21.7366742595044,0.741019361854727,1.75369659446383,0.71444741858595,0.254189221369306,0.000104382081062461,0.525652497334481,41.2127654759332,0.000139404375548472,0.000123539135873322
0,86.4192435920669,24.5642632855575,75.4484926816237,32.4403869680056,413.794319366201,1.06118878549711,22.6787661970082,9.23633174593082,0.000192638752097831,19.7329107123877,0.740389671292395,1.73738248610178,0.74922117191938,0.236640903220025,0.000100851514128414,0.474889994304958,34.9954024228829,0.000219599040217896,0.000213461943955261
0,89.318453121502,23.9208566650137,76.3220628631172,36.5891545016924,427.267783801701,1.18224548902148,22.2484143682982,9.14199129977721,0.000163470367858313,20.0645984007216,0.79402667192299,1.73381738885701,0.806136195017461,0.243091075106926,7.99815416705311e-05,0.494944554298948,36.4340388201994,0.00016705059307707,0.000251065682415443
0,84.4160009987025,23.1113883160184,76.5882278893929,39.0694693272023,403.673074830303,1.16129546324391,23.9303297868386,8.70097876531269,0.000194586541682952,20.0258123052176,0.652784093263075,1.74192081108347,0.725169478228338,0.26936509600936,9.59094444491021e-05,0.530889338377322,39.4880145200574,0.000161050426650807,0.000155498461236277
0,96.6928214516422,22.4339977020963,73.3226242799033,32.9422701575735,401.169807846014,1.15168788038101,24.584746370942,9.68562602052469,0.00037138761826876,18.6474728198967,0.654120590020397,1.9316520771201,0.749765703028704,0.223098195893384,7.47250750656648e-05,0.501069188585403,34.4047017641676,0.00020353168127498,0.000211208183191798
0,85.913298429851,21.9388003498563,81.2970592595852,31.7609881009539,407.041678466699,1.24588661745114,24.3929767473022,8.77720743689818,0.000405159850198587,21.4168083901208,0.775949740693471,1.84597528569431,0.747380559026652,0.24262123362711,8.65771356546235e-05,0.474536563747194,38.7481020403319,0.000264071384968969,0.000256392956206279
0,89.2133856232781,23.1960393939811,71.9219572736507,32.7994730824134,376.336043903935,1.33403892011915,24.3162886421361,8.99169414442759,0.000396464278388074,22.5274829789554,0.765337148714509,1.74987033853138,0.8217466197978,0.221567142265114,6.70897863663902e-05,0.524236987336139,37.0145819223896,0.000137200640572127,0.000268290076610664
0,86.0571588820823,21.8438210557978,74.1789711491207,33.0062222100339,394.64904466364,1.30089077901073,22.5789305868424,9.34416102552349,0.00027508234823786,19.834415572883,0.745669010357009,1.70417037177243,0.772650877785005,0.242593219360278,0.000162716592150995,0.50388249220749,40.4764719725774,0.000152374370048861,0.000250813594373973
0,84.5218587166086,22.1830496862261,74.9816467589021,34.8263699153968,405.705887103803,1.09027153379961,21.8897486803719,10.1957038310251,0.000380087798805899,20.1681169749779,0.754395884749265,1.7275560492654,0.81761533606974,0.231991654868203,0.000133059047074369,0.444022057461579,38.7394114191012,0.000250890435191105,0.000226515688437241
0,85.8024850391668,22.845022468174,73.4420704665093,34.395649430192,384.85349986258,1.27123902106929,22.1754337842082,8.9792827685541,0.00027277046212053,19.0502575457549,0.791521591696958,1.83281552631323,0.83416651002607,0.221192380826346,6.87806225786285e-05,0.501857489547735,36.9675784159623,0.000182416759808001,0.000118629068179656
0,88.8018448860505,22.6805469693905,81.6263017997411,32.2050391426228,416.018190664193,1.24105699756607,23.9465631955028,10.0759568723365,0.000172018084105089,21.9188132537839,0.743387581722153,1.69739422550279,0.853590104712272,0.234599999713161,5.49630432668515e-05,0.5324633474324,38.6016678748068,0.000120284222530249,0.000135786269243153
0,95.4883708306929,22.9125378621249,72.4377202630559,36.2636083788928,400.773127266627,1.11998187967181,23.8797462265268,9.49073797400212,0.000385646731628722,21.3637076997313,0.738479472253256,1.8060644139575,0.819465527411993,0.274472528632464,0.000127573761783799,0.488877252949634,40.1949717607998,0.000258986217543227,9.62642980587518e-05
0,99.4217259341956,26.0224919488569,72.7931055905672,32.6384294985207,408.263841217322,1.19285433174822,22.1825176147702,10.197519540068,0.000433845981955393,18.8455192763317,0.748288040255238,1.89975004168454,0.78301879282916,0.229480173854321,0.000138067297230161,0.48349149705508,40.6047846954189,0.000130838304440361,0.000172538289300574
0,96.9678621762371,24.6262149358329,74.1756621871626,32.9587553132702,373.063857909837,1.1093082123336,25.0354399449901,9.75108759155116,0.000446641034831898,21.6515613091308,0.737513565206747,1.75783220006262,0.807449251074354,0.267095571270993,7.44178663399993e-05,0.518696048408538,38.8083931738661,0.000143125089169921,0.000104479996416466
0,96.2362126162115,25.0224786472333,70.9939462631896,33.9638075808315,396.455185201151,1.29325835442732,23.1326681231774,8.75302290867203,0.000178636987553976,19.3067017249588,0.723409056602026,1.83621945153323,0.811038826453151,0.264446619370314,8.54273541770166e-05,0.457489417378326,40.2424768318573,0.000196738640275948,0.000158683397834982
0,93.7552928124898,23.9722250605305,73.8681686188778,36.3211991538403,374.703960935029,1.21071785314147,26.2903214243829,10.2233137081538,0.000197067462492464,20.7318274913284,0.714437621463068,1.7632217917259,0.796992338015229,0.238607778853029,0.000153690335506092,0.511979089350304,34.2881723983171,0.000178456583765005,0.000214735961851816
0,86.3340609607209,25.0535818487088,76.1676321301367,38.5787891981486,373.133414266856,1.1321815904019,23.4146013371919,8.44973359371861,0.000191075874233888,20.6386016387521,0.669803673478237,1.61199186269525,0.789989725850848,0.267708831439356,0.000101282269544386,0.520841097023146,34.6962791881508,0.000155944846008822,0.000180001531807234
0,88.1824608253493,23.062253476926,82.1777857809547,36.9730658651198,426.402071820565,1.21561607108797,24.9863171301994,9.90323079529866,0.000316549247659547,18.7380066558682,0.740775846263031,1.62476763088797,0.826659687895655,0.244957095761782,6.9129692487052e-05,0.491822318828285,35.2151824849032,0.000119338708830277,0.000133446014343699
0,93.117950182031,25.4957637092178,74.0086879119404,32.9681908913218,424.042120220991,1.10089377723265,25.4545481667611,10.0872974252517,0.000362643188668963,18.641225888546,0.761392606661447,1.89221131937588,0.718801898968289,0.277387152167177,0.000101223117017772,0.514113663602854,41.9343196814644,0.000157344359798015,0.000153363193387959
0,89.8398803765488,23.1549074150761,76.7387244837933,32.576247705386,434.786737992367,1.07425389601442,23.6995428883383,9.45229359715176,0.000413454756995576,19.5412835251536,0.659792726202916,1.89266866067976,0.752174392087506,0.254858307711189,0.000126777732264356,0.528761350746954,40.5342575341389,0.000215184094951282,0.000120261938607978
0,91.916805237339,22.5809642140677,81.3171793608022,35.4310768293962,373.525885299564,1.24014981079854,23.5726695630346,9.24150474805686,0.000261645240969437,19.3870230600641,0.770041987067138,1.93897621373108,0.760643659637321,0.264260182492538,7.29577445622265e-05,0.527081361299349,35.7660479591951,0.000229299979951181,0.000240470200025435
0,89.5357408058248,22.2483954321096,72.2337878251431,33.7488045939704,417.60660613842,1.18118912620829,23.1880193229755,9.42602218325697,0.000293529583541435,18.8931691634865,0.668377664822147,1.81297906667427,0.750229772398426,0.23093236973369,0.000128630534266268,0.484252525644749,41.4246235156327,0.00013217237048808,0.000247038833190064
0,85.9506692434011,23.3295277840961,78.5084573827383,35.3899549066551,394.916963148852,1.1045948892088,25.8706857488852,9.91830802025948,0.000341642591574961,19.1160683005345,0.733116358800382,1.89947813263328,0.710013897661511,0.239787146725804,0.000104874477289867,0.489028176965807,34.9707026862518,0.000164316372922089,0.000106220015905365
0,97.1338308629775,24.3176543583402,78.3524986870922,33.983760180286,375.857646010183,1.25325914820459,21.630039190134,8.41161933897316,0.000417822792775358,20.0578993749969,0.689330726082143,1.72820132748865,0.801408851037207,0.235843065579658,0.000144541432126651,0.532466293060313,34.4597098400185,0.000207739154108865,0.000158163979299258
0,97.19852630146,22.340256068884,71.5918437253751,36.8030843822648,380.066546521593,1.07187859735749,22.5119749850197,9.30406280513681,0.000397423388891368,19.053269087197,0.706363641235682,1.63174638843086,0.810480545368459,0.221951570062963,0.000173848692377233,0.515210337149141,40.7687482862912,0.000143000354654867,0.000226382673363508
0,96.9812464322531,24.0032350926547,83.9558615842547,33.6339471129006,388.268818304522,1.1167325817783,25.3411941909979,8.88469141049665,0.000261345599733394,18.6460337398399,0.768102415929535,1.67622701794884,0.712192282279076,0.25233969374292,7.92925842033896e-05,0.469432152206999,35.3065831628659,0.000228531996371478,0.000132289568575353
0,89.9387573965057,23.8529865690684,72.6373440784075,38.7900907149772,417.999814174228,1.12286663053038,22.554441721897,8.85215006310667,0.000388010693310156,19.0806396435413,0.70442872460826,1.7981915606149,0.793120351761286,0.238063533105782,0.00011055588023303,0.481525391410931,41.1184247521976,0.000200487378216408,0.000179260709525104
0,93.3807278906216,23.6089719556645,75.6558170252852,37.3494780228972,426.331897301245,1.28002370226378,23.4742810305598,9.16981976623518,0.000431258111426381,20.1871865871318,0.753812485954924,1.82061525732521,0.80717757361826,0.233663859988215,9.07079495389319e-05,0.495079733825287,35.6537989449792,0.000246582784811123,0.000204330915847725
0,83.5229303556318,21.4423291167349,75.0081381632781,34.2725963444403,390.553199937588,1.17936384080325,24.0778381129044,9.16398921496264,0.000310536278413262,21.5601428607772,0.691259483157153,1.80318062327553,0.847429350248589,0.226989655385522,7.30973207026057e-05,0.445968414667697,36.9873998475069,0.000210055813473296,0.000105022964772691
0,94.0887818559862,25.5837646659252,70.523661131616,33.2862871802927,426.175564823747,1.30237242408285,22.2645862930604,9.5557789303768,0.000357299746686025,21.1886425650127,0.723240978032222,1.94271327411948,0.846537117166999,0.263927804215969,6.11537222962965e-05,0.466117718729108,39.7638141804319,0.000116403074977609,0.000131672458768732
0,88.3959550019607,24.7612144930536,79.0124983981627,33.2469171813374,425.19153313879,1.192385273879,22.8318375629704,9.42692844928625,0.000156375416149531,19.6558015828934,0.765093454899262,1.60812389053508,0.768228695622121,0.237042676708477,0.000129931979607921,0.4987074565258,35.7815393492387,0.000110350803615343,0.000239626901123115
0,88.4427848406079,21.8992321010268,70.9000356109236,37.0933525218822,411.331542490416,1.17648806439938,23.5602209128861,9.37975887174916,0.000359152701187204,19.8946608524604,0.685348551707188,1.82523775138127,0.787314941942295,0.264155795856546,0.000102426929961305,0.511907894413403,40.5995620007558,0.000216698060260405,0.000206774558085591
0,94.2435535891197,23.7068843734066,75.1191732509996,36.5612190178372,384.176191676769,1.31404696048061,25.5291609852818,9.78204618157982,0.000227138874508074,18.6165261321467,0.639429266616779,1.7507762214946,0.813681391632206,0.267013473051745,0.000108950162835971,0.48535477669206,34.2144908546091,0.000218285496950744,0.000129084095271779
0,84.3250652499563,22.6194935072707,81.2852123340994,34.816471269422,424.676194669007,1.19054310222929,25.631013859823,9.05222224690454,0.00033473116351522,18.3091792185161,0.767019878991758,1.59522342864309,0.712815387931282,0.218654846805988,0.000138675352171893,0.439033995171262,37.3174918162224,0.000181779508128177,0.000129824582390388
0,84.9708214430816,21.7844659134295,81.3043863967894,31.6606034181143,394.202055299355,1.26568621829949,22.6034362331997,9.0521458197149,0.000190493912803586,20.6482974513533,0.716245154342957,1.68328412040885,0.728383819865934,0.235078912454877,0.000145372275407514,0.505844456866314,38.3996837036573,0.00020693465727302,0.000222112819983122
0,94.440188259734,26.0157063669227,71.412536295797,33.4115738338561,431.168693012483,1.14657450343574,22.7969979842323,8.6885443903022,0.00035309989971899,21.8243148451189,0.735339447519333,1.85103064291417,0.833853025377024,0.260618427512641,9.35474153712001e-05,0.469338863839936,39.1017163521974,0.000142223759114672,0.000198358479644649
0,94.0974150848373,22.5518655854592,81.7133083237564,32.8252046316189,430.255606295707,1.1921340790347,22.2344159274,9.08063475254304,0.000408052610571332,21.0530176749502,0.666362441173589,1.74317000886615,0.851463423596253,0.219606411851555,0.000129841665854507,0.467910285428638,39.5176515145052,0.000215186123836024,0.000122894510796581
0,94.9043380380389,24.8091903216684,82.0003179912205,38.1654468836507,395.023283929334,1.09816753571245,23.1458123076932,8.84472979373873,0.000174097242637711,20.9846873088145,0.731251568220829,1.92538776660539,0.853284298595859,0.235117077982499,0.00010667167307962,0.474925630711566,36.4217236024281,0.000122381630504154,9.89583759590103e-05
0,81.7279982833321,23.1340838694869,72.0884250260168,37.6263096762381,424.506275593852,1.26586800887223,25.4397267123925,9.63165740278859,0.000192154465024573,20.5873309322517,0.728843486846784,1.80717785012044,0.744782263729039,0.263478263229072,0.000112516449368476,0.450415756014971,37.0218786480787,0.000163892286091648,0.000226741847916083
0,92.3842207115668,24.8749727177802,81.9474715283356,32.1970832354807,398.651894514553,1.21217736877646,26.0397119319502,10.080604775972,0.000363820458267862,19.1420012946617,0.659380062464799,1.74808908933192,0.818545400195655,0.229121976578586,6.00246352440637e-05,0.532379649039371,35.3927598856627,0.000131342611714134,0.000150368385697069
0,80.3725859634593,25.6758000609599,82.9193024556221,31.8381488752263,390.535636852425,1.20279824602456,25.4224803096357,8.6924591498435,0.000210034020486394,20.5230403503157,0.707935282877264,1.91233959636345,0.824263266069074,0.248760320321303,6.76213577033609e-05,0.51949633206809,39.4667750065252,0.000101684266101627,0.000133886979364715
0,88.9573738209375,23.4804086785511,76.4648468279397,35.2062262343028,428.988931451759,1.26728948520155,25.9816485057193,8.27798210891302,0.000141373931021828,21.2139716983994,0.737156598030458,1.66082556010394,0.75708647427632,0.248297770799823,8.73720502294467e-05,0.499418979797475,40.4164928863572,0.000110829512948099,0.000159060753905811
0,96.4639675247117,22.4456857536218,81.1650790016091,35.9630944163691,407.194255447803,1.11640811733448,23.7316160386225,9.06682308324709,0.000251559627650919,21.2955705977704,0.757773403399628,1.95707258077756,0.827954227929977,0.279940814969307,0.000126750486931638,0.464557910807434,40.4909726012,0.000131440202923924,0.000141719442860417
0,86.3844160978023,21.8642642642632,68.2080398959023,35.9387107935201,433.860863572163,1.27649491956176,23.3081886472425,8.61764473737901,0.000221277477238963,19.1369435647468,0.648982880249809,1.6686086330751,0.825887003659579,0.242059925860615,5.68889074660447e-05,0.483881255051206,34.8558045539085,0.000172053519359187,0.000226080647346035
0,95.5636465979393,22.7927801883582,71.5395868309384,38.7173028493792,365.383839029515,1.28007668843711,23.7123756857562,8.67986893437326,0.000247993985562449,22.250764084751,0.719911149794989,1.84560838650765,0.767577703002549,0.257664606616888,7.00378982538707e-05,0.521625048878103,40.3361898995164,0.000110082883726984,9.52391569699082e-05
0,84.7312333911088,22.6034449117368,80.3162328128522,34.4388560286955,385.343060472268,1.16241360808624,25.2765842899543,8.95061397047427,0.000144245066821886,20.1601292251369,0.639182408431346,1.81672747717662,0.854646456757475,0.265509884549402,0.000147577969231806,0.514484179681658,35.5807990702274,0.000201147646145129,0.000136901725350942
0,80.528739844562,22.179480057547,81.3359604006497,38.0712152936917,383.105828141322,1.20914097479387,25.2903454894733,8.89642804489197,0.000380944154259196,19.6988676697338,0.751987938476517,1.58786201030711,0.696586348058585,0.228424069788845,7.79788451580389e-05,0.45152311331376,34.2756102565173,0.000161015569729454,0.000146967799142243
0,98.3114598634567,24.8667417023096,70.5583605223352,32.5759617906128,387.610184811045,1.13179538126989,23.9741607442513,9.08031445365603,0.000384778779701326,21.081680807114,0.649482291735522,1.9149115557151,0.762368753147424,0.240563188925681,0.000126570267738739,0.465956321042729,35.0887885672975,0.000203906237412287,0.000253013211370393
0,92.2608621526958,23.6866103279389,74.2333485071741,32.5518943038483,404.170079970391,1.10459419407719,22.7650779706056,10.0498486535676,0.000172035401467069,19.857730304217,0.733974673720452,1.98583477836978,0.856136895668519,0.278281467828028,6.80104277233793e-05,0.47900981499443,38.8549721647169,9.78362241756984e-05,0.000141633038134751
0,87.4496451897438,21.2185019968264,78.2759439056821,37.0028968391994,432.825561348141,1.19279652394204,24.8687363491388,8.36604211913917,0.000225789164612405,19.0915983614797,0.746314088826768,1.76724297544362,0.741475934061445,0.257180254491043,0.000112322158172128,0.480662471740908,33.9002381581152,0.000252009705509189,0.000105648644074026
0,88.6380109522973,24.1744119613452,74.6613841472543,38.3585840752646,402.098719510381,1.11843465112399,24.4674696052869,9.20647351711376,0.000246503186024745,20.5659032348407,0.702137770093931,1.73648965510399,0.742681884238737,0.240168091975092,9.57393998854975e-05,0.527503177181392,40.2446857971802,0.000150819934172891,0.000280612258015828
0,84.5004076220903,24.777931814738,70.2865743174101,31.9100397057407,359.752704671239,1.2728588661336,21.6461757323658,9.42742851849008,0.000326756207963421,18.6773866678286,0.67537985271785,1.68794016972896,0.748873604730885,0.232531688976145,7.12660029254079e-05,0.446417230241802,34.4937129966979,9.51831144966764e-05,0.000152042983494489
0,89.1582412118938,23.982827986383,76.7995853938555,37.7046136001155,357.844318592446,1.20621796530887,25.0075711628499,9.8344290712066,0.000189480279114187,21.3832751822326,0.681972919741862,1.78955746618474,0.825709382688636,0.232783936572752,8.60040801315667e-05,0.448709008788468,37.5173965613742,0.000103982142090944,0.000101269448411024
0,97.5449340884029,22.8194779421054,76.7367804417551,33.178451386011,389.924092428876,1.22328810166809,22.1268772728772,9.27425927818165,0.000286495998996865,22.102600087905,0.727061422968976,1.63065742308853,0.766222208959182,0.25102338346367,0.000114379503649385,0.518966926098656,35.7137833537393,0.000220132389435387,0.000168893378492043
0,89.2978331694522,22.9772561430109,78.0454580343108,38.6721632121911,390.160100108524,1.18721910758969,24.6256386498197,8.7013799034127,0.000377505330772932,19.4801192674768,0.655553488825028,1.70372572077772,0.718952027904836,0.2317614985796,0.000122160633258756,0.536952263832718,36.9312589669627,0.000251996514679304,0.000108205782209148
0,81.5849260046586,21.25632844231,71.0635802078748,36.471949960288,363.806977859997,1.29478002842092,23.4122645248029,8.29565126815205,0.000334786439640941,19.148491918299,0.714111249970868,1.7496230164511,0.813662434338406,0.270695319805922,7.46689777766345e-05,0.472299979582068,36.5184621088503,0.000144281653775544,8.76239360770393e-05
0,85.3164924909401,22.3594091218895,69.9823634602169,34.5800077973323,401.663427813973,1.27304334798557,23.7394627127546,8.80580490985625,0.00015950760752638,19.9386585461009,0.703171169635494,1.95385923361482,0.856053393279519,0.235520842195828,7.47193288296156e-05,0.437408561642849,39.0993611065818,0.000132702282202578,0.000237935075273963
0,92.7158685049934,22.4488247835437,81.8081850390287,34.7304283957011,383.658491329656,1.24100661213831,23.9750953343832,9.84650982989475,0.000420897050613217,20.3180529479193,0.789262589561431,1.79151920250414,0.840840768853633,0.239391144191004,6.5928528834302e-05,0.551422605136678,39.9161935982944,0.000154579254004747,0.000206115134705614
0,93.8020589942109,23.2441575423907,70.9442315990152,35.6492118964975,394.86810671533,1.21600378838685,23.2668770544676,9.87032543655353,0.000387141172316558,21.2732329070045,0.764481963286099,1.72388877667007,0.841397151363741,0.25172182132355,8.68992540079522e-05,0.442984015264583,38.6582576511558,0.000117773549379641,0.00020669714065686
0,99.2699399065361,22.9692091583945,71.6097785676645,38.3049889499983,400.678119693755,1.20877032614928,23.5138414465877,8.94957147550468,0.000219455918881252,21.5876644927565,0.654840432576236,1.78748756379871,0.838328320245256,0.227636282185903,0.000129377282785359,0.491783367550849,39.7683883642928,0.000256235278413625,0.000132319597448728
0,96.6144794593548,23.0886687757736,79.5854746703698,34.5289195735088,438.536723962634,1.24543073965796,22.254742166955,10.1469677577809,0.000246772659998863,22.3290728279249,0.670024722784948,1.98330331781955,0.867343303584855,0.26660375665117,8.80756731743549e-05,0.449729160985663,37.8657532335507,0.000137709572517291,0.000218397630868752
0,84.8819072142119,23.0902636141594,83.612050268436,31.8467542513116,400.761590662519,1.18058706190709,22.0423660094313,9.88147595589024,0.000231014574672599,21.2010729978911,0.773247281400166,1.61861459197273,0.844629971175507,0.274752013239613,9.28661276842124e-05,0.503660332213619,41.393267375858,0.000118155823912825,0.00017679492220846
0,95.7637138690001,24.9904615912152,76.7725569249084,37.446047282673,375.185996175987,1.310600367918,22.5760064682189,10.0222597932236,0.000185671771278516,19.3323458865202,0.691238733803292,1.6782920370776,0.818806716925622,0.229364597373263,6.52257309775124e-05,0.520360873799488,39.9117440688216,0.000110653910045606,0.000133458084040254
0,90.7061647731489,26.2701207337292,72.9108836416259,35.9987105145491,436.205897111963,1.13321192520157,23.3742165566024,9.45331413700849,0.000221361660246541,21.180211030363,0.698244452167834,1.70410093049237,0.867260670562413,0.264740275641447,5.83868499756008e-05,0.521262158415431,38.1647819696105,0.000115248243733161,0.00025428789094775
0,94.8740009464642,24.8646106378372,73.3136293769191,35.3946265227348,366.684121311859,1.30929760439853,23.9321532185324,9.90845540027811,0.000155424792066308,19.0299911745733,0.716055171326664,1.77215834305233,0.745586881361474,0.264910649797027,0.000126850693835542,0.48631833100051,34.7619663939288,0.000232451329045502,0.000122657021310313
0,85.2938491945325,25.0165236152092,81.2523867042624,38.2521015791933,422.899599999423,1.22002696870558,24.2246291199178,9.11793103749634,0.000342979740779374,22.3497769412148,0.655086547716493,1.68139948850073,0.712910193811885,0.276526920570889,0.000108276980256659,0.545893207100909,41.033583878527,0.000214804402918045,0.000177877656372524
0,92.8162873101247,23.1662212722393,80.5739736278673,33.6501879248648,429.870325157511,1.18796785577229,25.3202015689662,9.87906630978893,0.000382204115710313,18.9638638783172,0.773950257893463,1.61593669990183,0.803751602447731,0.262344702452389,8.43559653807546e-05,0.527550260980214,38.1256488253325,0.000114344381629814,0.000287733969441918
0,92.3194213008981,24.8516737973292,73.7793105042738,36.2807962613593,377.367141879749,1.28067262968998,26.1042280227589,8.3002292349476,0.000179228546216593,19.8963288571051,0.708558822513967,1.91230556719401,0.761679070106955,0.248538983301133,6.15363937263852e-05,0.494238491767147,34.2071157516072,0.000169584813988787,0.000204662215743238
0,97.9342097600049,25.6767842892721,80.9856720011255,36.5263191611635,382.285832149853,1.12431152237454,24.0462880906984,9.63268912931547,0.000354723629524359,21.3645021824563,0.766129341048787,1.95864278827573,0.780333671833936,0.223507853489809,6.19446728534887e-05,0.468066866805512,41.1940998465817,0.00012680142761859,0.000293151698866698
0,83.027109000549,25.843805553546,79.5498311908601,38.5228237186183,393.429986288979,1.11834973792856,24.1159566597768,8.7248706081673,0.000400749100920239,22.14735416523,0.732102407676899,1.76517471060998,0.774502759848114,0.264888579429776,0.000103315050756618,0.483223795656897,38.7943856373572,0.000147273240425455,0.000101597433650909
0,94.5683686854259,24.5284771254379,77.4656485019327,33.1472348260581,435.994103023987,1.19015893860661,23.4310410808627,9.19886898163429,0.000235084984407111,20.674950166129,0.678626174837023,1.61833397520172,0.78039360655346,0.240374328000104,7.20517268812435e-05,0.533094959500788,39.008524804872,0.000107543345950844,0.000271940823672512
0,85.9467281742199,24.7132474240088,76.5250265816227,37.0893085180221,384.994228759108,1.09890954733688,25.7561308959103,9.86016175004329,0.000237856231225214,20.8700615032719,0.776303480914991,1.6661158474874,0.805426714290406,0.229058094920358,0.000146726265253927,0.434256461418889,36.0668344821362,0.000142642961301117,0.000111640519934867
0,98.5235295399183,22.3571373758796,73.2647134222476,36.2719465237348,431.615854179903,1.10273049753998,24.6653791164356,9.15421164025896,0.000419368681810016,20.718365835772,0.751112216488159,1.75422301572072,0.710713270015397,0.271315261187523,0.000129324580920185,0.495277415925954,37.1747952438393,0.000190114864286726,0.000131350921103359
0,95.1563525338633,21.5468507335819,76.9450744621177,31.9553072774659,378.127078102405,1.11490251239815,22.5422121507584,8.31375574573696,0.000144249384527751,20.2313434776192,0.68112552895097,1.62179743122941,0.739767836485845,0.269112922182504,0.000123539154410088,0.533774509337508,40.2780701380711,0.000191009162746522,0.000123846631171004
0,89.9524448354214,26.1520747860944,71.0417745339025,38.7177482927014,439.943253800791,1.13385928533601,24.3273753602391,9.52055953923912,0.000182553999229277,19.6788756771068,0.791716792698615,1.89192934416694,0.742703516412016,0.251514687048219,8.99006282049487e-05,0.483096779893037,41.1379111608946,0.000160684466634842,0.000245071285324376
0,97.4682421879741,26.0647309309812,69.8833429310776,38.2885589457712,359.94923346076,1.30424906795287,21.9491243160827,8.7564280968161,0.000148378891346995,19.5309415259851,0.660606047088245,1.95158713647667,0.736527777289113,0.267158078737486,0.000141028848704526,0.524509155429551,34.6172398254545,0.000100425825827497,0.000109640457334113
0,92.1993734605223,22.1891098280138,79.7434862486695,32.2274485125933,384.122353430364,1.28146003996131,21.801971231324,8.43511238853366,0.000153296614138121,21.7226292453624,0.721427442763433,1.78105375833731,0.837710742975882,0.252644748427093,0.000119826921961847,0.488470205214187,40.8455228113209,0.000207323154391031,0.000112198180560745
0,86.601456197657,22.0211317906417,71.5206012585033,36.0443710602721,425.511195919853,1.15963712118409,22.8304835325905,9.86540861762214,0.000327934333239428,20.4325578708831,0.637099047028214,1.67496907885587,0.84443301615112,0.243442546046472,6.0507016194849e-05,0.516259518784004,35.4321936832095,0.000145494626993453,0.000100936485281354
0,100.081390358987,25.3014138410313,78.3799116535987,34.109086571015,425.705968883316,1.22467343091282,22.6159498080164,9.63183982217289,0.000165880738977842,22.6231304047533,0.734386030388659,1.84670566670686,0.734793499752344,0.265597127113523,0.000145492882922759,0.470226968551485,40.5897271793053,0.000184883721773056,0.000106678515891769
0,93.8411506738681,24.2962120197134,80.0237707092727,36.7310605957567,363.265160570183,1.05072467519236,24.9112866273326,8.73561911343029,0.000188549854086664,18.115697472,0.679232785808572,1.67388633991524,0.760659188244987,0.221804939612572,7.1113979514264e-05,0.52839860501886,39.7591875422369,0.000249896639409021,0.00021934512882496
0,87.7561842717981,21.89366058579,74.2928680473859,37.5873824212686,436.710114226066,1.29218232361058,25.9212954756926,10.2532660571629,0.000202500421727188,22.4259729197931,0.647833882420751,1.72525855331097,0.774095338855759,0.223591885907546,0.000128070316808289,0.467390749608698,40.4042578240492,0.000201783117142298,0.000117788399092826
0,83.7853936268594,22.538377193247,81.3118754351427,33.278814144001,430.739968744547,1.22307505066033,24.7433656619818,8.71820393681968,0.000190922406721961,20.6459915156016,0.667760979139959,1.66084290811471,0.817958341508217,0.232795541208949,0.000130771475661796,0.489169242352152,41.2277933787406,0.000168901823503755,0.00022421016639152
0,97.2367209139762,25.3237926036185,75.7180998456648,31.2080341820246,401.6076132149,1.24868700325084,22.4158657052177,9.13785553838221,0.000234876347764117,19.3940123905372,0.731865302767422,1.76734880679694,0.813825416539598,0.237066206884106,0.000147925397158425,0.433500062571086,37.912528017246,0.000131599911104148,0.000271183862189697
0,91.462530276548,22.5497638264121,73.8995519317738,33.0907751021616,357.140484986601,1.10469754884229,21.5918095218788,8.25510975842773,0.000356336255495629,18.5948640891479,0.633911915514459,1.90089841435323,0.714797387310738,0.238220055736699,0.000119642945399874,0.445637635761969,39.2040262048294,0.000144366471064195,9.82380928723892e-05
0,93.0394707258996,22.876032953337,68.0190381121577,35.2644916653862,416.361006496435,1.13065709035532,25.4522507928135,9.94846855171675,0.000302881409304993,19.7049787066059,0.63994189269819,1.93729338745006,0.711064210180467,0.264332878736792,0.000141545060005729,0.485475916868551,34.1281882049389,0.000183062873767249,0.000268059252006455
0,92.1867722001179,25.5643062204612,77.8200292579985,34.2971933443635,395.268895043475,1.15028691864467,25.43710663343,8.48071972387018,0.000388693583065779,18.7486000725617,0.68817135252086,1.67981398894754,0.714779891290367,0.22816275867901,0.000103116931169828,0.51237724312817,39.349342131617,0.00010923568161191,0.000270263224078017
0,82.000062935601,24.0134312685917,78.3459711853586,34.1931435449785,399.335496706372,1.18905778514365,21.1998325766045,8.74126059053037,0.000203209782294879,18.5623235830373,0.663396041604082,1.62678522593228,0.757932640524466,0.22693109896857,0.000132272040178269,0.435097908647975,34.0510816273185,0.00012353739338719,0.000110738444851147
0,89.810813548638,24.3261053023462,73.0265003803912,37.595535195988,368.993436890353,1.19867750513772,25.9960791411467,8.41935569994507,0.000316254755947244,20.9146470204446,0.727523890457885,1.92283770814974,0.710701168409737,0.238573756821562,0.000124984357952985,0.524275044587679,39.4997280400841,0.000121677323671897,0.000107222993257714
0,91.8180833993278,25.4188118513321,79.3347640682996,37.0402905121489,392.644236233941,1.30158819766694,26.384448960265,9.61592429868378,0.000375957547179954,19.6999935183489,0.682299225619644,1.71894268841941,0.793320568363337,0.255930570416622,6.96781465646319e-05,0.498906086602662,36.526300157607,0.000117417107502003,0.000224874237770955
0,84.2017116126063,22.7723359927897,78.2452263928284,36.8504016425457,360.805413971657,1.11733418031227,24.1830414052195,9.33636240486111,0.000160307998683527,21.5404776586044,0.705566626704575,1.79718047072339,0.768626342069713,0.24280557596482,0.000142193412864083,0.456907240477948,37.0843077994065,9.65600180010002e-05,0.000157721192022751
0,95.7969162471499,21.9575578035737,79.25512283865,36.0497885949858,392.794162146627,1.31841269683442,25.2818244159035,9.83688769265886,0.000334378488235413,19.9565027003834,0.694139414407504,1.80742580854796,0.806768898014331,0.273811343753563,8.47202121697687e-05,0.488711776137199,40.9402373579686,0.000197365629069384,0.000231665316609662
0,98.7534638229736,25.3550541740177,75.1013095343509,37.0927845109515,396.811741609429,1.21812073973766,26.9100615828153,10.1394359488634,0.000233524792172786,21.9840977135173,0.68391130856999,1.7910915443312,0.753934720800486,0.257177221217863,9.34971517367792e-05,0.498084325638627,39.6016033838279,0.000220778798746005,0.000278935437179692
0,94.3235063227559,22.5585437073274,68.997572904717,36.234556757304,371.005183598663,1.2828215576825,23.8482406090907,9.21217142259789,0.000251741630667486,20.7799929999199,0.69903586078719,1.68975276901944,0.771007132623578,0.228220484535386,9.42866344883114e-05,0.530529069207059,39.5513954039532,0.000157050882654528,9.81794149050366e-05
0,94.927549489942,25.1944731979457,69.0961182955396,36.3848245336812,357.356959888851,1.16680841702929,24.4236172438923,9.80148460118233,0.000264578716633475,20.7272411614228,0.74958126566532,1.77072645520722,0.721005854923761,0.227157116991553,8.31820242322893e-05,0.461018377471795,37.3995930869977,0.000101597586008409,0.000103622739752142
0,99.0674072790811,23.0644577182416,74.3516159659932,37.4429615803952,418.689089455795,1.28881290689617,24.1818177925869,9.5550300122721,0.000220389336131368,18.8761598346007,0.782963211968272,1.88376683529349,0.736347461161781,0.258748136486359,7.36584340280305e-05,0.462811963559886,36.0701176737378,0.000216686691364923,0.000121780419025356
0,90.4779394044448,22.060052009018,82.5525876237617,36.8581189112081,392.055000382932,1.29661505680137,24.3483426802225,8.41082016740161,0.000256557560860628,19.6030226168014,0.701334783748363,1.91163792166707,0.69888689931293,0.239044186205098,8.05803066497277e-05,0.481059833044684,37.0370454557159,0.000133335900673737,0.000232656653430646
0,98.9021260045809,23.9657539305095,80.111276996785,35.2253984013369,409.504782591641,1.174426689258,26.333297907094,10.2081535283144,0.000168675081620738,21.7644444378705,0.742997370752773,1.67853384948595,0.865576010793873,0.252736975138321,9.70389865087198e-05,0.529857783664054,39.7647867859065,0.000234163539595657,0.000163396583319387
0,85.5059562151646,23.4883493079462,78.9394446248731,36.8452878849472,397.275847491445,1.17639753107216,22.1295057239975,9.53730480799878,0.00023087440904584,21.9647818764024,0.699327400974331,1.63757134429896,0.774769409256362,0.248879139982134,0.000114554504504236,0.472317045248852,35.5803538255716,0.000152147420160323,0.000124754800517994
0,83.5677831069874,21.9156300107954,69.7348945240387,35.529157808646,386.703383261468,1.09919715196678,24.4592318482109,9.50367567240768,0.000210486812217291,22.1999130803239,0.666136789733309,1.68367657898022,0.777855511281419,0.258353120213582,6.88626204838747e-05,0.488922113713483,35.0459839492312,0.000123422151711982,0.000116330421641024
0,90.8769083052187,23.3803249513793,84.660205921282,33.8967795818091,385.268741093798,1.31372970998434,24.1434186654819,8.46676706825161,0.000153451175282937,21.0020931954953,0.670210562709886,1.7708977116968,0.773048853162257,0.25425442959231,0.000105138431060517,0.486462826548445,41.0260905873075,0.000149024038680733,0.000249110388854216
0,94.5574646931951,22.8909921317612,83.0796125704955,37.6760290069641,354.848784148712,1.20044109459244,24.528031933883,8.69147359573419,0.000393344928849476,20.6370579714406,0.640317761189937,1.84133560623929,0.784126785274105,0.230827322700699,0.000117670087547407,0.504598337114697,39.9435272021981,0.000224192900726349,0.000125618285120655
0,99.4266014515526,24.2154376670836,83.9193432429184,37.596789545715,435.35683482097,1.18515653586433,23.6775727160689,10.2990663390106,0.000234199174820213,21.3957446874009,0.764683943064144,1.91259836673376,0.793458223069336,0.240384224334339,9.87353502032402e-05,0.443884134430325,40.2462454900249,0.000232506215934904,0.000213747943530024
0,86.013791360463,24.2817095619772,76.9099733953508,31.7343490992117,376.431940981601,1.11849682270716,24.6234634399887,8.64328645951724,0.00040663377146299,21.2138235230629,0.719325193499751,1.87625198587032,0.840628226113244,0.237071461958284,0.00010284069786339,0.493204470825248,38.6345368518915,0.000169351186499688,0.000198684466221676
0,96.1024240623716,23.6786701508066,76.7392650829479,38.7763131221563,374.796241724451,1.20668426827643,26.5289066704667,9.3517479055492,0.000247395284543623,22.2321836212907,0.700575130667043,1.95369594413506,0.800565112230391,0.246507962125971,0.000103553084341411,0.538660139588895,34.1395810765487,0.000191061183477654,0.000205637913770179
0,98.9637557456006,23.6816026366375,70.6295589046923,32.0993507600745,412.317807359447,1.07913605943658,24.3138299707139,8.32449768336873,0.000212866471453296,21.988681170055,0.752644483845988,1.6404338328369,0.729183874351171,0.227745548802632,0.000124328726592318,0.482845875034348,37.2920480835379,0.000236995567234638,0.00011677016537621
0,88.7440340418994,26.2130151938088,70.8620617211359,34.8449327690662,372.260575021462,1.22808375985639,25.6028974420623,8.77993918764264,0.000351760460943645,20.6431071224192,0.673182878309081,1.69899804562942,0.713638360878433,0.25071834390116,6.12196684556771e-05,0.459024167908183,35.2714880362696,0.000220531834572729,0.000132123257061105
0,90.6682373002694,24.1049063340399,72.3242281212635,31.9970345651744,372.013245451803,1.29402041369216,25.2589508678443,8.91362184755409,0.000270357765387786,21.4834161805811,0.732063094855505,1.73410110233269,0.851788448512135,0.270835186659469,0.00011717095216318,0.519597226957187,38.6559943349455,0.000225511390367081,0.000255682508853184
0,82.9138077960545,24.8359715297922,80.2171649250762,38.9209498465579,413.329757705548,1.28148743967706,22.273466286134,9.63965105390679,0.000407498484077719,20.7607901233375,0.682375123865642,1.8005548969311,0.737588045793945,0.235484149265505,0.000114840888129477,0.481696100032233,38.6087005847586,0.000137766464422495,0.000283063342552368
0,94.3008206588238,22.1729006993647,82.1712221451214,31.9412064603426,369.650642726919,1.13071839645498,23.8586983415224,8.53230236331953,0.000250969795781353,19.6271191547753,0.751232110147093,1.77427475905356,0.793404627407315,0.257833785551404,0.000116733844391611,0.448794311108767,39.75096494343,0.000239151280788647,0.000135035445126119
0,91.4964181711374,24.384913863882,78.6867991503151,35.807117224539,398.715080639458,1.13880438043499,24.7161931920544,9.60267777302429,0.000202923194135703,19.6790522714323,0.72220398434703,1.88814737978931,0.746491476829557,0.232428944195183,0.000123728552277847,0.502765693099398,37.6487643583904,0.000111420448773475,0.000160440802813246
0,85.2397969442865,22.3657145392085,75.1914991350457,32.8051310640926,393.520507056589,1.21641037918559,22.2252225186002,9.47680034455851,0.000158000894863926,19.8380871666962,0.675084109808658,1.95885025486253,0.766125746067476,0.253241476636758,6.48244218573301e-05,0.526762800867312,38.9486966323667,0.000238717722336418,0.000171600013551322
0,82.02621384117,23.7549523233294,77.2010214182829,36.3915301543758,419.737230341433,1.22034010881419,25.6186772032411,8.9987572079553,0.000345513695247162,21.029613647734,0.685275582927915,1.8977739792263,0.738760909565078,0.253092126643144,8.00656174193649e-05,0.531156739724255,41.7286798822935,0.000259983635451891,0.000142610638376373
0,97.3607178015459,22.8644289731225,70.5196770547896,32.7132327700485,427.049205193119,1.2832312751643,23.0425132824576,9.86278233262438,0.000302530726232726,18.7537248684854,0.636652805667259,1.65858244920954,0.838549292406187,0.222341228817894,7.56715311530776e-05,0.528735977267905,41.1735929613506,0.000156932004328474,0.00016645610142123
0,88.8600099167712,21.5665167244568,70.1272423166831,31.4047116824992,408.259580059739,1.16413841915622,25.2654120298385,9.82141128548274,0.000326500350812201,19.4351511544612,0.675457547080856,1.6885671830169,0.755747972961885,0.262822298869191,6.15604101135998e-05,0.503074224585022,34.9904276132398,0.000139464762315639,0.000233452353757179
0,90.5037735580446,25.460545852566,76.8066266276105,34.9502070154133,363.038283152828,1.24410224744852,25.821918777729,9.517497810815,0.000151595806400167,21.2615630948496,0.636644371451383,1.68788184832506,0.80475863900189,0.252450973650709,8.90808806652744e-05,0.44322682925247,37.1384785289042,0.000156932395324546,0.000302755409059604
0,95.2272972806487,22.6927823348351,73.9535251437501,32.9933620811666,405.132608061088,1.13827868335525,22.7474349780015,9.40212162380666,0.000392738095618525,20.7981084649588,0.646170027262976,1.89389818733813,0.734919647868841,0.219272565776785,0.000104340233103834,0.486564764823647,40.7905697154593,0.000145806250412227,0.000100220747704602
0,98.2098721040602,23.8900491620502,73.8527326992762,35.1746203448914,380.014993104238,1.24561322616525,24.5071866336861,9.09290565073922,0.000435975399122238,19.0044410629254,0.685613574228829,1.92571706773438,0.712688514018289,0.232664519203523,0.000128404049464501,0.448175967491987,37.3816669270914,9.67110891474321e-05,0.000168541081871637
0,83.7677792143015,22.7948667123611,74.4129961325685,33.0525499905113,360.143657822265,1.28915510508738,25.6549668704056,9.98869852005298,0.000200338893815027,18.425861366067,0.745351276850146,1.88398971984796,0.753380271858284,0.244215655849674,0.000108607019014493,0.534534505724748,39.537480150821,0.000221538185087204,0.000177457230732365
0,96.825162607908,24.7820295258737,75.3359607732922,32.471649835114,375.207710282022,1.14361459491945,25.991324191391,9.72042312806663,0.000198672400092811,19.0368619914038,0.76956786782015,1.84913926332658,0.850875819420496,0.229557565158426,8.25290953986142e-05,0.489416686384309,38.4639490023127,0.000124935574297733,0.000206270888139393
0,92.0967130541964,24.6108714010393,76.2444030283414,34.3683816014437,389.725317452001,1.145000917099,24.4285980210463,8.44814588362875,0.000355511776520892,21.2239496519445,0.738452898682626,1.72355203080818,0.714597886159063,0.221166600535192,0.000147267631031658,0.533139969349776,40.6126603041585,0.000223378936194074,0.00011173933642963
0,82.10010705259,25.1761963989306,72.2600052459598,32.8968985510965,377.904280265137,1.17531348716478,21.8400366719861,8.35415836729891,0.000373935259787492,20.5896446875064,0.733836354676722,1.6301015726464,0.733361217642967,0.259407588765454,8.76610461174397e-05,0.535539978657397,37.5293637885878,0.000141774122378423,0.000189335807868517
0,95.0018436031784,24.6456989179478,77.7742999539103,34.2689340357466,400.808139711449,1.1110431071623,23.2043579474195,9.47945085561172,0.000299674200169333,21.6204665705321,0.692491539721388,1.59882154149328,0.703347882516833,0.217976268550053,7.40677154716069e-05,0.456410622345017,39.3220979758471,0.000111245825921284,0.000118821050114667
0,95.7783890011994,24.501320674838,78.4302867258368,34.807857250834,389.733133349161,1.2415837353937,22.9734044959576,10.2027521860542,0.000399567840029633,19.6670844724367,0.789322381943466,1.66005994461063,0.737243315924264,0.258808556991417,6.67449483914177e-05,0.511072719579125,39.5095145087822,0.00011138896403705,0.000131554748416253
0,100.686404230839,25.6581219594031,74.3608902689146,34.4429421971452,434.375479589153,1.11788343347829,22.3595039458075,9.30445040697087,0.000365336947647145,22.809652596866,0.757297665718834,1.89641830146111,0.756657210912849,0.261791302481886,6.82097991653024e-05,0.47342845861388,39.5034855705299,0.000196888819291659,0.000154164111811711
0,87.2489137315349,24.1461736001043,73.7853739714562,37.6518595269603,395.440460777085,1.17230739305536,22.4731251525052,8.81428336618634,0.00014254689876181,22.4196476730841,0.760518349831664,1.86263408980699,0.722197337416115,0.223365454992653,8.01219099925223e-05,0.460744526399373,41.1919150254728,0.000100689691109905,0.000227733164122136
0,97.2891932468504,23.5923555396134,70.4086885251564,38.0938706223727,385.604085460057,1.19792546084867,24.431482951789,8.49100534380375,0.000414534712922017,21.0865454111464,0.700852820597265,1.83317415165871,0.849245036157661,0.227656104533077,6.61588693910407e-05,0.499519250925967,34.2305949391777,0.000217068286869862,0.000213436531534663
0,82.2045588145394,21.9008472567435,71.5550207165402,33.494366807722,428.503922937276,1.2304612868421,26.3645814086098,9.50366830501797,0.000336528859098143,22.4514296495294,0.744482805853459,1.65081316351561,0.775566579305874,0.249990992773763,8.67042723758711e-05,0.519213775300125,39.4876007082873,0.000138853342635078,0.000123468358927134
0,86.2868780703485,23.9470844217734,68.6497934600035,33.4889014100474,376.349942074913,1.18397108590463,23.0992931711157,10.1250766044896,0.000269793626164359,18.5857923729387,0.713744462381429,1.7254301770318,0.727270070579311,0.264000382375842,9.48179192588751e-05,0.514593518103737,39.3455131506005,0.000194716112587566,0.000129873095168441
0,98.5536813282891,25.7654716844155,70.384816722294,34.5772931841274,364.315939611091,1.10126562980736,25.8111294769638,9.09518311071811,0.000173187248082667,21.2421148585551,0.705195171769618,1.64060871543573,0.856478107917661,0.277597658460112,0.000120277565207566,0.503262789036906,39.1024132967191,0.000229424602500023,0.000117530222894039
0,98.019307754448,24.0940554486839,69.0935560244644,36.8264678483099,421.902695489362,1.08472062107344,26.0657446418479,9.41185451738788,0.00016631580415953,21.0947032711665,0.691243351322747,1.84557751073142,0.727868985195311,0.251507460708268,0.000110186355674019,0.471039435189394,41.1853616000522,0.000116959286083792,0.000268873810529208
0,89.8200575586153,25.4620571820763,71.4377670692208,37.1745655395974,401.628922568371,1.25713857139627,23.0072798604273,8.50858678954454,0.000223675420190353,20.6854630550797,0.734688400004473,1.83486589894202,0.749870606246946,0.24682426116606,5.24815530826193e-05,0.453638654529008,37.0249447552323,0.000274567624067383,0.00021030401837667
0,96.6498402302232,21.673874508241,82.7671472364903,37.8614643545859,402.413106054947,1.26759251029135,21.9772616405334,9.09248575698883,0.000307242524540151,20.5827880016715,0.664794929698434,1.66382168165143,0.767337110628135,0.244205656994755,6.74044388230071e-05,0.467176612271751,36.66296374773,0.000127895680023926,0.000153403978510175
0,94.9842893355333,24.6024211061559,74.8170409031351,37.2124881439848,376.335612154958,1.12702825410874,24.135596969332,8.30911355665743,0.000166507055893776,19.0914839640612,0.734322245796074,1.67207655370776,0.71126462120243,0.233148152507789,8.05607141328879e-05,0.48511584729524,40.7400278476298,0.000261047332966621,0.000163824395347719
0,85.8532719760268,26.1048487923884,83.8351892038578,33.3477723826763,396.976587345993,1.21361562553067,21.7245273392172,8.76137048188377,0.00029874174754972,18.5697227358826,0.642870754306509,1.65328268685726,0.760894270280654,0.262670805920061,6.91607002658914e-05,0.471937226989987,37.8751351326638,0.000106710985019791,0.000128408800847339
0,82.6513845836282,22.7118967456177,81.4152325737684,37.7931562450071,397.724531392648,1.17315656733991,26.0805323179994,9.75543172675503,0.000181826320923082,21.234071359102,0.672264625863197,1.78905248862768,0.796164214348579,0.267601302975552,0.000138029883288968,0.532717830596808,39.281578369349,0.000107266107777713,0.000188840637922354
0,87.7617182448967,22.4429462796711,80.4915633151961,33.9998173088378,400.815244397056,1.24470586962499,25.5723302377522,8.98601992227263,0.000352777342209504,20.9064632791814,0.695525489081748,1.86033444455273,0.853503404905645,0.265171613112258,7.56509143782322e-05,0.505213687071105,37.4775993588147,0.000227803646925304,0.000103304699755445
0,94.9307479592164,25.8816543800863,73.5076465819427,36.8351132262924,363.472109373952,1.11005961392294,24.9122866296117,8.81873488529066,0.000216544154902599,21.6413060393527,0.77168654779036,1.8475764792056,0.762287804160768,0.256805121805139,8.93555490229746e-05,0.538894101515553,35.1354175292825,0.000114336345871531,0.000105536453332676
0,89.5071013657891,24.8287217017487,69.2957102602098,31.938370141036,391.999994450679,1.2916456342327,23.8856523357552,9.70755349065673,0.00027544686629168,18.8837814955629,0.746831553465809,1.91575284535749,0.759977299326314,0.213683336204507,9.38147945529077e-05,0.503996816680137,39.6714023228626,0.000199366628744462,0.000180818557919859
0,83.5270577248717,21.6119260702076,72.3920756580231,33.2535698556504,389.199524600613,1.13920207497335,21.8980632362774,8.68677541174104,0.000168881199634473,21.4184927304114,0.778749033095958,1.96323463199774,0.833233426695086,0.226638724567799,6.45556204188343e-05,0.468685375040684,37.6617964685858,0.000125558447198306,0.000180512326288932
0,94.8787418031869,25.3853286048294,72.6378580154426,36.2040732689195,427.992361536315,1.15700358191457,21.916167113972,10.1128643547933,0.000411394727107576,20.3610781576838,0.781854540492766,1.68786367808445,0.756880146594199,0.251229166466368,0.000108622933387413,0.454501757958166,36.4002262800686,0.000229706786388935,0.000248042373270362
0,88.0339536207223,22.7329529638567,79.9972751671635,34.4924349868195,412.126354826808,1.24421201465701,23.5019244434952,9.9931511848737,0.000178287360690158,19.0353040875445,0.629292731889168,1.78190169238467,0.768303890472712,0.23862569657008,0.000131303317932273,0.450940441633239,38.0864642441971,0.000191633816820618,0.000117662919562457
0,85.8810019356929,21.5630465123496,73.5438005891853,36.779042683887,365.692344771328,1.21283788425963,23.3977265249472,9.14724256887243,0.000201409455335335,19.4472935242962,0.725292366141174,1.76644889540009,0.825482301518461,0.248919450583552,9.24967742203869e-05,0.465751611698874,37.1280541644013,0.000133803470446838,0.000129062664032812
0,92.7024273477719,24.6591606060065,71.9669671644199,36.7965959140039,394.934223845371,1.29278703784108,24.1981181124337,9.51069404474717,0.000164294217455326,22.3476572838936,0.668621398028969,1.70818848002091,0.723408406952184,0.274990970684123,0.000139179857706176,0.506699312715753,40.931290524216,0.000153599990671373,0.000258261313277728
0,80.9730501383752,25.736381927708,71.1515817695943,38.1598287746264,385.594170297947,1.15034291773845,22.5075521854355,9.86721459727739,0.00035891736339704,18.530534928489,0.644966651462205,1.93582131698198,0.727266713721176,0.250608186150934,7.3132377499437e-05,0.493800358927851,33.8980406246121,0.000209172232219786,0.000216630605023113
0,82.3987908029513,25.7888970710893,70.136604846937,34.5026682443956,371.833170709447,1.29721787032742,23.9119478193308,9.0629163828553,0.000196951511596825,22.2636461194918,0.77854460252887,1.92264710827324,0.855184578929832,0.23512209317917,6.44331079959957e-05,0.511433090118813,40.244993287247,0.00019588508309607,0.000150373726339469
0,81.9635151906558,24.5949523126936,74.5798413468249,34.2217214509522,426.716340138081,1.30423261931964,23.7314779230376,8.89853953702446,0.000416829827183797,22.0147104239589,0.678572005574681,1.70252318393676,0.755449471293841,0.250365892982403,0.000114618412447099,0.442616619409371,38.2334978202549,0.000102383658401864,0.000126423442484491
0,89.0131722605715,22.6409650632467,75.3696715406198,36.757292968203,396.501174460224,1.17333307805705,24.9622849497303,9.29573348788726,0.000321785034910517,20.703588759078,0.742139051715324,1.70310171102386,0.727237053457299,0.242018591531372,0.000107473941254298,0.511470098348365,36.5081106120733,0.000108595942693606,0.000256804419783797
0,87.7143725977346,24.2164832400759,70.8038087570573,38.3880897907512,423.288547229394,1.08042350340756,25.3413434270964,9.10660649284391,0.00018462883215381,21.8590676104284,0.669866932291896,1.65704870080935,0.722619745764356,0.259716026428627,8.43414242740432e-05,0.468261578628991,40.4951950559613,0.000147526037490853,0.000105090904233437
0,96.4953728285375,24.7108810497438,80.7401135605616,32.2583158856409,438.235475939667,1.26206050176486,24.3613832350884,9.04704316050519,0.000164505904994509,20.6138711311872,0.664431641883228,1.72644404832085,0.852768652501861,0.218709396556487,8.91666254363733e-05,0.468806909098484,38.1571154143625,0.000143516998082825,0.000144126459267585
0,87.3202032704074,25.7321337862185,75.4977776649743,35.1610828926388,415.851839749988,1.24111675630242,25.9371302428809,8.54774877275159,0.00025812953764495,22.1268572499386,0.771395499226028,1.69341314110738,0.773663596912135,0.23824401078025,0.000118729521252268,0.474427223173653,35.129482895777,0.000110066566137195,0.000135220840618994
0,87.1564009818789,22.3697874768609,79.027236266711,38.489016463724,412.149455506332,1.10057981456831,23.8937341047696,10.1423279950324,0.000203176145696308,20.224841578112,0.673120581871101,1.81880398276186,0.719232790086442,0.272893839460768,6.12484365379193e-05,0.526400899532702,40.8053713889858,0.000165814790939602,0.000206407841766049
0,86.9379746653281,24.3280531179347,78.6891560140755,34.2938185293828,417.997470739516,1.08647822393062,23.813385318546,9.61650537598291,0.000210255392460671,19.6345173237597,0.755625115093019,1.62436015390627,0.750819280785383,0.256556893879197,9.0608401956804e-05,0.444141792383741,35.97177786399,0.000127562479617469,0.000285663733915319
0,86.6281947638381,24.1394767710662,81.6032749584416,35.9951684532047,414.322347466927,1.1586142408388,26.4189045967694,9.82323944847759,0.000165016720304107,19.3746620355564,0.732584362015232,1.86852943605062,0.776340310143115,0.227554452438139,8.64680484221397e-05,0.532703617723902,36.5894600282903,0.000249701539167942,0.000211898998584639
0,83.416578442468,24.7698225497972,70.756371450114,33.2985863663671,425.825799621122,1.06753531036733,23.3815862891585,9.85573798225136,0.000261589308061047,21.0397992514025,0.735364173134194,1.93329552418054,0.822852801374451,0.229468192595427,0.000130097830067517,0.495475132745312,38.0882193078291,0.000113874635983404,0.000118385786982187
0,81.7863993922033,25.7507141624943,74.2430266137161,33.7411097591163,433.483579987815,1.24977492368876,25.510028805668,9.56875500884843,0.000219586528914165,21.7136273898884,0.675182053720738,1.6962227958931,0.769374060431413,0.270669232946553,7.99266646030767e-05,0.500852184591955,34.3665246522529,0.000113563041147409,0.000275675454430439
0,86.8011858099137,25.0019403986038,80.5024188031287,36.3022787521675,431.547629175637,1.22185767206734,22.9816290272595,9.25943904650462,0.000178238526367043,21.5935696456905,0.773975593913515,1.95763283384233,0.77798391914139,0.234570943265922,0.00016707896333139,0.462089973715949,41.4152986435048,0.000225250857546144,0.000254391279408284
0,92.5037416884585,21.5355814405934,73.8743493333802,34.7322687520997,421.566871685286,1.26773933010229,24.6844211265454,9.5615833178405,0.000326333966226243,18.7605851225574,0.633889025872852,1.63751319080852,0.731379827637783,0.239208320823641,0.000108586865267612,0.460093641142743,38.9414132906501,0.000176335981151211,0.000182664182351462
0,100.155034703211,22.5354002557476,73.2949649566107,36.9444529397393,395.1662195764,1.28553272764556,23.9315491264561,8.83112776166597,0.000245409915815711,19.1164038211404,0.694419726034409,1.76045082872557,0.762674057541033,0.250576549569815,0.00012007116958314,0.473994884523281,35.5604348379599,0.000212192651656786,0.000114538889434481
0,99.2956717365423,22.4691071770865,69.8428360170874,32.2753075708471,438.452351857322,1.30246388745739,23.8576451350251,10.0952978509202,0.000403853303918605,20.430762098175,0.634713465697976,1.62374865829339,0.860156159737488,0.229511920763447,6.47744898291343e-05,0.464178798972473,38.5710429702714,0.000219074582355824,0.000164735043562245
0,96.5405084584898,24.3928472148075,69.5719361942984,32.2973431354,384.864171204301,1.15835699705322,24.5341139997216,10.0956601329604,0.000182795534511338,21.7111452266672,0.642960107940108,1.65812595247164,0.807604276197989,0.256765722101331,0.000130439235511689,0.482053753801449,34.8520756349924,9.1592889676258e-05,0.000103463503849618
0,92.3292357423616,24.3275515279643,73.5646518778485,32.145703651022,371.899724255532,1.21638399045403,25.8791785436437,9.15211667041339,0.000243333271365344,19.7117951701302,0.697778880605858,1.88790414121175,0.7654320175103,0.237399048155017,6.87319817050207e-05,0.527507569120176,35.0951820572996,0.00020054969116996,9.74250686081527e-05
0,81.6039559657046,21.4541166355321,72.188911808646,34.7040855985345,383.791060761373,1.12957624827356,24.8552064765991,8.41231433378249,0.000295089527399956,21.9893045046221,0.68565801463298,1.86971821860232,0.74742184465684,0.262601277043568,0.000119156756042744,0.462163702168765,40.5739526996134,0.00011088183619667,0.000159575060495689
0,84.7076126964889,24.1196858897773,82.123187095081,34.485603682033,372.871920427758,1.18145515136335,22.5356980425857,8.32769364244694,0.00018220784226083,20.6091840520905,0.726053665346865,1.9183576093788,0.766146500968537,0.253193193688679,0.000122665194762311,0.537812222182523,34.4291713071786,0.000258388274638573,0.000251546820710589
0,90.8814718741912,23.2818240651331,80.1557526155443,37.7368426828343,374.135025585942,1.18716552397071,24.6852309828548,9.27076079484735,0.000186186084130222,18.2965613126416,0.742780831012234,1.91083515398513,0.787332692149515,0.258672266130942,0.00013015133816023,0.463986561311385,36.915093223362,0.000133138430925759,0.000157943806444909
0,88.5475967856756,23.5601254737888,79.0164899451897,35.1502027663666,430.91210626561,1.12629546332842,24.3992231033256,8.85561537313536,0.000234006782689433,19.8213002665537,0.720850026427385,1.81150051995376,0.707451111712557,0.271008895594881,6.62865978065989e-05,0.495754675698031,39.6766511391527,0.000163379272512829,0.000221175664875102
0,96.2545941512262,23.2222930183316,72.9596588192083,38.0259401266788,396.211306999527,1.12039088591317,25.1405133433021,9.0985357088659,0.000157173499453851,20.6385913843727,0.657290029211827,1.77728845020273,0.85221907544005,0.230074388500721,0.000109277396651199,0.483133831657824,34.554174398969,0.000165890792191241,0.000209300366673337
0,87.4008854612612,22.6382269333586,74.2046830149478,33.2348815217646,434.146318816685,1.06346734718384,24.9076290562717,8.26943663884315,0.000258559530355616,22.1178104154094,0.694113876738788,1.77087623620249,0.757850560051037,0.221436349549368,0.000113657762911868,0.445312475590338,38.8968695386054,0.000105090102782307,0.000112282519827422
0,97.2268749313064,21.9012761811214,76.0420748031677,33.2988822400076,436.440068865019,1.18557876490444,22.8963872625545,9.45791491288051,0.000282302050292808,21.5221978340578,0.67696632157405,1.85535720348705,0.712020134287767,0.217305914310343,0.000110703743900671,0.495216385240934,40.569773854653,0.000133956990779747,0.000183350585132659
0,82.4872639778581,24.7167197217266,68.9562429283896,38.994713966983,378.354709880028,1.29659045573374,26.3042990736528,8.76932751926814,0.000207264533067328,22.0332797040647,0.682333690833346,1.79831103834757,0.787876358133186,0.27218455958804,9.01507349903916e-05,0.454639368210166,35.0662725762637,0.000237352200828572,0.000127934798935494
0,81.7836797022338,22.3270671521423,69.6262677034993,37.1279818472775,399.385642856048,1.14994587183861,22.0375399253426,9.05651898847313,0.000173273962506067,20.4636827065264,0.705861261201877,1.8839386708921,0.832966873976975,0.266434361463648,6.72035615231298e-05,0.48481021417262,37.1049799152698,0.000159588431950333,0.000200182705490912
0,92.009133164941,22.4887108679618,82.6795477352856,35.6550606261975,360.956684949854,1.27127615503803,24.6480007467604,8.72743380289361,0.000260636532353418,18.9269435831267,0.668045762812699,1.85730085756033,0.824411820205568,0.236886054296268,6.92819573623208e-05,0.451692914333672,35.6070102814733,0.000197958477466917,0.0001819173475829
0,95.0994414442317,23.8522612695272,81.3104238331759,37.6432004801885,391.752982768122,1.17036722162795,23.9480017735823,8.84045057171967,0.000272457136134259,22.5320879622463,0.695464063691036,1.82828555168935,0.803406866761527,0.279990097238411,7.54564857619929e-05,0.479099433282067,37.6071797144159,0.000131040844822733,0.000233795690385699
0,86.7042435883929,25.6321260626141,70.2211241215831,31.8342159764465,361.536599238312,1.17648218345279,25.6024238127988,9.82400012789846,0.000274472404594067,22.3661051737563,0.733552626317718,1.91146928608346,0.799693162736181,0.2757220526136,0.000154559163503877,0.482393188234068,41.128994892805,0.000148229369895632,0.000142076451025295
0,86.3953123502791,21.6541436008184,75.4757420972733,35.14656324711,430.492667704357,1.18534248923209,22.6432603216006,9.7697700381229,0.000289075832209642,20.4779146390499,0.724244318260543,1.85824363989366,0.837583780302968,0.222437483212736,0.000118590319666249,0.442347535805422,40.964772613212,0.000214950239490372,0.000159550614018493
0,89.3517310039343,23.8259741307999,81.5952385420899,32.4961433231919,375.503133003731,1.33439168165935,22.0273280534487,9.52314010711113,0.000257811954744869,19.1584397695217,0.65462117184144,1.82082232933342,0.842983822814459,0.274099084709828,7.76872455847496e-05,0.455028425216375,40.2808921990072,0.000189808519182709,0.000217501453413418
0,91.7397487185537,24.0766235959572,73.4844811436473,32.8739154066284,419.248867828408,1.11191432644499,22.6002723050207,8.98466913489405,0.000235230539847079,20.2430664143977,0.734027337556438,1.80296330351606,0.811582566256824,0.226008714733887,0.000101471903924331,0.488682715436658,39.8226714135416,0.000126448568090374,0.000155202880544478
0,94.0576097178385,21.7388691613752,71.9154538843263,34.1517487514374,414.809324955874,1.25341594124016,25.8852729131817,9.37578276946827,0.000240438794025225,20.4931958893863,0.712592081565476,1.90968549886606,0.814893369334625,0.263711548463164,0.000134924701756832,0.460527402719052,36.5214668060746,9.91616699055494e-05,9.9676969877158e-05
0,90.1378029072348,22.6911875956807,79.81413970235,32.9214537793082,428.159403779116,1.1648544877629,25.6331535211198,10.1395332817567,0.000243199578192653,19.9494644032922,0.703315803644582,1.97756041036678,0.856767121284385,0.255198930497712,0.000125462818866558,0.50778277073029,34.6539087824962,0.000185857695676715,0.000288559581999022
0,91.6689187991444,22.0074317907873,72.1169428053292,37.2911035655252,439.062228405749,1.31395925697496,22.9377142475696,10.2690094799796,0.00020507266440278,22.3059831706601,0.790160120570568,1.76671940604407,0.719895208710295,0.278562615640044,7.04607374192937e-05,0.545243950695241,35.0037031809332,0.000111917299863066,0.000148403753984041
0,97.4113520174858,25.70297959762,72.1657921650531,33.9891335360271,416.881953996962,1.27095471524212,22.808839243688,9.11515252733919,0.000329778312285503,22.3098437299004,0.632317882404304,1.72295063643895,0.717751061253752,0.233602275159163,6.35813794000989e-05,0.437500135898271,38.4973628421359,0.00022077168581544,0.000118353926975198
0,82.4835084277605,25.0339726337282,69.5154675979636,36.907751611148,412.063262595545,1.09228510597958,23.0944185836634,9.24054319256136,0.000231654238152973,19.5290841725705,0.760152189204896,1.74305713107821,0.777118316293801,0.227503575122721,0.000108878398255159,0.485265213214751,40.7806069715076,0.000141423605789383,0.000130550033348403
0,89.1004352284945,25.0984656222069,71.1075134384846,38.3449354595822,398.188756601471,1.21977928776872,24.0535739189748,8.45469831179296,0.00016489404795978,19.0994882961835,0.687475445489435,1.90708987509206,0.801257249186293,0.242642720047817,0.000135515368311228,0.471363543367175,35.7531741172206,0.000231128320402364,0.000187600565141097
0,90.7428806592039,21.7892150824697,78.6186474219431,31.4779569797758,405.208125196325,1.24859778773932,23.0515514254355,9.52827744539786,0.000187501547487028,21.4207788019086,0.746172769191305,1.70170458165888,0.800863554410543,0.233166241295291,7.52404966673217e-05,0.451103208101309,39.1940710036575,0.000109046996484643,0.000140457396489341
0,93.6916429717032,23.8979078524288,76.4801975038927,31.8195858818812,432.406328196255,1.2058722815559,21.575905292329,9.41739734289768,0.000332469838180662,21.0903040694415,0.735907582869171,1.89539774465505,0.788163946492671,0.271052837547462,0.000139730974343365,0.466499135850998,37.8948462366829,0.000181213590455864,0.000180711482523603
0,94.3607016110477,21.8038852802639,76.9840511114572,34.8592672142822,407.29065727068,1.11637492021233,26.2444630524646,8.55175524723496,0.00016731646554625,19.7039732627055,0.746919355914399,1.79460451849285,0.760823508666966,0.272336084561576,0.000154921096365707,0.451665617134441,40.0502555150631,0.000215544217470938,0.000110085105128551
0,92.2513701058565,22.03142151046,81.9173727485405,34.0164880706842,412.796067333706,1.25352788669861,21.7380057626778,9.33272595157318,0.000224619169755833,20.8034918846392,0.724326475261902,1.89756999576784,0.763306396453034,0.268094573897611,8.9705516699062e-05,0.439554071226527,35.3722081325454,0.00011467912393682,0.000107751984381891
0,85.6824108736669,25.3235462646412,70.6484321927382,38.3097362065939,364.375967978426,1.19010750537828,23.216131761443,9.19401158604968,0.000139781440214817,19.2086823721506,0.773659179082771,1.67628217732742,0.852542932402405,0.250004348110151,7.5235851549441e-05,0.534282462320214,36.0333414091671,0.000183800625968531,0.000201168846755471
0,85.6760763116943,22.6981625549055,72.9901043609935,37.051867113418,408.059157105124,1.2167646222658,25.0149792085913,8.90923047226004,0.000293474712060809,20.5856106327337,0.694614341695457,1.82511789647635,0.768551287690197,0.245930350445404,0.000124527467774672,0.526521942879178,39.0821601183216,0.000157679905772313,0.000161889982570005
0,95.575285163345,22.2883870843844,76.328017441519,32.0640261303169,400.578502292937,1.245396820725,25.8295855274446,9.53611379006195,0.000229011678523033,20.3794416818892,0.630232885078459,1.60006711493702,0.790602499601303,0.239382876705544,0.000106793534386001,0.488128640692336,36.3030133788634,0.000139678731940539,0.000238475127931692
0,98.9692544626989,23.4125517506976,83.3744384736002,33.8608510529592,420.300951606058,1.31106724031233,22.2984425809444,8.5376114008864,0.000177431726804336,22.784596670659,0.749289592279946,1.87686031203638,0.828956553402449,0.283426784596044,0.000150761267536389,0.496165640445877,41.9952281567028,0.000241438086449959,0.000101732910929244
0,82.156018702877,24.307643224137,78.6347734460785,32.2824520032886,442.044880943197,1.12112253076896,26.0441879064127,10.0239770904576,0.000287951970598091,21.2955275169955,0.671102914628275,1.90071704076278,0.856191606544197,0.264452518773451,7.32765075848292e-05,0.505708055070959,38.0308805917356,0.000267134451355209,0.000216271856333011
0,95.1842983400557,22.2585410146757,73.5338618385326,32.585523661601,411.825971954582,1.29724386828657,23.893511630562,9.2521066854321,0.000324285874847565,21.4712177120695,0.73710144099678,1.70243195635707,0.774844365602805,0.261318002630139,8.67271252173792e-05,0.48200770978548,34.9854635765236,0.000229469383903576,0.000102436508080259
0,96.5944385703892,24.9810910427804,69.800398078595,38.2027070087698,416.120201679014,1.31605031009308,25.0490767572704,9.33082615006341,0.000356809890564905,21.6830927310441,0.725436558943231,1.64202854214887,0.797359907350731,0.248912047771797,0.000118090117747545,0.514651233685046,41.004579011492,0.000190553466585187,0.000252797588698256
0,96.0045371478452,26.3215920179224,77.2767832787736,37.7621920783104,437.256608329603,1.11477723819785,25.6254060074371,8.87107934751227,0.000170265986828561,21.1079766310714,0.720733312367633,1.68515935632634,0.809072121782459,0.243812381019585,9.64382415997314e-05,0.461059951144141,38.437697080863,0.000109902449271037,0.00021642362825206
0,99.3252816108718,22.9010887427056,76.216666684308,32.2343917457091,380.544280283081,1.10855885151711,25.4475994818416,8.97197549247633,0.000160880596572165,19.5612274518252,0.750321508920654,1.95950742325364,0.772399076655188,0.260958911809463,6.9321624680158e-05,0.535646704495791,37.8360664422572,0.000245610884884072,0.00025026137314708
0,95.9038931659969,23.1180214895372,71.9188031899153,36.8882971449821,368.223198387851,1.26076370270211,22.1193967705414,9.7679233840006,0.000204769631976858,22.3872502129755,0.716473363630179,1.82951014521408,0.74851795929886,0.268465505929357,0.000131323819925761,0.520685390032233,33.8324291316394,0.00012612869419487,0.000266890804181502
0,91.1770749885353,24.3389064976968,70.0169614962322,34.64782462361,377.050392120867,1.25324700474018,25.4940817158233,9.24467272705185,0.000173170330534583,18.8185377063304,0.6456387629126,1.59513648447774,0.742638360579631,0.247575456113502,0.000111008203106353,0.514849910997529,35.8457102263746,0.000156645422700021,0.000121395487170226
0,83.1147544474661,25.9318536163932,67.9767322965989,34.5287266430913,400.627491240263,1.20274006764632,21.7709607735991,9.17793216511163,0.000375684608518681,20.581125748577,0.632062758582127,1.84625813085534,0.696355174398142,0.256400226477212,9.44992524311752e-05,0.493972658733221,33.821317599792,0.000157014912653792,0.000203094367632964
0,100.736920548297,23.8175895581745,73.1269163497954,37.3290680016642,401.924586900803,1.2722459744375,23.9846578799202,9.49491667494855,0.000406419946940023,22.1843430210934,0.784937807881916,1.97776742015505,0.854910646178618,0.228468706229286,0.000106217783279334,0.510270948450438,35.4748478617855,0.000263117095924364,0.000119429552109943
0,91.6036270458048,22.99989862006,77.7712812611899,38.8418481730222,380.904334313815,1.13373389822434,26.6713040389038,9.06347443514413,0.000321152282483148,22.8662191517971,0.76018337805767,1.68821926729962,0.839462042539152,0.275385897968187,0.000110266885333775,0.507166928004955,38.4702908697057,0.000100073271208844,0.000214671659424813
0,97.3064186938087,21.6020904495304,81.1147379790948,37.6782024107918,413.267558117638,1.23719103761775,21.7042829127063,9.04632418842425,0.000165135547068932,21.1543675984404,0.685497737685822,1.83703854399939,0.781263350838672,0.22835807428635,0.000104741177702802,0.479318995587124,35.0408482494516,0.00022383212544448,0.000154496148711221
0,86.5461276250309,23.7313680919407,80.1723016571641,35.3129456085967,358.603258123547,1.23001200727663,22.2221003875649,8.72321050458322,0.000270128590684033,18.6286403982588,0.751204484818429,1.82096616547195,0.810875263043374,0.268582740644949,9.88232161734151e-05,0.510632363681051,35.5067925476905,0.000125068450504498,0.00018998057611586
0,89.184352777963,25.5143817817038,70.545898016398,37.6059498326813,407.056057804641,1.19638851833662,25.5771065434573,9.90556703666701,0.000217540721206691,19.5851619619671,0.763906323099236,1.6440002833239,0.735176463568073,0.268758550488194,7.60029822437996e-05,0.50934152381205,35.8815808694147,0.000186465857941183,0.000278493756128045
0,95.4190961726248,23.1150983701485,71.8349434833806,36.414489459199,397.156742541285,1.24762669447491,25.9370123344431,9.49647588606135,0.000250325550383817,21.7409695562109,0.722053816003468,1.94008861995925,0.804833583412602,0.271966933154254,0.000137520635929081,0.524759212465852,37.0423538975177,0.000132844046077844,0.000118816269240844
0,97.7155128023947,22.3543371256211,75.730233506946,37.15453225645,415.799539649796,1.13757206999682,25.8182514639304,10.2429534333813,0.000433496126400089,20.9014919954612,0.761120368472101,1.84793766290648,0.858446519686978,0.244124363265076,0.000128966153679123,0.461901365173852,34.6221006782118,0.000159091765771639,0.000264109489468639
0,81.1639805716275,25.186369730167,81.5110441500824,32.313390095704,392.114251480111,1.12905902885085,25.2016406985433,9.14970998027343,0.000333682007284377,19.8480380889989,0.667838913882976,1.79669227642299,0.74849390648899,0.273585014402838,6.36292739569735e-05,0.469402850557189,40.553251939262,9.7995825911674e-05,0.0001713763450749
0,99.1611254243228,21.9234499408253,79.3603989433072,33.9873892475297,408.102544345437,1.07692278800823,23.8146588986827,9.20701949907408,0.000212279272811702,21.4390202110636,0.715960903644909,1.88681848462446,0.845704866708118,0.236236775552649,8.3557936940732e-05,0.521085100733701,41.3501073179387,0.000141735910293204,0.000185465172081011
0,95.2250377744555,24.913938652859,71.2912106303222,32.4399882190009,371.606410570092,1.10457917612133,22.4670704917659,9.27821781155417,0.000252280190468113,22.2441516324207,0.714312661803251,1.59466050229107,0.783807983269794,0.270317331252415,8.48161842118477e-05,0.475991897107518,38.1966639088951,0.000115870020214128,9.87035617443243e-05
0,85.7441605206589,24.5395689071151,72.684281808801,38.4663145258051,370.892461189356,1.10772187624568,21.9928342239945,8.83905770561966,0.000351382487648166,18.7707722745713,0.769568565490013,1.73483122743229,0.804374026348082,0.232411008508708,6.3690869680415e-05,0.535177349724905,37.8748457168208,0.000189857491977623,0.000143681865037396
0,86.1247973262863,21.635989557331,76.8693747418251,38.230060400249,406.160903134935,1.22736745087644,25.6142289933829,8.87255046738195,0.000383637204124293,22.6160078217795,0.770896810443893,1.94681864669301,0.819563723655552,0.253732676848511,0.000109092193069361,0.542468261708225,34.2341102478203,0.000112719196096669,0.000116096216930437
0,92.6380114703211,22.3392373437901,74.6065571299278,33.8521119580001,377.273754786316,1.25929235681124,21.3244655280269,9.30396977997016,0.000166014736258648,21.4973232672626,0.657414613533989,1.76006064878595,0.723707986761523,0.223973331252237,0.00012267349986703,0.510517541335805,39.6399972693814,0.000173745796620607,0.00021696632129172
0,86.2138886593581,22.942746313127,71.0754859052205,33.1777487068769,423.624004619524,1.16463022001217,26.1400690105869,8.4668347068931,0.000137654499101128,19.0283510786189,0.749119127264552,1.84965975950695,0.71799940222926,0.219680476556751,0.000164917332152548,0.511132817860845,37.3706956384407,0.000194185093966876,0.000138068581875184
0,94.4920322869526,21.8942790479786,76.5754781287628,35.7590489487246,436.477314024073,1.12197223202204,26.2319992577052,8.52243168416388,0.000294310334137222,21.0683176080161,0.654142555392967,1.86392346422373,0.761488720044057,0.235136158248389,0.000117109566378142,0.456854452769821,34.7444012659909,0.000147906081110096,0.000116533043941726
0,82.9442499077377,24.2084957425013,81.7718346495515,35.5727260542796,425.220908857798,1.17043479120583,23.5735760747365,9.73753264803306,0.000168522351925677,18.9825723240212,0.736498309002747,1.93225714932624,0.726292438131903,0.247877394365097,6.40160188193043e-05,0.492537074830947,40.3729993909772,0.000207383001624354,0.000244410813087522
0,97.9600593423478,25.9526864980326,83.3362864900208,37.4824098654791,374.920500204442,1.12728036461109,22.9506106739416,9.8236846931129,0.0003861578395771,21.3076124451533,0.721734539501028,1.92444295249649,0.717179715632186,0.245822014011471,8.10088846671589e-05,0.494102560897148,40.4547059215292,0.000196162335804867,0.000162443242758095
0,85.299235719327,22.786746036568,70.3221855405201,32.6856863156007,389.057294085806,1.19494014661002,24.0680659291477,8.50184780261638,0.000158003295468576,21.8565412137885,0.680905680296383,1.8245410862148,0.761628961741738,0.234579710866919,9.57709624354029e-05,0.481129710901979,39.1646949777608,0.000112734138985523,0.000110688566730403
0,88.9940008635567,25.5688608764136,74.1736666341059,38.1882342731492,376.454240680171,1.12746760597443,21.9682746937636,9.95645071931635,0.00041684764022684,19.5738983016171,0.757451530213168,1.78368767466526,0.838799218990782,0.264500145465459,8.78080241725868e-05,0.541968414022213,34.3642773630837,0.000210297366161687,0.000249521235889071
0,94.9055376602204,26.0789927922839,79.480424647817,31.8098654663679,390.761711197622,1.26147131779421,23.4853536687043,9.67171937359902,0.000414951995668313,18.8527347373082,0.647265889002115,1.66415462255293,0.804121175290061,0.253036340988449,0.000119836374918105,0.444748478909613,40.6613353443879,0.000247377613690583,0.000249032930257094
0,97.5807474698335,23.49561157404,77.2724571209622,33.4209888271564,362.036533201771,1.13756758074893,25.1493229571661,9.35138346287653,0.000256362792106455,19.3396893317127,0.711920166832058,1.81449007094446,0.687729165268584,0.217209205788594,7.26099048582396e-05,0.523718299373971,36.5029358687517,9.81094736561133e-05,0.000135171341208704
0,97.2391989527677,24.9535539293978,73.3404894125006,34.3484713375263,396.794004457619,1.16040923409429,23.3724023783777,9.77138874707405,0.000341433691163979,20.2493769303515,0.757280118118203,1.77867094857796,0.800753018521012,0.252291362635347,6.87469173753762e-05,0.44719729603182,40.0673696523546,0.000250696443660801,0.000181287438444453
0,97.5118785362058,25.7651260635961,80.1089908236319,38.3996323422801,379.307710850348,1.24772161607294,23.7425656073158,9.79100684883685,0.000193118770752315,22.461385465714,0.696739848068924,1.95536920672128,0.764675016775778,0.253179487547348,4.70750155305489e-05,0.464616136424353,35.9838438724273,0.00010465379950267,0.000192771677648346
0,94.5275787970687,24.0926254556888,78.6766401905263,36.6617126584994,406.57513781613,1.0923489180648,23.8155281028356,9.38234199950868,0.000187462824890279,19.0584075705484,0.64844904554781,1.59616957514119,0.820253670826587,0.233283168596064,9.63837045472883e-05,0.489620399655837,36.2789976583985,0.000201363692321793,0.000244962809795048
0,85.4472140358215,23.9561921885121,83.5099059561628,35.2815129957694,358.131914983079,1.3225715702012,24.9677785079666,9.97449876547897,0.000399272165438033,19.5085955780599,0.691251405631907,1.67654896903908,0.738103775346258,0.256270827698091,0.000120320261943473,0.501948851439821,40.7716827441613,0.000224025274695755,0.000232227196494365
0,86.2491348667664,25.4013285482404,73.8177459818704,33.8679959303219,405.032098034971,1.24216432173356,25.5278103465619,9.98665332235505,0.000350047600895576,21.8921781762411,0.705239039679165,1.93084600528857,0.798190849604545,0.23561311218894,0.00011421462820283,0.454252516983155,37.4146710070744,0.000149203303087129,0.000110304957250063
0,88.5685978230046,25.5125892870559,67.539977999771,33.7711940233989,428.035607953309,1.10110154093318,25.1817565909782,9.43010607497922,0.00027053468481325,19.4160061948971,0.661181176985444,1.56632517185059,0.755166960240348,0.212435103889336,8.7957036399529e-05,0.469177977113114,39.2638666334931,0.000142952094296434,0.000151285575426806
0,90.8499130139042,23.4038993786879,82.9381794023855,32.9292391631702,408.583700607266,1.12119204808821,22.5072153241867,9.43972925979153,0.000172237385896683,20.3664062854344,0.643107037162945,1.62363556181742,0.859116197256798,0.272408157614006,0.000100852362038898,0.516186561356674,38.8936906869384,0.000154330369629757,0.000241177573599176
0,94.1917782281199,26.0210435001265,75.3104939296374,36.1527056613785,363.551690736542,1.12616855615954,23.4834059257153,8.52076974884367,0.000187622600812157,21.4401182822732,0.70883037935029,1.72487777259297,0.754990590124272,0.228315491894903,0.00011572010504323,0.4690226302566,36.9481226957995,9.64137969993448e-05,0.000258851635017333
0,86.4879836419206,24.8341863472953,78.6734907011369,34.726129327646,382.422345177223,1.17375732800845,25.8435664615571,8.72314310879532,0.000171081341912896,19.3726806963927,0.782942860786474,1.75360807141045,0.847218732542458,0.25141383635802,0.000151105219996629,0.515221031088733,38.354522282453,0.000178748461888353,0.000205162276330198
0,96.1518919303595,26.1196990939566,76.2482935471375,36.1382964169212,437.126274094987,1.16579932211404,23.4638747734117,9.20570109227735,0.000391577473364603,19.3347498933867,0.688052046550885,1.75924051987493,0.728943376234074,0.234344239185683,7.16480702418307e-05,0.5046997120236,36.2104321849964,0.00018156619266736,0.000177313753775693
0,90.7386276457833,23.3054905965705,68.7838295286484,38.1061938301974,402.089255872261,1.21041629819137,23.8195181734729,9.45232947767017,0.000205215314949117,18.9368866358615,0.663164713444366,1.68708519244934,0.836149980651783,0.252193536925011,9.04104354528095e-05,0.451341025460414,35.6769751683866,0.000121864481922832,0.000140153409939236
0,87.9398489814982,23.4322101404331,76.0512912771529,33.4198867831138,403.261492385034,1.14497194050862,22.027580530076,10.1462970193958,0.000171106850459171,22.2628549451129,0.646521091777055,1.7044485739713,0.798922361739516,0.223311945640907,8.61325896379248e-05,0.537857413060428,36.645347976721,0.000204961171952683,0.000108544174589325
0,82.0207487256303,23.2264447514687,78.9147611034074,32.6007519018938,404.951809494671,1.11031717374286,26.0821227846004,9.00500693600493,0.000414791135771408,20.0753050572546,0.730336794580825,1.65019102375287,0.844762345311932,0.241470795062816,5.90114415691083e-05,0.49628959356129,39.0444221896484,0.000187296222397548,9.52127992259147e-05
0,88.8185858660986,23.4914926438061,79.4953189658126,37.3557534545933,374.487911949378,1.24796953295716,21.8587418322829,9.35979652492128,0.000416865698805332,22.1430216911124,0.698697761017791,1.90501463112682,0.76546658640087,0.24091275860989,7.6720262689794e-05,0.447697254381375,34.4778474240661,0.000156443471414177,0.000254178429813302
0,83.785790957407,22.5722423316822,72.5925726942853,33.0500740413501,361.235078392706,1.18050203538461,21.9659710351958,9.57486609663162,0.000256345463358768,21.3709403377166,0.694905853850538,1.85314181164984,0.729096293238215,0.23669085083406,5.93649139506776e-05,0.507513956696171,41.5709338672195,0.000150926261510186,0.000198539705875222
0,93.1676581912034,22.1811717171698,77.6476165993616,37.0489814289066,368.053723864376,1.1321471262784,23.7886429452475,9.19424646368738,0.000204485285121673,21.7299384617772,0.662260978787606,1.97055817670063,0.733083730327986,0.23720930396985,6.23933776575922e-05,0.481699766957322,40.6135731783575,0.000110241024531265,0.000151204055517159
0,83.1948687786648,22.4664065837595,77.4585425327103,32.2563946536448,378.302538769781,1.16404361893745,21.9390137174401,9.60499989121741,0.000168911646730942,18.661784246324,0.700784318525697,1.68306091820737,0.754418044098726,0.250608572313543,6.89352406254345e-05,0.518034795951442,38.1950433479891,0.000224538763301298,0.000212872032593177
0,99.0411621466978,23.5793064411794,71.9186901269513,36.8059372765011,385.116247530795,1.13214756174893,25.6325469146522,9.87645612590603,0.000209881696962251,21.3327999423743,0.660253151311245,1.73849353099755,0.83383777006929,0.235039084408495,0.000112673897049292,0.499123588594492,38.7653107102899,0.000132016601939247,0.000105761087342619
0,96.1086661161403,23.7849680910569,68.9917805151889,31.9870730036292,427.859431316928,1.09548525498465,25.0896355798717,9.90544095324225,0.000293033799195497,21.573754116634,0.773400335208709,1.74262916889932,0.816543030130809,0.242488324461283,0.000145427748135565,0.449356771159031,40.469875236634,0.000148012538731853,0.000184579823261177
0,84.2315708646918,25.4893367811679,72.8809451421024,33.1069924186454,374.392282357418,1.29129464420277,24.2110954261404,9.07531481022862,0.000196109586472097,18.9481601230779,0.697436539369971,1.88075676346476,0.77734360681461,0.248813047724663,8.3260064338974e-05,0.468982452689762,35.7648409076199,0.000234308955338764,0.000184807328962062
0,94.1260616560903,24.3865209910334,78.8282779923476,37.5441038380531,419.115054491584,1.19786472904234,22.7122210344306,9.45020359133623,0.000195181065806053,18.3372082111097,0.763348702562894,1.60000427960496,0.841210123502442,0.265536051106436,0.000120945990963355,0.436692649435495,40.8957767472944,0.000106899992356036,0.000118929485571866
0,93.7005164649045,23.4283831003299,75.4712515783798,37.3182317840009,394.686550635166,1.08464753918061,22.9480976029019,10.0901984500582,0.00022281150690572,18.2294196863798,0.73096082733084,1.63016069603576,0.741211317123879,0.226445877746876,7.15388650054748e-05,0.448856668214333,37.9395654284364,0.000166388310194793,0.000135778151987909
0,83.2496119107874,25.3383609302279,73.9182967042761,34.8091386918083,417.26751995266,1.14932528169743,25.9222626632892,8.50328775813079,0.00025140324877451,21.1555647356924,0.64745218050547,1.72959901533939,0.75142772385824,0.27401270473088,8.62244911867117e-05,0.465700635963107,36.0913165727467,0.000212746458605203,0.000142618319265574
0,92.7177725944797,25.994099388099,70.5584814823619,36.9067646831371,434.573310824545,1.10403473889802,24.2625102370656,9.27503710122061,0.000420404723950914,21.3927492020998,0.665317845067448,1.72254352348752,0.777867566156342,0.24434457258081,8.1594973325429e-05,0.499922133115616,40.4308452024785,0.000148902752219684,0.000190216166864868
0,97.8808132654393,23.4260952555043,82.6468880086272,33.6972749199679,420.937203340691,1.27383911275201,21.5542243337212,8.52610227976509,0.000182951870173737,19.5147754340028,0.72468362287352,1.58993870111735,0.827004724697371,0.233600795166468,0.000157090850636117,0.430449363993166,41.2739598391483,0.000197402639577169,0.00020209760291026
0,84.3202664661803,22.1584768793774,80.5850595609442,37.2100070435344,364.146442949989,1.18840497223821,21.9325504685901,8.73558760301911,0.000312660449961021,20.6362880504849,0.726560029756137,1.60269223071998,0.840803551744944,0.221751833693905,6.04251786979031e-05,0.487461589007099,38.6883067634948,0.000205389573719682,0.000269651985739031
0,91.8089809390544,26.0487517430797,72.6764331878104,35.9688187968229,422.713097830474,1.15739002382399,21.7793926323836,9.11831268365802,0.000273513734345681,19.2700954843519,0.688606540535252,1.75702781388213,0.8578101653916,0.255855989866568,0.000119712122258247,0.513825837076904,34.1122082874391,0.000115584669900824,0.000132962064685794
0,96.0596352265845,21.3600466266114,81.8001550879687,36.4054248666143,410.003262453708,1.29712237473694,23.2264364906554,8.72268895700547,0.000191785212857101,20.3862425198277,0.738234298840376,1.89544244569802,0.782209148564745,0.241171445486834,8.33708170214188e-05,0.470633431820966,40.9076593509784,0.000119850572698841,0.000158348174050983
0,92.0837191897519,22.5726717089004,75.6043236296498,36.8395299930131,375.740338445868,1.25065349748003,24.9149855001032,10.1131598421291,0.000190183970790965,18.8798483428605,0.74513750953142,1.74973565325935,0.720128976795347,0.242343384842957,9.91877631786619e-05,0.471489358646719,38.4061728384649,0.000184238019733331,0.00023657930142222
0,91.4859333980622,21.6456472752783,70.2230796412801,36.4845982316308,379.288220389032,1.31323500423487,26.301389465135,9.99478009284528,0.000176153857284634,19.0847581731274,0.661035823522596,1.8527129860858,0.821618839615335,0.257775802983113,0.000100283581529041,0.475507117314007,37.7251302347681,0.000100173181859677,0.000160686742778399
0,86.8238363686593,24.2851442821132,73.9926025723679,38.2802164412244,429.604127377655,1.06433290531888,23.4438500768978,8.78437830286666,0.000378684781624544,20.9799028744447,0.682499199335871,1.93462704053618,0.803739717752857,0.239711567138773,0.000134912885488139,0.475168577257702,37.0212027509858,0.000202793985165711,0.00019278169470072
0,83.485550730815,25.6644537329328,81.885023872446,32.7694184416209,404.626953171659,1.13881567490421,23.4831482301641,9.54091878040895,0.000227271544519894,21.4007861388958,0.649392229798023,1.88791557644055,0.792875434097711,0.227121552612503,8.94251549397831e-05,0.537528481252953,39.530339089932,0.000110486641218845,0.000181280062434816
0,98.8855249213758,24.554048685262,81.5010759829918,32.0497494431849,425.685516715456,1.17032957298938,22.2304161450748,10.2564401429318,0.000172067397458902,19.2291822911199,0.765005065728894,1.75893850027527,0.787257673508936,0.243029109228688,9.11702298093882e-05,0.512920871096143,36.0564205584495,0.000116273767851726,0.000169593788753035
0,90.0907535600331,23.5016303079828,77.9464288498134,37.6606660666175,369.688890749746,1.2502588148287,22.6486741612001,9.19470993399721,0.000221201247361788,19.2190680757528,0.75327057324702,1.77553196758803,0.797685648387834,0.255712360740889,8.25342640823327e-05,0.472316092423613,35.3062317290209,0.00018483161910304,0.000183675665400237
0,86.1303696683626,24.9960588421848,77.7948024933032,35.9560305737849,404.89508888063,1.08427628455943,21.661356483977,8.41944055640442,0.000367357264163303,21.8857314173612,0.701145331532265,1.74983929157651,0.811925519628348,0.2266221264601,0.000125560564649737,0.526729723888598,36.1154582873837,0.000214457632669079,9.8757815040815e-05
0,83.7674521612234,25.8400861679921,72.8623701524373,37.0539061756365,403.204841512143,1.2455040080636,25.083257134492,8.95270380481558,0.000416257127358332,20.2564717833572,0.787258265361608,1.80270480552184,0.834307538655117,0.234762614107075,8.51472584774509e-05,0.453010386678034,38.479879929703,0.000227975235935135,0.000117177255728092
0,94.1082413011958,25.6973980472012,82.4055814541482,36.277300962117,358.393887520528,1.3001197071385,23.6437489315405,9.96596981073407,0.000161512845764316,19.4401381533445,0.701801841048441,1.7113685913925,0.813933461071215,0.257272601355348,9.26437342648525e-05,0.46575656027172,41.4208461500655,0.00017652897324274,0.000139271321883002
0,84.7646767185518,24.5729280383116,77.6564796833984,35.3723308778632,436.023502274346,1.10253782515746,24.6537222066826,8.8973050857625,0.000205698282809347,21.8117935461742,0.749136895534484,1.67864795822389,0.863709663049147,0.229631151377284,5.71536626438888e-05,0.478199334614529,36.7551117219357,0.000248985337514035,9.15444527924101e-05
0,86.0574073782012,26.4366893906654,78.081945712305,38.7102184918224,414.387053123655,1.28780355067887,26.3622225827127,9.15599105381314,0.000208619867751106,21.5061125622445,0.785491076731731,1.66312142972849,0.729027479515082,0.232197602821412,6.99657021899493e-05,0.524023051271046,36.5271392409721,0.000113275217245138,0.000102985761319663
0,86.9596135955632,22.3934175902327,75.4877888834727,37.0424701861653,382.684838714432,1.20026520938394,26.3660809106198,9.77305846083438,0.000278874722022103,20.2325303909719,0.762153971612811,1.86863656633112,0.771846645723812,0.252305421613215,8.46438751915996e-05,0.466782684104453,36.9414456639954,0.000140397395404242,0.000128935324805355
0,99.6256571120241,26.0210436803157,81.0975749331627,32.3272513326945,400.578479490773,1.18529207763435,22.5289818394162,8.87375366634562,0.000322477944442606,21.9649571727877,0.70448587153224,1.94511243864758,0.844784533292338,0.244328910473863,8.60200474665291e-05,0.457227279361494,40.0168940002415,0.000197485461018663,0.000134603546236377
0,80.9389182631931,21.3921711967694,74.4147311331592,32.0362805590409,411.680295147186,1.25043767834718,22.8500407615772,9.12635198415917,0.000344576795377238,21.5456456890136,0.750564326803377,1.83489416793376,0.7411212060439,0.257141210281416,9.05539947990719e-05,0.441415779384013,35.8453748255648,0.000243443294739737,8.73332432784504e-05
0,90.7694687008451,22.3740964408175,75.2736825907012,32.0967680464573,360.403827905128,1.10061872680261,25.6234290975212,9.27603763994854,0.000361000844113127,21.172680532905,0.668740198753307,1.83897378277803,0.768070388154798,0.246962152795577,9.1852679949815e-05,0.526456710127715,35.7326243385206,0.000138326437095849,0.000104043564663761
0,84.6876760271495,23.5903844147668,84.5685135471633,35.6672946442247,408.935427035127,1.21041296636106,22.8430833354297,9.8093061412319,0.00018949363065247,20.5636500584742,0.693925856756367,1.70994652054067,0.870668916738011,0.260127741677826,9.26237850244347e-05,0.464491552640929,36.3710700266106,0.000170542929239509,0.00011892347168114
0,91.6137145949411,25.07899815513,80.4785596278334,38.0053642093903,413.374935045613,1.2838291193441,22.5927415427465,9.60543336252788,0.000234958220885978,19.9861983065135,0.661940653879272,1.69772252902536,0.724030780428026,0.260561775551694,0.000107522422295955,0.458082409914596,38.1874976914399,9.88648880752701e-05,0.000253932835257759
0,97.2882671044538,22.0885126868048,81.37309041583,33.423393572974,394.373837292507,1.19439065431856,23.6758963884339,8.69918794356966,0.000195361687203393,20.4279334787666,0.671892949437022,1.69593759381671,0.69637867204632,0.231687901503334,5.84396410954782e-05,0.478606883734764,34.4235958950346,0.000107126019011366,0.000114431728690882
0,83.4371830269001,23.4935888984703,73.0082545421927,38.4145942337484,420.285978727417,1.27845261867016,21.6348140522511,8.47959799671399,0.000374416087314228,18.8876506391251,0.767546167020196,1.77876410690182,0.782609583708036,0.240816447681233,0.000108815691497626,0.527963436474441,35.9151082607361,0.000116179513094653,0.000272140641441104
0,88.8049322268978,21.9009114624987,81.47305956965,36.172379694618,439.827095074979,1.11096116472108,23.6540443546835,10.0253936469103,0.000238226354453682,19.0592835893401,0.746654572407368,1.68209701823759,0.872749798152103,0.276773453127231,0.00013628317685398,0.543371008054851,42.2617066840359,0.000114540153705078,0.000119084677176886
0,97.8658912033005,24.7753783564745,85.2150571942414,34.1356181625402,393.146199310816,1.15037350728149,26.1014722578531,9.96612917883208,0.000234905096950626,18.9231915851983,0.783682014593724,1.73809704189695,0.850404463106803,0.26586401815581,0.000125269156683699,0.471483920586594,42.0976975635291,0.000141908176388539,0.00010981350189779
0,95.252662561716,22.4445400059889,80.6965539537464,37.725659231644,385.658507757414,1.1318738206846,23.8275208783605,9.48866042543937,0.000389187723658266,18.6612011162627,0.770031112392375,1.78728859986081,0.749514531380419,0.223108597806442,9.37372388261881e-05,0.481132923261584,39.056258853484,0.000209858591652345,0.000275160318798406
0,86.6686010946119,24.5590757090726,82.7814561321009,36.6406019395471,377.16297711129,1.15434029543556,22.4433379950668,9.62376504920402,0.00022678113243408,20.0757957650797,0.680037608655182,1.76492759752697,0.725833072994533,0.236279939383826,0.000128798212287487,0.445593552920381,37.5870491334183,0.000183918598113365,0.000134312372235536
0,83.2214333674277,23.4415227924163,80.1133408961415,34.8891971868131,393.579942536811,1.10899666030372,23.3732184922901,9.84798985271853,0.000236921986873562,20.3211651014295,0.728914848535057,1.91112088952779,0.837646234532981,0.259432298195623,6.98620638229233e-05,0.519317055329259,39.624710363461,0.000112946418635258,0.000153793653249832
0,82.5762452123913,25.0370251073146,73.5056866032357,37.4476725936708,372.019984355388,1.19462994358509,25.3423912584974,9.31482204858145,0.000258744782984283,21.9395736863039,0.701499780134555,1.62432730422669,0.724772512615934,0.263566888448449,6.77567292298689e-05,0.486802069264727,41.2896772171646,0.000227721598702907,0.000125396506526873
0,82.4471645986462,24.7425930078659,78.7307536267305,32.9614124658042,386.861685008289,1.2615608775417,24.0555008329231,9.57735669569872,0.000225116772625372,19.9456069788795,0.708556007495928,1.64253405466496,0.854551207250675,0.222565012608355,0.00015226210212621,0.463195775560547,37.7867705289376,0.000107836074631829,0.000187737465260722
0,94.1545764561723,25.4555008767634,78.9183884204832,33.8068333780713,389.51174448671,1.18891367355981,22.4770201640247,9.55961399429697,0.000185648503196012,18.616334466346,0.657304871392331,1.65821250040165,0.722119558101187,0.219594510298975,7.95104480515797e-05,0.500686398336847,34.3152197511886,0.000148941670538727,0.00017208041929759
0,98.4953856656323,24.8270613251715,81.0992971341902,33.8483906217461,373.006498845042,1.14993571333474,22.6075733722624,9.7353797562437,0.000401480020398952,19.9373493359105,0.745486027462464,1.72780228520238,0.81267548334835,0.243533213507976,0.000129984466443879,0.497837431384689,38.3836444042955,0.000130292019251128,0.000153153727663597
0,93.0136351401535,23.3538818189495,74.9102864780603,33.6265968382809,435.551446272999,1.30362272140853,26.33082691187,8.66271066223856,0.000166192409522725,20.2160429562705,0.665096402374414,1.70034082206989,0.743332400455792,0.227229986709676,6.14774668646467e-05,0.457978673078041,35.2688130800991,0.00022311625606205,0.000115863775167947
0,85.7281217039263,23.8969843199083,69.7457609318629,38.438536794527,401.936296911688,1.27738173441381,26.106308134383,10.2003268256266,0.000233451943042029,19.7160939026587,0.740129297556053,1.73381775134521,0.844034328382081,0.249973233316084,7.61007204224341e-05,0.496807691710675,37.7441137173149,0.000102027841800723,0.000195087641392424
0,92.397381352867,23.814228632118,74.7119158125907,34.6303808659306,360.774215643472,1.17615195493834,23.6528262978968,8.35731556604129,0.000273195644686014,20.3865476757712,0.647693517120855,1.71505348157212,0.824462221646242,0.24488744599145,6.36673566613288e-05,0.433273626241003,33.6978862113278,0.00016500290556042,0.000256738134446467
0,86.3335425494506,22.3738573672645,76.0166968233267,33.8002480629247,421.635781058617,1.27856364694628,25.8462776893136,9.95612838470919,0.000406930931162179,21.5583381902149,0.769497697893089,1.73835608934207,0.791761576447896,0.226220956264903,0.000106276002799966,0.472623275121731,36.0993839306448,0.000144664079924287,0.000161322464787777
0,94.247665567609,21.7709456879322,75.8983901829903,34.7508864115284,417.651165750994,1.11891645085975,22.9091194189206,9.40269457665247,0.000232352415262294,18.9938655930263,0.7006945915647,1.69730557671649,0.859806353054327,0.279708125548858,6.66392126857152e-05,0.525895842908179,38.1594834802885,0.000160599441138766,0.000106310637436553
0,89.9990417396971,21.5578563154363,79.3620588660831,32.6253848574603,427.757011484262,1.23845649392495,25.385481016648,8.95225539794458,0.000163638895801963,19.5254643230469,0.695194942461559,1.87237447110759,0.816581205521508,0.224684084144058,8.34265478900944e-05,0.50417725926798,35.8035495580733,0.0001146878673777,0.000121239655860333
0,94.8830717924414,22.882689909227,72.883376458861,35.2189725417657,428.360444444557,1.29821620382359,26.2406730130508,9.43429868600746,0.000293354924787057,18.9989190149199,0.757063464986333,1.66801838094262,0.811772604101669,0.269131139421202,0.000157864638798928,0.453204078686319,40.09418198052,0.000196174222075105,0.000171552353946252
0,93.2878713271319,21.3378535188046,71.0069262715531,34.3259041627991,402.355506002699,1.08650363559726,25.9153262957679,8.7765167334513,0.000224949951848894,22.2280732714146,0.714128100984229,1.82845951042222,0.789358669579773,0.245925924986931,9.1467163165634e-05,0.5297458308715,38.03160812468,0.000140750482382154,0.000197716818463051
0,81.8955909989089,21.6869823969148,77.7358085582802,36.1210859281292,423.008852922346,1.13804467651289,26.5647062435844,9.93884755710606,0.000254269485356553,22.5556746564594,0.681284031052688,1.89153066727959,0.858474942119656,0.251497950180142,7.03396445004697e-05,0.45037859588853,39.7410867790186,0.000116571600434353,0.000246221495415389
0,92.5607259540079,24.0067885518008,76.2950345380322,35.4854551308372,411.040238747801,1.30881630499378,22.2855937707196,9.76309181208479,0.000309753638455823,22.0879946841469,0.743988500233951,1.80003690507737,0.836649076607533,0.233802910378814,0.000144980250596022,0.449598565110465,36.9348470981565,0.000170666819693705,0.000256916348218819
0,83.3910028700188,24.3127435530965,79.9811213199383,35.0444899362183,403.106183784858,1.33482370384761,26.0653594603755,9.38389486522819,0.000419095935305757,20.7786315221882,0.724951645388141,1.7852467022305,0.738096409222078,0.259543940459186,7.09248677543153e-05,0.52445861781679,39.650174001721,9.47836510222333e-05,0.000279080170853529
0,94.9721484854326,25.5236251275947,70.6068060400004,35.3562490164006,407.871057086618,1.15816783743393,26.5834063015355,9.64750122295044,0.000347860945622593,21.1966099721971,0.733540990082759,1.92486039407601,0.827526145418196,0.241453301979722,0.000123190308205529,0.499564904340181,36.9561309096439,0.000176418702088222,0.00017897535809436
0,87.2107501600058,26.5179258407446,82.4452395006999,34.8360737093612,413.831745592422,1.17981200583334,24.6818346667412,9.33329179906584,0.000168672442165917,22.9803943788005,0.755678488361211,1.87513954291476,0.823098776478183,0.277606895513065,7.72758473069025e-05,0.448406120309366,41.8760949691673,0.000146102347588605,0.00017658527894716
0,99.8349744187067,22.1266037648086,76.2270275604726,34.8263090305837,378.527626202984,1.18875499988725,24.1703626377059,10.1539630403752,0.000190731885800102,18.8412788554247,0.70615652270525,1.97126380701239,0.838691644266302,0.245472505769435,9.25569516956907e-05,0.465630570234727,36.5808900394357,0.000146734410548131,0.000198237722026205
0,95.0009524675516,22.1061000667639,77.7282425189376,35.0334580844523,430.238467845101,1.13916684494791,24.5776305470569,8.93047903259841,0.000207812511047965,19.012976113592,0.662224256172621,1.78944576929105,0.812142755780089,0.224849701283436,6.35709391313107e-05,0.509266908841385,36.0855783048747,0.000130424404831911,0.000222431591371835
0,89.1046152220566,25.2421764884756,82.3671016731278,32.0154698552754,382.174988690631,1.30205224244095,24.7652947578547,8.82239918108101,0.000308305448447887,21.4449885204562,0.704924176046149,1.90928283756372,0.863014942748807,0.262056436263746,0.000126210755879187,0.439255443131158,39.702909159614,0.000247077212478964,0.000277804253718839
0,86.8722393842857,23.8133096559552,78.838622148281,32.7957832554497,361.863749207856,1.20843931041838,22.6628007783802,8.62777926940896,0.000336108529971136,22.1253638246632,0.673297729038731,1.87963847909434,0.815885972741722,0.273143901859973,0.000117882759685578,0.476822380091226,41.5565643784038,0.000184131109610665,0.00010274409065554
0,82.899591752863,21.5817611759198,76.168011730687,38.6688555223413,367.058145939752,1.14607228706816,22.6224144401511,9.68344984298843,0.000309070718252092,19.326955338776,0.668543864501054,1.64954737906379,0.843847457702716,0.240639985646401,0.000140206641640867,0.45275735297289,34.464420471017,0.000112345051295965,0.000137120637087948
0,88.9278367588104,24.5071406627613,75.2182951980197,32.5608388440322,435.27835068398,1.26351578385987,24.7166882303247,9.54102150465424,0.000381278606233112,18.6874011522995,0.736186958680474,1.79898645589711,0.802946172873546,0.264729051400105,0.000145021852582709,0.478308583382859,37.5737043845672,0.000223871716670397,0.000181860425365682
0,96.3072376264443,22.9039152978192,83.1924774797709,36.8280946417482,418.79918589284,1.08102054167748,21.5086611528724,9.14313920635503,0.000212392168924194,20.4218670886247,0.687198690129542,1.60997476618439,0.726943331361817,0.246987211901372,5.65125148999357e-05,0.443739335964201,36.8763984992665,0.000117065236660621,0.000129150330107065
0,97.61553855879,23.1183813408723,68.0866793177346,34.6019243093029,394.812780053406,1.09446943280472,23.5701744688373,8.30682392047152,0.00022944963118859,20.7769170749218,0.710919569465043,1.67092793501014,0.768102245765584,0.239810688188518,0.000131587441767606,0.533366461316457,36.7699324882045,0.000132963187186696,0.000111123072354557
0,85.3961357079167,22.8669768870439,84.0843106342572,33.2408050752358,391.548177333607,1.16109089613546,24.3530373963685,9.71086015655699,0.00028858077601412,21.5890771294939,0.778890965058207,1.83990870497568,0.829849302224075,0.225332804260946,6.48147192060687e-05,0.497399731689252,35.0661004088512,0.000180770272181004,0.000117548637762171
0,96.5984926852934,24.064624832844,80.0528853296785,37.9067811012294,396.125720910817,1.09580650173437,21.6722295719199,8.91300919793877,0.000386178320868836,18.9740178646924,0.714786937219028,1.95172747223165,0.788858931594632,0.240626815258416,7.96698856930983e-05,0.541582268600884,37.4946324149662,0.00017109687526003,0.000287285257946453
0,83.2896431171636,23.0290834077845,76.4141515407512,33.7375560248858,361.640484112325,1.13719769022175,25.9006815124052,8.94785317916756,0.000243483944362319,20.4587632984498,0.721354310426641,1.93983159569697,0.815163234023361,0.256829623173681,0.00010069256611353,0.517762875217105,38.1027054715962,0.000148892002088976,0.000150189671384385
0,93.9008468921212,26.0589530617122,70.3298910162174,38.1009195469623,397.010086873231,1.10742086159035,25.8849601004963,8.98735165096156,0.000232140369594224,19.1946958098549,0.72211835192046,1.78051618781851,0.796775723493698,0.270857424556001,6.87520314672749e-05,0.460632385912803,37.1580593260947,0.00022449772894696,0.000231565488356613
0,86.3977301089338,23.4244601533689,74.4409759042119,33.0201271149854,378.575592408793,1.26631530003159,22.2037895830252,8.70511058596108,0.000266222809038198,19.3825892652836,0.746503362645765,1.70478969727909,0.731236226375903,0.257120459649807,9.18861424996433e-05,0.478504206095636,34.7284035721076,0.000125320425489312,0.000253532782104349
0,92.5219248763785,23.8712853487959,80.4131323074557,38.1847861115194,381.368458651097,1.17311718050615,21.8786064010305,9.50859065501756,0.000265815560170858,19.6119228023105,0.736647249330924,1.6465632493386,0.837611120178626,0.241939626858759,0.000101870911362682,0.461281668031478,40.8173951913376,0.000168789430658837,0.000148465221396158
0,91.2632297422941,22.787324835284,77.1897590006685,35.0056751623785,396.236349723274,1.10590794779206,26.1274114750112,9.33779701786651,0.000371358819736503,21.4719872384284,0.658313015754452,1.78167196783053,0.801862114223452,0.237772094112507,0.000135408004258849,0.481710596601412,39.1114247323717,0.000153828806289643,0.000193614171449825
0,86.6505397012793,25.9276614538282,70.4061010616732,33.4770410646831,424.610172599444,1.08290107786122,25.3167826597782,8.60897824866793,0.000194862219932851,21.6475972816243,0.663257441915561,1.87485341122377,0.824270749817899,0.254008933536633,0.000149521863493956,0.461562328857152,40.3359810117147,0.000210718540687867,0.000288299606915071
0,92.7191399751979,24.833916299934,73.0984986713216,32.3546346959821,391.20784956372,1.28844514487313,22.4153292592557,10.1428525180691,0.00018260749199246,19.2288557177511,0.743281336141176,1.90116359461179,0.796464947116102,0.251464670949861,0.00013281819277667,0.480854621283893,34.7851768642126,0.000176111395186641,0.00017233886270688
0,92.4185180616465,21.6321829540927,80.6014432397927,38.2433093832816,392.145097087562,1.31648460049163,23.3549519780049,8.89175856223443,0.000184558727789938,22.313314694316,0.68662164541024,1.67676650321889,0.712985347123647,0.22772169453267,8.5563920789659e-05,0.457905298674564,36.2743100176007,0.000110122075095103,0.000215443950466609
0,81.9033007265019,21.4962619752314,75.7150842341828,33.3096769145117,359.579164035331,1.29995336861378,25.9821588140812,8.96803163391162,0.000200007429768874,21.769571106441,0.670343777239034,1.83250158239368,0.807919961985986,0.234374520654923,0.000121663627408416,0.457609796460991,40.4087435441872,0.00013184859731446,0.000137130277187775
0,91.3460446721133,24.6154864470956,76.0864911531858,36.189655273476,414.414776059201,1.25612696869671,26.4893656864543,9.99415680538457,0.000228429556840992,20.4556794542033,0.720178814119723,1.94603423324887,0.854926852758443,0.235520971487712,8.77058356366921e-05,0.475684611290567,37.038953825792,0.000247835521516587,0.00016262063430063
0,87.5569175612238,23.9705737155712,72.1890548221798,36.1116686728697,369.57420250803,1.20561183691072,22.9976921482127,8.4055915349968,0.00037814706305556,20.311484604464,0.753412120900121,1.75258457998906,0.719864443297297,0.252637505291266,0.000112486749403932,0.485968573724722,33.3611224614784,0.000231736697558982,0.000205995877612684
0,99.5962964465896,25.9049157707749,72.9496565506679,36.207315442861,434.76111556077,1.10288177208139,22.8334157631904,9.66483032759949,0.00043755437708556,20.9094801409509,0.725542543643776,1.68375169017424,0.781652833513609,0.278816720413739,0.000125683111009143,0.457638923489159,38.814229188283,0.000229062526445804,0.000114643537659311
0,95.4035908441347,24.213622512718,76.86840608216,37.5243205547238,393.282008628542,1.28001798904315,24.6832787743619,8.98089439741198,0.0002475962822866,21.6855114934141,0.707043235722644,1.92672851253071,0.771359264221724,0.276234105412795,9.3315716115662e-05,0.535542922663516,40.6965058270038,0.000234138618301131,0.00013018092989782
0,94.9993431471304,21.8986648558445,79.3431858300887,37.674450136732,389.509261558745,1.15737797326997,22.2440929334699,9.37259884635195,0.000361029007683803,20.7308365775821,0.777239984410585,1.72018771185833,0.816077827735362,0.235403274119334,8.51172976973082e-05,0.497737183471087,35.2016306297192,0.000224798557960818,0.000121646061611345
0,86.5015471873504,23.0601537402532,70.4816064771905,37.6931237836751,404.016345558216,1.2045500086336,23.2512021816636,8.39117463035582,0.000155878696966925,20.7449606883166,0.725186121411631,1.72791028354732,0.857445018199048,0.236349315760291,0.000122965300870617,0.505312688123019,40.3517924586912,0.000105569637530852,0.000150807101023014
0,91.0694529460518,22.3937261067401,71.5315261300812,34.8926756582947,391.557903108899,1.29607273456425,26.381869319988,8.78527663138734,0.000362937118810829,19.1866633315469,0.74057662251791,1.88294440823359,0.775564194928421,0.249750867577452,0.000159164814012444,0.458347899760125,38.6314009566376,0.000152819339118401,0.000248299972217566
0,85.1464886068131,22.4983156706027,74.4746658742368,31.4500031821488,420.865339014215,1.1144626010279,23.4792362518033,9.93453106254792,0.000260918228953834,21.7767962541017,0.673265341657,1.88180763884417,0.701503195529696,0.259684025091251,9.97196613843748e-05,0.515502837432415,36.733353298841,0.000234509351776397,0.000214346680497995
0,88.2811678363561,21.0944655914917,80.0006535562689,36.2008547761925,378.924941897131,1.19861890805388,24.2749751331643,9.33916328349716,0.000147238492769601,20.047831823911,0.734306379116355,1.82732086567747,0.773434026386316,0.226852495232633,0.000141596017827579,0.451146781061181,39.1800557856662,0.000222713886415862,0.000172513573194613
0,99.682873673615,26.331943921494,82.0521916213949,31.9296350398885,424.328428385913,1.12644974296396,24.5985979819037,8.53042300201737,0.000285461163508237,19.2824649912452,0.70686354823953,1.95504146884807,0.767123818276799,0.229951189923437,8.20088115437006e-05,0.492025535057652,41.1122820522128,0.000244563703063088,0.000260939004325884
0,86.5264684182959,22.1842107617555,79.8601172862424,37.1637694677439,416.591502621819,1.11322456641002,24.7712550628708,8.35666910313729,0.000330029747899366,20.8241503902215,0.711600451195287,1.82726089477661,0.733173038846682,0.249969952593859,6.12704574629631e-05,0.451882061252861,34.259423994388,0.000252974782675063,0.000157639221497283
0,94.4494787137031,22.8578866258977,71.832795589283,37.8626361177584,368.99790480997,1.21492520296199,22.1161400442403,9.47123930375369,0.000210895615702247,19.4078156761171,0.747312487448142,1.95587915415269,0.780592513229008,0.242120188671012,8.41565314059554e-05,0.461539847730209,35.9032531916105,0.000210332250924515,0.000198340953335092
0,98.2848024030942,22.8315368554356,70.4282044834763,34.3093900839044,435.325576238326,1.11274448199066,22.0625622816708,8.53275047635752,0.000358479358070148,19.9928823541445,0.629887874545953,1.81878101487743,0.715282954558348,0.221072306586711,4.99440957648393e-05,0.471684127219699,35.1958905800807,0.000180798456300011,9.91288576450808e-05
0,95.5513035086496,21.577257268029,71.4016105707588,34.1749769611705,418.440659677197,1.12488916447123,25.31523091063,8.69791863632811,0.000372503257762928,19.0228797881132,0.70561159863375,1.87146894134563,0.790768533800183,0.274736823414339,6.02096329076966e-05,0.442552717914558,38.5773484870081,0.000109894062913054,0.000181640837176254
0,86.6303799041481,25.7892913775069,74.4585590752846,37.5219798278474,420.781830153968,1.21206877767881,25.6588360365336,8.31953804990433,0.000215524385922982,20.2198861270042,0.758621209382565,1.81658302026,0.759004685798494,0.248946653532964,0.000101183543098155,0.430799918754999,39.0751000451842,0.000133062552751779,0.000181775118352492
0,87.0725235506496,21.7867758429296,74.8529255588511,34.7255226879051,434.829536512481,1.16572154556841,23.7126729870602,9.37591125893607,0.000202861553427616,22.1132780540144,0.717238705192983,1.93942092600473,0.757726594164659,0.267568033125531,0.000124275214484238,0.510141769112139,36.3878261293141,0.000241456432028023,0.000275046575484505
0,99.3021584941714,22.70972651522,82.7231626176001,32.9848653014268,393.320849192433,1.2830976442802,26.7595126571052,9.53220990277123,0.000280945065628741,21.201473854865,0.737902485407278,1.68505160500771,0.779172408559899,0.235039260872306,0.000103289129540359,0.515861413296048,34.9929676711432,0.000100313287587774,0.000139639386065385
0,86.2900806749518,24.7393881855865,80.0770143927828,38.3396853880037,408.634475992004,1.23895153052279,23.4555955810971,9.08351674368101,0.000276148835813667,18.9676167173863,0.682489386534094,1.738039866686,0.768120710823322,0.238522371360046,7.56788958101139e-05,0.537156053559672,37.7034385608141,0.000172776966474191,0.000202495593557699
0,83.2030127031424,22.0409235610353,78.6588479874073,37.4229833853398,408.647747139463,1.10839096613463,23.5712629473649,9.65396121812825,0.000359764783987759,20.0819685145659,0.706393098056928,1.68167239857228,0.806052301832827,0.231294800550361,6.02416024530494e-05,0.471174498097383,40.497046896615,0.000159668576253191,0.000136528071581362
0,92.1120343893434,21.8626456138697,83.3955174870429,32.0721010849679,421.051524407271,1.27280810297027,25.9193938559893,8.59708311807797,0.000224937181303686,21.5613003630767,0.690979992251349,1.61238149855792,0.773388879496616,0.231375134769216,0.000138244800734306,0.521780051198321,34.8012962849266,0.0001346477254807,0.000100124079899775
