Plant_1,Plant_2,Plant_3,Plant_4,Plant_5,Plant_6,Plant_7,Plant_8,Plant_9,Plant_10,Plant_11,Plant_12,Plant_13,Plant_14,Plant_15,Plant_16,Plant_17,Plant_18,Plant_19,Plant_20
0,67.0495567137235,16.7510423006302,51.1365038634166,26.2018558842705,271.498680159696,0.910663210333184,15.8443443444995,7.15942673127236,0.000138366586677096,13.9730357656998,0.534563047547161,1.35077039183198,0.542881516193735,0.159783048300093,8.88113831780356e-05,0.379506533319086,25.4887322604794,0.000113442503478602,0.000158510871877425
0,66.8758607465721,16.7992359264043,51.4311381552009,23.3630894624091,278.716688045356,0.832780233434444,18.7226523924963,6.34938781465743,0.000142413914142849,15.7941487829469,0.546726166772909,1.22974510525506,0.556596272290338,0.180561769713522,6.94497198793315e-05,0.368921366238621,26.6365878076291,9.18689284810234e-05,0.000120971481465911
0,73.1376397158569,19.3912684678311,61.6077304610311,27.747112577764,292.069650467157,0.899788109074527,19.3790516751546,7.4377019823319,0.000296258454968436,15.3050379953077,0.566684375711481,1.35328377847498,0.637295636002156,0.157202090142832,0.000114265419572077,0.374910542510728,28.1568874773824,0.000188218621216638,7.86148597268231e-05
0,65.7787705564671,16.1617189888086,58.0784469199658,24.8990971266964,326.986195093778,0.85333243616415,18.4342888197543,6.63431561801659,0.000207960190829349,16.1278021407847,0.476371284217223,1.4473880074665,0.595115703531828,0.191483040398791,0.000121170788446315,0.36380991884938,26.539384067396,0.000171561347973965,0.000177233118823716
0,65.8027534594832,18.1592366918133,57.4802138922124,29.0770618337544,302.689215917262,0.86687549333218,19.1358793239321,7.42828031883696,0.000118107044570545,15.8551030543965,0.512361616808249,1.36977603688412,0.600890292171152,0.17430775840192,6.87642483940915e-05,0.357074343750246,28.6304127885331,8.02782938901267e-05,0.000150066106370831
0,66.6571297603621,19.3738123638989,55.9490893711012,27.7518808996478,306.51311828075,0.878185220820457,19.1887186778977,6.63391450470144,0.000200477103005847,16.5421700770635,0.571367641612881,1.35210667254127,0.636529603037989,0.186303858574257,0.000118400926101544,0.336887697615775,27.5672178806421,8.66765993531415e-05,0.000122396586843073
0,65.2548069029494,16.6121323888384,59.5298891106508,27.107732057574,296.326422269058,0.790322054231658,17.1462845622575,6.88373292694831,0.000288218783750436,15.368126895496,0.540459039039548,1.3968809983296,0.557365644264203,0.149870649911504,7.44107530903658e-05,0.369499148326334,25.1074898158379,0.000189993130658026,0.000145733592898624
0,64.3317162440471,16.5586118096256,60.6617209119229,26.1787495975741,288.995800640637,0.834502834819877,17.0973874375557,7.20377094861573,0.000185548792069387,16.4702961011788,0.493009147719312,1.28753863724981,0.572751159900623,0.171496826934051,0.00011541260048517,0.383592406273569,26.7935123282563,0.000120130062160326,9.35764315652785e-05
0,72.1506181798055,16.0802512186659,56.9054808718022,27.9767782654797,293.465408250105,0.818543211445708,16.0051522264455,6.30861765440301,0.0002983029442803,15.8039811076546,0.508372954621989,1.17495541507391,0.543708308365035,0.189131789991512,0.00014739491864281,0.372400993935442,28.5156923524157,7.97310379222933e-05,7.91749320788421e-05
0,58.8278964890529,17.5625598661692,49.6334096106918,24.5423045224157,262.959083939893,0.765966819974299,17.2106708729593,6.65761124459666,0.000238713849857687,15.1031918765458,0.486876450817655,1.18299115123698,0.53598471092362,0.184956677048256,9.21421035990761e-05,0.376592087615206,28.3730798788457,0.000168403455054812,7.08102011000442e-05
0,71.8234864428631,16.8391414822228,58.2745667096859,25.4748751332991,307.058919377487,0.883864579573956,16.8954588835471,6.36183908091878,0.00014311453593639,15.5166342391701,0.505810582944691,1.36331205534968,0.578912280985534,0.172243719004243,0.000133044781240127,0.3643730205384,28.7658736702831,8.14212940891411e-05,0.00011892543284876
0,72.5251141598995,17.6308574887989,53.011347690824,26.0741759949729,313.600439256871,0.852566255716271,18.609064528851,7.04708582181305,0.000149490080712503,14.0980198728489,0.540244180606511,1.34821537988781,0.633837052138477,0.151396188373578,7.78127190155432e-05,0.352817125583468,26.9973172170345,0.000225893895256395,9.44600762733953e-05
0,60.2908208767782,17.045476094427,53.1626825014412,25.4406794941484,289.919755532983,0.851181011124465,16.3252746723455,5.93969004267589,0.000226737303508208,15.7763783586353,0.500976115329329,1.18010458715712,0.569421437393551,0.146153209827143,8.40156305908709e-05,0.333103453910003,24.3918452962773,0.000111999449209346,0.000132918840374777
0,59.8680498586533,18.1694894382037,58.554443537076,24.8098187089821,316.959146606675,0.893441065058769,16.386063811465,7.25482148245881,0.000115037963762379,14.4572136722543,0.494929357726505,1.2973222430805,0.578141523140241,0.162803695671437,6.70782107349481e-05,0.356702158237696,29.6195549934877,0.000105161211633327,0.000209698242392493
0,63.8662240874875,18.0077144855858,50.5519985958119,27.0739630776079,299.936011038704,0.779533514093105,17.3371656325662,7.10487537749585,0.000301548974973034,15.1128890292659,0.563706709622767,1.25106235811356,0.50760209865651,0.164934080089643,7.52773869588048e-05,0.382774968998205,27.5338400913255,0.000170928130512672,7.9926227424632e-05
0,61.1215407846955,17.272670702642,54.0708043077094,27.3289200051325,267.382783806703,0.838043103047624,18.678723374931,6.75083278497042,0.000189127089722601,15.0201288639508,0.494833951456594,1.16318369417139,0.589958428299926,0.180016344436023,9.4797691709217e-05,0.318355856088826,27.3807326303105,0.000142668233719621,8.44454179113883e-05
0,62.8774274616502,16.8317523843135,51.7386689105666,23.9730922420656,290.738226269228,0.778480521972105,16.26037091113,7.01824488610919,0.000172997110093227,14.6181758960605,0.539737341302102,1.36737692421307,0.526373211065009,0.1625587786724,6.5872234278149e-05,0.36565639676785,26.9166929357433,8.84468366677663e-05,9.16931845171726e-05
0,62.4056772393485,18.5668983396809,54.2454094564818,24.2572611376118,272.689721917718,0.87767402213539,19.0132528106372,6.46719877783136,0.000204259608190232,16.452616691077,0.566692030734523,1.22087808470953,0.5337754625536,0.178005514441196,7.18185892320916e-05,0.37915721595973,27.1167516681063,0.000120084803518684,0.000129118189046049
0,64.7499012323284,16.4454073043562,49.2565897056061,25.9781282125442,269.610343606554,0.900744858325616,15.7823782196619,6.80308043913557,0.000201292381730084,15.1106625106838,0.508431182302438,1.35281160233697,0.602137027054512,0.160031112877666,6.34830885560872e-05,0.344022451567512,24.7567397454426,0.000172632533406133,7.73828477554064e-05
0,64.2610749708817,17.9281902653539,61.7332729877847,28.1787227899865,293.356749638568,0.94404885227872,18.2216226483153,7.05631093946528,0.000141410982330332,16.2599578438612,0.580356402395693,1.29468208679704,0.595150472614564,0.163869092152822,6.53055675930941e-05,0.37275162751546,26.518741365459,8.31466251269348e-05,0.000152316112420307
0,66.5435462787984,18.8884492102883,58.9839712954891,25.9090008721125,305.880401849683,0.876015063910076,18.0143167099182,7.15271684204273,0.000247827798928388,16.626694513762,0.568029866506668,1.40429590744699,0.537258735805676,0.190482499960628,7.65469400998642e-05,0.318343726382242,25.2806397584688,0.000211663977493752,0.00012188386158573
0,62.6434875023691,19.0648689505263,52.4279861861061,26.9245566064198,270.362317195292,0.961237389740777,19.0583378607901,6.77446163123415,0.000121624628922671,15.7667001344972,0.532298027395198,1.36982571280265,0.535343450982554,0.195380047752022,7.99935338979227e-05,0.390619396779677,26.2860161606125,8.0956869770851e-05,0.000194031886782261
0,63.436705574752,16.6436454867269,58.6403281157842,24.1816939896053,311.090102050175,0.893187212765413,18.0753707020369,6.25852919567951,0.000220198915787462,14.6603854542892,0.517098910224659,1.21608030793964,0.605671334454306,0.152499181717484,9.30163978789716e-05,0.320157990436759,29.1844759644025,0.000178506034481315,7.3834364467198e-05
0,65.3122580092831,17.7754601744212,58.8141368407957,24.4460541305563,273.181289525026,0.897379473207358,18.3683229831405,6.27273481479092,0.000112703448742982,16.3619756277273,0.511047662736081,1.26237900484116,0.578287261386197,0.156231090391951,5.12732338852881e-05,0.319715749707174,25.7419297887599,0.000156960070416407,9.38576734251779e-05
0,66.6189595616426,17.3665799850474,57.5393317592392,23.3684510241489,272.641055596934,0.777088320042089,16.7974623381513,6.87095824018249,0.000274878000518682,16.0341816317066,0.497210149481038,1.4136169961432,0.590858086238153,0.187187370377999,8.02696750846729e-05,0.374834175268109,27.1048383327848,0.000134522025870858,0.000135289252928678
0,70.5737919941693,18.0677397314058,50.2720779438944,24.3100188979198,257.892234053684,0.761140519566916,15.5305409079737,7.05929880543282,0.000271953398776918,15.2013507419629,0.458145173835218,1.38549448550553,0.555859920908656,0.166389960822359,6.13469943616218e-05,0.360822043416706,26.1447449002246,0.000109698193328841,6.89988562425899e-05
0,61.9901194439477,17.6926318208939,58.9856606319418,22.3865185116538,307.032804176522,0.7633781132441,16.0798621993353,6.16550819451055,0.000120773302148661,13.4003006763235,0.534953605097155,1.13764753234109,0.579118878503077,0.172410644205031,5.17171438511023e-05,0.372506042111265,27.5521075432177,0.000114094221902562,0.000163404381174181
0,64.2248122875107,18.191745862972,50.0491030865291,24.2249018743807,261.564703535962,0.812954015402686,16.8480975471171,6.41280950986559,0.000278962578115079,14.7274274522963,0.487159839264378,1.35168743471095,0.523400114867206,0.145103127144962,0.000103851272421775,0.376888120314209,29.3787971186558,0.000201571793553282,0.00012261053908956
0,60.1429518645211,17.9171429482031,57.5393613639885,27.1985517847954,273.002382905109,0.801880340379921,17.0795150804072,6.43606183333796,0.000108659010159783,14.1425676055516,0.544280197002089,1.24441573412902,0.539330782304301,0.165159665340118,9.83500992111984e-05,0.379383966992095,25.8500914869035,0.000169725539898582,0.000127328105850874
0,65.8561366173022,16.1570333176779,51.0962348176758,24.0803854871151,310.178998533493,0.832803771913632,17.8470327150747,6.00392156300601,0.000193013637090679,14.4148409846823,0.479349764368246,1.32086528180173,0.598704818609049,0.186652040130811,7.12320472798175e-05,0.359252149826267,25.0289006227893,0.000128417935533364,0.000135063705985409
0,72.3284327770216,16.6682348793428,57.8356892774079,27.4272967307036,289.832678756275,0.802315718996748,16.3458085142222,6.61520665113946,0.000174291914778626,15.4699393272687,0.466103493891903,1.34037136505036,0.563701870985959,0.164475275800361,7.96478763487797e-05,0.377360746940833,29.2483706880218,9.43095721271626e-05,0.000102635322805526
0,60.3354130453166,17.5104010104908,58.3393110994891,27.3694357878132,279.808762049555,0.904251079146597,17.59360304944,6.49396458502952,0.000121832191082773,15.1284171729595,0.514140716194561,1.21114962329149,0.544718222675007,0.161183350814706,9.27527989569817e-05,0.367024466790162,29.4667958562146,0.000156952748744548,0.000133015132013755
0,63.9426367574441,16.7518410699641,60.0270052253699,24.2917065767363,312.801073682031,0.810386223289514,18.1857457091674,6.22516194123227,0.000138092592356027,15.357627847805,0.515460914876183,1.34734543909373,0.596253777681366,0.175919348032467,9.6256950640364e-05,0.338321567075456,26.45374837993,0.000162254153265413,9.62542228367627e-05
0,71.3163855072184,17.1856951322152,56.6350379393119,25.4666849710925,312.505125789132,0.889432392608095,18.6533095828233,7.19605980640579,0.000181749030566189,13.8281488606133,0.562310865658454,1.32184207455049,0.540551039318148,0.182639160894941,0.000134288505590952,0.385094300006664,30.3591464760215,0.000121230698314733,0.000160189357134461
0,63.5230848817065,15.2482268123713,58.0277080654621,23.8953633941707,280.046072948119,0.862862352432494,17.7451054256575,5.96874605109147,0.000213953398730661,15.3255098503961,0.473093630073267,1.29832478445145,0.555661565452246,0.186005606929661,7.73042491360753e-05,0.307487224349655,27.6294144829121,0.000158916799268055,0.000187645833865528
0,64.3189455981846,18.2911678925876,58.7598626520244,25.7724006120944,271.462866357257,0.899265319990327,17.9149098781029,6.59067901232225,0.000218445367400984,15.8033977535983,0.536826412022163,1.30296621510393,0.506607004855792,0.157251530176571,0.000142350343921999,0.320993278763623,29.8323017410003,9.76667011259347e-05,0.000124422470647759
0,73.5957269900929,18.3759867409371,52.0275836302505,24.7534534659454,308.26903275976,0.817595385813429,18.363047060027,6.69231525017175,0.000223461265599697,14.173814202936,0.477867370572872,1.40334222419361,0.572033371372652,0.171291244697894,8.03411118212929e-05,0.333695514969222,29.1775409113248,0.000113051874807212,0.000201259291293965
0,67.3887843842688,16.9177717048922,59.2168564597907,24.2269058995851,314.537021814951,0.891838426695175,16.8031245206617,6.39339811181689,0.000224196619303744,13.4728251745457,0.528655857275333,1.3372746635709,0.598630955701433,0.178110829826062,5.85514359002459e-05,0.375950386858899,27.7506398213278,0.000101288596835067,6.76905307892117e-05
0,73.1265029493025,18.1460789949625,59.8029449484996,24.0015063660812,306.325006900572,0.898073073075983,16.2842903075026,6.4509099531758,0.000301565181902139,13.7565449151332,0.549713111609244,1.31480650569842,0.525720897574414,0.193086136713347,0.000123633367274266,0.324039999095947,28.9884069307983,0.000172546416418865,7.01825784715792e-05
0,64.899643575628,16.6078936955908,49.6907976981668,25.8218582200958,299.251881916224,0.785525572289552,15.5885223611772,5.84761776972164,0.000116027239498078,15.6360600693151,0.542383869957704,1.28519841745536,0.584857131923099,0.177332651433,6.08602616828627e-05,0.353846074379417,24.3606078980645,0.000211437502243593,7.06798624228237e-05
0,63.6354807960425,15.5999722316151,49.5278729190136,25.3326998709755,295.853991300518,0.772190907303429,16.1518763296394,6.23243152099444,0.000196064471265948,13.655183066943,0.473217066590164,1.17288744334142,0.536023319737825,0.160295777925555,7.784230350781e-05,0.332330158280463,24.5765793298078,0.00016947150101712,9.73684099507377e-05
0,63.782342136478,17.5057009933954,52.5026934620244,22.8363596805365,278.770656223269,0.925470451320494,17.4691196545276,6.82833677193775,0.000205458136125797,13.7243115370451,0.49222998069989,1.33286708290208,0.507107095485861,0.160653889855749,0.000113066618641809,0.339233364395864,29.4359447933619,8.69579530972745e-05,9.01800484969737e-05
0,57.9023849931052,15.8938483994032,49.0024285743186,23.4514616545721,287.242786182575,0.837558705558494,15.7990846735747,6.49229001406573,0.000109777286390081,12.9627714729217,0.485758075945362,1.1492568910779,0.600169069646998,0.1739721910016,6.22119402566281e-05,0.349077169615697,25.6393765679636,0.00016454689749119,0.00013324794913346
0,70.1009628660671,16.5375719133112,51.7097240654557,26.3664804144274,317.092503093414,0.903875611462416,17.1056420157437,6.2398195746992,0.00013772595582634,16.3732989900883,0.568221365186954,1.21511266504882,0.551669365036404,0.153984959355716,9.02013276061643e-05,0.32956509890048,26.6880084674404,0.000112548658389651,9.05419062817694e-05
0,69.1968189352882,18.3266598036248,50.975596167306,26.298973400526,274.411259214747,0.827561930940139,16.966878082252,6.61010962961517,0.000132019009037347,14.2671967447558,0.465095195200992,1.23584809365114,0.594262609550722,0.146370326044299,9.35561217386589e-05,0.355472189706345,28.2343060220149,0.000180000325556749,6.80326026235335e-05
0,68.6246068529052,16.5224651636984,51.7395298869219,24.7272487354485,305.688127393291,0.772121891437895,16.0875400177404,6.69070231876086,0.000127471617638318,14.5062101578224,0.50840758663768,1.35170679989916,0.55916492037914,0.176173778038586,4.82050589749846e-05,0.343347560624865,26.2324008077709,0.000115654572833294,7.59446903918009e-05
0,64.1107847364545,19.4024234243415,57.6398786325576,26.7450326945369,273.557458097004,0.954391946005847,19.1843698047863,7.35136708503885,0.00012416797607472,14.8625329648037,0.547709530995458,1.31341128592438,0.571611309977065,0.163371757085985,6.37284107134717e-05,0.334246666290569,27.747201573102,0.00010226563604082,0.000136844089429979
0,72.5491359223568,16.8242716362718,59.6409409285611,27.2864188225038,270.833929390978,0.890700564425323,16.9721717824531,7.42680246789975,0.000279490513648437,14.8874355600176,0.513962171064176,1.36897865652018,0.531403585482286,0.18010805191403,9.11552748213522e-05,0.32593398430933,26.1047853984775,0.000198100998223493,7.79387846215807e-05
0,61.557232036031,18.1301423209615,52.8344300871518,24.4015150801982,314.318012676957,0.930458086174755,16.7708268492744,6.7643393872283,0.000284287037225059,16.5490950954478,0.57316165176588,1.26445825107983,0.519866864988722,0.162379055110041,0.000121174228488301,0.379213572579564,26.3039381008476,0.000196091156842112,0.000190815534956112
0,66.8804279248529,15.9286380067254,59.53188693077,25.629897988839,313.763842856971,0.871857854463522,18.1073359202531,6.61491285197864,0.000284205881628698,13.2680088241468,0.497995936948272,1.40205369990109,0.578699796996495,0.179306091504876,7.82257452846453e-05,0.323600903257595,29.1330557899974,0.000134793257784634,0.000155902027716224
0,61.7256989386648,16.4189504580528,58.9140449282694,25.3893531761846,251.276114950654,0.786071160734038,18.0248068786408,6.33820145595971,0.000290270978716095,14.1539241099753,0.551278935701351,1.29489809455866,0.527362673732503,0.162563955372481,5.75727971130396e-05,0.352034042265895,26.5238234896235,9.10715343016823e-05,9.04291535619343e-05
0,71.6039401879339,16.6027867987605,54.0349629902123,25.765649306897,276.685845224265,0.811256839300123,17.858989637232,6.59136284608372,0.000269175307661732,13.8956628809859,0.470583977506995,1.33988057619468,0.608588437838945,0.160981214956632,7.54827342042559e-05,0.329019877901327,25.219179723034,0.000132203055866938,0.000139651612378299
0,64.6564162147715,18.3294243334597,60.1726129657142,24.3820385121197,293.461699362694,0.909359234902873,18.7059300768827,6.30777397930558,0.000279337148710558,15.429766117913,0.512928139542411,1.42305787103763,0.525205432495595,0.181466861847199,5.69667457792637e-05,0.347350113676642,25.2850196463417,0.000126942299985063,8.10129679643037e-05
0,60.6258618464129,16.2640307407781,50.4567488902384,23.8066631444619,278.354034108598,0.913938215630035,18.3911778458941,7.03105897824318,0.000134174198263889,14.9167134905764,0.508658697868905,1.35014489696172,0.559748960057034,0.173124157101151,4.77243247762138e-05,0.383505223602023,28.6789561080053,0.000119793924390518,0.000108056894874684
0,63.4796720954351,19.0551203441467,52.7186827628896,28.4977630846468,302.879402415852,0.894029924585955,17.9102547917889,7.29856381610908,0.000299366258584971,16.9221457103167,0.53387683032483,1.42397683921726,0.617837489826978,0.193376549440818,5.02332829739254e-05,0.407297615963307,27.5822360192799,0.000128184431611938,7.07180235047894e-05
0,66.3400863820865,16.9250562025085,53.07353607717,25.5711886341407,309.356228905153,0.818481262456651,17.8977384917855,6.69748132323553,0.000147863698507712,15.9197092202908,0.521599700377188,1.42071228269898,0.540489821561123,0.161883471646952,0.000102722387579565,0.33708969067082,27.7313939148521,0.000168173202723301,0.000151443305457086
0,64.6470349411239,16.6184411635179,58.9609471598908,23.7058089920241,312.894533039217,0.848256194154671,18.8809566599805,6.59547420044695,0.000250138219760146,15.425415732909,0.492320270986209,1.28930393624157,0.58878952029565,0.186354212714399,5.22918281315565e-05,0.356882084131899,28.0117641389102,0.00012297144246162,0.000116651141558977
0,67.0509876257349,18.4772760857867,58.9942938135387,28.2906653527694,282.134534900137,0.943504158531227,16.4983631941083,6.37104290689677,0.000258363083534329,14.5144159120025,0.539503346071362,1.21871928334228,0.596468620622622,0.190171486384945,0.000120908733055717,0.325124868875771,29.4333609819663,0.00012384748583459,0.000126995608025377
0,68.9529586126919,18.380216844985,50.6820991199342,23.4610694030765,291.343838962231,0.819857819590556,17.7681956952529,6.87214128735568,0.00018373758612057,14.2953519609848,0.50176181721226,1.18095710335988,0.551445555649186,0.18889302928446,6.83260542011507e-05,0.311492810491708,24.7915400102395,0.000190771851711702,9.04936307865689e-05
0,65.5753767543978,16.6114087033096,53.5097120150607,23.5059458061566,291.240455263433,0.919554035499602,18.218818360022,7.07763886744877,0.000129811130605075,14.4792809948311,0.541082740941496,1.2331736912368,0.610106854407958,0.172029780797188,0.000110688449039796,0.36549003481417,29.6101476803388,0.000107245776826471,0.000184721676336841
0,66.4926200819215,18.396503671059,53.9837262054196,26.2335183629802,298.636474218267,0.80212478890702,17.2559329960173,6.28162817158392,0.000288948064543199,15.4797558864685,0.549429535735329,1.33283049216515,0.607043776800027,0.17075867096721,8.55796140805344e-05,0.33419437366588,26.4314630945583,0.000110835268017637,7.37260506874898e-05
0,62.8019955871374,16.5654246502272,52.7723695807061,28.3177039339506,305.777484511985,0.79375359395085,18.5637578833376,6.57467839814466,0.000115456773533336,15.8688199221832,0.498019480461658,1.38663194134796,0.53770310975717,0.175346730407197,6.89683585905734e-05,0.396588563845614,26.0195351504702,0.000121637605040749,0.000117271542701683
0,62.6258160373746,18.1073135719787,53.9558870163671,27.2378194488377,293.693268081635,0.817501724486865,17.687365692641,7.02504659904601,0.000274736274680707,15.5808973664571,0.526246236887768,1.41457109154747,0.614709677444734,0.160668992650309,5.10318604306586e-05,0.367998653931603,26.1000479240314,0.000176484220080103,0.000169508835944734
0,68.4032570851185,16.7336699052128,60.4696421789846,24.4727387899564,266.50834146448,0.932051717770219,18.509344702646,7.2257810837341,0.000195152371852939,13.7218665318322,0.497696980183357,1.1643948645857,0.546518525527505,0.193480192784144,9.49553536276595e-05,0.388491344305033,25.525326816082,0.000134666625680513,0.000182697359377027
0,63.0200116832987,16.1893122511024,54.1063791183057,25.7193068562089,291.286463770854,0.9060970224495,16.6926556656991,6.98393578276388,0.000296953223782149,15.2195126690387,0.558356468783935,1.33348783940927,0.538440317379117,0.182113827230856,0.000113061620438275,0.357001473198803,28.7324373398352,0.000141700978308484,0.000104211274138494
0,68.4798128421247,17.8581426588444,57.8095679049179,25.5388278545783,281.500495342559,0.909765676844489,18.2610475688803,7.052492930502,0.00021962961465514,15.0960390128389,0.525658184187201,1.32567863404826,0.539338649719109,0.172144359132726,8.52168534538944e-05,0.342584157208659,28.1130244498496,0.000103650599321109,0.000136277121172289
0,70.545285809319,17.3021632925777,56.1771358440823,25.7828685250364,290.06163317125,0.757424498442034,16.8707100099765,6.0621014235198,0.000155473967447872,15.3175619264818,0.452301689417362,1.32683492088975,0.524251290736058,0.144009130596228,5.41861204206783e-05,0.348098582828605,27.7066401440714,0.000186791385771935,0.000100110884489753
0,71.7003652242111,17.5681524671991,57.5519672805399,24.5201291823351,280.152637578788,0.937412579345414,15.8069098430076,7.22292051958447,0.0001466635042554,14.2205949378597,0.461378963431973,1.34078915654386,0.543970074407681,0.168191416689068,0.000139991942245781,0.388728738450738,29.95052289435,0.00013742704887369,6.85678116374948e-05
0,69.4972237613496,16.4284690206971,59.4746967235454,26.1086208901604,310.025714261712,0.859941806837825,15.8432057892986,6.54127919821969,0.000270582218832109,13.6499080893223,0.530872187748901,1.26120026511201,0.561380650824498,0.19149102504837,6.07776269014544e-05,0.366784657165506,30.5803363829965,8.74383477637891e-05,0.000149312774710313
0,61.977805813883,17.7150552291839,56.6161117357673,23.0453158019909,275.681859720656,0.871497676015213,15.8176040054236,6.48308970732755,0.00014475004968524,14.7000257752114,0.512572507653263,1.27029100771385,0.57012991923344,0.14313513808564,0.000119674802367514,0.332005894822651,27.5270651759735,8.54104143702594e-05,9.73747251071839e-05
0,63.7357377409395,16.6408559305585,57.2307090227829,26.0753365133247,283.623669364823,0.868702923595107,17.3634520951268,6.49396082565327,0.000178795763790123,15.0205505402577,0.52142418919026,1.33582110703555,0.578746711499309,0.184653077208927,7.46958059051134e-05,0.323305066739894,27.2468299644058,0.000162275153815316,8.3899574774653e-05
0,59.6558628570279,16.1543647929866,57.1327901705449,24.5005897223662,280.508271094257,0.786084069892605,17.9769728022569,6.54077479748507,0.000225066420690423,13.5099508356775,0.550188161426935,1.26511291829953,0.556871885316795,0.17818366262215,8.32082750726771e-05,0.367143799369034,25.8746300616083,0.000144656084500251,0.000150135011373424
0,73.465933708276,17.6622017056823,61.5048588033821,24.4704021888604,309.312813967531,0.880302933035505,16.4661615054905,6.76721315600574,0.000135378206356758,15.4299642980168,0.534836040429097,1.31003947426633,0.58621652344793,0.162891219517755,0.000129257155830279,0.397946299483288,27.723373315757,0.000190639784737737,7.51737406998073e-05
0,69.0615583365709,17.054180819423,51.1567670021852,24.5906149037107,260.386724336446,0.877207399548494,18.717642236647,6.6974702473811,0.000302461228663042,14.3174777398114,0.529825827162175,1.38091708305129,0.61568138010779,0.181067030103803,8.95098228315476e-05,0.33085466432997,28.3906682233503,8.89644757610867e-05,0.000118481914596533
0,64.5416186356505,18.3738615883734,56.7287820054595,27.6641481994462,270.888092267606,0.808698122056887,16.1123619484161,6.61065563653216,0.000167475183418851,15.7423580628268,0.508880014630682,1.39131803318513,0.534192559267874,0.177109371880663,5.71088208366696e-05,0.317177760441144,25.6841459649952,0.000167668192056786,0.000149809572185932
0,61.7430101673518,19.1001562837038,59.4238217447175,25.8537477682535,283.774076268869,0.90891119196738,18.6495889316964,6.7802587195049,0.000194611686449351,15.5468902113123,0.53684359382641,1.21281437677933,0.510469719648872,0.181927030802512,0.000112506885530469,0.372318250303461,28.1185785709971,8.48377594685085e-05,0.000128943782958763
0,67.1989978524417,18.2952090114177,56.8121421457978,26.1265715492735,272.472197804273,0.841828205199229,16.1544505155025,6.230704104445,0.000219828061221175,13.418622918839,0.451302175216779,1.265604973872,0.528741448115828,0.160787660783949,0.000107679460262715,0.344946780750041,25.4409611199839,9.77868733798574e-05,8.71878026983159e-05
0,60.2196895489628,15.9950125757381,57.6537191288435,26.5180248252207,264.471228683604,0.799109241374132,15.5076026542925,6.86202057362811,0.000136992431591068,15.7476067834716,0.511378312635873,1.25788584108007,0.579241443825051,0.148001738124856,6.61621627679595e-05,0.382580195945527,24.8874825459258,0.000169836152610253,8.38120332067924e-05
0,62.7661988756509,18.1527933862775,60.4602745791009,26.3257886058615,283.88772079159,0.970888390904718,17.9746010133984,7.36452430261586,0.000148073973203043,15.322617387099,0.53530721362479,1.35216051636895,0.546527148987889,0.158250680715502,7.54297659859948e-05,0.370352346612947,27.3508139685716,0.000151406565373451,0.0001186319284137
0,63.4333522740636,16.5842174869706,59.4130727640256,25.8931077587241,274.41005257081,0.938858129159731,18.799244834784,6.9198027722051,0.000211633589628806,15.433721763995,0.549921436117666,1.19975618798511,0.624424247506794,0.16955199856075,6.91117854923584e-05,0.369798729254415,25.5229510114793,8.84381282958182e-05,0.00012320277430188
0,68.0307124351643,16.0724005479735,55.7841345659438,26.3029989672196,272.069127745669,0.759994467812667,16.0391029508645,5.96617328768474,0.000219141968016816,15.1997867441507,0.440788503941396,1.11249630187816,0.587382555901653,0.161641000603728,6.47135056950027e-05,0.351731375199321,28.1992311166375,0.000167773101729788,8.58371145171375e-05
0,74.1438947019394,18.2722496746392,58.8140233724093,25.6061324761953,315.250556455417,0.947102645719764,18.328866734628,6.30871783628617,0.000118128376501795,14.1033542705337,0.564730960666081,1.28944694973985,0.530639102563409,0.156440987769985,0.000116716336974987,0.339823161922042,29.2769628559921,0.000201260189714859,0.000143929897013299
0,60.934781563195,15.4413743069832,54.6191372347616,24.4981230310818,274.925619219006,0.859933308213557,17.8524389459799,6.96088285401853,0.000265513853639281,13.250094460155,0.465776310488797,1.13503426928581,0.544078347182617,0.168137224915506,7.77343883396016e-05,0.323624369486395,29.1915412284407,0.000172533502915154,0.000102159182661028
0,67.3008475481844,16.5134859181463,52.4635484267533,27.8938170908247,306.786297816477,0.892162566617358,17.6451957054981,6.72227815575135,0.000125670862992183,14.2010802247928,0.559786741850921,1.30981686263006,0.600115259938115,0.19410523128015,8.94367815554402e-05,0.384577238599517,26.119547238205,0.000183872114432344,9.68323623593396e-05
0,70.5493999703652,18.9049107247084,61.5080812202529,26.0903152117715,315.433958784704,0.812001057559371,15.9429182575713,6.28648745029937,0.00015931998051088,13.9299675015465,0.534594055775323,1.44326294486971,0.533895218414048,0.190111329295518,7.64770777179604e-05,0.368502856573484,29.2152907819892,0.000170171283035226,9.97738140061559e-05
0,70.452757491831,18.8850267036545,55.9317197583103,27.8705528249534,273.302584074808,0.80064844649439,16.3466212159134,7.53427875058454,0.000228409156860954,16.658627414357,0.573610118749863,1.3536056486849,0.596546446671558,0.171482097234226,6.85397898164107e-05,0.354265177037281,29.0019328581616,0.00011365736084395,0.000142320240461868
0,71.1673148585574,16.2664997757929,58.8305329283516,25.0468691955332,273.577890804917,0.949868733160969,17.9757936965779,7.01168958853974,0.000141458871857211,13.6934831596107,0.472855855622922,1.2819362677201,0.589644734417139,0.162339140244219,9.90897395120087e-05,0.351750481061212,27.1500429883079,0.000125931261701936,8.02359831991674e-05
0,64.7401831781225,17.1787585341788,52.6102462882956,26.9215975169217,320.526794490737,0.87445728181763,18.1582686456544,7.5246875935411,0.000125892965667265,14.8391066687962,0.520849828403993,1.19037330646654,0.550596025308463,0.168354833976159,9.76528938068818e-05,0.390586001233356,29.1272278232796,0.000177513008002688,0.000176572334509527
0,72.4151167165282,19.085606973188,59.8894118667045,28.9882305491963,272.478736397574,0.925560247919584,19.7834750317791,6.41481480623887,0.000201679123112912,14.0599530007203,0.507605796035394,1.31573630611199,0.59309854071895,0.201055474179226,9.55099005823948e-05,0.397528746148691,30.5040670169587,0.000133622416688233,7.80800630613637e-05
0,69.9053858770494,16.2667343902366,57.2263156510735,22.7100024360389,279.257509967535,0.897361224234874,17.3751183407382,6.563326385565,0.00015707846794559,13.7679727198409,0.468063528349832,1.3265532171841,0.557336791360291,0.157380580707062,9.37780210502052e-05,0.322634273616401,25.962890115902,0.000164351159785783,7.74787148601053e-05
0,64.744467357448,19.0433205088891,55.2181177226138,25.811684979966,312.379112834495,0.910408944654166,18.0231460852814,7.41772782535778,0.000111572145690255,13.8600841127848,0.498569045729875,1.27047569244672,0.573865598258812,0.173858260732409,9.28623440534796e-05,0.335653858636545,28.4792491649561,0.000107313034992986,0.000144915460884247
0,66.5657232207128,16.8160765042227,50.9431938257569,25.9755171047868,321.984856171335,0.818987838409417,15.8353417490335,6.62055517192205,0.000318468214378567,15.7698706725816,0.545711206452735,1.29417294638168,0.603702941251233,0.196733690629492,5.15861292232582e-05,0.354782987337515,28.2051659673882,0.000105102700610373,0.000131584354730553
0,67.0866670844257,18.1529060544957,57.9244477916513,26.5398378088863,264.296840778856,0.923091367770212,16.9231138417154,6.08143493119504,0.000251499922094977,14.6451649852304,0.488832381703281,1.16189078186587,0.546258061384135,0.166724301319732,6.17621693188213e-05,0.325623338913131,27.8601108081984,9.97928373592828e-05,0.000213159387687778
0,64.2127375702588,19.386721968389,56.4030077689784,25.4813743449917,276.839780548037,0.961362357875782,17.0585593626532,6.8314139812839,0.000108972299363444,15.3630906589369,0.574962900648685,1.2598097518819,0.632842129446405,0.186213524261613,6.30491699808319e-05,0.335726657068756,27.3203028577412,0.000131709477534292,0.000166432701006489
0,64.8431722580218,19.1452887135498,59.602091817879,27.1349432063423,299.427771180733,0.846194053645046,16.3637601301915,6.79380617074739,0.000204207186884147,15.6449140397912,0.56933508109829,1.22243876167001,0.636116554331018,0.181911414333817,5.4797380308153e-05,0.346655517946085,27.9705618198933,0.000205316186185114,7.35817521858966e-05
0,71.0608982307165,18.7476540014576,56.0141813545483,27.1104307757381,324.285998158576,0.93480291454651,17.6058558545443,6.76980198673811,0.000277093980572538,14.66457679264,0.499297735616854,1.26517887253633,0.615099065565349,0.160458703482055,7.42266998482678e-05,0.365698275867383,25.6060507558693,8.77282930782504e-05,7.45479084467022e-05
0,68.5176831939695,17.7719285810232,57.8290081822382,24.3103929201223,312.53990984129,0.938330588254712,19.3601316709854,6.40360984042741,0.000177555588451621,14.7358164524378,0.568155475607055,1.44853026434178,0.598755288980367,0.193865636765022,7.88551562663469e-05,0.341650409447955,29.4689471893655,0.000136602428540317,0.000208362864783301
0,68.8213716951047,17.9360146623156,57.6257769758784,26.3191990829518,283.641897215398,0.786998265358392,17.3965418652414,6.11839135611813,0.000123235569273536,14.5799627280979,0.479641757478095,1.24649742552396,0.535915898082661,0.168032484418411,9.82291402631497e-05,0.347112906644986,24.6853504237421,0.00020010492559331,0.000195272236422694
0,68.5868108550319,17.4547314258109,57.4984306061553,28.510782082007,315.860786199414,0.82525158961901,16.4139939653674,6.36724974585647,0.000145525596691232,13.9263090316951,0.559476442753818,1.22092708743398,0.63669236005771,0.179649979713188,8.866613700326e-05,0.366332248149256,29.5582753379343,0.000141918194091048,6.97199498450421e-05
0,73.5730134295989,16.8120138865253,61.7449027886193,24.4368784223827,301.941910298527,0.964839219531731,19.1148165848103,7.61871030733769,0.000154671810120559,14.3603713515291,0.518034396050432,1.3299668593863,0.569725023788763,0.163937993808159,0.000113009251266424,0.36545592915487,30.8581641605312,8.86249206667774e-05,0.000128075877843351
0,72.836594908864,17.8248787349756,60.3685723328889,25.1898240683847,269.309385141261,0.921761112149501,19.177651868882,6.79596039632331,0.000189442445448755,15.9646688128482,0.551255957715491,1.41910028544807,0.625910489729244,0.153568806506128,5.52755976536421e-05,0.323569320199853,30.5693012483074,0.000158626636548258,9.25183278203909e-05
0,63.889545975644,16.7285208066439,55.2663501797194,26.1188022151212,306.370108311308,0.973954161372882,18.8581306254411,6.61688293443282,0.000238810846066175,14.9789613549737,0.505618800867692,1.34518728954573,0.541993562323205,0.175365554793171,5.21740836679346e-05,0.336726852792775,30.0943584890504,9.95059265497157e-05,0.000177404022099955
0,68.2832606793624,15.8846029011717,50.1573546370456,24.6591020523549,261.366698648844,0.780965083385357,16.071649848092,6.07344823515746,0.000112157690350682,14.0359109867281,0.450262918161431,1.1308557888556,0.503835914575609,0.171602586740737,7.33552545439364e-05,0.321874884819573,24.8031414663233,0.000163328970027245,0.000136913688129722
0,63.1285711613966,18.2541623686262,60.4250880738316,26.020471074697,267.275290965413,0.967557084975238,16.4557115620962,6.97875674679849,0.000267553098881214,13.7733257724601,0.554974513009557,1.39308042440068,0.564408051083149,0.195091029991112,8.65563795603181e-05,0.385726097770792,29.3250663853073,0.000158425501180121,0.000165866143197044
0,62.4787997361518,16.427450998603,51.4764216854684,26.8302900541258,293.385400765296,0.831797763544573,17.9670861648292,6.96486494071909,0.000194975100168745,15.731496238355,0.476672509461301,1.2017806871238,0.539679197625005,0.154046964905712,6.76385137704423e-05,0.341533219109661,25.4915979903416,0.000160019882974481,6.84964843329505e-05
0,60.9697894946844,18.0194374356037,53.0378045344427,23.8602845220428,304.924536662766,0.911725744423874,15.9505525842564,6.33701181777569,0.000303748663907107,15.0302553148125,0.516719608804691,1.21745775604941,0.516021917714941,0.150665450842414,8.53100454171483e-05,0.332180870731904,25.3681001542032,0.000142460841519978,0.000133775797243922
0,57.3880807112781,17.7200202205264,51.1099075284441,27.1452904475542,259.330209037331,0.859945820247008,18.0591124917024,6.52691100535296,0.000201854345023875,15.1769148835338,0.503733924741713,1.34790569825441,0.566845658735862,0.158054088813064,6.24284850401732e-05,0.326147029498228,28.7472883555682,9.58919163204429e-05,0.000153348637820961
0,70.6367922364761,16.771468752575,53.6909299175081,26.3542320584574,319.647320514022,0.931275042617182,18.823058849695,7.13610901845677,0.000122770315218946,17.0122011483908,0.541398896981355,1.29862305580839,0.547183833330889,0.186816242755422,0.000103322531134606,0.349109863593432,27.0622755533288,9.14683173338596e-05,9.19631483976438e-05
0,63.3255624712001,16.7980226792496,53.1484511464537,26.7384116499882,289.475580526694,0.884751933591706,16.8611074900274,6.15441828947404,0.000206627031013944,13.6607193129925,0.490409372346375,1.25112159032213,0.566539878030875,0.174326641278028,6.04179083452449e-05,0.325721424654239,28.8040568237559,0.000124455410663664,0.000156560347697584
0,73.1049717261298,19.1308899856663,59.4138795124132,24.0199671012805,297.002767089349,0.921793954706859,18.3595126679368,6.40762970901506,0.000156263816998642,14.4942168803348,0.575955023040094,1.24232923409645,0.52484003995711,0.188752568693417,0.000124828024188466,0.374337216477868,30.6340874122723,0.000177297512041989,0.000184702914975828
0,65.6807339252651,18.267723613179,57.1499475041823,24.2670444783431,276.295263262515,0.90975031555129,17.4547136623889,6.93510106358185,0.00014346254795703,14.6359671565512,0.507313507985392,1.12918147949897,0.54529379953859,0.149330340025156,5.98126660393074e-05,0.313685280519275,24.3749035067642,0.000161137027384387,8.0230575338466e-05
0,70.4942374947642,17.8962190667571,50.4579385195504,25.375391027554,291.697349819515,0.859822503359974,17.8259314372517,6.09925263062029,0.000138119549069979,15.6815511554286,0.505588468952985,1.21166400461677,0.549892160702912,0.187926639395606,5.78774552626937e-05,0.332639399678818,24.6774120670272,0.00015407309173355,8.82819595391867e-05
0,65.5165226347209,17.3035631167775,58.0227754632383,25.82049076262,259.550276225724,0.785293504086501,15.3379924601871,7.02298394915999,0.000116802721185523,13.3821632959894,0.475797582265999,1.20052296798674,0.578095157920759,0.144573108626241,5.85741994279027e-05,0.353001707117464,28.0636634985873,9.32395206777009e-05,7.82795873704231e-05
0,72.5963847851399,16.9606914626619,58.9013282601311,28.3269754237589,319.249151660287,0.938293649652304,17.8102160921814,6.8081677929017,0.00023777282873655,14.9069146852239,0.515711755054227,1.21560015757588,0.584840631936513,0.174819485316965,0.000117426627771832,0.320147485234772,26.6700536771582,0.000135912023133938,7.80125932879939e-05
0,65.5582831972992,16.8767597150373,54.6339607843168,26.5215844462024,316.533393558672,0.843027960545511,17.8152256537143,6.68836369084026,0.000283042292550818,16.0631957724064,0.470535761909145,1.43188364007366,0.580333168044254,0.160508541053743,4.92638737618031e-05,0.372647150751591,27.620253518954,9.26945876389436e-05,0.000135123955147922
0,61.6491037466454,17.6223713208361,57.2203012941329,26.4971329925248,264.818024603897,0.772745437610131,17.2759542508472,7.02307905562742,0.000155096268212924,13.9179399684693,0.516326136782519,1.38809824741757,0.525166808148529,0.1898019379433,9.63630038826728e-05,0.320675584778835,27.8808124432361,0.000119091644299901,0.000198972341618897
0,65.5609620839573,17.497850515663,58.0226740158035,26.5884418958784,278.662520017439,0.847440802732725,15.1560908325682,6.71375622045923,0.00018551439629633,13.7758497878213,0.477569285705392,1.31327670313215,0.509994446793736,0.150629104051656,4.38326892097303e-05,0.365470467674796,24.0249985590873,0.000165435370479443,0.000167954495386665
0,61.0304025528481,18.074253508116,56.0632285411436,25.8589868928428,280.747325340331,0.823342261755461,17.38161337731,6.24791417955875,0.00022017018673207,13.4018439016461,0.447733841854817,1.3262139404265,0.597409189199732,0.159572980198817,0.000120840629512519,0.305966513259417,24.9805638093759,0.000164236276819128,7.88967351426322e-05
0,62.2528746257977,19.1515020683362,59.2704043908341,27.8003915487554,296.676162515465,0.961701944277413,18.5544902387552,6.89793635086424,0.0003080205385395,15.8390070758404,0.577455099324804,1.42937388806158,0.57444450700391,0.172209953804546,7.04275906317147e-05,0.364170306167929,27.1276923793624,0.000100039926151235,0.000136241736421562
0,68.9207967942715,16.4834385280383,54.6406632273115,24.6003633801904,274.769547071424,0.772158713342748,16.1952741239331,6.09139608839081,0.000173833253305228,14.955693273887,0.540019360891594,1.23404131903032,0.556240060756774,0.191041183033806,8.19094583744006e-05,0.366528832516673,29.1630133883187,7.48037699425318e-05,0.000193054673861046
0,73.5920735445938,16.614436628071,52.7826321971662,26.3491306302052,301.222550547192,0.931785433849261,18.0246541418594,7.37566150957759,0.000141973341042402,14.8155147904159,0.565461073717554,1.39098610565006,0.630208325113591,0.182932932154432,0.000120458285850694,0.385635677243265,27.4584318711474,0.000173843532942082,6.8387118474801e-05
0,61.617685520452,17.4747414979,60.4635979879927,24.7356551091814,298.083975351408,0.865638147197913,17.128158739677,7.01836781782097,0.000264761457620124,15.1119730020585,0.482397020637149,1.28753137330371,0.58360813381702,0.183985342314236,0.000101008618144349,0.364251688975879,28.5666345689361,0.000112224064435024,0.000180719165727176
0,61.8120926354849,17.831019580808,58.0617726816629,24.463319267407,301.738445887346,0.829479621071167,18.2280996513965,6.81018851778376,0.000195716220486734,13.4002369010529,0.438112652921708,1.22979362149809,0.593519744045117,0.185934431415832,8.16684374251236e-05,0.310422195732758,23.6692404383027,0.000101040966418272,0.000136721756979308
0,66.0429067484172,17.9845432610891,50.5474453521349,24.7379557353996,253.938156765778,0.755705286855017,16.1561380528831,6.84930821431426,0.000164366645610036,15.583504134035,0.538372650618401,1.18944119295771,0.553029169421788,0.162260034352029,0.000121292615813282,0.313870037684052,27.3650221905004,0.000189888924520587,0.00013214785125322
0,69.8186160764934,15.9297471264412,60.0189811791184,26.8742064250923,276.987136995453,0.875330740636503,18.4963044768766,6.12603922167636,0.000139699800747953,15.64050602657,0.564841439016896,1.17906376262513,0.515241261666721,0.192539995592775,0.000108408163029992,0.336405385243548,26.3588214049575,0.000122303903189913,9.14491962894283e-05
0,61.5909094061755,16.3654636582133,55.5323749289093,23.7377337583073,267.623721696425,0.915694505621126,16.9349687518329,6.75980774168179,0.000244791180299553,15.3905008816808,0.525872476478021,1.26875062184511,0.617413019261326,0.193855645652266,6.35613545558144e-05,0.367896214204778,27.9390896070473,0.000155301763688504,8.61754519926992e-05
0,61.650049048366,17.1682265600665,50.2277488468782,23.3440567751923,299.482777954083,0.768384580313943,16.4698281397748,6.59174536717791,0.000250457205254179,14.5322032610769,0.512250524105056,1.396117027415,0.534447571894159,0.165476691351253,5.98272202734115e-05,0.364102198588434,28.8889105252188,0.00017566956963996,0.000129306996652365
0,63.7675447343913,16.3792426543545,52.0022735888367,24.5991420374937,258.438600638378,0.873322186182033,15.5315367093427,5.87606445762504,0.000104751190897003,14.730578005468,0.525993451637989,1.21702939784555,0.55148994261961,0.169743327302382,0.000109131125851639,0.348058279913783,26.6092968701069,9.14395458499023e-05,0.00012103618988152
0,64.0488090088537,18.5304256118425,50.133651423201,24.5604745798823,307.315105434162,0.784739918813247,17.0261544532152,6.29397740887536,0.000223273473577442,13.9850340570437,0.498728871357828,1.15959586553097,0.574454420579017,0.179170425431143,7.68047060587279e-05,0.377632213855425,26.1185821634786,9.60520319101728e-05,9.37226369549833e-05
0,66.9989298862567,17.9619520586676,50.7632654624367,23.5372296906737,286.887324069161,0.787073284451294,17.3062039840183,7.33893579840174,0.000174923522988379,15.079266624404,0.545778010974717,1.17472502889307,0.527686755487082,0.177117946056906,5.50639284349532e-05,0.341416271833825,29.4762725773248,0.000182978562304793,0.000114500712834021
0,65.0351435779644,15.1079748956325,51.8159478166757,26.334322483879,256.461095145296,0.799538289624828,17.5251629506806,6.00964069429394,0.000220643261207176,13.16406246643,0.470543981893027,1.27968685127644,0.509533069284365,0.160531183192892,0.000121795011041019,0.32635351205706,28.6417310046959,0.000160982679202249,8.90999608330483e-05
0,65.1580531332485,16.3694844133562,58.5398618551054,25.9416230645734,285.100847435828,0.902522403230165,15.5305056386641,6.27384243569374,0.000103137546851627,15.067330907882,0.491300830005768,1.33364205666197,0.498762136356114,0.186412121009909,9.61214516583187e-05,0.353282172117358,28.5315517473603,8.28558560945599e-05,0.000196498025571948
0,64.5652908720427,16.081400704254,58.8797791578626,26.2014401690017,326.878093464635,0.803703606823333,16.9011063101532,7.35897295794187,0.000201087877400282,16.6278202188817,0.528600601528738,1.46083015141693,0.625306148267417,0.178732999168838,9.62801187819997e-05,0.3951697155761,31.1349645337354,0.00014317613394349,0.000104784135850329
0,60.8963656294637,17.6765026049154,50.40777995708,22.5889006243225,266.570575361131,0.793005712310963,17.5299369651604,6.96910363417285,0.000277024660011197,13.6723312790866,0.514150003275362,1.24814655657319,0.504936919910467,0.163154571574974,4.44584696284686e-05,0.339774229349826,24.8149563949479,0.00017190125132051,0.000102904224892187
0,65.9069566818587,16.1383011962108,56.9366841660381,23.8828629128131,316.126865370008,0.855932533115249,17.1032952168669,6.88933866033921,0.000112900327035094,13.8494324263069,0.533658395505,1.43611941755766,0.53275155361564,0.174261412869903,6.59786936511386e-05,0.338026119824456,26.9652126688866,0.00010840967988303,0.000203203829549886
0,58.8937848124241,17.8551621335978,52.095907745618,23.6368794788102,313.737516578439,0.871870247535172,17.4218908226058,5.99400891592897,0.000110317883886562,13.1777376451523,0.48463343998969,1.1942352242467,0.584374447623227,0.164926486747554,6.84402610340696e-05,0.324859126462728,26.1169579144978,0.000173958301991714,0.000153435802835344
0,59.2432774461114,18.8320099380625,50.7269913531588,23.4817866694699,301.255966787567,0.805247560739849,18.8294151180039,6.34229743894255,0.000235623269328158,16.2958161376471,0.519232285303584,1.34741813007627,0.576352547946859,0.164389294841905,6.63940705616831e-05,0.379826117793852,28.0055181864894,0.000183255101012484,6.235753957071e-05
0,71.3377145708976,18.5389585655348,56.7545661984893,27.6613323081805,294.132570117204,0.884433291043687,16.9225022001454,7.27390020126602,0.000201916187119994,16.3057192247823,0.542753209548972,1.22197424445787,0.524811036275186,0.185824700640614,8.15345295537858e-05,0.383478612822333,26.3690350596362,0.000116202403795925,0.000103441233922532
0,59.5415502599679,15.8038979885187,54.7789550462904,24.8798048728898,285.055172721657,0.897691956562412,18.5630773418044,6.59808350085818,0.000231813489713421,13.8759497951457,0.531944779424769,1.16016235163004,0.552555172247252,0.184728980617879,5.96820587399822e-05,0.349468058503141,25.0277240972354,0.000104684805275226,0.000150683928149047
0,67.2483246227681,18.4090023518196,60.0456426704771,24.0442915885702,305.795444054221,0.856744162234468,15.7537642367758,6.3779072370333,0.000216000636096905,13.4930395840329,0.485150246714822,1.43213665825157,0.62468397103009,0.160984666127349,8.14049420209603e-05,0.361958606077702,26.6565326842149,0.000110563338782383,0.000104554249018807
0,60.3891789289983,17.4267908356031,50.4853445447988,23.4577865428893,257.717338315841,0.786459424959911,17.5247090082596,6.75276978818822,0.000119996871358979,13.3393860119784,0.516275666927101,1.21509214190055,0.575327125627158,0.185383885559067,7.08240610119384e-05,0.303429215629625,29.2246334557416,0.000116210395334554,6.71451748088628e-05
0,61.0068972761693,17.7562220346544,50.5370338024431,24.2474751352221,269.669600606881,0.888697936549199,18.2576486372984,6.01556447775499,0.000143803873052233,13.6193770024132,0.451268074987086,1.27716152420834,0.51338940764041,0.176375049580499,6.60478371277206e-05,0.319986421744607,24.6103583226196,0.00010591463536595,0.000131224806918741
0,69.4724099506285,17.9874090845203,54.006966254008,25.9249056845809,283.365345519394,0.804337163816098,17.9233984644092,6.27035341073023,0.000288001238328083,16.3246719810227,0.578390980657977,1.4350689798128,0.577434616175263,0.169827358358516,0.000133879623280377,0.344065717363613,29.0129010461159,0.0001417772434822,8.32457085648844e-05
0,60.4135046599554,18.3710475132381,54.660798981239,26.8423790720246,264.864623345399,0.791579462394644,18.4882178972618,6.08788928369998,0.000243563255627767,15.4424182385953,0.467818782969776,1.34174289252377,0.532771221119933,0.160266178771919,5.44493197452391e-05,0.325653394258829,25.9859342249631,0.000129598534017937,0.000111676666297992
0,70.1395365204606,18.131932326432,54.5318860310108,26.2822718111871,276.735823495776,0.911400044390777,18.9283819060009,7.21574158895033,0.000155305616481254,15.6812467881155,0.523075299474075,1.21891353677489,0.579352805551515,0.159981543435617,4.99188820818953e-05,0.345126020401053,28.0627263928404,0.000120091774188034,8.6336589011693e-05
0,65.1737235413741,16.1350604014939,59.2259409103913,24.1256658472435,315.002984185043,0.957946044523818,16.2786005729499,6.75824981948614,0.000208692562764119,14.4266641737098,0.470297580472079,1.42530327995897,0.575121762043375,0.182129630525163,7.53572126450948e-05,0.389363043377963,29.3265488607469,0.000180508236090686,0.000133389386888133
0,63.8032497620998,18.3188050052011,53.3008356337105,23.5204007529825,307.375779983677,0.874828582952562,16.7192450462008,6.59607495505383,0.000113539546892311,13.52266411827,0.549526944874914,1.34451960401169,0.601736801366934,0.151061905557523,6.94479598319004e-05,0.312282639572357,27.3418709877481,0.000218880465317723,0.000159084020089688
0,66.7893191462951,17.8069640919535,55.537973694819,23.4100999560944,276.469899135021,0.945283606470301,15.7341276327185,6.4129103180895,0.000254675145051973,15.5075058816782,0.473482828207739,1.353257844294,0.526031799464853,0.185978682274051,5.68431735136219e-05,0.333055167733842,27.6100405287669,0.000114488761328486,0.00010863732433948
0,69.129764929508,15.9738483627672,53.0703399460091,25.9966777280765,291.925403030654,0.939458768937708,18.3749948759019,6.13171299118561,0.000110156520792128,14.2160602792242,0.545313092437062,1.37095847336727,0.590154109413877,0.158631408398306,8.53564507902507e-05,0.358831086636522,27.8009632061102,0.000112497798751063,0.000162826875424625
0,59.7157602811462,17.2309112364068,57.4384206918256,27.5916521665309,253.994958195938,0.806725510422944,15.8746764360104,6.85249947670099,0.000196649766033917,13.7193602499711,0.493667079975783,1.26716873890275,0.595913318945616,0.158120917279412,5.06106889981187e-05,0.381746453603345,26.6658902743492,8.90822446844252e-05,0.000188648471616595
0,68.280923651953,16.4679663309382,59.7702399669561,27.0422214786231,274.545647851976,0.859896976754842,18.1882655207787,6.32313443732865,0.000329349058608606,15.3473905083199,0.486140444313663,1.43455439891134,0.560621241066896,0.159418436092232,6.60819426634053e-05,0.340592288649789,27.7603736617296,0.000175108544620291,0.000200703329637239
0,61.2786887668548,17.0182374057585,52.8627090341515,27.7310569120916,272.846690940786,0.880241421372197,19.2127503273798,7.13315798232333,0.000214989098744012,15.8211025920896,0.555984108907256,1.40100105785997,0.532374325766746,0.163595495438533,9.43197110190409e-05,0.320465122621066,27.693241765604,0.000140111570157751,0.000187252564148566
0,69.2681618039066,18.6780659580671,56.217012854819,23.2861430539263,308.737795079261,0.926385765674677,18.1604189571237,6.52464910605754,0.000289518902576247,15.0371700687158,0.52937023893755,1.37201385302626,0.507954322670165,0.169869101692496,7.72176081615504e-05,0.360456994650484,29.025723468442,0.000126933076516132,0.000117602152676918
0,71.1899850893573,17.3438117740756,60.1037920237355,22.9434998611179,283.704406291209,0.882401436735476,18.543468408531,6.01163026736023,0.00030564290398741,14.758717849272,0.505532791112558,1.25453966787245,0.55651145785234,0.159714249503428,5.78097232098621e-05,0.329232703650764,27.7059444946392,8.71136516103289e-05,7.85193334337782e-05
0,71.3396456147868,18.828666695848,54.3223515153014,24.3171315063962,313.409202827744,0.88298512922783,16.6029075280797,6.43289395762188,0.000182028346194735,13.6909930491683,0.564196102053856,1.21191524611497,0.537686744726494,0.144513404382909,9.53331743946213e-05,0.318087824814784,25.4534928451017,8.98648137207535e-05,6.41410331905672e-05
0,66.0723301873197,15.7076770811809,58.7197093159046,26.0729236283867,286.324643104108,0.936675083037119,18.5106003879914,7.05152764938766,0.000123741972626897,14.6598202401393,0.514653746717903,1.28618421901497,0.548081016146079,0.184646554085477,4.95563295880633e-05,0.340041929060258,27.9962259916902,0.000143330043832024,0.000167921829504151
0,64.5873222999814,17.2791037308857,55.8000500660848,26.4363155990195,278.402857887058,0.900445631421926,18.6438165512843,7.20658368462168,0.00018772102947683,13.5106452946143,0.539045308062591,1.42918136746407,0.527733753028611,0.195078858289935,0.000121663349790803,0.359889380694634,27.6585817122787,0.000154204628320384,9.12018081751012e-05
0,65.7205974148326,18.4507047070982,59.5815208440314,25.3662515440406,269.373438683576,0.817084913450399,18.7833888745348,7.11972971762449,0.000306152491918117,15.8539391079928,0.521656358663321,1.20168424292667,0.554283463482506,0.181771447854892,0.000101085379438974,0.347368624766665,26.5583661564654,8.18667656464077e-05,6.61500781055236e-05
0,64.9436124330304,17.5499693798558,51.3783705076679,26.8441829784583,307.647916115818,0.974643369968351,17.7332217118816,6.75531499285856,0.00020695446527309,14.8783240021044,0.507769953459107,1.22447172853255,0.615797180589532,0.163117069013504,8.27887145928622e-05,0.350731721634721,31.4332995948902,0.000132101610567628,0.000101618670409712
0,62.9191788764492,18.4181923647223,52.7479789311261,23.985948773543,317.458104796498,0.805742964228381,17.7264862603643,7.14323945484024,0.000278715885239283,14.4683402838188,0.473487604633235,1.39519031036488,0.607023902070026,0.158894553198909,0.000108934478470522,0.388632302082961,25.9038453008708,0.000138563536022837,0.000157403958275662
0,67.6977320879447,17.1278910321542,60.4874108682609,23.9656947314358,307.75901829852,0.829330435735177,17.6516683271474,6.63128478092673,0.00027276794526961,16.3333201681754,0.54819203302598,1.43609841602054,0.530415160828365,0.156545898208439,6.442171645214e-05,0.326895776420005,25.9401238738414,9.71606577596672e-05,0.000104632661116092
0,65.9680351374477,16.6684054852704,51.8498043379674,24.9184101899183,265.53119057319,0.914229312350511,16.9385023191335,6.61196297238524,0.000227890484593923,13.0802663469202,0.536238748489062,1.3077136007785,0.596865850597777,0.18841089948348,5.47219708891343e-05,0.345615803823073,28.9805103187737,7.78832424090218e-05,0.000176037666754052
0,62.9501853743832,18.2145815187258,62.2282724028478,27.2288561555113,298.769142602955,0.894784527901799,18.5762329713617,7.08752326084794,0.000263845053305273,13.8919919922953,0.51943861613657,1.27192372135313,0.604655722692607,0.192800713058654,8.65504889023501e-05,0.389586909906744,28.6025061383375,0.000195280688699805,0.000147806138401001
0,65.185312613445,16.9724603436412,54.8147298391929,26.8442533081397,288.090144830104,0.813387935076513,18.7185616600933,7.07576218099558,0.000170979206330712,15.0512106749618,0.53175911571538,1.14330725430476,0.58916172145009,0.158898943796061,5.3612680613538e-05,0.322122691687776,29.166105072039,0.000115566775182387,0.000128128548679281
0,66.8391363361135,15.7462108134942,57.7736444881868,24.5827352303472,269.337324053304,0.821616442446571,16.9601268946095,6.18211780871,0.000260913245082255,15.29195247129,0.503470105270307,1.17458648462186,0.551369780235241,0.156297907234729,0.000109851994248547,0.341308597350836,29.1832706311531,0.000162259554136511,0.000178367935018371
0,68.6953516121379,18.1552579059684,54.9742310702132,27.5050368264703,273.594987309129,0.862598090813571,17.6789376122576,6.43586034305803,0.000165293852837156,15.1653051282744,0.53537231376094,1.13972998458159,0.580294666583253,0.167679469873213,5.02780288721823e-05,0.320770090042607,25.6429742978313,0.000125234405980807,0.000192169284732112
0,60.5345499152392,16.0584831545462,59.7528686163411,24.2862308710658,264.849445060329,0.83467011704176,17.376409837561,7.38753860287306,0.000196195591823396,15.2918256919283,0.513877406516468,1.18993549354758,0.533420142053281,0.15203445535061,6.9735189021966e-05,0.317493829613635,26.1332528845789,8.87624056578684e-05,0.0001305921914199
0,68.3560846118327,17.7555354679208,55.0994666867164,26.8305773620207,289.257877472317,0.916644781161359,18.765169140563,7.1221249461952,0.000122683818440637,15.3238158338901,0.513919317516147,1.31753286651606,0.600437184577181,0.165118365235565,7.23823694342705e-05,0.350207783137236,29.7567035828803,0.000149128586811837,0.000166890361152724
0,69.8958653825494,15.6451353706832,52.3041842033123,23.8230443112572,293.238021747591,0.880703480548869,18.1878520916161,6.6498848333031,0.000159199924670593,15.6762765520069,0.480341529216209,1.40408031506988,0.514062342754457,0.15795787606841,0.000108404661987751,0.342923840291877,28.699364848457,8.23626116967789e-05,0.000105058740206278
0,66.7850456121573,19.0444696973972,52.7861026760693,24.0672221552426,295.019979644798,0.893930587480124,19.5315301655347,6.81949504412189,0.000245692607690711,13.9224046144404,0.490493781845008,1.41867111670877,0.640434465651592,0.155709244318825,5.62687103116991e-05,0.381022263828504,29.6900058549539,0.00015582604429138,0.000170043522187964
0,72.3504450077244,17.5542181381555,58.0501172557635,26.4447216817393,283.325964849793,0.922436974968421,16.169862322447,6.63688678063775,0.000123046772472384,15.825100619724,0.513049589056614,1.31785989534336,0.548785946083234,0.16836176447713,8.87244555418166e-05,0.321741929397818,28.2765828478335,0.000166493255637303,0.000159737514539936
0,66.6208576863875,18.7367822618053,56.3250485871001,26.6367444851684,270.034000905568,0.945119060845387,18.8953203203622,7.15057214473008,0.000148771662652691,15.4897174925098,0.484209317919003,1.38411301371654,0.612769009024111,0.150419003673279,8.99877992170277e-05,0.363092872477662,24.9109046203408,9.10665731667339e-05,0.000135439547588801
0,64.8757878589745,15.9959129656141,55.9829462586249,24.6828449402473,286.976725841312,0.920737368897169,17.3658264587602,6.16523183426249,0.000136461496845398,15.6808355092769,0.491189856473325,1.1734484230488,0.538159443202046,0.166007468337254,0.00011391509478683,0.309589783699564,26.7956265618603,0.000156167610266102,0.000215962049417786
0,67.9581432778132,16.208108514839,53.4026625068527,26.3433647511547,281.725880493475,0.840952448117616,17.9859143645454,6.59264075198141,0.000255489543522185,15.8701314887723,0.537578197655931,1.27374125237569,0.519685589045074,0.178893810952716,8.82209271131671e-05,0.380320393423848,30.0991774380688,0.000112402758853842,8.75088902577582e-05
0,65.2695365027671,18.5452972353042,56.9784020460799,24.489904845291,312.565020247959,0.79906004435755,17.12207724454,6.97143137512997,0.000148404263282943,14.8953006497817,0.555942881236764,1.30459898306555,0.564174508364866,0.173791925530113,8.78559476319208e-05,0.355325336822557,26.4237572662125,0.000182229151856696,0.000157900142059146
0,66.4208607305279,17.7806785364979,56.7504780077286,27.2007555699929,317.781111433139,0.876892093025954,16.5375886378678,6.79382244958531,0.00012501188837338,14.913261398232,0.587181871629872,1.28204385557937,0.597644988138218,0.173438930358592,6.90401948448698e-05,0.364578523192263,27.0861777390232,0.0001368610222182,0.000180915653959449
0,60.6668189090297,16.5991073749142,55.0322032614375,28.0672611762779,290.148055874593,0.831994541817924,17.1907451672987,6.24733313680485,0.000143410605266757,14.3841092010544,0.465473925470541,1.24309184123638,0.519130750132494,0.187643054444738,8.12650194309143e-05,0.376765034116771,28.3723255635408,0.000128706456837517,0.000108618434694851
0,69.0804813144867,16.0187287049957,52.3757092160673,23.522624697277,286.647258691202,0.820061095406719,17.5564723704055,6.91410805445683,0.000272520767482299,13.3121628545839,0.46291995813302,1.37315295818949,0.533458610935097,0.15130452840011,6.34200205361688e-05,0.353659117764126,24.5708962170429,0.000162367888383531,0.00014557860192412
0,62.6169424155032,15.9810479771777,59.244089729111,23.1340318050797,296.701938635602,0.905107449216805,17.7718643869963,6.39238374032908,0.000302393376471935,15.6003900639114,0.562194258469872,1.33761521266574,0.542559530419418,0.170484435922669,7.42628804154929e-05,0.341632851843335,28.2345376494337,0.000214416665909952,0.000181716286949324
0,64.602469241634,16.7882576958978,52.0722136618631,23.7394933320388,272.55244952382,0.963422617829148,17.6026403427858,6.50512444514841,0.000295110129951734,16.3050830179418,0.550851162299413,1.25933104471866,0.592903062593629,0.151710681972489,5.85120917326525e-05,0.375658220948525,26.7956528587113,0.000109959210522073,0.000189882676069877
0,62.2246238814905,15.78536135065,53.6265520354581,23.8519713465047,285.390538770085,0.938106173057296,16.3179242501152,6.75113453721842,0.000204677784698206,14.3333019726884,0.536011781235365,1.22466725553617,0.556594373432973,0.168952059721988,0.000136310373146908,0.359830305426832,29.2593753993243,0.000121856264287215,0.000175231278621548
0,60.7082715244772,15.9235040023232,53.8517978417267,25.002855270719,291.45073486723,0.780390047769797,15.716278266986,7.31789430933024,0.000282796065445265,14.4772349350354,0.538738682748256,1.2317019704106,0.585258234699708,0.160165475567658,0.000111239677410036,0.313996743635573,27.8175378885384,0.000201371738305935,0.000157067083158255
0,63.0933714874532,16.7885692955177,53.9983415674317,25.2828005029881,283.029982837158,0.932334451189326,16.299647886316,6.59765776593037,0.000204377601843811,14.0002651311945,0.578421055519969,1.34095540816882,0.61150609753632,0.154664209250726,5.91839250472085e-05,0.365481385857234,27.176044127669,0.000148324640530434,8.48332704268919e-05
0,64.5710289987516,16.4835057038092,59.3462348743678,23.4056208291761,302.548855308703,0.899481625685602,17.4062100617909,7.32196049123226,0.000128369806224836,15.9314088312143,0.536623823174663,1.22704820209397,0.618805493007767,0.164351352142998,4.77201755727815e-05,0.383012027292924,28.0628881268538,9.69444846120389e-05,9.61510727569997e-05
0,67.7698081210519,16.2523157315039,51.3997255871712,25.7244401029905,284.480523018647,0.791907748979369,16.9411813482407,6.7300123385477,0.000283209232750781,15.1528503637086,0.520274185370152,1.27439458526546,0.579477383379428,0.188432603957766,0.000106640026711724,0.342543906715382,28.5203534293799,0.000205663457051386,6.57557122423607e-05
0,69.8233364003075,18.2650272130521,51.114617770755,22.9086594338452,286.764452946872,0.834563730635192,15.5707574731137,7.15573045948888,0.000315889267504205,13.2260214820713,0.521381788733163,1.32591019998882,0.547758067142753,0.150863954829737,0.000114393708384697,0.3355251897401,28.5100366902924,0.000102589687471037,0.000117797752773136
0,69.9766912114881,17.7617952320023,53.5201172879405,23.7714448563047,269.2511610225,0.797630061093255,18.0592287313088,7.03098168407512,0.000332783455487866,15.6163843796602,0.528518221802265,1.25997540411932,0.580676991890065,0.185984866087595,6.37041032116279e-05,0.370345444332154,27.998670458051,0.000114786095447434,7.35533966407515e-05
0,69.2928895684512,18.0080574027426,51.1072066454239,24.4419564257406,285.491950189535,0.928440668889551,16.649706183667,6.2972102153606,0.000132283782352883,13.8930750619869,0.516575119879553,1.31425805327172,0.582002494186523,0.184124826297318,7.15962858204449e-05,0.324750125289645,28.9677455512417,0.000158031115037158,0.000110642804776321
0,68.5688320462797,17.5235461079682,54.0159111750983,26.5516093140992,274.069259550973,0.882579689644999,19.2198391831813,7.47167735175483,0.000149135878230978,15.1541704770387,0.518723868559683,1.28174539432593,0.580905006843993,0.16903778230338,0.000130028499332843,0.370995925591029,25.0694680968746,0.000144718873195176,0.000152938036831329
0,63.3410435742638,18.3724027461393,55.8763349370167,28.2950339102266,273.797146780714,0.827950122955199,17.1716656063289,6.19355964357618,0.000143478480883874,15.1343810411326,0.487866211090867,1.17480081305671,0.577764249592123,0.190637978571223,8.65430151117592e-05,0.378348448252878,25.4498117971818,0.000126276392400798,0.000128919140025789
0,64.4096414765147,16.8340885397008,60.015304447011,26.9941540968802,311.483599840558,0.884916347542379,18.2447137640007,7.22778369011405,0.000236359480506779,13.6786965554517,0.537236740222626,1.17850114317753,0.601985821750241,0.1725985916952,5.92673491175404e-05,0.355413976326277,25.7143443121202,9.63940449516996e-05,9.49888603881613e-05
0,69.470122652345,19.011889875989,55.2053049511653,24.5832916453547,316.389011352702,0.818702935336827,18.9846689425838,7.52008991684248,0.000277229609478602,13.8993944010434,0.564438306086241,1.40426714834332,0.534490301362977,0.201230113910456,8.65801065940554e-05,0.379947965635649,31.2778004338273,0.000128996957474465,0.000111814734737356
0,65.5650146450327,16.889168887171,55.9978702433095,23.7622131861861,317.350959908549,0.781125790662748,17.2884649557017,6.8923927964821,0.000310364755413555,14.2521351637947,0.477897314860318,1.37460529327484,0.547093911073403,0.180181897567207,0.000107449872244553,0.382190239688998,29.5755548604595,0.000174189212378496,8.59445227138304e-05
0,68.1026272920505,16.7208559423389,60.2393816933078,26.2385664251331,276.772092197527,0.916239907643916,17.4580882700466,6.84197733339529,0.000198769819629936,14.3564879877657,0.566534500471148,1.43002394305638,0.561425385699766,0.190265268890361,6.29913078072755e-05,0.386535179250985,26.491059075116,0.000187878254963353,0.000174830502058894
0,66.6350762966573,16.5491552007879,53.7529104330361,25.1073250959619,310.834762442369,0.876517197970531,17.2504677451594,7.00981092160962,0.000224668855642084,14.0532354880179,0.493703007345878,1.3426226857087,0.556537755190323,0.164810963460928,0.000109595205921056,0.356591386628948,30.8218025664895,0.000108443300033268,0.000178688442488404
0,64.0081990357885,17.3653087721258,58.4613010879892,26.345422133319,294.134802543009,0.820186876273297,19.2599167492351,7.3812286219979,0.00026110122624763,14.2291283793914,0.542690598472207,1.40803268199652,0.526787380370251,0.171596431331268,8.96521916704049e-05,0.359848933959114,26.036346194107,0.000134538367087196,7.77089145453277e-05
0,70.0687068259537,17.533362884181,56.5128905433091,24.5027619635987,271.160736596408,0.901129124699355,15.5960102893249,6.06210004340875,0.00030964283581028,14.4607560426833,0.493379610365416,1.23752017567205,0.575929939241963,0.162607560302055,0.000120554753389426,0.380177331806202,24.851687428569,0.00016708187904927,0.000111145982614751
0,68.357817968972,15.7015486279577,50.3419297458955,25.8712473044494,267.330456121751,0.751024065736565,15.8256541186547,6.5374020952561,0.000288180800466129,13.3902959111776,0.492440077440853,1.13875152902742,0.567659525683495,0.148643622205447,0.000142241006124328,0.357684749596551,28.6644608073664,0.000112477651780636,0.000154666455333889
0,70.7266065861173,17.4956268965519,61.2198937139848,24.517730232366,283.192896300938,0.8117641782482,18.4743096259774,6.47419684305832,0.000194741452271297,13.5884757503623,0.556446117520529,1.21411153895878,0.517356854605757,0.178002127786944,6.75203315077149e-05,0.338046774544467,25.741041887316,0.000184819988055889,9.50564159896635e-05
0,65.1650799936148,17.2735668727215,52.6201261409469,28.0953662608133,302.897335169673,0.810886021588514,16.3348495071398,6.40824707385593,0.000286041285133408,13.816324234567,0.50676297305338,1.2951695087871,0.572492345057283,0.166016597582719,9.30271895647745e-05,0.344455105981394,29.7854537254646,0.000161690724753148,0.000126650590970771
0,68.3474871774243,17.2707543021305,55.365942303917,27.326617914683,312.085147682084,0.934322420159103,17.1745357873603,6.70658223463217,0.000325195530353812,14.7676658594714,0.548152505090878,1.32567992724425,0.588594508917917,0.164452634676487,7.65563078247197e-05,0.358650688110765,26.0902489831064,0.000200504661295566,0.000145510311285591
0,59.8194204129133,15.3475746385317,53.7129879766185,24.5337662752656,279.752666250656,0.842015315311305,17.2380941448477,6.55758833737524,0.000227104280574652,15.4326169036612,0.490943081002982,1.28445261829632,0.604780521749929,0.155972743033556,6.19328848653589e-05,0.315121991074856,26.482778858571,0.000167701095230018,7.26049045355022e-05
0,66.1956948855861,17.9888512537334,49.6055827432896,23.4052325576433,299.874324081332,0.913302997028037,15.6562893054388,6.71698234585068,0.00025992982829681,14.8983678906008,0.504483076920311,1.35798909202021,0.593584174501328,0.180026746352623,5.20585844325231e-05,0.323208497849244,27.9684588970887,9.19463491284708e-05,9.05651619966722e-05
0,62.8109211782212,17.5860957416718,56.1357287740082,23.6122325928732,302.17234016692,0.844717865555838,16.2174635778505,6.69315730476447,0.000114496699725512,13.9587705148809,0.540097497028209,1.13491424438262,0.543874750910403,0.160921769662227,0.000107698418012275,0.349978829457297,25.4175478819705,8.75099237577928e-05,0.000166905596820192
0,65.2778622559133,16.1538759812293,52.3210688013057,27.3663802450623,303.630050721929,0.865471890619731,17.381675158665,6.91782817668592,0.000271096126725106,14.6763597636398,0.502334261125858,1.340278423724,0.579047917802895,0.190242206351668,8.67478472522472e-05,0.374402267046216,29.9598846884308,0.000176609659423248,0.000147648189124101
0,66.4737877869213,16.7119580244894,52.9752928558738,25.7750956687026,271.008318984383,0.924048070633531,17.9995236581214,6.89346004056961,0.000167012757847188,13.1215449466363,0.44613058272707,1.22671733147679,0.57187643292051,0.182261897407781,8.9889164832309e-05,0.337906447765295,24.1257432295583,0.000172349116337076,8.88347580272326e-05
0,59.3373217545225,15.9057916948999,57.1922555526262,24.4899606842826,298.886296729681,0.835054126983821,18.0292285078841,6.36416704057638,0.000240585796645088,12.8747271070016,0.535958440382565,1.11337300794857,0.499424143135471,0.145139068532442,0.00011439643216892,0.303367415486399,26.2525181336785,0.000143394008895898,8.85505931312623e-05
0,63.4505839878868,16.2590992149892,60.7090468320804,23.630393584508,294.393423128368,0.942444429392775,16.8725487867555,6.75493285810667,0.000144890295116997,15.4116252971735,0.531282747011065,1.24931324811459,0.541926376995413,0.169657466593187,0.000123643928866229,0.374005529225201,28.6694447035657,0.000169948392985301,0.000162052347321033
0,67.6943721974587,18.6397969481225,51.1805827984152,23.9377114473895,309.111875181442,0.819244059326306,16.334396334027,6.22191335215447,0.000260143563084152,15.6344047032696,0.523320124709061,1.31968503361723,0.595506351837126,0.179989685491416,7.89354361746639e-05,0.331773706203177,28.0193513337511,0.000113259799771958,0.000137101343733337
0,69.753798186374,16.7093929747426,60.5674612563933,24.3230957158616,318.990229857597,0.880885338069987,16.4758316124387,6.72680412377985,0.00031129474664722,15.5983096961989,0.490466444945543,1.28552296513865,0.629444196152831,0.156230620685914,0.000110504747919071,0.343018883684895,29.2872397610049,0.000175956813136837,8.90993601662713e-05
0,67.5867442897678,17.6584198211397,58.3883081974725,27.1673856794505,281.350438769152,0.779017524150904,16.4755540941302,6.29315768704241,0.00012803133651464,14.9362185932438,0.516807460296971,1.363182033169,0.605570334082505,0.160227488051152,9.06582106333232e-05,0.333489466907395,25.9286290082694,9.69852236435125e-05,6.89060793255391e-05
0,57.6065246327285,16.2961180897565,50.8026344883182,26.5092918930529,299.260793404799,0.889448870581781,17.9232077340618,6.78345760097048,0.000140198575421771,14.5017636471007,0.510218145854028,1.26566274569768,0.522837217179545,0.179702148391977,9.42249355240101e-05,0.312988478248003,26.0867737459803,0.000129216222770725,0.000156236364154387
0,65.3498206726247,17.5857083033066,57.9592816058753,22.7624064062774,282.036516966679,0.854297991878565,18.4128026340774,7.12596970469798,0.00026618898266199,13.5319182422412,0.462580738321741,1.22881550976418,0.577055905164899,0.1533091198218,5.00580338019331e-05,0.372465366077322,25.0289867864537,0.000103596542750714,0.000103799348255386
0,58.6002541581151,18.7132461731327,60.4526554991138,23.2014943512809,284.792479869886,0.87397560383774,18.5291073799374,6.33206102827905,0.000155466294851575,14.9563060464636,0.512615262919374,1.38670193583469,0.598945841375278,0.175317618180748,5.81912247396085e-05,0.374746405410094,28.7695956847551,8.18114946531872e-05,9.50372826930592e-05
0,63.4579037165603,16.7411114529146,54.5399634471149,25.1009059014069,306.07285772371,0.901161217783765,18.5293708178151,5.89895923660088,0.000104520630897342,15.1246703222637,0.521719026383202,1.17576882873202,0.537861781768392,0.170237692871523,7.36740100870934e-05,0.351407556948448,28.8267154799914,8.80851062265143e-05,0.000111058147393048
0,71.856659306389,16.7117716403687,60.4541245422739,26.7788668548988,303.359866828097,0.829189240533927,17.6711228652639,6.74942354562598,0.000190653303891521,15.8558113175855,0.560934138327978,1.4506865989303,0.614982186300584,0.203535290650247,0.00010917755077813,0.341504511174808,30.1572976309362,0.00010757389213058,0.000102634449456048
0,62.4808395483693,15.8056511290857,49.3262107774129,25.9817173328814,313.860000015009,0.920514930583265,16.8531559854909,6.22777259954265,0.000164218300007151,13.8324275864175,0.465489766019275,1.20015844597618,0.59534192197959,0.168500305543117,4.88532393187965e-05,0.345367768648827,25.2029743847136,0.00013850496597797,0.000157791118851458
0,67.1128259562863,15.9971927103808,50.2319564271011,27.1784659415918,256.627892131953,0.895986442483144,16.6452135581979,6.08987552392203,0.000178547167582959,15.6185758397439,0.501557100129918,1.28780884565994,0.536834126018008,0.175159238724667,5.81326534247047e-05,0.361963879013965,28.3213775320293,8.64153894947241e-05,6.44776860381204e-05
0,62.6143469744995,16.6940888489431,59.3466852615332,25.4391093663744,284.805354636069,0.856240952536444,18.6735258471392,6.60993698586368,0.00010900109636049,14.8909235493914,0.46855734333336,1.33527995408354,0.629742593116796,0.190960543076718,0.000126230237533117,0.37655507901324,26.2887843810793,0.000164034271293899,9.78846033720879e-05
0,58.8965545375212,16.2121509106895,59.4804832793994,27.8350677432863,280.236684149689,0.881630402001313,18.4905739602156,6.50113767772897,0.000286620678033479,14.3985411620228,0.546517704894813,1.15135223332145,0.507263370811979,0.161706919769608,6.70230402749038e-05,0.326044682891234,25.0599869738412,0.000130263605757377,0.000104843974845875
0,72.833136178246,18.4137521975111,52.2612990742053,24.1205363764544,287.179740797528,0.835955170445269,17.7537406038748,6.72143877922704,0.000291487887454684,15.6094551243366,0.477098080648875,1.41221579252967,0.562592121660077,0.171931013749168,0.000109049719397272,0.341772919989333,25.9857149814727,0.000167130125680393,0.000184308293570452
0,65.7074974771912,16.859452381686,52.8563438234146,23.1681577665429,287.876167703386,0.783861976895063,16.206130017197,7.15183499474833,0.000126932689333325,14.1321736605457,0.519245478012121,1.40724130854912,0.607617205407539,0.192204191151519,5.80915358536679e-05,0.336536508215671,27.6634659077032,7.75838930644849e-05,9.86647379294054e-05
0,62.5496506800935,15.1664935056888,55.98275122197,26.4549797227468,309.62878701729,0.850248442796457,17.7814047657586,5.97811091353937,0.000164945747530572,13.6477266473657,0.529953620938312,1.25657221762527,0.528162743177418,0.177973478767474,9.430254880704e-05,0.338816363019967,24.2415398028488,0.000201796149593952,7.3627109632577e-05
0,66.6200759824244,18.1604581695162,56.1083303057517,28.8216709594469,302.253689113052,0.837926394337682,18.3833738883,6.91456670624683,0.000189861630667355,15.4505022626969,0.523979532239933,1.29816847029614,0.556105189862717,0.174765944725746,8.23879286617477e-05,0.392633166417909,30.242422230375,0.00012425963666776,0.00020391521925633
0,63.5869465760007,18.6362873856498,52.8815965594768,24.0022740083608,270.738182770368,0.955244359255633,16.2814324933863,7.08918847489408,0.00025165455921575,14.0476204484521,0.504835770217508,1.26337955129939,0.561801797416296,0.169049473714991,6.19699799210592e-05,0.331879481175306,25.949359068225,7.80995674226345e-05,0.000111676746037511
0,65.5433186612934,17.6209209756232,56.449311574875,27.7069475755416,263.091429497548,0.884073256578156,18.3776559206782,7.2247274164784,0.000144245853219607,15.7123363880095,0.497857632808964,1.30909314989836,0.604801700027761,0.165695877438805,7.43079442385379e-05,0.325352120724133,27.5718612491414,8.41419214525549e-05,7.28205674858603e-05
0,69.6916163207428,16.2942676142922,54.8166785149362,23.6909481770708,278.609527027297,0.871130715443796,15.8014505994612,6.61977333887071,0.000211940542988252,15.7814712310407,0.515711955303048,1.15759522879168,0.545312090787635,0.172633356498116,9.68406081875559e-05,0.366916131111833,25.505981090683,0.000175578233193088,0.000117720260897621
0,66.1630935150309,17.0146018565683,57.8208997483154,28.6443989692933,289.110064942862,0.876915941876457,18.24010593422,6.44201116295915,0.00028663814186365,14.4257979770152,0.482026738783852,1.25530696316076,0.530726169679466,0.165439728582052,0.000103367045719016,0.394412442491164,27.3584685194745,0.00020615544773082,7.80985499678645e-05
0,58.8549582832076,15.3245862007459,51.2584185074896,26.3022567589629,262.488029935445,0.931544881013449,16.8840420155956,5.97862630270581,0.000247743239452434,13.8050371033367,0.511476586848419,1.25485009320384,0.585124767216076,0.189630418157153,6.35326775528303e-05,0.336915243316865,26.3391837640779,0.000115624813169384,6.10689904583162e-05
0,62.0892976075365,16.2626119029074,50.9232811075129,25.1551705640284,292.351331572104,0.923740795630731,17.2693234212882,6.40286504381588,0.000119652860446799,14.5020793320986,0.508144986809305,1.41468906241082,0.621006416284081,0.164473409467691,6.41958361895995e-05,0.313502713351548,28.4473248178737,0.000106772022505413,0.000167972156777914
0,66.3675289890033,16.0588543133575,58.5546885786156,24.8488078802998,274.66847876216,0.88548192110682,17.1538443837192,7.04334154277864,0.000311417284035219,14.533999722838,0.561411988580952,1.27398457680169,0.599947138279151,0.164125741158484,5.58492738163553e-05,0.391046267098795,28.5665794951994,0.000123388269299702,0.000143772983602152
0,66.6752446791582,16.5125618486204,50.416590492262,25.3267907834828,280.706171471295,0.861457167502615,16.5292784221917,7.01046736407603,0.000286089663822935,15.1127538297461,0.538859798795458,1.21709449020314,0.595826067397851,0.171825377010577,7.29522708722862e-05,0.310550502408138,27.4697406838975,9.33717436466143e-05,0.000140559033073308
0,74.5082355860427,17.2311697465071,53.7378317406199,28.740491393305,300.761688968396,0.904822410731706,17.6416735533847,6.71210064788965,0.000168802253428074,16.1942981914776,0.487871134464464,1.33563152690919,0.627413629924285,0.163815797784787,0.000111112215151833,0.365052301846225,29.8420961207419,0.000211676862223207,9.72756746812675e-05
0,71.3035850444831,17.0304173981198,58.7270926613617,25.4696358025798,323.684640303466,0.916529927501001,16.417074513621,7.48367756094068,0.000187446059056727,16.4707152415296,0.49073631766783,1.45768201076252,0.638203678074054,0.190865736047757,7.56681372299615e-05,0.327618292336281,27.9382634231652,0.000112349833623276,0.000159347401725497
0,60.8127991677542,16.5347975680954,59.8964967349331,22.8029375226815,287.16802021861,0.843058476211134,15.7841398383926,7.07409163270769,0.000169019450797778,15.1824377382919,0.550531834397165,1.1516160973095,0.603228007006818,0.191717910705196,7.81962437838926e-05,0.356668312089615,29.6484947141137,9.36451104714972e-05,0.000123171612453634
0,68.8007037019092,17.9439121904999,55.1509837445244,26.8923133373532,269.588763271536,0.938940460615181,16.2136466683039,7.19503592943355,0.00013737582064024,13.8801172616003,0.492157655170224,1.19727868299532,0.58628547508602,0.155672029000979,5.51296568361621e-05,0.369428644908846,28.6658297587443,8.81266059898224e-05,9.27028141759307e-05
0,65.995657092863,19.1035655417099,53.0384713756103,26.1794952025021,317.414158850607,0.821587052705095,16.999186547188,6.87202276255386,0.000165273528397285,15.4009216898499,0.504265970661217,1.2327670746036,0.628878210212369,0.185505692059062,4.98568803425651e-05,0.375159985739852,27.7609307873831,9.25350679268748e-05,0.000179116971215978
0,67.1280557249601,17.5822665871362,51.8657064751429,25.0330102608601,259.478468282423,0.923292150591899,16.9259092026352,7.00532247844281,0.00011421806349715,13.4554114994608,0.50256141320253,1.24449942927689,0.525212767992495,0.180347743957578,0.000105570590219325,0.339708652408146,24.5881768239777,0.000184667949483504,8.37303306461837e-05
0,61.979978853821,18.1695574335124,59.0354574170277,27.7852451248796,307.33509745514,0.883564151381862,17.5952865063596,6.62041367416572,0.000256012865899646,16.2333178532119,0.472386867201485,1.21387741314467,0.516105443077189,0.195769936981395,9.17433233818774e-05,0.392550355858147,29.8108843261503,0.000173893775438222,0.000126068838460877
0,65.3996904325241,16.3131664587638,56.7669715626394,23.6961201480923,302.926777936153,0.834246741292195,17.8330592936758,6.95475996735787,0.000280070468869208,13.3515547794319,0.541701581670798,1.12914480656016,0.563958772653074,0.176998231261298,7.0632589058585e-05,0.367275969809406,26.853425123322,9.01693828420342e-05,0.00019846075730167
0,68.4949227582201,18.4288433141806,54.7302323250188,26.9078238698774,280.007550148597,0.947443646959683,19.3622172018144,6.15277122842806,0.000135369080193927,14.7537257600153,0.521967835395552,1.41210582159259,0.563161895786402,0.177993458264771,5.31494365120685e-05,0.362951780369491,25.3705541181541,0.000138828383952344,0.000149182061981574
0,69.6444270641754,18.250535860663,57.5841225220957,25.9628453620521,271.889724194482,0.796893448736003,17.0930769021813,6.84537243975188,0.000260263184156547,15.1834574332084,0.540718307072953,1.38440401835057,0.55255394949196,0.150893953740462,5.25991397304834e-05,0.328314501023876,29.2879606866078,0.000100357557046055,0.000204452733961318
0,58.2734335421636,18.1302733676975,55.8271909543325,27.0263689262233,276.170509067124,0.781713472283411,16.9186240373647,6.11834342295304,0.000290321560596501,15.5350044246775,0.510226470001698,1.22936272916599,0.541376116437914,0.179833091485682,8.50100400868781e-05,0.333876158388168,27.2207985229523,0.000115844974200346,6.85168978704044e-05
0,67.8550576689207,17.5898454912655,55.5757754049476,23.7715878087554,312.86658793196,0.851014302754747,16.8045843062162,6.59408391213248,0.000174578207587635,14.8254388212088,0.482458098840049,1.15241587650424,0.558003437174643,0.164830330956848,6.09797928435615e-05,0.37783709982647,27.9800048990522,8.54929991434974e-05,0.000190726063200734
0,61.378887871706,17.6395380853427,54.643954038177,26.4777499329284,274.979925836414,0.781967445215623,18.3868157417089,7.03589415762157,0.0001748352837274,14.8948534356339,0.55037702775253,1.1810573268394,0.57331454292862,0.155699391801539,0.000121550037635751,0.305305845946936,25.75169274803,0.000113279368436628,7.78148302346754e-05
0,70.1677478075022,15.9135441490025,52.1695692165398,25.8204941370524,307.425827300944,0.782655544442854,17.5594177545351,6.51303404118727,0.00030630309638085,14.7476243508258,0.530526223826539,1.24226394678855,0.504139913834135,0.187664013750808,0.000107399794030343,0.348617767189399,26.4691007839739,0.000151485927692255,9.04693672010376e-05
0,70.8600785413611,16.0361078189483,57.289939935538,23.7848418293375,281.598524974901,0.827499656206433,16.7800994824366,6.18638804712141,0.000109933127322435,15.0573154472682,0.502963369621294,1.20028002241889,0.549022904010282,0.19551351748129,0.000105627580521089,0.394203269162774,29.986591078572,0.000156742755226419,8.98785317940905e-05
0,64.4949404068332,18.7418890353093,50.92876787662,27.7500059133392,315.48916814241,0.810196268734291,17.4355090560736,6.82070241119623,0.000134526026268531,14.1010274721726,0.564099711705773,1.34906794406164,0.530433475259614,0.173359984141684,7.59274586443878e-05,0.341841125041126,29.4904420779281,0.000128254390643694,0.000171897568027102
0,72.1285926583735,19.278618269632,51.7064942966392,28.3246801218559,266.391970696075,0.962404395954205,16.2361301463105,6.47531725206122,0.000112811631107283,14.4458303907383,0.485114926280645,1.43761333835193,0.543071469100529,0.191955158740725,0.000119973363278909,0.384936512306909,25.6113841764908,8.16335125366699e-05,7.84632631011787e-05
0,65.294506248861,15.7024668613503,56.4649877338161,22.8082758963072,272.062631896249,0.904774152675886,15.432327189697,5.96751523740197,0.000112321623774501,15.3759096985123,0.506707774840292,1.25280642436608,0.591212511112034,0.172983581090534,0.000100410960225361,0.341442871431646,28.9193039698983,0.000164857227732243,7.73814122543681e-05
0,63.9906412368338,16.2632568303382,52.8359490414139,26.6218903041481,314.443232866447,0.854274313017818,16.8622090609785,7.28384737584405,0.000249164200103031,15.0898795163532,0.466872336906704,1.22977620891962,0.622055279252343,0.174981621412761,5.23349271495081e-05,0.377860428406598,26.1727450674622,0.000118333549728898,7.19975931902601e-05
0,74.4122606899303,18.8027086838319,58.2706758401739,25.3497204614273,316.559073601839,0.908043833954948,16.8081954931886,7.15579521625984,0.000126404033659181,16.8134658167114,0.542288981579774,1.36626397802098,0.544187942118009,0.191130071987674,0.000124884339123614,0.345181723446291,30.1714161131152,0.000151642654493901,7.71139092804419e-05
0,66.6725410343474,17.2518678302486,56.8517183436662,26.0852539308324,258.127997991736,0.743613871700613,17.6930975848928,6.20005133477722,0.000138353703788063,12.8612895390104,0.47820554388801,1.18136284386054,0.538066806946699,0.148248473834837,5.93027820321031e-05,0.37134363170303,28.2423708702387,0.000199054637132538,0.000151516082750348
0,61.9211835971882,15.4366935459608,52.4112777401917,26.509669971689,308.187804211659,0.908959258389551,18.2839382569262,7.22884914358393,0.000147530901846154,15.8153121595238,0.452340368804642,1.20907227696317,0.544194985310499,0.14925647873007,0.000106253657911731,0.325887748742805,28.5025599493615,0.000159832733248683,8.05549135610124e-05
0,60.4171239372757,16.2428583470249,58.627418440199,23.9845884810431,310.641937094307,0.879067666194699,17.8352431432208,6.28114027470179,0.000140545893572811,14.8784057136409,0.477750172655254,1.18968773222652,0.58771305360078,0.160342167714201,0.000109796854954856,0.348353621925855,29.7226767743523,0.000135607622950129,0.000158494949253959
0,70.0690844665485,18.2376999766894,54.5533681315057,22.4751882059072,289.428928734356,0.897047205723491,16.1442876669753,6.57906549492258,0.000174673956871451,13.9658158842376,0.523667060439824,1.26470860084244,0.584359687175478,0.16353164381496,0.000123906108069827,0.307052973053541,27.313270929514,0.000105276425746512,0.000191076756515175
0,66.6994506122789,16.4361002715233,53.8833849008337,24.1192584492023,260.479159596182,0.8027348935395,15.7384928423201,6.01427806225905,0.000263928630530153,13.552138817357,0.458786231795825,1.37942899928973,0.519410089254391,0.166333775590754,0.000102402176939349,0.320413366641184,28.5824135214621,0.000116285842505291,6.98460752944082e-05
0,66.2379840540004,16.2759707178118,48.4156054301997,25.0926392291697,296.446489587581,0.801744515395517,18.113741168467,7.07666346302216,0.00022335316300648,14.0199394226983,0.450696467389077,1.37169376886331,0.504053562901653,0.181099158606878,0.000117320547442971,0.341740212041164,24.2887097364914,0.000145424792067069,0.000186767597067435
0,67.6839092026707,18.7603291455212,57.1308884361589,25.1686531874103,290.248961813862,0.842093381603761,18.6698351371353,6.22116572207748,0.000291164569890603,13.7557128950449,0.501516101689164,1.22605554105171,0.522665650026372,0.158551149971745,8.9284410587629e-05,0.371450511520438,28.8838521460782,8.82859576472467e-05,0.000190881549776435
0,59.8662630476278,17.52226882786,57.1941117120909,24.9523380660169,291.590757459823,0.865415683989112,15.4712775557859,6.37656980136782,0.000151047702896585,13.5443590338295,0.480891605770277,1.17832716490604,0.551584582414708,0.158825435005084,0.000111534826337079,0.313040764466158,24.8529244519541,9.93191819109753e-05,7.8881101226648e-05
0,64.5553376152822,17.4776040948024,52.4867815093735,27.0145374039749,265.266577750689,0.85867506928569,18.6801451244224,6.04569859727558,0.000235709214315977,15.0265836274482,0.518917136276262,1.37558731513252,0.508827302120404,0.16368967920753,0.00010662998839086,0.372558336360287,28.386262681643,9.6974472690257e-05,7.46865141395364e-05
0,64.7859663592364,17.9264026806011,55.97072294081,26.1238411743591,277.090818858598,0.915306115966535,18.6099517298899,6.78011170092802,0.000272897033727815,13.8904194057674,0.477275883364129,1.20503485231321,0.55763171356061,0.172704843694612,5.80890236676361e-05,0.347231278933559,25.767207816293,9.222175069409e-05,0.000154807408736517
0,59.448747374819,16.0675846423619,55.2340447894966,26.0061668215511,254.77636638885,0.786107183770931,17.0659782738225,6.58579863668552,0.000116360215759868,15.200086887424,0.494225634543911,1.26106663167893,0.540602837637292,0.165275890848011,0.000117917984662786,0.317988479582344,26.1760527758275,7.5925923131635e-05,0.000108624401949863
0,67.8582845137799,15.5436511016609,56.1288886627224,25.5222809669099,278.257541334856,0.930835099093348,17.9007438923643,6.96163847057763,0.000244356210635776,14.1269203552713,0.486645900206652,1.27299471437441,0.569150034635893,0.186974048635395,7.10907002474109e-05,0.341576433765568,28.9903429449103,0.000156566958886416,0.000157588369449456
0,73.4607637545865,18.8530429452997,55.857074941163,27.5806361547005,295.201876843361,0.903467669006044,20.0109696792881,7.53755928317588,0.000178588823360758,16.3449097188211,0.504633808885548,1.32506688936455,0.558979061939127,0.185295454637369,8.06819783096118e-05,0.366704720483356,29.4523923716473,0.000180970873804111,0.000201015080933371
0,66.5010330224253,15.8932316003253,48.6363171350753,25.5342642225558,261.596017721017,0.901320531325623,16.8058915811234,6.48972284065321,0.0001839092647877,14.6417799734915,0.488147910022889,1.18307662642164,0.541451257735484,0.15269766876959,7.92150179495216e-05,0.370615579885581,27.8782420629356,0.000123853517850954,6.71987119715296e-05
0,68.6136530146808,18.1994395759018,49.9309348287534,26.2869546286594,258.315537795788,0.840463082148376,17.6448492016007,7.07807555441196,0.000197078642869031,14.9716418826122,0.537777789411368,1.27194807063135,0.519122999610899,0.156326982690955,7.01411010508281e-05,0.328412757100552,27.022111002031,8.12172667396377e-05,7.28577971294141e-05
0,70.8592354049685,16.4872079960851,53.1700503639524,26.7706666772776,299.497366452619,0.918802801458707,17.2883965387008,6.82795829101128,0.000162201954426313,13.4910329095118,0.556141530025659,1.3383182476396,0.524665128663844,0.177990283064834,6.25266403654213e-05,0.326590179229106,25.7923278952002,0.000173184210857187,8.46841336878055e-05
0,64.9523523854546,15.8258927840101,59.2592036057354,26.4483530873044,281.486053640745,0.928290199846746,17.4729534778621,6.0325409767517,0.000188559406969401,14.0643227451263,0.499746300590676,1.36433845294072,0.499493145229312,0.16433319038249,6.74175253857145e-05,0.340129014671642,26.5809550391313,0.000106507359096001,0.000164602661672683
0,71.791492779667,17.3872974468694,58.1427203029529,25.5569082558422,297.287315315966,0.849760937485858,19.1088549708555,7.40504215821448,0.000125966301299022,15.789568879944,0.536019810470857,1.21059084397515,0.626322858628702,0.177161197964127,8.28273334467275e-05,0.380407905538267,28.8564783367368,0.000189421228288686,0.000115518150914759
0,61.1452322765307,16.7885766817796,56.4467766796529,26.3392311586228,284.136766664163,0.83831777320349,15.8181545584448,6.81468160759512,0.000170006515679622,15.7005550767111,0.496652965933066,1.16284910956621,0.552072859701883,0.171181175294918,9.67335779829334e-05,0.333276594054523,25.4368234163033,0.00012120389251928,8.58525418805935e-05
0,58.731422576811,15.3914096140559,49.0030209025065,24.9582764993249,271.813893275673,0.769686057895098,17.1835128090905,6.67365380051381,0.000153016234825947,15.5945949374777,0.463502297212775,1.17610309901409,0.544312091644496,0.176016600308349,5.81955018593181e-05,0.339465263701038,24.6231833599635,9.68812046752825e-05,7.9410822237678e-05
0,66.0161863787152,16.9746364162147,61.4920694731334,24.6105138077281,279.900711707806,0.951418577792862,17.5308789507601,6.14471420877761,0.000114189924675014,15.2469805242789,0.482723685030023,1.27843040505564,0.559318376978901,0.178760023151746,8.99294117115693e-05,0.348530600295417,29.7934819673375,0.000120002024010865,0.000178623921238319
0,68.5124130671968,16.5766097861021,60.1892271864904,27.2866487559188,257.132067981744,0.867220134730522,17.7638280304741,6.29198638459203,0.000295212867573998,14.9441618289126,0.459529299493453,1.3256708099231,0.566255082529997,0.159608906690211,9.88707825537255e-05,0.361386712159706,28.9344411780262,0.000180280046274563,8.89611871752934e-05
0,74.3041865289012,18.0887161505539,62.7075489076187,28.0861466374125,325.391294418486,0.883082915236094,17.6879142854082,7.69167029336851,0.000179676717442382,15.9824192717069,0.567950245178793,1.42225656105355,0.591063532481225,0.173931820812911,8.47453649207204e-05,0.326743513076865,30.0711491070824,0.000191670182283317,0.00015692256425226
0,63.2844559571449,17.8567342725237,56.5793693430961,23.3359796170918,276.993088879501,0.820000754375399,18.1110121177685,6.35407659007298,0.000307118834883827,15.600365028272,0.525411068404907,1.37251643065679,0.616587153805078,0.168288549832107,8.72959059606955e-05,0.359083067398429,28.4168453991323,0.000137359939966016,0.000140990630959659
0,67.3437301405621,16.5823225456821,53.7677676488783,27.1617331325344,262.678041480148,0.842708546211599,18.5840864551609,6.5472792683699,0.000180689110295169,15.5707316082154,0.486978982244044,1.36207766688167,0.558915536454588,0.165361552284533,8.56823687945319e-05,0.373457053350945,23.9148219614672,0.000150443935189543,0.000140420585291908
0,71.9452031280459,17.2062680078264,51.337363636929,23.3220197228269,299.788113318991,0.781816151732379,17.6690721955063,6.04576184308933,0.00015945461047794,15.9775016998813,0.543472628682801,1.18447706765305,0.528005659367228,0.157037361248378,0.000104800474851423,0.347257741249159,27.1022745199569,0.000191353467106421,8.2400839356698e-05
0,64.9401811470902,19.1747838229041,51.8494570919324,25.4865039167406,272.450613176494,0.896150640630118,18.7306871083283,6.41986819425815,0.000262890973523986,15.0992672888025,0.48870386851569,1.23535946637369,0.52008649824261,0.177793266095641,5.26608367130023e-05,0.332029269084373,25.8024776557596,0.000179227764228017,9.41319541807492e-05
0,67.7641457208251,18.006355891954,54.046042716991,23.9026632641457,278.064222888248,0.964438774865874,18.8716006048859,6.65758500236261,0.000207122178469595,16.048809329981,0.543743267621778,1.28917520151194,0.634794028562628,0.197013754231274,0.000100090191806146,0.384841186565465,28.8844325593598,0.000185219713452425,0.000186708902965632
0,61.4795168591882,18.4066085616914,59.475786943583,28.8505505441658,306.532131066837,0.947563804150909,16.5085448483017,7.1430880265357,0.000308028213304723,15.3858320220785,0.502447318875608,1.32712371097841,0.544815458364697,0.168536206446036,9.89137350434519e-05,0.35333572608276,28.6222684628724,0.000112737931443596,0.000205249417930692
0,71.1128142328136,16.7112721247503,61.9588274332602,24.0742320804468,278.775728365211,0.850233327851869,17.9843725339275,6.42931851437678,0.000193720298073402,14.7923147776396,0.563461214200997,1.33110013426881,0.596301009827497,0.189072944530364,0.000100507826811756,0.334744425006232,29.9697629501335,0.000198502208082031,9.93007418001798e-05
0,68.4542371323405,18.2369637477681,58.8647609358227,26.7786023142591,298.347632457528,0.849475009853352,18.4871852170249,7.18014490288635,0.000155897626777042,14.7161582410448,0.536748570109519,1.40636568829751,0.55646627926356,0.167624825411785,0.000105050589851498,0.372221207387487,28.1612175611136,9.13457881178577e-05,0.00011767732696546
0,60.305858386809,15.8138443717746,53.1889616137003,23.1963748650587,278.438536807092,0.857822991646742,15.7170792991255,6.69917042536527,0.000114764490848351,14.0258028201606,0.473725575127512,1.37827107113471,0.539766822232879,0.171595499220293,5.49529348270902e-05,0.368248603235739,27.5467595028592,0.000189539396620426,0.000117166890213048
0,60.2503866645819,17.4397900439398,56.7017701661628,26.7208024212546,308.35060409768,0.894015996876963,18.8117186067824,6.60413180364796,0.00025964082908593,15.4394514274452,0.499802030660995,1.38660509662768,0.540428312295593,0.180886118153916,6.78859502883675e-05,0.386358672539321,30.6442273150876,0.000211679909093347,0.000101809384415126
0,69.3431389435474,16.2730123043811,50.2197422782373,23.2881637109212,304.205464964656,0.911269816486422,16.403820728698,7.01947106736838,0.000224847646303915,13.3486735372161,0.449369658425407,1.17309435166221,0.594949989356274,0.147222534071476,6.32513623135287e-05,0.372580658613896,29.3193058903338,0.000124620652740756,0.000115293614925385
0,64.6672630009853,15.6849734977195,51.0251400468969,22.840817353025,297.144297576454,0.844551457497134,18.3811077441899,7.14255550683508,0.000244280942148842,14.1349241638943,0.487845320937898,1.22056776375272,0.548025099809359,0.186213727354197,5.24777081942297e-05,0.36251758440524,25.4561334400238,0.000112368260075966,0.000164092300583024
0,66.748661692612,18.7686499904975,56.6384629160938,25.7641447613183,267.773928219243,0.915018697652849,19.037081884197,7.01394669401962,0.000114501310885821,15.6720360549937,0.465109175494305,1.23684600130634,0.591633602669726,0.180321018100916,7.69523330588572e-05,0.322158455835012,27.3830637207504,0.000127711597128844,0.000218180336254017
0,70.9934583978206,16.9079885781053,55.1254013790393,24.5845637454,302.068304800061,0.846074500937223,16.9530387929864,7.00398195892899,0.000299446807795194,15.4968423749858,0.477894896616087,1.40562149008675,0.546062462898826,0.155945094731101,9.12504418991162e-05,0.358646657809611,30.401771043662,0.000119533341143813,7.30323601439881e-05
0,70.9687171902533,17.2525929847254,53.3604522191538,25.4058706061034,274.630307568231,0.897089683771185,17.7019452094225,6.56490914356369,0.000324968546196314,13.7246693009488,0.491573267203314,1.38461461184541,0.51283406771436,0.160803420560474,0.000107656013142371,0.31925116870923,27.005085237712,7.73510611192283e-05,0.000118523904130859
0,61.1623329942023,16.633744742363,54.325874288417,24.1216474569473,262.984915591594,0.93841604743888,18.725596936348,7.28859919779591,0.000149167887176035,13.4445318406061,0.540948915324301,1.36782839781596,0.548108466656977,0.173101548720864,9.18772955405454e-05,0.387002242046435,28.8631995244476,0.000179466287464839,0.000125032467819207
0,69.2668350288994,17.7189789540992,53.8849861743045,23.2156111767912,268.439968889851,0.815091433190684,18.5873161492669,6.9472272111306,0.000147791432594407,13.6086688792604,0.545868538052536,1.31629711962772,0.606420770358457,0.155331528505397,6.90648261860966e-05,0.346031353226272,27.509331874171,9.93949071771097e-05,0.000142801131599976
0,66.7116623672385,17.8192265222571,55.2224665317183,24.8846823245871,282.341602042975,0.826431740682224,17.6896707928699,6.11417262774762,0.000263710385875932,15.3667230933216,0.530744381320601,1.23955750417787,0.515464093674273,0.153549058295151,0.00012386493891749,0.382140060984558,29.4132075383901,0.000179906505955912,7.81318826677168e-05
0,61.1663080815765,18.7489122896161,53.8285385411514,24.4992920688682,281.578102415307,0.872996269118715,16.2657832267489,6.21852209696287,0.000284914977774482,15.3331996743059,0.543463731705966,1.20736104471917,0.544604992745456,0.188137474661301,7.54330507481573e-05,0.395388458369607,27.9541951698616,0.000115786149519172,0.000138341585939759
0,67.8142462687983,17.5819779358323,55.5096556878147,24.4486626444433,286.142178694591,0.790154992003732,16.5564972698433,6.76088838288685,0.000222465472021479,15.4251051736717,0.489954925817146,1.13331542033237,0.499941612949013,0.147073729030499,6.33148964455607e-05,0.321211421064617,28.0602659398726,8.84987250128265e-05,8.26498925043304e-05
0,67.8876198672218,17.3568180504648,55.5833380353416,24.6599841596863,276.272535847506,0.877228913207487,16.2742657082399,7.2260394561516,0.00029561593953463,13.9310554219664,0.555331263242424,1.16909301366062,0.52024195721533,0.175874818516584,5.64105857771015e-05,0.357615493254596,27.9948046782126,8.78948597011501e-05,9.04717158832115e-05
0,73.0234975789947,18.597920407975,53.9194288475936,24.9679472103368,315.056930518644,0.80803400475261,16.2073516703647,6.74258760958524,0.000271165413729149,16.5344026122295,0.545399496550975,1.36834631929327,0.546800977048365,0.182910602968012,5.82373409012834e-05,0.339174044689877,28.6406349324767,0.000158563446568766,0.000108317913366936
0,63.0051699778631,17.4281871241752,53.275068799439,27.1799342422499,285.601249175076,0.843870427159819,16.2204045334628,6.35959107296705,0.000105245344684234,16.1832665200676,0.54564795195711,1.33753080447047,0.519322771925523,0.154679492072766,6.75225123098936e-05,0.327735959266689,29.7411164135597,8.03879875240785e-05,0.000160195047234842
0,71.605890970641,17.3550165280088,51.8151243445471,28.0275109774868,283.84797327767,0.878941167469013,17.9758321180688,6.24396727941107,0.000313818905151724,15.5113456664516,0.511947228281053,1.34184443541102,0.623009099032994,0.158925484126157,5.67098428187409e-05,0.363309275435377,25.1883255830739,0.000176656177239994,0.000152089085868697
0,61.8506725833077,16.4700916171505,53.8307860576765,25.1902947855221,322.439927432998,0.923125415123925,19.8299457547397,7.14585559884567,0.000259984600319297,16.8861074423458,0.557163303630177,1.23559335423534,0.581636337155542,0.182678720818667,7.51143871444256e-05,0.386768462965757,29.703037122325,0.000114524611127513,8.9962685119189e-05
0,63.6247698361181,17.6482586971212,50.6103860064609,24.6840655094795,277.54260463004,0.870215622515551,17.0264695211501,7.46138968938448,0.000205112534652454,13.6967615837955,0.522489763346078,1.26445162585205,0.534049023784767,0.188099905949435,8.21209161205408e-05,0.375672348636248,29.0039219681548,0.000158426543221303,9.20978004773464e-05
0,71.0223813247288,18.5594259814971,50.7139191043817,24.9051711844568,262.563930965511,0.790765902407074,18.5945437402446,6.54804023988211,0.000128523889897233,15.2996923272995,0.504060606490816,1.17391029540552,0.615005621558501,0.193390131914022,0.000101395755245868,0.358776916245296,28.1707246460805,0.000184632447158844,8.21927541213125e-05
0,71.4335118601737,17.550678158896,50.3454068213512,26.82754005022,307.507402493853,0.787858594833961,18.9886994117683,6.85416247748116,0.000125433658560531,15.3656793690861,0.499363507303227,1.33779365090967,0.528590236152339,0.177655348328314,9.38051201377113e-05,0.338749629926278,30.0091666813941,9.43298520871206e-05,0.000189565387366978
0,66.4819361681113,18.8367609597073,52.8680602249946,27.5029844747472,297.298260223388,0.927947538524348,17.0220438088967,6.29284246441732,0.000168500282107421,15.3027332440574,0.540097366472086,1.35068893156559,0.553249462576083,0.17541247512,4.63546017596861e-05,0.33176584409749,27.3955346711948,0.000225234568923084,0.000151444640023753
0,68.3130616293019,15.3082628412834,58.4924716849562,26.747529489439,284.457642237014,0.893111731234552,15.5238112849989,6.42102297929692,0.000223975341335475,14.5391271438579,0.465985973291049,1.16590073847181,0.540147118563632,0.165906209019522,5.74365270544393e-05,0.32574524689521,25.9024139675391,0.000101012919094887,0.000105789384614639
0,70.4452009598544,18.2384533966162,55.4832959559922,27.5886261414595,279.14546308922,0.8330482850759,17.894036607222,6.15786456497686,0.000126302270146336,14.1517694850973,0.540930758699269,1.23308467210037,0.525689540951398,0.164581023747846,7.00483530981903e-05,0.355414335131103,30.2078293273397,0.000214163210603466,0.000118762475241621
0,64.23509156539,19.5239175859371,62.7203638054753,24.938606604154,297.041401313988,0.905684327641141,16.2470195869964,6.55032430311896,0.000229069763661582,13.8844435815343,0.477507322670212,1.22926311533988,0.567354688144626,0.190425174371285,5.99015150213789e-05,0.348575824969536,28.3303377709524,8.77291878634898e-05,9.35666766726561e-05
0,60.9836440170279,16.7495323502804,60.0658049041867,27.8740047589431,293.49990992182,0.862697331853198,19.2384869398068,7.19282844627446,0.000136283962908987,15.6607775947438,0.492317201607037,1.31219999336135,0.585574509138511,0.192226047555086,0.000117773292305023,0.389205238336224,28.9792319856967,8.69629709861464e-05,0.00013508480178647
0,66.0474613379416,16.880328913433,60.5702244069507,25.5760378928967,301.674257625607,0.934350651778846,19.2401507398614,6.75706743120298,0.000270885404077651,15.725289123526,0.51999977053266,1.39310006715645,0.64040170038142,0.194053442547621,6.51578989443158e-05,0.376649087683474,28.1972571445655,0.000188443528915334,7.56820538742445e-05
0,68.0428967760033,18.5418646634048,52.6757638917724,26.3882539212578,260.544705924387,0.793002427761782,17.8500087811949,6.31537825511292,0.000160433967334047,15.5024116472594,0.549346472450648,1.31663762527865,0.544307483726363,0.176988513985546,7.4589745559577e-05,0.382001007653831,25.1754982011106,9.09362462086753e-05,7.26163298525915e-05
0,63.5359460013108,17.6138976290487,49.1796686410198,22.6587388318781,278.302006771838,0.913979679943086,16.9473802103597,6.88493088554669,0.000201302603664369,13.3950300006731,0.526427070540453,1.3526125493537,0.537532374506228,0.142127520420501,7.85686214958336e-05,0.35338074920529,28.1532292804989,0.000158674277888133,0.000124464883028478
0,59.5201716588403,15.3912112635855,51.5773944891431,23.6849945793841,277.387304613552,0.808844516123387,15.5980574710208,6.18399727151083,0.000123904820560128,15.2530347567891,0.551331533258547,1.3907369926867,0.591772582339093,0.153481500625001,5.52638372588218e-05,0.329372000751559,26.8286641251948,9.95831478733124e-05,0.000123842682610653
0,66.733896665875,17.8461763764058,51.0808660614332,25.453236483254,301.0772954164,0.810636238804509,15.4074224517526,7.10736941677863,0.00029905397984951,14.3124756744066,0.546132145354963,1.17862909442661,0.530238841146514,0.168172637198727,9.14509214023338e-05,0.31513689354052,25.5945125954054,0.000181573594960328,0.000169350141591255
0,63.4435163031498,16.3730730590332,57.6428281523981,24.8468762828831,297.049974915241,0.893657944026129,16.9302408263609,7.19645602906371,0.000132828231403166,13.7083503701808,0.449405562551415,1.27582284666571,0.551322471407317,0.164621367899121,0.000109873063459993,0.319893665860312,27.441557301585,0.000153786080334014,8.28078561171663e-05
0,61.8216780271714,15.5131604842405,52.9307046107294,26.4631977531561,263.276458497875,0.869984943285752,16.8347437516305,6.57900404055896,0.000148412863454764,13.9905667551481,0.517927610701908,1.26394210936896,0.592041562327511,0.173370798327325,7.78283820293442e-05,0.330857104750826,26.7195071167954,0.000106726242602062,8.99102749022835e-05
0,69.4198436954537,18.456796842078,53.8834556933233,27.5443101797104,295.771736390413,0.965779661887974,18.1147231804537,7.11739156322522,0.000125175970141922,16.7268812834206,0.497132113360995,1.27245379960214,0.539743614013176,0.201002413099609,0.000119100298916116,0.375550548483256,30.6450287895089,0.000126102433538242,0.000189961322829587
0,57.7935607101864,18.3616418131786,50.7771621964739,27.2266846254499,275.260864349375,0.818065496604736,16.058805247389,7.03771611242586,0.000264815934592709,13.2175903220489,0.456073166413943,1.37401171274601,0.516767567193479,0.172295086325855,6.18009285565981e-05,0.348307466521082,24.1894017354415,0.000166855809896997,0.000149721768981524
0,58.0528166475704,18.1603702522537,49.4071027790184,24.2972032224642,262.010678660187,0.910994181988551,16.8398647855271,6.37969774923086,0.000143458724421851,15.678315686097,0.544935999876893,1.34660368926302,0.600157594819913,0.158029383916832,5.32654436605955e-05,0.356461167317129,28.3491327660473,0.000154275367241911,0.000102099645994455
0,59.6973572649316,17.9039957525529,54.3092168568637,24.9114667893144,310.824425571537,0.946987915660136,17.2763118034336,6.47619501827681,0.000310877756611629,16.0256401631546,0.490875679016113,1.23175525843039,0.54814185991002,0.177133152942405,9.70282897549094e-05,0.318502372974182,27.8381362901905,8.24851697586407e-05,8.94641692444166e-05
0,66.1540314241844,16.8174804793367,56.0065131833458,27.3074653830115,294.707784954117,0.869600266025995,18.5449524420265,6.90312374232623,0.000246385518560486,15.3791775783299,0.547951713236933,1.25870679172877,0.538601196437591,0.174900964401117,9.26900393607149e-05,0.376463787003332,27.1243856864007,8.85802472709768e-05,0.000187436369412305
0,65.274863233068,18.0138653197604,52.6843592904023,28.5586982047739,315.038371506987,0.801400161364444,18.851312392465,6.77194418476963,0.000140717543838461,16.2597117536272,0.495231325786626,1.22662746203355,0.535839233443498,0.188203734577056,7.21047822750375e-05,0.34456393812205,30.1283172284357,0.000120853224515468,7.64513976621966e-05
0,68.6241400974665,17.5621639871409,57.4097473915568,22.9275263489485,311.693777546231,0.894645897990918,17.3189559424891,6.42845131549151,0.000120853909314797,14.6496917818526,0.467974324112581,1.21928077342646,0.6043687304491,0.145421448563049,7.53901721261489e-05,0.328695765756916,27.1271254321192,0.000113898422732867,0.000100018697596233
0,61.4788225193181,18.1077627042719,53.1479780867235,24.7421231959928,292.828831967426,0.870870091112941,18.2552167208294,6.01187078894265,0.000185106081611622,15.5702200671891,0.539008582868774,1.18429253718345,0.542274772921715,0.160294257282751,0.000100031060704211,0.329418967017302,24.7246925581173,8.64601404850043e-05,9.33327018350652e-05
0,63.9185270130476,16.3964806025982,57.950336287666,28.2178636412448,302.29178959967,0.804420673848308,17.5156843040375,7.43338282386205,0.000153253469377529,14.8248784330264,0.49005708093133,1.32631751977286,0.525636139952512,0.194764549141473,5.25239551537963e-05,0.382155960376861,29.91933555127,0.000134597149843239,0.000147910074963416
0,61.9146457258761,17.3161927750502,56.0329588995107,24.4109035072286,297.72326974568,0.770904858556741,16.952878733524,6.84220323859489,0.000154243298936024,13.9738867802956,0.534462821807099,1.14657314227351,0.532624795846835,0.176539703620194,7.56376093284117e-05,0.311450859528423,25.6107050292113,0.000101145418450576,0.000200537226474642
0,62.0916753404149,17.2933525379771,58.4846126802605,25.7889531113393,297.020207470473,0.827707324846799,18.9295768984836,7.03536501520045,0.000121374995740903,13.8794674136486,0.520965214808059,1.33061841834057,0.554300083530056,0.154836977241128,7.30503932975047e-05,0.377690685855739,26.2192018342933,0.000199950490854776,0.000148739864513351
0,58.671248245447,17.4126639108881,49.7594645147378,23.4104362922072,299.559670672185,0.748084445106101,16.4398837199185,6.92661659729816,0.000190884028702619,14.7904547291674,0.51332049082603,1.35303985721492,0.576695620867108,0.153278225497032,0.000107768100566464,0.344452305892255,26.7839307963623,8.97358833849714e-05,8.11595252067932e-05
0,59.0471166488653,18.5833467892431,53.5950085182066,24.3493672101177,313.017638491156,0.89943396527416,18.4124981859896,6.9025047963757,0.000163044091539004,15.6687778154263,0.483750406999052,1.21522899303714,0.553361154790147,0.189633557834112,6.77164292088309e-05,0.35736086135253,24.8038526563104,9.10016525689987e-05,0.000194191267114685
0,61.3035536788315,17.6496403364225,56.8526088950184,25.6282231612767,304.836333076265,0.860245853580735,16.2231896713038,6.53448180760734,0.000130549271767987,15.2415616818917,0.542686193680096,1.37412304297939,0.547407518863176,0.158135556808127,0.000137025748588132,0.321564858136895,29.2426585848589,0.000178806438866904,0.00017676282038412
0,68.0226437496352,15.8269383411837,54.3155428372767,25.5285688742701,310.030086946723,0.929421231536998,18.144730353521,7.02579230342057,0.000247744042606798,13.7864075426854,0.462570933577837,1.19622595414955,0.535897917868477,0.169180618459666,9.21026448734145e-05,0.334488428582635,28.6269151521589,0.000143423605606082,0.00013125045139904
0,71.83612468217,16.1517783509436,52.5612983728364,26.485375370438,283.461595714926,0.919315060545883,17.1578548167701,6.32855988745364,0.000181790679288701,13.7016580629148,0.493780892604553,1.25482851090624,0.544923909724013,0.171842958724358,0.000100084733249401,0.33557550374304,25.4973407731111,0.000169761239295849,7.9263698185273e-05
0,74.7811890614885,16.9120041490559,52.5904974427875,24.2964121608711,330.237275466738,0.978275514056766,17.9599549724658,7.59754416372567,0.000312731151626918,15.3790376519952,0.473754484228475,1.21586962872029,0.645861363160378,0.164771470657491,5.60796731412736e-05,0.346013951110703,29.0405069980679,0.000181510244932612,0.00012144680370529
0,72.2307670425476,18.2426391615429,52.046889382291,24.1550416810583,287.989103793285,0.864218142753148,18.3504778892645,7.54925354289497,0.000141357415851826,16.2371434340807,0.476797024802812,1.23390075137256,0.60222594278373,0.18525401753572,0.000111986506129239,0.35654913586476,26.0689439281433,7.50638109809272e-05,7.51573030492427e-05
0,67.2160942274881,17.7002270835588,53.5472614217953,23.3889343581639,270.770069031576,0.882838966093289,18.8332622604129,6.65716547430476,0.000181203098909961,14.3423980457054,0.504077173329472,1.36723890598363,0.555076587120024,0.165979986222304,5.91106547810374e-05,0.380341282844521,25.5416694927068,0.000161890816525332,6.8616015911803e-05
0,57.5000042133678,15.1059868123683,50.8569740193487,24.4405249626145,270.453176862924,0.792805353736453,17.5067806512794,5.92091620080324,0.000211924024533301,15.484484501409,0.479198747026053,1.30966767970527,0.524463812495363,0.17954796769917,9.82343610966729e-05,0.320681058032834,28.5798779697549,8.70489208197198e-05,0.000109591898737053
0,63.7209835489093,18.1345450090928,61.7712210771902,25.9307178952586,280.513096287046,0.886325646304946,16.9457069152594,6.2589040734771,0.000139674320172334,15.4944386892818,0.542591239984322,1.43652322007187,0.574488171687445,0.18590682196427,0.000105196879030352,0.401169940902391,25.8932934163987,0.000213826984319982,0.000184280766548119
0,68.4157015056516,17.5176406449375,60.3343093401083,28.3982447131374,281.6763447074,0.891026964327742,18.5764540789664,6.9736734473896,0.000144030464291375,13.7663348453512,0.555509275438873,1.43190746855295,0.590678678040958,0.187865467949914,0.000113495261897209,0.34541998423075,27.7838808796627,0.00010962923836221,0.000116686616681562
0,63.6835384428784,16.9353687118596,56.8214010848449,25.267557853617,309.947752976253,0.807073271297022,17.540293527827,6.36387294462069,0.000173129131244575,14.246764548391,0.514699939664123,1.29449589029948,0.50689338663442,0.187857402095195,5.67413675377054e-05,0.352683646640843,28.5270954469812,0.000130865261577512,0.000154511448841031
0,69.2736174625542,16.7017713244698,52.4974758369341,27.3555038629164,285.177064433086,0.80355809418588,18.0859408471968,6.54185926481271,0.000116573464043334,14.8448952519296,0.46852535959693,1.27105185649481,0.611285159182646,0.155799965173296,9.34445559800653e-05,0.343699331017523,24.860462323254,0.000132855211110677,0.00014755695762244
0,64.5370916533494,16.7062565197469,54.7864424359903,24.5292093486387,320.62228100464,0.782772441365295,18.3857230128795,6.10147894997826,0.000194793088146936,16.3242264578297,0.508869231279599,1.30086268570259,0.55752829732252,0.157653144445442,9.79122518191441e-05,0.324364347684379,28.7164199151926,8.56858252555199e-05,8.10694038462979e-05
0,71.887001200773,16.182332790065,56.2139219092509,24.6083750053397,322.729728555724,0.873901240854355,16.9222736952589,6.98717561872881,0.000213728746190717,15.9037123170366,0.496518582731137,1.36440562512012,0.524545564901703,0.152392291214434,9.48330257526524e-05,0.362455659725221,29.9896255460252,0.000109040852807445,0.000130891172950523
0,59.8931219321314,17.9387598843599,50.0614177824922,28.3047939203064,274.758938488863,0.93875343756493,19.0930042804326,6.36234531322338,0.000153182670523404,15.9906568019527,0.491859455944127,1.29792506441842,0.570155974665008,0.192562641792385,7.64772900535462e-05,0.325994146608643,25.4545490264888,0.000191741611169639,9.01704455225672e-05
0,57.6060969001104,15.7163594658042,49.0358718496434,26.1422480399257,281.370640521658,0.807170406611217,15.5170952709875,6.37425394534569,0.000125584704039154,14.4067636613325,0.493582119894701,1.31943105701626,0.584463292358966,0.182303356581803,5.67890280924373e-05,0.337447475435943,26.1304612693853,0.000125791968387805,0.000136603732815004
0,66.5267046538065,16.2513882761112,59.772430691274,25.7700262630886,261.010352856797,0.916622188382624,17.8140586015646,6.30474546711335,0.000195323377599201,13.6749490081794,0.478650038399353,1.33568051096438,0.594002587465463,0.164500411747322,5.92068577827293e-05,0.322068595736687,25.7383549644587,0.000158969057047497,0.000128501895312533
0,71.1166004250441,17.82738741518,60.7986274919688,28.1385461813122,292.990904752718,0.872492277720635,17.9016326662416,6.60632537661925,0.000209491092941113,16.8433632772025,0.516140927231552,1.36055683069489,0.598871787738125,0.204601925914702,6.55000275400927e-05,0.354454545861019,28.1172458850332,0.000107656784588272,0.000171060121249508
0,64.4626426215606,19.0490472976012,52.199184864808,23.6546335663037,268.828529378176,0.872288752030248,19.0283103897936,7.29886823115615,0.00021037554122669,16.6214720645463,0.541924593476187,1.41449327826713,0.592399090292898,0.20040983526342,0.000132147784164796,0.355258355657814,30.5735194784998,0.000121157452078849,0.000102273218986279
0,64.9747194305607,16.2763835583142,56.7566618566807,26.4214103560805,323.79923113437,0.888840438233192,17.0228638088303,7.34239914875444,0.000222155763570518,15.3935532012735,0.541136212018867,1.39058042106256,0.62817848238298,0.159842119447269,0.000102883967044507,0.328508761568324,30.8043938568,0.000178108565533502,0.000117439327775907
0,64.6541109144527,17.2299045427467,59.0331594542358,23.4996319582797,271.738455644388,0.962976853359085,15.9308129042653,6.88581630987878,0.000190478149788471,13.8531355845596,0.469226702479535,1.30945490402445,0.607637734437604,0.192422553774758,6.60431973407039e-05,0.324405375629125,29.1382609026348,0.000152605782099603,0.000154430563427239
0,67.065998581755,17.5906584692171,53.7114491614968,24.0222697465913,306.534797423025,0.810007244538385,16.5158532105628,6.56331887538018,0.000178079274542079,14.7910465554664,0.533087931723442,1.31088122098054,0.591303074656856,0.158640351124256,8.76074327855472e-05,0.353053751983113,29.103574572925,0.000102232441444438,0.000110668293363701
0,67.2163322736296,15.5255563354454,51.3828867704634,24.393488744467,296.474382009396,0.892701318734712,18.4921183632331,6.69501117269946,0.000177496975826194,14.6364577277816,0.505305519722164,1.35807694263938,0.580119986328268,0.181828094906443,0.000112036529561119,0.324575706872678,26.0922258133995,7.86527928733395e-05,6.9388177059046e-05
0,66.4472849808964,16.7183626679976,58.8287978602035,24.2565268867196,315.662355553633,0.855888752882647,18.8880882427225,7.46988301711194,0.000185784620434987,14.6984870134094,0.514958922616127,1.45095428614347,0.629558914478722,0.182651150826693,0.000105873859627384,0.370523216587221,25.5389938788934,0.000151362401510889,0.000206888728819755
0,65.6249757972053,15.7447799899828,51.6185133584432,26.6831467989307,314.357484423663,0.937448805593659,16.4128795036452,7.34601445191885,0.00015149779253152,15.9596495519616,0.561815840960399,1.25636690696883,0.513010772513728,0.193615020877019,6.03526268286427e-05,0.386161041205509,25.048978635775,8.9138581274817e-05,0.000102242779781303
0,72.3877840092597,19.0921976235679,53.6197279393578,25.2469382558577,309.828562200961,0.941752388218555,16.9431973112529,6.76927279644569,0.000252120523568181,16.5720442630802,0.465655599715903,1.27324910875703,0.531334267547255,0.166691303381924,5.55514345134136e-05,0.321044610886497,28.6002056550461,0.000180968487016868,8.58711313023505e-05
0,59.3484795011744,18.0038767886039,50.0105654830292,26.5466651718356,296.532617431603,0.783390256622946,16.6109578354849,6.64270163352587,0.000170073064413938,14.0425003218969,0.543419471155502,1.24694982735913,0.556909718970913,0.157224965068377,9.09336876808384e-05,0.34534320142076,29.335152378959,0.000113107427887412,9.12548522194417e-05
0,64.8824721922297,18.2679856789164,51.7717437395767,27.9134171866821,289.988373813499,0.885280215483595,17.5079435488821,6.15154885454079,0.000123105760400535,13.9001808586953,0.497082427637399,1.38136394870715,0.581303146314508,0.170054335319319,0.000115558461181099,0.339141970049174,26.0261771210085,0.000186695688049984,0.00013324058352432
0,65.580821597462,15.7367205882381,56.8103111673345,22.7363033984117,292.879083262276,0.899449587415661,16.6510381795416,6.88094695213493,0.000139964346104025,15.4714685636238,0.535451869461063,1.22168792676561,0.576670519382319,0.160127752587184,6.31036205724969e-05,0.321721311130257,28.3185212216889,8.71891077241215e-05,9.90832882870689e-05
0,67.6197621873862,17.2376897641939,55.1878030957895,22.9523475463534,312.110354573698,0.867233513866234,15.5654406556573,6.79143678719793,0.000248483152506254,15.2132395193542,0.527652121954251,1.36075044292261,0.566879251442039,0.188929800001322,0.000116957843267165,0.332219998004342,27.3429439833701,0.000145664322170019,0.000126498518984393
0,66.6310186182545,15.3868366312875,54.352599328213,24.6010494167873,287.63646305244,0.785236534482474,18.5242473564872,6.03287611220128,0.00012142356348041,13.9037796313411,0.523352393876845,1.25920299697921,0.534992898622337,0.186168468456146,0.000128762749042299,0.314101811891926,28.2739228333398,0.000170699586557865,7.56648281004293e-05
0,67.4871709167498,16.1066348056417,59.9211341100888,24.8734597532536,302.016394495007,0.914246952267823,15.8951624432681,6.82229965354346,0.000168483650704149,15.2102736851771,0.526088583000546,1.37933273579227,0.556380225660808,0.190030808426574,7.58579041354478e-05,0.317214763026669,25.8688091071759,9.23115227464035e-05,7.70549786800172e-05
0,62.770354518487,18.5421513994008,51.7458690818686,28.0550443313391,266.965139170046,0.869325888039496,17.0003199317394,6.73001296339411,0.000105394893216953,14.0641923480681,0.562846013536115,1.21996062054902,0.622371868171079,0.17655850797122,6.45629261034385e-05,0.387950012398811,26.3921633331517,0.000149013549092627,0.00014337613750981
0,61.0681660279258,16.1686292358056,52.0169936936233,26.3979699576557,290.888475674404,0.864484473612471,17.8224156745813,6.34449724069273,0.000213920176447248,14.6648742653904,0.490684785118134,1.29338147170262,0.545700984879779,0.167377641079744,0.000103308165688614,0.371599968155141,27.8498950428748,0.000125185380067465,0.000111462368770093
0,68.868635145945,16.0497961141975,54.9893171126653,23.0911199067823,288.673164971037,0.894396616922881,18.6060961761103,6.86522892318727,0.000169077934711201,14.6763543820236,0.449505859355213,1.14450887744862,0.567776123882034,0.165866348999679,9.12134512428565e-05,0.347444350350642,26.149739600653,0.000111555771842046,0.000166795119526764
0,73.2462975992494,17.3173219408847,61.6960741394956,25.0480368652342,311.087534092319,0.967746146863307,16.4958942218112,6.31370928258754,0.000134203731915879,16.8548932427314,0.551183104484933,1.38114674870299,0.611407367948143,0.204151698969213,0.00012938657626316,0.362788080530348,31.0727301810749,0.000197897434248878,7.41246907342272e-05
0,59.8120718274601,17.6869800639178,57.2386808056587,23.4879748067008,321.863586880673,0.813257017554352,18.9535207543573,7.29230389550324,0.000215681816496223,15.4962454731763,0.485100917855577,1.37721055923786,0.621268331641194,0.186643847438538,6.25932996488257e-05,0.363697032531301,27.6792219943614,0.000216983442973319,0.000153239787098865
0,70.5427562447581,16.488027956803,54.4884801156033,24.1364820047148,305.243587420726,0.958868940821291,17.7000321124403,6.85182370147621,0.00024760504835967,15.9057425929311,0.542705885911771,1.25418773631994,0.572203886018624,0.188078487899543,7.49230200225882e-05,0.352963175978544,25.9198302622532,0.000187899892911828,7.3386300860126e-05
0,68.24032579329,17.638144009108,49.3017704343768,26.9787795980466,294.010891403066,0.926774621972862,17.6882511673665,6.58659406722724,0.00026247263846987,15.3087841262881,0.507964868010886,1.15193307437056,0.561136623158942,0.168392085700779,9.87021091693403e-05,0.3595006537939,28.9598806403505,0.000151228337472115,0.000173419619627568
0,70.825163733079,19.4078085029783,57.0015186876572,27.8468002131697,322.613252382015,0.81954244513905,18.8982698956492,6.53904753705053,0.000128891362081951,15.5633490255042,0.527964342157873,1.23639409311646,0.594995742358076,0.172579397187528,8.19446352422987e-05,0.335654949882539,28.3482326236362,8.92225085998734e-05,0.000156303268190319
0,72.7659033249831,16.7671945131899,55.8300390492499,23.6017433064484,278.810761278553,0.809385557777787,18.636936787666,6.56778133102262,0.000121000155987605,14.3225940384839,0.546024093638808,1.42810023016088,0.563941948435944,0.184256909268395,5.94385411075408e-05,0.388583922642048,27.7115319573666,0.000199651549353306,0.000179307857943184
0,67.7993956412254,16.3330800810343,50.8348424394762,26.0651602095111,260.351854187526,0.888575163343323,15.6298332929761,6.8998029596346,0.000150207848627959,15.8179774491285,0.502467301509737,1.28489560528096,0.526892984042858,0.184379928459317,0.000110582399833188,0.364153146636987,23.9098917621872,9.94571954539273e-05,0.000184073397297711
0,68.3273580926587,18.2310633463922,52.4639379483083,25.9539836142298,282.601894201409,0.936725465827247,19.1004120767318,6.92386324939134,0.000133214992913204,14.0947154636788,0.480135827520053,1.18755233327842,0.55464065911741,0.178279024860068,9.58050697071609e-05,0.381882353252191,26.8568102967317,0.000128752853844681,8.83983447555862e-05
0,61.5666973062058,19.2017352885793,50.3435918830123,25.5647173077906,296.802727482402,0.888097387503003,16.1192074565018,6.79365730614621,0.000285207631838942,15.2371204132591,0.464646756179343,1.36114274500346,0.513824801143921,0.184615511536396,8.06943482952994e-05,0.362187447363892,25.0461023987829,0.000128054573869986,0.000145734667589135
0,72.2438422141895,17.0698899348526,52.4321653357738,26.7593256648321,288.26910995915,0.909561994921776,17.1940943608737,6.80392946171773,0.00029916881723078,15.9005666286578,0.55879241948924,1.41179568032569,0.611025767575989,0.154372464056169,8.89505602480486e-05,0.362050746282183,25.4338479219849,0.00021102383270172,8.32614519651309e-05
0,65.7473581781198,16.4974023208976,55.8091506395633,27.8672359473986,273.408499021553,0.810877489652459,19.1364699009353,6.49944526963571,0.000236619283276499,16.4040005055442,0.541868801693019,1.20261812036839,0.600195011832074,0.192041074032157,9.35406648829342e-05,0.359328681111991,27.6033134883725,7.95699491682521e-05,0.00014871935307258
0,71.4793243882877,15.8596525955411,59.5776900651273,27.6668146155425,303.610835201059,0.906134967584692,15.936704998611,6.63934938298821,0.000124206944335058,15.5306140824246,0.49900726593278,1.34254301247671,0.572016630766552,0.160316765903603,8.93826996654003e-05,0.348215978532589,25.7332670778856,0.000182001342442641,0.000111286468565707
0,63.0816761666833,17.2873785692085,58.4297318068685,25.725903643723,261.399225151404,0.893628110389252,16.1896666359202,6.35274992495385,0.000202995157777347,13.5701306153921,0.544115778745969,1.3194902825228,0.58899117922025,0.190704770512935,8.36946968963066e-05,0.367951562883043,25.8717891849401,0.000100719611864959,0.000134788950393833
0,63.4170497943989,18.1321190375194,50.155307901696,26.7313320326081,289.486706800524,0.847906232050532,18.1812710699413,7.03739764251023,0.000159661210112892,13.9184225389209,0.539478981972119,1.16044215766608,0.52071823319701,0.185437891803868,6.37538466540197e-05,0.357544740553571,25.5046919983549,0.000148436497082819,0.000192477393994745
0,69.5574738448326,16.8409195595156,52.3551745349842,26.5334787513889,289.545275314219,0.906544507943671,18.9015460438132,6.91756274352459,0.000187598793512878,15.8406747690213,0.522449629402429,1.40700701227918,0.584484782226906,0.192394097928452,0.000115535273851251,0.378929253882581,26.9938811598713,0.000107092382356004,8.33547810926709e-05
0,71.7509658401789,16.4050969618316,55.6032118890388,27.2699835022875,305.354010682382,0.832866989923194,18.9524994227206,7.51693936115927,0.000330475154046864,15.3387004505246,0.555048280303997,1.34945480033614,0.628482170167079,0.17164886404514,0.000109440317515716,0.334826335634996,25.4150724806941,0.000129362386588088,0.000190754161175595
0,58.2496973547389,18.0661264929761,58.4926475559621,23.1769090745556,281.455825517879,0.807286956959562,18.0809330566607,6.56176308143415,0.000245766843282539,14.2354350504832,0.475315373500179,1.28242461687528,0.534984686800873,0.189731209540121,5.37852978778018e-05,0.332160982930438,29.0963166176084,7.78351294611027e-05,0.000119991536613855
0,74.0071755763135,16.3524375263239,59.2191272794101,25.3530276581369,304.605082760473,0.801342028468896,17.7673157118245,6.86601709475811,0.000163392346543176,15.9930606167579,0.530072827416649,1.40086178666173,0.629206426324495,0.169361504757744,7.15030826651774e-05,0.385030947546415,30.8526283615868,0.00011634745505561,0.000134952526512428
0,71.3986445537246,18.6715778524735,53.4462447937575,24.3115543909541,278.651007249862,0.825437465501393,16.8395456587378,6.95208574925698,0.000194064593186736,16.6707083028142,0.532074406914125,1.18857633313569,0.585694985410057,0.19807576055943,7.41978712259998e-05,0.353126960334699,28.6328632981431,9.51750829997371e-05,7.17401834180665e-05
0,61.428611436991,17.5716450334388,52.0629569993356,27.5483624610342,265.749364173726,0.790734443831709,15.7494434633616,6.32652953465407,0.000260342012778366,13.4395730984742,0.547818404375809,1.23500820433611,0.574034983415859,0.159516495018337,5.38346773399973e-05,0.379546988508517,27.1265366434332,0.00015135026110247,9.90487970658559e-05
0,60.8434389555014,15.2751942479229,54.3008434345899,26.9983807463839,286.985285361172,0.864218192608782,18.0902780064209,6.26167436988683,0.000276809365699541,15.969205493575,0.541040234009729,1.36768342829336,0.576630590177707,0.173427564397706,9.21382838715853e-05,0.378959528966646,24.1773688872177,8.88139901239478e-05,7.96408185735464e-05
0,66.5625159482997,16.0428438766683,53.600403428497,24.3139019736936,271.117365918578,0.902042328611175,15.3148137867213,6.68052622997954,0.000123647228789155,15.4373337090552,0.468299080809712,1.2564319642626,0.517710562537668,0.154243930872472,0.000102507085145362,0.36294162295557,28.4754596300989,0.000138901703571392,0.000150707469043565
0,64.6980432646156,17.2079819604562,53.328381669375,24.8862621696832,317.941868191242,0.871535408495125,19.6111407840185,6.34893519624092,0.000106091012646788,14.2708958102097,0.55903523672909,1.3811289072666,0.536968684965854,0.155918204769166,0.00014068972270051,0.379377022834119,28.0374193588326,0.000160143768699704,0.000100642102277321
0,66.7096391556692,15.4470629525833,54.0536876244202,25.2325736777799,308.189363129037,0.788966302941748,18.5117123050411,6.01073087084481,0.000213319425330016,14.8652743264407,0.457198078589984,1.30756904128916,0.535215677680211,0.158496592745011,9.80842605723592e-05,0.318335581343675,24.519369577295,0.000116521768880209,8.0156482559943e-05
0,62.1479633149719,18.1309042760549,61.2638587885631,26.6453586814715,318.657418247944,0.874621476617935,17.6564835242183,7.29108150818565,0.00012895115917017,14.2160058679456,0.548523530347135,1.44136220166904,0.542244418229103,0.18029189319716,5.5910802469413e-05,0.364887781215364,30.2440110309112,0.000171322515764961,0.000179400082508043
0,70.8530878797761,18.7621487702286,60.2690242835462,27.0998682084596,271.197984655901,0.812297277414271,16.592597233924,7.10001317256578,0.00028630160426682,15.4024733044531,0.518026480047075,1.38508328077095,0.516785906885849,0.170784374235616,6.82689050841178e-05,0.353415371678657,29.2517160773201,0.000158193888684997,0.000115378552638584
0,61.5619295008062,16.4360965555102,50.7454283811835,23.5774763397199,280.833833990549,0.859575453862475,17.3636488103437,6.13096765299219,0.00011586021373664,15.765727758148,0.487572037204618,1.31037796158981,0.547646103027411,0.162079203986983,8.01468063568552e-05,0.342927250225936,28.2609709042548,8.98029002867851e-05,7.70333298896872e-05
0,63.0047685826275,18.0915347857428,52.5056355569868,27.0241696101141,266.552272842424,0.79529782686565,15.546077505304,7.04351216698745,0.000303633660427262,13.8477472427434,0.532805892198981,1.25453272373163,0.59184081387626,0.179639188492749,7.39846788626042e-05,0.379371366501952,24.3195572747538,0.000166562864570222,0.000172331817000575
0,69.9419206571111,19.210968955375,58.5644026138021,23.4287858139179,288.004867613833,0.926732033519379,17.3011919700104,7.12266262410099,0.000316614400679165,13.8843737278678,0.472653048096325,1.21917722156198,0.590602734581614,0.180247842603321,0.000102384884029493,0.323232364032094,29.9593421790233,0.000201593716136007,0.000181853568687704
0,72.1619856044394,17.3667699928168,57.1375871661512,24.7032747157316,267.754486264056,0.838496231828641,18.5925371597373,6.91075454194986,0.000194968903739059,14.2934581414529,0.522609165489111,1.33504435415377,0.506668125591553,0.152187307570844,6.17964682359726e-05,0.383310418315346,26.9875755648292,7.95381159719869e-05,9.79050000484533e-05
0,72.9477978250772,18.7112942023099,55.0093813626006,25.7575444048962,297.702137967724,0.868064839448189,17.5267048785409,7.32608866849373,0.000265022496032663,15.1835320901572,0.564501953532213,1.32706750367023,0.598862153605541,0.183338190611517,5.96043337011953e-05,0.331306885638096,30.0523140435785,0.000207209588815377,0.000133110902817575
0,72.0458156785551,19.0276840589984,59.1808276662049,28.3604166561131,280.269076935643,0.919256761164778,17.5338523430562,7.22923805775458,0.000146588151239287,16.5879264163535,0.510949054760223,1.43838023606274,0.563158539753246,0.181001863971715,4.1934455041222e-05,0.338591370039934,26.5764614835721,8.5026938641654e-05,0.00014041934967873
0,69.2132801992545,17.6325890408006,57.6007555060019,26.8334301181063,297.736341515482,0.797373926147184,17.4322086649214,6.86435082077437,0.00014053077741029,13.9474029625865,0.470813329152194,1.15936196378138,0.598704638422525,0.164216490740873,8.14792192368113e-05,0.354056248672045,26.557760683669,0.000163335002585125,0.000174979120549057
0,61.3006987063535,17.1760123201065,59.905193183153,25.3000160089107,256.948073670613,0.945750220073175,17.9062144753485,7.1501372760154,0.00029712337017642,13.9868363223609,0.492021181717231,1.19557084284113,0.527327280202705,0.17763419154007,0.000101112638638234,0.35572413810982,29.2430878132146,0.000179622925883122,0.000163717980441449
0,64.9137253739334,19.1099386816449,55.5490732049762,25.4805663475512,304.870101524534,0.932422288476803,19.2078688236804,7.51186780138553,0.000269115389181334,16.4681094187284,0.527447225577623,1.44606990107783,0.598681303132004,0.171168136413995,9.7839935899394e-05,0.337845550640152,28.1534740861559,0.000123019018072937,8.10139318332577e-05
0,63.8462715494755,18.3811251885615,48.6780129880538,24.3319478469648,308.596075066474,0.790839945211515,18.1452107412733,6.79195199704129,0.000202054769965643,13.9873366106113,0.472960534916132,1.12035028915171,0.542481278915006,0.143430660369444,7.40240031244878e-05,0.334162745680248,28.2953398057999,0.000114425209798089,0.000105682966561034
0,66.8596459886828,17.2158710584892,61.0332957562415,24.222200190005,300.725857483317,0.822361920655857,16.5573206036579,6.94218784581437,0.000130184255528598,14.9794637510939,0.469266575672005,1.18569215862997,0.630390785791867,0.19507689487768,8.7143175967504e-05,0.376108072138368,28.6158874986732,0.000125384904157937,0.000172621240892766
0,69.9658357988994,19.3207517577569,55.9343785607503,26.8442445715664,270.068397842024,0.833985006234445,17.4357640396887,6.3241507314507,0.000143977908507879,15.9170972593266,0.523047900908808,1.27390854593139,0.558772755159487,0.16331764961073,9.97169739993866e-05,0.344675622414141,27.4383011628399,7.83344933599067e-05,0.000187530130436864
0,61.0103275378987,17.5105979215392,55.4918161747055,24.4855851890149,269.822118898087,0.824920667777275,18.2235829335625,6.14773574498157,0.000124010854360442,13.6575357554923,0.54881408309522,1.22846965436927,0.595671966225997,0.168972421483083,0.00012504529171705,0.359320558424428,27.0503048383256,0.000141540033970908,0.000139253833130699
0,67.3680162374012,18.2913580653511,53.413937970936,25.3073424364042,306.310240468061,0.813607850554719,16.4328220510093,6.44463599798584,0.000284475676832435,13.53697804446,0.47731821960681,1.22455584055955,0.50841450174435,0.156566447999263,5.9919480282866e-05,0.348923835110348,25.3623992613344,0.000143103401787943,0.000122019090241862
0,66.9426934478887,17.1846674930357,50.7357501219861,28.1019907321053,296.666692869726,0.890269518794076,17.5661282228162,6.96807508560603,0.00015613005692791,13.9630293013212,0.48545928906294,1.23706138099887,0.61500320190033,0.179308229816379,7.70912523982605e-05,0.328350241074978,26.3112730721981,9.91305499679654e-05,0.000100517518314412
0,65.693328466236,17.4954392201374,56.8053527271769,24.9529651552007,301.273071947164,0.852726170713163,16.4489736276808,7.57394630987828,0.00013184781130881,16.6233606313724,0.479128099956815,1.26681469907249,0.595067122823953,0.160489729875731,7.46478695989906e-05,0.398276304272363,27.3679755269537,0.000168551947621489,7.90668108181663e-05
0,58.4069354787394,16.5291592371216,56.1886092213253,23.2024168367636,288.403825729132,0.787659640486769,18.5663325758837,6.40704646137462,0.000303751243169808,14.2871478375313,0.516262410585507,1.16591502430626,0.599443496862114,0.164412127809121,4.99397215020507e-05,0.349315273390036,27.7951758816684,0.000149392518613257,6.54540853299605e-05
0,64.0827030401375,16.9386046705676,57.3476136024078,26.9396320688483,270.22101795709,0.89760844854862,15.7631965526451,6.74751281059711,0.000307450083813505,15.9686817514925,0.499947680617051,1.36638537756249,0.550360324200365,0.168144025229112,6.54555479164059e-05,0.318031451335313,24.8666530884935,0.00012549244134924,0.000179411243451713
0,59.5735418890343,16.0409493738944,51.6082427003429,23.4890129913413,256.884154026938,0.836638890399057,15.6104108610805,6.8031534079998,0.000186939440764695,15.1874052107941,0.490276798024329,1.31057619255394,0.516075324032978,0.162270758585171,5.00945825918198e-05,0.356937297399738,29.5505503924769,0.000119544960079542,0.00013737977863874
0,68.0775483095467,16.1982940648651,56.7296525024967,27.0615022096209,268.972396531476,0.82460513970452,17.3766122698281,6.71314723324887,0.000153147183732542,15.870994597686,0.479899680592857,1.43347710025146,0.53380653021443,0.167514681425555,5.33373122430525e-05,0.347889812721859,29.6689721827601,8.88716913061624e-05,0.000108529142708701
0,60.2139482409944,16.2512476722193,56.057475141687,23.3353576978232,273.840133037608,0.839907030792037,15.8722700610771,6.94598045231187,0.000126179173543827,13.4989190489787,0.503621787629464,1.20947804839824,0.54408139144982,0.175795148084137,5.88422320940303e-05,0.370892145260616,27.6384862339241,0.000181273406083407,0.000150185272083483
0,74.5266444519112,17.7339863116815,54.1075243779727,27.6840692028537,289.811432683205,0.849537894480034,19.2805254398374,7.426356728596,0.00016280393611388,16.0450538804207,0.492501581502494,1.30108325689828,0.625410501830245,0.169838653593288,9.69540899851838e-05,0.371622264812361,29.1641903131954,0.000108773101811108,7.70393767671229e-05
0,70.8889356813711,17.5339998895316,50.8772216068447,23.5809173861333,315.614160884439,0.805419953365131,18.5001115400442,7.30067541885447,0.000224625637970706,15.904856753674,0.566850329201159,1.27775643859823,0.600227381888333,0.172128800068735,0.000122690071430794,0.326902581856401,29.8436053779722,0.000120533268073826,0.000132951392878494
0,63.2733512169103,19.1402021828831,54.7418209145566,24.858683531658,281.275810764812,0.96741450262772,18.1811202319585,6.81281927220804,0.000150049834369164,14.2269176014548,0.520653902587484,1.40658057208081,0.582244133057424,0.18060806873579,7.15215316157484e-05,0.348462742402769,26.8608171327767,0.000193859785969855,0.000134980446924256
0,69.2585750602027,17.9353192691733,57.99453730482,27.6137594229315,308.414842781275,0.878533727405676,16.7041004356208,6.94777248601464,0.000147521817562066,13.483123635282,0.558433381703098,1.16768212042696,0.616821883107128,0.189664847512437,0.000102493448444899,0.316595028556276,30.0852886005672,8.69770023530302e-05,8.53736376999959e-05
0,70.0785485238112,17.5126737426288,56.43666876836,27.9022933029424,295.222017425725,0.808513393884849,17.1563329431283,7.54148397047755,0.000170472674114951,13.6256551675682,0.543387669383909,1.21044141123366,0.552285367572145,0.162071966649659,6.20587877143124e-05,0.331297895200756,28.3695657117031,0.000137127037043205,9.94624938266083e-05
0,59.6124556927229,18.1350594896275,52.9235811015776,24.9126126315016,298.835466637389,0.820221826546606,18.5556466803917,6.08241731291489,0.000185307035168584,15.1401557263393,0.459984394758688,1.23165967323476,0.535806694972845,0.190549088157571,7.27922542290829e-05,0.328351252066002,25.8379238995248,0.000169870638045104,0.00010021619433848
0,68.9935211010032,19.334171221197,52.4946351947039,27.4515286215661,323.40603712084,0.818802808611635,18.0484152854909,6.89678308383971,0.000323262546721942,15.9109148764513,0.49110140790337,1.27422237932902,0.577018121842354,0.176192492162076,7.12078166388351e-05,0.368608476564345,30.07725577903,0.0001217250774112,0.000137984767068208
0,70.7100081408055,16.9128701014079,59.7004787868081,24.3296661939575,304.125595573666,0.917450794056809,15.5623423987524,6.15322563192578,0.00013633203268003,14.0880408937936,0.519531227496114,1.13969895674394,0.59521752920542,0.162160061688891,0.000130941707539806,0.305318182268826,29.8116013842396,0.000158777461761672,0.000143776995645363
0,63.3765662847521,16.6455943129986,60.5634134649966,27.9585449565071,273.724349413378,0.890603773915772,16.4783010642211,6.56023153607993,0.00024173874870304,15.503483152271,0.542883686707282,1.19670866592322,0.630177080011294,0.161210536303588,5.23149990425226e-05,0.362384484167692,29.0732208528413,0.000169361976151138,0.00019862672867047
0,66.8237200316111,18.9499941314997,52.8893801472467,26.1696123502691,307.703771205878,0.839402436553707,15.8447169596061,6.63120125435564,0.000204220767589967,14.0181813812879,0.497623417616311,1.27115765812617,0.622091156655576,0.179517934211392,0.000102016236844272,0.370174425683381,24.82013585376,9.31026471224733e-05,9.37512493705978e-05
0,70.0308663339126,15.5627140546606,59.6273421551917,26.5288906144213,298.94830340091,0.943090521883229,16.9271484616716,6.35299828330351,0.000144436683447634,14.8552580054655,0.534378236536959,1.37449074594455,0.568118771434034,0.169876192806074,7.15695690391305e-05,0.338912608145676,29.8166204236769,9.67055138976675e-05,0.000113018951345489
0,66.7383793651525,16.3486602869924,54.7878850413175,26.6861594666052,272.341968572107,0.903594078280665,18.0513852812899,7.32406927638448,0.000142400735219981,13.6753387873575,0.536465278775373,1.2614007343837,0.51986331843309,0.168557594076485,8.37449828808824e-05,0.337266490235239,27.8284505093495,0.000148226206150176,0.000167035275243205
0,67.5280587765949,15.9665893931873,51.8247397640427,26.9171799196515,279.985654395108,0.966728106496957,19.4081055463856,7.3715369239006,0.000134136171249862,14.0781854428149,0.484324775208884,1.36034882024872,0.604439606884421,0.183811216421809,8.57312596882717e-05,0.346950087605297,27.839259639668,8.13861097352101e-05,0.000115343949922241
0,61.9928793865063,17.3310240602613,52.8225730326078,27.3220078285372,306.788874331584,0.756873522050424,16.7315610155174,6.26683000382645,0.000276492949759513,14.9707570110403,0.483793181696159,1.37311907311611,0.571644090562004,0.164035563535037,0.000112249939281839,0.334761828150074,26.4279233125053,0.000161734107849773,0.000134175155213621
0,61.8587865073687,19.0088144902213,60.6683072417384,24.2677425124683,299.849024702773,0.841383419047118,17.3928192869051,7.06415075927911,0.000172418467300253,15.8490555073674,0.477555484764481,1.39198556588672,0.585447842772753,0.162034444853124,7.74878889774763e-05,0.394698530444696,29.2856867402195,9.00720536568978e-05,0.000129227050585323
0,73.7067157200451,18.2927514988462,60.7422637553016,23.8755952220092,317.326940980843,0.869842655360054,16.5622810349181,7.63995605740454,0.000132792787086551,14.3250652587272,0.56682509039237,1.30362593700332,0.584826858902162,0.17414375503205,7.99153773225213e-05,0.378670523281745,26.8682098748616,9.54254747202062e-05,0.000124027503024244
0,67.8512874721775,17.6921754104864,58.6982725285946,28.352930493396,278.451491028234,0.938937630470967,17.0511828948841,6.91974179983792,0.000171370880396622,14.4659586061349,0.564033966901047,1.32984295461238,0.598732123650826,0.187618290695727,7.21555461370089e-05,0.351376693110561,26.5826837180397,0.000152550443035596,0.000134957469534803
0,63.4526378649014,18.4059688613357,57.3034382436886,26.4775260279657,298.322430018968,0.796178822595822,15.9512398668722,6.19771617782356,0.00027814445200627,16.1157251833132,0.513381391338482,1.28157225567061,0.59625100600935,0.161305682446123,0.00010717382455289,0.383635160718104,26.5982828138099,0.000174754607493421,7.0734814274913e-05
0,58.6546311918495,18.0830953324806,51.0121275553444,25.932885804402,282.371190093844,0.8691265884007,17.5571643615104,6.26219243411115,0.00029885938397428,14.1754623747884,0.547952052315425,1.25419213383281,0.581853202905397,0.155933542004931,7.08566585635457e-05,0.312161581453557,26.9374520968495,0.000179203117906701,7.99628261107504e-05
0,66.2020833503799,18.0681315816661,57.9658509386543,25.5067628081961,252.156873840383,0.911698819127353,16.626680319975,7.00578389620779,0.00011713482639009,13.6667921392191,0.489250342163616,1.19569133747017,0.57033832634328,0.174230950544876,7.79513292442857e-05,0.322618441243047,29.1318122195483,0.000139051059419027,9.48763419643629e-05
0,59.9460164357278,17.367431246263,54.9134333249743,25.0038512191796,308.408809851116,0.776981633178934,17.4286312477723,6.28651513373496,0.000148885495966627,15.4163198557268,0.526395996977351,1.17754586165397,0.608450744997636,0.1551626877238,4.94599196902987e-05,0.333676812156558,25.9867864192331,0.000197609509914393,6.3047928776817e-05
0,62.3553152616057,19.1461970240573,56.5668064502934,28.0363976142581,300.294239267086,0.93023731413662,19.0945517396478,6.62832341737063,0.000154644479334231,15.5744166745345,0.56576274534464,1.19738838611571,0.526231157835688,0.160989541829741,5.98690341779931e-05,0.37564093733345,26.4594931065284,9.09891507041582e-05,7.22310115899202e-05
0,62.3833039008452,16.0559835221964,54.1464110696618,26.5643187755968,274.569899432349,0.858066493118409,18.9092289487534,7.00584262661722,0.000204863168846103,14.5068755176718,0.543183738648128,1.33327743230159,0.551760901999094,0.173987378519032,7.09937886392334e-05,0.33043424009616,26.4958296931051,0.000112052607789271,8.98307191689269e-05
0,71.5950538968677,18.6883776971896,58.2686009108306,23.2151789517558,287.893443166921,0.8487320567546,16.1818156452103,6.37177837471967,0.000238357983504659,15.7746065777914,0.502070572750691,1.39092029063981,0.604886124563792,0.16666066360896,7.29728175495173e-05,0.323969800557616,28.7482602061383,0.000157922888220192,9.51243367716146e-05
0,60.8937750904365,16.0859239158281,55.9794479813573,24.0904681892904,309.763806046687,0.938073520191752,17.1851639550471,6.8616428006782,0.000264688530433916,16.2032288455208,0.561235756091222,1.37300489249004,0.555750257240987,0.187969921881131,7.85706909564818e-05,0.327710877664351,26.9605901695619,0.000201497325453925,6.40141657233304e-05
0,65.8354879159941,16.2198970041812,54.5873830380674,23.2669827181867,261.434573798986,0.795500640635925,18.5795733391432,6.7224258408094,0.000269848243511683,15.347487826607,0.481319128878292,1.3264497156994,0.554961685636197,0.173222583332423,7.84497325505755e-05,0.377883096864686,25.9096261478867,0.000110992510989925,7.30413544153231e-05
0,60.1570069409939,16.7472643971972,60.0683654512345,25.3250490322512,290.52773588386,0.85707624028941,16.219135837511,6.9617910249751,0.000138092325951799,14.5992480860398,0.488964396358218,1.20607265685982,0.616387479887889,0.177416582899321,7.84273332054473e-05,0.325504889339361,25.8293777326563,0.00013566909470904,8.26974520862178e-05
0,68.6132973476977,18.7744411363859,60.2677905684814,28.4543848774052,309.62815575334,0.958824885756522,16.9136588393209,7.18872306720546,0.00018202590634966,14.9605200606568,0.491986588072996,1.26335868317595,0.540520256966411,0.188381626650146,9.23426993577441e-05,0.339089783733937,28.5922264474371,8.10151985374812e-05,0.000186965729770569
0,73.1994433856333,16.609245426216,61.2197840176271,25.1352275818682,296.756836561014,0.896081519713112,17.8070316817454,6.54059542593532,0.00015130837807667,15.3624898090129,0.501937631701026,1.26826634738852,0.522180067399481,0.168046513420853,5.08679417416207e-05,0.356189367008096,25.8942797455172,8.80632168895683e-05,8.38031655590901e-05
0,62.2221649268661,17.5116330779359,54.4360171166018,28.6368898861641,313.460970806347,0.950720221754666,16.1265409132802,6.31813047791249,0.000286138224939796,14.0767380240923,0.569158591427526,1.31945450933153,0.581806968674709,0.17316069157824,9.39327873392739e-05,0.390644362458803,26.7776610418091,9.48288668961697e-05,0.000197391513616055
0,65.4304595459694,16.1274112403248,60.0197864274472,26.6401519197433,324.09486196038,0.815524740589577,17.420073062094,7.38117138468675,0.00018002410852063,14.0345187689832,0.54665135680685,1.23170026007367,0.641131126479056,0.198380932198895,0.00011654045620532,0.396156010312589,31.1316998501796,9.28425982632034e-05,8.52343284681714e-05
0,71.9243221122967,18.1999461632677,62.6193813877475,25.0737326883283,288.967329871795,0.842800134751599,19.1765265229569,7.319375530675,0.000177032371165176,13.8988776663698,0.572054297663968,1.26879699558954,0.622878741875031,0.188866738791762,0.000106937811075151,0.34179487181933,30.9319044450111,0.000115200002173764,7.87116328128465e-05
0,71.7066878398513,16.8871246865204,60.7400842316711,28.3900976538687,290.353514702284,0.849580061848063,17.9297976282583,7.1386157903583,0.000300569269158203,14.0403058503783,0.576487092603003,1.33872819687555,0.562422406749884,0.161869729102068,8.08700660974185e-05,0.358407027124988,29.3936995604815,0.000173372456308846,0.000204069154771276
0,65.310498217523,18.4975371308941,62.3763498066789,27.6016706826139,284.239662953295,0.867624820833126,16.9064543885354,7.24732495207162,0.000175743052781677,15.1204521716894,0.508648909563322,1.32240364592637,0.545020899180568,0.171777204255293,0.000110354684170735,0.331633460228851,28.3164286377996,0.000151957190562475,9.89463802777514e-05
0,60.4382300015624,17.0167109126925,58.1758385101758,25.3269445396765,285.877813123138,0.80255324384112,16.9682463042903,7.14602646530112,0.000175087938007677,14.7492285206844,0.52588117995067,1.38090793906611,0.60644288602802,0.183431943654354,5.98855867000971e-05,0.372859773868197,28.7695956641788,9.07847901109702e-05,0.000109096243397707
0,61.3911506010975,18.6048346275749,54.6394215968573,27.8300117281468,276.601769984992,0.885420766824237,18.833964517524,6.91977983328748,0.000196906721064504,16.302761872122,0.518057425792759,1.1996073766259,0.536891993606571,0.190669388941457,5.84544745703267e-05,0.358383103759694,30.6911660500509,0.000186765550035005,9.02237693780763e-05
0,58.759761901303,17.6243353267776,56.1033563352513,23.4786031635871,275.761087251973,0.896074676679986,17.137443061296,6.82047109872929,0.000165293451355035,14.2062001021272,0.500942358874291,1.16204967785132,0.607124900261358,0.150131448886043,0.00012613202165311,0.325410747882125,26.9227900042013,8.56116735564514e-05,0.000130236821994342
0,67.1100671002627,18.134358013775,56.2436405296423,24.0834889462175,277.659806229198,0.844331130345481,16.012765053667,6.80814880703332,0.000136259062221942,13.2587423486035,0.464544452502859,1.17335441006372,0.512351587375197,0.144898004393621,6.66344196613478e-05,0.352596333154525,24.451502259216,0.000118385992191299,0.000120044041470855
0,72.2634340389538,18.2055619372275,59.4943139306014,24.820958500373,273.695668201505,0.840858036838976,16.5787490905372,7.13716870918572,0.000305226780172106,14.6188663956325,0.543277682108214,1.26014692745621,0.594373480238696,0.172171834792546,0.00010971604656919,0.361237350972688,28.1556709474982,0.000105766376461546,0.000109864830903174
0,68.7695914253665,17.2570276970611,55.3785116207863,24.8513817831192,322.068535069127,0.961393351453263,19.4614290116113,6.40003077622848,0.000126392601734946,14.9396481471074,0.488255747078517,1.24898842531588,0.547735319892921,0.16084633998403,5.27558691434381e-05,0.333887618968502,26.0686512709469,0.00018263929341626,8.33648555391062e-05
0,64.149593964354,17.8740548370938,52.1782345742196,28.7521332012747,300.790442939572,0.953505848830347,19.5293221257302,7.62749353198078,0.000179860907520883,14.7454997245098,0.550437272469844,1.29044492083523,0.62975762530084,0.181823042028216,6.6903754958134e-05,0.367756187849698,28.2344587965121,8.34493499758344e-05,0.000141622926848212
0,65.825570581536,16.9563702368514,53.2175206242106,24.6575681384562,257.05278892536,0.834866623690127,16.8441359505273,5.94888459264719,0.000201145488425657,14.5154295353287,0.457104494767392,1.21410590098851,0.585296094562617,0.167769950903077,5.40407042383816e-05,0.303000442680291,23.999199566359,0.00013075383274959,0.000179693035820248
0,63.3581311437499,16.4104601803393,55.7809163602722,24.7956255589325,309.482019250755,0.935605771437619,18.9616528153118,7.30205037033208,0.000306573271361304,15.8145387875884,0.561138593294294,1.26853360134455,0.578909674580018,0.158289280990052,9.11769508563376e-05,0.342808025173854,26.4852140094351,0.000117201487854932,0.000114556707400004
0,69.7569056239808,16.1036025458035,56.1655126853664,25.7086689247711,309.150563315914,0.825585494752642,16.9482937442797,6.95351009794848,0.000177361453618216,14.0495190341292,0.514768287301298,1.24847226748167,0.634585014920366,0.202204945700682,5.79666279338386e-05,0.38522236977035,28.2352204926325,0.000131135518997498,7.65311642057354e-05
0,63.8180323944068,15.2766984522072,56.2689454824298,23.1208148684005,303.367566812765,0.875502730443153,17.9943197308126,6.34241843129208,0.000120097173314578,13.8373712362868,0.489194630528724,1.3198980986515,0.577076434315712,0.15114400393613,7.00630876460296e-05,0.353073785374849,25.37985386368,9.04813939692083e-05,8.39475561998656e-05
0,70.3754676449603,16.9636733490679,54.0506601673828,26.111800102773,317.753865070851,0.960278496226457,19.4557558440546,6.99216838755381,0.000223230120135677,14.0840475014661,0.558036022427477,1.22945559138968,0.600088114985298,0.194918067166494,0.000134398090992846,0.331706906092107,29.7323689547246,0.000161069837911313,0.000125071130927374
0,66.9174175417676,15.2959519138129,50.9234920228175,24.6100141803983,288.641287119428,0.776728884426891,18.5812036312017,6.29028931066106,0.000165777023353375,15.9369254483443,0.508175741187203,1.30390371597658,0.564190654237812,0.169128570114761,7.69324002466351e-05,0.376200100447277,27.2737017623619,0.000112394310275314,0.000136802390985714
0,60.945288076981,16.1305194161735,57.8413148981475,26.8706222313392,314.832474534884,0.844272274193912,19.7623803054784,7.39079430213438,0.000194622564680779,16.7779519515445,0.503672080383074,1.40123420998421,0.636781685677038,0.182178191129598,6.06951426471429e-05,0.330759104400466,29.5694153230866,9.53257453916421e-05,0.000178787929191589
0,67.0894358934633,17.3896508585334,55.2920279206883,25.7078103394927,297.954832264403,0.945946643490484,16.1460590569235,7.07138857903004,0.000231030161280845,16.0014838871086,0.535198843691038,1.29583405775329,0.604217768270316,0.163039271047401,0.000121661930582767,0.321211615162329,26.7628396869898,0.000137489168708906,0.000182141881184774
0,61.6297334534533,17.959923456357,59.1050824686643,25.8886273314956,297.965643790117,0.983875363443746,19.2588954645855,6.93009520986087,0.000318475630237247,15.3483434600575,0.532670773277491,1.31185463831196,0.543443148861539,0.18619247810187,6.18073635852793e-05,0.384336949564089,29.2985735947223,7.69136664225854e-05,0.000201832673323245
0,70.5616103181203,18.9552981339138,52.4492459482777,26.2571892705218,303.068000551787,0.857924546818652,19.7440894637434,7.16330255898076,0.00026565863604409,15.7401497618398,0.541159725919149,1.42343698378199,0.61305102629848,0.172352085305705,0.000105248289179316,0.368035745383063,27.4504658810018,0.000144330090163271,0.000129194871185628
0,64.141290128234,19.4948264634696,60.6328546109597,25.6096826690861,304.411503807588,0.86510277739083,18.1475488478204,6.85930811966206,0.000126963565727031,16.8943971624627,0.552500153056777,1.37213493727001,0.603191619226634,0.198680387854152,6.64895250651963e-05,0.325003079017172,30.7932312861303,0.00011866081320724,0.000127133412537175
0,74.4033686393424,16.4812376044318,56.8033217669833,25.9423850871713,282.132907980413,0.883310426022295,18.005717752326,7.56231157838318,0.000146165801538333,14.0329916823547,0.522624503359313,1.46310088343085,0.623277948577896,0.176305793999162,7.99607365305794e-05,0.34312572050083,27.2548182218092,0.000120248577551837,0.000144654987204038
0,67.1490068181889,15.6134518979239,54.933483384918,24.7502214693021,304.142278072911,0.802156065378159,17.3638498439004,6.30675727204268,0.000150503419805227,13.4293893958771,0.463824123976035,1.25707627464527,0.571669646351923,0.151066245564165,5.3913506751692e-05,0.35579423700908,25.4982050670277,0.000102751721872314,0.000152731648032133
0,64.328830609499,18.2137490984913,59.4578486500471,23.1011311912879,275.938036287069,0.937086509349141,17.8720662023146,6.36304225637854,0.000227935118285393,15.4726380474029,0.50527318897844,1.37066880198751,0.620959478277046,0.182223066327629,0.00010557020242404,0.312395455808017,28.6544911613029,0.000199076855293851,0.000196767603569656
0,64.9990391514447,17.8102126993943,58.9815173693171,24.5278301364903,270.778555098611,0.90141561676801,16.95048653172,6.44998809328716,0.000258934179715143,16.5481480513355,0.499925180699267,1.39925055130649,0.608642865697397,0.199048952170179,0.000101957396873729,0.352637801469289,31.0868070278686,0.000151758967616587,7.48144412358574e-05
0,58.6705662526564,15.2652921554477,53.8977899256681,27.357047433158,259.820430926467,0.808403235345778,16.0032935495936,6.84732029435975,0.000224734835928069,13.6709730172472,0.469195231540334,1.15780562776828,0.59529535006652,0.164664436017395,0.000118268852327341,0.315276949902473,24.3842937525381,8.87014400991249e-05,9.39996252223652e-05
0,66.8186124864695,18.4063710390336,56.5112119832088,24.4538825397192,327.097124892733,0.947053298722034,18.5659775915447,7.16366474974821,0.000292831032304889,14.0326332608139,0.549650873530417,1.3449905638293,0.601608166307564,0.19357383100249,0.000125456326080399,0.355884078692602,28.2243319890604,0.000185427212059787,0.000133996211984128
0,70.2431208981176,16.6952861506521,60.6717114737431,26.8493714454643,305.493600500534,0.785595430049954,15.6800419687207,6.66307235774837,0.000158594711236874,14.8860187661228,0.497029897399541,1.16709830981344,0.52802588743573,0.173608266544438,4.85883415496704e-05,0.319366552737386,26.8894710678081,9.4254329518586e-05,9.20357886405712e-05
0,73.553730923976,17.4110437353254,51.2973409637639,26.0611219733307,297.529437869849,0.822410010160769,17.7534988216647,6.25425909560404,0.000177288642642388,15.6473608837706,0.532048271349554,1.25281620623349,0.576941955579542,0.173198821884802,0.000113249608064991,0.398664386994013,27.6990900367877,0.000109569395166433,8.13063293647171e-05
0,61.0667225377678,16.3419697269369,60.1245760471708,23.7596138328028,280.046531462849,0.82760100615687,17.4074108584793,6.93947166204533,0.000211901582280281,15.4310048389328,0.553567472603906,1.30808193400835,0.591165930982981,0.15273371461023,5.44455134760777e-05,0.350527396978083,25.0696012291048,0.000143883950951563,8.17839765414511e-05
0,72.2013899455557,17.9766124035926,59.8253783417855,28.3208551167431,296.101355807713,0.816136109685056,16.1904480371753,6.65680331396216,0.000297244629694801,14.1729802019299,0.531053785183803,1.45188142874363,0.58764730208381,0.171212226794832,6.84599628909567e-05,0.400802830144091,28.0180850216072,0.00014070315700925,0.000207522770499323
0,61.8311575431793,17.0872269703365,56.7216282966057,25.0339728668193,268.501461808843,0.841678995007996,19.2231361019199,6.63692091626302,0.000184977091651265,15.180076125572,0.531918481397583,1.43381664441567,0.603279404924254,0.184360553549763,8.62382239840876e-05,0.381060816318643,28.280445846565,0.000121829033909859,0.000108390886676662
0,70.1021753803067,19.4459823757986,52.4963539271913,28.4324717069303,296.414542335527,0.824140611780118,19.3170720907823,6.70453573452219,0.000178880177032853,14.3218794614044,0.535243314136055,1.32197226705479,0.592945410036717,0.197284761875466,5.98575663469886e-05,0.33961639346982,27.7327508173527,0.000184739039818077,0.000168428174566899
0,63.0779416662287,17.0930653443247,54.3423848777782,24.0965546857213,276.434241429217,0.921792113423039,16.2035533445362,6.3501225096158,0.000197984782738511,14.1439845214355,0.541148933224601,1.23683997089253,0.531641379137582,0.181448225917468,7.76475669858625e-05,0.345895493061646,25.3471516452323,0.000100827875609298,0.000180794554332222
0,67.690352959034,17.4558305289297,58.8241046799497,27.9241925944339,279.039846861753,0.855372420635708,15.9986407645358,6.95190421268005,0.000201013041608161,14.3386312540303,0.53510608788479,1.19700267453247,0.610582900080289,0.170797361380954,8.67279091189151e-05,0.33341078559248,29.8534666394552,0.000136752185271183,0.000105234111204633
0,66.3048818226508,16.5464231811597,56.07419765547,25.4209012661311,287.914722929494,0.800742990570599,18.9767467757438,6.77841154576155,0.000278292314939389,15.5912885960825,0.474709238434964,1.28705968241995,0.580612305938355,0.16508805672519,0.000114422029018854,0.34602252669255,28.4093021391735,0.000123858584372885,0.000137581644999081
0,65.0640331441909,19.4611106690448,52.8593274674336,25.1257625091398,318.880603957775,0.810821039516304,19.0054606597739,6.45997159983367,0.000149547111378212,16.2469158976185,0.494530487656418,1.40165022251986,0.617054278513254,0.184863320992096,0.000127450491130781,0.342802405684493,30.281010874391,0.000173987468191206,0.000210876223815601
0,68.7080651732124,18.3944316247659,54.1639417115186,23.9653774768599,289.937473620219,0.952104543327566,16.6031279516006,7.51134014530263,0.000140368094654221,14.2411623888278,0.546963029158346,1.40189029542855,0.588081624603633,0.180228641904054,0.000114482372307746,0.352349725547682,25.7684523405769,0.000144219191896917,0.000124374577034363
0,65.2212455622687,15.2556215708685,56.8777560505061,26.9785956792304,276.791839746346,0.926341386622688,16.4745625544104,6.26902004149899,0.00013478199204635,15.7379246148728,0.480071542825656,1.17545714678188,0.500891684147998,0.152261989365692,7.12266630708411e-05,0.318263176676434,25.5920006722482,8.67724597446377e-05,0.00014840401075318
0,57.5118801076938,15.0836605086416,53.1577405741648,23.3753684731694,252.528759999296,0.909684075743589,18.239124425908,6.29237291327961,0.000144045768760061,15.2781192370779,0.467139897369523,1.28003200561299,0.565239084474259,0.15866934494964,0.000100264351668865,0.31673458161444,28.3685628558898,0.000103263940155467,9.28669508061015e-05
0,65.3282647257882,17.5934038345634,54.4071055277537,25.8686697091196,296.421622225525,0.895718738089317,18.9388211242371,7.14204035275973,0.000168376577534401,14.6210937212793,0.511324908006018,1.38470656214637,0.609329620417811,0.160801088552795,7.40565249452011e-05,0.335348350352483,26.4812509081221,0.000198094573546666,0.000113012385113104
0,64.497309757468,17.6479448977774,53.1684336482921,26.5909238703393,272.268698033674,0.885322781402993,16.9351017367628,6.18687974488693,0.000284733923667595,14.9551800231232,0.551369700864752,1.28366363937531,0.528411746410332,0.179854942653942,9.64163196179194e-05,0.353958173259522,24.5679038957286,0.000188754248828551,0.000147850397704322
0,74.7184693746631,19.4264628707737,54.7169930530663,27.1530659128522,326.193780091664,0.825033467312827,17.1227883217389,7.24584483489049,0.000339231427690652,15.6784825690877,0.540892352093013,1.25576574280812,0.584641303969806,0.203925621187977,0.000108085814948012,0.339802529590093,29.1110901259397,0.000188965505915702,8.41389664545664e-05
0,67.4488259010195,17.1086800250905,54.3349566858808,26.5179276495455,278.075767365777,0.901975594824268,17.4437064557538,6.34284417918289,0.000181204568502214,15.3219618165419,0.496186757224671,1.35436798398765,0.543226999220771,0.189989821456566,7.72534837622797e-05,0.374082093271451,28.7643295775537,0.000185498559329428,8.96354629524017e-05
0,66.7583444927086,15.3779596793117,55.7478384387433,26.4627924570339,273.746615818011,0.810123686869036,15.6241491804487,6.5811513067744,0.000262116418919764,14.5598952696668,0.542211732168089,1.20052585708638,0.571286699783891,0.158473761715552,7.10409287364753e-05,0.345117943109617,24.7274203905301,0.00017768834059124,8.36723427578475e-05
0,60.8240160087483,16.204274037874,49.5481653806869,26.492098549157,284.122194550713,0.843820787600539,16.340905377458,5.89342807262251,0.000113027696183956,14.5777521221628,0.505971734075467,1.20638756728011,0.600507853111854,0.159597608487385,0.000102287343075013,0.350640206437887,28.3646594681815,8.31273453468033e-05,0.000102285585216997
0,63.712745084217,15.6568243440292,50.0354446174914,24.3996190387984,273.973114017846,0.903900028451172,18.4507479381107,6.14060647263126,0.000262077232133824,13.4131855862149,0.51426715337047,1.30960883418029,0.540494553204314,0.169143658503951,0.000130827817227727,0.315192776710042,27.0199970717851,0.000119724547581878,0.000168905969415417
0,63.0453174476015,16.6490118879538,55.135692390334,23.2737996746991,311.658965131907,0.822732259555483,17.3791214829695,7.35116679473382,0.000197552090874224,16.1169719214058,0.49476850756648,1.38692805059566,0.517344674677147,0.186794958742248,8.60053534514918e-05,0.377720608179324,27.1899701988987,0.000192216560205833,0.000154885987601155
0,63.4819431867789,15.1582341713777,57.5234919179338,26.0210935178855,272.521452585656,0.859102096965585,17.4493738955842,6.71002313961154,0.000109009747108674,14.4090335213791,0.524349087815332,1.30581864180231,0.554252414957324,0.156440008132307,0.000118331739422557,0.320022429937619,28.1691154431776,0.00017880434929367,0.000121345629257008
0,71.2982814915066,18.8254535189611,58.684887339686,22.8241962650213,303.551508373183,0.802756004728174,17.5880079049955,6.09532633192275,0.000209641440557262,13.7836096698994,0.501198033643003,1.39009426764606,0.546714450911978,0.154779866273692,6.95603205323219e-05,0.347747349290006,29.3989607064698,0.000196079502028663,0.000181749682633542
0,64.4120973352085,16.5065348786844,59.445829923665,27.6564716752509,310.15947780367,0.826392763213961,18.433971019197,6.21623005577113,0.000253674781308313,15.4945510235322,0.526550488259076,1.35249697170059,0.543805443100554,0.180423862528467,5.28413735787664e-05,0.331404994612943,25.4979777189154,0.000208482983614745,0.000115309122495094
0,68.6289782473548,16.5983122487747,52.1845458460419,27.5008488780728,268.150387461515,0.879954573568709,16.0621157628393,6.87598439252717,0.000158565040499396,14.0924269856335,0.539396183141307,1.41427806763178,0.5652171100571,0.168554020149199,7.31561538930953e-05,0.330788383358461,26.0808719923503,0.000169893721127518,0.000140002298607019
0,70.7969614597603,16.4347254862387,50.7227293340301,24.7016452444314,313.614738716069,0.798421341036021,15.8854378109472,6.14120306001354,0.00026770752599341,14.39166353826,0.449170399307859,1.30226820886887,0.512959303300369,0.149358850555856,4.35596141487902e-05,0.335846275766214,25.3416194704856,0.000145080546005193,6.92966036106781e-05
0,68.4477836542276,15.44795024552,51.1397847502877,24.4690062540259,299.788965506567,0.802830420773997,18.1268136457046,6.22554485855126,0.000273838325017698,13.6196309737927,0.501860952981059,1.33341695189249,0.564338187671092,0.190855088214643,5.12069268448246e-05,0.312413362408934,27.6283671181736,8.74061611927646e-05,0.000125580790888862
0,61.3232767447249,18.2457345907412,52.6977200967737,26.5483527373611,297.891878698432,0.855156095617236,18.157172788117,5.88291054824091,0.000156729790536778,14.3034605345898,0.533444674282421,1.27827314981653,0.535307060615599,0.168899494095065,8.55761082628082e-05,0.299833770881505,27.6523364229346,0.000105196687238804,0.000125883800662274
0,64.9319099462024,16.239067941572,55.8145971360004,25.8851858737548,324.30787674842,0.86689367850841,17.6767675553421,6.9865992017165,0.000154248520754573,16.483246548872,0.531818087269623,1.43999683790526,0.563143432517437,0.193156983720111,0.00010676188014814,0.377046704122632,27.1298493401903,0.000198724332124981,0.000199507816002581
0,69.794516084772,15.9506152022642,58.1334342106711,23.1694610643222,276.47465944068,0.898813326984944,18.7995778040891,6.69436245996692,0.000204276018163714,14.8930763025872,0.514073970014475,1.17520544439804,0.545218003136239,0.15872467678152,8.63441076021477e-05,0.357638110252488,24.5845771870112,7.86012273519518e-05,9.58116318660734e-05
0,63.5307082939342,18.2062398040128,58.9525626798834,28.2184790386559,300.899479811986,0.909625782009769,17.2635366083943,6.68273221990654,0.000207838081754182,13.9573533009771,0.498827328119098,1.27196342296062,0.563409304035597,0.168741928233254,6.44207875731106e-05,0.392057158418617,27.7510603860091,0.000140109905505581,0.000144449432951991
0,60.6707661000748,16.0614619034531,57.3486454991867,27.2763585352316,298.015484840047,0.80541711454545,17.1812516970875,7.03438335294385,0.000269723655550844,14.6340766703519,0.511547100428832,1.21802109304598,0.585510471657483,0.162284205599674,5.19013865205898e-05,0.339605031232452,29.5237034088997,0.000129041006938087,9.72819877202377e-05
0,66.7515833340981,15.8330956071585,60.4273431982318,23.2291094639687,305.152191289592,0.91947924293534,18.7772404322985,6.22402259809983,0.000166321743629652,15.6160654853745,0.49683294466628,1.16026948265049,0.558261439695463,0.161646140010426,0.000115602898599103,0.373811685475304,25.2118402116423,0.000108257988291603,7.01363816923048e-05
