Animal_1,Animal_2,Animal_3,Animal_4,Animal_5,Animal_6,Animal_7,Animal_8,Animal_9,Animal_10,Animal_11,Animal_12,Animal_13,Animal_14,Animal_15,Animal_16,Animal_17,Animal_18,Animal_19,Animal_20,Animal_21,Animal_22,Animal_23,Animal_24,Animal_25,Animal_26,Animal_27,Animal_28,Animal_29,Animal_30,Animal_31,Animal_32,Animal_33,Animal_34,Animal_35,Animal_36,Animal_37,Animal_38,Animal_39,Animal_40,Animal_41,Animal_42,Animal_43,Animal_44,Animal_45,Animal_46,Animal_47,Animal_48,Animal_49,Animal_50
1.38525083168646,0.507061407240213,0.94378204065305,1.36467316601869,0.626698794778349,2.0289516511562,1.80097116163984,2.31120582508086,0.950278834984722,0.595119692368632,0.957003398228377,2.21078686182048,2.56471882186297,2.1901703276072,0.568871031268912,0.587398120917068,0.835009348443734,0.98502741460679,2.48466082216111,0.985027414609117,0.807309131390436,0.414584052600803,0.653023178153894,2.65283158712295,2.65283158712295,1.09964459858839,0.472672111644227,1.27280442694763,1.09964459858839,0.83935473561152,1.29368322460367,2.72453669373525,0.665938319298913,0.668942931547315,0.417036604168678,1.29368322460367,0.668942931547315,1.29368322460367,0.150482262712124,0.668942931547315,1.29368322460367,1.29368322460367,1.29368322460367,0.121838473154739,0.668942931547315,1.29368322460367,1.29368322460367,1.29368322460367,1.29368322460367,0.665938319298913
1.36990982961341,0.529251222551174,0.959288089450011,1.4560113173637,0.656339215724717,2.08618477209014,1.88889119277212,2.41303147763494,0.974774631823599,0.606451938330241,0.968757465020179,2.31233676616236,2.62670769112089,2.28838177196141,0.607133888478341,0.569911037411717,0.852340665765706,1.00778795089662,2.53737098209179,1.00778795090999,0.808110181697881,0.420959431805989,0.658515897251025,2.70340397499637,2.70340397499637,1.11305092045782,0.473726812774776,1.30009656233458,1.11305092045782,0.85362618746447,1.3205407370186,2.77340514529807,0.679903639992631,0.682264410379981,0.423832645917007,1.3205407370186,0.682264410379981,1.3205407370186,0.153172231028982,0.682264410379981,1.3205407370186,1.3205407370186,1.3205407370186,0.124012552381075,0.682264410379981,1.3205407370186,1.3205407370186,1.3205407370186,1.3205407370186,0.679903639992631
1.39867868313921,0.575720127700265,0.980944618673463,1.41700039040077,0.682220088873585,2.07451795234567,1.82026148472662,2.38323730686285,0.994327361246079,0.616689273798889,0.990319449717277,2.25481340187336,2.62867197975459,2.2368609673909,0.602244215276929,0.625499611600678,0.855799131867614,1.02365258845911,2.51921832914511,1.02365258844752,0.815506466221982,0.424760669970849,0.670324686537383,2.70807506962148,2.70807506962148,1.13221938161908,0.496939116677266,1.31208444265556,1.13221938160999,0.859941835624133,1.33912254195141,2.78029770097038,0.686205442674435,0.688077009932518,0.428132475600964,1.33912254195141,0.688077009932518,1.33912254195141,0.154727235594582,0.688077009932518,1.33912254195141,1.33912254195141,1.33912254195141,0.125288872005048,0.688077009932518,1.33912254195141,1.33912254195141,1.33912254195141,1.33912254195141,0.686205442674435
1.48067305066664,0.566546422413009,0.986007554783985,1.51880804733554,0.644143622952235,2.24612030812416,1.98018209799662,2.49724539523507,1.00192007866304,0.609836596614173,0.997861967548542,2.38003270818937,2.68412804903776,2.36588654303866,0.596280236264084,0.558878015203678,0.858564419202973,1.0332615074764,2.61768208730011,1.03326150750308,0.816575002452034,0.425628892188604,0.663203470350084,2.74816163508883,2.74816163508883,1.14680005260786,0.515810212303604,1.31275793460871,1.14680005262335,0.864670638710286,1.3379633703246,2.80086260280984,0.686375493736484,0.689747859732012,0.428793025471015,1.3379633703246,0.689747859732012,1.3379633703246,0.155074689122293,0.689747859732012,1.3379633703246,1.3379633703246,1.3379633703246,0.125410640882795,0.689747859732012,1.3379633703246,1.3379633703246,1.3379633703246,1.3379633703246,0.686375493736484
1.42009479060872,0.571495325091946,0.973281651516174,1.45720707005463,0.666409513761854,2.147947621777,1.86535286098773,2.42672730622255,0.987156279249112,0.613331801789182,0.983444381426938,2.27785446526036,2.66468974068512,2.2604477212735,0.579798785578233,0.583362083686342,0.8531686310185,1.01576289192556,2.56906759624382,1.01576289192477,0.807182352423174,0.428525256404955,0.665992046258576,2.73754831549029,2.73754831549029,1.13246402895901,0.494021267418411,1.3216954222161,1.1324640289633,0.864544715951263,1.34172565783698,2.7959553804406,0.687304759967941,0.692643708502077,0.430648659517687,1.34172565783698,0.692643708502077,1.34172565783698,0.155421969264056,0.692643708502077,1.34172565783698,1.34172565783698,1.34172565783698,0.125782379662193,0.692643708502077,1.34172565783698,1.34172565783698,1.34172565783698,1.34172565783698,0.687304759967941
1.39912770049123,0.582764682766516,0.961882579972821,1.4619204942614,0.658649470459328,2.14435806080948,1.88694626105191,2.45089688185028,0.975584848440842,0.609330994043655,0.971779304512819,2.28866372845665,2.64891474884881,2.27031971153121,0.597007675792787,0.568603830410028,0.844823762211781,1.00497916466713,2.54339770333193,1.0049791646847,0.799316495729765,0.424305148063312,0.662071320260081,2.72072430917559,2.72072430917559,1.1160275776862,0.459858963851355,1.31053170949697,1.11602757766646,0.860842237971429,1.3343173722889,2.77910464162056,0.683760575991376,0.685545060120897,0.427389100505795,1.3343173722889,0.685545060120897,1.3343173722889,0.154403085404753,0.685545060120897,1.3343173722889,1.3343173722889,1.3343173722889,0.124965301661885,0.685545060120897,1.3343173722889,1.3343173722889,1.3343173722889,1.3343173722889,0.683760575991376
1.40243407442518,0.556602364269436,0.968187241965751,1.40089687916646,0.647976288744906,2.11197301289887,1.83327104724493,2.3909237721634,0.980064238027099,0.606029794885391,0.97702824796489,2.23592686441453,2.60722643940679,2.22316658470258,0.584188949286433,0.597341357288985,0.836845968742625,1.00570388637043,2.52130538987885,1.0057038863664,0.802992319189127,0.417048079402504,0.65252443166547,2.67157159696931,2.67157159696931,1.11941003913025,0.460973665990726,1.28303538394532,1.11941003917042,0.843062611533803,1.31046124928789,2.72978919110207,0.673089641971307,0.675701142371141,0.420282065884867,1.31046124928789,0.675701142371141,1.31046124928789,0.151616622212156,0.675701142371141,1.31046124928789,1.31046124928789,1.31046124928789,0.122750347242355,0.675701142371141,1.31046124928789,1.31046124928789,1.31046124928789,1.31046124928789,0.673089641971307
1.36873474340549,0.555714167226411,0.981668523017348,1.44050136352296,0.678047726700477,2.12708654981046,1.83594935310077,2.39362099545804,0.994448114295076,0.609128000245152,0.993209583657281,2.26945553949873,2.63612254448333,2.2532174291809,0.574876453836754,0.571508651041849,0.844844500494218,1.02285160613496,2.55041268165569,1.02285160614795,0.808669211525943,0.422481605047832,0.656414659606914,2.71006704595772,2.71006704595772,1.13500193901843,0.494175477196767,1.2952813936218,1.13500193901995,0.856530065352953,1.32164375844286,2.77124834967943,0.678980067849407,0.683054785951146,0.425335120311257,1.32164375844286,0.683054785951146,1.32164375844286,0.153580875813416,0.683054785951146,1.32164375844286,1.32164375844286,1.32164375844286,0.124287922612646,0.683054785951146,1.32164375844286,1.32164375844286,1.32164375844286,1.32164375844286,0.678980067849407
1.39259832351757,0.554684174816122,0.97070546336168,1.4745420543607,0.687961868841983,2.15548384599688,1.85978898691146,2.42634770233184,0.976825775546963,0.604971077887462,0.978058061525271,2.25023726179624,2.62125283706959,2.22624149404539,0.629564783230519,0.574169272870312,0.851195699293796,1.00435876287824,2.54264124220672,1.00435876291128,0.834146940943638,0.418641155283554,0.658833947169973,2.69002905099153,2.69002905099153,1.12327173695847,0.52248195517309,1.28993602900845,1.1232717369584,0.851296256914063,1.31544050282429,2.76160877421305,0.677142753916352,0.677600467933236,0.422725414159218,1.31544050282429,0.677600467933236,1.31544050282429,0.152504233601112,0.677600467933236,1.31544050282429,1.31544050282429,1.31544050282429,0.123483845822326,0.677600467933236,1.31544050282429,1.31544050282429,1.31544050282429,1.31544050282429,0.677142753916352
1.33100778291428,0.504230524875539,0.939730297474147,1.41207247267669,0.647969788328716,2.05269867389581,1.80396248524933,2.34683819623845,0.95424893231292,0.588836617806348,0.949606552348098,2.22059493284301,2.59163443152334,2.20693656516163,0.562788269964662,0.527621779513612,0.824511041822268,0.982699638341404,2.4765983380762,0.982699638360588,0.777357339142532,0.413912309851507,0.643026672563597,2.66557427024093,2.66557427024093,1.08900149126661,0.461122341229143,1.26784733027514,1.08900149126037,0.837617757799566,1.29533072377941,2.72734641688118,0.667848299946993,0.669944802453204,0.41685858719154,1.29533072377941,0.669944802453204,1.29533072377941,0.150646956940397,0.669944802453204,1.29533072377941,1.29533072377941,1.29533072377941,0.121938895418884,0.669944802453204,1.29533072377941,1.29533072377941,1.29533072377941,1.29533072377941,0.667848299946993
1.4402639539565,0.566758661930642,0.979277374389587,1.46887347623778,0.658171188935892,2.17733281882035,1.90870559416935,2.43939995470898,0.988085633906199,0.610580072900171,0.989902896118036,2.31277749570569,2.62414631573616,2.2878012461739,0.620668850025418,0.596240034683373,0.854122158071695,1.01977127076458,2.55035797728453,1.01977127071048,0.830184529933964,0.421668179660978,0.664574621801669,2.69523102442344,2.69523102442344,1.13264493905475,0.524185734828228,1.30147167084592,1.13264493905475,0.856747305443121,1.32086720450498,2.76095903755273,0.681433733922189,0.683232591419423,0.424698023660937,1.32086720450498,0.683232591419423,1.32086720450498,0.153528825153105,0.683232591419423,1.32086720450498,1.32086720450498,1.32086720450498,0.124279480282927,0.683232591419423,1.32086720450498,1.32086720450498,1.32086720450498,1.32086720450498,0.681433733922189
1.50070720198537,0.557462430256432,0.96777245243581,1.50259131921189,0.649354922699338,2.15427437757912,1.93390727171521,2.43304527088139,0.978841628798416,0.616256163208278,0.975362909316395,2.32457876603685,2.64186154422964,2.30771957920311,0.613661014307099,0.630851769838629,0.860163309725964,1.01026698541578,2.55994097759915,1.01026698541513,0.824687195263939,0.424903216871091,0.672921806302912,2.70756423742627,2.70756423742627,1.12394371892431,0.506373012473731,1.31261049679661,1.12394371891211,0.861886396439209,1.33355434663299,2.77157516332191,0.683634601900914,0.687344471744852,0.427716341278733,1.33355434663299,0.687344471744852,1.33355434663299,0.154461604731987,0.687344471744852,1.33355434663299,1.33355434663299,1.33355434663299,0.124973010251148,0.687344471744852,1.33355434663299,1.33355434663299,1.33355434663299,1.33355434663299,0.683634601900914
1.36533265954924,0.550975641726768,0.941000370091955,1.46367682913633,0.655549046839213,2.13421783705394,1.85777355833778,2.40591895287562,0.951905169645441,0.595918569764806,0.953896739297728,2.24728046740692,2.58744109577765,2.2314874919933,0.571693630789686,0.574483913964516,0.822074977334341,0.982620070204666,2.50089698889846,0.982620070095198,0.78169442118813,0.4109623914765,0.639762074236931,2.66094766622896,2.66094766622896,1.09076354796782,0.454513424709189,1.26772826945419,1.09076354793958,0.832092394708248,1.2951664851327,2.71484554130898,0.661964788148009,0.666234828076153,0.414549111721271,1.2951664851327,0.666234828076153,1.2951664851327,0.149641857496408,0.666234828076153,1.2951664851327,1.2951664851327,1.2951664851327,0.121182571375254,0.666234828076153,1.2951664851327,1.2951664851327,1.2951664851327,1.2951664851327,0.661964788148009
1.49778818483073,0.560697767947027,0.974236550431797,1.52344331733973,0.665391631253952,2.20552532439081,1.91814843264044,2.44605856759341,0.986131261753329,0.601195486452568,0.989780233266985,2.35426862405903,2.6697142184035,2.33953760656182,0.548047592957984,0.571842459708951,0.836913290254381,1.01814446211385,2.58290337374695,1.01814446208714,0.794495235254852,0.42244505507179,0.657909298790545,2.74211088214279,2.74211088214279,1.12399757503849,0.464363718500781,1.30095472588907,1.12399757503849,0.857009910837147,1.32220230864718,2.79028432230531,0.680345868212697,0.681695925961287,0.424432372257482,1.32220230864718,0.681695925961287,1.32220230864718,0.153526910062085,0.681695925961287,1.32220230864718,1.32220230864718,1.32220230864718,0.124293368000661,0.681695925961287,1.32220230864718,1.32220230864718,1.32220230864718,1.32220230864718,0.680345868212697
1.43172875937424,0.513810065013645,0.948215638274751,1.47555389154281,0.648260710515159,2.10931484348774,1.87372129377628,2.39207291267045,0.958853806608989,0.602535626544357,0.956130771534086,2.25987356357232,2.61532133037135,2.24719555910831,0.577482737863672,0.577132038990096,0.837859137143461,0.986235950649688,2.51766093466203,0.986235950664895,0.798117250678467,0.418360666759435,0.653755176563225,2.67715849928625,2.67715849928625,1.09907599565675,0.442978903845084,1.28782739058286,1.09907599565755,0.8498170803353,1.31943924174228,2.73189639609622,0.675325043941072,0.678855529547174,0.421775359547133,1.31943924174228,0.678855529547174,1.31943924174228,0.152247188336,0.678855529547174,1.31943924174228,1.31943924174228,1.31943924174228,0.123233287948103,0.678855529547174,1.31943924174228,1.31943924174228,1.31943924174228,1.31943924174228,0.675325043941072
1.33198363831141,0.569987866299922,0.943887055590903,1.41076025473285,0.672783211186952,2.04917104397701,1.78125643188539,2.35718297727469,0.96003743395468,0.59184213228339,0.954987578949587,2.19155020431075,2.60216862648337,2.17637935423899,0.562888385954611,0.544623784305666,0.827451626551871,0.988975725961725,2.49784536631444,0.988975725924437,0.778704119341323,0.414546415291522,0.64674510496842,2.68483888594116,2.68483888594116,1.10345954846823,0.469578541229693,1.27358235701283,1.10345954848002,0.839545978397776,1.30034632817083,2.7494197110242,0.66935319623569,0.672237988176232,0.417513021643623,1.30034632817083,0.672237988176232,1.30034632817083,0.150912272159442,0.672237988176232,1.30034632817083,1.30034632817083,1.30034632817083,0.122270105685965,0.672237988176232,1.30034632817083,1.30034632817083,1.30034632817083,1.30034632817083,0.66935319623569
1.43885811195311,0.52683278016289,0.962497769382582,1.43765588454587,0.626226437682306,2.12048149134251,1.89056421374131,2.39968631964892,0.973258315395368,0.603198228465029,0.972308094843618,2.31408390947154,2.63442256285635,2.29341518042115,0.575813748889094,0.57790270525908,0.841817352657262,1.00286241015038,2.54391169162719,1.00286241022638,0.805719936438223,0.419287650788901,0.655303028324589,2.70042090284607,2.70042090284607,1.11101687893267,0.452295221369805,1.28901867687019,1.11101687895334,0.848791398133532,1.31199969656789,2.7594014189846,0.675269075242611,0.679347017329116,0.421783538644967,1.31199969656789,0.679347017329116,1.31199969656789,0.152476576581388,0.679347017329116,1.31199969656789,1.31199969656789,1.31199969656789,0.123465701850432,0.679347017329116,1.31199969656789,1.31199969656789,1.31199969656789,1.31199969656789,0.675269075242611
1.32942397712098,0.532117250330447,0.957908208375976,1.42637389607981,0.669528909906147,2.04944223208723,1.83377602949296,2.38482918648116,0.975245231135344,0.604376311755438,0.970524541922801,2.26547054479681,2.60558246451205,2.24809757489498,0.579690283737489,0.55777539974991,0.840221224857726,1.00783128540424,2.49576720181663,1.00783128539724,0.788086880926181,0.42101452772393,0.654412699720429,2.68963228557337,2.68963228557337,1.10926109432397,0.439433604986067,1.29922888320073,1.10926109432397,0.85678012959065,1.32748058940681,2.75186976440837,0.678608060334627,0.681470744969115,0.424441306916664,1.32748058940681,0.681470744969115,1.32748058940681,0.153454817067649,0.681470744969115,1.32748058940681,1.32748058940681,1.32748058940681,0.124206176816828,0.681470744969115,1.32748058940681,1.32748058940681,1.32748058940681,1.32748058940681,0.678608060334627
1.34716810085211,0.52853491583148,0.942139862794726,1.37198775132058,0.619892200975614,2.05828342357075,1.82081615596316,2.33595373685587,0.949007901048719,0.59826681996575,0.955849274781894,2.21731528607388,2.57523264990165,2.20059723346755,0.570409742859969,0.578588183106547,0.83638993542004,0.984257161417286,2.49719565401773,0.984257161436427,0.806669273252613,0.415070229049899,0.649397494188964,2.66302116875273,2.66302116875273,1.10019088434551,0.479478582514444,1.27630935942383,1.10019088436178,0.841813155507421,1.30012298317379,2.73148137288716,0.668342390990291,0.671881289498239,0.417926298981535,1.30012298317379,0.671881289498239,1.30012298317379,0.151083140775021,0.671881289498239,1.30012298317379,1.30012298317379,1.30012298317379,0.122259478457608,0.671881289498239,1.30012298317379,1.30012298317379,1.30012298317379,1.30012298317379,0.668342390990291
1.38191002670416,0.571166971252837,0.978848250605652,1.43703766645818,0.688168318301975,2.11843029229483,1.83936030315566,2.43096566711506,0.991993390157672,0.611200298895451,0.993132209424048,2.2757763972459,2.66639474541672,2.25771214844199,0.569672797651537,0.587123097799384,0.848240173360701,1.0232524772637,2.57516691245835,1.02325247725186,0.804438768493814,0.425523154686299,0.660672219445309,2.75421102372672,2.75421102372672,1.13524877829345,0.442679173117811,1.31246753452234,1.13524877829024,0.862350252076726,1.33345032731083,2.81588852889515,0.685105037578638,0.689230932297789,0.427843314266466,1.33345032731083,0.689230932297789,1.33345032731083,0.154708096693307,0.689230932297789,1.33345032731083,1.33345032731083,1.33345032731083,0.125147056195181,0.689230932297789,1.33345032731083,1.33345032731083,1.33345032731083,1.33345032731083,0.685105037578638
1.40544866382417,0.603103589242547,0.976205984495449,1.44763758844053,0.65525712880233,2.13439812021474,1.8827040176968,2.42482719662967,0.989481349073265,0.605388664843123,0.987932333438746,2.30867411764337,2.64781191758685,2.29485912312155,0.582419886315534,0.559789862857231,0.846738923351113,1.01975932542664,2.54743728482511,1.01975932542522,0.804090969548035,0.422857889442837,0.65825694761163,2.72044784116499,2.72044784116499,1.12653242922296,0.459006155801344,1.30026837800801,1.12653242922956,0.859564637365977,1.32648886951559,2.77992478602509,0.682554956560204,0.684128325715279,0.425886834131304,1.32648886951559,0.684128325715279,1.32648886951559,0.15406307786677,0.684128325715279,1.32648886951559,1.32648886951559,1.32648886951559,0.124614918922766,0.684128325715279,1.32648886951559,1.32648886951559,1.32648886951559,1.32648886951559,0.682554956560204
1.33890692126306,0.51683214162422,0.948586966432897,1.37276320047274,0.641501001345198,2.04896893453491,1.81024779743902,2.36883497459302,0.963159837496916,0.597805706160669,0.963544476720914,2.22942784330723,2.60727565128732,2.21000633479653,0.56475132692397,0.542945197044276,0.838452629748137,0.998410937448102,2.49932082255587,0.998410937448417,0.788350929497519,0.422719572355369,0.656619079559144,2.70459465158536,2.70459465158536,1.1090620766172,0.461063221302891,1.30359811964746,1.10906207663222,0.854665447171512,1.32442349944055,2.76946483562153,0.680315408049546,0.683661026945035,0.425093316627654,1.32442349944055,0.683661026945035,1.32442349944055,0.153560316948849,0.683661026945035,1.32442349944055,1.32442349944055,1.32442349944055,0.12432182314876,0.683661026945035,1.32442349944055,1.32442349944055,1.32442349944055,1.32442349944055,0.680315408049546
1.44899241727371,0.58843347573485,0.959968079347845,1.5073233364783,0.669489224591676,2.15491461765116,1.9032524891797,2.4268653625036,0.975587583649674,0.596938510290636,0.974059050736008,2.30635805833802,2.60606399289209,2.29243823420675,0.574915965891338,0.587857672018096,0.832319067425191,1.00803089085499,2.53506828100567,1.00803089087504,0.7884662936866,0.413857410426739,0.647718371446379,2.67729899926581,2.67729899926581,1.11383035692935,0.462857777103827,1.27639497058171,1.11383035692935,0.842040517999122,1.30053657904844,2.73007710519165,0.66701152565193,0.672023512335531,0.416996909479505,1.30053657904844,0.672023512335531,1.30053657904844,0.150716735058344,0.672023512335531,1.30053657904844,1.30053657904844,1.30053657904844,0.122063723933075,0.672023512335531,1.30053657904844,1.30053657904844,1.30053657904844,1.30053657904844,0.66701152565193
1.33451998501534,0.600320597570683,0.976618905257256,1.41744109698092,0.679416926179975,2.08939761186415,1.83150762042932,2.39835945899639,0.992119895990814,0.611811608110345,0.989675172589257,2.26430149827698,2.60810882623305,2.24593187150955,0.595889101300973,0.593720932190413,0.84689881827908,1.02455354183507,2.50986044412027,1.02455354181703,0.802861909163623,0.423179367186318,0.658197929076453,2.69425333017855,2.69425333017855,1.12940011122175,0.49004948697372,1.3045686221675,1.12940011118855,0.856672018827049,1.32290891491812,2.76202642050475,0.681427225193593,0.684922980739379,0.425720734964724,1.32290891491812,0.684922980739379,1.32290891491812,0.153815893531252,0.684922980739379,1.32290891491812,1.32290891491812,1.32290891491812,0.12460631992803,0.684922980739379,1.32290891491812,1.32290891491812,1.32290891491812,1.32290891491812,0.681427225193593
1.33340378888988,0.54422090735157,0.974912831333564,1.3632251242002,0.638394844852565,2.07103063996621,1.81527752303384,2.35380674803354,0.98778644352136,0.59964651396433,0.983862943170619,2.26253010021806,2.59411045946792,2.24071469774869,0.593827089026372,0.554824526705899,0.841931155269698,1.01567148698658,2.48835280862265,1.01567148702304,0.805977078245402,0.417477825523572,0.651171937393183,2.66505743133608,2.66505743133608,1.11774933776202,0.499705038645626,1.28101640588701,1.11774933778366,0.846345173224119,1.30803771695324,2.73490854467985,0.674176439095737,0.67510675875001,0.42083547616053,1.30803771695324,0.67510675875001,1.30803771695324,0.151896445707482,0.67510675875001,1.30803771695324,1.30803771695324,1.30803771695324,0.122963016368813,0.67510675875001,1.30803771695324,1.30803771695324,1.30803771695324,1.30803771695324,0.674176439095737
1.31850463268122,0.523261523313956,0.949597480696487,1.33284097036729,0.617607919655391,2.03250825815416,1.77479887724081,2.29711963626027,0.954521508394603,0.601338677017018,0.954633912233327,2.20968451734679,2.56122744926082,2.18272522883201,0.602650770364625,0.587975875643947,0.837160920318986,0.982586913494475,2.44038086636657,0.98258691349616,0.813631473983706,0.413648080828621,0.652514425380304,2.63459290580978,2.63459290580978,1.08652545216092,0.547249385035494,1.27966828126949,1.08652545213237,0.841317570088616,1.30484296061251,2.71629683851493,0.666690855141551,0.668908841225009,0.416890237124298,1.30484296061251,0.668908841225009,1.30484296061251,0.15051987717649,0.668908841225009,1.30484296061251,1.30484296061251,1.30484296061251,0.121937415003424,0.668908841225009,1.30484296061251,1.30484296061251,1.30484296061251,1.30484296061251,0.666690855141551
1.48311230953873,0.545117943304476,0.967406589199519,1.51929428414791,0.681250719143979,2.15908942347065,1.89386854209666,2.42631282357697,0.979784751069987,0.587687521130743,0.977234514571384,2.31631890554136,2.60566369326511,2.30020264112272,0.58556954795359,0.557822902723703,0.82412910974772,1.00627259906832,2.50856057757387,1.00627259907943,0.786660619422847,0.41300580134808,0.648261009756784,2.66368826616626,2.66368826616626,1.10322449267678,0.442304422954058,1.2742399281315,1.10322449265973,0.836821443491983,1.29439705291569,2.71540263715159,0.664526960804156,0.66885142155079,0.415605266493384,1.29439705291569,0.66885142155079,1.29439705291569,0.150160124720903,0.66885142155079,1.29439705291569,1.29439705291569,1.29439705291569,0.121513108221875,0.66885142155079,1.29439705291569,1.29439705291569,1.29439705291569,1.29439705291569,0.664526960804156
1.34813284378774,0.510153328942148,0.945989484742814,1.35973000476529,0.623188997197591,2.06537833384406,1.8137212123019,2.36553415827026,0.957180129036667,0.602214085949783,0.955633300055088,2.23646487885264,2.60038207006377,2.21871098137175,0.589396103283904,0.594196023067788,0.832396142567305,0.987784331109801,2.48193565358811,0.987784331102189,0.794105862554641,0.414781630198015,0.651852217567022,2.68134966371364,2.68134966371364,1.09338722044584,0.492885561278005,1.27811230275251,1.09338722044584,0.842389853965314,1.30783294892195,2.75330181103347,0.671372702503654,0.671944841065714,0.418620694755969,1.30783294892195,0.671944841065714,1.30783294892195,0.151332783295951,0.671944841065714,1.30783294892195,1.30783294892195,1.30783294892195,0.122467635031969,0.671944841065714,1.30783294892195,1.30783294892195,1.30783294892195,1.30783294892195,0.671372702503654
1.38056463340533,0.541115077668335,0.958565047574087,1.38704577664965,0.668796098518362,2.07849602500619,1.78576025878609,2.3893372616508,0.971317983765765,0.595754546759463,0.968431333642937,2.19710274873104,2.61160356307418,2.18582445424593,0.572422779632849,0.565513597231434,0.827022312309557,0.997073449665796,2.4969240945931,0.997073449662176,0.783762228403478,0.417437758656255,0.651627098696632,2.68621972200289,2.68621972200289,1.10739833637511,0.43342516421656,1.29349919478292,1.10739833637433,0.846767856491076,1.3125340376984,2.74532117684206,0.673122254551052,0.673678901242129,0.419613085421636,1.3125340376984,0.673678901242129,1.3125340376984,0.151671224456141,0.673678901242129,1.3125340376984,1.3125340376984,1.3125340376984,0.122757022340963,0.673678901242129,1.3125340376984,1.3125340376984,1.3125340376984,1.3125340376984,0.673122254551052
1.45557841788646,0.523796534561096,0.937965559732943,1.48635580499496,0.620350055072829,2.17049123990178,1.93204704761269,2.43424735401223,0.950639881489154,0.587945554902332,0.947762098667502,2.3097409180844,2.60575855256839,2.29106222810595,0.596389444084547,0.548350408313389,0.82975171155854,0.982491500940007,2.53431315565068,0.982491500928124,0.792787682484157,0.410662923898836,0.646782947862215,2.67077708035798,2.67077708035798,1.09290430671828,0.497712412975608,1.27239382981985,1.09290430673003,0.835149727355454,1.29329643337282,2.72788790050411,0.661761310205177,0.666661345151805,0.413734321842255,1.29329643337282,0.666661345151805,1.29329643337282,0.149583402778106,0.666661345151805,1.29329643337282,1.29329643337282,1.29329643337282,0.12108101430714,0.666661345151805,1.29329643337282,1.29329643337282,1.29329643337282,1.29329643337282,0.661761310205177
1.3989883979196,0.556021737090746,0.977067188765498,1.42762396973591,0.663020507070776,2.16609291509365,1.85198030933834,2.42752396171779,0.983884200250125,0.612628775279726,0.983637221605954,2.26360610917319,2.64419441185837,2.23935963139183,0.624566302546201,0.608707759646288,0.851490876324739,1.01058730956104,2.55354819165274,1.01058730956047,0.833172001400621,0.42037417547783,0.662816449116233,2.71368148215676,2.71368148215676,1.12801729203474,0.555347090673022,1.30073865007474,1.12801729203474,0.855091998450329,1.32093840626629,2.78848260911961,0.679122165613674,0.682379732213541,0.423360846745353,1.32093840626629,0.682379732213541,1.32093840626629,0.153147898290045,0.682379732213541,1.32093840626629,1.32093840626629,1.32093840626629,0.123976893568591,0.682379732213541,1.32093840626629,1.32093840626629,1.32093840626629,1.32093840626629,0.679122165613674
1.37818906223432,0.557334536870621,0.966181125161998,1.43138164435948,0.684991778782454,2.10575234707673,1.81428983304353,2.39637051617144,0.979605045480989,0.603225324038725,0.980339155646384,2.22012821425169,2.61068785934653,2.20899289414489,0.565038841519254,0.572358425618131,0.836409543796873,1.01030725486707,2.51850677611867,1.01030725489857,0.791702849188816,0.422002470513705,0.655680557979287,2.69518281714581,2.69518281714581,1.1238725348273,0.456814599076405,1.30324933803894,1.1238725348273,0.854760378233415,1.32463738960297,2.75147824907308,0.67871271596161,0.682432932060527,0.424428394578546,1.32463738960297,0.682432932060527,1.32463738960297,0.15317411101263,0.682432932060527,1.32463738960297,1.32463738960297,1.32463738960297,0.124013908250442,0.682432932060527,1.32463738960297,1.32463738960297,1.32463738960297,1.32463738960297,0.67871271596161
1.45768479258981,0.590433223634761,0.980984885437092,1.49083840805699,0.660371078432803,2.20398734512556,1.9310329931899,2.48398762913037,0.99744651272973,0.606181209285946,0.991264425372627,2.34745686788148,2.66487172056786,2.33264857685261,0.598705485620583,0.567176458697523,0.846872872337121,1.02561402333555,2.58236693874482,1.02561402333956,0.80210638361083,0.421516960527948,0.659185645662723,2.72817634956282,2.72817634956282,1.13123385292324,0.474279274618848,1.30628388722097,1.13123385292449,0.854040711418738,1.32639877062472,2.78203665914597,0.680879518156996,0.681381735043737,0.424179502876222,1.32639877062472,0.681381735043737,1.32639877062472,0.153278426982146,0.681381735043737,1.32639877062472,1.32639877062472,1.32639877062472,0.124096609302286,0.681381735043737,1.32639877062472,1.32639877062472,1.32639877062472,1.32639877062472,0.680879518156996
1.50186513889704,0.539066130982808,0.968416530362197,1.48942058524019,0.659661166693376,2.12424489428718,1.90671311829818,2.40902869336113,0.980994409632294,0.603326853444773,0.978630043799981,2.31799941642823,2.62593077204222,2.29733033713784,0.595629429416405,0.590231738262868,0.851312836143813,1.01348346914756,2.55105402884747,1.0134834691239,0.817174850510197,0.421448436146797,0.668832856036102,2.69642014837664,2.69642014837664,1.12622473064127,0.483371859773358,1.30520042570756,1.12622473064127,0.852116857718775,1.32651012982307,2.75894262076926,0.679393489868501,0.682291580118878,0.424112027691663,1.32651012982307,0.682291580118878,1.32651012982307,0.153225600867054,0.682291580118878,1.32651012982307,1.32651012982307,1.32651012982307,0.123994124835897,0.682291580118878,1.32651012982307,1.32651012982307,1.32651012982307,1.32651012982307,0.679393489868501
1.35655943481044,0.590667303452983,0.959098727932199,1.40128991352575,0.649332885202333,2.09134099948602,1.83213701910797,2.36930032745978,0.97487368252097,0.590438891398578,0.97204473178633,2.23476518969213,2.55519542414315,2.21893544380012,0.585353881242101,0.540131276567338,0.833373149848798,1.00657559423974,2.48839655255078,1.00657559422337,0.7923747874987,0.412031840504477,0.644077947834518,2.63177502273895,2.63177502273895,1.11401997710094,0.492885920250252,1.2755210757868,1.11401997710094,0.83527874196914,1.29888488769128,2.6915159068625,0.665374600891758,0.667845818794064,0.415310629628589,1.29888488769128,0.667845818794064,1.29888488769128,0.150038452564808,0.667845818794064,1.29888488769128,1.29888488769128,1.29888488769128,0.12142630331122,0.667845818794064,1.29888488769128,1.29888488769128,1.29888488769128,1.29888488769128,0.665374600891758
1.34052309455245,0.592895543558602,0.965201587703633,1.3795763739875,0.666566314048328,2.06356401868281,1.7962323386843,2.37874650589435,0.978795721942441,0.606113084336355,0.97806232696658,2.23338404004819,2.6084343996993,2.21486948666458,0.579198949183688,0.588006158180282,0.836265546245376,1.00979081359983,2.50055627739902,1.0097908136026,0.794180483015818,0.419036235482824,0.654953407190421,2.69694757325266,2.69694757325266,1.11594582879081,0.463793906651931,1.2951882474445,1.11594582881798,0.848227652277066,1.32162641061325,2.76386113968184,0.675837620199034,0.67895534282806,0.42229086162631,1.32162641061325,0.67895534282806,1.32162641061325,0.152568690111424,0.67895534282806,1.32162641061325,1.32162641061325,1.32162641061325,0.123501617400755,0.67895534282806,1.32162641061325,1.32162641061325,1.32162641061325,1.32162641061325,0.675837620199034
1.5078960829373,0.57241091470741,0.977213761227045,1.5007681434808,0.641139732796957,2.19756077062165,1.95645949667929,2.46333186431201,0.987617522896055,0.618556451217336,0.983083152939962,2.36333190397418,2.66376569859222,2.33766058599728,0.637323812757919,0.617492343354024,0.869375840754503,1.01832293667133,2.56800614337289,1.01832293667295,0.833869737553944,0.427647064416095,0.679298707284392,2.72750899312081,2.72750899312081,1.12555732443214,0.56052534509561,1.31851360850421,1.12555732443136,0.866478926410698,1.34083810046166,2.79596238213517,0.690932556650572,0.694779095552923,0.431004869010243,1.34083810046166,0.694779095552923,1.34083810046166,0.155850260561177,0.694779095552923,1.34083810046166,1.34083810046166,1.34083810046166,0.126165539553622,0.694779095552923,1.34083810046166,1.34083810046166,1.34083810046166,1.34083810046166,0.690932556650572
1.5049399021673,0.552701228550871,0.970528401353621,1.48254295315999,0.653929441291141,2.17783085365469,1.91622756881477,2.44378636554634,0.981364330072173,0.594735245817186,0.983406832458201,2.33273640735387,2.62774792661832,2.3112021639332,0.593358072359881,0.574785861030967,0.839893989952369,1.01338373883556,2.55358014205293,1.013383738833,0.808575778336525,0.417384493460239,0.660324975600599,2.69833917483546,2.69833917483546,1.11947392878889,0.478030878966935,1.28582049348635,1.11947392878889,0.847487119849011,1.30895093427515,2.75648366831345,0.671512592402503,0.675848953838347,0.420598392086302,1.30895093427515,0.675848953838347,1.30895093427515,0.151768906456555,0.675848953838347,1.30895093427515,1.30895093427515,1.30895093427515,0.122858360703625,0.675848953838347,1.30895093427515,1.30895093427515,1.30895093427515,1.30895093427515,0.671512592402503
1.4981974770391,0.607353589673895,0.985127491919835,1.48118387075373,0.671804097099913,2.16751408030664,1.91001191600248,2.44463192349184,0.992465522088111,0.602464639329274,0.996298132301993,2.33827162147579,2.63578923622461,2.31652553950433,0.624036013839768,0.584410355125343,0.855638596474558,1.02469836092961,2.54699226103728,1.02469836093178,0.831839543688783,0.421538540573226,0.672311669351824,2.70932002044791,2.70932002044791,1.12692275191818,0.502169596951801,1.30019387766353,1.12692275192623,0.854647706482043,1.3265745318774,2.77802009382388,0.68164592484303,0.684244775705965,0.425676733875033,1.3265745318774,0.684244775705965,1.3265745318774,0.153671792979421,0.684244775705965,1.3265745318774,1.3265745318774,1.3265745318774,0.124478616878456,0.684244775705965,1.3265745318774,1.3265745318774,1.3265745318774,1.3265745318774,0.68164592484303
1.39702403317554,0.526971142064447,0.940058272308198,1.4560262205866,0.626239248658006,2.15067145505887,1.89907705430324,2.42731890707817,0.946240372075432,0.593403511088291,0.947925214269186,2.25844138456554,2.59775150103436,2.24561051430037,0.605356553381375,0.552084805183453,0.82899178392365,0.974767777034823,2.51434617625974,0.974767777008329,0.802707834563819,0.411963198843261,0.643681511231181,2.6600489894977,2.6600489894977,1.0886190839622,0.45353444035655,1.27848222213186,1.08861908399454,0.836323931662482,1.29621186504447,2.71801780685619,0.663861919928877,0.667995876334146,0.414638730620045,1.29621186504447,0.667995876334146,1.29621186504447,0.14989993658191,0.667995876334146,1.29621186504447,1.29621186504447,1.29621186504447,0.121319330015479,0.667995876334146,1.29621186504447,1.29621186504447,1.29621186504447,1.29621186504447,0.663861919928877
1.45144819944377,0.534007662172362,0.936424359366709,1.49059569493288,0.641593727065657,2.14112261125504,1.88628483758056,2.39425709479115,0.945993945433484,0.59040687651404,0.944899569076458,2.25420216743574,2.58492473399263,2.23872922152013,0.58544722319763,0.57196550844195,0.826401388328926,0.974828805178857,2.51087990599077,0.974828805188283,0.795287452432646,0.408702361155544,0.645156766212344,2.64673912410078,2.64673912410078,1.09127970344243,0.487505113029179,1.26372707420005,1.09127970341921,0.830405285550119,1.28662958550062,2.70372976269055,0.660435324623259,0.662638050429585,0.411714526045109,1.28662958550062,0.662638050429585,1.28662958550062,0.148850031080356,0.662638050429585,1.28662958550062,1.28662958550062,1.28662958550062,0.120463739499065,0.662638050429585,1.28662958550062,1.28662958550062,1.28662958550062,1.28662958550062,0.660435324623259
1.41935120861662,0.54200443478737,0.945817835514492,1.41209830069933,0.628934502895178,2.07456271900063,1.85017003019167,2.35664853570335,0.959131083489218,0.5930917423356,0.961190691243651,2.2931378653489,2.59187873353498,2.26984348769208,0.562454706339402,0.578698051920754,0.832461364612323,0.996170853397466,2.50473764559498,0.996170853411581,0.789526242822706,0.414860760685817,0.652847177495196,2.68024417173317,2.68024417173317,1.09749848928794,0.484133458493971,1.27955125930515,1.09749848928794,0.840135082779714,1.30504520982804,2.74443149166955,0.667834456171359,0.66995788561597,0.417780731402445,1.30504520982804,0.66995788561597,1.30504520982804,0.150945066597275,0.66995788561597,1.30504520982804,1.30504520982804,1.30504520982804,0.122115866156294,0.66995788561597,1.30504520982804,1.30504520982804,1.30504520982804,1.30504520982804,0.667834456171359
1.45777695794128,0.512802034350272,0.937351339508869,1.49554358568927,0.643850577428275,2.12416809644645,1.88596978351579,2.38193192442994,0.94841642415667,0.582769630427455,0.951518226285608,2.27955699297705,2.59333947250023,2.26809169185208,0.550841660571763,0.540185088459069,0.823691042686502,0.982187016526081,2.520517197915,0.982187016517723,0.785218005643869,0.41316422330815,0.646329820771245,2.66645342873754,2.66645342873754,1.09228050769025,0.450927040007734,1.2752469484954,1.09228050769025,0.835640222751743,1.29528570432902,2.71807263009334,0.66525865702777,0.665858572081153,0.415287118055419,1.29528570432902,0.665858572081153,1.29528570432902,0.149864134206504,0.665858572081153,1.29528570432902,1.29528570432902,1.29528570432902,0.121394313848086,0.665858572081153,1.29528570432902,1.29528570432902,1.29528570432902,1.29528570432902,0.66525865702777
1.44294616505967,0.567010656269774,0.958718655760248,1.5464324454549,0.663507582982095,2.18961242780868,1.9632884480079,2.47329925778878,0.96609822233105,0.612968279766088,0.969494362944096,2.33413534242719,2.64859718549928,2.31367511549537,0.615011690696791,0.612389282634452,0.853065958881306,1.00052897823768,2.58392433828685,1.00052897822802,0.827177031178266,0.421819387596236,0.658622544598202,2.71974322364276,2.71974322364276,1.12018901895857,0.475565569848834,1.30934959712447,1.12018901895857,0.85586296556034,1.32785255023373,2.78067256427957,0.680757140007295,0.681696025276936,0.424654978556424,1.32785255023373,0.681696025276936,1.32785255023373,0.153474689214748,0.681696025276936,1.32785255023373,1.32785255023373,1.32785255023373,0.124147336637801,0.681696025276936,1.32785255023373,1.32785255023373,1.32785255023373,1.32785255023373,0.680757140007295
1.37387127299442,0.533011003161482,0.940654211427815,1.41417472009149,0.648712543277582,2.08112227442128,1.80867085034,2.35310897716327,0.948017072500091,0.601326062346519,0.947871621808118,2.21072328418454,2.57788464338025,2.19210440071935,0.600453985570069,0.607738140295588,0.833560129239608,0.97739247049302,2.46788467987808,0.977392470497543,0.801373736354117,0.414579267764183,0.654107002096706,2.65366451563708,2.65366451563708,1.08460664958769,0.533452937117979,1.28436955294493,1.08460664958769,0.840949376981478,1.30187737094346,2.72677344948686,0.666498931017061,0.671038252769058,0.416996192502608,1.30187737094346,0.671038252769058,1.30187737094346,0.15058673532732,0.671038252769058,1.30187737094346,1.30187737094346,1.30187737094346,0.121891379140858,0.671038252769058,1.30187737094346,1.30187737094346,1.30187737094346,1.30187737094346,0.666498931017061
1.4566119851026,0.543602485833837,0.951832828393944,1.46352343192177,0.623164547939222,2.15210930408101,1.9069476061648,2.4086668612216,0.959026976589598,0.596576386727336,0.958310099572152,2.30068115226309,2.61185634459308,2.27931382400188,0.600857976434925,0.574297935335316,0.837468057331999,0.987480747407587,2.5303644260029,0.987480747406597,0.812810890128775,0.414080421085185,0.65210494203609,2.67168036264633,2.67168036264633,1.09885526678365,0.495496580121308,1.28532779114619,1.09885526678337,0.838277547121277,1.30286105172351,2.73324093253956,0.666637529521033,0.669113271562542,0.416402271010494,1.30286105172351,0.669113271562542,1.30286105172351,0.150311543001589,0.669113271562542,1.30286105172351,1.30286105172351,1.30286105172351,0.121733736963218,0.669113271562542,1.30286105172351,1.30286105172351,1.30286105172351,1.30286105172351,0.666637529521033
1.37014426495988,0.579378297786383,0.96329091218051,1.39039134558712,0.669929868420601,2.03827312180772,1.79273277378663,2.35712459874151,0.978827271295945,0.604746544581814,0.977656179926815,2.24159339930107,2.62257666627764,2.22365532206679,0.561185353826729,0.589264097736263,0.84242990986699,1.01217037863702,2.50877096881198,1.01217037862521,0.791178237857374,0.424211306106552,0.661283331893546,2.71880420953845,2.71880420953845,1.11778789911697,0.459980376592459,1.30766658042732,1.11778789911697,0.857638216900887,1.32712600787138,2.78587786139728,0.682741611879704,0.68420401036419,0.426234867083882,1.32712600787138,0.68420401036419,1.32712600787138,0.153851000186915,0.68420401036419,1.32712600787138,1.32712600787138,1.32712600787138,0.124604911839724,0.68420401036419,1.32712600787138,1.32712600787138,1.32712600787138,1.32712600787138,0.682741611879704
1.37556355222103,0.598089543471605,0.980176136234401,1.3660628246557,0.667312847609559,2.06199280470631,1.78815886751916,2.35209517691522,0.988936486459732,0.609918717296318,0.990631324207846,2.23141645174589,2.62548228721677,2.20944937315397,0.598479696965707,0.59331569278558,0.857215129325553,1.01947767449486,2.53500030890677,1.01947767456928,0.831172322159854,0.422363840882211,0.669215475598151,2.71391336730929,2.71391336730929,1.13206183390247,0.526533762465655,1.29588786037184,1.13206183393658,0.856358257916812,1.32273829686195,2.79801696479115,0.681075792189194,0.684061200677661,0.425746897150091,1.32273829686195,0.684061200677661,1.32273829686195,0.153882293083367,0.684061200677661,1.32273829686195,1.32273829686195,1.32273829686195,0.124557206269543,0.684061200677661,1.32273829686195,1.32273829686195,1.32273829686195,1.32273829686195,0.681075792189194
1.44021628286894,0.524493537057015,0.960666341053259,1.53734369258452,0.654460710243793,2.18791737160559,1.95773616411998,2.46987144589647,0.971792080707539,0.607749123981088,0.977423505811547,2.37031005071827,2.67564488832171,2.35735158558359,0.562690858580385,0.573832128926663,0.842039281595069,1.00821746444463,2.5938368040396,1.0082174644111,0.800934648254435,0.421639134814392,0.655064082522815,2.75353510016269,2.75353510016269,1.11563281466596,0.429194224404843,1.29656783247415,1.11563281466596,0.856947578682235,1.32957439501098,2.80523899568735,0.681001522320815,0.68386379185954,0.425255256301636,1.32957439501098,0.68386379185954,1.32957439501098,0.153787602354659,0.68386379185954,1.32957439501098,1.32957439501098,1.32957439501098,0.124502184965106,0.68386379185954,1.32957439501098,1.32957439501098,1.32957439501098,1.32957439501098,0.681001522320815
1.50117915349906,0.589481978610756,0.964039144231186,1.45513374636604,0.642552748326876,2.16648860468598,1.89630232896596,2.4301457826987,0.978194760184733,0.592537668372683,0.975558694763066,2.29994132995497,2.6231141538394,2.28347610825173,0.586377627436325,0.571886018538948,0.838337806628769,1.00841329050161,2.55666032942233,1.00841329050263,0.801715947141442,0.41588167860108,0.658062156859067,2.69156630722675,2.69156630722675,1.12056475889869,0.494743222490462,1.2826140012823,1.12056475889683,0.842751848729278,1.30964392333542,2.74826130085628,0.670019561480342,0.672654985634598,0.419372685863902,1.30964392333542,0.672654985634598,1.30964392333542,0.151325098224999,0.672654985634598,1.30964392333542,1.30964392333542,1.30964392333542,0.122512290723565,0.672654985634598,1.30964392333542,1.30964392333542,1.30964392333542,1.30964392333542,0.670019561480342
1.32360178029783,0.562842461177469,0.963704618069364,1.311307265588,0.659980736271219,1.98493277125886,1.73730413669926,2.32674036606074,0.980801483421309,0.594458849490619,0.973576755727456,2.16270147136058,2.56141094880927,2.14420561834909,0.581846827427116,0.568549513981224,0.829443958038029,1.00715604869845,2.45588039084803,1.00715604873686,0.785592222147489,0.41370509422104,0.648081319945293,2.64073212072722,2.64073212072722,1.11671282725558,0.436902885592206,1.27388308057191,1.11671282725419,0.842347643385672,1.30570158558477,2.70857264944754,0.669196335589036,0.671746337329974,0.417630318635781,1.30570158558477,0.671746337329974,1.30570158558477,0.150768889474599,0.671746337329974,1.30570158558477,1.30570158558477,1.30570158558477,0.122029152807228,0.671746337329974,1.30570158558477,1.30570158558477,1.30570158558477,1.30570158558477,0.669196335589036
1.42121071091224,0.577019749073972,0.97247365283877,1.41602009709745,0.652540829601325,2.12352695135818,1.8594882319622,2.41409963400086,0.983998291859534,0.61415484955228,0.979259442371627,2.27602570507298,2.64193750775495,2.25209329466369,0.626119375694621,0.615734244280997,0.857619504522553,1.01344690402085,2.54857231762731,1.01344690402085,0.826556461614646,0.422313917407574,0.672376702529119,2.71670732209236,2.71670732209236,1.12948957079962,0.552674906892033,1.30455620244071,1.12948957081496,0.856537818020187,1.33045157771266,2.79530513844963,0.681784491996951,0.683564718200567,0.426110654079813,1.33045157771266,0.683564718200567,1.33045157771266,0.153841528866501,0.683564718200567,1.33045157771266,1.33045157771266,1.33045157771266,0.124568940884631,0.683564718200567,1.33045157771266,1.33045157771266,1.33045157771266,1.33045157771266,0.681784491996951
1.3979025066383,0.579560680934044,0.965946724198233,1.4049748844538,0.645886947196742,2.12643471503044,1.85589648275525,2.42131412723854,0.981968371951764,0.598701350939765,0.979351607022553,2.29066139171773,2.61730719938485,2.27337351271887,0.584100311992361,0.56214857069644,0.836527691044225,1.01358150822301,2.52061222374834,1.01358150820615,0.790863382183005,0.417465258953383,0.654627314891837,2.69751482529956,2.69751482529956,1.11391142920841,0.478571513815186,1.28868168553989,1.11391142922642,0.848921170593474,1.31886826596411,2.75731219522818,0.676299133352288,0.67817619989512,0.42146177526029,1.31886826596411,0.67817619989512,1.31886826596411,0.152388984462627,0.67817619989512,1.31886826596411,1.31886826596411,1.31886826596411,0.123315279470926,0.67817619989512,1.31886826596411,1.31886826596411,1.31886826596411,1.31886826596411,0.676299133352288
1.38682184353515,0.502251635810632,0.946152523268579,1.41519203106085,0.62385386097115,2.06687414267422,1.86312609155381,2.35927757246738,0.962317980029816,0.596755452192292,0.962234217844089,2.28805419119705,2.60462072289697,2.27104682393864,0.551233481757514,0.553770651483936,0.840310259190881,0.99992740836825,2.53259067617084,0.999927408372213,0.790613771540667,0.41916914126809,0.651873751484491,2.692094068692,2.692094068692,1.10783668301819,0.459187265960869,1.28744854005938,1.10783668303207,0.849907900569446,1.31035219137909,2.75151635534141,0.674304382435279,0.678941597615018,0.421504004861134,1.31035219137909,0.678941597615018,1.31035219137909,0.152297322815148,0.678941597615018,1.31035219137909,1.31035219137909,1.31035219137909,0.123215024079668,0.678941597615018,1.31035219137909,1.31035219137909,1.31035219137909,1.31035219137909,0.674304382435279
1.40589032393885,0.522279527039989,0.970603677801704,1.46312215190004,0.646026243063868,2.17034316065975,1.90257681994331,2.44830796615639,0.98228312869487,0.615053882376781,0.98337010587999,2.30590484930798,2.68249903583081,2.29199493057751,0.574791892506438,0.555824718105852,0.856529256877212,1.01395425793288,2.58164167712007,1.01395425789581,0.810265420678169,0.430177535957969,0.668392527293655,2.75906801679294,2.75906801679294,1.13031810920101,0.471655767274065,1.3147426793527,1.13031810920101,0.872543694618136,1.3479685299431,2.81521785567215,0.693483217376488,0.696264831339573,0.433637501427827,1.3479685299431,0.696264831339573,1.3479685299431,0.156771564908352,0.696264831339573,1.3479685299431,1.3479685299431,1.3479685299431,0.126860006189512,0.696264831339573,1.3479685299431,1.3479685299431,1.3479685299431,1.3479685299431,0.693483217376488
1.44254639624117,0.562890755180843,0.964967554320547,1.47096808041468,0.628913179537443,2.17781946515851,1.93510394064628,2.45441952340275,0.977777090238716,0.611512257218358,0.974057922957139,2.32971917505656,2.65613857381416,2.31296473955309,0.597767641659757,0.592282489009647,0.850142460993768,1.00797524256479,2.57474191567419,1.00797524255828,0.810462493722124,0.422607767899487,0.659084799010011,2.72104976458622,2.72104976458622,1.12196371117138,0.484327677872024,1.30712248779542,1.12196371117138,0.853597131395312,1.32862785679526,2.77879687536167,0.680186267248061,0.681660835833838,0.425316833356271,1.32862785679526,0.681660835833838,1.32862785679526,0.153390213090393,0.681660835833838,1.32862785679526,1.32862785679526,1.32862785679526,0.124241367357607,0.681660835833838,1.32862785679526,1.32862785679526,1.32862785679526,1.32862785679526,0.680186267248061
1.44471621510405,0.563650050657888,0.968652583454442,1.50666840599254,0.662769379077177,2.17227980975423,1.91802671610487,2.44193846203208,0.986439526644333,0.598840279548469,0.980420376075885,2.34002918831605,2.63623246687395,2.32260603410421,0.58354747502359,0.552145227306363,0.841782276496703,1.01707278878442,2.56045983288201,1.01707278879662,0.795565692599885,0.418212711058825,0.654076320029326,2.70309175485784,2.70309175485784,1.12065989789609,0.491006513212386,1.28753616420495,1.12065989789897,0.851770653112183,1.31475752997521,2.75753050348009,0.674664304547415,0.677874430027111,0.421581142116954,1.31475752997521,0.677874430027111,1.31475752997521,0.152439939350541,0.677874430027111,1.31475752997521,1.31475752997521,1.31475752997521,0.123396848716658,0.677874430027111,1.31475752997521,1.31475752997521,1.31475752997521,1.31475752997521,0.674664304547415
1.40443657934194,0.603748935013575,0.974958279268993,1.43558465013274,0.694311318567319,2.12432177732635,1.82322747106682,2.41709370803954,0.982944087464364,0.603000352215034,0.988363803480885,2.22909203595148,2.62297558308938,2.21192512291275,0.59751755538021,0.566995989375793,0.846232320440427,1.01438627677458,2.52273457305193,1.01438627677363,0.815177169152608,0.423772195149968,0.668438451917183,2.71120274233675,2.71120274233675,1.12908773649891,0.481919824407795,1.30423706489649,1.12908773650259,0.861527299346856,1.33114757136427,2.77846192809513,0.682674328740779,0.687825024241667,0.427544860996578,1.33114757136427,0.687825024241667,1.33114757136427,0.154338095766199,0.687825024241667,1.33114757136427,1.33114757136427,1.33114757136427,0.124899152841042,0.687825024241667,1.33114757136427,1.33114757136427,1.33114757136427,1.33114757136427,0.682674328740779
1.42645234854713,0.563566006589041,0.944510927218884,1.49159787197936,0.655244374626309,2.0928519135526,1.87358132140022,2.36702559715853,0.955019463807887,0.59325238376914,0.952246162797008,2.28557203219353,2.58665860740178,2.26742734216819,0.595681167642231,0.564609308638752,0.837146448167616,0.986360508899839,2.48653253449332,0.986360508883515,0.801802250303983,0.41536956609923,0.655177809227646,2.65505019565401,2.65505019565401,1.08808439054764,0.50646493585232,1.28317630058463,1.08808439054764,0.840662122412714,1.3064859932522,2.72074499051637,0.670985994556451,0.673669643403826,0.418387674313994,1.3064859932522,0.673669643403826,1.3064859932522,0.151117140445736,0.673669643403826,1.3064859932522,1.3064859932522,1.3064859932522,0.122359335285759,0.673669643403826,1.3064859932522,1.3064859932522,1.3064859932522,1.3064859932522,0.670985994556451
1.42719422574504,0.529115987782558,0.957671098962503,1.47808673387854,0.657825851848076,2.08480350877257,1.88638856191767,2.37799303783453,0.97220302700341,0.599489756578642,0.972161955146505,2.3175340302634,2.61176754815791,2.29621138654976,0.56990272830342,0.575929942933165,0.845894939660321,1.00925856489529,2.54025376987542,1.00925856489248,0.802599935377269,0.419587298502002,0.657605635892054,2.69437051734891,2.69437051734891,1.11590380192237,0.465824758114862,1.29788603590477,1.11590380192128,0.84682492744452,1.31870352634648,2.75638632163055,0.674744181362535,0.677574605811002,0.421932967311905,1.31870352634648,0.677574605811002,1.31870352634648,0.152313653348293,0.677574605811002,1.31870352634648,1.31870352634648,1.31870352634648,0.123211043351767,0.677574605811002,1.31870352634648,1.31870352634648,1.31870352634648,1.31870352634648,0.674744181362535
1.39914760656433,0.567331440719384,0.951799584883531,1.43487534634093,0.640535315234125,2.12348059979079,1.86675755868799,2.41049485949431,0.962162937899688,0.600478892449855,0.959892808290515,2.25657275079974,2.59635005004633,2.23780259935748,0.604084459078211,0.574620175648293,0.83475572095234,0.989471670067311,2.4948877772425,0.989471670019409,0.7981842037726,0.415485498497466,0.652010594504711,2.66006735066075,2.66006735066075,1.09672790441734,0.462362743955176,1.27542653501662,1.0967279043721,0.84206647699857,1.3034474379302,2.7197675019616,0.6724515138618,0.674922044362971,0.419487542473236,1.3034474379302,0.674922044362971,1.3034474379302,0.151467573572357,0.674922044362971,1.3034474379302,1.3034474379302,1.3034474379302,0.122586385496671,0.674922044362971,1.3034474379302,1.3034474379302,1.3034474379302,1.3034474379302,0.6724515138618
1.43207745632375,0.520401893385914,0.95969128558725,1.46657223680155,0.639043472260525,2.18980450909887,1.91091686677318,2.46886331281743,0.974224681427426,0.609152769401967,0.968184093193737,2.28887471163871,2.67030748850364,2.2749260777054,0.589030929318569,0.56499222505185,0.846140489888881,1.00138629545451,2.58622708647134,1.00138629557476,0.800326031350822,0.423533065665293,0.658969905479407,2.73397036692045,2.73397036692045,1.12341555123043,0.481327315070439,1.30626212871986,1.12341555123043,0.856488099302284,1.32602612087589,2.78850638208354,0.681160791269568,0.684244364410824,0.425893798631719,1.32602612087589,0.684244364410824,1.32602612087589,0.153961148836016,0.684244364410824,1.32602612087589,1.32602612087589,1.32602612087589,0.124614665039996,0.684244364410824,1.32602612087589,1.32602612087589,1.32602612087589,1.32602612087589,0.681160791269568
1.41412226071554,0.544973789869735,0.968676008087076,1.43078719672358,0.640993329679594,2.14869292193872,1.87689290526896,2.43419289455404,0.981582371143832,0.614378344707708,0.978846597028411,2.28465016094993,2.66589886150882,2.27238786061607,0.579099380427316,0.587510262509232,0.848172176243272,1.00991566114203,2.56329995384397,1.00991566110466,0.80422877686914,0.425035305582879,0.664162929802182,2.73621535375919,2.73621535375919,1.12433666521616,0.466167647640362,1.30764946608311,1.12433666521616,0.861753032415513,1.34084647417213,2.79292356947017,0.686779827138955,0.688165863297625,0.428573603178177,1.34084647417213,0.688165863297625,1.34084647417213,0.154812955854232,0.688165863297625,1.34084647417213,1.34084647417213,1.34084647417213,0.12532499552575,0.688165863297625,1.34084647417213,1.34084647417213,1.34084647417213,1.34084647417213,0.686779827138955
1.38395023521681,0.540999172552944,0.97274661996547,1.41837866378962,0.699758515678368,2.02439966713231,1.78234848794628,2.32402838477857,0.988121330313989,0.59370892211204,0.986708459900885,2.24680064106188,2.5905126249091,2.22436822048534,0.577171158761434,0.561545845340801,0.847616827565471,1.02211447553645,2.50580712013312,1.02211447543455,0.806205216787989,0.41955124792001,0.662811664251099,2.68584330495336,2.68584330495336,1.12551876636787,0.511484413592465,1.28793538415558,1.12551876636787,0.848824672556539,1.31193616032602,2.76312703439393,0.675313464487872,0.679070688711345,0.422403791098448,1.31193616032602,0.679070688711345,1.31193616032602,0.152536543361466,0.679070688711345,1.31193616032602,1.31193616032602,1.31193616032602,0.123446249043263,0.679070688711345,1.31193616032602,1.31193616032602,1.31193616032602,1.31193616032602,0.675313464487872
1.42275565115081,0.545896831905592,0.966959856544314,1.44484866700319,0.647559553147139,2.11961105136854,1.88537459089991,2.40915090365834,0.978265724396252,0.603443236888094,0.982219428471503,2.300286366427,2.6411680134348,2.28372458560859,0.567127379090612,0.556659836976736,0.849284776147322,1.01288651835613,2.57142685239563,1.01288651836553,0.811907652379993,0.421534218099704,0.660027901975222,2.72308582132544,2.72308582132544,1.12761985431933,0.445378357764667,1.29315412481843,1.12761985431531,0.854035777497428,1.32440910821724,2.78235562695321,0.681447051756231,0.682908176551364,0.42495097949141,1.32440910821724,0.682908176551364,1.32440910821724,0.153640063552923,0.682908176551364,1.32440910821724,1.32440910821724,1.32440910821724,0.124310519054704,0.682908176551364,1.32440910821724,1.32440910821724,1.32440910821724,1.32440910821724,0.681447051756231
1.37000543555161,0.564578140285464,0.954686648025139,1.39253250978579,0.654180836871959,2.05690726776978,1.80676852327315,2.35504566019145,0.967179510875949,0.597094201330813,0.966633335964675,2.24884817069092,2.59769148067655,2.22667856771686,0.578185146860045,0.577729366779732,0.835713435155598,0.999183054918633,2.50257951314137,0.999183054919499,0.797861646781463,0.414874663649319,0.652896076049558,2.68338751249297,2.68338751249297,1.10380493494896,0.488122262572761,1.27907414571529,1.10380493490657,0.844531427536333,1.30323390208031,2.7548835547502,0.670163549850781,0.673935894042717,0.417845861893032,1.30323390208031,0.673935894042717,1.30323390208031,0.15123198946975,0.673935894042717,1.30323390208031,1.30323390208031,1.30323390208031,0.122359464721423,0.673935894042717,1.30323390208031,1.30323390208031,1.30323390208031,1.30323390208031,0.670163549850781
1.38481632157697,0.563511329472572,0.958992245539509,1.4174237534477,0.646239468355393,2.13917923495735,1.8418404892724,2.39680584133632,0.968183143773255,0.605029389102425,0.963996261419514,2.23121752368347,2.57981278453553,2.21202445474228,0.630087350762312,0.616387232583684,0.835138443028502,0.993430275698536,2.48165994605299,0.993430275688931,0.808627413880666,0.413683330638385,0.649869913029732,2.6408528702297,2.6408528702297,1.10401686157966,0.547962880553502,1.28427534837943,1.10401686157389,0.836642068352899,1.30353479020114,2.70824806127431,0.667342346524079,0.669407708457526,0.416810142120397,1.30353479020114,0.669407708457526,1.30353479020114,0.150403142379186,0.669407708457526,1.30353479020114,1.30353479020114,1.30353479020114,0.121769903266509,0.669407708457526,1.30353479020114,1.30353479020114,1.30353479020114,1.30353479020114,0.667342346524079
1.41169982388684,0.536246940902546,0.973457954678855,1.41121739779719,0.657374031455078,2.0995722120349,1.82697135921055,2.34858607355273,0.979296559518046,0.602861923379513,0.986747552605584,2.27386502998004,2.59837802061891,2.25063420807827,0.589398252720212,0.601851035241799,0.848635599284209,1.01434838120298,2.51291877017765,1.01434838118057,0.827859781136098,0.420164673071288,0.663285771102589,2.68750126093112,2.68750126093112,1.12099360772001,0.554716498100662,1.30140815428278,1.12099360775791,0.849387901934166,1.32010239609653,2.76320150390753,0.676770871406946,0.679260182423328,0.422515710982037,1.32010239609653,0.679260182423328,1.32010239609653,0.152549774511072,0.679260182423328,1.32010239609653,1.32010239609653,1.32010239609653,0.123511199937626,0.679260182423328,1.32010239609653,1.32010239609653,1.32010239609653,1.32010239609653,0.676770871406946
1.50680601522902,0.567123101216234,0.983575666897498,1.5021799925645,0.679611062675668,2.1987636357484,1.91259442887249,2.46364338920341,0.99124835940946,0.600731114966125,0.994368675607068,2.32653732178462,2.66041600076545,2.30425255195877,0.608906470981179,0.573285105433189,0.852540781861,1.02102632236767,2.58561337634881,1.02102632237598,0.830958004393099,0.421169116547924,0.668298143869062,2.72994292656449,2.72994292656449,1.13472523174944,0.495222174743963,1.29825152174863,1.13472523176973,0.857763315079304,1.32374994001988,2.79347016985284,0.680744341329631,0.682105351512385,0.424759136336202,1.32374994001988,0.682105351512385,1.32374994001988,0.153628594170133,0.682105351512385,1.32374994001988,1.32374994001988,1.32374994001988,0.124386168916094,0.682105351512385,1.32374994001988,1.32374994001988,1.32374994001988,1.32374994001988,0.680744341329631
1.37149250418496,0.564850195186606,0.959412352560348,1.40566760359711,0.651695983787218,2.08622928051502,1.82379625591059,2.36694009019866,0.97009883872929,0.59632202013416,0.973655226663069,2.26935178647531,2.58850710223769,2.24888800838401,0.566276174463064,0.587136683992579,0.826613683117161,1.00245706966409,2.48941368949045,1.00245706963143,0.789301913244075,0.413541690486859,0.645623143465816,2.67108224054573,2.67108224054573,1.10185414906179,0.459793024706361,1.27832855321969,1.10185414914588,0.838211663810391,1.29965569895041,2.73303927077918,0.665634017656892,0.669115811800705,0.416077455638101,1.29965569895041,0.669115811800705,1.29965569895041,0.150392531665363,0.669115811800705,1.29965569895041,1.29965569895041,1.29965569895041,0.121693522474109,0.669115811800705,1.29965569895041,1.29965569895041,1.29965569895041,1.29965569895041,0.665634017656892
1.38074105779864,0.582507376852333,0.960230751435695,1.39923992001598,0.649833124197189,2.10202053524239,1.83192397006209,2.39420523285648,0.973091426509564,0.594378533001638,0.972490680580338,2.24410750675283,2.60684837259606,2.22863033519386,0.578942308175786,0.549409550651133,0.837152388089725,1.00345059002885,2.52243382250753,1.00345059003988,0.796601852849524,0.417072711089305,0.651168747727841,2.6856287749243,2.6856287749243,1.11314219631353,0.46653323880132,1.28430925575661,1.11314219631292,0.847625784167085,1.30858702083918,2.74746822118209,0.672297954392616,0.673933553505537,0.420113177062415,1.30858702083918,0.673933553505537,1.30858702083918,0.151666709801715,0.673933553505537,1.30858702083918,1.30858702083918,1.30858702083918,0.122837678003377,0.673933553505537,1.30858702083918,1.30858702083918,1.30858702083918,1.30858702083918,0.672297954392616
1.43477237173644,0.54636216522708,0.969670053891318,1.42611673313259,0.662933200645552,2.09903545461433,1.85202172027897,2.41765264939238,0.987671620372697,0.594519469072071,0.980771080405052,2.2826823308935,2.64205130376897,2.26783139123574,0.573237518661372,0.54918168988955,0.838418278244361,1.0154816033325,2.55089328808538,1.01548160332557,0.789986570615323,0.419311145427727,0.656502143733551,2.71310195247532,2.71310195247532,1.12364802377488,0.42825738523656,1.28125464530204,1.12364802375396,0.851273506230104,1.31104106931963,2.77129879939401,0.676571016064486,0.678696798105768,0.42266266641726,1.31104106931963,0.678696798105768,1.31104106931963,0.152521417056812,0.678696798105768,1.31104106931963,1.31104106931963,1.31104106931963,0.123449722236308,0.678696798105768,1.31104106931963,1.31104106931963,1.31104106931963,1.31104106931963,0.676571016064486
1.45713001313115,0.558695711671832,0.997332826760544,1.49487092412068,0.68324291033831,2.17767671693912,1.91202313762874,2.4438320461532,1.00531195478577,0.617102513316565,1.00780437530761,2.3420288956518,2.64636764805397,2.3223257854619,0.621386502681206,0.619899711545223,0.862924988405606,1.03662282840656,2.56302147471707,1.03662282837086,0.839323769499092,0.425121675888665,0.669922494449563,2.71750435239321,2.71750435239321,1.14191067613099,0.517201833275364,1.32003577140796,1.14191067603303,0.861080093323103,1.33963848354324,2.78452065538079,0.685724289542025,0.68833079876311,0.427949230506445,1.33963848354324,0.68833079876311,1.33963848354324,0.154677830326937,0.68833079876311,1.33963848354324,1.33963848354324,1.33963848354324,0.125212896924195,0.68833079876311,1.33963848354324,1.33963848354324,1.33963848354324,1.33963848354324,0.685724289542025
1.34962052767113,0.552024709804834,0.949133820138955,1.34361376293207,0.62666489504933,2.01121188357579,1.81037419139409,2.34247930189816,0.962872467660835,0.599193122206331,0.959319445997739,2.24134529409046,2.58838487983249,2.21401102822116,0.599083658080242,0.573865501274899,0.84612325496427,0.996871998957467,2.49229364399084,0.996871998957838,0.805175789926895,0.417876002230342,0.660351694095891,2.67778368021137,2.67778368021137,1.10499494045825,0.492277277600021,1.28169435432721,1.10499494045825,0.84955095095851,1.30778365963695,2.75977891735622,0.673067621005047,0.67753367920636,0.421475580779322,1.30778365963695,0.67753367920636,1.30778365963695,0.152161807388026,0.67753367920636,1.30778365963695,1.30778365963695,1.30778365963695,0.123172031471319,0.67753367920636,1.30778365963695,1.30778365963695,1.30778365963695,1.30778365963695,0.673067621005047
1.33737690427278,0.59088038016088,0.964465504848021,1.34948853412661,0.6459744695593,2.09662983710379,1.78648766834882,2.38606560722043,0.973334656208381,0.600684476035767,0.973564377319113,2.19946073848038,2.61846017709139,2.18452833352566,0.589548143354373,0.561963087829944,0.835189363628765,0.999696354686625,2.49781174483882,0.999696354692408,0.800681850488684,0.418548900868864,0.652691708183707,2.69538946675547,2.69538946675547,1.11181874803154,0.482150273931945,1.29306187928602,1.11181874803154,0.848340835804397,1.31663147056981,2.76330691241507,0.675358678506537,0.676013553626058,0.421479151804006,1.31663147056981,0.676013553626058,1.31663147056981,0.152053733163775,0.676013553626058,1.31663147056981,1.31663147056981,1.31663147056981,0.123153736070375,0.676013553626058,1.31663147056981,1.31663147056981,1.31663147056981,1.31663147056981,0.675358678506537
1.37463146823778,0.556828791424891,0.966262196060072,1.44181664834348,0.687604442280171,2.08535212955682,1.81883014168511,2.38972926907539,0.982345118905556,0.598438787998934,0.980328573719108,2.25738194208241,2.61607633447117,2.24040826342364,0.563209784489582,0.55397176837834,0.834920622285776,1.01350748782307,2.50556291244838,1.0135074878432,0.784421103858401,0.420173251213757,0.65436680580508,2.70068315867436,2.70068315867436,1.11732608380007,0.450691151929926,1.29607586258075,1.11732608380022,0.851560921192137,1.32295702712757,2.75889523592545,0.677853558533305,0.681668964470608,0.423129521196511,1.32295702712757,0.681668964470608,1.32295702712757,0.152925898088155,0.681668964470608,1.32295702712757,1.32295702712757,1.32295702712757,0.123845996443962,0.681668964470608,1.32295702712757,1.32295702712757,1.32295702712757,1.32295702712757,0.677853558533305
1.39628867054127,0.565287467600996,0.956615762692723,1.390567574795,0.661106565524619,2.10781457719045,1.79078283407427,2.37421371284875,0.964893537279582,0.593974628070313,0.966148004243973,2.20998210228033,2.58407326367404,2.18835646151923,0.600397362121911,0.588499249272893,0.831298139878737,0.9931058265745,2.47131898763833,0.993105826577746,0.79977490710849,0.413903807994596,0.654729847278136,2.66273037986707,2.66273037986707,1.09853333736609,0.532498456882598,1.28098697307425,1.09853333736827,0.838729426982553,1.30405645364557,2.733416714781,0.668617029308112,0.670046680371913,0.417223283636995,1.30405645364557,0.670046680371913,1.30405645364557,0.150681055679158,0.670046680371913,1.30405645364557,1.30405645364557,1.30405645364557,0.121985901788558,0.670046680371913,1.30405645364557,1.30405645364557,1.30405645364557,1.30405645364557,0.668617029308112
1.31730413903701,0.533965355707739,0.967410990889526,1.36790323235484,0.664745149418018,2.05627841344158,1.76796429354594,2.33575724575233,0.97770568205126,0.602559008473312,0.978947827520456,2.18291306894328,2.58464973921566,2.17029828751993,0.561788845346032,0.576457724351141,0.831240953793262,1.00497971221922,2.49406028787066,1.0049797122199,0.797585100166082,0.416784947417648,0.646313656683455,2.66183257041418,2.66183257041418,1.11974857845844,0.45310496246088,1.28149865464088,1.11974857847251,0.844514508169402,1.30269217242863,2.72342917729611,0.669755803919165,0.67363915690682,0.419012442684287,1.30269217242863,0.67363915690682,1.30269217242863,0.151238803027887,0.67363915690682,1.30269217242863,1.30269217242863,1.30269217242863,0.122448382133803,0.67363915690682,1.30269217242863,1.30269217242863,1.30269217242863,1.30269217242863,0.669755803919165
1.39452922753819,0.563261423872764,0.977440328953762,1.41085471696314,0.671546248338485,2.08963356874479,1.82260227497373,2.3810244253675,0.991279975683777,0.609621838115755,0.994102003304754,2.27099639082999,2.63759719185438,2.25706416218497,0.554071495962941,0.588633650517272,0.845787088674914,1.02545525769061,2.54595801936912,1.02545525772159,0.799935174704329,0.424709869330932,0.663311064847274,2.7317270246551,2.7317270246551,1.13325375357301,0.461077203938741,1.31114202747155,1.13325375357301,0.861536957555968,1.3345247092888,2.79245586351631,0.683674518141532,0.687978062704278,0.427015140716017,1.3345247092888,0.687978062704278,1.3345247092888,0.154498752375882,0.687978062704278,1.3345247092888,1.3345247092888,1.3345247092888,0.125051729056697,0.687978062704278,1.3345247092888,1.3345247092888,1.3345247092888,1.3345247092888,0.683674518141532
1.35849834772662,0.556957806844678,0.974386415299289,1.43011747607127,0.693570443013519,2.05927012770222,1.82014366945187,2.38239709294886,0.991928651587447,0.606603140895354,0.989994702320103,2.2619434358836,2.62800246592096,2.24268804808827,0.567543705115585,0.573895003298475,0.848074675338217,1.02599645458331,2.54807088367919,1.02599645458096,0.798933621208281,0.422717977216818,0.660155236415662,2.72205238991233,2.72205238991233,1.13739509708695,0.454617878649311,1.29749128980278,1.13739509707293,0.856182563791373,1.32550051286513,2.78797552198274,0.680807716748945,0.682599482829965,0.425867895162961,1.32550051286513,0.682599482829965,1.32550051286513,0.153771765326076,0.682599482829965,1.32550051286513,1.32550051286513,1.32550051286513,0.124372403142024,0.682599482829965,1.32550051286513,1.32550051286513,1.32550051286513,1.32550051286513,0.680807716748945
1.33869283871566,0.554664185783449,0.95754387116954,1.43622952390292,0.68358868748052,2.11647925286774,1.80373624148993,2.38124801968541,0.966141116473424,0.598386159155907,0.964047699949471,2.19636692832679,2.5788054731471,2.1775449975581,0.619589368727539,0.58313485813505,0.833355277619102,0.991795772296658,2.48509934125538,0.991795772266621,0.80905296924008,0.411469950037698,0.646644316488579,2.64705994628391,2.64705994628391,1.10586776754604,0.543166287677224,1.27420165092261,1.10586776754604,0.833791554303657,1.29754279264458,2.7190165500371,0.664244170619528,0.667419098412351,0.415150186109525,1.29754279264458,0.667419098412351,1.29754279264458,0.149907304815811,0.667419098412351,1.29754279264458,1.29754279264458,1.29754279264458,0.121389593669862,0.667419098412351,1.29754279264458,1.29754279264458,1.29754279264458,1.29754279264458,0.664244170619528
1.51541149019919,0.595466225599323,0.983476803091379,1.5165601948516,0.682329039236856,2.18518387727662,1.94103602239783,2.48025321099817,0.993861598016148,0.618853787974171,0.994811202408053,2.35127956085732,2.65895840938254,2.33001755138088,0.63178913783326,0.63534836022393,0.864789404040209,1.02782950102868,2.5764293823881,1.02782950102377,0.830775748891856,0.427109704465603,0.679400846205624,2.73526042869795,2.73526042869795,1.13458811755958,0.502041962488236,1.31932744819609,1.13458811756101,0.865459645149016,1.33656992688216,2.80333979910962,0.687608550074859,0.691621402771471,0.429981309491411,1.33656992688216,0.691621402771471,1.33656992688216,0.155251655077071,0.691621402771471,1.33656992688216,1.33656992688216,1.33656992688216,0.125694818640246,0.691621402771471,1.33656992688216,1.33656992688216,1.33656992688216,1.33656992688216,0.687608550074859
1.41617188316066,0.558872983068492,0.950527791773859,1.45555056219065,0.672582795092013,2.0695536033091,1.82237415989626,2.34572125047847,0.967006736553966,0.589411899085985,0.964465137784171,2.24497647047775,2.59242838194762,2.23156188382589,0.55306405622257,0.558805515519812,0.830898080305211,0.999666865930698,2.52002352050523,0.999666865933042,0.786568696888906,0.413540054673331,0.650909669024581,2.6741436249795,2.6741436249795,1.11148299000145,0.485120467559987,1.26686313763566,1.11148299000145,0.838001510621631,1.29721608564479,2.7349947680395,0.666734053668567,0.670227211859774,0.416702128859716,1.29721608564479,0.670227211859774,1.29721608564479,0.150443954237205,0.670227211859774,1.29721608564479,1.29721608564479,1.29721608564479,0.121813021096783,0.670227211859774,1.29721608564479,1.29721608564479,1.29721608564479,1.29721608564479,0.666734053668567
1.4682282226036,0.52323957177024,0.952025205596455,1.47409748486966,0.646411438984602,2.14493460849445,1.90319592795758,2.43350113063051,0.961715359777041,0.596155182072887,0.962954151528316,2.27959628554999,2.63799532059667,2.26463485235493,0.58866946563543,0.557855016727321,0.843451237756837,0.993909032061959,2.56730480088256,0.993909032055272,0.81164664839855,0.420126274020599,0.661092003662082,2.71171931246356,2.71171931246356,1.11700525921657,0.46313292339358,1.30083394942183,1.11700525921657,0.850853131011871,1.32052240447844,2.77191130964361,0.676862400995857,0.678752653015798,0.422636771994487,1.32052240447844,0.678752653015798,1.32052240447844,0.152499118127154,0.678752653015798,1.32052240447844,1.32052240447844,1.32052240447844,0.12344167620818,0.678752653015798,1.32052240447844,1.32052240447844,1.32052240447844,1.32052240447844,0.676862400995857
1.50599752511461,0.581929016872876,0.986855903400755,1.45084182477593,0.654477898051301,2.21055138021547,1.90217685270097,2.47378686051841,0.994098271477953,0.603088640415652,0.994553621742207,2.31314404487537,2.65198838060883,2.29606788654599,0.627321036763009,0.579007948051581,0.845998118476502,1.01998892260369,2.54671248863318,1.01998892261457,0.819872949953223,0.421804151165761,0.669510424664857,2.71340125219785,2.71340125219785,1.12691382278921,0.497616347034356,1.30878392110684,1.12691382278921,0.854820905864955,1.32883204404399,2.77455297726912,0.67898110448347,0.681807483415733,0.424864265215508,1.32883204404399,0.681807483415733,1.32883204404399,0.153534174647425,0.681807483415733,1.32883204404399,1.32883204404399,1.32883204404399,0.124283252840454,0.681807483415733,1.32883204404399,1.32883204404399,1.32883204404399,1.32883204404399,0.67898110448347
1.33113886801702,0.56532546425057,0.975258441570508,1.37623994703232,0.661688789525992,2.06100208815176,1.79632355425406,2.36741198126331,0.98184067617281,0.615388936860576,0.982153528264476,2.23372561907682,2.64521779664672,2.21163564812574,0.599852368119952,0.594700202696299,0.851127264973121,1.0084087429055,2.51966379791227,1.00840874289448,0.824605619644021,0.423830546016442,0.663501358810287,2.72112538137346,2.72112538137346,1.1210065293875,0.480181860244355,1.30201438083524,1.1210065293875,0.861810866081362,1.32800519144335,2.80009213686899,0.683927528843785,0.687795945931836,0.426900054077301,1.32800519144335,0.687795945931836,1.32800519144335,0.154316016526226,0.687795945931836,1.32800519144335,1.32800519144335,1.32800519144335,0.124817626719651,0.687795945931836,1.32800519144335,1.32800519144335,1.32800519144335,1.32800519144335,0.683927528843785
1.41659492289022,0.573550564915957,0.980033930915149,1.42130937723656,0.67922531340023,2.09378888205591,1.83278123635091,2.38175310481289,0.992203406754752,0.609234195511749,0.993332025395944,2.28417844444636,2.63329713779557,2.26058943755818,0.597678482073792,0.612780623807828,0.859823368568477,1.02756916286378,2.55922106364623,1.02756916284069,0.827463037778299,0.42468407192409,0.671970288842966,2.72888003161513,2.72888003161513,1.13794014609335,0.54935793384831,1.31320264494705,1.13794014608679,0.857591063071436,1.33313935389183,2.80899839903736,0.684171798695732,0.684886951200035,0.427292674670453,1.33313935389183,0.684886951200035,1.33313935389183,0.154221461977827,0.684886951200035,1.33313935389183,1.33313935389183,1.33313935389183,0.124789413411763,0.684886951200035,1.33313935389183,1.33313935389183,1.33313935389183,1.33313935389183,0.684171798695732
1.49940004670937,0.51649957292724,0.959596625702539,1.57050961163707,0.67301785037626,2.17652492596997,1.93759175135376,2.43524604428213,0.972199530356158,0.606789388662332,0.971631168964942,2.33545330013991,2.66527582748445,2.32146204477971,0.565628204401127,0.584137475590822,0.848772012826146,1.00468891017984,2.59123088908113,1.00468891018349,0.806310471263382,0.423546875439811,0.661966206797999,2.73375780738022,2.73375780738022,1.12172964928537,0.476667649930202,1.30274743900532,1.1217296492847,0.855626035812525,1.32236508601459,2.78733313139777,0.681931361765526,0.685187234933768,0.425529192482217,1.32236508601459,0.685187234933768,1.32236508601459,0.15384695596803,0.685187234933768,1.32236508601459,1.32236508601459,1.32236508601459,0.124524628262429,0.685187234933768,1.32236508601459,1.32236508601459,1.32236508601459,1.32236508601459,0.681931361765526
1.39332220790727,0.561193807698602,0.979449073799501,1.39005905919042,0.69008522573381,2.08984740098026,1.7989313698165,2.41504252440805,0.993075581516023,0.606632950029563,0.989079468307631,2.21575262893434,2.63321803298728,2.19447970038992,0.626666760752006,0.580614884662871,0.859408543847485,1.02296137932269,2.51663018872544,1.02296137932517,0.817594651681116,0.427416526822349,0.678342013523279,2.72372956004642,2.72372956004642,1.13582357481645,0.536895687728246,1.31912571035653,1.13582357481369,0.866283736901071,1.34111295196598,2.80463862590971,0.690411428617925,0.693893787967528,0.430864003511236,1.34111295196598,0.693893787967528,1.34111295196598,0.155654915174403,0.693893787967528,1.34111295196598,1.34111295196598,1.34111295196598,0.126010169144168,0.693893787967528,1.34111295196598,1.34111295196598,1.34111295196598,1.34111295196598,0.690411428617925
1.41246589235969,0.578296184799658,0.962824319693095,1.40701991824247,0.646484334980444,2.09009617102838,1.84353370544575,2.36619952803893,0.974776398660388,0.598871592853749,0.975048401386349,2.28592362598075,2.58740305723272,2.26272377103724,0.595609143694323,0.601439804616259,0.842470296482063,1.00918640797187,2.51148297620107,1.00918640797543,0.810928140373271,0.414222186531896,0.65737412284905,2.67127228584314,2.67127228584314,1.11153564745565,0.533587035678767,1.28505188789908,1.11153564747347,0.837589384174002,1.30411427294008,2.74501389545706,0.669023356675604,0.671023304682107,0.416896285162921,1.30411427294008,0.671023304682107,1.30411427294008,0.150726089032046,0.671023304682107,1.30411427294008,1.30411427294008,1.30411427294008,0.122058337152612,0.671023304682107,1.30411427294008,1.30411427294008,1.30411427294008,1.30411427294008,0.669023356675604
1.50526688625404,0.568961785305998,0.962858266295216,1.52416516193136,0.664978247257393,2.17521666005467,1.91068369271938,2.43472148845611,0.975029544944735,0.602157383364418,0.976005190956003,2.34306933703409,2.66948162754305,2.32474000894965,0.564499987384146,0.579982149733993,0.842920674114988,1.00797406071191,2.57275642512585,1.00797406071045,0.799052350286225,0.4234263674151,0.666709250115742,2.74525337243409,2.74525337243409,1.11473239116598,0.492353296692979,1.30973843989342,1.11473239117136,0.858599619645314,1.32800503424921,2.80141533655753,0.680801318138757,0.685328692955213,0.425294518432178,1.32800503424921,0.685328692955213,1.32800503424921,0.153740725430621,0.685328692955213,1.32800503424921,1.32800503424921,1.32800503424921,0.124521306343488,0.685328692955213,1.32800503424921,1.32800503424921,1.32800503424921,1.32800503424921,0.680801318138757
1.47253341244249,0.53930064087057,0.961184800571992,1.5401630609853,0.642561984886713,2.2153451373144,1.97028903121785,2.47307102309907,0.967879584752823,0.602718371148344,0.970874465388919,2.34892302833023,2.66257532217011,2.33052487369192,0.599134072527252,0.551823788209648,0.849400562649943,0.998454789346614,2.58741891252837,0.998454789326765,0.822404420496686,0.420381716325083,0.657931256049978,2.7238615894091,2.7238615894091,1.11365261429256,0.469486592346393,1.28957972965061,1.11365261429256,0.855278349136208,1.31911841967965,2.77957435251763,0.679522331934485,0.681878889709952,0.424241325729113,1.31911841967965,0.681878889709952,1.31911841967965,0.15334095179618,0.681878889709952,1.31911841967965,1.31911841967965,1.31911841967965,0.124110645590071,0.681878889709952,1.31911841967965,1.31911841967965,1.31911841967965,1.31911841967965,0.679522331934485
1.3337711239838,0.579843365158814,0.952669951403674,1.39023209468685,0.684630043665324,2.05883712875645,1.76324794811113,2.35444516289269,0.962521431807188,0.594462862179395,0.965170475707358,2.18185611370095,2.56298551960224,2.1602414594218,0.592846763528155,0.578443697671768,0.829846088214639,0.993904105536238,2.45711058197715,0.993904105522619,0.79443473130419,0.412501062197968,0.651047667379111,2.65582117070289,2.65582117070289,1.10015356655352,0.505418210705701,1.27890821103097,1.10015356655352,0.839976167247204,1.30350036981544,2.72956604443526,0.66638743061126,0.66895308640951,0.416159597516361,1.30350036981544,0.66895308640951,1.30350036981544,0.150587367950489,0.66895308640951,1.30350036981544,1.30350036981544,1.30350036981544,0.121806308829876,0.66895308640951,1.30350036981544,1.30350036981544,1.30350036981544,1.30350036981544,0.66638743061126
1.36992157489227,0.576369842281004,0.969164191336913,1.42232841967971,0.67515637834533,2.07217570001296,1.82762149783145,2.38192020412798,0.979288176505263,0.604129819931162,0.984726443829236,2.26576305275351,2.61567514803962,2.24824173978722,0.57263757275459,0.563533428296403,0.844527023857525,1.01425501835805,2.50768325635827,1.01425501835918,0.804387481346447,0.424705361433734,0.66388463118171,2.70936377312952,2.70936377312952,1.11809952535352,0.446746098196617,1.31319173126388,1.11809952535509,0.861025051839671,1.33131850433673,2.77403145251242,0.6848255538005,0.68811823965095,0.426819071636075,1.33131850433673,0.68811823965095,1.33131850433673,0.15439933801578,0.68811823965095,1.33131850433673,1.33131850433673,1.33131850433673,0.124946716545777,0.68811823965095,1.33131850433673,1.33131850433673,1.33131850433673,1.33131850433673,0.6848255538005
1.41137938189314,0.587770069232263,0.978370082355443,1.4775714469196,0.69135939956028,2.15256083064317,1.85910890157365,2.43799045063702,0.987426451909697,0.60677691242605,0.988973654085219,2.278535414331,2.65135834636128,2.26572986196601,0.587958068449958,0.569513559348986,0.843393921673276,1.01490364973947,2.54023339692313,1.01490364971532,0.80714768019083,0.423446813024066,0.661559742864257,2.72239666308689,2.72239666308689,1.12246733998289,0.451480379520703,1.30892858316435,1.12246733998289,0.857485099998375,1.33519123870671,2.78031268280063,0.682629751518602,0.685848957344107,0.426558885438482,1.33519123870671,0.685848957344107,1.33519123870671,0.154331870794247,0.685848957344107,1.33519123870671,1.33519123870671,1.33519123870671,0.124886909392681,0.685848957344107,1.33519123870671,1.33519123870671,1.33519123870671,1.33519123870671,0.682629751518602
1.49740999698107,0.558859619974887,0.964286340020799,1.54384346565189,0.672341167952825,2.21382351719745,1.93541246594588,2.46687611472903,0.973075122056288,0.609836625356662,0.976078110795362,2.33871291458728,2.66035146993271,2.31640245681985,0.6011009919167,0.613735327276078,0.850316861933156,1.00593376553572,2.57473566574729,1.00593376550519,0.816304044998609,0.421718784170497,0.666833128706277,2.73359158160512,2.73359158160512,1.116088060263,0.525151077673428,1.2973760553331,1.11608806026142,0.857424150062585,1.32426496404447,2.79516347119456,0.681074814762933,0.683250956722955,0.425446097268993,1.32426496404447,0.683250956722955,1.32426496404447,0.153800659755198,0.683250956722955,1.32426496404447,1.32426496404447,1.32426496404447,0.124439828088415,0.683250956722955,1.32426496404447,1.32426496404447,1.32426496404447,1.32426496404447,0.681074814762933
1.4811738368637,0.583107374496993,0.977696033290125,1.46715719007096,0.644812487388408,2.16091515824741,1.94140837211673,2.46351885421822,0.993509728868823,0.605396307070348,0.990990676192147,2.35416796204848,2.64632323953019,2.33527413318057,0.605654798699499,0.569615083192005,0.858233866941329,1.02843664218707,2.56895387490413,1.02843664217528,0.813985986573789,0.426271454696883,0.670056810961526,2.72192652401805,2.72192652401805,1.1339995441577,0.4709160385553,1.31566944187082,1.1339995441608,0.8654367898371,1.33826962945216,2.78095572976383,0.687991540646496,0.690525875593301,0.429499473737356,1.33826962945216,0.690525875593301,1.33826962945216,0.155061991343039,0.690525875593301,1.33826962945216,1.33826962945216,1.33826962945216,0.125456547446382,0.690525875593301,1.33826962945216,1.33826962945216,1.33826962945216,1.33826962945216,0.687991540646496
1.39219687487294,0.568480564114776,0.960886523046703,1.42351103530405,0.669885246456212,2.12186181100702,1.8212885860893,2.40382884356851,0.971854792183928,0.60110199466789,0.967348076259435,2.22672476533287,2.59781705441283,2.20864113592676,0.619685896618581,0.587946202716072,0.835857906814524,0.997454033888468,2.48854723616596,0.997454033891119,0.801052520073081,0.415842681792931,0.655708545491251,2.66532171148059,2.66532171148059,1.10456533641344,0.521136975324941,1.28843330636265,1.10456533642152,0.841866224303715,1.30533331814964,2.73443867012167,0.670214002412644,0.671697344257507,0.418460704931068,1.30533331814964,0.671697344257507,1.30533331814964,0.151288818009225,0.671697344257507,1.30533331814964,1.30533331814964,1.30533331814964,0.122415907008717,0.671697344257507,1.30533331814964,1.30533331814964,1.30533331814964,1.30533331814964,0.670214002412644
1.50511856394728,0.569938413572972,0.978414196105566,1.52405736190667,0.688417131917662,2.21064155622803,1.91779940490137,2.48553943135599,0.985911971816615,0.607386954228229,0.986588123160487,2.29869756109933,2.66717254074416,2.28328849403629,0.618990696727285,0.585294805557789,0.852141060874632,1.0127534492578,2.58032312872191,1.01275344923417,0.825776721542271,0.425015632608469,0.670925549036406,2.73003903959296,2.73003903959296,1.13202191333432,0.475642079590733,1.31189361658687,1.13202191333457,0.859906898098644,1.33278036853657,2.788947857839,0.684845525853482,0.687088627010848,0.428035758798256,1.33278036853657,0.687088627010848,1.33278036853657,0.154693665288534,0.687088627010848,1.33278036853657,1.33278036853657,1.33278036853657,0.125183307950868,0.687088627010848,1.33278036853657,1.33278036853657,1.33278036853657,1.33278036853657,0.684845525853482
1.46814311416709,0.574851858716332,0.988424726357117,1.47392178469196,0.68117642858367,2.11012780073767,1.88076093643206,2.38799355664864,1.00264231275826,0.61443699994515,1.00190728812234,2.34022831433747,2.63358216827881,2.31303938996869,0.592607117317461,0.621682593895824,0.866521980596408,1.03842797324353,2.56625293926569,1.03842797321797,0.82915039511154,0.426191119756155,0.674982935431891,2.71748453451803,2.71748453451803,1.14330461190856,0.528603456493464,1.31596236124882,1.14330461190856,0.864496829962809,1.33676746985934,2.78790371331339,0.68573962702179,0.689903369908954,0.428704223346269,1.33676746985934,0.689903369908954,1.33676746985934,0.154900536802595,0.689903369908954,1.33676746985934,1.33676746985934,1.33676746985934,0.125367443582091,0.689903369908954,1.33676746985934,1.33676746985934,1.33676746985934,1.33676746985934,0.68573962702179
1.32987111543034,0.604136798810232,0.977767488368393,1.3484358579248,0.659209202109982,2.04229528434176,1.80597059621021,2.38189484518848,0.992216821409987,0.614925068290573,0.988634388748975,2.26378367406976,2.62546321412384,2.23833146634413,0.612577310860531,0.621331888013185,0.855227972716525,1.02479422967079,2.52456248968871,1.02479422963862,0.816645041724642,0.423336201882932,0.664061423775663,2.71928251663919,2.71928251663919,1.13011850919865,0.503293252947615,1.30600892399837,1.13011850919865,0.855694879563354,1.32619055400654,2.80530671439439,0.681888643805254,0.683865674290744,0.426269539385708,1.32619055400654,0.683865674290744,1.32619055400654,0.153751869404745,0.683865674290744,1.32619055400654,1.32619055400654,1.32619055400654,0.124563673492627,0.683865674290744,1.32619055400654,1.32619055400654,1.32619055400654,1.32619055400654,0.681888643805254
1.47203978907997,0.574695183743204,0.971672499816728,1.49778596255696,0.657988207774864,2.17962507496509,1.93373464213757,2.45716267835045,0.987467956895831,0.610511892905367,0.988400598270754,2.33436853124081,2.65517349606889,2.31650960663961,0.577883048740933,0.576124029949787,0.858071932558658,1.02458539031146,2.5911224038022,1.02458539033347,0.809729895445619,0.427702750856596,0.669244980467065,2.73800617917772,2.73800617917772,1.13989454478066,0.487955016769954,1.31023166848227,1.13989454478115,0.866375544243294,1.33850277938379,2.79309640647651,0.689385449913907,0.690992109897946,0.431153947720691,1.33850277938379,0.690992109897946,1.33850277938379,0.155617547007461,0.690992109897946,1.33850277938379,1.33850277938379,1.33850277938379,0.125899144258412,0.690992109897946,1.33850277938379,1.33850277938379,1.33850277938379,1.33850277938379,0.689385449913907
1.36589472093666,0.55110963669686,0.947986049131416,1.4271716800103,0.662109291960058,2.08787756653528,1.82109189104208,2.368575932054,0.955354483025506,0.595941185063713,0.95461499374553,2.22260410259935,2.5837328102518,2.20015585271427,0.618020981979618,0.577590810437643,0.8391212331124,0.984817484115784,2.49205392977947,0.984817484134701,0.814930517911453,0.414300421678252,0.652388135212608,2.65911754951776,2.65911754951776,1.09646626190846,0.539254631563566,1.27904672912765,1.09646626190846,0.839329185948613,1.29523199658435,2.73875176040945,0.667710141472574,0.670182193918536,0.416838281130465,1.29523199658435,0.670182193918536,1.29523199658435,0.150465741080605,0.670182193918536,1.29523199658435,1.29523199658435,1.29523199658435,0.121770378598596,0.670182193918536,1.29523199658435,1.29523199658435,1.29523199658435,1.29523199658435,0.667710141472574
1.39115859202234,0.550020928963812,0.976524789661308,1.34480378182484,0.661024929091179,2.05243009554608,1.77979108174144,2.35756876072925,0.98710015264876,0.593843550373989,0.993156057394092,2.23007276614224,2.61115096824025,2.21519267031242,0.562211105865845,0.550350867294761,0.842450712835249,1.02072485719309,2.5099551098016,1.02072485720712,0.80343681260844,0.422547583723686,0.664767614886385,2.71139974311974,2.71139974311974,1.12569743777346,0.450163764398643,1.30047308426628,1.12569743778919,0.857834014083067,1.32947775091859,2.77810503015599,0.681645807089568,0.683618277795782,0.42571045879562,1.32947775091859,0.683618277795782,1.32947775091859,0.153758238102757,0.683618277795782,1.32947775091859,1.32947775091859,1.32947775091859,0.1244912307944,0.683618277795782,1.32947775091859,1.32947775091859,1.32947775091859,1.32947775091859,0.681645807089568
1.39789629343156,0.545679097633467,0.949810311200937,1.4920849478195,0.660501894385075,2.13292573277885,1.87508956404107,2.39938230006924,0.96350240619791,0.605512149895263,0.960807626290105,2.26646181582304,2.62592793381366,2.25221597150963,0.569223235050507,0.580114350192504,0.84004647622328,0.994098362126556,2.5464722918513,0.994098362093333,0.796132073598524,0.419373667978137,0.652072401748168,2.69731092142487,2.69731092142487,1.11178735138972,0.49075413602352,1.28671708286997,1.11178735140591,0.849291810978704,1.31221517111236,2.75443851288761,0.674843148893986,0.678067074556956,0.422150572470565,1.31221517111236,0.678067074556956,1.31221517111236,0.152352132822742,0.678067074556956,1.31221517111236,1.31221517111236,1.31221517111236,0.123328131736457,0.678067074556956,1.31221517111236,1.31221517111236,1.31221517111236,1.31221517111236,0.674843148893986
1.42769820956956,0.546614693456186,0.938195120167073,1.49383826545652,0.644220245784161,2.14353357130288,1.891617407995,2.39932277714052,0.947895661524975,0.591309041513215,0.954219379487346,2.29099232436994,2.58607444308498,2.27708200737897,0.556314094577756,0.57548333294631,0.819573007960312,0.982486291611248,2.50347409368128,0.982486291589649,0.781790664880443,0.40986939927364,0.640613662756762,2.66133317414382,2.66133317414382,1.08459257524653,0.446694500481918,1.25932044047875,1.08459257525149,0.831925098362643,1.29206004730184,2.71224705688142,0.663346512041952,0.665002678932914,0.413796313717771,1.29206004730184,0.665002678932914,1.29206004730184,0.149410864980513,0.665002678932914,1.29206004730184,1.29206004730184,1.29206004730184,0.12099463527296,0.665002678932914,1.29206004730184,1.29206004730184,1.29206004730184,1.29206004730184,0.663346512041952
1.30528709870785,0.545382856510183,0.930734773538006,1.32671563094864,0.623731154552885,2.01971469296472,1.76011768977826,2.32903872608081,0.945910412569888,0.591715074043839,0.943830429905558,2.15870806729072,2.56560918784482,2.14405122644667,0.547000498369574,0.552482333542693,0.818540008361778,0.97629887593379,2.45735000063645,0.976298875943981,0.766443596005295,0.412641933740278,0.641345050361863,2.6526523615091,2.6526523615091,1.08875750978334,0.439139984389124,1.26748355548163,1.08875750979633,0.837829157866806,1.29562992938361,2.71147733014002,0.66447636197143,0.668562959819902,0.415608212940116,1.29562992938361,0.668562959819902,1.29562992938361,0.150136506354686,0.668562959819902,1.29562992938361,1.29562992938361,1.29562992938361,0.121487396238582,0.668562959819902,1.29562992938361,1.29562992938361,1.29562992938361,1.29562992938361,0.66447636197143
1.44080123958863,0.561535256981153,0.969172501504559,1.54102284040245,0.663025336140378,2.1763054068059,1.95645995374104,2.45150526528462,0.980557327322348,0.615547792263049,0.981090967567576,2.35480041128238,2.66165371118191,2.33318477848558,0.597102721016443,0.581231306974349,0.864016232012181,1.0162839281928,2.5979701141896,1.01628392818923,0.827858343623061,0.426913659868667,0.666468214644104,2.73573965602482,2.73573965602482,1.13277925587386,0.500081376388503,1.32144519162041,1.13277925587386,0.864497398281888,1.33999706668624,2.79652569409224,0.687948273219495,0.692079211559756,0.429248097005725,1.33999706668624,0.692079211559756,1.33999706668624,0.155271093594691,0.692079211559756,1.33999706668624,1.33999706668624,1.33999706668624,0.125699236387474,0.692079211559756,1.33999706668624,1.33999706668624,1.33999706668624,1.33999706668624,0.687948273219495
1.45095138212081,0.569314946361008,0.957885843606161,1.46169740292494,0.657510575447381,2.15621000401387,1.87792027429883,2.42913449694148,0.968662167525517,0.597766780154048,0.970874398689435,2.26321795781879,2.62143316139208,2.24653345728298,0.587054486945846,0.567167848164095,0.841210727635864,1.00082961103812,2.54019463172587,1.00082961105698,0.803421610825612,0.419133723982099,0.660818823206007,2.69917409173937,2.69917409173937,1.11779105360358,0.488008914164784,1.2898087318644,1.11779105360358,0.848956375298037,1.31614549749901,2.75839321917202,0.675700579869515,0.679959709679046,0.422676855562858,1.31614549749901,0.679959709679046,1.31614549749901,0.152667842812077,0.679959709679046,1.31614549749901,1.31614549749901,1.31614549749901,0.123652700851088,0.679959709679046,1.31614549749901,1.31614549749901,1.31614549749901,1.31614549749901,0.675700579869515
1.44851616260283,0.563468652694912,0.977755221091059,1.47605033988781,0.686977743559203,2.11797882804446,1.88460045895287,2.43200198370253,0.989478875971198,0.605811884090318,0.988614112414381,2.32389909778222,2.62918040245734,2.30179134078489,0.62285634262829,0.589001512637884,0.854479797858932,1.02250268945718,2.52722209602078,1.02250268945828,0.817572300984969,0.422462541888047,0.671015111283438,2.70908277818549,2.70908277818549,1.1209388815072,0.489283444175622,1.30904915522204,1.1209388815072,0.858568201565111,1.32962797403663,2.78123006609146,0.681963367653097,0.684957559930761,0.425709229860801,1.32962797403663,0.684957559930761,1.32962797403663,0.153940589524382,0.684957559930761,1.32962797403663,1.32962797403663,1.32962797403663,0.124529215938473,0.684957559930761,1.32962797403663,1.32962797403663,1.32962797403663,1.32962797403663,0.681963367653097
1.36945329224371,0.583458829929084,0.952988096855641,1.44268331415275,0.685029868841237,2.04712794198971,1.79658800273161,2.32911052956439,0.964660921626207,0.598214809896687,0.966109118321463,2.23529926902712,2.56461121540572,2.21776850509774,0.569484845661467,0.598081323073586,0.830701395420328,0.997589480459049,2.46656447241004,0.997589480549793,0.792268199260047,0.415712332886749,0.650332990446746,2.65033537875566,2.65033537875566,1.09761039954671,0.485041593468667,1.28597987343697,1.09761039954671,0.839074396633508,1.3057787588173,2.71598977919365,0.669490246559143,0.671897499314636,0.418034717082558,1.3057787588173,0.671897499314636,1.3057787588173,0.150754618401893,0.671897499314636,1.3057787588173,1.3057787588173,1.3057787588173,0.122100542682188,0.671897499314636,1.3057787588173,1.3057787588173,1.3057787588173,1.3057787588173,0.669490246559143
1.37999245141251,0.55180631875881,0.939872398790895,1.47132783583079,0.651035910663999,2.11614005907578,1.87846375480465,2.40306931553052,0.948760611302717,0.5967953947002,0.947905599500164,2.26334019975288,2.58815995180513,2.24243322996111,0.617515875003152,0.566459588514027,0.837818024909095,0.980807949883278,2.49590980812745,0.980807949879941,0.804856765866864,0.41488403621028,0.651469531213735,2.66126786489326,2.66126786489326,1.08915188452545,0.510619685872889,1.28517863372324,1.08915188449862,0.841255190429346,1.3029472997082,2.73037296648785,0.669268216737217,0.671985246767681,0.417768606806591,1.3029472997082,0.671985246767681,1.3029472997082,0.150800281216341,0.671985246767681,1.3029472997082,1.3029472997082,1.3029472997082,0.122111617804874,0.671985246767681,1.3029472997082,1.3029472997082,1.3029472997082,1.3029472997082,0.669268216737217
1.35731272994646,0.553752003484236,0.957858831542816,1.36098295197663,0.670369592904712,2.02888621193975,1.73115676090657,2.29673376938041,0.965729653202732,0.595150078493609,0.96644707123029,2.16876439756187,2.55899071315825,2.14778652883111,0.575145393238237,0.597476596709326,0.824964193981429,0.991749781354903,2.44713524106562,0.991749781351838,0.797451284710054,0.412087304191005,0.65020218272292,2.63563881015748,2.63563881015748,1.09812752154231,0.500994696795585,1.27374178309007,1.0981275215403,0.834648027518357,1.29072823329936,2.70832355348538,0.663221815506672,0.664693280364882,0.414043517581564,1.29072823329936,0.664693280364882,1.29072823329936,0.149403994048412,0.664693280364882,1.29072823329936,1.29072823329936,1.29072823329936,0.120959192154395,0.664693280364882,1.29072823329936,1.29072823329936,1.29072823329936,1.29072823329936,0.663221815506672
1.47616220444994,0.604947680670031,0.971004420668797,1.53134434070807,0.690996409191567,2.18873763286868,1.91044269106896,2.45280513292006,0.980571921096103,0.607954375098111,0.982682926224188,2.30504486966366,2.65001455064309,2.28427492149904,0.605224118875225,0.600303484386126,0.852701815302165,1.01278287133128,2.58105139216449,1.01278287132019,0.824118902405333,0.421551106232156,0.666256411875545,2.72492156653821,2.72492156653821,1.13238028394056,0.520154391233132,1.29584470117471,1.13238028394056,0.856140921604797,1.31975312702604,2.78992100037318,0.679344808258045,0.681799038583856,0.42497522256049,1.31975312702604,0.681799038583856,1.31975312702604,0.15346118531941,0.681799038583856,1.31975312702604,1.31975312702604,1.31975312702604,0.124223981937756,0.681799038583856,1.31975312702604,1.31975312702604,1.31975312702604,1.31975312702604,0.679344808258045
1.45747826452424,0.547173194247931,0.972774611951593,1.49319767245506,0.637867852078663,2.22047129025988,1.94503661217088,2.46877354592702,0.985478005852789,0.616022473737973,0.983713734197076,2.33565113255524,2.66274652535526,2.31705626368915,0.594619350333806,0.594258837745491,0.854368030578843,1.01589367038767,2.58687225958832,1.01589367038883,0.814653746005974,0.424892375485434,0.663663781456474,2.72773761282823,2.72773761282823,1.1320840371039,0.518121310712703,1.30122634516641,1.1320840371042,0.863973086504989,1.32940591918358,2.78229552214044,0.684760800480521,0.688871501631423,0.428424394559556,1.32940591918358,0.688871501631423,1.32940591918358,0.154583188844849,0.688871501631423,1.32940591918358,1.32940591918358,1.32940591918358,0.125218011903541,0.688871501631423,1.32940591918358,1.32940591918358,1.32940591918358,1.32940591918358,0.684760800480521
1.37179822551908,0.580954605670294,0.962080062937481,1.33130412668422,0.642092879130073,2.04444459734855,1.76395641068131,2.34669383015155,0.975542124319293,0.590675415293654,0.970963141251875,2.19667260618427,2.60824811817742,2.18060101940452,0.568524786160754,0.541122411540571,0.829741416417953,1.00091820613935,2.4885552246343,1.00091820613932,0.787304658156535,0.416600697282416,0.653690656389399,2.68278641629326,2.68278641629326,1.11085475756109,0.458508931438474,1.28632735076361,1.11085475756109,0.842703319887578,1.30995500881554,2.74785730146651,0.670685473884844,0.675191409839856,0.419071328118372,1.30995500881554,0.675191409839856,1.30995500881554,0.151454027948387,0.675191409839856,1.30995500881554,1.30995500881554,1.30995500881554,0.122579940457606,0.675191409839856,1.30995500881554,1.30995500881554,1.30995500881554,1.30995500881554,0.670685473884844
1.40134048037508,0.546163375995797,0.957504034302028,1.38147317302019,0.652545171911298,2.10499932823528,1.78917699669434,2.36203916233253,0.964328883943003,0.594785721245743,0.968532073420097,2.21096657618655,2.59151799826457,2.19391463122642,0.577097955996331,0.592641080980423,0.828249218623073,0.992590211404561,2.49231090812769,0.992590211441911,0.800886723961145,0.412733411364026,0.650509631417939,2.66985178770483,2.66985178770483,1.10030870171961,0.50114920659133,1.27225809779979,1.10030870171961,0.835725057853374,1.29505774768531,2.73683922515066,0.666277881718831,0.667191149845169,0.415549736846515,1.29505774768531,0.667191149845169,1.29505774768531,0.150040330944477,0.667191149845169,1.29505774768531,1.29505774768531,1.29505774768531,0.121442819338556,0.667191149845169,1.29505774768531,1.29505774768531,1.29505774768531,1.29505774768531,0.666277881718831
1.40580764256932,0.589311242280782,0.948239258967076,1.39301147194562,0.641555555781351,2.11616964496428,1.81019506626969,2.38251776577895,0.961846666054726,0.588732441458672,0.959140835531571,2.21561908875111,2.5847455587508,2.20278451280526,0.572759750231607,0.569747271180923,0.822139628830876,0.989504817397584,2.4771251695333,0.989504817372958,0.777048636037986,0.412784651585016,0.64741348489044,2.65761040388642,2.65761040388642,1.09530401958711,0.496725940388286,1.27042733718457,1.09530401961149,0.835368073263499,1.29541869801323,2.71511039995408,0.666251651243125,0.668708601972207,0.41587814493774,1.29541869801323,0.668708601972207,1.29541869801323,0.150098318431819,0.668708601972207,1.29541869801323,1.29541869801323,1.29541869801323,0.121444379359448,0.668708601972207,1.29541869801323,1.29541869801323,1.29541869801323,1.29541869801323,0.666251651243125
1.40215054199445,0.569310600886198,0.969026002637286,1.41063572472539,0.65531866491691,2.12773281791356,1.85362695966133,2.43917036337118,0.983345468469768,0.606755922105745,0.984555631579762,2.28125141866227,2.6629352041208,2.26599685817197,0.562631440300848,0.570676826532988,0.841396834613195,1.0156752020301,2.56050286251333,1.01567520203147,0.792784528052221,0.423868538133269,0.661136152166494,2.75100858002859,2.75100858002859,1.12620680902707,0.43345877318665,1.29879949741832,1.12620680902707,0.862060785250771,1.3332564549597,2.8083158968493,0.68382130417309,0.687976820220185,0.427638358877757,1.3332564549597,0.687976820220185,1.3332564549597,0.154565526387382,0.687976820220185,1.3332564549597,1.3332564549597,1.3332564549597,0.125059973062264,0.687976820220185,1.3332564549597,1.3332564549597,1.3332564549597,1.3332564549597,0.68382130417309
1.37596054132952,0.540886387259107,0.967967662976996,1.41963989273187,0.662992629300664,2.10114665952534,1.84800315094013,2.40953214387307,0.9767735722123,0.599719645447973,0.974713449557322,2.2651777464774,2.61392965444075,2.23880419594324,0.626715920141671,0.559994989301785,0.844336819820949,1.00452146191343,2.51709643621206,1.00452146187154,0.819297512318683,0.417125238200625,0.657144915427529,2.683897812982,2.683897812982,1.11495961803743,0.484592532500219,1.29156905493039,1.11495961811105,0.846444398670751,1.31301640980687,2.75822030411914,0.672630690631439,0.675085234218953,0.420486500701979,1.31301640980687,0.675085234218953,1.31301640980687,0.151743242811635,0.675085234218953,1.31301640980687,1.31301640980687,1.31301640980687,0.122832949047457,0.675085234218953,1.31301640980687,1.31301640980687,1.31301640980687,1.31301640980687,0.672630690631439
1.4448845852811,0.526864177090518,0.96276772545509,1.44986134998644,0.639383922858316,2.09917202398595,1.8969231902431,2.38755297970718,0.971406131653645,0.607654527213624,0.973603377955535,2.29951149560775,2.62175826529008,2.27852094930301,0.598721596207467,0.594529618709613,0.859406748465105,1.00730612836038,2.55572952753941,1.00730612835334,0.831733694815117,0.423312737803315,0.668386705913324,2.70103405105946,2.70103405105946,1.12590572260166,0.496301119834757,1.30831546434887,1.12590572260166,0.858087080390986,1.32764982427001,2.77150602446094,0.681803254813381,0.683695003305467,0.425786924143753,1.32764982427001,0.683695003305467,1.32764982427001,0.153864850852945,0.683695003305467,1.32764982427001,1.32764982427001,1.32764982427001,0.124554142864761,0.683695003305467,1.32764982427001,1.32764982427001,1.32764982427001,1.32764982427001,0.681803254813381
1.42312253376764,0.561468384128627,0.97573878526991,1.46646943497094,0.671597002771816,2.14988129013578,1.86054615052354,2.40521388537335,0.989568872187668,0.598346847373797,0.98955932185801,2.29858162437737,2.63116698125497,2.28391299396505,0.560252048750187,0.547920578609658,0.836221852209865,1.01983257349354,2.54202736248401,1.01983257350704,0.794676586102385,0.419138066502094,0.655699689510378,2.7053701861015,2.7053701861015,1.1255370118706,0.48348428512898,1.29200007669354,1.1255370118706,0.849048172077564,1.32136944690876,2.75903336627805,0.676167795061601,0.680083674629414,0.422157721125781,1.32136944690876,0.680083674629414,1.32136944690876,0.152646573990398,0.680083674629414,1.32136944690876,1.32136944690876,1.32136944690876,0.123559615185718,0.680083674629414,1.32136944690876,1.32136944690876,1.32136944690876,1.32136944690876,0.676167795061601
1.45013042859302,0.583671799856007,0.946588710147433,1.47417464294092,0.658723039069326,2.13214154124613,1.84655001805198,2.38133705004195,0.963160780813962,0.580077454653647,0.957968757254352,2.27158828508592,2.59339664673867,2.25489942063133,0.557105768952199,0.539853546767408,0.817011621365733,0.99163065638768,2.49753346890487,0.991630656385323,0.769409112345708,0.409742681597242,0.645564977885657,2.66107997927658,2.66107997927658,1.09433929085977,0.50465560973409,1.26297483269751,1.09433929085977,0.830791583815266,1.28952552568918,2.71413284520268,0.66012449614944,0.662414332077778,0.412634136527827,1.28952552568918,0.662414332077778,1.28952552568918,0.149194848301818,0.662414332077778,1.28952552568918,1.28952552568918,1.28952552568918,0.12077764445468,0.662414332077778,1.28952552568918,1.28952552568918,1.28952552568918,1.28952552568918,0.66012449614944
1.29005061500319,0.555916120349463,0.944700370629477,1.36750377419994,0.651559617496896,1.99252741611183,1.76330443887138,2.30352441546252,0.95324688471303,0.596194108571834,0.95104868286927,2.18699758760223,2.56324990654788,2.16834329633009,0.589300031052068,0.573148611091346,0.829277813862102,0.980753984624215,2.43837842947362,0.980753984622101,0.796225568680507,0.413129102802249,0.643897630102608,2.63810639559345,2.63810639559345,1.08638733113324,0.467154711934388,1.27853554049655,1.08638733113324,0.837401058257425,1.29881198656279,2.71441124576124,0.664417079468654,0.666666905312578,0.415613419312447,1.29881198656279,0.666666905312578,1.29881198656279,0.149994928691887,0.666666905312578,1.29881198656279,1.29881198656279,1.29881198656279,0.121523883910178,0.666666905312578,1.29881198656279,1.29881198656279,1.29881198656279,1.29881198656279,0.664417079468654
1.36069370606163,0.593121305044989,0.97540609775292,1.42695055122317,0.698927712626638,2.08075914925139,1.82667473703987,2.41707876306355,0.989285662921055,0.60403768367534,0.985484579359571,2.24087081781234,2.61980548626647,2.21821802921257,0.619338071265609,0.564293117957037,0.852606145958621,1.01926611683141,2.54028968312887,1.01926611682999,0.816200421408183,0.420180011967818,0.660403958571581,2.70249417456418,2.70249417456418,1.13343597069496,0.477426929283877,1.30063264434691,1.13343597069628,0.853699804906057,1.31912897696245,2.77814486970849,0.678222878393917,0.680799910732009,0.42311809948742,1.31912897696245,0.680799910732009,1.31912897696245,0.15296144830787,0.680799910732009,1.31912897696245,1.31912897696245,1.31912897696245,0.123858915864241,0.680799910732009,1.31912897696245,1.31912897696245,1.31912897696245,1.31912897696245,0.678222878393917
1.35774241787737,0.543810553327315,0.976853343927708,1.41789552234456,0.666969414795402,2.08177377051753,1.84524928826414,2.38468483722585,0.990595505950245,0.602501230695087,0.993574388316261,2.29140105416873,2.6293030467678,2.27440839604614,0.569667262287501,0.539703572940149,0.852769425291079,1.0266419412897,2.5495491881317,1.02664194129307,0.810245205083283,0.425157023573593,0.660812237211741,2.72274593866333,2.72274593866333,1.13282749314907,0.462307627688242,1.30053806879967,1.1328274931508,0.862415216506531,1.32917240393901,2.78802528783147,0.685443815745731,0.687137999365506,0.428375594016937,1.32917240393901,0.687137999365506,1.32917240393901,0.154613900649117,0.687137999365506,1.32917240393901,1.32917240393901,1.32917240393901,0.125134002549365,0.687137999365506,1.32917240393901,1.32917240393901,1.32917240393901,1.32917240393901,0.685443815745731
1.45023720238989,0.516979479642029,0.946471963999489,1.44721503192775,0.606762527711035,2.15231112144858,1.91397872424634,2.42146443050177,0.958135032678032,0.595933646516376,0.95605878784015,2.31840946431839,2.62932403475738,2.30405094650661,0.576006802740182,0.563579939636305,0.829067429893046,0.987369590969469,2.53660705861277,0.987369590970756,0.790537374973936,0.414360898859788,0.648628433538511,2.69149712289906,2.69149712289906,1.09256349022149,0.456741066951501,1.26938970175154,1.0925634902096,0.842733220912822,1.29754763164352,2.74673553356675,0.667005915133562,0.671121483890384,0.41764524783441,1.29754763164352,0.671121483890384,1.29754763164352,0.150777338310049,0.671121483890384,1.29754763164352,1.29754763164352,1.29754763164352,0.122079247701866,0.671121483890384,1.29754763164352,1.29754763164352,1.29754763164352,1.29754763164352,0.667005915133562
1.32545856106637,0.53345129269748,0.944988838932508,1.36921890764179,0.647019764185239,2.0430536557188,1.79660987383452,2.34949865358837,0.953090581957736,0.591015740879183,0.957937611628627,2.20220387804138,2.55480571090773,2.18040217211008,0.587648874342117,0.558341189213496,0.828694381903877,0.986344552403946,2.46710549252646,0.986344552380686,0.797965261927354,0.41179702604758,0.645210253035877,2.64330641555177,2.64330641555177,1.09527279593717,0.460410511539161,1.27141507193352,1.09527279593492,0.835515949745483,1.28753087520403,2.7150622182454,0.66289820442515,0.665855261709621,0.414178414608008,1.28753087520403,0.665855261709621,1.28753087520403,0.149709725045048,0.665855261709621,1.28753087520403,1.28753087520403,1.28753087520403,0.12115225078652,0.665855261709621,1.28753087520403,1.28753087520403,1.28753087520403,1.28753087520403,0.66289820442515
1.47792916797626,0.515262770048181,0.945499326725528,1.54075525628935,0.657752127926343,2.17130644203534,1.92050244824182,2.4311949888987,0.956138445491054,0.594617008758098,0.953672567113996,2.3064623145758,2.61403498272828,2.28856711486435,0.595250425270601,0.562220993544401,0.831949396452345,0.984791246922533,2.51384925834748,0.984791246910125,0.793203082662489,0.416766192016089,0.65506327856027,2.67374402666985,2.67374402666985,1.0901219757421,0.481790529378346,1.28168258897427,1.09012197573378,0.844776315178725,1.30555680510068,2.72794284773042,0.671933166685944,0.674661313094108,0.419934010931035,1.30555680510068,0.674661313094108,1.30555680510068,0.151738242488974,0.674661313094108,1.30555680510068,1.30555680510068,1.30555680510068,0.122847409980617,0.674661313094108,1.30555680510068,1.30555680510068,1.30555680510068,1.30555680510068,0.671933166685944
1.41507595378461,0.54294959620704,0.960418601018954,1.49483880745925,0.664621988125841,2.08088007682396,1.87927695980853,2.37029237183009,0.972069375128668,0.60421051654921,0.968356723920224,2.30563148436364,2.61985810639727,2.28830703997883,0.587320581177581,0.573069189721274,0.846387954430239,1.0027137297454,2.51816457659228,1.00271372972441,0.809062480951982,0.421007342020261,0.659468346725479,2.68744040145073,2.68744040145073,1.10880145841399,0.473255371942164,1.29607428833666,1.10880145841399,0.851829331077143,1.31993946041339,2.75281726195757,0.678397473219767,0.679204470893253,0.423688970665292,1.31993946041339,0.679204470893253,1.31993946041339,0.152887367636729,0.679204470893253,1.31993946041339,1.31993946041339,1.31993946041339,0.123808746512555,0.679204470893253,1.31993946041339,1.31993946041339,1.31993946041339,1.31993946041339,0.678397473219767
1.36401109696607,0.551129876613083,0.938469321071079,1.3407046711416,0.634275541328295,2.04151657926752,1.77796007327389,2.34984666913037,0.951645043294291,0.591471093085164,0.946945276102864,2.16579870827116,2.56680467523646,2.14657123905411,0.597246692710067,0.578636035389658,0.828263971332082,0.98027513928258,2.48340512817165,0.980275139261047,0.793220491470526,0.409122072621362,0.649785176832515,2.64644971729027,2.64644971729027,1.0995824345771,0.501670708571828,1.26096640361306,1.0995824345774,0.833264926765165,1.28576696291611,2.72170916928191,0.662283493790557,0.66323424182897,0.412757222291901,1.28576696291611,0.66323424182897,1.28576696291611,0.14925816965823,0.66323424182897,1.28576696291611,1.28576696291611,1.28576696291611,0.120867942719347,0.66323424182897,1.28576696291611,1.28576696291611,1.28576696291611,1.28576696291611,0.662283493790557
1.38612755224201,0.560960611045751,0.964318222020575,1.39955682671413,0.652614669164986,2.12272340020662,1.82660070828403,2.3820954607235,0.972135366049705,0.592336241101505,0.977913171080309,2.23449055450241,2.57872978829527,2.21468282477561,0.584020086601021,0.549521871171838,0.836101652783285,1.00370857292225,2.50428355950856,1.00370857292203,0.808588368732985,0.416803076270928,0.649713424255158,2.65925880264716,2.65925880264716,1.11328554255359,0.492148876437665,1.28620488005919,1.11328554252294,0.843104466149694,1.30244121954317,2.72128608077549,0.670668149423613,0.671752834856732,0.419023661155961,1.30244121954317,0.671752834856732,1.30244121954317,0.151276571636045,0.671752834856732,1.30244121954317,1.30244121954317,1.30244121954317,0.122385262412671,0.671752834856732,1.30244121954317,1.30244121954317,1.30244121954317,1.30244121954317,0.670668149423613
1.46233861575417,0.544613141320893,0.9874536110105,1.49664416548029,0.643577768345622,2.22089981395858,1.9477648817863,2.47080855279757,0.999252214569617,0.613267697766379,0.997914125760966,2.35941210792118,2.68875250639294,2.34562181936906,0.578833326312538,0.568400732399085,0.854865606595475,1.02719221768948,2.6186745470919,1.02719221767289,0.820656711722698,0.425568603710176,0.661006977355119,2.74847183319172,2.74847183319172,1.14236339316906,0.47206413057525,1.3096199527955,1.14236339316906,0.863744774369932,1.33672168667988,2.79943935055279,0.685245529139959,0.688708644411588,0.428373527431754,1.33672168667988,0.688708644411588,1.33672168667988,0.154616014549265,0.688708644411588,1.33672168667988,1.33672168667988,1.33672168667988,0.125220395344249,0.688708644411588,1.33672168667988,1.33672168667988,1.33672168667988,1.33672168667988,0.685245529139959
1.38672532988275,0.529289070395558,0.941413290087255,1.40018262629229,0.633784565220494,2.01975523184999,1.8124809869713,2.31672656485411,0.95692439079415,0.589320327027617,0.952289751730598,2.24666992437099,2.56986266814031,2.23174297527587,0.559472374112059,0.561331130445703,0.825153547648345,0.987909301974953,2.46125713495165,0.987909301963906,0.778516671871055,0.412020245928981,0.646789651281945,2.64460470334099,2.64460470334099,1.08824477913574,0.452013399236065,1.26454677308319,1.08824477913574,0.836948415468421,1.29524026963092,2.70682325188484,0.663912158733004,0.668750853426741,0.415221927702246,1.29524026963092,0.668750853426741,1.29524026963092,0.150106355154358,0.668750853426741,1.29524026963092,1.29524026963092,1.29524026963092,0.121496948065719,0.668750853426741,1.29524026963092,1.29524026963092,1.29524026963092,1.29524026963092,0.663912158733004
1.52194747184807,0.569822004752481,0.976354596920817,1.47670131346129,0.632965530710808,2.17590761514968,1.94021847595244,2.43837686576494,0.988600361664358,0.601473554075648,0.988582571270864,2.35309864929837,2.64107660167347,2.33401259097101,0.584458834911981,0.576549228311264,0.849282320895177,1.02077289689818,2.57396216448399,1.02077289691254,0.814624478262524,0.422048769831254,0.663013201479732,2.70716034267325,2.70716034267325,1.12988832354677,0.471111415808012,1.30069485147488,1.12988832354637,0.853067316520412,1.3190566268847,2.76218965844678,0.677277356669896,0.682415932402162,0.424243038179931,1.3190566268847,0.682415932402162,1.3190566268847,0.153115889132429,0.682415932402162,1.3190566268847,1.3190566268847,1.3190566268847,0.124003406193971,0.682415932402162,1.3190566268847,1.3190566268847,1.3190566268847,1.3190566268847,0.677277356669896
1.51625817925007,0.555636264501677,0.944156832967481,1.54908010573231,0.650562673841389,2.20155886845181,1.94679769244786,2.45988342903041,0.958625465302983,0.588610505233635,0.958428780213711,2.33372612237885,2.62989235077073,2.32358234714943,0.564403133544387,0.559511594890882,0.82491063889641,0.991860277677513,2.54470252315914,0.991860277680164,0.77655230134547,0.41460250793771,0.651286374643152,2.6984395094775,2.6984395094775,1.0961274625579,0.457825383675502,1.28428738715528,1.09612746249378,0.839001758118175,1.30416557161226,2.74523965853453,0.667860117075073,0.67126677601002,0.417036398788812,1.30416557161226,0.67126677601002,1.30416557161226,0.15081442238106,0.67126677601002,1.30416557161226,1.30416557161226,1.30416557161226,0.122112494328968,0.67126677601002,1.30416557161226,1.30416557161226,1.30416557161226,1.30416557161226,0.667860117075073
1.39939978867634,0.517135111833454,0.946526373095086,1.47977734795943,0.62564149004828,2.16582728848595,1.93062683897488,2.46412483490971,0.964724673243018,0.602236297030293,0.957537489429685,2.34329677543325,2.6621936480402,2.33045520174088,0.573021094662629,0.560415523670163,0.830635437408207,0.995057150231135,2.5532937346103,0.995057150231442,0.777748300090932,0.418428918809773,0.648384514117337,2.72938049725871,2.72938049725871,1.09716402235195,0.44491580795167,1.2853542071497,1.09716402235195,0.852040214119474,1.31472365293592,2.78140960709574,0.677143315570423,0.677851776333612,0.421823864491062,1.31472365293592,0.677851776333612,1.31472365293592,0.152483982824441,0.677851776333612,1.31472365293592,1.31472365293592,1.31472365293592,0.123444711196478,0.677851776333612,1.31472365293592,1.31472365293592,1.31472365293592,1.31472365293592,0.677143315570423
1.38267704190792,0.543740705818053,0.967074615314118,1.46711701011056,0.683430674977312,2.11684067698209,1.84479474971569,2.40009533891516,0.974066917074589,0.605706203480719,0.976717511487907,2.27091727398683,2.64286073900984,2.24935235559607,0.595176934816224,0.577636174308902,0.847148789542438,1.00439658003176,2.54130309707652,1.00439658004573,0.819440805797681,0.421301989239267,0.659209202000323,2.72193439644111,2.72193439644111,1.11672102834673,0.498829837139532,1.30469311190158,1.11672102834892,0.851027667319266,1.32680158205902,2.7935420433315,0.678103402561175,0.682559790502849,0.42404432224403,1.32680158205902,0.682559790502849,1.32680158205902,0.153084747300411,0.682559790502849,1.32680158205902,1.32680158205902,1.32680158205902,0.123954808127249,0.682559790502849,1.32680158205902,1.32680158205902,1.32680158205902,1.32680158205902,0.678103402561175
1.41324000724833,0.540255032100974,0.942641190497111,1.45790890189539,0.665972189628163,2.0708159299815,1.8425045689508,2.37277873212029,0.960352163736706,0.584677763340918,0.957726459859191,2.25471315200954,2.5899278421633,2.23893419222034,0.550018015354446,0.531480349102583,0.826180543709808,0.993915630218895,2.52016337575458,0.993915630218895,0.776286216417458,0.413182035818364,0.647436055048559,2.67173089265385,2.67173089265385,1.10404012773616,0.432982095105309,1.26903348012782,1.10404012775921,0.837057242854714,1.29824660837719,2.72655369589892,0.664644233164118,0.66836952948331,0.416355513296958,1.29824660837719,0.66836952948331,1.29824660837719,0.150349634421262,0.66836952948331,1.29824660837719,1.29824660837719,1.29824660837719,0.121648252636851,0.66836952948331,1.29824660837719,1.29824660837719,1.29824660837719,1.29824660837719,0.664644233164118
1.49083874107798,0.571837246044304,0.979675143288321,1.44467830419383,0.644960911162592,2.2064639473611,1.89857717261041,2.45757333210875,0.98800533375289,0.603229006150952,0.991057198376071,2.33727741845237,2.65040729479473,2.31660480834545,0.601534009927632,0.597632762479155,0.842588540296262,1.01746375898423,2.55101462840821,1.01746375898423,0.812069895540839,0.41950635630231,0.665047946284682,2.72066817431493,2.72066817431493,1.11671302696782,0.511582459969773,1.29367915160745,1.1167130269562,0.852609284948363,1.31851146529231,2.78194341677533,0.676452821023826,0.680339231993779,0.422955634351791,1.31851146529231,0.680339231993779,1.31851146529231,0.152968525674816,0.680339231993779,1.31851146529231,1.31851146529231,1.31851146529231,0.123782153064472,0.680339231993779,1.31851146529231,1.31851146529231,1.31851146529231,1.31851146529231,0.676452821023826
1.3689428088096,0.561599972127933,0.94132616139524,1.38381249466061,0.642424733809091,2.01349639774508,1.79277918740024,2.32710447881944,0.956349999783647,0.585447564509124,0.951282549422816,2.22870423811294,2.58210514028249,2.20980636086451,0.564900532714498,0.538085267678397,0.825549194786781,0.986179997180216,2.46859300872824,0.986179997181765,0.780062608433834,0.413912967336745,0.650377948610881,2.66029223945138,2.66029223945138,1.08977468999819,0.45007338795555,1.27584512435298,1.08977468999819,0.837861003714867,1.29638639747282,2.7263517167283,0.667680512303395,0.66939844832137,0.416145191197861,1.29638639747282,0.66939844832137,1.29638639747282,0.150453659378725,0.66939844832137,1.29638639747282,1.29638639747282,1.29638639747282,0.121851591091265,0.66939844832137,1.29638639747282,1.29638639747282,1.29638639747282,1.29638639747282,0.667680512303395
1.39203767007841,0.551765689793671,0.935286997701576,1.40388548439723,0.632807623682131,2.09053287237429,1.83381142674202,2.38250706033238,0.95031750129587,0.587266522271686,0.948603636617526,2.24339945565166,2.58696060033677,2.22551929190714,0.572786251047238,0.549950230508952,0.825649353568031,0.98423320278239,2.48690793341839,0.984233202829406,0.778582674108467,0.414019732105712,0.650640043318785,2.67336352732347,2.67336352732347,1.08981833179661,0.498008227064067,1.27843314641908,1.08981833185913,0.838557952969595,1.29889348162826,2.7362133870738,0.668862328213819,0.671512769285605,0.416705875791947,1.29889348162826,0.671512769285605,1.29889348162826,0.150795082491378,0.671512769285605,1.29889348162826,1.29889348162826,1.29889348162826,0.122002053729199,0.671512769285605,1.29889348162826,1.29889348162826,1.29889348162826,1.29889348162826,0.668862328213819
1.37135120423034,0.572577956854419,0.974082896902042,1.39340416837037,0.638288684265013,2.11569164308334,1.87972845400023,2.44761768874604,0.986114338469682,0.616562841718946,0.981324476613476,2.29006591789332,2.6527347568465,2.26855185979749,0.630311404383357,0.595759188744387,0.856826776207905,1.01466670717392,2.54445716562012,1.01466670721082,0.8186794342979,0.423759458046653,0.66495235066625,2.72418782939256,2.72418782939256,1.12541792474595,0.471809486389109,1.30342178994557,1.12541792476003,0.860577764823843,1.32903313793685,2.79732491640594,0.684332934444913,0.687138525737381,0.427709170745456,1.32903313793685,0.687138525737381,1.32903313793685,0.154556782754675,0.687138525737381,1.32903313793685,1.32903313793685,1.32903313793685,0.12520850527176,0.687138525737381,1.32903313793685,1.32903313793685,1.32903313793685,1.32903313793685,0.684332934444913
1.30897645875485,0.568437209592522,0.941465543078766,1.33984519107403,0.636941720087466,2.05813861204517,1.76544063811858,2.35955646132796,0.957724829170147,0.59298319765378,0.950871991029902,2.16258724836748,2.56736108654774,2.14789057469217,0.578000231848637,0.562218434799081,0.818870650676402,0.983748339074009,2.44399061253387,0.983748339122242,0.768998071747263,0.411643485944848,0.640493028720414,2.64191245714756,2.64191245714756,1.09310219114143,0.479839967794879,1.26300191904474,1.09310219110605,0.835609970331098,1.29023494276623,2.7036669138358,0.66488416526193,0.668472440431574,0.415154321226933,1.29023494276623,0.668472440431574,1.29023494276623,0.14990956649749,0.668472440431574,1.29023494276623,1.29023494276623,1.29023494276623,0.121304173277932,0.668472440431574,1.29023494276623,1.29023494276623,1.29023494276623,1.29023494276623,0.66488416526193
1.34001342803156,0.554032625909072,0.947306206915938,1.41760759338976,0.668024318599855,2.02239934781023,1.79649283815468,2.3214468143613,0.959912795591437,0.603259001824751,0.958109652536479,2.21921501090853,2.56970654413432,2.19610691254744,0.582496750541222,0.597613401100657,0.837838333810147,0.992873304244137,2.47433339620918,0.992873304245637,0.799365051421105,0.416336899090923,0.653931940888367,2.65539317768789,2.65539317768789,1.10289065481019,0.500801439758198,1.28196428880015,1.10289065478896,0.842689497518437,1.30270564607096,2.72948042830208,0.671756796866551,0.674510855959606,0.418917863714851,1.30270564607096,0.674510855959606,1.30270564607096,0.151514399847207,0.674510855959606,1.30270564607096,1.30270564607096,1.30270564607096,0.12256605646516,0.674510855959606,1.30270564607096,1.30270564607096,1.30270564607096,1.30270564607096,0.671756796866551
1.50184717727904,0.544906162885527,0.983653376141886,1.48703542271594,0.646035104004041,2.21542378745147,1.93905322961647,2.45049201550348,0.994180795087039,0.602631331507622,1.00122298694656,2.35664060419744,2.65079168328498,2.34308214887848,0.574007673910615,0.567186976081386,0.852234747636962,1.03067856072164,2.59329205378025,1.03067856072323,0.820774697684881,0.422672298909071,0.665063306679847,2.72952423548895,2.72952423548895,1.13982575357958,0.512617432024955,1.30147167886078,1.13982575357864,0.855824533083413,1.32708102456848,2.78442208302995,0.682081388078479,0.684781446720149,0.42573330864586,1.32708102456848,0.684781446720149,1.32708102456848,0.153972923726542,0.684781446720149,1.32708102456848,1.32708102456848,1.32708102456848,0.124555440073343,0.684781446720149,1.32708102456848,1.32708102456848,1.32708102456848,1.32708102456848,0.682081388078479
1.50280387330608,0.575656366222715,0.958453535713107,1.48378461666623,0.634089591219871,2.16601361738599,1.9311300246632,2.44531034518901,0.969115967165338,0.602120513763915,0.971274680136374,2.34470009322549,2.64563188520884,2.33099220422944,0.579043128863755,0.596133338271024,0.836961454801086,1.00235097168214,2.55371722345687,1.00235097169062,0.798798296463226,0.420123813026986,0.661302701449423,2.71728636806678,2.71728636806678,1.10570160797895,0.449896927204432,1.29678583453426,1.10570160797798,0.849960981187985,1.31545894258908,2.77310555305612,0.67550366798595,0.677626127593165,0.422395354659441,1.31545894258908,0.677626127593165,1.31545894258908,0.152428872275858,0.677626127593165,1.31545894258908,1.31545894258908,1.31545894258908,0.123353651726867,0.677626127593165,1.31545894258908,1.31545894258908,1.31545894258908,1.31545894258908,0.67550366798595
1.35871862370139,0.565833296706516,0.961015141984984,1.39420353159662,0.640270146212684,2.09732950094963,1.83290931848159,2.35627549125971,0.968633334668495,0.594992092151813,0.976558425253954,2.26362714437327,2.5663457720609,2.24204227693178,0.584643478994965,0.555505985673811,0.839407448679231,1.00495574260778,2.47843799641182,1.0049557426094,0.808093465647925,0.41613571093763,0.652038352984102,2.65566819844646,2.65566819844646,1.10484370288032,0.517299877973936,1.28651371335976,1.1048437028796,0.847142770960281,1.312264807478,2.72269998777365,0.670620456350138,0.673825104723811,0.419641183654428,1.312264807478,0.673825104723811,1.312264807478,0.15168476432489,0.673825104723811,1.312264807478,1.312264807478,1.312264807478,0.122708760221798,0.673825104723811,1.312264807478,1.312264807478,1.312264807478,1.312264807478,0.670620456350138
1.4326728577886,0.541771663873778,0.952702779149203,1.4226741688041,0.634177969322386,2.11404253733239,1.89213162814103,2.42419496614494,0.964633772553407,0.603955242770488,0.965310057959809,2.27993928484129,2.61456743120074,2.25886932393647,0.60338333668188,0.605011387414711,0.84669477802047,1.00048681266324,2.5510736448594,1.00048681265934,0.812231520398857,0.41782616296619,0.660732940373531,2.69851071623198,2.69851071623198,1.11896974291484,0.480162873667904,1.29607149873136,1.11896974291631,0.848844813462405,1.31232036099465,2.76695974661849,0.674804269984419,0.677242248888183,0.420330909165768,1.31232036099465,0.677242248888183,1.31232036099465,0.152016621813045,0.677242248888183,1.31232036099465,1.31232036099465,1.31232036099465,0.123076560372235,0.677242248888183,1.31232036099465,1.31232036099465,1.31232036099465,1.31232036099465,0.674804269984419
1.34358347380425,0.533604059189989,0.964303577354176,1.33571089364965,0.666673484056787,2.03378970701904,1.72765244408854,2.31818961188827,0.974856456482347,0.595940828285261,0.975455398340513,2.14593193393724,2.57898480841995,2.13127715922997,0.560233381011498,0.56948204173852,0.830075352216129,1.00126566169137,2.46588448379548,1.00126566164503,0.79090304156659,0.416406491237304,0.652618570647747,2.66118312410314,2.66118312410314,1.11421261300524,0.463591625961002,1.28462410679994,1.1142126130079,0.84509152812828,1.31311191417339,2.72465429267848,0.671221690770784,0.676053555906359,0.419322118888934,1.31311191417339,0.676053555906359,1.31311191417339,0.151582609942014,0.676053555906359,1.31311191417339,1.31311191417339,1.31311191417339,0.12276838955195,0.676053555906359,1.31311191417339,1.31311191417339,1.31311191417339,1.31311191417339,0.671221690770784
1.36810378150956,0.589779217335405,0.980512248847438,1.36027712225823,0.654586635032928,2.10837680601545,1.81726589583567,2.40530382481867,0.994365463978406,0.614158487517134,0.9908837003864,2.22615973467076,2.61693409674039,2.209633692987,0.612262224104916,0.602999500769746,0.85323891737835,1.02337518443419,2.5294042206674,1.02337518444592,0.816483038717485,0.421221839415883,0.665097200095662,2.69736912642339,2.69736912642339,1.13858945401604,0.523532122135032,1.29797729439275,1.13858945403581,0.860057560489584,1.32912164133571,2.76877565463868,0.681874603322428,0.685417414901716,0.425744273292024,1.32912164133571,0.685417414901716,1.32912164133571,0.154036403674124,0.685417414901716,1.32912164133571,1.32912164133571,1.32912164133571,0.124654212096404,0.685417414901716,1.32912164133571,1.32912164133571,1.32912164133571,1.32912164133571,0.681874603322428
1.34833145350936,0.567903747717512,0.954510768948493,1.36640674681472,0.636068977115418,2.04219049806572,1.81559081204176,2.36700322026226,0.971522118727038,0.60596132486279,0.967360064578839,2.22215775234549,2.62188547917705,2.20822193922534,0.560753122035877,0.572114438297042,0.843769133517048,1.00331588674903,2.53182431139755,1.00331588675,0.791726758565497,0.422128804916096,0.654992303735423,2.70741091928605,2.70741091928605,1.12211957532531,0.438528444519293,1.29517223230079,1.12211957532531,0.854382676442769,1.32403693096135,2.76898989795848,0.681518702595083,0.683369711849242,0.425073132142579,1.32403693096135,0.683369711849242,1.32403693096135,0.153568266610033,0.683369711849242,1.32403693096135,1.32403693096135,1.32403693096135,0.124291709475748,0.683369711849242,1.32403693096135,1.32403693096135,1.32403693096135,1.32403693096135,0.681518702595083
1.44569698398502,0.550626741713157,0.954167074291527,1.46251777664027,0.637934728657608,2.13532501525157,1.90263685208817,2.41421182339419,0.966315188136319,0.598988006034372,0.96683438381089,2.32699464450586,2.60608762910339,2.30583314339898,0.592953912238836,0.584731909070067,0.83695154513494,1.00083199138011,2.51679772587787,1.00083199139974,0.798586260158025,0.415194488884669,0.655475238511285,2.68194253390515,2.68194253390515,1.09902386264334,0.489130030835601,1.28408673623557,1.09902386263465,0.844219113257606,1.31169403795127,2.74346058183099,0.670118083936881,0.673899740490018,0.419048213920843,1.31169403795127,0.673899740490018,1.31169403795127,0.151510853940503,0.673899740490018,1.31169403795127,1.31169403795127,1.31169403795127,0.122584604883212,0.673899740490018,1.31169403795127,1.31169403795127,1.31169403795127,1.31169403795127,0.670118083936881
1.38661174801126,0.591191008482214,0.968333376761889,1.428297083612,0.673009287178369,2.08632973710118,1.84330971047591,2.38672819714122,0.983596135531049,0.601966160663136,0.979068060121964,2.27691414806518,2.57296852724468,2.25032900412513,0.620320695643336,0.604381925543495,0.841934958599684,1.01549822460012,2.48467640398521,1.01549822460905,0.804846350929541,0.414227746397645,0.655396783547773,2.65095860837748,2.65095860837748,1.11585104500918,0.515087755845823,1.2822409701934,1.1158510449975,0.841226431484693,1.30712180385116,2.7227753126628,0.671571327616654,0.671907451810528,0.418383102109788,1.30712180385116,0.671907451810528,1.30712180385116,0.151226227514702,0.671907451810528,1.30712180385116,1.30712180385116,1.30712180385116,0.122417295295566,0.671907451810528,1.30712180385116,1.30712180385116,1.30712180385116,1.30712180385116,0.671571327616654
1.51170742583302,0.585857856040174,0.963343598227987,1.53110899170019,0.668154924687747,2.16940053917963,1.93442350916943,2.44844000485468,0.969989869821479,0.608031213739292,0.973192142816602,2.3447401573562,2.6343172436211,2.32061369201081,0.614823568181114,0.628534491268314,0.846792043428899,1.0026199709844,2.5413340428555,1.00261997099399,0.818483877226803,0.419428017683081,0.665592986808634,2.70384457807531,2.70384457807531,1.1056921184814,0.481482457024693,1.30154299504914,1.10569211847504,0.848057829538753,1.32215888195581,2.76732650621547,0.67647874312045,0.67992415132144,0.42251467876284,1.32215888195581,0.67992415132144,1.32215888195581,0.152612369622125,0.67992415132144,1.32215888195581,1.32215888195581,1.32215888195581,0.123533681261102,0.67992415132144,1.32215888195581,1.32215888195581,1.32215888195581,1.32215888195581,0.67647874312045
1.40273714920323,0.570201599340024,0.963666809520247,1.42446823362908,0.667603358363714,2.07229530580311,1.82826654627279,2.35824992542379,0.978496436882591,0.597779495372738,0.977971267929619,2.24739114910715,2.5902930080619,2.22968729015158,0.569730428226036,0.562413501570375,0.844337182532409,1.01238622809539,2.52808266845757,1.01238622809448,0.803394828006974,0.419593469806412,0.657874641709795,2.67564331288583,2.67564331288583,1.12510602996885,0.484869569344658,1.29083904867512,1.12510602996783,0.850407616635363,1.30944270400606,2.73942157703555,0.675234079516098,0.676780867563279,0.421761038578013,1.30944270400606,0.676780867563279,1.30944270400606,0.152303464021512,0.676780867563279,1.30944270400606,1.30944270400606,1.30944270400606,0.123296643489905,0.676780867563279,1.30944270400606,1.30944270400606,1.30944270400606,1.30944270400606,0.675234079516098
1.42577937380993,0.551543915438712,0.961522057244896,1.36811818856575,0.637151391854934,2.05312736920754,1.81787897781242,2.35897842037474,0.976689550944599,0.592719860329585,0.97433913848361,2.2409012898637,2.61067032209124,2.22554622805007,0.567694254435006,0.551976898616699,0.842983091888174,1.00904493829047,2.52094346550265,1.00904493827158,0.797263117836983,0.420850722208978,0.662919842613415,2.69576546491762,2.69576546491762,1.12196348255168,0.463660244556539,1.29831660367651,1.12196348252171,0.852065290469826,1.32185022495167,2.76026712542842,0.677786892544011,0.680279503423512,0.423382052976007,1.32185022495167,0.680279503423512,1.32185022495167,0.152886688305661,0.680279503423512,1.32185022495167,1.32185022495167,1.32185022495167,0.123784151052807,0.680279503423512,1.32185022495167,1.32185022495167,1.32185022495167,1.32185022495167,0.677786892544011
1.31833927641223,0.572920363174114,0.962126833220651,1.39571024941312,0.68483291573275,2.01551356102475,1.76212559323286,2.32157946147394,0.978358850118201,0.598029272314188,0.971661684579069,2.20824861863874,2.57396911203169,2.18693376476269,0.578203035139176,0.560456553968621,0.832226224808813,1.00557940347292,2.45682869815387,1.00557940350827,0.788440817728188,0.41607771869535,0.650269202811,2.65055496326104,2.65055496326104,1.10869112946598,0.478656077590041,1.27237479201022,1.10869112946598,0.844438185807368,1.30305965377785,2.7192493196479,0.672930730405282,0.675295401230994,0.419624770435377,1.30305965377785,0.675295401230994,1.30305965377785,0.151649005324823,0.675295401230994,1.30305965377785,1.30305965377785,1.30305965377785,0.122710594913811,0.675295401230994,1.30305965377785,1.30305965377785,1.30305965377785,1.30305965377785,0.672930730405282
1.47106924062842,0.547992001361521,0.958139892128451,1.54250868109032,0.667836693679597,2.19108628655585,1.93996036634881,2.46034650403026,0.96858226616815,0.611205805323501,0.9739200201646,2.33311334793585,2.66707203344733,2.31609445123841,0.577349025741021,0.592795207412194,0.852608393606596,1.00608541320677,2.59463779931995,1.00608541322674,0.812897321684798,0.426236246214657,0.668052388191621,2.75084760038788,2.75084760038788,1.12324058006822,0.491492702756823,1.31177181876032,1.1232405800678,0.867103732549589,1.33691929934751,2.80830041599443,0.686609884681322,0.689005798319975,0.429260845181413,1.33691929934751,0.689005798319975,1.33691929934751,0.155110630433537,0.689005798319975,1.33691929934751,1.33691929934751,1.33691929934751,0.125615325087348,0.689005798319975,1.33691929934751,1.33691929934751,1.33691929934751,1.33691929934751,0.686609884681322
1.50721475125906,0.520639901330745,0.965125570011458,1.5182546351701,0.630765485023127,2.21334294344501,1.95516770571044,2.4605815515396,0.978852954133534,0.608658085594449,0.975501428032698,2.37468267620412,2.67877634190749,2.36015670936947,0.575154559249616,0.591275914667679,0.844371838693478,1.0088544643652,2.58252930162862,1.00885446436451,0.800223781921213,0.423387277179363,0.662509346711447,2.74088088481205,2.74088088481205,1.11319358426781,0.499222582151528,1.30058900291855,1.11319358427199,0.859325375664259,1.3316388632988,2.79237728462271,0.681990116378058,0.686169649221857,0.426619579175959,1.3316388632988,0.686169649221857,1.3316388632988,0.154037953883258,0.686169649221857,1.3316388632988,1.3316388632988,1.3316388632988,0.124784544303155,0.686169649221857,1.3316388632988,1.3316388632988,1.3316388632988,1.3316388632988,0.681990116378058
1.43014356950729,0.603893168105022,0.988569028177466,1.45369920509702,0.650668026308636,2.17592493294509,1.91936638380633,2.4646675889043,1.00239331789859,0.616357543558477,0.998818697951908,2.3571433976205,2.66598696219169,2.33613498020989,0.606300072643978,0.605074489804301,0.855533888060051,1.03170147206486,2.58011631540421,1.03170147204259,0.816973037452238,0.42347453043276,0.661864054184901,2.73314793393803,2.73314793393803,1.13480849680002,0.476476427707819,1.30797658598738,1.13480849679933,0.859189816506474,1.33540390574863,2.79365095884463,0.682932887048473,0.684883408156974,0.427094782347962,1.33540390574863,0.684883408156974,1.33540390574863,0.154177525174514,0.684883408156974,1.33540390574863,1.33540390574863,1.33540390574863,0.124755915516741,0.684883408156974,1.33540390574863,1.33540390574863,1.33540390574863,1.33540390574863,0.682932887048473
1.39017000188131,0.534922325892945,0.944253088696221,1.3655420194285,0.634311323995619,2.02641885011357,1.80662081945698,2.33506284541996,0.954553279235922,0.585013387134783,0.957658304876897,2.22681785083262,2.5706014995704,2.20267562290545,0.577413867859247,0.55532125309725,0.834717883195684,0.989831495472646,2.48685651722607,0.989831495474195,0.799750002493201,0.413887449762772,0.654765971838895,2.66207873207942,2.66207873207942,1.10028907423074,0.46724828966759,1.2782395216985,1.10028907423414,0.837868993221933,1.30286301378268,2.73422211469598,0.666575052384168,0.669227416667192,0.417030769830597,1.30286301378268,0.669227416667192,1.30286301378268,0.150629184641152,0.669227416667192,1.30286301378268,1.30286301378268,1.30286301378268,0.121951758338869,0.669227416667192,1.30286301378268,1.30286301378268,1.30286301378268,1.30286301378268,0.666575052384168
1.45714424084769,0.559803151618747,0.981760618279192,1.46471259586873,0.691728351995892,2.13381355950945,1.84654102720403,2.41460680689544,0.997922428268011,0.597378037658984,0.995045967483357,2.26910984494378,2.63999578790252,2.25913495077538,0.567987358168643,0.554539896643387,0.844522309158968,1.02735773557813,2.54409549391685,1.02735773556974,0.794896432947922,0.424647539786164,0.66536752133327,2.71663726515966,2.71663726515966,1.13802879492222,0.470139862979559,1.30295533598947,1.13802879492222,0.860133082378151,1.33144621147788,2.77160541413166,0.682751766632084,0.68546172220933,0.427669457865704,1.33144621147788,0.68546172220933,1.33144621147788,0.154351792713749,0.68546172220933,1.33144621147788,1.33144621147788,1.33144621147788,0.124898559303181,0.68546172220933,1.33144621147788,1.33144621147788,1.33144621147788,1.33144621147788,0.682751766632084
1.38820956203765,0.573074595098331,0.952241945196027,1.46951855230835,0.680893864409093,2.07081204000426,1.82973665340428,2.36374639002705,0.966850128416469,0.602449411095276,0.961098232086528,2.23186527027272,2.59538014748414,2.21481560130367,0.577951502752774,0.586862220058668,0.835907934141669,0.99500999689728,2.50655055420262,0.995009996861719,0.795105012780394,0.417744970382599,0.652617475943006,2.66464088308112,2.66464088308112,1.11028563520369,0.468274240631401,1.28417322991417,1.11028563520353,0.847088176160126,1.30716883091744,2.72576368444824,0.673807712633464,0.676700501618315,0.42036514666234,1.30716883091744,0.676700501618315,1.30716883091744,0.151824543805465,0.676700501618315,1.30716883091744,1.30716883091744,1.30716883091744,0.122883067108812,0.676700501618315,1.30716883091744,1.30716883091744,1.30716883091744,1.30716883091744,0.673807712633464
1.35882557807627,0.574115215465073,0.978787467429167,1.43013029084187,0.688358835785922,2.09271374950738,1.82913041764569,2.3902640099474,0.991207931850286,0.6106187295912,0.989114238211445,2.24649322426425,2.59950033068845,2.22740114890304,0.61212177069692,0.59893280401604,0.849967987745385,1.02091283433721,2.51730447027808,1.02091283433271,0.819204722064495,0.420152103359083,0.659088005146262,2.67661299039755,2.67661299039755,1.13182605386778,0.500636499619177,1.29172921000233,1.13182605386703,0.853842083040868,1.31773446832262,2.74777932347684,0.678677236191972,0.681933135926452,0.42397373293054,1.31773446832262,0.681933135926452,1.31773446832262,0.153011427399274,0.681933135926452,1.31773446832262,1.31773446832262,1.31773446832262,0.123909532271749,0.681933135926452,1.31773446832262,1.31773446832262,1.31773446832262,1.31773446832262,0.678677236191972
1.34296481424324,0.575112982090776,0.949061050547522,1.42232431736527,0.683661186118085,2.05558693523588,1.79126096334167,2.36472674733671,0.958958501915694,0.598682628619057,0.957954747651149,2.19475324469975,2.58079145125385,2.17412355889072,0.601409044602216,0.583526152399004,0.835694046209764,0.988232379385857,2.47464328857439,0.988232379395233,0.800178571693877,0.415731253439854,0.652086394941448,2.66169629870413,2.66169629870413,1.09857272107518,0.484919461871089,1.28828773053991,1.09857272105789,0.843441324732515,1.30900151551614,2.73415031871804,0.670735893692937,0.67265201658434,0.418683796716839,1.30900151551614,0.67265201658434,1.30900151551614,0.151025839572037,0.67265201658434,1.30900151551614,1.30900151551614,1.30900151551614,0.122288519188486,0.67265201658434,1.30900151551614,1.30900151551614,1.30900151551614,1.30900151551614,0.670735893692937
1.35002546551112,0.590476115206802,0.979874244917113,1.41212184538383,0.690042471100655,2.03764457718778,1.7871023372751,2.33102934114634,0.996117793711165,0.60782185313487,0.99336961200283,2.25013965541341,2.6091399521653,2.2314127291823,0.555390981047047,0.579229286606451,0.843002658699729,1.0262492275966,2.52135028016411,1.02624922759573,0.797990727201247,0.421355307487857,0.656088071838155,2.69227977517079,2.69227977517079,1.13224299345315,0.458557738609666,1.28839154452465,1.13224299345315,0.853173510500457,1.31651950635914,2.75544889375843,0.677827225136921,0.681588395109476,0.424027380721509,1.31651950635914,0.681588395109476,1.31651950635914,0.153139943962145,0.681588395109476,1.31651950635914,1.31651950635914,1.31651950635914,0.123888291343987,0.681588395109476,1.31651950635914,1.31651950635914,1.31651950635914,1.31651950635914,0.677827225136921
1.41809939513595,0.567953565313497,0.976474171463831,1.4610321348221,0.66984371571004,2.12932418006583,1.87999050083001,2.42312045719952,0.989642992918974,0.618165949930188,0.988425293631909,2.30138613813149,2.66225135377891,2.28155839625223,0.594025616159307,0.606116351031176,0.861470539215342,1.02324261814171,2.5735902836958,1.02324261810824,0.820923844832509,0.429479700433927,0.672564572124435,2.746205525118,2.746205525118,1.13934455486049,0.510305219633241,1.32324922732227,1.13934455486049,0.868420890843607,1.34232092648457,2.81475881935039,0.692436246323775,0.694149419612977,0.4317940736023,1.34232092648457,0.694149419612977,1.34232092648457,0.156165141104814,0.694149419612977,1.34232092648457,1.34232092648457,1.34232092648457,0.126393033862568,0.694149419612977,1.34232092648457,1.34232092648457,1.34232092648457,1.34232092648457,0.692436246323775
1.40411728869295,0.547002137011511,0.957751074855113,1.43832166833318,0.622704882370814,2.12701105866849,1.90869260435387,2.40365147644581,0.970638229377709,0.606488782997469,0.968721674717233,2.31989057855016,2.61657792905964,2.29433960247507,0.600275856863652,0.604294213901501,0.852005719162487,1.0062328232021,2.55247133581362,1.00623282318577,0.81662368896273,0.41779543964795,0.654275926433213,2.6935363399357,2.6935363399357,1.11881381212178,0.528251000122181,1.29578764756784,1.11881381212427,0.845027094051768,1.3156148304104,2.76213823081011,0.674067108353981,0.676020495609518,0.420524694066925,1.3156148304104,0.676020495609518,1.3156148304104,0.151948507779242,0.676020495609518,1.3156148304104,1.3156148304104,1.3156148304104,0.123034267742561,0.676020495609518,1.3156148304104,1.3156148304104,1.3156148304104,1.3156148304104,0.674067108353981
1.46112389201921,0.530208107267456,0.960280068598871,1.44776595238848,0.632210049025728,2.13314080977742,1.90201186925063,2.42067949359344,0.976228465900818,0.611484224275509,0.971816425559536,2.32719807299781,2.63896333328354,2.30902390595113,0.59078683742995,0.608388209061827,0.84878749058351,1.0101689491732,2.53683924080693,1.01016894912692,0.801699602326499,0.423974975066098,0.671265192810004,2.71643301387278,2.71643301387278,1.11338505330128,0.512223830516889,1.30496417274195,1.11338505327241,0.862573183510427,1.3314442958245,2.77921339081359,0.684248862905644,0.6886403146171,0.427261787135246,1.3314442958245,0.6886403146171,1.3314442958245,0.15446800714873,0.6886403146171,1.3314442958245,1.3314442958245,1.3314442958245,0.125070115722313,0.6886403146171,1.3314442958245,1.3314442958245,1.3314442958245,1.3314442958245,0.684248862905644
1.37096359193796,0.596531683598311,0.974702343153571,1.41337855849573,0.66811960092263,2.10562739218079,1.83202681010622,2.3790547961008,0.980682292156614,0.609157003700699,0.986319466710777,2.24496940209735,2.59261887013338,2.22309368478956,0.610892693049237,0.602149716462693,0.851680188938255,1.01337271904666,2.50678245341152,1.01337271900672,0.829507123164249,0.421792774591121,0.66109246528953,2.67648583094304,2.67648583094304,1.12465724758308,0.522324873086551,1.30075268459815,1.12465724758053,0.855018422189668,1.31694558455824,2.75131312736336,0.678540554898425,0.681996859627316,0.424211084754222,1.31694558455824,0.681996859627316,1.31694558455824,0.153161930508795,0.681996859627316,1.31694558455824,1.31694558455824,1.31694558455824,0.123980542721338,0.681996859627316,1.31694558455824,1.31694558455824,1.31694558455824,1.31694558455824,0.678540554898425
1.32390810248408,0.546344683196213,0.949309043274976,1.35077272494853,0.644424693955086,2.02501365222011,1.76818875588587,2.31632366898877,0.96324444309098,0.601878698884218,0.962532837186428,2.19945172924854,2.56905295251655,2.17757918209479,0.567222147512649,0.596756098435807,0.83196656767277,0.996474303578381,2.46442445131171,0.996474303552354,0.787952979327436,0.417404829854721,0.652170692157807,2.66280794505931,2.66280794505931,1.10532729099719,0.507802392055681,1.28661121947552,1.10532729099719,0.84369595055236,1.30696758008794,2.73323691361531,0.67095186097082,0.674183316719734,0.419754981729824,1.30696758008794,0.674183316719734,1.30696758008794,0.151669575140513,0.674183316719734,1.30696758008794,1.30696758008794,1.30696758008794,0.122744801784579,0.674183316719734,1.30696758008794,1.30696758008794,1.30696758008794,1.30696758008794,0.67095186097082
1.37586171287767,0.583674546850105,0.956641812414593,1.46962140171109,0.674113985398404,2.11428158574016,1.859418869589,2.38902712428974,0.968830359004139,0.601031922435162,0.970898232019867,2.25967632219508,2.57854045307564,2.24227040016675,0.584950768277764,0.572706491693453,0.838389807606178,1.00343304708863,2.5123912501499,1.00343304708917,0.802013121163702,0.417412675960075,0.651361923697102,2.66029186674476,2.66029186674476,1.11300921498707,0.49250665400813,1.29198859750387,1.11300921498707,0.842284976351907,1.31109544273885,2.72046872570132,0.670584288342738,0.673622750051565,0.420055739873119,1.31109544273885,0.673622750051565,1.31109544273885,0.151501006520217,0.673622750051565,1.31109544273885,1.31109544273885,1.31109544273885,0.122675919327284,0.673622750051565,1.31109544273885,1.31109544273885,1.31109544273885,1.31109544273885,0.670584288342738
1.366494329923,0.528243884740704,0.95753689481751,1.42691023586697,0.655231475403639,2.09197958623249,1.85397473314846,2.40233770312503,0.969999148532318,0.603584759641593,0.966918900532532,2.26162257566682,2.62533546395676,2.24025084146403,0.600125518476146,0.569589514743396,0.847564919288408,1.00072021091049,2.5428362353607,1.00072021091369,0.810467975222309,0.417688138408488,0.655048184285685,2.70246363542654,2.70246363542654,1.11562112842308,0.481918672089371,1.2890525015709,1.11562112842336,0.849970376176336,1.31580983920732,2.77311384603728,0.674619600401295,0.677177628464191,0.421299393208258,1.31580983920732,0.677177628464191,1.31580983920732,0.152317269862204,0.677177628464191,1.31580983920732,1.31580983920732,1.31580983920732,0.123344593835484,0.677177628464191,1.31580983920732,1.31580983920732,1.31580983920732,1.31580983920732,0.674619600401295
1.48354200572459,0.566221258151569,0.980745761423445,1.51181088550202,0.664196743731536,2.18535036982609,1.93137039829557,2.46537892274228,0.993021991378861,0.607896240694672,0.990292671026889,2.35988868872114,2.68047959789244,2.34474761932946,0.590441886951455,0.582443500273842,0.848670835339792,1.02130857548478,2.57841662211561,1.02130857550526,0.809080374613977,0.423965450581691,0.663138559448182,2.74345107056316,2.74345107056316,1.12604705501463,0.459217307916119,1.30663412725816,1.12604705501463,0.859740522124048,1.32956365266936,2.80031906833593,0.684428625030908,0.686120450418668,0.426620668283087,1.32956365266936,0.686120450418668,1.32956365266936,0.15409808465816,0.686120450418668,1.32956365266936,1.32956365266936,1.32956365266936,0.124790755395455,0.686120450418668,1.32956365266936,1.32956365266936,1.32956365266936,1.32956365266936,0.684428625030908
1.4953024373044,0.562600721600029,0.979636424210789,1.52125409832765,0.674895312250778,2.19546849256729,1.93404312490253,2.47495835524608,0.988200818358523,0.612734983275333,0.991153207445577,2.33238065018352,2.67313057743536,2.31619582852946,0.59473331943421,0.586841890371863,0.854803473982396,1.01865990154526,2.5904678885826,1.01865990155128,0.822574947804278,0.427500964507197,0.670546764518698,2.74162122551238,2.74162122551238,1.13342480352549,0.450165370803351,1.31675625748551,1.13342480352549,0.866413980320115,1.33712871713466,2.79738594301225,0.688760595980055,0.689865691631126,0.430032923038817,1.33712871713466,0.689865691631126,1.33712871713466,0.155356454083221,0.689865691631126,1.33712871713466,1.33712871713466,1.33712871713466,0.125742354122442,0.689865691631126,1.33712871713466,1.33712871713466,1.33712871713466,1.33712871713466,0.688760595980055
1.42860982740879,0.537813179183301,0.959850492502641,1.45887185955496,0.666519655229641,2.17308081638722,1.8579242069508,2.43978405500069,0.972249607740688,0.595359367243321,0.971065149520896,2.24317963664101,2.63815259473241,2.23011221720354,0.578996184796765,0.541204982164019,0.837513236543461,1.00030790498399,2.55099790522264,1.0003079049655,0.795194787917771,0.420122658928808,0.655624779301485,2.71046480825539,2.71046480825539,1.11896666640941,0.490440565236943,1.29288049628966,1.11896666640941,0.851924696562835,1.31505478506527,2.76609800105896,0.676517931350278,0.680186448917857,0.422843024172422,1.31505478506527,0.680186448917857,1.31505478506527,0.152906817149732,0.680186448917857,1.31505478506527,1.31505478506527,1.31505478506527,0.123766596185155,0.680186448917857,1.31505478506527,1.31505478506527,1.31505478506527,1.31505478506527,0.676517931350278
1.45911909174438,0.534521997980472,0.955708515445717,1.42626964399475,0.624857044729002,2.11044148730988,1.87652682553704,2.37733764184841,0.96782736553525,0.604255919527298,0.964763406734274,2.30051233321607,2.6098469524351,2.27769455127665,0.59466260973394,0.612062140880671,0.845731316340367,0.99966320451258,2.53145070896011,0.99966320451258,0.812147945506085,0.415349867575539,0.661944019128749,2.68140956189179,2.68140956189179,1.10717395827628,0.533956814906441,1.27491722705343,1.10717395829459,0.842398719015151,1.30241655791577,2.75174613979401,0.669850866010155,0.674704914453262,0.418899501461025,1.30241655791577,0.674704914453262,1.30241655791577,0.151449545654849,0.674704914453262,1.30241655791577,1.30241655791577,1.30241655791577,0.122605772993933,0.674704914453262,1.30241655791577,1.30241655791577,1.30241655791577,1.30241655791577,0.669850866010155
1.41380903603748,0.574342201732351,0.975635355908435,1.44729467887822,0.654903384096527,2.12349673573872,1.89744154192085,2.42397653669897,0.992456878175839,0.602516870402309,0.991746088997802,2.31993023638851,2.62160996086996,2.30793412161693,0.574279452803841,0.564648951738577,0.844310865299915,1.0268846005349,2.5553762285478,1.02688460055696,0.800163111207111,0.418342307811997,0.653977411096378,2.70012844063708,2.70012844063708,1.13188355816298,0.437248174257194,1.28159559028421,1.13188355813112,0.850142282803469,1.31268605772026,2.75663032387129,0.67737875328422,0.678412816258497,0.42222682609067,1.31268605772026,0.678412816258497,1.31268605772026,0.15257771709275,0.678412816258497,1.31268605772026,1.31268605772026,1.31268605772026,0.123574881793326,0.678412816258497,1.31268605772026,1.31268605772026,1.31268605772026,1.31268605772026,0.67737875328422
1.33620609318571,0.519926862545624,0.956911070908878,1.42532917562033,0.652713737720393,2.06004149120609,1.85976089524298,2.3722067210028,0.96958315418779,0.609913811267584,0.974063203228592,2.28476682743938,2.59460082130252,2.26327161700763,0.576801749152681,0.593294560608584,0.849536232255668,1.00916834291025,2.52144160664095,1.00916834290422,0.807835468414626,0.420054776919294,0.656404732757407,2.69002672672226,2.69002672672226,1.11508804635054,0.460255903735483,1.28972623472225,1.11508804635237,0.855040927571993,1.31892015243835,2.75737018762397,0.679569681967356,0.68246614326415,0.423787611249803,1.31892015243835,0.68246614326415,1.31892015243835,0.153249128674949,0.68246614326415,1.31892015243835,1.31892015243835,1.31892015243835,0.124107007691218,0.68246614326415,1.31892015243835,1.31892015243835,1.31892015243835,1.31892015243835,0.679569681967356
1.42350051396927,0.530267172489035,0.959104637147516,1.4632448684409,0.656736171569295,2.1013709430439,1.87864693731975,2.38434669812956,0.970544381846843,0.595651399784831,0.9768919478639,2.30103490927654,2.61075427683737,2.28283550372134,0.55876270701917,0.564522967630494,0.841092756704426,1.00848300544856,2.54841224054241,1.00848300541261,0.804057568377267,0.417214271223094,0.653147868862212,2.69845169886006,2.69845169886006,1.11866394441305,0.449952887151951,1.28197281682254,1.11866394441305,0.844137382674471,1.3076675865384,2.75864704391861,0.672694777716363,0.675257304141544,0.420110240540927,1.3076675865384,0.675257304141544,1.3076675865384,0.151937027895152,0.675257304141544,1.3076675865384,1.3076675865384,1.3076675865384,0.122893391651029,0.675257304141544,1.3076675865384,1.3076675865384,1.3076675865384,1.3076675865384,0.672694777716363
1.43433325610498,0.568181624789099,0.963954978663328,1.46774420391477,0.655265128040079,2.11058318114862,1.86592809313689,2.37689057793293,0.974626348088876,0.601818879360976,0.975000301897336,2.27971182083712,2.62233646367969,2.2685474850933,0.558704142927815,0.572094075698199,0.83881817121977,1.00334332374046,2.5429953486971,1.003343323713,0.803605511195309,0.417934835632321,0.653483151820242,2.68808533738159,2.68808533738159,1.11527825237612,0.439415717083449,1.28310904887106,1.11527825235233,0.844592255504249,1.31399669480126,2.742244909912,0.673622684474672,0.675662982619575,0.420877776843714,1.31399669480126,0.675662982619575,1.31399669480126,0.15200240602768,0.675662982619575,1.31399669480126,1.31399669480126,1.31399669480126,0.123017026079153,0.675662982619575,1.31399669480126,1.31399669480126,1.31399669480126,1.31399669480126,0.673622684474672
1.43788707592443,0.544224692052481,0.972019716489703,1.42267539125501,0.648743401907914,2.10266634065997,1.87714467958671,2.4053339021666,0.98243418914595,0.608012970903633,0.988414379078305,2.28422392211099,2.62251317817212,2.26980643125008,0.576029432304325,0.595089857002826,0.850856521463495,1.01847665895913,2.54735630641268,1.0184766589647,0.814416200939146,0.424011731531766,0.665987170595159,2.70886176204224,2.70886176204224,1.13248435256321,0.436333423195961,1.30003411046281,1.13248435255265,0.861902446937444,1.32766963584402,2.76956095122654,0.683625623624366,0.685712197816666,0.427342303209617,1.32766963584402,0.685712197816666,1.32766963584402,0.154276509383047,0.685712197816666,1.32766963584402,1.32766963584402,1.32766963584402,0.12490493625452,0.685712197816666,1.32766963584402,1.32766963584402,1.32766963584402,1.32766963584402,0.683625623624366
1.40603377303004,0.540453281904259,0.971868701983554,1.49543635253464,0.676021371942338,2.1179991094258,1.88250197846105,2.39061619008078,0.985484997343216,0.602987511417391,0.986676297773303,2.33195071149911,2.62702087332981,2.31172928399877,0.560671116056291,0.577307444326103,0.840013571176742,1.01933800256571,2.55611549733817,1.01933800256994,0.802883791610517,0.418757430030859,0.651738012954115,2.70430892757062,2.70430892757062,1.12389636172851,0.461522016429515,1.29262630250406,1.12389636172846,0.848470887080617,1.31400458481626,2.76206162281646,0.67280373791617,0.678240153153652,0.420985621193603,1.31400458481626,0.678240153153652,1.31400458481626,0.152182891759173,0.678240153153652,1.31400458481626,1.31400458481626,1.31400458481626,0.123164108209406,0.678240153153652,1.31400458481626,1.31400458481626,1.31400458481626,1.31400458481626,0.67280373791617
1.393948312292,0.549009877647347,0.958096643337105,1.44303596014661,0.647209439642842,2.10420117223933,1.86721698788036,2.38840942834575,0.96805852992381,0.601006798444268,0.965845106343563,2.25887364919817,2.61036785863351,2.24275442562193,0.602543528257175,0.561262968244414,0.84683155590276,0.997402020828956,2.52687134088405,0.997402020827233,0.817588089814596,0.418289886896229,0.656854968712442,2.67846399148003,2.67846399148003,1.11419799572068,0.492309639978965,1.28417183117858,1.1141979957222,0.847917686087017,1.31172760491762,2.74601590444411,0.677342000237973,0.677901607910246,0.421922098795242,1.31172760491762,0.677901607910246,1.31172760491762,0.152557766203135,0.677901607910246,1.31172760491762,1.31172760491762,1.31172760491762,0.12348124740987,0.677901607910246,1.31172760491762,1.31172760491762,1.31172760491762,1.31172760491762,0.677342000237973
1.45837877797938,0.543739302151168,0.952224012467056,1.4327273282518,0.628148949322287,2.08708233198339,1.86444215550803,2.35326690782827,0.957856805562132,0.600436024777291,0.961644455617493,2.30347345564236,2.59402659072144,2.27641264863346,0.589909091780601,0.611793961950199,0.839770092049406,0.990311684109613,2.49452138412489,0.990311684110893,0.814415904420012,0.41468103264672,0.660158505632098,2.66652312399131,2.66652312399131,1.09005927113742,0.497123251102816,1.27214762576836,1.09005927113742,0.841602634765693,1.29976408098829,2.73742598194964,0.670920321833435,0.671686491064122,0.418134020058664,1.29976408098829,0.671686491064122,1.29976408098829,0.15122768737368,0.671686491064122,1.29976408098829,1.29976408098829,1.29976408098829,0.122435479180651,0.671686491064122,1.29976408098829,1.29976408098829,1.29976408098829,1.29976408098829,0.670920321833435
1.3318546690927,0.531137872470562,0.956740476542764,1.39739693335244,0.653061476579671,2.02148368097302,1.80874454511992,2.32875491024272,0.96971323066267,0.598680541581363,0.964096252880908,2.25121258804229,2.58049602696886,2.22568151064426,0.599196602908413,0.565472830496937,0.842554319556246,0.999418925974873,2.47160163027863,0.99941892597477,0.804713643940294,0.414874749252848,0.652831515463035,2.65511133932995,2.65511133932995,1.10178573555321,0.496742609390043,1.27731236331345,1.10178573553299,0.845753589406779,1.30697361021386,2.73223326232678,0.669920891767111,0.674611453669699,0.418694406912584,1.30697361021386,0.674611453669699,1.30697361021386,0.151341599557243,0.674611453669699,1.30697361021386,1.30697361021386,1.30697361021386,0.122514933188704,0.674611453669699,1.30697361021386,1.30697361021386,1.30697361021386,1.30697361021386,0.669920891767111
1.421291174747,0.556131519738278,0.944198379456492,1.42537371018012,0.632540493515333,2.09828322477609,1.86632969152782,2.38050266046217,0.951064354618312,0.592409837232906,0.95637627972173,2.26556818894296,2.57908447223584,2.24579432899053,0.599182672894989,0.571012525384695,0.836774763410862,0.987018874476782,2.49126591955916,0.987018874463953,0.8081615160068,0.415702714829657,0.657915232189416,2.66248911790642,2.66248911790642,1.09440769093463,0.496976962410491,1.28832191576336,1.09440769093934,0.840008452947843,1.30691717722428,2.73153599870881,0.670467066475726,0.671663735088573,0.418474651335187,1.30691717722428,0.671663735088573,1.30691717722428,0.151090098289727,0.671663735088573,1.30691717722428,1.30691717722428,1.30691717722428,0.122245358785072,0.671663735088573,1.30691717722428,1.30691717722428,1.30691717722428,1.30691717722428,0.670467066475726
1.36513756864632,0.537373950208604,0.959650254556221,1.41068794485704,0.662656475624936,2.03497442657719,1.81073900489559,2.33891638575342,0.974086730391849,0.607194321214315,0.969846019969675,2.23806399706631,2.60751433068609,2.21841663306384,0.581373868444924,0.593195228066912,0.848856339464236,1.00643215117614,2.51271214712279,1.00643215116709,0.805897421367067,0.422301112679607,0.661222625654019,2.69230073578907,2.69230073578907,1.1204666360664,0.501539177814342,1.30710000262217,1.1204666360664,0.85212279214132,1.32693027835579,2.76470710856666,0.678576076214191,0.682438413512952,0.424518497608562,1.32693027835579,0.682438413512952,1.32693027835579,0.153363190554909,0.682438413512952,1.32693027835579,1.32693027835579,1.32693027835579,0.124160935821176,0.682438413512952,1.32693027835579,1.32693027835579,1.32693027835579,1.32693027835579,0.678576076214191
1.35743986587185,0.543777915141777,0.961947576363452,1.42826861971906,0.686480069847202,2.1159334357632,1.8025501015012,2.4061597447765,0.973425587520614,0.597550426848868,0.971675957372242,2.19875773340421,2.61376058394183,2.18314278868862,0.593677359511792,0.547274086158326,0.837213837868131,1.00055018827696,2.49760097866706,1.00055018830873,0.794801394262643,0.419619049353638,0.655785879699045,2.69092040810844,2.69092040810844,1.11465956798163,0.491913519789148,1.29958430985731,1.1146595679939,0.849148356442194,1.32172951764248,2.75446519283952,0.677175874447508,0.678183171493438,0.422550990989566,1.32172951764248,0.678183171493438,1.32172951764248,0.152608047147732,0.678183171493438,1.32172951764248,1.32172951764248,1.32172951764248,0.123620273752643,0.678183171493438,1.32172951764248,1.32172951764248,1.32172951764248,1.32172951764248,0.677175874447508
1.48520418513863,0.569302439864316,0.966527782559589,1.51332612164735,0.691679564461776,2.1392981912102,1.87364956832582,2.41280434742518,0.980952641686221,0.59719091626415,0.979344783060187,2.29192276214094,2.63579969059303,2.27478364904305,0.563702997275902,0.574592990339863,0.839305388938136,1.01099595798869,2.56037746148569,1.01099595799876,0.796853599241639,0.418447731223839,0.659869946892682,2.70761127783805,2.70761127783805,1.1234667727998,0.459870738591784,1.28274407399507,1.1234667727998,0.8509128718371,1.31051026163553,2.76260536950363,0.674677848397783,0.678811181319234,0.421416929253519,1.31051026163553,0.678811181319234,1.31051026163553,0.152233369154481,0.678811181319234,1.31051026163553,1.31051026163553,1.31051026163553,0.123294399273642,0.678811181319234,1.31051026163553,1.31051026163553,1.31051026163553,1.31051026163553,0.674677848397783
1.52885061916409,0.545452421837625,0.974642969638313,1.49742995550077,0.646027878757969,2.15748290545683,1.93676732311581,2.44685206886808,0.98894465263905,0.605126365504075,0.982648637572566,2.37379365513486,2.68063595009804,2.35305649299928,0.596388633484419,0.570963958235491,0.856395624751319,1.01839111276495,2.57820451531556,1.0183911127603,0.814172873771358,0.426358072482043,0.675426072596973,2.74410764830911,2.74410764830911,1.12206033434483,0.479019854389477,1.3067411384633,1.12206033435752,0.867106756662995,1.3352053442219,2.80562993440875,0.688326169342163,0.690958651869674,0.429616117107883,1.3352053442219,0.690958651869674,1.3352053442219,0.155213269484944,0.690958651869674,1.3352053442219,1.3352053442219,1.3352053442219,0.125674195694952,0.690958651869674,1.3352053442219,1.3352053442219,1.3352053442219,1.3352053442219,0.688326169342163
1.50062492807802,0.533317363748246,0.966019395823459,1.49878165586266,0.635943203634901,2.19887344255623,1.93422387296835,2.4467486419443,0.97919409602987,0.597445403805218,0.975115578123687,2.35186610526415,2.65449865492666,2.3355527112222,0.585650378005984,0.565872559325729,0.839165779517797,1.00735340321592,2.57080640517228,1.00735340321452,0.803504216337656,0.416153752240465,0.655883753705466,2.71369952258311,2.71369952258311,1.11358812935587,0.504011732953115,1.27994049540311,1.11358812935327,0.84453079921753,1.31172446247793,2.76914708510666,0.67306309221693,0.676536338059885,0.419892327946382,1.31172446247793,0.676536338059885,1.31172446247793,0.151903452944473,0.676536338059885,1.31172446247793,1.31172446247793,1.31172446247793,0.122943914671059,0.676536338059885,1.31172446247793,1.31172446247793,1.31172446247793,1.31172446247793,0.67306309221693
1.39750375883525,0.549852371357355,0.977576033391768,1.35534687233725,0.653222470838519,2.0653901964726,1.81275251928952,2.38153927819854,0.989500284606418,0.60084986799693,0.990474636028201,2.247051744879,2.618826387729,2.22992797789467,0.589454603885567,0.566981067601443,0.850787188424765,1.02142479145153,2.53521254425215,1.02142479139502,0.815021040896472,0.421423581216935,0.665274669846167,2.70740223964588,2.70740223964588,1.13086269014227,0.467062476680908,1.29930344535349,1.13086269014553,0.856458498836309,1.3232097963113,2.77963025180838,0.67930924399974,0.681076271217393,0.424476825925107,1.3232097963113,0.681076271217393,1.3232097963113,0.153333630486733,0.681076271217393,1.3232097963113,1.3232097963113,1.3232097963113,0.124111378637114,0.681076271217393,1.3232097963113,1.3232097963113,1.3232097963113,1.3232097963113,0.67930924399974
1.51201812020371,0.548151486558868,0.971243108048457,1.51097662907621,0.647191113803205,2.19329354474673,1.94383506468021,2.44838837794624,0.982144831725702,0.609821135334625,0.98357798413748,2.35306509504015,2.66353636903339,2.33356959755161,0.587230403661625,0.596477418778467,0.855802610632021,1.01562175950848,2.59319971269194,1.0156217595393,0.822005124077275,0.424803106757575,0.669013419921431,2.73456037757681,2.73456037757681,1.12883744550771,0.506793391831392,1.30262540438131,1.12883744550753,0.859225599023622,1.32784353563764,2.7933354232284,0.685267306021424,0.688205755829971,0.427806164876255,1.32784353563764,0.688205755829971,1.32784353563764,0.154424468605712,0.688205755829971,1.32784353563764,1.32784353563764,1.32784353563764,0.124963230175614,0.688205755829971,1.32784353563764,1.32784353563764,1.32784353563764,1.32784353563764,0.685267306021424
1.44791886342651,0.564560500482125,0.971757941773885,1.41736346367895,0.650387106581208,2.10606436358285,1.85388439148402,2.40998452503384,0.989393287112335,0.603556256433378,0.981804335213915,2.28958764080106,2.66086122023869,2.27452759901089,0.571677715069439,0.575398304024265,0.844075411165607,1.01726649459567,2.56352351592454,1.01726649460179,0.795614649558264,0.422110774362714,0.662324698367106,2.73225095465273,2.73225095465273,1.12861864590057,0.459263292806463,1.29820920868272,1.12861864590066,0.85364799476836,1.32668951985146,2.79235128183459,0.678917440132925,0.684270717718151,0.425022415594605,1.32668951985146,0.684270717718151,1.32668951985146,0.153539791213689,0.684270717718151,1.32668951985146,1.32668951985146,1.32668951985146,0.124262998282972,0.684270717718151,1.32668951985146,1.32668951985146,1.32668951985146,1.32668951985146,0.678917440132925
1.36848596592056,0.536851097885614,0.963150282469667,1.40198441855535,0.666039725690971,2.09017765476164,1.81496163841363,2.36958186230205,0.969928215439901,0.599802179361906,0.975548764316907,2.23514751670875,2.57058688557572,2.21225887745147,0.611324535279195,0.595441906255419,0.839214021586241,1.00288932755627,2.47705082246411,1.00288932755765,0.815788857426863,0.414202312503769,0.656166653420804,2.65705608877333,2.65705608877333,1.10822753769534,0.518740870407157,1.27288984256167,1.10822753766907,0.843218733546664,1.29924386804732,2.73434309024273,0.67013186667092,0.671719330907196,0.41850975638916,1.29924386804732,0.671719330907196,1.29924386804732,0.150953166017088,0.671719330907196,1.29924386804732,1.29924386804732,1.29924386804732,0.122279359463868,0.671719330907196,1.29924386804732,1.29924386804732,1.29924386804732,1.29924386804732,0.67013186667092
1.38828606115834,0.518709652795309,0.942555598291423,1.42058362487838,0.658078716045244,2.06363620444787,1.80669856047489,2.34774410668909,0.949702829324514,0.598949898941042,0.94819693617982,2.20856277429333,2.58170408940391,2.18450148713761,0.603248025901856,0.606122527338961,0.834053604390746,0.976836091344108,2.49089283126159,0.976836091348603,0.81058462814174,0.409754642836955,0.65264615872144,2.65118925520646,2.65118925520646,1.09111019702204,0.505061775445202,1.26217510081204,1.09111019702204,0.835017971146232,1.28889318567129,2.727933247866,0.661341974181862,0.664203946904539,0.413459180456594,1.28889318567129,0.664203946904539,1.28889318567129,0.149530119721184,0.664203946904539,1.28889318567129,1.28889318567129,1.28889318567129,0.121017178794971,0.664203946904539,1.28889318567129,1.28889318567129,1.28889318567129,1.28889318567129,0.661341974181862
1.43537553603851,0.595912635959754,0.981340564163952,1.43704991671788,0.692556106622713,2.082407663036,1.83578228394955,2.40213263343307,0.996276874924122,0.602996798384727,0.989246164580427,2.27198138255918,2.61382678610941,2.25134316998535,0.620816610558947,0.591573232935175,0.848616976051477,1.02374445645284,2.51179349989716,1.02374445644548,0.811485539033436,0.419664660966957,0.666754788591094,2.68494727166067,2.68494727166067,1.1279311894082,0.485164856655601,1.29387127516115,1.1279311894082,0.850095314160185,1.31659373641345,2.75816733020832,0.677440230298634,0.680716775556164,0.423049893673905,1.31659373641345,0.680716775556164,1.31659373641345,0.152783644025828,0.680716775556164,1.31659373641345,1.31659373641345,1.31659373641345,0.123645270573545,0.680716775556164,1.31659373641345,1.31659373641345,1.31659373641345,1.31659373641345,0.677440230298634
1.4731154787959,0.554353116592969,0.956566571770174,1.47103114436263,0.648865565557587,2.17291225601688,1.88722723872348,2.43226613657373,0.964803032693012,0.601172069346303,0.965566283793759,2.25429133160747,2.62346528270802,2.24148796297408,0.595979827287117,0.584968459033401,0.839978542187085,0.992541420664157,2.53582146508656,0.992541420675374,0.808648921979841,0.417488214511942,0.659512312693868,2.68759989945502,2.68759989945502,1.11250398600123,0.484379920765453,1.28708054997922,1.11250398600646,0.847606004295383,1.31756109251452,2.74400934825792,0.675671393406343,0.679062164477944,0.421482174226252,1.31756109251452,0.679062164477944,1.31756109251452,0.152295300375983,0.679062164477944,1.31756109251452,1.31756109251452,1.31756109251452,0.123338350687685,0.679062164477944,1.31756109251452,1.31756109251452,1.31756109251452,1.31756109251452,0.675671393406343
1.45967414595015,0.552159338208269,0.955896871731768,1.47820178008707,0.651508308599543,2.16332303785144,1.90309355601734,2.43985289738807,0.964829249044336,0.602422085021854,0.968926704900957,2.29600057381904,2.64008435614543,2.28105224971341,0.587091647077387,0.594748634444399,0.843315203710821,0.99800799492382,2.56619020835474,0.998007994897598,0.811128969419279,0.418056544258986,0.658064815029439,2.71728947750258,2.71728947750258,1.11199548371152,0.474754538759884,1.28364919922742,1.11199548371393,0.849648261459189,1.31282965473332,2.77864169088792,0.674994436115661,0.677635171597969,0.421929367133929,1.31282965473332,0.677635171597969,1.31282965473332,0.152437330283613,0.677635171597969,1.31282965473332,1.31282965473332,1.31282965473332,0.123306394715507,0.677635171597969,1.31282965473332,1.31282965473332,1.31282965473332,1.31282965473332,0.674994436115661
1.35987673506505,0.567024835791142,0.951812571659417,1.42085545485659,0.640542891273208,2.09811830945248,1.84877285102321,2.37845504265856,0.96680496071676,0.597467163101298,0.965398540938082,2.25716484580284,2.59941713167617,2.24300704975739,0.56016351786882,0.566035459212775,0.83248585552246,0.998806551757241,2.52893037919443,0.99880655175674,0.78970635542582,0.414169886797692,0.643734811437114,2.67663033840217,2.67663033840217,1.11106962668006,0.461574436808327,1.27375876342567,1.11106962667766,0.840864139827705,1.30302751665455,2.7334817507665,0.669374343501273,0.671004501160168,0.417410839009911,1.30302751665455,0.671004501160168,1.30302751665455,0.150777376266942,0.671004501160168,1.30302751665455,1.30302751665455,1.30302751665455,0.122121991811435,0.671004501160168,1.30302751665455,1.30302751665455,1.30302751665455,1.30302751665455,0.669374343501273
1.41908498129658,0.542106735374255,0.934978068781294,1.44935258470636,0.609523810933697,2.12128095411748,1.89389887925409,2.37096789172354,0.940878633132068,0.588552351104441,0.949147069208548,2.29948798310414,2.57663117572362,2.27670773620699,0.571661607366545,0.559394187749811,0.828347237067585,0.977537652673785,2.49491652375556,0.977537652675169,0.799282747643818,0.411100718544442,0.645453431848447,2.65333373095318,2.65333373095318,1.08003168088024,0.484040031498507,1.26382660867267,1.0800316808834,0.834651089730484,1.29177887131244,2.71335611139268,0.664294539106064,0.666656971485275,0.414623637097308,1.29177887131244,0.666656971485275,1.29177887131244,0.149778502650002,0.666656971485275,1.29177887131244,1.29177887131244,1.29177887131244,0.121191191081693,0.666656971485275,1.29177887131244,1.29177887131244,1.29177887131244,1.29177887131244,0.664294539106064
1.46028327360939,0.549098796392423,0.956618292023286,1.51150815887038,0.676183613842208,2.12486844451723,1.87778456537465,2.39135217648794,0.96705263229831,0.59342648167955,0.968878547734827,2.29837882955295,2.59571033403576,2.2803140535223,0.567896079060773,0.574327794344034,0.828205436866822,0.997869863664843,2.50865193622016,0.997869863680656,0.792022041898343,0.414585014372884,0.650135160071086,2.66417955113214,2.66417955113214,1.09924472186016,0.445494073810481,1.28527909798691,1.09924472187906,0.840296843804367,1.30368546980925,2.71755125624338,0.667147280105242,0.670397945681363,0.416687152324104,1.30368546980925,0.670397945681363,1.30368546980925,0.150571634099206,0.670397945681363,1.30368546980925,1.30368546980925,1.30368546980925,0.121855518143601,0.670397945681363,1.30368546980925,1.30368546980925,1.30368546980925,1.30368546980925,0.667147280105242
1.45910577832039,0.529273335750911,0.959042289757098,1.47658135018561,0.642462923805799,2.16733158977799,1.90740192195345,2.43205484122907,0.969847408481945,0.601099751279346,0.970648710739987,2.29232972162582,2.64942112303666,2.27749824154689,0.581024323764357,0.557816279732854,0.84733902423386,1.00161458837025,2.57929552256104,1.00161458841836,0.81405737844374,0.420843446125445,0.661248643863037,2.72156759487877,2.72156759487877,1.12486870079971,0.491752254229838,1.29261929053638,1.12486870077495,0.856971690287865,1.32262347366329,2.78016449454324,0.6808295162693,0.683478557306194,0.424356281654322,1.32262347366329,0.683478557306194,1.32262347366329,0.153451914362434,0.683478557306194,1.32262347366329,1.32262347366329,1.32262347366329,0.12416557081318,0.683478557306194,1.32262347366329,1.32262347366329,1.32262347366329,1.32262347366329,0.6808295162693
1.39367820128554,0.544749384111115,0.938409185370589,1.40676378354421,0.65266282945637,2.04486444687491,1.79283645983678,2.31562697048681,0.950681139340142,0.584892528018792,0.951353830618092,2.20446308116366,2.55606757378288,2.18679641054288,0.568867588522772,0.561460589041744,0.832050854923052,0.98522072169818,2.47590316752267,0.985220721673799,0.791954828759097,0.413051946398805,0.653243658331399,2.64556055827586,2.64556055827586,1.095265109009,0.530232199996468,1.27588559146708,1.095265109009,0.836159187639385,1.29642169979829,2.71518438611166,0.664717158312083,0.666967477745033,0.415530574632886,1.29642169979829,0.666967477745033,1.29642169979829,0.15012063229237,0.666967477745033,1.29642169979829,1.29642169979829,1.29642169979829,0.121528416960491,0.666967477745033,1.29642169979829,1.29642169979829,1.29642169979829,1.29642169979829,0.664717158312083
1.47276489579124,0.58345815656147,0.943973303492098,1.49133771834957,0.674576855244378,2.10720942569451,1.85978606338654,2.39739300932375,0.961083572390011,0.586999860509681,0.956629350952198,2.26825456832026,2.59281901997257,2.25451912842921,0.555394124068647,0.576705740341495,0.819428861346246,0.990563419605955,2.51855920195234,0.990563419579467,0.77069163242729,0.40882132291465,0.644069547113833,2.66174460565131,2.66174460565131,1.09588234282762,0.423092650021705,1.26031789579357,1.09588234283038,0.830189098123122,1.28889594824642,2.71210219706912,0.658328603913491,0.662542329527972,0.412054260882008,1.28889594824642,0.662542329527972,1.28889594824642,0.148809776933725,0.662542329527972,1.28889594824642,1.28889594824642,1.28889594824642,0.120477510341453,0.662542329527972,1.28889594824642,1.28889594824642,1.28889594824642,1.28889594824642,0.658328603913491
1.42308819635893,0.557263734645927,0.985368567453004,1.47755161555381,0.683041784761449,2.13982496543961,1.88553636976393,2.41875272534245,0.998489585603726,0.607041181803534,1.00258611631344,2.32754005704864,2.63577453298041,2.31244521181462,0.569797361614938,0.57412909518398,0.850455527533655,1.03402624105108,2.56937436246996,1.03402624104845,0.812161084682086,0.423393436394229,0.660729690503999,2.72078600992071,2.72078600992071,1.13844618546864,0.464119000993128,1.30549361065254,1.13844618546864,0.857255631716198,1.32837109863036,2.77897584424863,0.682153268517515,0.684347763065428,0.426030722800584,1.32837109863036,0.684347763065428,1.32837109863036,0.153817733182062,0.684347763065428,1.32837109863036,1.32837109863036,1.32837109863036,0.124474440397565,0.684347763065428,1.32837109863036,1.32837109863036,1.32837109863036,1.32837109863036,0.682153268517515
1.43342581080976,0.556253720998531,0.952453903135774,1.49296066286666,0.632296031711874,2.17129075993979,1.93004737536666,2.43395585495443,0.960131165971165,0.601154159635122,0.961174221696431,2.32217627646618,2.61125942257677,2.30101321384448,0.610107817876411,0.569531029198342,0.839224480451026,0.990735528203211,2.51512574648388,0.990735528215469,0.807231099217344,0.416215128150627,0.654446307965142,2.67401514165345,2.67401514165345,1.09320748749094,0.486178602567831,1.28421136282826,1.09320748749559,0.848170604962006,1.31093512824593,2.73246692951115,0.673793095049201,0.67487894786223,0.42014971385357,1.31093512824593,0.67487894786223,1.31093512824593,0.151924013866748,0.67487894786223,1.31093512824593,1.31093512824593,1.31093512824593,0.122987861829605,0.67487894786223,1.31093512824593,1.31093512824593,1.31093512824593,1.31093512824593,0.673793095049201
1.4643148978917,0.588723538624831,0.985962273174009,1.52979035367821,0.676341670806794,2.21815102769572,1.93835853281972,2.46420736041318,0.996039232529802,0.612508666343087,0.998441535485522,2.3634861042902,2.66174112030278,2.34478586010269,0.601174582971409,0.612006201214635,0.854470162310051,1.02790832080059,2.59038011325387,1.02790832079571,0.826055399283472,0.420611251077149,0.661548122759309,2.73139875038443,2.73139875038443,1.13401897472304,0.523105869271523,1.29294867309604,1.13401897472058,0.854191193372146,1.32009308600424,2.7929276302727,0.680278635410419,0.68125308938777,0.424302250451624,1.32009308600424,0.68125308938777,1.32009308600424,0.1533834180804,0.68125308938777,1.32009308600424,1.32009308600424,1.32009308600424,0.124167958665846,0.68125308938777,1.32009308600424,1.32009308600424,1.32009308600424,1.32009308600424,0.680278635410419
1.36437747333252,0.582701422374414,0.958442844577753,1.36494318683598,0.646576026867713,2.10185601880779,1.79675724792971,2.38988409246639,0.967254911044064,0.599658868227189,0.96530280987404,2.20406495080571,2.59485949142362,2.18339929974619,0.606689828254425,0.588903668759872,0.828585528502431,0.991830402706568,2.48661798192699,0.991830402722938,0.800717732667047,0.413553034483094,0.650171369682904,2.66273862601739,2.66273862601739,1.10290040852981,0.486092955221463,1.27792721894549,1.10290040852981,0.839605299096389,1.29485555854445,2.73164813058903,0.667846806437062,0.6699545823318,0.416009961587011,1.29485555854445,0.6699545823318,1.29485555854445,0.150367824215182,0.6699545823318,1.29485555854445,1.29485555854445,1.29485555854445,0.121707764205906,0.6699545823318,1.29485555854445,1.29485555854445,1.29485555854445,1.29485555854445,0.667846806437062
1.4337515381625,0.554266668135988,0.932836079664288,1.46886067123703,0.634223840534456,2.11711153900333,1.87618883879253,2.38729731144943,0.947724456239387,0.586578270697704,0.947723354288528,2.25453487189828,2.59752577781001,2.24281441554491,0.539874101404946,0.531894914941616,0.822953931181182,0.981006923074178,2.52837574642736,0.981006923072735,0.774405528195317,0.414927545001411,0.643943080607435,2.67230773473595,2.67230773473595,1.09963414837552,0.434483038750727,1.27629707104596,1.09963414837552,0.840837197877585,1.29838980228809,2.71987296475595,0.666936150864978,0.668682222416847,0.417108704543473,1.29838980228809,0.668682222416847,1.29838980228809,0.150628699981674,0.668682222416847,1.29838980228809,1.29838980228809,1.29838980228809,0.121906744846287,0.668682222416847,1.29838980228809,1.29838980228809,1.29838980228809,1.29838980228809,0.666936150864978
1.41236497462898,0.537588637484108,0.955891775090784,1.43652608342586,0.664080098202949,2.06180124871851,1.81573890055963,2.33194473255219,0.972623799642764,0.593325834719956,0.967963128908641,2.27030294607918,2.57538481013986,2.24920833196219,0.5660558978178,0.58899071734515,0.827612374166316,1.00400989920888,2.47955750301586,1.00400989919961,0.784289210268036,0.412650160437614,0.651195258396317,2.65258183785091,2.65258183785091,1.10304351379578,0.51136330257843,1.26627392036892,1.10304351380525,0.837487150378424,1.29408383155608,2.71695296282209,0.663878812080629,0.669086401462336,0.415766671162266,1.29408383155608,0.669086401462336,1.29408383155608,0.150065392273423,0.669086401462336,1.29408383155608,1.29408383155608,1.29408383155608,0.121573494938745,0.669086401462336,1.29408383155608,1.29408383155608,1.29408383155608,1.29408383155608,0.663878812080629
1.3867457254831,0.555551657430689,0.969044895571965,1.39727601609806,0.649424129771491,2.11337668022112,1.84150241035531,2.41547621946876,0.98797288142511,0.594504442436563,0.983659810484083,2.29738687700459,2.6229675041498,2.27982381850721,0.560207414556447,0.548638075947604,0.827920234132964,1.01859461743159,2.51209046033267,1.01859461744511,0.774551135950794,0.418036833291406,0.650474713415162,2.70321706258057,2.70321706258057,1.1150756770941,0.443922394937099,1.28392999938562,1.11507567707982,0.846264808030302,1.30978827837935,2.75777449954638,0.674843252249964,0.678130441900392,0.420979709019657,1.30978827837935,0.678130441900392,1.30978827837935,0.152050866863281,0.678130441900392,1.30978827837935,1.30978827837935,1.30978827837935,0.12315114785717,0.678130441900392,1.30978827837935,1.30978827837935,1.30978827837935,1.30978827837935,0.674843252249964
1.42463583144511,0.546289704651225,0.9444182736195,1.50687421699325,0.664254547133172,2.13951094918021,1.90108991566722,2.42450317169465,0.959725140639219,0.592313971455533,0.957675018843176,2.28252289130363,2.59055640173227,2.26530081812642,0.582560899653924,0.560329706318009,0.829497925768887,0.99304577206662,2.51870683787664,0.99304577206359,0.783666925281555,0.413965971861046,0.645386740975888,2.66344900952721,2.66344900952721,1.10309035829503,0.45913891507836,1.28137393772163,1.10309035829503,0.836904569481554,1.29799713414787,2.71711438154064,0.665065857126056,0.669037740382918,0.416346945380992,1.29799713414787,0.669037740382918,1.29799713414787,0.15034343545139,0.669037740382918,1.29799713414787,1.29799713414787,1.29799713414787,0.121687512141437,0.669037740382918,1.29799713414787,1.29799713414787,1.29799713414787,1.29799713414787,0.665065857126056
1.42672171518225,0.598436372438854,0.990804216518242,1.42988124216657,0.657200827335042,2.15957346970922,1.89354917657625,2.45552957919734,1.00211395195085,0.611366595605509,0.999026172040983,2.31136723588873,2.66376973318635,2.28946562167081,0.623638531353505,0.567464976726998,0.862683595721064,1.03002251100365,2.58013272529558,1.03002251100161,0.83201199689565,0.425741713443793,0.669626101399215,2.73174255118117,2.73174255118117,1.14368257668862,0.493492683182197,1.30943039424637,1.14368257668842,0.863846898321221,1.33222003349376,2.80066668885649,0.686235938160227,0.688141039332097,0.429025576476771,1.33222003349376,0.688141039332097,1.33222003349376,0.154892886248191,0.688141039332097,1.33222003349376,1.33222003349376,1.33222003349376,0.125466592768845,0.688141039332097,1.33222003349376,1.33222003349376,1.33222003349376,1.33222003349376,0.686235938160227
1.50009818005898,0.527266429306557,0.938993025398101,1.55224636601154,0.646094489848732,2.20777062867417,1.95227828785473,2.45157417349982,0.949012942487181,0.594508841356063,0.953877628541704,2.31432420072473,2.6304708817932,2.30114540053346,0.571104800139129,0.566268674562372,0.836323992215664,0.985162505000961,2.5733772547701,0.985162504968036,0.799371640729634,0.416031171943266,0.654435612179896,2.70437416025689,2.70437416025689,1.10394250149958,0.49416255275317,1.28653209198791,1.10394250149958,0.845741178490192,1.31002686572628,2.75581768473553,0.670050309590398,0.672731031734677,0.419006365928739,1.31002686572628,0.672731031734677,1.31002686572628,0.151537123814874,0.672731031734677,1.31002686572628,1.31002686572628,1.31002686572628,0.12265862315306,0.672731031734677,1.31002686572628,1.31002686572628,1.31002686572628,1.31002686572628,0.670050309590398
1.28894228110181,0.520475161107116,0.934820297147187,1.33692264267334,0.633398786982437,2.02341265091826,1.77297916125519,2.32668749860513,0.942736788610635,0.592557009354991,0.946136035111525,2.15452577505124,2.54125346584827,2.13221095896382,0.594037054472986,0.563534672863245,0.832800310192279,0.976067852017799,2.46227521164974,0.97606785201807,0.803337833706977,0.411000595266028,0.643565854754131,2.63304374195973,2.63304374195973,1.09441961439044,0.49485847030512,1.27412390841212,1.09441961439044,0.832938133070214,1.29564389714757,2.70957926846465,0.664005338909895,0.66544470763426,0.414218484424565,1.29564389714757,0.66544470763426,1.29564389714757,0.149754156427509,0.66544470763426,1.29564389714757,1.29564389714757,1.29564389714757,0.121251436784243,0.66544470763426,1.29564389714757,1.29564389714757,1.29564389714757,1.29564389714757,0.664005338909895
1.40175743285328,0.557739236114712,0.979705186981761,1.43070084049766,0.667590204372886,2.14067331374644,1.85518872057145,2.42511597787813,0.997031127939919,0.602020414121072,0.991962942094048,2.28372735071035,2.64490115583724,2.2696042591489,0.581576597987522,0.54847644461264,0.848660552126983,1.02702838375017,2.55696981511281,1.0270283837601,0.80026006834578,0.424927736735711,0.661516573408765,2.72279893818056,2.72279893818056,1.13607417075782,0.503769592020897,1.30817184659586,1.13607417075782,0.85787595138209,1.32772901504692,2.78301942161449,0.683077766832807,0.686831708217045,0.427240198086334,1.32772901504692,0.686831708217045,1.32772901504692,0.154255091583185,0.686831708217045,1.32772901504692,1.32772901504692,1.32772901504692,0.124786780560401,0.686831708217045,1.32772901504692,1.32772901504692,1.32772901504692,1.32772901504692,0.683077766832807
1.39788376317269,0.590124867702997,0.963458831514375,1.43883142360986,0.695133717471257,2.09241688023316,1.81416310262823,2.41194616493888,0.980807930196631,0.598899247875797,0.977510825558269,2.22243179756964,2.63366624488119,2.21123623461636,0.557315995991837,0.566231277107761,0.833150824797107,1.01029780956314,2.55088223739697,1.01029780955598,0.782835500957946,0.417585136703824,0.653299734290686,2.71747743808317,2.71747743808317,1.12828056949751,0.426357766049761,1.27787491490077,1.128280569499,0.848914827756522,1.30903563027197,2.77479999175823,0.674228118789156,0.677552046341118,0.421027477288644,1.30903563027197,0.677552046341118,1.30903563027197,0.152213823025842,0.677552046341118,1.30903563027197,1.30903563027197,1.30903563027197,0.123223779877281,0.677552046341118,1.30903563027197,1.30903563027197,1.30903563027197,1.30903563027197,0.674228118789156
1.39601461970303,0.557062236257643,0.962189307516262,1.42647422581523,0.630529207439677,2.13880764422365,1.88885323707536,2.42080481268074,0.971690677318101,0.611502541224192,0.969259205975425,2.31924538873235,2.64516768626832,2.29588287213047,0.623109985168145,0.601605059349314,0.853596596510457,1.00308961926582,2.53911570907914,1.00308961925742,0.821897669226671,0.420893540487498,0.664233166330511,2.71975693729771,2.71975693729771,1.10720081617846,0.552662194260866,1.29778289166605,1.1072008161887,0.853878246879617,1.32569793314874,2.79718563033651,0.681384956641653,0.681775404939374,0.424996825151475,1.32569793314874,0.681775404939374,1.32569793314874,0.153499352862786,0.681775404939374,1.32569793314874,1.32569793314874,1.32569793314874,0.124246590572017,0.681775404939374,1.32569793314874,1.32569793314874,1.32569793314874,1.32569793314874,0.681384956641653
1.43045581813221,0.549802566503713,0.96190419026711,1.41025525852893,0.618740085161144,2.09267241298922,1.866940211602,2.35988603045236,0.971880000711198,0.594075752029881,0.971089912213539,2.29823687132958,2.59756812444126,2.27407394869277,0.580744009751937,0.550050517518544,0.84080250243685,1.00183964350608,2.50795303868779,1.00183964342758,0.807987062398616,0.417422450222386,0.656486631749344,2.66361415765354,2.66361415765354,1.10592090894747,0.477796309127824,1.28258521341016,1.10592090899199,0.844078458813583,1.30231512589067,2.72647826077882,0.671019071174335,0.674945834905196,0.419671598745924,1.30231512589067,0.674945834905196,1.30231512589067,0.151420029928845,0.674945834905196,1.30231512589067,1.30231512589067,1.30231512589067,0.122659059883919,0.674945834905196,1.30231512589067,1.30231512589067,1.30231512589067,1.30231512589067,0.671019071174335
1.47976210082487,0.562464207130112,0.95008185671352,1.48155409921161,0.652288710182322,2.16313037129443,1.90230801405683,2.44585518163988,0.964589372525388,0.587126128767242,0.961882275958752,2.27321187317436,2.61677111870513,2.26243827678132,0.581578154894561,0.55083885874046,0.830236557021624,0.994442328433095,2.55473707609673,0.994442328430541,0.788961565979994,0.412243328414501,0.647773725526212,2.68400699769863,2.68400699769863,1.11216213608519,0.447173893255186,1.27429716618795,1.11216213608519,0.836816691631412,1.2966126519121,2.73660426918214,0.6638563043196,0.667298633656017,0.415287411112938,1.2966126519121,0.667298633656017,1.2966126519121,0.15014541829539,0.667298633656017,1.2966126519121,1.2966126519121,1.2966126519121,0.121537324867669,0.667298633656017,1.2966126519121,1.2966126519121,1.2966126519121,1.2966126519121,0.6638563043196
1.45068004508125,0.545734187799529,0.982048220193422,1.49302015962742,0.681105492924423,2.18582264600962,1.89837916211164,2.47222739004164,0.994337951133739,0.619273826494646,0.991035813794439,2.29859413431428,2.69079765947935,2.28338733884082,0.602819443466647,0.591712925879773,0.860362745149415,1.0223121168589,2.59129302577415,1.02231211688548,0.819558063730144,0.431053189576687,0.67400323946948,2.76073058820218,2.76073058820218,1.14189668246252,0.49554945742468,1.32804233767109,1.14189668246252,0.87225417649118,1.35132863868062,2.82146051685529,0.693635582268555,0.697925409270166,0.433878779674922,1.35132863868062,0.697925409270166,1.35132863868062,0.15678544629993,0.697925409270166,1.35132863868062,1.35132863868062,1.35132863868062,0.126949645268088,0.697925409270166,1.35132863868062,1.35132863868062,1.35132863868062,1.35132863868062,0.693635582268555
1.41444143962898,0.561695855463293,0.968820841777802,1.43839694702063,0.662600164846035,2.0970487072767,1.85017937922507,2.38005396310471,0.978333089163999,0.605412474388203,0.985843493809439,2.30841749774517,2.63983360414224,2.28631968898301,0.567740488075605,0.582715159027508,0.849729401801722,1.01625662187844,2.53681653058975,1.01625662184418,0.81021383142342,0.425389355443475,0.668013718466422,2.73791405015017,2.73791405015017,1.11964293465536,0.488236570517071,1.30864920526583,1.11964293465345,0.862747457327335,1.3381704865358,2.80559416769819,0.684601926822309,0.687493397967814,0.428579646740907,1.3381704865358,0.687493397967814,1.3381704865358,0.154734657116306,0.687493397967814,1.3381704865358,1.3381704865358,1.3381704865358,0.125336649515263,0.687493397967814,1.3381704865358,1.3381704865358,1.3381704865358,1.3381704865358,0.684601926822309
1.31906757863587,0.583435723054089,0.964225770114459,1.36616380719314,0.666472679643255,2.03756038163018,1.76886597955186,2.33943464356832,0.977563540666154,0.607684157354262,0.975725753104189,2.19985698590849,2.61014024040334,2.17915062704875,0.574663634738498,0.585914022984278,0.844904076827776,1.00809013154759,2.50638440540962,1.00809013158414,0.802520603324347,0.421875057882146,0.658134165629365,2.70076516584649,2.70076516584649,1.12206483775769,0.500025563915605,1.29967762585366,1.12206483775769,0.855873050151406,1.32094799246407,2.77393551315741,0.680250854170564,0.684053617244751,0.424242203408731,1.32094799246407,0.684053617244751,1.32094799246407,0.153456265083242,0.684053617244751,1.32094799246407,1.32094799246407,1.32094799246407,0.124191007820057,0.684053617244751,1.32094799246407,1.32094799246407,1.32094799246407,1.32094799246407,0.680250854170564
1.34996663013154,0.532986954509668,0.957319468645226,1.44964096994819,0.671435822320903,2.07725564241539,1.83676074610358,2.35424736647509,0.964082884480453,0.598082286575574,0.968647235637477,2.26251320893111,2.57684691933454,2.24135934029223,0.595717526826558,0.576849094067222,0.841290398742869,0.997458803469015,2.49934422534601,0.99745880342047,0.818504322200443,0.413478999231726,0.648565626182633,2.65749192158701,2.65749192158701,1.10143204280492,0.500222580000671,1.27848332372301,1.10143204280492,0.836569917771669,1.2992542691459,2.73094292797848,0.667183606805874,0.670299673596975,0.416371401103575,1.2992542691459,0.670299673596975,1.2992542691459,0.15045041525422,0.670299673596975,1.2992542691459,1.2992542691459,1.2992542691459,0.12171359560514,0.670299673596975,1.2992542691459,1.2992542691459,1.2992542691459,1.2992542691459,0.667183606805874
1.42581314254695,0.543457284645935,0.969592410894379,1.45055896797033,0.681724835610488,2.15206729434891,1.84748773798029,2.43792824004346,0.983198426285088,0.606870639093118,0.980764604979241,2.24379393737283,2.64638888693636,2.22961324018785,0.596457529177963,0.59084447401532,0.847804546904691,1.01241980914086,2.55768279237209,1.01241980915226,0.80562556378867,0.421839536184504,0.663724541347956,2.725160801515,2.725160801515,1.13107631898468,0.512621426003351,1.29305108284988,1.13107631898468,0.855543187699032,1.32227262734263,2.79034792612893,0.679742209510454,0.682679749659234,0.425786060063878,1.32227262734263,0.682679749659234,1.32227262734263,0.153738013977734,0.682679749659234,1.32227262734263,1.32227262734263,1.32227262734263,0.124411084748127,0.682679749659234,1.32227262734263,1.32227262734263,1.32227262734263,1.32227262734263,0.679742209510454
1.3673403910046,0.543001773829044,0.943181277042752,1.37988180087249,0.642647611243881,2.07048582526745,1.81817880876433,2.3803655049665,0.955899464517172,0.585533973574744,0.960175050962073,2.20876991619712,2.59029984168704,2.19276239364332,0.560680184284173,0.524424219814757,0.833027786675217,0.99171108987631,2.52283605796804,0.991711089860215,0.790118286429091,0.415044951532869,0.650270655451338,2.68690207494926,2.68690207494926,1.1099950906762,0.445148401795745,1.2730092360736,1.10999509070354,0.841715573451489,1.30197251704328,2.74940909928378,0.669307343465962,0.673606151491947,0.418698108322381,1.30197251704328,0.673606151491947,1.30197251704328,0.151124070248313,0.673606151491947,1.30197251704328,1.30197251704328,1.30197251704328,0.122382322971545,0.673606151491947,1.30197251704328,1.30197251704328,1.30197251704328,1.30197251704328,0.669307343465962
1.42915054935185,0.560683971126441,0.946952857971066,1.42605950723879,0.614266259871475,2.14536802622168,1.90360069683801,2.42728178413972,0.958617196428352,0.599024758239135,0.962128533242453,2.30137146556227,2.63177643561795,2.28453922070214,0.56914158090009,0.570037931460374,0.839035005074092,0.994807681393296,2.56276202072586,0.99480768142053,0.798606174819653,0.418776498869074,0.654916771526055,2.71488228195885,2.71488228195885,1.10818080608914,0.466334914507105,1.29457951667661,1.10818080609409,0.846880537795074,1.31453189577242,2.77273646181565,0.673745945767483,0.677072741846025,0.421201012797632,1.31453189577242,0.677072741846025,1.31453189577242,0.152247905979905,0.677072741846025,1.31453189577242,1.31453189577242,1.31453189577242,0.123269856500057,0.677072741846025,1.31453189577242,1.31453189577242,1.31453189577242,1.31453189577242,0.673745945767483
1.3856472843967,0.535928292627974,0.974602982839643,1.40079691463785,0.670944227670709,2.04419253319997,1.81403858573112,2.34745509043549,0.987185135330895,0.605523397741997,0.9878332203626,2.25105047714466,2.59202813313906,2.23147006458478,0.579874704427831,0.5888280938447,0.848450872535626,1.01953137183064,2.51606983056571,1.01953137181123,0.813309396294437,0.420389911009271,0.661255123499971,2.67569940808569,2.67569940808569,1.12760284684882,0.460881469733156,1.28709153435766,1.12760284684882,0.853787292603881,1.31621741909803,2.74390381172242,0.676433003609073,0.680092343800953,0.423829801575293,1.31621741909803,0.680092343800953,1.31621741909803,0.152987787382792,0.680092343800953,1.31621741909803,1.31621741909803,1.31621741909803,0.123855835495921,0.680092343800953,1.31621741909803,1.31621741909803,1.31621741909803,1.31621741909803,0.676433003609073
1.37696284460292,0.560299192526702,0.946720078158368,1.44200033196537,0.648770723844497,2.06076249780336,1.84525668102494,2.34470606124137,0.955222509582666,0.599231256267647,0.957838722320647,2.24790552444725,2.58013241405944,2.22652085216707,0.579795322504197,0.573362038954707,0.838918414800553,0.988597405086338,2.50198751808076,0.988597405086464,0.810026015360599,0.416194733763447,0.652685142993361,2.65750891361475,2.65750891361475,1.10383139633813,0.470552783693719,1.28099599772594,1.10383139633798,0.844118649527313,1.30766356644673,2.72336520018955,0.671305507936572,0.672412021189912,0.419379646376355,1.30766356644673,0.672412021189912,1.30766356644673,0.151443431940363,0.672412021189912,1.30766356644673,1.30766356644673,1.30766356644673,0.122583747268886,0.672412021189912,1.30766356644673,1.30766356644673,1.30766356644673,1.30766356644673,0.671305507936572
1.40538240056412,0.554243375738316,0.967417003420101,1.46904346163897,0.660149851989872,2.16770217834101,1.89202456005866,2.43435876538409,0.974021927436696,0.618637512076533,0.975977962334708,2.27000210097276,2.64074718034081,2.25294312927262,0.624114172947126,0.619309372722301,0.859997292815006,1.00610182593968,2.5619809114677,1.00610182593968,0.836038431795822,0.424187484667007,0.668482635028129,2.71742381095634,2.71742381095634,1.12947417910174,0.555805362327827,1.31748572596772,1.12947417913095,0.86019192212506,1.33751324109993,2.78943988741074,0.683415641130301,0.687270012387621,0.427193560806221,1.33751324109993,0.687270012387621,1.33751324109993,0.154469553700548,0.687270012387621,1.33751324109993,1.33751324109993,1.33751324109993,0.125034627017403,0.687270012387621,1.33751324109993,1.33751324109993,1.33751324109993,1.33751324109993,0.683415641130301
1.4513533456356,0.592722964878366,0.982452995633335,1.49370361006603,0.644980830014106,2.20519004248264,1.93540960529812,2.43819208595047,0.989980812838508,0.609024481893293,0.995276570988366,2.36277191605901,2.66106630049125,2.34040184306127,0.588953568633854,0.575074592125724,0.858961561018913,1.02353094772658,2.59254449214348,1.02353094761925,0.833438049455001,0.423854318624237,0.662764121360575,2.73296078779753,2.73296078779753,1.13279714801804,0.533720723604492,1.30439409609425,1.13279714801804,0.860923565550703,1.32699540975282,2.794547309755,0.682915320940074,0.685331742151303,0.426551610454386,1.32699540975282,0.685331742151303,1.32699540975282,0.154318523327078,0.685331742151303,1.32699540975282,1.32699540975282,1.32699540975282,0.124947418108265,0.685331742151303,1.32699540975282,1.32699540975282,1.32699540975282,1.32699540975282,0.682915320940074
1.39328535322489,0.558995208108022,0.977057996556877,1.47281870667137,0.689124896008449,2.08904370090834,1.84318057846377,2.36388438188896,0.989210632588115,0.59395259715603,0.99141181149525,2.29401593019376,2.59958447973369,2.27678480007842,0.556471543138198,0.533273527670197,0.834585855050455,1.02025325040302,2.51802738850812,1.02025325040103,0.798956438164044,0.417771798699362,0.650704431506382,2.67383445131256,2.67383445131256,1.12159985396441,0.433483085492798,1.28588439285608,1.12159985396441,0.845408572613405,1.31183466460137,2.72872085482546,0.673394360335153,0.674466657129031,0.42038067611229,1.31183466460137,0.674466657129031,1.31183466460137,0.151832372344345,0.674466657129031,1.31183466460137,1.31183466460137,1.31183466460137,0.122884942805783,0.674466657129031,1.31183466460137,1.31183466460137,1.31183466460137,1.31183466460137,0.673394360335153
1.37749475971212,0.53555093471128,0.952566742074689,1.40662521470012,0.673926843249285,2.04851283019853,1.77608857685641,2.32030003778262,0.959100524337595,0.599679397510556,0.965565605669447,2.2062396202552,2.57891654957681,2.18281152573151,0.575409124178069,0.6011729512412,0.836451976099714,0.992591317318868,2.48318495693903,0.99259131732956,0.808421755006156,0.417508710597604,0.659261379702732,2.67269579865415,2.67269579865415,1.10286797155744,0.514097209648878,1.28360387875812,1.10286797155744,0.846485300341606,1.30307298142456,2.74887227887336,0.670152861299065,0.673707469879435,0.419865641067323,1.30307298142456,0.673707469879435,1.30307298142456,0.151485456689339,0.673707469879435,1.30307298142456,1.30307298142456,1.30307298142456,0.122621586469907,0.673707469879435,1.30307298142456,1.30307298142456,1.30307298142456,1.30307298142456,0.670152861299065
1.46299896330457,0.534553884806145,0.962924917992195,1.54647928097863,0.666399121244308,2.19420604827814,1.92825200109867,2.44343450022301,0.972787748222974,0.603530848050615,0.972259185064196,2.32364382872015,2.64279537135823,2.305416263971,0.591221247549331,0.564530359076513,0.844177537343661,1.00189957173077,2.54297585660212,1.00189957176273,0.804635785742917,0.422570908169125,0.660096144516922,2.70461346608719,2.70461346608719,1.11051579209794,0.494746390782754,1.29728336570452,1.11051579208757,0.858185294516515,1.32070738749139,2.75912374455426,0.679932635333636,0.682254078479365,0.425420707462351,1.32070738749139,0.682254078479365,1.32070738749139,0.15365821978199,0.682254078479365,1.32070738749139,1.32070738749139,1.32070738749139,0.124405041349696,0.682254078479365,1.32070738749139,1.32070738749139,1.32070738749139,1.32070738749139,0.679932635333636
1.36436466213251,0.53832517555226,0.938779963051082,1.36525860285205,0.645236777451074,1.99571180732814,1.7659367836495,2.28555266946518,0.947406689953731,0.587251474150703,0.95157230622938,2.19081743626083,2.54285149825924,2.17172104682568,0.570670524616654,0.564505375700758,0.830736557309487,0.982522697829559,2.44875730983865,0.982522697862023,0.79792888627529,0.413921723824484,0.654080627597045,2.63752713536399,2.63752713536399,1.0892376776109,0.494576944558091,1.27964209668087,1.08923767760718,0.834548922581694,1.29675931621276,2.71310355887552,0.666365926843862,0.668786709260687,0.415983990609189,1.29675931621276,0.668786709260687,1.29675931621276,0.150149962034201,0.668786709260687,1.29675931621276,1.29675931621276,1.29675931621276,0.121534135608031,0.668786709260687,1.29675931621276,1.29675931621276,1.29675931621276,1.29675931621276,0.666365926843862
1.41310064445953,0.54532163435005,0.968061791792063,1.50575911549293,0.687779431095082,2.18850651104685,1.87179159886089,2.43930161471135,0.980793235800738,0.600766427686088,0.981071872639108,2.26989159318889,2.63682670893885,2.25927789604413,0.570655852936714,0.538752339306461,0.837507041599342,1.00996301395351,2.54485328644816,1.0099630139338,0.793484084671149,0.421002696731878,0.655571135429275,2.70908774863805,2.70908774863805,1.12255431696242,0.494559047121208,1.29370761024529,1.12255431696242,0.856525959028718,1.32185983945421,2.7606111044599,0.678734503764899,0.683225942561465,0.424243779765016,1.32185983945421,0.683225942561465,1.32185983945421,0.153507739558142,0.683225942561465,1.32185983945421,1.32185983945421,1.32185983945421,0.124187755088592,0.683225942561465,1.32185983945421,1.32185983945421,1.32185983945421,1.32185983945421,0.678734503764899
1.47244689715283,0.534584906218229,0.953834021827649,1.50865976250282,0.677728840642556,2.09520052981538,1.87185346183363,2.37332132775464,0.96853220355043,0.588942018258494,0.964813881079777,2.29424325130689,2.58865297567157,2.27421865731224,0.571912700867498,0.562533977309719,0.832765015843993,0.999080736571336,2.51417399349047,0.999080736614905,0.792619561427132,0.412185658549865,0.652919563313017,2.65565861583017,2.65565861583017,1.10274190596583,0.457202321878635,1.27180837282977,1.10274190599087,0.837595249102461,1.30063542962133,2.7123498983587,0.664939084641761,0.667166175959286,0.415493551257686,1.30063542962133,0.667166175959286,1.30063542962133,0.150207937148379,0.667166175959286,1.30063542962133,1.30063542962133,1.30063542962133,0.121569969891816,0.667166175959286,1.30063542962133,1.30063542962133,1.30063542962133,1.30063542962133,0.664939084641761
1.38723920459265,0.552500671078868,0.955232332972873,1.38164555784115,0.641454168557541,2.09992046233939,1.84414924269771,2.42472601410582,0.969088183325994,0.602309417932939,0.967247321540541,2.25157188086219,2.62635704430859,2.23240385804825,0.605362797588415,0.580896712068549,0.844476792984183,1.0027191522474,2.52542473520839,1.00271915224837,0.800456475370986,0.421539157345724,0.662570372168454,2.71740588265508,2.71740588265508,1.11400124310219,0.497545876848717,1.30130906464804,1.1140012430993,0.856366818857563,1.32129752522495,2.79039088902669,0.678061801847523,0.682311362341036,0.424606319092196,1.32129752522495,0.682311362341036,1.32129752522495,0.153364816561172,0.682311362341036,1.32129752522495,1.32129752522495,1.32129752522495,0.124127685447786,0.682311362341036,1.32129752522495,1.32129752522495,1.32129752522495,1.32129752522495,0.678061801847523
1.34226050430157,0.57869689226977,0.960478895856068,1.34094395123257,0.643230353153132,2.03491574652223,1.77544755247749,2.33693758717637,0.970819231546748,0.602549695519691,0.967785087700801,2.20463891218842,2.57371770883753,2.18151975534528,0.600716567578049,0.606922216798139,0.835612987106919,0.997284691381996,2.45872417372824,0.997284691410792,0.802592685169903,0.414059706962873,0.650583046952032,2.64645771142455,2.64645771142455,1.10245355276956,0.484225777500182,1.27403249057431,1.10245355272583,0.84040899991122,1.3004661251161,2.72109535124443,0.669264989947715,0.670833116478119,0.417600190891338,1.3004661251161,0.670833116478119,1.3004661251161,0.15084137326867,0.670833116478119,1.3004661251161,1.3004661251161,1.3004661251161,0.122115987700232,0.670833116478119,1.3004661251161,1.3004661251161,1.3004661251161,1.3004661251161,0.669264989947715
1.33535629606254,0.564973012443008,0.945012720854828,1.39406607328156,0.657887435437084,2.08883931661004,1.78623856279919,2.37890860459628,0.958118619705978,0.589258607607004,0.955097985035203,2.18100919662398,2.57876691497576,2.16873165874652,0.567828916325198,0.531864763261122,0.815939363110714,0.983266715394345,2.4627187851718,0.983266715372326,0.769994301284346,0.410866264952442,0.640672000166633,2.64819205207474,2.64819205207474,1.09230100210088,0.438888468930741,1.26298651206352,1.09230100206586,0.837327149263359,1.29448917922749,2.7023712656224,0.663748890782079,0.667243907286656,0.414622836231265,1.29448917922749,0.667243907286656,1.29448917922749,0.149918190125326,0.667243907286656,1.29448917922749,1.29448917922749,1.29448917922749,0.121389135866031,0.667243907286656,1.29448917922749,1.29448917922749,1.29448917922749,1.29448917922749,0.663748890782079
1.46499022336509,0.531705582990707,0.961942251541089,1.55199230476034,0.677458579475379,2.17867338461316,1.92133321882663,2.42610811892109,0.972384530652302,0.600505546533601,0.972904628548043,2.33514702881411,2.619196690348,2.31242758543707,0.593735299465501,0.587032230664996,0.840026502251665,1.00405675634244,2.53640867633057,1.00405675634562,0.806021971963538,0.416888022252711,0.654421435525338,2.68579667419686,2.68579667419686,1.10753828671651,0.512571859484427,1.28276952747165,1.10753828671965,0.842852522467394,1.30238759057262,2.74513460114978,0.671733932999484,0.673196123696094,0.419533543252507,1.30238759057262,0.673196123696094,1.30238759057262,0.151439527912354,0.673196123696094,1.30238759057262,1.30238759057262,1.30238759057262,0.122603366624113,0.673196123696094,1.30238759057262,1.30238759057262,1.30238759057262,1.30238759057262,0.671733932999484
1.35731547576469,0.582240502235133,0.947408046664951,1.41581348339627,0.667977800035562,2.03308100086016,1.7923445880397,2.34731615813513,0.963622677693595,0.597477080917318,0.95644657926543,2.20831429350327,2.59513042100412,2.19236188869804,0.563130436934772,0.573861212374237,0.825437532524154,0.990236516638215,2.48627818905896,0.990236516639066,0.778109905121928,0.414379728161595,0.646956642567986,2.66630742244587,2.66630742244587,1.10244667355278,0.433806704993504,1.27505904669882,1.10244667355798,0.839832347840356,1.29964043637885,2.7270176903386,0.668999460581785,0.669599129967334,0.416944123943597,1.29964043637885,0.669599129967334,1.29964043637885,0.150706934987149,0.669599129967334,1.29964043637885,1.29964043637885,1.29964043637885,0.122000941463187,0.669599129967334,1.29964043637885,1.29964043637885,1.29964043637885,1.29964043637885,0.668999460581785
1.45651082492126,0.545525336250042,0.953542183758533,1.49969348996961,0.650675954394379,2.1434225574339,1.91429588739528,2.42082680603652,0.964226323823751,0.597253855894589,0.960044979821652,2.29235072792815,2.61413644297095,2.2717130686862,0.613480097430623,0.568566484789862,0.844242936600585,0.992808956612173,2.54043068076732,0.992808956615488,0.815189249459004,0.413967290599063,0.654080679085552,2.67421017000021,2.67421017000021,1.11009367363164,0.491155054678871,1.2731924696241,1.11009367363225,0.840578130414401,1.30144207062032,2.73808802116892,0.669793226431593,0.673917356678181,0.418082928266981,1.30144207062032,0.673917356678181,1.30144207062032,0.151192640478285,0.673917356678181,1.30144207062032,1.30144207062032,1.30144207062032,0.122428000808381,0.673917356678181,1.30144207062032,1.30144207062032,1.30144207062032,1.30144207062032,0.669793226431593
1.40289255609893,0.539197380300619,0.985049541422358,1.46730064859085,0.685559859981317,2.13590747974879,1.87894406489442,2.42515154325278,0.995141778820459,0.605613274386303,0.993986289391018,2.30288657101516,2.62688963713255,2.27967732526611,0.63097936497145,0.568470774563914,0.858359852182088,1.02599475998814,2.54549808596429,1.02599476000456,0.833202376466641,0.422814708463979,0.664797712140511,2.70131536992439,2.70131536992439,1.13511431091936,0.52378892196134,1.31011344877599,1.13511431090787,0.857193532344107,1.32624030179141,2.77589588652476,0.681094045654733,0.684353730997682,0.425382222364979,1.32624030179141,0.684353730997682,1.32624030179141,0.15352599123068,0.684353730997682,1.32624030179141,1.32624030179141,1.32624030179141,0.124346497641013,0.684353730997682,1.32624030179141,1.32624030179141,1.32624030179141,1.32624030179141,0.681094045654733
1.4950738382766,0.547772648436028,0.945109066970499,1.48165786255005,0.632462560567317,2.16061486370256,1.90913610716808,2.43861741801228,0.954836884777986,0.598583704331148,0.953332517331276,2.28774812792219,2.63856089442058,2.27289072976436,0.583144506357963,0.573334986691476,0.83502171204231,0.98250006903295,2.53926424250684,0.98250006905479,0.794316246043693,0.419382429536511,0.658160522519759,2.69979854961028,2.69979854961028,1.09487591803048,0.444430863823479,1.29025374533695,1.09487591801555,0.848246972964644,1.30999501173295,2.75339550309721,0.673988087768888,0.678057358480554,0.421724472353945,1.30999501173295,0.678057358480554,1.30999501173295,0.15230496330822,0.678057358480554,1.30999501173295,1.30999501173295,1.30999501173295,0.123284945207848,0.678057358480554,1.30999501173295,1.30999501173295,1.30999501173295,1.30999501173295,0.673988087768888
1.3743662756186,0.530383218195588,0.95928345536714,1.34725281183842,0.636378441830061,2.09301121161919,1.80501915209397,2.37531686249265,0.962652509948246,0.603169513678914,0.970669502865221,2.20635339551445,2.60013505233159,2.18142797859472,0.614128384391033,0.581732419214841,0.851289347105398,0.997117740886174,2.48926807274977,0.997117740886174,0.826442403425371,0.424233122059382,0.66999184550616,2.69751498874982,2.69751498874982,1.11243211136593,0.547385488769211,1.31256999423833,1.11243211136593,0.859546939467594,1.32836741223923,2.78046029335067,0.683564531532375,0.68583688746746,0.42665912815466,1.32836741223923,0.68583688746746,1.32836741223923,0.154132469915974,0.68583688746746,1.32836741223923,1.32836741223923,1.32836741223923,0.124770418951516,0.68583688746746,1.32836741223923,1.32836741223923,1.32836741223923,1.32836741223923,0.683564531532375
1.34680446921447,0.560861714222894,0.965141799887788,1.40612050236999,0.655981510245897,2.09159519969501,1.83890582390093,2.37320783285026,0.9737654559509,0.596819046409301,0.97998698630445,2.2598447031351,2.56904631006073,2.24139490973013,0.59172588739187,0.564009333567944,0.838372757789429,1.00893183446498,2.4991800298023,1.00893183443152,0.811714584337069,0.415222155281767,0.648947820889824,2.65551724977606,2.65551724977606,1.11307996311443,0.483063157452575,1.28860398426561,1.1130799630694,0.841890041996524,1.30544209530168,2.72265531207302,0.667272426580269,0.670234724792713,0.417695222484351,1.30544209530168,0.670234724792713,1.30544209530168,0.150920142052378,0.670234724792713,1.30544209530168,1.30544209530168,1.30544209530168,0.122111541004067,0.670234724792713,1.30544209530168,1.30544209530168,1.30544209530168,1.30544209530168,0.667272426580269
1.47159830404737,0.526418243441753,0.961021632505632,1.54915362861662,0.662436299952311,2.204364521593,1.93177400637088,2.44209717561687,0.971479307474543,0.604735340718191,0.973106193238882,2.33349731443857,2.66953013047745,2.31636808672002,0.56792055249412,0.57072414520431,0.846238905569456,1.00318910394634,2.599887958222,1.00318910392031,0.811285928083024,0.421476168164008,0.658673120971345,2.73825786562083,2.73825786562083,1.12192392034007,0.509061100935528,1.29586018584875,1.1219239203419,0.856745788995718,1.32216407102537,2.79273997588372,0.679310618716044,0.681684957438768,0.424205921963087,1.32216407102537,0.681684957438768,1.32216407102537,0.153377161818004,0.681684957438768,1.32216407102537,1.32216407102537,1.32216407102537,0.124180519532691,0.681684957438768,1.32216407102537,1.32216407102537,1.32216407102537,1.32216407102537,0.679310618716044
1.43652357075188,0.586684434581146,0.985346999662507,1.4995359258493,0.665607926303981,2.175446743984,1.92310735908397,2.43596851000916,0.991671693992279,0.614521787509207,0.995806513994301,2.34545265081136,2.64701530909154,2.32377517960319,0.613551069355715,0.588145015274462,0.861453399871575,1.02442125496429,2.55854591888049,1.02442125494483,0.837248503384673,0.426121590966949,0.668346089784868,2.71879843513486,2.71879843513486,1.13110707664682,0.518258345905826,1.31757999775729,1.13110707661832,0.86173372993626,1.33590020375829,2.78551594643073,0.687528177572123,0.690977705601925,0.428634903773264,1.33590020375829,0.690977705601925,1.33590020375829,0.155016184267351,0.690977705601925,1.33590020375829,1.33590020375829,1.33590020375829,0.125422560874591,0.690977705601925,1.33590020375829,1.33590020375829,1.33590020375829,1.33590020375829,0.687528177572123
1.36475558073577,0.537230420664058,0.949028642952959,1.36171227350305,0.670885244463705,2.03385023345763,1.74430672132589,2.34432796215484,0.962539380097722,0.593321695845135,0.954655630655336,2.1589971538946,2.56955197635504,2.14255643111249,0.605211410087305,0.597367559092449,0.824532985215257,0.986501431284392,2.44886400816278,0.986501431310641,0.785941998065917,0.409778988469818,0.650994778154478,2.64122595595187,2.64122595595187,1.0935480259894,0.504785832750001,1.26832666245614,1.09354802599196,0.831480881801841,1.28720223706196,2.71811041921443,0.661381790099562,0.662531936081078,0.412502343840819,1.28720223706196,0.662531936081078,1.28720223706196,0.148987054993339,0.662531936081078,1.28720223706196,1.28720223706196,1.28720223706196,0.120636775314701,0.662531936081078,1.28720223706196,1.28720223706196,1.28720223706196,1.28720223706196,0.661381790099562
1.41715170305683,0.553847314135777,0.940981774442449,1.51833277051113,0.653759745859277,2.13547289742913,1.88888963349804,2.37468139707335,0.955159438442887,0.600380439603514,0.95564851772324,2.26805132572299,2.59449642311349,2.25689416824144,0.547122245393212,0.58123446425749,0.832562373167642,0.989823291064066,2.54103647166731,0.989823291063554,0.790630420086576,0.415874827182147,0.645796274670865,2.66833449356748,2.66833449356748,1.11117700673083,0.499623827962356,1.28306614848752,1.11117700675874,0.843879890699938,1.30620303516267,2.71838628620622,0.668809142438316,0.672683163271648,0.418165384466484,1.30620303516267,0.672683163271648,1.30620303516267,0.151092863472043,0.672683163271648,1.30620303516267,1.30620303516267,1.30620303516267,0.122315296872239,0.672683163271648,1.30620303516267,1.30620303516267,1.30620303516267,1.30620303516267,0.668809142438316
1.45533034573508,0.564326910741792,0.963900443191866,1.53104546136557,0.676511917357755,2.1938919152978,1.91683439127118,2.45366650526844,0.979945842225099,0.599112336336435,0.978536154870487,2.33062580309159,2.63845146037749,2.31698932293241,0.56574239226475,0.566892152235534,0.832918880693162,1.01191789382024,2.56863105747701,1.01191789381037,0.788200725825702,0.416989664307366,0.651174436369464,2.7099929165972,2.7099929165972,1.11791183700187,0.474584353300443,1.28428387029379,1.11791183699557,0.845009534226509,1.3060955538478,2.76019400926288,0.672015806735322,0.676025635291404,0.419600644684627,1.3060955538478,0.676025635291404,1.3060955538478,0.151647260023966,0.676025635291404,1.3060955538478,1.3060955538478,1.3060955538478,0.122820995803191,0.676025635291404,1.3060955538478,1.3060955538478,1.3060955538478,1.3060955538478,0.672015806735322
1.42917913288982,0.578636890485934,0.956089301028894,1.45005807366057,0.648598562025434,2.10199770602315,1.87090772806158,2.37858737266164,0.963654991262673,0.59626975032589,0.968120423833253,2.30845041507393,2.58941706700483,2.28168394380909,0.596728285922588,0.595370664267353,0.836178184010024,0.998346332840666,2.4958085912662,0.998346332843837,0.808986402396901,0.414140003147701,0.655449003707384,2.66861922910991,2.66861922910991,1.09765801943251,0.495688622416047,1.27977016602995,1.0976580194232,0.841121716672856,1.30112268742668,2.73889986553767,0.668352777996448,0.669507059107919,0.417173864661751,1.30112268742668,0.669507059107919,1.30112268742668,0.150690262764662,0.669507059107919,1.30112268742668,1.30112268742668,1.30112268742668,0.121938353563067,0.669507059107919,1.30112268742668,1.30112268742668,1.30112268742668,1.30112268742668,0.668352777996448
1.38461698277348,0.573303515751049,0.963802781747895,1.34623271189934,0.63003192008677,2.10340260012434,1.81629618312068,2.387560069302,0.972489248469861,0.598051977689188,0.972943791251276,2.24151949747333,2.60266450866166,2.21792077693622,0.613702792954935,0.58182879130259,0.841131398700142,1.00196198277339,2.50263967859045,1.00196198277226,0.814005527187587,0.41519161313481,0.657534976004501,2.68212175907973,2.68212175907973,1.10951289695082,0.527739149841049,1.2829292054654,1.10951289695385,0.845031025988054,1.3108279036183,2.75880496571594,0.67081177510312,0.673987659150122,0.419412772861571,1.3108279036183,0.673987659150122,1.3108279036183,0.151401829454864,0.673987659150122,1.3108279036183,1.3108279036183,1.3108279036183,0.122620170535731,0.673987659150122,1.3108279036183,1.3108279036183,1.3108279036183,1.3108279036183,0.67081177510312
1.44822372435996,0.523017646329264,0.933189886195197,1.44487080386429,0.607324487338395,2.11651166645388,1.88435816900738,2.37219816493029,0.945727746099402,0.590166174804819,0.941070234974004,2.27756242704241,2.60151380575143,2.25869983180165,0.576673364108039,0.558133578156151,0.832771320353994,0.976547016842556,2.52271538283588,0.976547016847265,0.794580945570287,0.412386871898197,0.649873355787623,2.66759101366805,2.66759101366805,1.09113445022183,0.523517218592744,1.27541569509589,1.09113445022183,0.837895943246807,1.30083813879136,2.7285459317684,0.664311168072253,0.667670004129601,0.415293968187947,1.30083813879136,0.667670004129601,1.30083813879136,0.1501544276903,0.667670004129601,1.30083813879136,1.30083813879136,1.30083813879136,0.121540379993815,0.667670004129601,1.30083813879136,1.30083813879136,1.30083813879136,1.30083813879136,0.664311168072253
1.4497982989402,0.552159809369088,0.967352877761178,1.46913715899183,0.67905518556856,2.1385398759488,1.86683607181524,2.43664269705073,0.982092643000827,0.606018443438364,0.976806316499845,2.29228011839222,2.63333067683387,2.27049449021402,0.611547674823618,0.601288603306277,0.844032525104158,1.01111645098424,2.52219730692128,1.01111645099349,0.800281316551684,0.419418529359159,0.665899854524177,2.70632490818989,2.70632490818989,1.11434184218296,0.50577389690262,1.2896507538968,1.11434184218248,0.85322568289484,1.318607582719,2.77287350433799,0.678017139618687,0.682718555253862,0.423692459126681,1.318607582719,0.682718555253862,1.318607582719,0.153175315025983,0.682718555253862,1.318607582719,1.318607582719,1.318607582719,0.123959021628926,0.682718555253862,1.318607582719,1.318607582719,1.318607582719,1.318607582719,0.678017139618687
1.4509091145616,0.588645390569647,0.962172386553605,1.47927770968796,0.674308371348112,2.16661044037852,1.86044297810546,2.42178859917873,0.972202241813512,0.592085320645641,0.976315490962032,2.28209362147681,2.62628759455818,2.26590159064648,0.562919667317687,0.570229240049106,0.826690349608754,1.0027738709763,2.53346515964717,1.00277387097411,0.790179144117933,0.41605349014568,0.650651840176067,2.70274099050511,2.70274099050511,1.1103360654992,0.469229592209994,1.28472699736851,1.1103360654998,0.843405051973463,1.30863697197009,2.75689895946498,0.670896159571767,0.671512850956,0.418797988798198,1.30863697197009,0.671512850956,1.30863697197009,0.151173119513357,0.671512850956,1.30863697197009,1.30863697197009,1.30863697197009,0.12242872532457,0.671512850956,1.30863697197009,1.30863697197009,1.30863697197009,1.30863697197009,0.670896159571767
1.3330014037447,0.527465389170432,0.940522118429376,1.33775635695974,0.629551266228774,2.05051500277338,1.79475887050546,2.38220103893346,0.954958630983669,0.596062619088655,0.950570494931236,2.19260050413673,2.59241159122748,2.17352846317291,0.593064282123118,0.572741447227714,0.830744200086661,0.985027419608733,2.48711066233399,0.985027419623383,0.785387846301259,0.413843250073263,0.648183989080946,2.67744002706907,2.67744002706907,1.09810971232873,0.471920022107997,1.28171901220712,1.09810971236097,0.840558081260949,1.30687202306852,2.74777491740575,0.667628750518355,0.670914809736945,0.417411922768733,1.30687202306852,0.670914809736945,1.30687202306852,0.150951796810135,0.670914809736945,1.30687202306852,1.30687202306852,1.30687202306852,0.122211012299534,0.670914809736945,1.30687202306852,1.30687202306852,1.30687202306852,1.30687202306852,0.667628750518355
1.39041794246205,0.555424083193129,0.949178299277972,1.42450143905326,0.67154464255685,2.05656812851794,1.79738602577321,2.3380664023434,0.963961781356043,0.592185845401663,0.962392879129302,2.21191247532533,2.56498308862316,2.19212334720993,0.568850132546672,0.568910735218237,0.830369234499361,0.996489022413274,2.47157843233545,0.996489022420067,0.787160312442966,0.414875085482307,0.654663673049963,2.65018977601579,2.65018977601579,1.10716855391012,0.501625100230962,1.27822896660193,1.10716855391012,0.840755796087821,1.30635398969831,2.71356404040276,0.6713582414725,0.672917597081457,0.418217374805878,1.30635398969831,0.672917597081457,1.30635398969831,0.151180159371431,0.672917597081457,1.30635398969831,1.30635398969831,1.30635398969831,0.122480236640372,0.672917597081457,1.30635398969831,1.30635398969831,1.30635398969831,1.30635398969831,0.6713582414725
1.30935225215318,0.574938424658712,0.958383099740915,1.34915735718794,0.656102889487324,2.03125367341322,1.75959063957644,2.33166843427519,0.972565141712221,0.597255362672408,0.968834124726521,2.17437381125657,2.57634489198199,2.15693220249201,0.567633367307171,0.555883925705471,0.830721709102033,0.999928771521875,2.47894102076149,0.999928771550012,0.788953868805808,0.416830832965468,0.646047906670814,2.65493715038749,2.65493715038749,1.11407339981159,0.461049909136637,1.28524976937525,1.11407339981197,0.842604913516367,1.30541064077705,2.71838830894876,0.67195021542192,0.674128580754629,0.419048354162145,1.30541064077705,0.674128580754629,1.30541064077705,0.151432084334572,0.674128580754629,1.30541064077705,1.30541064077705,1.30541064077705,0.122507042750443,0.674128580754629,1.30541064077705,1.30541064077705,1.30541064077705,1.30541064077705,0.67195021542192
1.39214911840872,0.556223635946344,0.955316424798267,1.40926069518097,0.657358007002207,2.05238881495645,1.81416752087539,2.32835057619555,0.967945100229784,0.592463955170817,0.969247445041193,2.22663188989852,2.5624295130534,2.20827721781194,0.575483809558693,0.559617771295407,0.84197888066858,1.00288980655246,2.50055340372078,1.00288980654804,0.80715822188714,0.415319952957163,0.656204095479428,2.64926989733749,2.64926989733749,1.11578720016803,0.5095679559165,1.27652104857237,1.11578720016859,0.840864828579749,1.30155422115013,2.71795864373008,0.669559147721373,0.673372750221556,0.418420968953029,1.30155422115013,0.673372750221556,1.30155422115013,0.151118793707839,0.673372750221556,1.30155422115013,1.30155422115013,1.30155422115013,0.122339466635656,0.673372750221556,1.30155422115013,1.30155422115013,1.30155422115013,1.30155422115013,0.669559147721373
1.39528234474426,0.559957320010844,0.97277359440552,1.46439149985139,0.673789008555537,2.10890872226846,1.86374115897588,2.39807690362173,0.986129537011267,0.6164075882991,0.981680870468586,2.28582196681574,2.64662743272966,2.2667198047125,0.60465620957375,0.59613772622811,0.863305029778291,1.01794340527128,2.54713987133723,1.01794340527079,0.822099044856754,0.428037819932753,0.670944517031969,2.7258126901107,2.7258126901107,1.13048416450602,0.543027678745677,1.31815081807116,1.13048416450602,0.866457873687633,1.34007559974471,2.7991212584609,0.690921685386794,0.694157858327083,0.430773766076368,1.34007559974471,0.694157858327083,1.34007559974471,0.155877785200671,0.694157858327083,1.34007559974471,1.34007559974471,1.34007559974471,0.126073512608021,0.694157858327083,1.34007559974471,1.34007559974471,1.34007559974471,1.34007559974471,0.690921685386794
1.32831170578464,0.501001461021802,0.928669078319934,1.39340590281611,0.642308307786406,2.02123455579569,1.79576577193134,2.31079310388092,0.937362697743108,0.591508678012734,0.941217074270448,2.19031626896738,2.54225234539097,2.16880043097319,0.577833898716913,0.586863634094793,0.830049024407679,0.973140438503603,2.46873000284556,0.973140438505716,0.798788442665087,0.409904337997665,0.64230803257061,2.63328036831228,2.63328036831228,1.08826811210554,0.4973930372569,1.26397972467698,1.08826811210554,0.828506655534165,1.2859980814941,2.70797915146814,0.660437568234285,0.664193285537255,0.412858078220502,1.2859980814941,0.664193285537255,1.2859980814941,0.149026399092726,0.664193285537255,1.2859980814941,1.2859980814941,1.2859980814941,0.120660860719205,0.664193285537255,1.2859980814941,1.2859980814941,1.2859980814941,1.2859980814941,0.660437568234285
1.32145554644666,0.546084368130052,0.937959253365572,1.35222667169971,0.639780784674919,1.98268445998973,1.76394107684976,2.29699576799977,0.947244895134126,0.600612988993899,0.945958935374302,2.18112636959746,2.56042321610626,2.15654370322478,0.586989556389285,0.595880814592834,0.832634114214014,0.977978104471516,2.44711574592864,0.977978104462675,0.799460156399517,0.41467577268011,0.651912874253411,2.64448305786703,2.64448305786703,1.08997237004292,0.482360750611539,1.28140039125794,1.08997237004885,0.841456503237311,1.30505803276715,2.72299261981896,0.668439755311857,0.671938868180374,0.41759210138732,1.30505803276715,0.671938868180374,1.30505803276715,0.150793831995582,0.671938868180374,1.30505803276715,1.30505803276715,1.30505803276715,0.121986025829832,0.671938868180374,1.30505803276715,1.30505803276715,1.30505803276715,1.30505803276715,0.668439755311857
1.47054802564617,0.565399263795608,0.949503880679259,1.43827852521151,0.638222522145566,2.10116389861726,1.87530658178601,2.38694863032214,0.957798828356835,0.595407417642032,0.960776133330944,2.26346803111567,2.59868457542697,2.24477579474825,0.592806503546703,0.586027605013541,0.843731678696936,0.991742883892879,2.53083499298175,0.991742883891974,0.815986546500568,0.415775287338393,0.661242107846169,2.67639275870295,2.67639275870295,1.10882158449096,0.479890079572159,1.28403176674327,1.10882158448878,0.843219664597409,1.30510322866035,2.7437810871811,0.672020937812179,0.67246891064734,0.418645586938453,1.30510322866035,0.67246891064734,1.30510322866035,0.151349742698881,0.67246891064734,1.30510322866035,1.30510322866035,1.30510322866035,0.12257371913459,0.67246891064734,1.30510322866035,1.30510322866035,1.30510322866035,1.30510322866035,0.672020937812179
1.405373769514,0.575100015903164,0.962009148929241,1.37813496187515,0.650025347722267,2.10555628010204,1.82194715933554,2.39437897107564,0.974835498860554,0.596256242111908,0.976093985530381,2.22418951952668,2.58539406226683,2.20640358863219,0.58577816998674,0.578175100233463,0.836931456709353,1.00714702188683,2.51665962046426,1.00714702189759,0.799481881883841,0.415395215194215,0.654512085897973,2.67116582259364,2.67116582259364,1.12038160431809,0.485661678589273,1.28623338457542,1.12038160431809,0.841664101884216,1.30900586506358,2.73428738722937,0.669299531794933,0.672198858006406,0.418640385760412,1.30900586506358,0.672198858006406,1.30900586506358,0.151195124401773,0.672198858006406,1.30900586506358,1.30900586506358,1.30900586506358,0.122417537433622,0.672198858006406,1.30900586506358,1.30900586506358,1.30900586506358,1.30900586506358,0.669299531794933
1.39841169352832,0.548791663617989,0.972640839866046,1.48661117986972,0.688315681572726,2.0907891455673,1.86081193180723,2.38121324756757,0.987024239352487,0.609211474589883,0.981088257100505,2.2908486313055,2.62147239320087,2.27098910996949,0.597786240641447,0.592000328492762,0.853406021264558,1.01719506337857,2.53388761619255,1.01719506337381,0.814363040283879,0.422124657523932,0.661992633975991,2.69307390792343,2.69307390792343,1.12616755469174,0.506223921370199,1.30632542414207,1.1261675546803,0.85408280042877,1.32586382511025,2.76166461168373,0.679017414555358,0.681772607679517,0.424507448983071,1.32586382511025,0.681772607679517,1.32586382511025,0.153407579382062,0.681772607679517,1.32586382511025,1.32586382511025,1.32586382511025,0.124189445834159,0.681772607679517,1.32586382511025,1.32586382511025,1.32586382511025,1.32586382511025,0.679017414555358
1.36128328654798,0.566082722419475,0.957533762984859,1.45161424835,0.676133878179739,2.10533136285633,1.81720159877356,2.36425821063037,0.967255826902404,0.594746442671561,0.970049153943034,2.22414062107133,2.59004531694232,2.20988951763945,0.559782385887441,0.550485228342998,0.826752640732368,0.996492711477753,2.50270347667444,0.996492711488053,0.792918593269279,0.414662801407389,0.644405883483895,2.66459138575552,2.66459138575552,1.11013726208985,0.466085356664324,1.27901441031435,1.1101372621042,0.841367727290496,1.30215920968876,2.72102741173067,0.66694140581043,0.672015755118251,0.417155178795183,1.30215920968876,0.672015755118251,1.30215920968876,0.150650196693754,0.672015755118251,1.30215920968876,1.30215920968876,1.30215920968876,0.121958035569154,0.672015755118251,1.30215920968876,1.30215920968876,1.30215920968876,1.30215920968876,0.66694140581043
1.33746399560849,0.524520351827403,0.936150058162455,1.4393314316064,0.642901011191278,2.07702799454083,1.83084818673839,2.35093974652109,0.950272720072637,0.592290975308955,0.946305919787521,2.22897644424163,2.58568834753843,2.21225746347923,0.558348137387083,0.533353066445881,0.826162584843923,0.979724698904391,2.50484548576387,0.979724698904657,0.783862433923973,0.412266714349886,0.640631131335095,2.65630974714259,2.65630974714259,1.09492361638147,0.472169649147625,1.2723857590532,1.09492361638147,0.834045922198005,1.29589494414209,2.71352401363371,0.665796407783473,0.668469475087126,0.414723958217141,1.29589494414209,0.668469475087126,1.29589494414209,0.150013923155039,0.668469475087126,1.29589494414209,1.29589494414209,1.29589494414209,0.121428418065029,0.668469475087126,1.29589494414209,1.29589494414209,1.29589494414209,1.29589494414209,0.665796407783473
1.37913390591106,0.58360379859181,0.980775996775163,1.42234381752963,0.681613420224654,2.11767977256239,1.83556976289364,2.39960317730928,0.994154118425218,0.603648889965053,0.996271915414369,2.26565194556467,2.59591366931791,2.24668874822053,0.592182253575,0.570388046220331,0.847312064789557,1.02826464332112,2.5164233093586,1.02826464333616,0.808207236214308,0.42145747509856,0.660623846749976,2.68520573811627,2.68520573811627,1.13304151324273,0.510444129105677,1.30008301492207,1.13304151324273,0.856665801647962,1.31867685227406,2.75088994230809,0.67892654568058,0.682462954661235,0.424139831299892,1.31867685227406,0.682462954661235,1.31867685227406,0.153355797492329,0.682462954661235,1.31867685227406,1.31867685227406,1.31867685227406,0.124077920223105,0.682462954661235,1.31867685227406,1.31867685227406,1.31867685227406,1.31867685227406,0.67892654568058
1.31876522724911,0.569303653239675,0.969740321129672,1.32973930856352,0.668432815833302,2.05108337581515,1.74759978537904,2.34897634808258,0.982481992704206,0.605213332218289,0.979997034399293,2.15923323680743,2.57434357497175,2.14255174509677,0.606238641346852,0.595898542779612,0.842552675511634,1.01117164335846,2.47875897346837,1.01117164336015,0.807432822956247,0.416986493325189,0.657665344690488,2.66281118639789,2.66281118639789,1.12437695375587,0.538742349938218,1.28758490712834,1.12437695375587,0.848724976685077,1.31356427046653,2.74163682687158,0.673551163895465,0.675324724140606,0.420804449884762,1.31356427046653,0.675324724140606,1.31356427046653,0.1520134940585,0.675324724140606,1.31356427046653,1.31356427046653,1.31356427046653,0.123042605304996,0.675324724140606,1.31356427046653,1.31356427046653,1.31356427046653,1.31356427046653,0.673551163895465
1.47295630434827,0.618047782057208,0.993954342171661,1.48578140728801,0.674523108586813,2.17474553691824,1.90408585388119,2.44047798942498,1.00286739490844,0.620121046388275,1.00301142833732,2.32417027152152,2.66676506832251,2.30640614047092,0.605371159360262,0.615838918630595,0.864986872661101,1.03164958835247,2.58370314825628,1.03164958834477,0.837001878151817,0.428081022564607,0.673139052762191,2.73359953780639,2.73359953780639,1.14475198834501,0.50251276410429,1.32410836753892,1.14475198835299,0.870145195645233,1.34727023462482,2.79636194137787,0.689892947989638,0.692051963835165,0.43087989759997,1.34727023462482,0.692051963835165,1.34727023462482,0.155784822844475,0.692051963835165,1.34727023462482,1.34727023462482,1.34727023462482,0.126137220969292,0.692051963835165,1.34727023462482,1.34727023462482,1.34727023462482,1.34727023462482,0.689892947989638
1.36298311294746,0.555931278483766,0.971159577423106,1.39539983828079,0.644893407691355,2.10122160658973,1.85410092841892,2.41569486553268,0.988013722375505,0.606517553015655,0.982379392396367,2.2971794673692,2.63213839329803,2.27920104047916,0.591699863327509,0.573008658130314,0.842910559532613,1.01792782275122,2.52400847851734,1.01792782276411,0.795573026076384,0.419490941234852,0.657070867640077,2.7083742753021,2.7083742753021,1.11828299552136,0.466582395290675,1.28703862128973,1.11828299552435,0.852379520509152,1.31833133511858,2.77304201609316,0.679138242741962,0.680793414210287,0.423527360385796,1.31833133511858,0.680793414210287,1.31833133511858,0.153001292001168,0.680793414210287,1.31833133511858,1.31833133511858,1.31833133511858,0.123872899741649,0.680793414210287,1.31833133511858,1.31833133511858,1.31833133511858,1.31833133511858,0.679138242741962
1.30223521677497,0.528055685662276,0.944543241092355,1.32949702453255,0.634890585820355,2.01307910580016,1.76357976518147,2.31477727344522,0.958391339580013,0.596598557954697,0.953658343107112,2.15373966013206,2.54276741891821,2.13617216540103,0.591264961418636,0.577871497724665,0.83353882747517,0.987974334745714,2.45222337178913,0.987974334718588,0.793882735889722,0.413389535811216,0.645645737893916,2.62381655601588,2.62381655601588,1.10450718667022,0.506591728335401,1.2736084873578,1.10450718667022,0.835554102214097,1.29438197753407,2.69697008476952,0.66698941749866,0.669409733833908,0.416213791767889,1.29438197753407,0.669409733833908,1.29438197753407,0.150327062287047,0.669409733833908,1.29438197753407,1.29438197753407,1.29438197753407,0.121692788968899,0.669409733833908,1.29438197753407,1.29438197753407,1.29438197753407,1.29438197753407,0.66698941749866
1.40940092637903,0.548637040235208,0.959456436659978,1.51623982175157,0.660882446147924,2.14000625633437,1.93274296142356,2.43649360469581,0.969836638827983,0.608895821343341,0.964737973967106,2.32435569973461,2.61531200470042,2.30230944416266,0.63995335854292,0.607745600002533,0.850473728881588,0.999984187185587,2.52603560257127,0.99998418717655,0.818278441791831,0.417091341278138,0.654717989556847,2.67728408349983,2.67728408349983,1.1058699198337,0.496405467042395,1.29436673533625,1.1058699198337,0.845424514052212,1.31384148853106,2.74574990831969,0.672443122150591,0.677173622360153,0.42038520095584,1.31384148853106,0.677173622360153,1.31384148853106,0.15184691606444,0.677173622360153,1.31384148853106,1.31384148853106,1.31384148853106,0.12292526692992,0.677173622360153,1.31384148853106,1.31384148853106,1.31384148853106,1.31384148853106,0.672443122150591
1.37409100113985,0.565088308528254,0.956052324903813,1.43946378861776,0.665104447338731,2.09552583774383,1.84443683211203,2.40072030697837,0.970450792158985,0.604812665111388,0.968062939611134,2.26095437456058,2.62023888538482,2.24473728364648,0.592955565190515,0.573479994691036,0.846617461691442,1.00377005066615,2.50480623519939,1.00377005065416,0.797807887754611,0.423196762141172,0.662125339578163,2.70690717013635,2.70690717013635,1.10868793384896,0.50522612541801,1.29995627441094,1.10868793384889,0.858359208041879,1.32699048691334,2.77503595109905,0.683618267578344,0.685320434170614,0.426782391159659,1.32699048691334,0.685320434170614,1.32699048691334,0.154173595562667,0.685320434170614,1.32699048691334,1.32699048691334,1.32699048691334,0.124742960442197,0.685320434170614,1.32699048691334,1.32699048691334,1.32699048691334,1.32699048691334,0.683618267578344
1.35549356574916,0.528713648634023,0.963808850273817,1.43521799933123,0.660827090602945,2.07586846835149,1.86770947162071,2.39691685032292,0.978333235274697,0.60532017536011,0.978573369257632,2.30616757764576,2.62456105526514,2.28623078126972,0.590649080836035,0.557396611733583,0.853782540618782,1.01648467927095,2.53479142800336,1.01648467925592,0.80900937797399,0.423281101793343,0.663614848362481,2.71931189085737,2.71931189085737,1.12020566345174,0.483998287257394,1.30851503021362,1.12020566343861,0.85922663365316,1.33374888309135,2.79078554812448,0.683815395589814,0.685465422603638,0.426604933446535,1.33374888309135,0.685465422603638,1.33374888309135,0.15426193011724,0.685465422603638,1.33374888309135,1.33374888309135,1.33374888309135,0.124804426241868,0.685465422603638,1.33374888309135,1.33374888309135,1.33374888309135,1.33374888309135,0.683815395589814
1.44538025652847,0.577101547386862,0.975156547935988,1.47199043935815,0.674628109862917,2.18379687013943,1.86572154403195,2.43141406351843,0.984979238231895,0.608514420782814,0.991125283652459,2.27335169773663,2.65298339079002,2.26107782593319,0.555806703525834,0.57587813356159,0.843430230248468,1.01647306516783,2.5657913317228,1.01647306504122,0.804363212355446,0.424609301663936,0.663476586876444,2.73371746522495,2.73371746522495,1.13299235608205,0.473584453609168,1.29794759090711,1.13299235608205,0.860749648159283,1.3330904725978,2.78517685663468,0.686621323249073,0.689727739065104,0.428161939203004,1.3330904725978,0.689727739065104,1.3330904725978,0.154789435375225,0.689727739065104,1.3330904725978,1.3330904725978,1.3330904725978,0.125271247318939,0.689727739065104,1.3330904725978,1.3330904725978,1.3330904725978,1.3330904725978,0.686621323249073
1.40521058176108,0.608266473205391,0.998097368001912,1.41085392688197,0.681738406934037,2.10573466546448,1.85722105382669,2.43462984223098,1.01176919102718,0.611981787256303,1.00773717109249,2.30771163880972,2.65208544032554,2.2876566810145,0.6286671281515,0.583252196115971,0.864408187502164,1.04171637146795,2.55981300930076,1.04171637145865,0.830056239961213,0.426380331710374,0.672972402868643,2.7315351428992,2.7315351428992,1.14580586579613,0.490815823439179,1.31821054376913,1.14580586579613,0.86507508151708,1.33930815145916,2.8088556500481,0.686485605064261,0.690452602111555,0.429574326313893,1.33930815145916,0.690452602111555,1.33930815145916,0.155093605735759,0.690452602111555,1.33930815145916,1.33930815145916,1.33930815145916,0.125547448961878,0.690452602111555,1.33930815145916,1.33930815145916,1.33930815145916,1.33930815145916,0.686485605064261
1.44254666061373,0.561331049003742,0.974756480335098,1.42910898148508,0.656659256092501,2.13584994871849,1.86451296310947,2.43156507477729,0.987801818601878,0.609519411743852,0.984134923111932,2.30328196396869,2.66810944257642,2.28198676640116,0.593037748666722,0.597966197969287,0.850214044131971,1.01626956298654,2.56595508427004,1.01626956297615,0.809855971550748,0.424437106972217,0.665935898161425,2.74163989906273,2.74163989906273,1.12457182554368,0.487925054303507,1.30463321063107,1.12457182553342,0.857687128438103,1.32556921275966,2.80842563647718,0.683099849592112,0.686521014708016,0.426958140198982,1.32556921275966,0.686521014708016,1.32556921275966,0.154007287793638,0.686521014708016,1.32556921275966,1.32556921275966,1.32556921275966,0.124654756322164,0.686521014708016,1.32556921275966,1.32556921275966,1.32556921275966,1.32556921275966,0.683099849592112
1.40919225431641,0.519275980922222,0.954714532402312,1.39395169594477,0.619169132207078,2.10125370663998,1.84854357141162,2.35829215014745,0.965694518068332,0.589343775921238,0.969377765141488,2.26902217197939,2.58657241490047,2.25481411407358,0.556275074251561,0.548262073577848,0.831197588733177,0.999455342199645,2.5128793011815,0.999455342232165,0.795093754001238,0.414588984822652,0.647279533143799,2.66559257925708,2.66559257925708,1.10647160933399,0.475518614719398,1.283491865503,1.1064716093318,0.840869557746948,1.3036058062752,2.72274554821652,0.667138876709236,0.668947058161616,0.416740960233385,1.3036058062752,0.668947058161616,1.3036058062752,0.150606480175885,0.668947058161616,1.3036058062752,1.3036058062752,1.3036058062752,0.121923561432918,0.668947058161616,1.3036058062752,1.3036058062752,1.3036058062752,1.3036058062752,0.667138876709236
1.4466615432737,0.541271613267356,0.966314011909284,1.46946832156708,0.648511763812957,2.1770220250528,1.90443352810361,2.44953909375728,0.98353310612082,0.603677424183661,0.98063938388148,2.29673296818897,2.64602096857196,2.28826332895617,0.564962525617796,0.552457831218159,0.841398229723284,1.01505448841548,2.5644150301713,1.01505448840666,0.788913136980252,0.422989626508282,0.6588839656196,2.71914312761859,2.71914312761859,1.12962816521147,0.465454806519721,1.29583659554468,1.12962816522077,0.857579896678619,1.32536490912535,2.76830843881579,0.68052510175846,0.684249343313379,0.426265032187158,1.32536490912535,0.684249343313379,1.32536490912535,0.153923472693695,0.684249343313379,1.32536490912535,1.32536490912535,1.32536490912535,0.124614186709536,0.684249343313379,1.32536490912535,1.32536490912535,1.32536490912535,1.32536490912535,0.68052510175846
1.48715093937038,0.506480271615737,0.942590487491844,1.53684786317181,0.649786197528105,2.14005562912591,1.91508884763398,2.37259919550445,0.949983884624974,0.597103943359601,0.955894966210672,2.32249567804251,2.59152883622034,2.29846002845378,0.577223003518062,0.610490426739,0.839933252577201,0.987886701518441,2.52968827162297,0.987886701526062,0.813392348330692,0.41253387085687,0.655780438984664,2.66726195336063,2.66726195336063,1.09623635027888,0.541210538850454,1.27127054274618,1.09623635027888,0.838405105702782,1.29370720853958,2.7312883679084,0.666658695301737,0.668433138201417,0.415336797115716,1.29370720853958,0.668433138201417,1.29370720853958,0.150133808201062,0.668433138201417,1.29370720853958,1.29370720853958,1.29370720853958,0.121589572947025,0.668433138201417,1.29370720853958,1.29370720853958,1.29370720853958,1.29370720853958,0.666658695301737
1.4516823117823,0.515337867838095,0.946847304934098,1.50418062168249,0.64315703709978,2.1025589667168,1.90506190590808,2.37172546371361,0.963578992817676,0.59067401156852,0.958888939394664,2.3225728229295,2.60338356112877,2.3016403744197,0.566993174177499,0.550906682899559,0.840448403608387,0.998463996670702,2.537256390468,0.998463996669664,0.795538543941768,0.414655173257845,0.651125773720836,2.67449785103851,2.67449785103851,1.10698988489189,0.490362343803323,1.27706351411796,1.10698988489189,0.840968326007593,1.30587479875091,2.73293293224461,0.669307183172546,0.669751302849824,0.417787158146222,1.30587479875091,0.669751302849824,1.30587479875091,0.150716429562781,0.669751302849824,1.30587479875091,1.30587479875091,1.30587479875091,0.121967570884508,0.669751302849824,1.30587479875091,1.30587479875091,1.30587479875091,1.30587479875091,0.669307183172546
1.32994831823021,0.582173793344187,0.962310743883894,1.41151573773404,0.678779556142722,2.05767048132611,1.7923777046355,2.3532885365767,0.977262214140586,0.602993199280531,0.974336306835577,2.23805331692224,2.60656707431541,2.21783060473197,0.581215486619097,0.571430388236884,0.844625093560889,1.00990653621014,2.49384317601075,1.00990653622421,0.796786253130599,0.422602336627935,0.658170623278441,2.69894992058799,2.69894992058799,1.11384424829364,0.529926700237861,1.30886447781524,1.11384424832021,0.856764438083266,1.32699953369608,2.77144882165943,0.679254526056796,0.681287118151168,0.424754719898012,1.32699953369608,0.681287118151168,1.32699953369608,0.153427685812739,0.681287118151168,1.32699953369608,1.32699953369608,1.32699953369608,0.124155430439994,0.681287118151168,1.32699953369608,1.32699953369608,1.32699953369608,1.32699953369608,0.679254526056796
1.44705864791949,0.557664963202204,0.978791626812738,1.46864039173436,0.642529219364386,2.17613173412366,1.91952078175782,2.43157957284608,0.988571962356958,0.617870479336452,0.988614628561827,2.34362239281235,2.653196501589,2.31962400780184,0.608417395006257,0.618313808301763,0.860600935111029,1.0204680837934,2.57273227690971,1.02046808374126,0.831112622094791,0.423471010477493,0.667595998973861,2.72350283276272,2.72350283276272,1.13026133020554,0.542999235599758,1.29994849331006,1.13026133017289,0.860943621201438,1.32901611319656,2.79125345153462,0.683525117955061,0.685163199848585,0.427314189067006,1.32901611319656,0.685163199848585,1.32901611319656,0.15429571756005,0.685163199848585,1.32901611319656,1.32901611319656,1.32901611319656,0.124957524584965,0.685163199848585,1.32901611319656,1.32901611319656,1.32901611319656,1.32901611319656,0.683525117955061
1.40481675623515,0.570744697693279,0.950731370782912,1.37296771503021,0.631588634932446,2.07243618214755,1.82506877362714,2.36381039992024,0.960523849554974,0.600991175424069,0.96101946575886,2.24481953593256,2.58674008643525,2.21783006452004,0.604606783848082,0.606401349036148,0.843615297620509,0.993669098650435,2.49766235570314,0.993669098648739,0.812201018416153,0.415593052512,0.660827698584617,2.67169101823967,2.67169101823967,1.10234253575461,0.525697266492826,1.28163699130621,1.10234253575461,0.845524120730572,1.30981428574352,2.74879766359366,0.672781602125487,0.674813820728671,0.419696780447739,1.30981428574352,0.674813820728671,1.30981428574352,0.151535123433175,0.674813820728671,1.30981428574352,1.30981428574352,1.30981428574352,0.122664023828936,0.674813820728671,1.30981428574352,1.30981428574352,1.30981428574352,1.30981428574352,0.672781602125487
1.38905081983716,0.515659824706055,0.955633811753092,1.35290446004634,0.63599739613863,1.99750520247051,1.79871645194441,2.31722747002927,0.973513143388107,0.592330664090079,0.972400469671679,2.24697256596716,2.59318083427452,2.23097600722407,0.546691425509684,0.562292289504262,0.838206101320522,1.01044191346379,2.51180658953255,1.01044191344951,0.788296140297154,0.419471649799249,0.656641933549773,2.69160307645862,2.69160307645862,1.11901925366499,0.443224059039895,1.28744730234408,1.11901925366499,0.848614357951366,1.31060770848007,2.75761946132041,0.675310883859826,0.678365994275316,0.421737403002418,1.31060770848007,0.678365994275316,1.31060770848007,0.15228706660266,0.678365994275316,1.31060770848007,1.31060770848007,1.31060770848007,0.123274984901058,0.678365994275316,1.31060770848007,1.31060770848007,1.31060770848007,1.31060770848007,0.675310883859826
1.380646640169,0.546201764127415,0.952323464767406,1.37101119010091,0.639909804862985,2.00196729047225,1.80504467065161,2.32360787734272,0.967115984018756,0.598269709032908,0.960250418029645,2.25313689315591,2.57141824151102,2.22523205865762,0.59436219466071,0.601812493419479,0.838595007802979,0.997594061237184,2.46513561598266,0.997594061258908,0.797145658154159,0.414993472634744,0.655779884311141,2.64805647754805,2.64805647754805,1.09790722676836,0.477899412066294,1.27784535890741,1.09790722676836,0.840123501703286,1.29657608339102,2.7249989480846,0.668591181266413,0.67144482766993,0.417426609851998,1.29657608339102,0.67144482766993,1.29657608339102,0.150718831911953,0.67144482766993,1.29657608339102,1.29657608339102,1.29657608339102,0.12198836519177,0.67144482766993,1.29657608339102,1.29657608339102,1.29657608339102,1.29657608339102,0.668591181266413
1.38028138942337,0.536130600953004,0.961661180001846,1.43659374838662,0.664794199420909,2.10567556562821,1.8520259228844,2.41114239095335,0.97412955812849,0.606775647723159,0.970936955329246,2.26184333472523,2.60728572910907,2.2447057743795,0.609262234117546,0.60047885042383,0.840232782086831,1.00351025222537,2.50496382706671,1.00351025221888,0.802254571401777,0.41703131640942,0.65476076738999,2.68052067373266,2.68052067373266,1.10962929698625,0.478702087325221,1.2913868968933,1.10962929702832,0.849972464643394,1.31873746299406,2.74641228218807,0.673739527541887,0.678307658930619,0.421032295616071,1.31873746299406,0.678307658930619,1.31873746299406,0.152200674558444,0.678307658930619,1.31873746299406,1.31873746299406,1.31873746299406,0.123197432639742,0.678307658930619,1.31873746299406,1.31873746299406,1.31873746299406,1.31873746299406,0.673739527541887
1.39348045338536,0.519457500394928,0.965540816775175,1.46570795521922,0.670789011125704,2.14422622965127,1.87678839433868,2.44813814330126,0.976437576325626,0.600592595370833,0.97942544939988,2.30776398390026,2.65777431080912,2.29006023418375,0.581311888990745,0.5469996152503,0.838523961605185,1.00870452453885,2.54552638246356,1.008704524595,0.798573816309575,0.421260292730207,0.658182676158962,2.74053337133613,2.74053337133613,1.11376776237102,0.446383175007558,1.29447849056921,1.11376776237102,0.854032748023827,1.32548762943076,2.80171980014203,0.681911811267813,0.682767024203122,0.425153296066123,1.32548762943076,0.682767024203122,1.32548762943076,0.153730721605503,0.682767024203122,1.32548762943076,1.32548762943076,1.32548762943076,0.124381292116513,0.682767024203122,1.32548762943076,1.32548762943076,1.32548762943076,1.32548762943076,0.681911811267813
1.38152222949843,0.575536921043023,0.957505333166806,1.47700234495369,0.679487547626663,2.10709398265949,1.83942822224115,2.37539019711559,0.967125730066608,0.603901793947757,0.965422886857955,2.2672682718495,2.59813411416339,2.2443199531042,0.595340272695131,0.604029351558279,0.834075141346584,0.99507234805849,2.49726888030734,0.995072348086207,0.803349210362982,0.414523813911371,0.649626438763093,2.66618457898666,2.66618457898666,1.09938824214277,0.506938071528518,1.27915893699308,1.09938824214277,0.839699316722141,1.30271492965479,2.73320101254663,0.667378984237927,0.67045996810104,0.417572759540649,1.30271492965479,0.67045996810104,1.30271492965479,0.150691244961527,0.67045996810104,1.30271492965479,1.30271492965479,1.30271492965479,0.121985046198486,0.67045996810104,1.30271492965479,1.30271492965479,1.30271492965479,1.30271492965479,0.667378984237927
1.40718844849887,0.546146330348545,0.96196012355433,1.43586067501242,0.678023200933021,2.03795598843319,1.81074517913982,2.32657471946307,0.97061621021202,0.596983483909482,0.97389969366614,2.24796945159115,2.57790226510965,2.22440660499502,0.578452291643174,0.576888647005472,0.839585099479059,1.00309539174678,2.48739770377221,1.00309539176112,0.811276562766194,0.416878767821253,0.659359162202103,2.65945139965425,2.65945139965425,1.11041134557652,0.469169167059247,1.28322798006885,1.11041134557392,0.846059890593258,1.30995188562824,2.72923568704781,0.671848202185251,0.674833759915067,0.419995272104418,1.30995188562824,0.674833759915067,1.30995188562824,0.151758450295282,0.674833759915067,1.30995188562824,1.30995188562824,1.30995188562824,0.122864144624374,0.674833759915067,1.30995188562824,1.30995188562824,1.30995188562824,1.30995188562824,0.671848202185251
1.43761018407827,0.572578525523958,0.972344095951683,1.49562841557407,0.644406644246409,2.18214910943192,1.93557341015581,2.44465110932258,0.977610919278464,0.612478677472455,0.978690814113617,2.33579474997959,2.63943604068687,2.31570310282953,0.627447642496878,0.58930110555704,0.855159199558256,1.00662810927392,2.54399401448808,1.00662810927155,0.832450142324359,0.421844911536738,0.663242613970466,2.69997751731229,2.69997751731229,1.112781839672,0.506072892673485,1.30338225287199,1.112781839672,0.857836937289245,1.33041942668725,2.7640936060473,0.682489744891496,0.684444669854423,0.425794117345413,1.33041942668725,0.684444669854423,1.33041942668725,0.154046800182252,0.684444669854423,1.33041942668725,1.33041942668725,1.33041942668725,0.124580473985117,0.684444669854423,1.33041942668725,1.33041942668725,1.33041942668725,1.33041942668725,0.682489744891496
1.36691491314219,0.56630316586771,0.95567666267009,1.41123123564568,0.641780235451024,2.12858653702609,1.85288716462279,2.42162157518245,0.964282191015956,0.606566198336737,0.966675636724074,2.24962550724825,2.62787328896538,2.23125498783913,0.585044038213657,0.584977756429329,0.83696815801333,0.993779062183153,2.53307638052537,0.993779062187914,0.802294119412941,0.419719865781644,0.651385243795411,2.70341538204604,2.70341538204604,1.1080711811315,0.450287930322782,1.29331446639088,1.10807118113044,0.849579194385675,1.31107078980874,2.76452279005956,0.675666521281058,0.678452391182941,0.421994978930899,1.31107078980874,0.678452391182941,1.31107078980874,0.152375489930774,0.678452391182941,1.31107078980874,1.31107078980874,1.31107078980874,0.123371387889766,0.678452391182941,1.31107078980874,1.31107078980874,1.31107078980874,1.31107078980874,0.675666521281058
1.37859456649154,0.543287501010699,0.958324804383465,1.41823535713507,0.647904295530518,2.11933450706617,1.86137959746658,2.41621117710762,0.967205990521793,0.613316838261921,0.966714795506218,2.23577396885908,2.61387088668038,2.21750356719022,0.627117433060605,0.612480410826774,0.853646670009648,0.998640090042457,2.52595231342837,0.998640090054163,0.823598538739433,0.421635917457591,0.664233726473275,2.69217342657698,2.69217342657698,1.11956597555574,0.52221788046209,1.30469228858667,1.11956597555528,0.855437179531662,1.33099842837211,2.76483714627885,0.682219394926854,0.684090534599648,0.425825180880444,1.33099842837211,0.684090534599648,1.33099842837211,0.153810396821441,0.684090534599648,1.33099842837211,1.33099842837211,1.33099842837211,0.12450394113422,0.684090534599648,1.33099842837211,1.33099842837211,1.33099842837211,1.33099842837211,0.682219394926854
1.45171419472398,0.528690783459581,0.96671499969165,1.57948671127223,0.670769417730991,2.18874251361462,1.98203918814152,2.48086652583493,0.98631648934838,0.611828307724142,0.982522924933023,2.39087635837036,2.69666122667604,2.37506058006511,0.561783158362035,0.555016966871201,0.853364334284583,1.02278925221042,2.6336010845455,1.02278925221404,0.800537043880404,0.426282317010761,0.661376278768475,2.77144875364282,2.77144875364282,1.13966566679372,0.44339729937223,1.30714167403971,1.13966566678045,0.864261542415102,1.33752701031864,2.82174755888482,0.687177647867396,0.690503706116829,0.429374155078987,1.33752701031864,0.690503706116829,1.33752701031864,0.155327961316365,0.690503706116829,1.33752701031864,1.33752701031864,1.33752701031864,0.12575543470897,0.690503706116829,1.33752701031864,1.33752701031864,1.33752701031864,1.33752701031864,0.687177647867396
1.43233001517806,0.51323435021022,0.953449619882279,1.43868454918403,0.646279887781298,2.07019939954968,1.84563157711157,2.35407950855899,0.964027467153126,0.595448240550378,0.966019282070521,2.28209043538852,2.62375324837835,2.26498612214833,0.562514409371026,0.553273034345168,0.842419128122733,0.997906623280046,2.52774757039066,0.997906623289709,0.803336197420657,0.420989383417423,0.662695772529403,2.7064547921215,2.7064547921215,1.10526650751658,0.46999340933682,1.2979034031708,1.1052665075166,0.852032627185167,1.32417549155051,2.77067307115905,0.677231730717826,0.681947750315178,0.423597413644009,1.32417549155051,0.681947750315178,1.32417549155051,0.153014298855303,0.681947750315178,1.32417549155051,1.32417549155051,1.32417549155051,0.123788762511389,0.681947750315178,1.32417549155051,1.32417549155051,1.32417549155051,1.32417549155051,0.677231730717826
1.32634538873331,0.537070507742469,0.951170675358414,1.41868664288985,0.668288201873889,2.03986726508062,1.81060620050796,2.35965761390704,0.962960550846082,0.601424907712805,0.95597582264261,2.23229028749021,2.5947245369658,2.20859445436033,0.623392021052895,0.566551265074197,0.845169410563286,0.991861094955727,2.47079822467343,0.991861094965174,0.807767190082173,0.420032376021333,0.659478792069366,2.67085654907957,2.67085654907957,1.09744216379888,0.523534095863996,1.29478696488657,1.09744216379888,0.852038045350195,1.31138668897022,2.75434718376229,0.677311432212016,0.678913206709329,0.422516779088437,1.31138668897022,0.678913206709329,1.31138668897022,0.152558220308911,0.678913206709329,1.31138668897022,1.31138668897022,1.31138668897022,0.12347805802156,0.678913206709329,1.31138668897022,1.31138668897022,1.31138668897022,1.31138668897022,0.677311432212016
1.43803223691134,0.548415464208332,0.946927468887668,1.47988599382982,0.634480045065239,2.144427464808,1.90692141291783,2.42099811067308,0.958192416830979,0.604957093107075,0.951232545234829,2.29337912072587,2.62858055906498,2.26985145717804,0.613699991827262,0.587420596286865,0.84629013280876,0.986262276295669,2.53731518862032,0.98626227629633,0.808978832596559,0.419064934262089,0.657983369410205,2.68966968051609,2.68966968051609,1.10043976926344,0.522455674468956,1.29824031081745,1.10043976926096,0.849750507716868,1.31554177567065,2.75497816222979,0.673221998571255,0.678201290079535,0.421440760568799,1.31554177567065,0.678201290079535,1.31554177567065,0.152235444931986,0.678201290079535,1.31554177567065,1.31554177567065,1.31554177567065,0.123172280588089,0.678201290079535,1.31554177567065,1.31554177567065,1.31554177567065,1.31554177567065,0.673221998571255
1.42298251650387,0.571446603284068,0.958224764208291,1.44873161940283,0.647126280560599,2.15512377372347,1.88803658760713,2.44102994679389,0.966532115821368,0.604897201272509,0.970759612700065,2.26915799050046,2.63122313968351,2.25700927653024,0.597096541585244,0.578296951771564,0.845256903465811,0.999627425687116,2.53577767192056,0.999627425694325,0.809461739997798,0.422701864461466,0.66164660428416,2.71124512833835,2.71124512833835,1.11392911209839,0.475783827677649,1.30799865766209,1.11392911209168,0.857687106766878,1.33116853299853,2.77208096801831,0.682886951997305,0.683565617397081,0.425938010854285,1.33116853299853,0.683565617397081,1.33116853299853,0.153933825662108,0.683565617397081,1.33116853299853,1.33116853299853,1.33116853299853,0.12456315770521,0.683565617397081,1.33116853299853,1.33116853299853,1.33116853299853,1.33116853299853,0.682886951997305
1.39274184086211,0.581475215374002,0.961206406077158,1.44279563451182,0.68191362004364,2.11495388612717,1.81505635506244,2.36244460765775,0.967871651771182,0.597263724257315,0.973485305993061,2.21422888900902,2.56556206662547,2.19333768349368,0.59168949014333,0.584730569392916,0.838762582102756,0.998997759761667,2.5029278918951,0.998997759770418,0.819400006847099,0.413481757885415,0.652168472183533,2.64481226815301,2.64481226815301,1.11280872457678,0.525717398817083,1.27699798187516,1.11280872457591,0.838028952562831,1.30042391508663,2.71113336145673,0.666830796280134,0.669759240993958,0.416779956587297,1.30042391508663,0.669759240993958,1.30042391508663,0.150422181688778,0.669759240993958,1.30042391508663,1.30042391508663,1.30042391508663,0.121822369206532,0.669759240993958,1.30042391508663,1.30042391508663,1.30042391508663,1.30042391508663,0.666830796280134
1.41227092860865,0.564647425479914,0.965961670314847,1.4284533596456,0.678210047568994,2.11521856775761,1.83929778560708,2.43856445998714,0.976517239749133,0.608460718183724,0.973110260202737,2.24073381989954,2.64330110526752,2.22293666363391,0.629717325321838,0.603306085463711,0.847551128513853,1.00438261037059,2.53047296333813,1.00438261036952,0.813596762625554,0.422009839260891,0.667306642759436,2.72001841726026,2.72001841726026,1.11891448930958,0.496800091484865,1.30199069142827,1.11891448930958,0.856919811719261,1.32077757447415,2.79719699368735,0.68052477947929,0.681810219718497,0.425040310129323,1.32077757447415,0.681810219718497,1.32077757447415,0.153550883851394,0.681810219718497,1.32077757447415,1.32077757447415,1.32077757447415,0.124238470484719,0.681810219718497,1.32077757447415,1.32077757447415,1.32077757447415,1.32077757447415,0.68052477947929
1.46867046009603,0.597246147117923,0.99152284474106,1.4917610251773,0.700814832217471,2.19614201220386,1.86933812190873,2.4503608161722,1.00177555868342,0.599521237568752,1.00565884255364,2.31934393322626,2.65620070012384,2.30024779164016,0.585794247294444,0.563345012374563,0.844447559458322,1.03225920821993,2.54480562905876,1.03225920820283,0.808107376480496,0.425364582119277,0.6683703573257,2.73542945290501,2.73542945290501,1.13385167530453,0.508711781223156,1.30778166568122,1.13385167530484,0.863121975492752,1.33400783230024,2.7942591110253,0.686854526467829,0.690129338966105,0.428627105825861,1.33400783230024,0.690129338966105,1.33400783230024,0.154806990708099,0.690129338966105,1.33400783230024,1.33400783230024,1.33400783230024,0.125255816726983,0.690129338966105,1.33400783230024,1.33400783230024,1.33400783230024,1.33400783230024,0.686854526467829
1.39422370036808,0.549222424768252,0.972470608202558,1.44157974420837,0.674773021051528,2.12557288862391,1.83671390723785,2.40636234113675,0.989910538862271,0.601170316137904,0.984695596216623,2.25546638451612,2.64334877675237,2.24105272878611,0.559889290833462,0.539771776144712,0.842050460107402,1.01851230634702,2.55920546313215,1.01851230636138,0.792436919610946,0.424413957576216,0.656869984052471,2.71908351296495,2.71908351296495,1.13541047245979,0.47598186137728,1.30998216552545,1.13541047245716,0.859769776672527,1.33213476962776,2.7727804512271,0.682040598304823,0.685928778430722,0.426578196960532,1.33213476962776,0.685928778430722,1.33213476962776,0.153950667674672,0.685928778430722,1.33213476962776,1.33213476962776,1.33213476962776,0.124595874799424,0.685928778430722,1.33213476962776,1.33213476962776,1.33213476962776,1.33213476962776,0.682040598304823
1.42506264607761,0.569544762506729,0.986256141074143,1.45892866649058,0.667152960778209,2.16003980359684,1.90151405362524,2.45256630175102,1.00349971369875,0.609116944346587,1.00077470810147,2.32691642832125,2.66328184258868,2.313055606281,0.587832358342652,0.560581289957401,0.859053774316881,1.03709217307455,2.58941196598095,1.03709217308482,0.813090313384395,0.426877137134619,0.667503912299038,2.74462199145453,2.74462199145453,1.14759100207621,0.490705362357001,1.31165543602036,1.14759100207621,0.869166926488096,1.34158982626214,2.80463112366743,0.690488209226099,0.691881450790408,0.430581715786841,1.34158982626214,0.691881450790408,1.34158982626214,0.155538059545824,0.691881450790408,1.34158982626214,1.34158982626214,1.34158982626214,0.126000454104537,0.691881450790408,1.34158982626214,1.34158982626214,1.34158982626214,1.34158982626214,0.690488209226099
1.31608638489977,0.526535939100586,0.951631762820244,1.34533381854066,0.645985910716019,2.02605579513357,1.78060822356395,2.36024868329043,0.962760950565941,0.602291867842382,0.957817362181508,2.19194653516932,2.58405538067751,2.16932891222783,0.614881349412832,0.572598103630226,0.837662631041848,0.989974941757858,2.45722398622684,0.989974941747801,0.799203921190594,0.418211243970869,0.655435806236555,2.66086580020937,2.66086580020937,1.09795536990896,0.476272489815872,1.29414536380311,1.09795536990896,0.845810170098746,1.31350056853167,2.7377035686024,0.672338986928186,0.675223845925575,0.421037569046705,1.31350056853167,0.675223845925575,1.31350056853167,0.15188701198731,0.675223845925575,1.31350056853167,1.31350056853167,1.31350056853167,0.123039377293,0.675223845925575,1.31350056853167,1.31350056853167,1.31350056853167,1.31350056853167,0.672338986928186
1.41643434541769,0.508967712202741,0.928598781718031,1.3922203245916,0.606056894809552,2.04407969999315,1.84448250133273,2.3321723193817,0.939268048043951,0.589923536017783,0.94346061795249,2.27318486495736,2.57051600477538,2.25533002135444,0.555173508298973,0.594118095520576,0.8243052729794,0.976759109933073,2.48360027451598,0.976759109926921,0.785193130774105,0.409841838079929,0.646383080464323,2.6570321478295,2.6570321478295,1.07675897905447,0.455355342575477,1.26453289832906,1.07675897905767,0.830543496609115,1.28977433283471,2.72097851374053,0.662064949312163,0.664947022355297,0.412676998854627,1.28977433283471,0.664947022355297,1.28977433283471,0.149238129644808,0.664947022355297,1.28977433283471,1.28977433283471,1.28977433283471,0.12077995741732,0.664947022355297,1.28977433283471,1.28977433283471,1.28977433283471,1.28977433283471,0.662064949312163
1.37873708148532,0.550069913923238,0.961315483694394,1.38817224361227,0.615463620045377,2.10284285179278,1.87688105019855,2.39886280372911,0.972543759569573,0.60328639350178,0.974135760488819,2.2764621845599,2.60269785637308,2.25915580609498,0.575992693470141,0.569402554706115,0.837919663564195,1.00438870516979,2.52833151404572,1.00438870517814,0.80184697232758,0.417662974993886,0.650089880359324,2.67535554773986,2.67535554773986,1.11735600904144,0.425304883870534,1.28887559629029,1.11735600903299,0.844343164081508,1.30904848707801,2.73182299335613,0.671697432317148,0.674323155995015,0.420105347563162,1.30904848707801,0.674323155995015,1.30904848707801,0.15175171666453,0.674323155995015,1.30904848707801,1.30904848707801,1.30904848707801,0.122873156081574,0.674323155995015,1.30904848707801,1.30904848707801,1.30904848707801,1.30904848707801,0.671697432317148
1.44552959072692,0.556581997612808,0.941730505659154,1.49205496951854,0.652125371213677,2.10628831891755,1.86875989110405,2.36640674678175,0.947465377498831,0.592973820791209,0.950898484310056,2.26463274179084,2.58922539773823,2.24766425755587,0.576434639226591,0.573998764416365,0.82683409747897,0.977060046837485,2.49738704230031,0.977060046854483,0.802127333511389,0.411473395524099,0.649358847366227,2.65414637209531,2.65414637209531,1.0877249684181,0.461280326261181,1.26176941021329,1.0877249684181,0.833327743869144,1.29060188176812,2.71453289604147,0.664451335744515,0.666689564053245,0.414862539706069,1.29060188176812,0.666689564053245,1.29060188176812,0.149808572864014,0.666689564053245,1.29060188176812,1.29060188176812,1.29060188176812,0.121284678457052,0.666689564053245,1.29060188176812,1.29060188176812,1.29060188176812,1.29060188176812,0.664451335744515
1.45438883670654,0.577536650795002,0.959062194158307,1.46444274064838,0.656563702326812,2.13835770222503,1.85730746700396,2.38094253048605,0.9712271162534,0.591988663596519,0.973152983994101,2.28790932012192,2.61690015938575,2.27210669054398,0.55560050739947,0.572886263468923,0.832564059567199,1.00377956874586,2.5441258696593,1.00377956874586,0.796032966964545,0.416032670964077,0.651508654445862,2.69502045829497,2.69502045829497,1.11268018781493,0.511659479612341,1.28569755090028,1.11268018780347,0.838901792011256,1.30583678689545,2.75258813917197,0.669612704120822,0.670983548453767,0.418120479231044,1.30583678689545,0.670983548453767,1.30583678689545,0.150952477908966,0.670983548453767,1.30583678689545,1.30583678689545,1.30583678689545,0.122128606006145,0.670983548453767,1.30583678689545,1.30583678689545,1.30583678689545,1.30583678689545,0.669612704120822
1.36643247907267,0.555245198092528,0.953081652809489,1.37682173339261,0.650277712807482,2.053559980007,1.8015573104807,2.35740858268982,0.964842592680517,0.594403509913049,0.966248941760495,2.20740294145362,2.59607986425704,2.19060998810788,0.569413381138972,0.557958417669583,0.83871740379242,0.9970212662457,2.51949696200969,0.997021266250132,0.800551295947458,0.417420981473505,0.653111002356232,2.68373966030924,2.68373966030924,1.11374283927976,0.45915467681707,1.28314437235286,1.11374283927976,0.844196956819043,1.30556869341043,2.75064804289123,0.672577532649765,0.675818975188415,0.420057230359979,1.30556869341043,0.675818975188415,1.30556869341043,0.151752459278694,0.675818975188415,1.30556869341043,1.30556869341043,1.30556869341043,0.122843254148866,0.675818975188415,1.30556869341043,1.30556869341043,1.30556869341043,1.30556869341043,0.672577532649765
1.39122262680434,0.5427684061076,0.967352271101599,1.48988026109493,0.674233918990429,2.15117749932549,1.88623645792612,2.42577762562457,0.976755281850627,0.610917325529428,0.980681120403669,2.30132553028486,2.65831530403443,2.28162609099119,0.5904459592729,0.562945741483968,0.858297684809384,1.01229574537803,2.5692493938174,1.01229574537554,0.821266936595529,0.427648390915674,0.667435357038051,2.74633744117332,2.74633744117332,1.12626353577413,0.527200423801134,1.31888119360786,1.12626353578681,0.864754269484434,1.33839708088236,2.81469637530293,0.688592262750325,0.692962949536527,0.430072573662418,1.33839708088236,0.692962949536527,1.33839708088236,0.155566313679326,0.692962949536527,1.33839708088236,1.33839708088236,1.33839708088236,0.12589270864545,0.692962949536527,1.33839708088236,1.33839708088236,1.33839708088236,1.33839708088236,0.688592262750325
1.41660488289764,0.527713363966221,0.936763246752824,1.37301221168648,0.619167336888472,2.09719351490352,1.7958538785423,2.35107676977558,0.947006210575842,0.585957453998288,0.948516987996473,2.19886834007412,2.60108275261685,2.18942847853401,0.543395748044429,0.547186648226591,0.819433718641304,0.975276148513044,2.4871234934264,0.975276148505509,0.775326892093383,0.413690282745298,0.649554911173309,2.67700413737243,2.67700413737243,1.08660555225681,0.473153604833436,1.27066369864229,1.08660555228118,0.839488968412895,1.30084561126493,2.73188547942019,0.667276608214011,0.668793311672953,0.416511567740811,1.30084561126493,0.668793311672953,1.30084561126493,0.150555392873471,0.668793311672953,1.30084561126493,1.30084561126493,1.30084561126493,0.121901319997835,0.668793311672953,1.30084561126493,1.30084561126493,1.30084561126493,1.30084561126493,0.667276608214011
1.29784781133271,0.513839930331624,0.928249661524198,1.34207900184599,0.612663665391849,2.0202111486057,1.79659158209021,2.33371721765484,0.939945153876574,0.590128273843985,0.944136563104098,2.21000152018074,2.56069633395761,2.19614997739166,0.546543758666873,0.553667108726634,0.816949645505476,0.975345269914719,2.45769974506722,0.975345269912674,0.772477556906112,0.412667994994719,0.638089837915763,2.65389226644478,2.65389226644478,1.07966705354078,0.417973968299073,1.2758319011427,1.07966705354078,0.835072612314688,1.29740856171396,2.71326049149004,0.664354004171131,0.668082594674301,0.415043958520966,1.29740856171396,0.668082594674301,1.29740856171396,0.149883096703839,0.668082594674301,1.29740856171396,1.29740856171396,1.29740856171396,0.121290646410715,0.668082594674301,1.29740856171396,1.29740856171396,1.29740856171396,1.29740856171396,0.664354004171131
1.43065869350939,0.577241001390064,0.955624328506196,1.53305169341097,0.661217469735305,2.1944512082991,1.92895519611766,2.44945193177398,0.96902738101379,0.598681449758304,0.97343335050062,2.33404533311672,2.64072996023562,2.31797471684744,0.554770341464455,0.549506030904293,0.834748233716945,1.00504698396572,2.56210574536538,1.00504698398211,0.788491876190414,0.418450441032653,0.650461740234879,2.71972888690111,2.71972888690111,1.11334037362914,0.466093007540581,1.28214955612546,1.11334037358217,0.850756846717944,1.31689430082658,2.76857659473305,0.676679206656992,0.679458259218092,0.422357297697618,1.31689430082658,0.679458259218092,1.31689430082658,0.152761968268158,0.679458259218092,1.31689430082658,1.31689430082658,1.31689430082658,0.123683131028115,0.679458259218092,1.31689430082658,1.31689430082658,1.31689430082658,1.31689430082658,0.676679206656992
1.40323192816388,0.537706478406055,0.957645371077645,1.45337846114742,0.66640627923147,2.10596877725057,1.85689870129401,2.40892850896019,0.971845492031346,0.601496939238298,0.968579917915259,2.26672284495239,2.63457757001141,2.24721854944563,0.58020055275126,0.573321043183102,0.840723689483399,1.00228103160897,2.55178046567256,1.00228103160763,0.799036826712321,0.417901896486589,0.654612741837728,2.7111339880498,2.7111339880498,1.11908131604467,0.464028810699169,1.29142635112438,1.11908131606186,0.848859025128582,1.31726481004264,2.77406343783354,0.674104769530103,0.675836866929342,0.420976662636769,1.31726481004264,0.675836866929342,1.31726481004264,0.152049262074126,0.675836866929342,1.31726481004264,1.31726481004264,1.31726481004264,0.123112737058752,0.675836866929342,1.31726481004264,1.31726481004264,1.31726481004264,1.31726481004264,0.674104769530103
1.44058719649181,0.563063903823342,0.959050001393007,1.5401841115625,0.671111449477929,2.19887069221997,1.92214904289022,2.46733389884309,0.97254646238961,0.609060399826659,0.966542006754134,2.29714863264448,2.66671686326521,2.28284433622902,0.59581435644473,0.561309270325787,0.845840387564814,0.999687652612438,2.57282920704508,0.999687652601868,0.802625141778326,0.424444803565109,0.661124814370831,2.72799549969571,2.72799549969571,1.12123862820472,0.499660357906501,1.31280137496787,1.12123862819043,0.859807051031932,1.33496104627868,2.78211771552018,0.68385971449581,0.685466930149491,0.427117474319747,1.33496104627868,0.685466930149491,1.33496104627868,0.154260422912172,0.685466930149491,1.33496104627868,1.33496104627868,1.33496104627868,0.124817069376123,0.685466930149491,1.33496104627868,1.33496104627868,1.33496104627868,1.33496104627868,0.68385971449581
1.45538890295492,0.576007272741027,0.957883853733434,1.52128091286537,0.66505344344509,2.17415519719246,1.91265163700808,2.4244388607537,0.969377330692526,0.601571181686178,0.970159585018359,2.33811555414964,2.61178596267511,2.31524120639667,0.593048758547818,0.609148100036384,0.836120026995924,1.00266342518965,2.532123386599,1.0026634251718,0.800909725360611,0.415005469703301,0.652997919382576,2.6836861922965,2.6836861922965,1.10131584928673,0.524290690225727,1.27888665928975,1.10131584928695,0.839289647240879,1.29547638938135,2.74518703411119,0.668385725368418,0.669629806261647,0.417377005288903,1.29547638938135,0.669629806261647,1.29547638938135,0.150727730652137,0.669629806261647,1.29547638938135,1.29547638938135,1.29547638938135,0.121992816176573,0.669629806261647,1.29547638938135,1.29547638938135,1.29547638938135,1.29547638938135,0.668385725368418
1.37229968487259,0.554469382015528,0.933732128588308,1.46168568598301,0.653679581318308,2.09082908808106,1.85585985526595,2.38924299835569,0.948703226129506,0.59116846062573,0.946259267197561,2.24977021485948,2.56903463522601,2.23264886752274,0.571535520478486,0.562247913658905,0.818924892448983,0.980372589730731,2.47537373631743,0.980372589738023,0.771432961176929,0.410081124894167,0.639785341550782,2.64272434259256,2.64272434259256,1.08451499900313,0.436307151160619,1.26802478291731,1.08451499900097,0.831827452548136,1.29216947910628,2.69667540802857,0.662225623795025,0.66489634749955,0.413273637217964,1.29216947910628,0.66489634749955,1.29216947910628,0.149297229894477,0.66489634749955,1.29216947910628,1.29216947910628,1.29216947910628,0.120846693229949,0.66489634749955,1.29216947910628,1.29216947910628,1.29216947910628,1.29216947910628,0.662225623795025
1.44536121767554,0.543830702888624,0.96975160370209,1.45768974233613,0.662638844373058,2.15225380047564,1.85629939698909,2.40941293557879,0.982073160240522,0.598908251898081,0.979129901073742,2.26463742668144,2.65088955260033,2.25083390715856,0.569981481352756,0.546298085228241,0.842210974260832,1.00852481411773,2.56843598535406,1.00852481411215,0.805473337798906,0.422069783483539,0.658373416261789,2.7169892217783,2.7169892217783,1.12839302809989,0.491290424162605,1.3007160095211,1.12839302809989,0.853433464079135,1.32349498648408,2.77324563884259,0.679031299398952,0.681635752884831,0.424358939267007,1.32349498648408,0.681635752884831,1.32349498648408,0.153217392311519,0.681635752884831,1.32349498648408,1.32349498648408,1.32349498648408,0.123972393572261,0.681635752884831,1.32349498648408,1.32349498648408,1.32349498648408,1.32349498648408,0.679031299398952
1.45527384795914,0.580903972145771,0.960151211645414,1.49897746556541,0.675876901012368,2.12224451867483,1.86860635460719,2.39844077293535,0.973332120063308,0.593720706494807,0.969601914819539,2.29083997509008,2.61616521835938,2.27300968831353,0.571168154075066,0.555675128322995,0.830710983331784,1.00035504386421,2.52016795457541,1.00035504394715,0.789516573844872,0.415323376024241,0.652632071218499,2.67857048223433,2.67857048223433,1.10491255359422,0.446036837037604,1.28008884194288,1.10491255359422,0.840324205917213,1.30274051370212,2.73326817865202,0.669102383478733,0.673283870358197,0.417805368324011,1.30274051370212,0.673283870358197,1.30274051370212,0.151036678218767,0.673283870358197,1.30274051370212,1.30274051370212,1.30274051370212,0.122313148335672,0.673283870358197,1.30274051370212,1.30274051370212,1.30274051370212,1.30274051370212,0.669102383478733
1.44595858964235,0.543425575764673,0.961062050152553,1.43261047172056,0.654040684197133,2.09793858012178,1.84315835771538,2.3827803397557,0.978720637608786,0.598403176916896,0.972016747334925,2.25725610188643,2.60687993734484,2.24570968728631,0.56268123960048,0.583000375473494,0.831222529122254,1.00691447720133,2.51704825833805,1.00691447720669,0.782970060813452,0.417359315399771,0.654270331441181,2.67553385875242,2.67553385875242,1.11724596281626,0.455062899627298,1.28791324634237,1.11724596281626,0.844562394828784,1.3099104762486,2.72925227392942,0.672026985403059,0.674909936996292,0.419654407380605,1.3099104762486,0.674909936996292,1.3099104762486,0.151548754767996,0.674909936996292,1.3099104762486,1.3099104762486,1.3099104762486,0.122714892866268,0.674909936996292,1.3099104762486,1.3099104762486,1.3099104762486,1.3099104762486,0.672026985403059
1.42497389832583,0.523337611399955,0.937470633488879,1.44849145823007,0.606377994600898,2.11829162258662,1.88705705548045,2.37726418901015,0.95007989309731,0.591417522475753,0.947250083132681,2.29054620209039,2.59577323205386,2.27507561210814,0.552684057391095,0.561482942263433,0.817360911605092,0.978293178865064,2.50115401957858,0.978293178814126,0.775334266822141,0.411283986091456,0.639098345858142,2.65467566456905,2.65467566456905,1.08388649090144,0.434842293242632,1.26374573285134,1.08388649090144,0.833434977059719,1.28875706074425,2.70379975574977,0.660929827178638,0.665404380588886,0.413755012283869,1.28875706074425,0.665404380588886,1.28875706074425,0.149390051789132,0.665404380588886,1.28875706074425,1.28875706074425,1.28875706074425,0.120903430005681,0.665404380588886,1.28875706074425,1.28875706074425,1.28875706074425,1.28875706074425,0.660929827178638
1.43748491950623,0.535202521470883,0.945475642479587,1.53984999791085,0.657248020092799,2.17422500148894,1.91886199447203,2.43359253267093,0.961726143599641,0.591927433360118,0.960714857677678,2.33906098243789,2.64382249810257,2.32393088439788,0.545901910990414,0.531801340376018,0.827574475781738,0.995434602308425,2.55307914731545,0.995434602271425,0.775409894851915,0.417758409299124,0.647651750272501,2.7177547858464,2.7177547858464,1.09811551819798,0.464429914764343,1.28173253699534,1.09811551824036,0.847785729970493,1.30665818950685,2.7660795565919,0.673938996448524,0.674912675879443,0.420255885156681,1.30665818950685,0.674912675879443,1.30665818950685,0.15189724863129,0.674912675879443,1.30665818950685,1.30665818950685,1.30665818950685,0.122997787880334,0.674912675879443,1.30665818950685,1.30665818950685,1.30665818950685,1.30665818950685,0.673938996448524
1.42203647113609,0.576678463590365,0.953931962723836,1.43299916955639,0.635010708792151,2.14309844585308,1.86978659429645,2.41155614342134,0.964292641375615,0.595558623764658,0.966875258654569,2.27251855630609,2.60679366298698,2.26044137705598,0.563860319651267,0.569534047461334,0.825947651334361,0.994030289716474,2.51941790750285,0.994030289712078,0.786584149335246,0.414891021276653,0.645220927486455,2.67663638886978,2.67663638886978,1.09984599696991,0.43488927038524,1.27606201824435,1.0998459969504,0.839090779376827,1.29617260619513,2.7284479602532,0.666909456806888,0.670234534859849,0.417237577513166,1.29617260619513,0.670234534859849,1.29617260619513,0.150684854413464,0.670234534859849,1.29617260619513,1.29617260619513,1.29617260619513,0.121971748072315,0.670234534859849,1.29617260619513,1.29617260619513,1.29617260619513,1.29617260619513,0.666909456806888
1.50012853472631,0.562382986844408,0.959859211270769,1.5437150494818,0.671482666368179,2.16913278058884,1.92365663463199,2.4197108306408,0.972647299545811,0.600767171723581,0.973696658850694,2.32444896407443,2.63541276835356,2.306973440098,0.579385374013891,0.589961079963294,0.849892831318114,1.00862678500744,2.57778241064031,1.00862678499917,0.813491233918997,0.419308425495446,0.662508111806763,2.71242987724742,2.71242987724742,1.12527749720175,0.532805404079004,1.29189199494256,1.12527749720247,0.85013199890742,1.31785070023194,2.77292105210374,0.676324277103702,0.67924686429973,0.422445236262953,1.31785070023194,0.67924686429973,1.31785070023194,0.15264552726086,0.67924686429973,1.31785070023194,1.31785070023194,1.31785070023194,0.123523159775885,0.67924686429973,1.31785070023194,1.31785070023194,1.31785070023194,1.31785070023194,0.676324277103702
1.4357631266188,0.562042743935583,0.95743196971699,1.4446970163053,0.658817767448843,2.11397778308805,1.86452435694047,2.39337665761867,0.964849700232936,0.603775858578764,0.968339293312375,2.24926900563831,2.59456401265296,2.22899446987066,0.616302206894244,0.598883795333835,0.852576207135133,0.999443841357154,2.52574670872455,0.999443841359499,0.828418166834056,0.420150317034424,0.667362855240792,2.6774803490704,2.6774803490704,1.11737023868575,0.531846572106569,1.29378478922462,1.1173702386879,0.852096672710999,1.31422376791876,2.75185390003902,0.677452176492302,0.680546285313203,0.423392417064632,1.31422376791876,0.680546285313203,1.31422376791876,0.152825123489298,0.680546285313203,1.31422376791876,1.31422376791876,1.31422376791876,0.123685966698096,0.680546285313203,1.31422376791876,1.31422376791876,1.31422376791876,1.31422376791876,0.677452176492302
1.51683324934123,0.556435977558253,0.970661191835479,1.62315224968598,0.674277948366298,2.22149210554054,2.00282890989746,2.45932208041505,0.978713711239333,0.619106651399273,0.984370905821296,2.41861647572962,2.68480569517708,2.39608292954624,0.59813486043069,0.623636644928156,0.870644953444832,1.01934909349031,2.62761323460449,1.01934909350532,0.843121516712516,0.426835556936843,0.674896589917718,2.76211874592491,2.76211874592491,1.13117931016723,0.568536558342193,1.31215332031622,1.13117931016723,0.864306566665182,1.33949965774056,2.82796761762659,0.688398941553911,0.691617032766364,0.430253475391778,1.33949965774056,0.691617032766364,1.33949965774056,0.1554298926865,0.691617032766364,1.33949965774056,1.33949965774056,1.33949965774056,0.125878497441041,0.691617032766364,1.33949965774056,1.33949965774056,1.33949965774056,1.33949965774056,0.688398941553911
1.38521285211268,0.546114138210746,0.970893779265365,1.49895219207646,0.670239161608594,2.10507430996114,1.88521184706576,2.37410403454288,0.981812971114574,0.613095717735658,0.979618253122324,2.32783616122159,2.63045269379028,2.29916332750833,0.601815772510588,0.586237658623665,0.863179040952288,1.01601219760219,2.53479036069902,1.01601219759018,0.826877493390101,0.426912057928557,0.666919410778765,2.70725019869822,2.70725019869822,1.12278901828947,0.555102867357256,1.32013394196615,1.12278901829063,0.864424653672214,1.33888165432354,2.78023480836145,0.68750240349417,0.689728160061681,0.429166296417088,1.33888165432354,0.689728160061681,1.33888165432354,0.154845031571576,0.689728160061681,1.33888165432354,1.33888165432354,1.33888165432354,0.125394345212045,0.689728160061681,1.33888165432354,1.33888165432354,1.33888165432354,1.33888165432354,0.68750240349417
1.37935760762926,0.525368290796646,0.954063640080139,1.37995398914989,0.634131831959118,2.05196519763131,1.83332108953945,2.36484251703826,0.969962905341335,0.600397498374381,0.965495520588164,2.27324001705693,2.60019985850261,2.25268184506484,0.589658217373708,0.586994515450759,0.841655697900589,1.00399080397522,2.50135731217407,1.00399080397134,0.797036700285852,0.417643985904257,0.657855404211237,2.686500669809,2.686500669809,1.10688475825041,0.499142787500893,1.28935622513217,1.1068847582438,0.845341054722695,1.31225236392783,2.75981287026098,0.674653053135744,0.675123128669322,0.42063419414641,1.31225236392783,0.675123128669322,1.31225236392783,0.152001713295722,0.675123128669322,1.31225236392783,1.31225236392783,1.31225236392783,0.123014237992429,0.675123128669322,1.31225236392783,1.31225236392783,1.31225236392783,1.31225236392783,0.674653053135744
1.33018646903327,0.546220384579199,0.936458590808126,1.38091834192657,0.618386165338151,2.08266048798568,1.83459895919947,2.37734191535872,0.953248124531529,0.586169245320196,0.948435732984223,2.22445921923901,2.57641132040935,2.20756665036082,0.565047179617388,0.520289593435989,0.820718137605251,0.983378687691872,2.49921013467737,0.983378687738708,0.774427737991053,0.408860518263124,0.635440530775953,2.65002241606526,2.65002241606526,1.09797727245157,0.451314351176667,1.25637746063761,1.0979772724687,0.83208869898274,1.2845255472544,2.7064473581504,0.661485448977982,0.664115162809052,0.412333050643537,1.2845255472544,0.664115162809052,1.2845255472544,0.149040644131778,0.664115162809052,1.2845255472544,1.2845255472544,1.2845255472544,0.120666907550941,0.664115162809052,1.2845255472544,1.2845255472544,1.2845255472544,1.2845255472544,0.661485448977982
1.38383819295365,0.55276043531367,0.989044348985131,1.37583174141839,0.661189604543975,2.14135468218112,1.83807403650137,2.45121600794518,1.00115387832404,0.607649797672653,1.00206553902536,2.27747317395376,2.66168028962304,2.26421965638108,0.593123225189681,0.56234246134617,0.848900819343295,1.03076339800573,2.55420799363958,1.03076339804347,0.808013537514839,0.424825754030416,0.664518029979691,2.74630029689893,2.74630029689893,1.1358473599889,0.462707462942576,1.31218419033298,1.13584735998891,0.859635011665782,1.33503171031145,2.8110919037009,0.685494318273506,0.688797137096714,0.427839167151458,1.33503171031145,0.688797137096714,1.33503171031145,0.154833327183332,0.688797137096714,1.33503171031145,1.33503171031145,1.33503171031145,0.125264521360996,0.688797137096714,1.33503171031145,1.33503171031145,1.33503171031145,1.33503171031145,0.685494318273506
1.42597057676925,0.591296683705003,0.980126029960388,1.37126027356939,0.661458247873999,2.09308935902468,1.81828600284694,2.41313537248351,0.993262178631064,0.603292808455573,0.990792035970242,2.2455485776958,2.65527955782396,2.22567433904737,0.594951702757642,0.575423930455991,0.852314310855046,1.02248950196849,2.55683110494978,1.02248950197733,0.813274843393985,0.42491524334475,0.671584766604343,2.73960997021433,2.73960997021433,1.13909723630317,0.478544047686853,1.3114487996179,1.13909723629983,0.858759220343661,1.33170293905595,2.8118481846384,0.683380041049829,0.688980364253497,0.427450155688269,1.33170293905595,0.688980364253497,1.33170293905595,0.154566235662456,0.688980364253497,1.33170293905595,1.33170293905595,1.33170293905595,0.125086308829111,0.688980364253497,1.33170293905595,1.33170293905595,1.33170293905595,1.33170293905595,0.683380041049829
1.47217561731086,0.557378345283378,0.96038329310234,1.48147226753747,0.65184491603457,2.16702814739521,1.89994576891586,2.43670509684982,0.974234498494983,0.590635170296635,0.970478220051118,2.29858266842629,2.62285020630713,2.28264642463901,0.585947105255878,0.546438604145119,0.83399341606072,1.00220050676396,2.53897182058801,1.00220050669963,0.792942065582365,0.414995732756387,0.651359309990771,2.68533757828362,2.68533757828362,1.11084822827407,0.466653475731439,1.27796591508689,1.1108482282485,0.84483642978066,1.30191631352548,2.7392396725275,0.670612320742914,0.67312191338862,0.418074262616376,1.30191631352548,0.67312191338862,1.30191631352548,0.151201155283721,0.67312191338862,1.30191631352548,1.30191631352548,1.30191631352548,0.122397070429193,0.67312191338862,1.30191631352548,1.30191631352548,1.30191631352548,1.30191631352548,0.670612320742914
1.39600030752086,0.554871512009124,0.955332773643303,1.44268766280375,0.655187440530498,2.12801511883568,1.85486607751964,2.40798682914288,0.966405285823535,0.608447522991861,0.961834484577041,2.24638589008907,2.62251953206728,2.22553665890671,0.612127362922626,0.604615587516796,0.847127186880632,0.994524570295155,2.53284227566161,0.994524570285497,0.813085779428432,0.419342713018293,0.659680224477011,2.69240165850822,2.69240165850822,1.11212186636944,0.536068756329232,1.29533623374128,1.11212186636591,0.849129792419198,1.31346463972746,2.76285653261403,0.677585446872246,0.679004295080311,0.421909626538965,1.31346463972746,0.679004295080311,1.31346463972746,0.152570589299727,0.679004295080311,1.31346463972746,1.31346463972746,1.31346463972746,0.123522180127321,0.679004295080311,1.31346463972746,1.31346463972746,1.31346463972746,1.31346463972746,0.677585446872246
1.44574765673499,0.579860425385174,0.962283967118679,1.53106074402207,0.647948805590394,2.21864942578269,1.96542119517813,2.49418350087794,0.978394214311756,0.608427128227024,0.97084621003886,2.35669290244696,2.66530653095094,2.33841922587906,0.604676995854991,0.58700296088484,0.840460315406499,1.00662390859246,2.58436132303423,1.00662390858628,0.797509964442498,0.417668064206169,0.651895787499892,2.72367728638362,2.72367728638362,1.1180697802173,0.47869117537476,1.29225449470437,1.1180697802173,0.849915389167303,1.31734807812878,2.77694794118592,0.674684276182439,0.676256998654503,0.421162604301165,1.31734807812878,0.676256998654503,1.31734807812878,0.152222735262992,0.676256998654503,1.31734807812878,1.31734807812878,1.31734807812878,0.123240979981794,0.676256998654503,1.31734807812878,1.31734807812878,1.31734807812878,1.31734807812878,0.674684276182439
1.47695606186605,0.555889946546386,0.977930316363902,1.52355772543614,0.648915613186058,2.20573937999933,1.96065396030955,2.45117144244799,0.987209155536551,0.614727529473568,0.989032225066134,2.36892202105861,2.6548130020215,2.34573160667356,0.60447616320438,0.622377315895852,0.859165964985773,1.02056854190567,2.5920296562515,1.02056854190336,0.8338263677574,0.421473366511256,0.661652804964686,2.72194627606469,2.72194627606469,1.13331695319682,0.528990151781233,1.29665070259582,1.1333169531749,0.854133384379937,1.31952493558916,2.78477004979202,0.680771922545599,0.682869971832929,0.424554390847233,1.31952493558916,0.682869971832929,1.31952493558916,0.153381511951381,0.682869971832929,1.31952493558916,1.31952493558916,1.31952493558916,0.12425505974958,0.682869971832929,1.31952493558916,1.31952493558916,1.31952493558916,1.31952493558916,0.680771922545599
1.33593456594926,0.555448571395997,0.937424206667488,1.40722089025501,0.643000546733841,2.09099312691313,1.8292130138713,2.3967630861842,0.952825736731529,0.596620696345679,0.952075029682479,2.20885321614495,2.61120997622244,2.19894539377796,0.561497538608552,0.532887243585234,0.836223688470241,0.986959473397523,2.51695845002958,0.986959473343109,0.781718958771767,0.420042211448092,0.651957831492295,2.70287027760006,2.70287027760006,1.10352743258728,0.469751794655393,1.29439610515471,1.10352743259044,0.851095000286668,1.31908590307844,2.76158997957866,0.67872877947835,0.679032054558093,0.422931541218295,1.31908590307844,0.679032054558093,1.31908590307844,0.152944218186916,0.679032054558093,1.31908590307844,1.31908590307844,1.31908590307844,0.123757105165218,0.679032054558093,1.31908590307844,1.31908590307844,1.31908590307844,1.31908590307844,0.67872877947835
1.39005155304016,0.525218189232352,0.934160064894998,1.40417931621621,0.613962265596943,2.11142137028155,1.8460656902965,2.37503526970013,0.943814413215349,0.584661270860694,0.946546890715061,2.22214777829752,2.58497393926986,2.20829111949201,0.553637186093106,0.523106951899002,0.820518339840659,0.973911144091056,2.50729379691193,0.97391114409703,0.78364473679908,0.4108362552259,0.640905323406394,2.65620128842973,2.65620128842973,1.0922331283176,0.442604719619583,1.26200664779024,1.0922331283176,0.834640596252075,1.28434478284065,2.70935662031107,0.661994934245626,0.665679090055328,0.41329670313846,1.28434478284065,0.665679090055328,1.28434478284065,0.149418086848711,0.665679090055328,1.28434478284065,1.28434478284065,1.28434478284065,0.120966621752979,0.665679090055328,1.28434478284065,1.28434478284065,1.28434478284065,1.28434478284065,0.661994934245626
1.36166243823513,0.593406915147268,0.966846599841065,1.34012310947184,0.660388157406563,2.04917287202917,1.77013235132537,2.34961686620009,0.980296895706971,0.598523064419608,0.979949480888669,2.19274118631039,2.57171538574194,2.17430848868117,0.590463648585782,0.586599213816435,0.839196672268278,1.01227693922862,2.48897974616661,1.01227693923118,0.803498385787623,0.417114267204698,0.659428690178188,2.66507272231315,2.66507272231315,1.12331173604453,0.511769885330269,1.28917796060907,1.12331173601332,0.844723005389165,1.31206965717304,2.73874648841352,0.672482763362608,0.67587625881606,0.420303901355446,1.31206965717304,0.67587625881606,1.31206965717304,0.151786924018256,0.67587625881606,1.31206965717304,1.31206965717304,1.31206965717304,0.122821575865171,0.67587625881606,1.31206965717304,1.31206965717304,1.31206965717304,1.31206965717304,0.672482763362608
1.38002133882864,0.595832297269789,0.993232186179103,1.43936331007972,0.683526088719863,2.16554890777597,1.86440008505393,2.45491232336083,1.00402339969212,0.616215092096737,1.00268480922354,2.27953666257169,2.66412670003898,2.25851741151586,0.624641781026041,0.566885506144518,0.863343047633072,1.03268191566841,2.56748423307435,1.03268191574138,0.83101615018369,0.42941287564526,0.671484584227921,2.74039552571449,2.74039552571449,1.14878426066896,0.524858309511632,1.32241476578975,1.14878426069644,0.872475757086358,1.34511864708643,2.81092704363025,0.691649429265877,0.695425401745069,0.432733581966098,1.34511864708643,0.695425401745069,1.34511864708643,0.156420533809385,0.695425401745069,1.34511864708643,1.34511864708643,1.34511864708643,0.126640983191798,0.695425401745069,1.34511864708643,1.34511864708643,1.34511864708643,1.34511864708643,0.691649429265877
1.31913692021483,0.542124002215085,0.958680990328758,1.37074642427427,0.629448077403023,2.02797324258488,1.82647740270287,2.34717423428743,0.974779573398909,0.603852894730188,0.970557667762249,2.27993772265677,2.6148200267763,2.26023758169824,0.572973012221193,0.542676542184105,0.843980376119498,1.00861266910348,2.49778669981824,1.00861266909633,0.796397101338832,0.423107775578677,0.658503987228689,2.70120656940012,2.70120656940012,1.11106630115504,0.46694646603493,1.30607574968059,1.11106630115504,0.85787043864743,1.33281779307217,2.76922493232101,0.682578493477034,0.685514936775307,0.425938490995679,1.33281779307217,0.685514936775307,1.33281779307217,0.153871659733587,0.685514936775307,1.33281779307217,1.33281779307217,1.33281779307217,0.124561875556247,0.685514936775307,1.33281779307217,1.33281779307217,1.33281779307217,1.33281779307217,0.682578493477034
1.49506559234271,0.584293674946115,0.97906939064058,1.51578844474094,0.650224415666157,2.21036872015193,1.95466508967959,2.47005363821362,0.990249897912433,0.614367153103869,0.992695890273193,2.36191201996564,2.69083632950887,2.34882590604626,0.572934838308579,0.595041927428329,0.855723304742162,1.02276703761579,2.6267132333711,1.02276703760112,0.821060213763649,0.425933249596536,0.665765519621749,2.76058146677591,2.76058146677591,1.14021284648912,0.466393866241947,1.30593159125815,1.14021284648912,0.860447625465155,1.33245190691733,2.81422834252455,0.686788322594208,0.688559911013872,0.428745926036284,1.33245190691733,0.688559911013872,1.33245190691733,0.154885628947973,0.688559911013872,1.33245190691733,1.33245190691733,1.33245190691733,0.125297990811713,0.688559911013872,1.33245190691733,1.33245190691733,1.33245190691733,1.33245190691733,0.686788322594208
1.40514514950915,0.588849779736286,0.980751693400683,1.40724463505437,0.667458859520717,2.09746063859852,1.82382762389828,2.35843933933431,0.990881168911703,0.596190172194877,0.998505060124452,2.27927615659801,2.60007389110468,2.25978928585028,0.570145757503669,0.554960059822018,0.847241305820202,1.02746240351285,2.51752680068788,1.02746240351538,0.814553960740273,0.422208840744399,0.665070219801285,2.69592983772563,2.69592983772563,1.13048986815856,0.513984191756955,1.29579322276503,1.13048986816106,0.854877819322869,1.32212851944377,2.76325876167412,0.681997315779652,0.682953275833257,0.425287172982187,1.32212851944377,0.682953275833257,1.32212851944377,0.153703510945002,0.682953275833257,1.32212851944377,1.32212851944377,1.32212851944377,0.12443142181309,0.682953275833257,1.32212851944377,1.32212851944377,1.32212851944377,1.32212851944377,0.681997315779652
1.46342097585042,0.550129477294959,0.966231592882905,1.4947970420041,0.645539730546708,2.17793705499026,1.93179157077442,2.45261055302724,0.975931661845419,0.606959416177882,0.975414068243611,2.34676830355513,2.65387685346371,2.32520997400813,0.60137167721126,0.599069954009179,0.844553963631775,1.00602297957055,2.5629579984534,1.00602297959033,0.812714438369339,0.419407105412881,0.658612684539986,2.71899727066622,2.71899727066622,1.11303402236711,0.47905947461074,1.29433780940692,1.11303402236948,0.851960985008084,1.31545047179925,2.780326947907,0.677547230206468,0.678264113225027,0.422216085428338,1.31545047179925,0.678264113225027,1.31545047179925,0.152627060693553,0.678264113225027,1.31545047179925,1.31545047179925,1.31545047179925,0.123613346249433,0.678264113225027,1.31545047179925,1.31545047179925,1.31545047179925,1.31545047179925,0.677547230206468
1.41929385622622,0.551134155859501,0.939440151933267,1.44052380523416,0.619188456289877,2.10181225433367,1.89337555031561,2.38475204233544,0.953287513297915,0.590273402376942,0.951527884884286,2.29462823765872,2.59566475215799,2.27030286895895,0.580163487530126,0.559498803242626,0.837215215241764,0.988767710988865,2.53487202106039,0.988767710984721,0.798931229681881,0.413355244796509,0.647823352883871,2.67243797170259,2.67243797170259,1.10228366940116,0.489903375900845,1.27331282273524,1.10228366940217,0.837669177582171,1.29313917151382,2.73653852698408,0.666507612865698,0.668643227206247,0.415931957654427,1.29313917151382,0.668643227206247,1.29313917151382,0.150162514035113,0.668643227206247,1.29313917151382,1.29313917151382,1.29313917151382,0.121565799240509,0.668643227206247,1.29313917151382,1.29313917151382,1.29313917151382,1.29313917151382,0.666507612865698
1.48942808619091,0.556669118385738,0.981926145557707,1.47770427014149,0.643850292055117,2.16119693277883,1.9244134889943,2.42697505638946,0.998688534487641,0.608660758636101,0.993530211319745,2.35568930690493,2.65522739844552,2.33962486438487,0.578384805485626,0.576253052454724,0.856041410472776,1.03004494138964,2.58205183560964,1.03004494134436,0.811726133114905,0.425531765114107,0.668084397881812,2.72226448139445,2.72226448139445,1.13687017987776,0.491500106867532,1.3087298420866,1.13687017987776,0.860521515557063,1.33229138665642,2.77785129145289,0.685638479625815,0.687546546758891,0.428037211385168,1.33229138665642,0.687546546758891,1.33229138665642,0.154471082193574,0.687546546758891,1.33229138665642,1.33229138665642,1.33229138665642,0.125073423765614,0.687546546758891,1.33229138665642,1.33229138665642,1.33229138665642,1.33229138665642,0.685638479625815
1.44584187488293,0.511444848017583,0.953092729649245,1.51786121154391,0.650171167255449,2.13620431459133,1.91960742684975,2.39388212105448,0.960522336733866,0.599025140848143,0.968360807300392,2.30418916649885,2.61406611091798,2.28508440244051,0.562433495142032,0.54759067357462,0.845684767041986,0.997205660407227,2.56298356118171,0.997205660397708,0.81927235497761,0.420094493648225,0.654244509032431,2.68924783358429,2.68924783358429,1.11945847636333,0.453278558472773,1.29288039373431,1.1194584763521,0.852010342316593,1.31478946052928,2.7435932136329,0.677585682066506,0.68015721632065,0.422442213761686,1.31478946052928,0.68015721632065,1.31478946052928,0.152690306776198,0.68015721632065,1.31478946052928,1.31478946052928,1.31478946052928,0.123669353725017,0.68015721632065,1.31478946052928,1.31478946052928,1.31478946052928,1.31478946052928,0.677585682066506
1.42006145049808,0.582267437335771,0.964088325439363,1.52576039981074,0.662464663374156,2.19247494914658,1.9277228269107,2.43808273124079,0.971008338828853,0.611161165791812,0.976440908951519,2.33720661640776,2.64027776939015,2.31615571713921,0.606955665121701,0.60436606525763,0.852971848385544,1.00677462881146,2.54975888942214,1.00677462883843,0.822241068496832,0.422253058550377,0.660561211831129,2.718625351855,2.718625351855,1.11329192554456,0.55808120651081,1.29789035298213,1.11329192554456,0.855221250438577,1.32219773639398,2.78628005344373,0.681520833078403,0.682451143021945,0.425768123514895,1.32219773639398,0.682451143021945,1.32219773639398,0.153659258013525,0.682451143021945,1.32219773639398,1.32219773639398,1.32219773639398,0.124360525493622,0.682451143021945,1.32219773639398,1.32219773639398,1.32219773639398,1.32219773639398,0.681520833078403
1.45502406473126,0.5362702800447,0.944908650972244,1.47571551616673,0.642705473800958,2.14447491074335,1.88615680617794,2.42777467480774,0.956090512375489,0.598304255689155,0.95480866700449,2.27643671679044,2.63974524645756,2.26304381792492,0.567233054154612,0.573506369399503,0.829984352439532,0.983802425759145,2.53721098169851,0.983802425766044,0.786196655367456,0.417628622626234,0.652207360182755,2.70438247717893,2.70438247717893,1.09580578853448,0.428489655712172,1.28036544773092,1.09580578853268,0.845335041641201,1.30646432748691,2.75670684534236,0.673443043253932,0.675414593498006,0.420459548012552,1.30646432748691,0.675414593498006,1.30646432748691,0.151929621083008,0.675414593498006,1.30646432748691,1.30646432748691,1.30646432748691,0.122954423738273,0.675414593498006,1.30646432748691,1.30646432748691,1.30646432748691,1.30646432748691,0.673443043253932
1.43910586404763,0.558164792723619,0.950314159284699,1.41889227361428,0.634512241803954,2.1533132500992,1.86747479874733,2.43548441591513,0.960003052863962,0.601026528668128,0.961129816289416,2.24419949544603,2.62669864627186,2.23076617979068,0.596036031748851,0.581662063837966,0.839686069397937,0.990844573675552,2.52878010123048,0.990844573677097,0.80190269351016,0.421025051135571,0.662373790392808,2.70422331018223,2.70422331018223,1.10707984982474,0.493345097509273,1.30249919751081,1.10707984982474,0.855488364104199,1.32194759049111,2.76548991248518,0.679767544224697,0.682136770072025,0.423737242773707,1.32194759049111,0.682136770072025,1.32194759049111,0.153184219708563,0.682136770072025,1.32194759049111,1.32194759049111,1.32194759049111,0.123977687194473,0.682136770072025,1.32194759049111,1.32194759049111,1.32194759049111,1.32194759049111,0.679767544224697
1.39399225475593,0.570770987708827,0.960938167516567,1.46802879311843,0.660824306330711,2.09650974301165,1.87383543120807,2.37474095411338,0.972702499413795,0.598204336675031,0.97566675918408,2.3142898587107,2.59869138507325,2.29088378066269,0.568964533045508,0.578019110014747,0.838693567137294,1.00799572451304,2.53470458386418,1.00799572451241,0.804881818321517,0.414047137639778,0.64780149772776,2.67853829312631,2.67853829312631,1.11099425137008,0.463820159228479,1.28094395902729,1.11099425137008,0.837409914001649,1.30154253845287,2.7408138893843,0.667411691420825,0.669110690980879,0.416477105270553,1.30154253845287,0.669110690980879,1.30154253845287,0.150509108035605,0.669110690980879,1.30154253845287,1.30154253845287,1.30154253845287,0.12182221041599,0.669110690980879,1.30154253845287,1.30154253845287,1.30154253845287,1.30154253845287,0.667411691420825
1.45084807217799,0.561638036424204,0.960181476154731,1.47787263198199,0.630971410280909,2.15986785213272,1.92019884631105,2.41204972555592,0.967640551586483,0.593511155463519,0.972764485795374,2.33943718019539,2.61402724108605,2.31945835306045,0.584338807130861,0.553857858532301,0.837707591985883,1.00084506404411,2.53633856518452,1.00084506404422,0.810527327146908,0.414639332685337,0.650957822339423,2.68284169449805,2.68284169449805,1.10193149699422,0.478991616143197,1.2731476698614,1.10193149699422,0.842027800141083,1.29820840312848,2.74238239895194,0.668030078360909,0.670516878147234,0.417861088079495,1.29820840312848,0.670516878147234,1.29820840312848,0.150730089492929,0.670516878147234,1.29820840312848,1.29820840312848,1.29820840312848,0.122045067953295,0.670516878147234,1.29820840312848,1.29820840312848,1.29820840312848,1.29820840312848,0.668030078360909
1.42245946226404,0.576079429788912,0.950675853035262,1.43562247763486,0.647029442547493,2.10162072977794,1.86967966757832,2.41087069626474,0.966562903216047,0.589685656651066,0.958280091233958,2.26543293219137,2.60068377357679,2.24648649538941,0.608633750042041,0.554331680559834,0.836269175421612,0.99499213235029,2.52333451371377,0.994992132368978,0.795960662843306,0.412479074365411,0.650034575613253,2.66721494801399,2.66721494801399,1.10625371304656,0.475722763860437,1.27468782921168,1.10625371304656,0.837190937784543,1.29350548571142,2.73305483243994,0.664616802527248,0.668466643064425,0.41532461022764,1.29350548571142,0.668466643064425,1.29350548571142,0.150173046995167,0.668466643064425,1.29350548571142,1.29350548571142,1.29350548571142,0.121540562933725,0.668466643064425,1.29350548571142,1.29350548571142,1.29350548571142,1.29350548571142,0.664616802527248
1.43712769372899,0.602230495036035,0.980150885070404,1.44366484969853,0.653342105972379,2.15138401861436,1.88537176444777,2.41168489805357,0.98871633538431,0.600946346359698,0.994535174828125,2.3099418061076,2.62206528936078,2.28869626898226,0.584745239040944,0.559908430569804,0.848562842315509,1.02203768618674,2.5570930379967,1.02203768616664,0.824259097048474,0.420228223362269,0.659762238251129,2.69947579780394,2.69947579780394,1.13209295004393,0.485682984374992,1.29457264677406,1.1320929500485,0.853562710665654,1.31664763403062,2.76100900132,0.678249306808841,0.68020545586602,0.42301911085717,1.31664763403062,0.68020545586602,1.31664763403062,0.152859048442384,0.68020545586602,1.31664763403062,1.31664763403062,1.31664763403062,0.123747465895431,0.68020545586602,1.31664763403062,1.31664763403062,1.31664763403062,1.31664763403062,0.678249306808841
1.38382822401741,0.520552317211148,0.959805394808305,1.40782573811175,0.670864652543383,2.06194994482627,1.80736579015911,2.37979091712913,0.969768225483603,0.602960331575056,0.97124905448419,2.20827332883578,2.61977444881709,2.19447262398781,0.580399137202863,0.569495613337705,0.845403045715212,1.00036876568487,2.50555000481535,1.00036876570401,0.802518244794156,0.42553263612436,0.665363476846301,2.70511236897709,2.70511236897709,1.11459865844654,0.445971597199898,1.31032428443485,1.11459865844354,0.859992608450218,1.32853984825929,2.77097689570539,0.682965520383024,0.686687440208839,0.427653271744754,1.32853984825929,0.686687440208839,1.32853984825929,0.154435216627656,0.686687440208839,1.32853984825929,1.32853984825929,1.32853984825929,0.124984462820896,0.686687440208839,1.32853984825929,1.32853984825929,1.32853984825929,1.32853984825929,0.682965520383024
1.40752057017218,0.520157377241471,0.941372496622508,1.44003918179701,0.636422550728576,2.1221401387843,1.86598264654005,2.40070761056785,0.955886339030341,0.591846894470995,0.954368516293517,2.24784738935171,2.60086286365761,2.23286491852291,0.566585361528382,0.555555531859649,0.829009479112252,0.987767421342074,2.52639530476855,0.987767421339849,0.784354905250273,0.413663116079629,0.64566858811647,2.67613984221029,2.67613984221029,1.10566751938067,0.467058834269296,1.27002490525381,1.10566751938067,0.837051569753429,1.29727725618579,2.73173941423577,0.667278580031691,0.669324684302883,0.416963699503845,1.29727725618579,0.669324684302883,1.29727725618579,0.150538517123153,0.669324684302883,1.29727725618579,1.29727725618579,1.29727725618579,0.121844596183031,0.669324684302883,1.29727725618579,1.29727725618579,1.29727725618579,1.29727725618579,0.667278580031691
1.40735984582948,0.545972248515682,0.954328046760957,1.50048854418279,0.675841474312597,2.10101700218677,1.87099020630631,2.37016375340416,0.969562824713674,0.599481914582907,0.96660716476152,2.30451083033511,2.59657134440585,2.28018228260409,0.585281232230831,0.587530261795557,0.842440635806378,1.00489525437433,2.52669312324607,1.00489525439969,0.802874963413518,0.41555994307041,0.654371947191625,2.67691534654007,2.67691534654007,1.11051170278357,0.542538532363541,1.27925395285989,1.11051170278357,0.841950561079482,1.3008828718663,2.74605781261045,0.668189489244665,0.671858086665141,0.418361029879093,1.3008828718663,0.671858086665141,1.3008828718663,0.151007482468401,0.671858086665141,1.3008828718663,1.3008828718663,1.3008828718663,0.122241759606298,0.671858086665141,1.3008828718663,1.3008828718663,1.3008828718663,1.3008828718663,0.668189489244665
1.42174777767397,0.590312164630002,0.997303448011962,1.4801012784988,0.674098850842888,2.19582760407474,1.92937044482256,2.4703675128794,1.00462673556096,0.613537458531799,1.01127144977463,2.34696862868608,2.65087497103414,2.32674549313646,0.625838038236702,0.570689681114008,0.86615554100613,1.03966521110521,2.58012051973303,1.03966521108779,0.844247017527155,0.42751421335132,0.670061742184507,2.73093161701551,2.73093161701551,1.14808860846583,0.509125126248961,1.32250540828216,1.14808860846778,0.865860842052477,1.34074522539924,2.7979814546314,0.689581014622631,0.692068093566656,0.430481420865829,1.34074522539924,0.692068093566656,1.34074522539924,0.155746337658974,0.692068093566656,1.34074522539924,1.34074522539924,1.34074522539924,0.126003418816334,0.692068093566656,1.34074522539924,1.34074522539924,1.34074522539924,1.34074522539924,0.689581014622631
1.47029223999598,0.54989949952707,0.967217623554978,1.51759005346533,0.642324058994131,2.19422894814362,1.93987690083609,2.45065675955373,0.986791271718057,0.599344627669602,0.979334412616345,2.37001575547236,2.67109157407175,2.35971596387504,0.554894478593521,0.540284230661273,0.835323297462794,1.01630448626607,2.58267234131386,1.01630448627213,0.782661411238549,0.421595518206912,0.653993618103244,2.73331678904687,2.73331678904687,1.11963109411208,0.469632491080696,1.29083768901931,1.11963109411329,0.850816171961635,1.31854364373411,2.78021420415774,0.676818343446391,0.680464467789815,0.424192118736644,1.31854364373411,0.680464467789815,1.31854364373411,0.153019445883358,0.680464467789815,1.31854364373411,1.31854364373411,1.31854364373411,0.12389917935345,0.680464467789815,1.31854364373411,1.31854364373411,1.31854364373411,1.31854364373411,0.676818343446391
1.43190084258862,0.554819135422669,0.968254824323026,1.51672083338195,0.665390925573364,2.14813282435786,1.93538261524757,2.43118079877481,0.978703032659389,0.606748802605133,0.982729248727421,2.3523128845714,2.64320057094769,2.33232001389679,0.595814953941284,0.575709403529229,0.859473461029332,1.01719476963704,2.58101856308065,1.01719476962841,0.827198131088811,0.422271439373125,0.662629054491151,2.72578335670359,2.72578335670359,1.12656128932684,0.495673306635449,1.30564120247439,1.12656128930771,0.855699619690476,1.33167114790838,2.79169308761908,0.68226695296816,0.684202816270851,0.425741394639709,1.33167114790838,0.684202816270851,1.33167114790838,0.153877379679434,0.684202816270851,1.33167114790838,1.33167114790838,1.33167114790838,0.124604555899909,0.684202816270851,1.33167114790838,1.33167114790838,1.33167114790838,1.33167114790838,0.68226695296816
1.39395746144709,0.521188332821284,0.932646502349875,1.49321907014231,0.66083777558996,2.10226667345289,1.86684542142609,2.37646167362784,0.941022932441435,0.597926187882879,0.944543406734003,2.24360339393373,2.57963400400311,2.22488205517797,0.586324414784395,0.581166240631302,0.835790627405674,0.975980655927269,2.49980997075472,0.975980655836631,0.801118629820498,0.414956052438781,0.651422621903943,2.65966345175967,2.65966345175967,1.08989138248324,0.497533246900673,1.27623361856515,1.08989138248268,0.843765110799034,1.30050904510474,2.72412909280985,0.668455807801914,0.67313629848206,0.418279519829321,1.30050904510474,0.67313629848206,1.30050904510474,0.151082799126137,0.67313629848206,1.30050904510474,1.30050904510474,1.30050904510474,0.12233193868797,0.67313629848206,1.30050904510474,1.30050904510474,1.30050904510474,1.30050904510474,0.668455807801914
1.47201018503914,0.593595586958021,0.972067172471135,1.54494523351892,0.686605398420609,2.20937837072509,1.92917831193927,2.48807459748472,0.984151738262016,0.614667835047864,0.978425555499971,2.32332962919327,2.67092766419413,2.30290206173185,0.62591627783303,0.600031549791751,0.851338830511969,1.0107366926611,2.56553627010325,1.01073669269815,0.812026166809742,0.426138064981287,0.668526542656259,2.73161617919023,2.73161617919023,1.12325201627327,0.507961581887041,1.31479974933455,1.12325201627327,0.862851266914322,1.33331496001654,2.79200630739567,0.685444348948086,0.687720001956781,0.428863414585617,1.33331496001654,0.687720001956781,1.33331496001654,0.154862293436558,0.687720001956781,1.33331496001654,1.33331496001654,1.33331496001654,0.125331740741841,0.687720001956781,1.33331496001654,1.33331496001654,1.33331496001654,1.33331496001654,0.685444348948086
1.4129541202498,0.535262038599578,0.974890697663691,1.38271515180494,0.637602466768944,2.07925783787245,1.86403388542704,2.40387123679929,0.988676109739284,0.607347048541535,0.981232908656287,2.30033530697293,2.62745626153519,2.27745107012725,0.629674823653234,0.588246137743771,0.859291308124294,1.01857082084669,2.53352864694838,1.01857082083781,0.823100696968993,0.42180631422618,0.668883888609519,2.70067606663395,2.70067606663395,1.12285173929857,0.504544572733908,1.3070078976832,1.12285173929857,0.854103409791863,1.32372492864373,2.7803409079142,0.680184897821151,0.68308664485485,0.424338149884138,1.32372492864373,0.68308664485485,1.32372492864373,0.153564185193628,0.68308664485485,1.32372492864373,1.32372492864373,1.32372492864373,0.124295102261506,0.68308664485485,1.32372492864373,1.32372492864373,1.32372492864373,1.32372492864373,0.680184897821151
1.29873980185618,0.513964211692713,0.939164538577845,1.35282608095905,0.634071698819994,2.02065352856676,1.7741827007527,2.30260914457703,0.944474769245912,0.592125929554991,0.950825220696709,2.18807325410876,2.55711725403922,2.16394788085766,0.577996972471337,0.553920238866213,0.831834074469329,0.978189232284333,2.4737737892638,0.97818923227362,0.809209506135371,0.412461006392657,0.64470713313239,2.64827431409243,2.64827431409243,1.09226748126765,0.498197664505054,1.27184620948389,1.09226748127167,0.834327611046702,1.29186979747021,2.72678956175179,0.662622377073767,0.666321957286629,0.414991064095402,1.29186979747021,0.666321957286629,1.29186979747021,0.149788499268417,0.666321957286629,1.29186979747021,1.29186979747021,1.29186979747021,0.121202600838128,0.666321957286629,1.29186979747021,1.29186979747021,1.29186979747021,1.29186979747021,0.662622377073767
1.42918534855533,0.527772002863343,0.957448733648341,1.48589286005747,0.678798157872498,2.11494674905705,1.86818211237222,2.41093816940898,0.970929067919124,0.604609496248795,0.969665766709156,2.29787793061918,2.65163597944669,2.27671340469765,0.590104455474414,0.584641755488765,0.853013691321718,1.0063608843511,2.55541611369007,1.0063608843522,0.808665589662268,0.42444807928282,0.669392726720391,2.74209876169066,2.74209876169066,1.11578377126383,0.530381837097695,1.31044650789597,1.11578377126383,0.861734270769064,1.33163683845839,2.81478453216218,0.685068792604874,0.685835327415647,0.427112750060911,1.33163683845839,0.685835327415647,1.33163683845839,0.154410802954668,0.685835327415647,1.33163683845839,1.33163683845839,1.33163683845839,0.125063354816169,0.685835327415647,1.33163683845839,1.33163683845839,1.33163683845839,1.33163683845839,0.685068792604874
1.43138989993907,0.526889612722948,0.950548512247751,1.46530248437268,0.6294099433577,2.17741963141983,1.89544818906897,2.42248642213326,0.959266910339484,0.598944411113277,0.96450722875371,2.30426998542842,2.64034524274088,2.28901633035798,0.564909600799769,0.551422492443682,0.836799344917401,0.992599613058898,2.53648463566546,0.992599613049659,0.795725717347456,0.419899980157652,0.656646858204955,2.71772350891935,2.71772350891935,1.09877555722357,0.497588952879072,1.29218921062773,1.09877555722357,0.854553589822982,1.32340649843421,2.7727062905007,0.679143574502477,0.679595198544599,0.423303852536633,1.32340649843421,0.679595198544599,1.32340649843421,0.153022244123484,0.679595198544599,1.32340649843421,1.32340649843421,1.32340649843421,0.123927915650722,0.679595198544599,1.32340649843421,1.32340649843421,1.32340649843421,1.32340649843421,0.679143574502477
1.3701465718837,0.540541393989187,0.953205210708328,1.39317029343035,0.628741138350434,2.07303277365525,1.85090258811152,2.36477132385736,0.960183076192893,0.608963465624624,0.963538418642555,2.23653667602022,2.58028235827742,2.21891835524226,0.604473841867618,0.61350570211622,0.847092620160078,0.993939914529924,2.50325532220726,0.993939914529104,0.822537867416871,0.417732009778477,0.657298246057886,2.65986994923796,2.65986994923796,1.1112042959482,0.489139598561078,1.2907571386308,1.11120429595073,0.846350552669679,1.31819242407183,2.73072034808441,0.673452611292456,0.677696801768593,0.421601467235944,1.31819242407183,0.677696801768593,1.31819242407183,0.152263429692483,0.677696801768593,1.31819242407183,1.31819242407183,1.31819242407183,0.123173185807874,0.677696801768593,1.31819242407183,1.31819242407183,1.31819242407183,1.31819242407183,0.673452611292456
1.31836572426521,0.553569879505693,0.95776534429793,1.41063939164982,0.678094756852989,2.05905269251573,1.8044194665515,2.387044062898,0.973414378595146,0.602591440429154,0.966127137430842,2.20461912846627,2.60988109373887,2.18446240052804,0.59758040969701,0.547401324479049,0.840135081022299,1.00065255697839,2.51545697089413,1.00065255698944,0.798305034097,0.418207510155423,0.653948053882113,2.68529971300372,2.68529971299233,1.11957365586163,0.469061957399031,1.28578831622885,1.11957365586163,0.848717140289003,1.31207895586604,2.75443706908138,0.674881017901963,0.679795678673824,0.421699123496343,1.31207895586604,0.679795678673824,1.31207895586604,0.152530538780371,0.679795678673824,1.31207895586604,1.31207895586604,1.31207895586604,0.123436732735856,0.679795678673824,1.31207895586604,1.31207895586604,1.31207895586604,1.31207895586604,0.674881017901963
1.4244295653841,0.581230208452964,0.976134879916894,1.45109059480752,0.665134339590619,2.17479914583151,1.87388132884102,2.42794822259063,0.981679306407393,0.610271840024944,0.98726281610465,2.27110026513225,2.62973768493573,2.25324554487641,0.606310565830348,0.60978858226143,0.85097255945803,1.01268492607224,2.5659301075946,1.01268492607093,0.83687645390414,0.42029189978049,0.660838997333536,2.70582356913944,2.70582356913944,1.13181285591776,0.524624175010463,1.30691926751687,1.13181285591776,0.851462108818124,1.32492297937003,2.7722805053191,0.677809088923608,0.681621763127922,0.422845314275066,1.32492297937003,0.681621763127922,1.32492297937003,0.152997601589029,0.681621763127922,1.32492297937003,1.32492297937003,1.32492297937003,0.123798926944786,0.681621763127922,1.32492297937003,1.32492297937003,1.32492297937003,1.32492297937003,0.677809088923608
1.37727706887547,0.554444343913152,0.97240089267103,1.34716553960077,0.66222710429539,2.05251485771775,1.77953808038776,2.36285678329663,0.982743107520365,0.593273582321504,0.986128242814362,2.20952731266651,2.5890002692422,2.19082179597527,0.580556857799084,0.550261157837831,0.840242450526485,1.01391469540443,2.48985441442249,1.01391469542579,0.804089617838827,0.41934239128671,0.661516672709278,2.67951568555665,2.67951568555665,1.12117902534895,0.453851590721517,1.29768980163026,1.12117902534895,0.848645199060143,1.32228173435652,2.74670682719608,0.676688261578976,0.680280407553055,0.422435885112606,1.32228173435652,0.680280407553055,1.32228173435652,0.15267549052902,0.680280407553055,1.32228173435652,1.32228173435652,1.32228173435652,0.123625003120715,0.680280407553055,1.32228173435652,1.32228173435652,1.32228173435652,1.32228173435652,0.676688261578976
1.43537022595097,0.523596858616896,0.938381485464517,1.47900178963068,0.662376957391819,2.08042858866983,1.84916635448794,2.37204570592139,0.950759926829446,0.592843417920432,0.94858645131529,2.24408258103959,2.60253370378959,2.22990337957754,0.568756797408566,0.555353049014578,0.832301222964204,0.981439312685035,2.50483798337515,0.981439312695123,0.788853355615803,0.418363827539124,0.656524531039326,2.67576689612594,2.67576689612594,1.09361139769019,0.454427810085108,1.28793556971725,1.09361139769078,0.846377185934858,1.31065851110977,2.73416622496605,0.673156034877535,0.675361569741688,0.420848168807971,1.31065851110977,0.675361569741688,1.31065851110977,0.151876629580157,0.675361569741688,1.31065851110977,1.31065851110977,1.31065851110977,0.122974384317535,0.675361569741688,1.31065851110977,1.31065851110977,1.31065851110977,1.31065851110977,0.673156034877535
1.37925647354284,0.526671772081813,0.951665479120245,1.41006277944984,0.630208483877751,2.08373408735082,1.86301649866823,2.37814997846237,0.964511136008895,0.602077535908564,0.962785663614787,2.26259101650951,2.60240755739824,2.2399004020625,0.591638236940653,0.562426709063223,0.847246832140858,0.998619708614448,2.52602770727797,0.99861970862633,0.808930206782045,0.419138792122449,0.658374228301239,2.68283450938377,2.68283450938377,1.11595631238243,0.49959295424087,1.28911086982943,1.11595631241862,0.851457582960164,1.31182886998131,2.75171972978298,0.675910569462143,0.679364858293328,0.422118283293021,1.31182886998131,0.679364858293328,1.31182886998131,0.152633564875329,0.679364858293328,1.31182886998131,1.31182886998131,1.31182886998131,0.123536496531492,0.679364858293328,1.31182886998131,1.31182886998131,1.31182886998131,1.31182886998131,0.675910569462143
1.43790476591625,0.574582053466343,0.968068695520137,1.46556744615521,0.65586317582421,2.11695135786352,1.88792692537123,2.408897630587,0.980993092504676,0.613411316058006,0.975454955829877,2.29872007971499,2.6494102723552,2.27784476605258,0.599017134126273,0.600371596269484,0.856806929256091,1.01026141595372,2.57279368361261,1.01026141584775,0.822120720681992,0.422416493075846,0.667115235620495,2.71712411911543,2.71712411911543,1.12885506048879,0.49345058144383,1.30374218267742,1.12885506048879,0.856014121464729,1.33240139157645,2.78381673421611,0.680979374018252,0.68386282437201,0.425822901477611,1.33240139157645,0.68386282437201,1.33240139157645,0.154022486061902,0.68386282437201,1.33240139157645,1.33240139157645,1.33240139157645,0.124625688411732,0.68386282437201,1.33240139157645,1.33240139157645,1.33240139157645,1.33240139157645,0.680979374018252
1.40239811354897,0.574283159472303,0.960931691748047,1.42456643786595,0.657689165176177,2.11749901928053,1.83296601970386,2.40452884746026,0.979103983730664,0.58674150114352,0.973045718137202,2.29190582061381,2.62903120189469,2.27380347988905,0.559251010774285,0.527024818060876,0.823885803191569,1.00717667335739,2.51489243017033,1.00717667334201,0.772137625324963,0.415877744396042,0.648381607541698,2.70284322635576,2.70284322635576,1.10390205122107,0.464715605072477,1.27428587374943,1.10390205122302,0.843223267558155,1.30374751952817,2.75846516320538,0.669412306307372,0.673509191170952,0.419026572680608,1.30374751952817,0.673509191170952,1.30374751952817,0.1512685084818,0.673509191170952,1.30374751952817,1.30374751952817,1.30374751952817,0.122472454636738,0.673509191170952,1.30374751952817,1.30374751952817,1.30374751952817,1.30374751952817,0.669412306307372
1.4233426822309,0.556393516341882,0.989681808003373,1.45570120477179,0.658741125783899,2.15914154631601,1.90610346290118,2.4420727617458,1.0009176033889,0.616947162838936,0.996038942151754,2.32910935072374,2.65534849204656,2.30535576550975,0.629083281245134,0.611748268955954,0.864960043141449,1.02896912815496,2.57572506818015,1.02896912818489,0.837220667484808,0.423940767757926,0.666219214473583,2.71968417349111,2.71968417349111,1.14051194796631,0.521276970751729,1.31527187909311,1.14051194796631,0.860153122329014,1.33380133067818,2.79031690921955,0.684937967866371,0.685427054266649,0.426602715717687,1.33380133067818,0.685427054266649,1.33380133067818,0.154366671821972,0.685427054266649,1.33380133067818,1.33380133067818,1.33380133067818,0.124884698392995,0.685427054266649,1.33380133067818,1.33380133067818,1.33380133067818,1.33380133067818,0.684937967866371
1.34752606508959,0.556332036190603,0.97244271435508,1.46976155720125,0.680032699876799,2.10169693292294,1.86195725358915,2.39950364746399,0.98037869221574,0.609371569473818,0.980122637511241,2.30759238592108,2.64341280737314,2.2806314707498,0.614845955986777,0.56755680360419,0.85389324878298,1.01122842177468,2.52857133568001,1.01122842182746,0.825507055586825,0.423257630090573,0.662773465337757,2.72032253990534,2.72032253990534,1.11682325675484,0.51127366093674,1.30800537257518,1.11682325675484,0.857822005166509,1.33061001380202,2.79880427248661,0.68331203255596,0.685744664893211,0.426317240619155,1.33061001380202,0.685744664893211,1.33061001380202,0.154086763445087,0.685744664893211,1.33061001380202,1.33061001380202,1.33061001380202,0.124714728457493,0.685744664893211,1.33061001380202,1.33061001380202,1.33061001380202,1.33061001380202,0.68331203255596
1.38636651312616,0.519124667116202,0.949346284936332,1.37780106137587,0.653459831801299,2.06321214067576,1.78759648443001,2.36830079598074,0.957996457692092,0.596611111192417,0.958592122218199,2.17598365839722,2.58913063952129,2.16225501391962,0.582333025489968,0.575753537632933,0.829095219681865,0.984770795782174,2.47787999152077,0.984770795792779,0.793749879507686,0.415777799391154,0.654905564627323,2.66342304394858,2.66342304394858,1.10004858483364,0.438579883561404,1.28254885350056,1.10004858483364,0.845540363475684,1.31068403999499,2.72596675691255,0.670455683093102,0.672683376401891,0.419216663668993,1.31068403999499,0.672683376401891,1.31068403999499,0.151406107589799,0.672683376401891,1.31068403999499,1.31068403999499,1.31068403999499,0.122542716050887,0.672683376401891,1.31068403999499,1.31068403999499,1.31068403999499,1.31068403999499,0.670455683093102
1.35445538379186,0.524767113297514,0.944013320889228,1.38988079644111,0.629945868280535,2.09316773017518,1.84227635843539,2.39657613667946,0.959145681839781,0.59542263764975,0.956802777617623,2.22466255763841,2.59470668463082,2.20932520909695,0.56831230175162,0.546484600623699,0.828616010308657,0.989823603427335,2.52822030586057,0.989823603430615,0.785798583936912,0.413554696397239,0.643631528558231,2.67122143240569,2.67122143240569,1.10968191841468,0.435625871378727,1.27015339481957,1.10968191841468,0.839358526777237,1.30192066283252,2.7269385108922,0.666844591460584,0.669605746886499,0.417452775381794,1.30192066283252,0.669605746886499,1.30192066283252,0.150723690995925,0.669605746886499,1.30192066283252,1.30192066283252,1.30192066283252,0.122005495368077,0.669605746886499,1.30192066283252,1.30192066283252,1.30192066283252,1.30192066283252,0.666844591460584
1.345743355127,0.526597397889603,0.954195702454836,1.40595783710198,0.647514772181182,2.08304098831372,1.82188891612533,2.34341874573093,0.961029254414958,0.598713417773253,0.968411146874993,2.24629386414875,2.57887365764506,2.22470370302337,0.576575024749505,0.589989049748358,0.836428455741318,0.996294061467868,2.50510205566387,0.996294061506589,0.812199859172711,0.413462407684985,0.646711033807266,2.66776619327743,2.66776619327743,1.10615710544411,0.515211624591847,1.27473966624782,1.10615710544476,0.836810203431064,1.29223502182963,2.74064276787784,0.66639767560203,0.668750690272831,0.415709633002085,1.29223502182963,0.668750690272831,1.29223502182963,0.150244086824883,0.668750690272831,1.29223502182963,1.29223502182963,1.29223502182963,0.121642557870716,0.668750690272831,1.29223502182963,1.29223502182963,1.29223502182963,1.29223502182963,0.66639767560203
1.51899337823893,0.535403173568809,0.964086812574835,1.51135671177694,0.638455713798153,2.19440766794634,1.97767978998731,2.50041605955059,0.981842396006935,0.609955949018486,0.975347028415711,2.37118134762537,2.68462349408838,2.35686686563917,0.595621584986139,0.59904726154356,0.851142389171767,1.01475674141845,2.60679699856788,1.01475674142906,0.802234646254939,0.424962708134996,0.665971537724905,2.75342192540949,2.75342192540949,1.12763446592273,0.454216235976166,1.31776377473598,1.1276344659045,0.860622659493785,1.33503567124701,2.80789124015523,0.685627397190182,0.686113684195332,0.427217115434805,1.33503567124701,0.686113684195332,1.33503567124701,0.154471147884545,0.686113684195332,1.33503567124701,1.33503567124701,1.33503567124701,0.124986291627604,0.686113684195332,1.33503567124701,1.33503567124701,1.33503567124701,1.33503567124701,0.685627397190182
1.44270316248282,0.574880576664724,0.947664868690508,1.47845985281255,0.636234925457037,2.16993699008853,1.90956844437696,2.43192684802316,0.962599199866023,0.599719791468416,0.955262268360105,2.28456346388281,2.60239113355548,2.26505098119563,0.608135110777057,0.586785045310062,0.834136950828014,0.990812149106264,2.5337982894785,0.990812149118425,0.797091134343694,0.412106464390653,0.649117565778402,2.66248762562894,2.66248762562894,1.10621929945933,0.519676800087953,1.2766349619139,1.10621929946032,0.834605231697112,1.29985583963404,2.71976341173951,0.666156616567866,0.668374909194326,0.415585500715998,1.29985583963404,0.668374909194326,1.29985583963404,0.150139029556832,0.668374909194326,1.29985583963404,1.29985583963404,1.29985583963404,0.121535080912878,0.668374909194326,1.29985583963404,1.29985583963404,1.29985583963404,1.29985583963404,0.666156616567866
1.50794058838809,0.574024194483877,0.98296325664382,1.46588181455272,0.65514689664193,2.17775821939554,1.89922226762874,2.44393098079617,0.996783197387163,0.60203871502429,0.995988570166795,2.31982159589587,2.66321914766202,2.30946226967294,0.561480621146957,0.565876874667028,0.844331177932829,1.02601213778581,2.57459841554548,1.02601213780599,0.798306883275997,0.424592335421563,0.664284045399277,2.73180018545006,2.73180018545006,1.13607654010682,0.445325575553522,1.31375517617237,1.13607654010682,0.861638850069407,1.33548595894516,2.78071164305403,0.682719112092282,0.685978569074818,0.4267149045454,1.33548595894516,0.685978569074818,1.33548595894516,0.154254416303226,0.685978569074818,1.33548595894516,1.33548595894516,1.33548595894516,0.124843067334855,0.685978569074818,1.33548595894516,1.33548595894516,1.33548595894516,1.33548595894516,0.682719112092282
1.34253315359008,0.57696099413379,0.971790544595285,1.34154299278258,0.659169222526073,2.04883235736465,1.75728240297368,2.33333518422647,0.980004028768681,0.603512109344565,0.979318397807944,2.18859406381767,2.58178130580181,2.1689095719996,0.602052533354995,0.591433949504518,0.840238302068869,1.00583051688611,2.46082169025625,1.00583051686611,0.812517319837243,0.417712641170652,0.656256381796312,2.65686609661212,2.65686609661212,1.11262387965695,0.509408022508362,1.28670969108659,1.11262387969291,0.848041750567188,1.31450543999651,2.73274611460072,0.674881597047651,0.677574632330983,0.42130415979069,1.31450543999651,0.677574632330983,1.31450543999651,0.152014441848057,0.677574632330983,1.31450543999651,1.31450543999651,1.31450543999651,0.12306114253397,0.677574632330983,1.31450543999651,1.31450543999651,1.31450543999651,1.31450543999651,0.674881597047651
1.36680866774548,0.537700273191032,0.949042201252093,1.43397641872664,0.629666531631688,2.12146678239388,1.88573050803321,2.40850157202017,0.963104137395651,0.600544932882626,0.962348495087504,2.29312701162913,2.60926480906231,2.2726263530007,0.578703042680614,0.564991727293289,0.836635739708391,0.997458274794262,2.52867001586756,0.997458274793396,0.793002443361754,0.416562524980599,0.648330324139515,2.68822270390318,2.68822270390318,1.1060791802342,0.476574691500835,1.28648060959803,1.1060791802332,0.844770706082064,1.30652180300455,2.74836867630483,0.672148253621834,0.673515306581902,0.419154032931192,1.30652180300455,0.673515306581902,1.30652180300455,0.151477035132781,0.673515306581902,1.30652180300455,1.30652180300455,1.30652180300455,0.122724198219154,0.673515306581902,1.30652180300455,1.30652180300455,1.30652180300455,1.30652180300455,0.672148253621834
1.36872475373276,0.514868213356432,0.947821552036331,1.37403409587411,0.649784921727024,2.04074588754316,1.76994421584286,2.32594769842168,0.955360538445928,0.589488865814822,0.95714247349446,2.17889858845227,2.58149689873263,2.1648016591289,0.569397561322774,0.553895861276767,0.826772652772467,0.982545841786615,2.465900357539,0.982545841793161,0.795400367650321,0.414553838849188,0.650879370550662,2.65679514889245,2.65679514889245,1.09469448177324,0.455480782219081,1.27382072102426,1.09469448177707,0.841202543874863,1.30563798373252,2.72194377825631,0.669530988755437,0.671577455210295,0.417990278167179,1.30563798373252,0.671577455210295,1.30563798373252,0.150861854917396,0.671577455210295,1.30563798373252,1.30563798373252,1.30563798373252,0.122189617353091,0.671577455210295,1.30563798373252,1.30563798373252,1.30563798373252,1.30563798373252,0.669530988755437
1.43598024321777,0.589109973343863,0.972074136997042,1.47412030534112,0.683504173743344,2.11557077854949,1.84919778232641,2.37874173901672,0.982710507877545,0.59990950173775,0.985333073915001,2.30983278432867,2.6171810548145,2.28953841647136,0.588357600069512,0.586440717090519,0.846132471152774,1.01668704841427,2.51192871471698,1.01668704840295,0.810882403576053,0.420461064952599,0.66600790386493,2.70197928466713,2.70197928466713,1.11316325064316,0.538384821695603,1.28933098853874,1.1131632506188,0.855367584805534,1.31755177244307,2.77338150488208,0.679418512047277,0.682144028368538,0.424017892351755,1.31755177244307,0.682144028368538,1.31755177244307,0.153174207706073,0.682144028368538,1.31755177244307,1.31755177244307,1.31755177244307,0.123960872683286,0.682144028368538,1.31755177244307,1.31755177244307,1.31755177244307,1.31755177244307,0.679418512047277
1.37814627742481,0.540562630171384,0.968414936861102,1.36982102454431,0.657772387261288,2.0352842050726,1.80251971535146,2.35598409833607,0.982460895503805,0.609088608159219,0.976312135025682,2.25481930664869,2.60738650266202,2.22611977402776,0.610580493450397,0.62074068066368,0.849622218384437,1.01247719378356,2.50360307755924,1.012477193793,0.812245334193946,0.418885717771517,0.663457370728726,2.68935400547467,2.68935400547467,1.11852472928342,0.513666302425781,1.29455608395906,1.11852472927365,0.847526197176742,1.31816088947924,2.77285245229772,0.67529652071373,0.676421936012275,0.422139566316693,1.31816088947924,0.676421936012275,1.31816088947924,0.152374795009843,0.676421936012275,1.31816088947924,1.31816088947924,1.31816088947924,0.123329201620271,0.676421936012275,1.31816088947924,1.31816088947924,1.31816088947924,1.31816088947924,0.67529652071373
1.44040798692243,0.582956855207236,0.977930300440304,1.46954780270648,0.664039610300585,2.12425453440476,1.89256984203786,2.41658452733927,0.98631323395808,0.614414692263724,0.986700365572681,2.31777841957354,2.65509784327168,2.29877001827322,0.610752302764141,0.596650654521574,0.859806909971788,1.01791462370327,2.55399167026309,1.01791462370321,0.830641817729677,0.426895815720762,0.673655979968901,2.72939847093742,2.72939847093742,1.1283909230283,0.499041192305367,1.31313287944325,1.12839092302656,0.864583642130071,1.33714251980967,2.80173719022702,0.686541971780706,0.691826480331301,0.430002710068053,1.33714251980967,0.691826480331301,1.33714251980967,0.155139416152841,0.691826480331301,1.33714251980967,1.33714251980967,1.33714251980967,0.125592942942347,0.691826480331301,1.33714251980967,1.33714251980967,1.33714251980967,1.33714251980967,0.686541971780706
1.34436021309872,0.593379212278817,0.977471826920541,1.37104441035101,0.660233515981121,2.08793147705414,1.80039351486701,2.37029181664942,0.985870887033859,0.612050568179216,0.988011335100514,2.22796080705492,2.61637111737041,2.20399689990709,0.600950526750404,0.590770354152694,0.853018802360415,1.01646117070193,2.50846661973466,1.01646117067501,0.822401389005649,0.425353143198472,0.664427417106296,2.70267021018611,2.70267021018611,1.12975478761694,0.528388998519346,1.31287041285566,1.12975478761694,0.860779834493839,1.33266010918285,2.77841257966305,0.685208378256203,0.688464708041361,0.427909043633895,1.33266010918285,0.688464708041361,1.33266010918285,0.154619369622519,0.688464708041361,1.33266010918285,1.33266010918285,1.33266010918285,0.125127595759166,0.688464708041361,1.33266010918285,1.33266010918285,1.33266010918285,1.33266010918285,0.685208378256203
1.45424547314341,0.56700101897859,0.97080620763542,1.50316659679287,0.693284778452347,2.1583312454711,1.86184436262183,2.41899605794791,0.981500119122161,0.606819963977301,0.977980817452013,2.27180369855908,2.63723483260947,2.25422551482406,0.605282236917075,0.601773271165556,0.843937685280408,1.00801057932226,2.53880334321336,1.00801057935034,0.812591168009862,0.421105650051582,0.66473625749236,2.7028259766186,2.7028259766186,1.12180044796002,0.534440984186858,1.29814183720364,1.12180044795525,0.851152643135863,1.31865323395205,2.76858486140332,0.67722297134112,0.680473120910651,0.423784720385529,1.31865323395205,0.680473120910651,1.31865323395205,0.152941652527272,0.680473120910651,1.31865323395205,1.31865323395205,1.31865323395205,0.123812825341435,0.680473120910651,1.31865323395205,1.31865323395205,1.31865323395205,1.31865323395205,0.67722297134112
1.34790568476565,0.559219095633279,0.96393776148056,1.37418316028799,0.687465855540213,2.000429037888,1.74014129530856,2.29419381307029,0.979383856203558,0.591707521253725,0.980498396828547,2.18834732077592,2.56344967473708,2.1749637019692,0.547494403023829,0.553522929619073,0.833375183091856,1.01305190436985,2.47172992630452,1.01305190437532,0.787060990308831,0.417893502550389,0.654820828812379,2.66415544103834,2.66415544103834,1.1180493474421,0.475202122155372,1.28142437538063,1.1180493474435,0.848248138219127,1.31166162320713,2.72996984859246,0.672776302250245,0.676950054627246,0.420938886373587,1.31166162320713,0.676950054627246,1.31166162320713,0.151939847927932,0.676950054627246,1.31166162320713,1.31166162320713,1.31166162320713,0.123053993863848,0.676950054627246,1.31166162320713,1.31166162320713,1.31166162320713,1.31166162320713,0.672776302250245
1.41748937852596,0.575571314179725,0.970250554832041,1.46150109901697,0.642144354584671,2.14428282714977,1.90662251432995,2.42936859446742,0.98629606708888,0.614166493568474,0.984668675857231,2.34417967910895,2.67269523275426,2.32749335207661,0.567963055041209,0.582678772290691,0.850790765429687,1.02093222211574,2.57549426399079,1.02093222212363,0.801416814770719,0.427038683123047,0.665215911668266,2.75376248213651,2.75376248213651,1.12911314831605,0.479575886925651,1.30835027889922,1.12911314831605,0.864960124582873,1.33980440911561,2.81206572061388,0.687500099564898,0.690334087115962,0.43026647167048,1.33980440911561,0.690334087115962,1.33980440911561,0.155486055086339,0.690334087115962,1.33980440911561,1.33980440911561,1.33980440911561,0.125874971660048,0.690334087115962,1.33980440911561,1.33980440911561,1.33980440911561,1.33980440911561,0.687500099564898
1.47325963827294,0.532396050640495,0.931420585368677,1.55791851615906,0.65418328391692,2.15052709108522,1.91530454318648,2.40811193606443,0.944821804744504,0.595583314523215,0.939778900007404,2.31154956635069,2.61545663797683,2.29282972976543,0.574198372096346,0.595358690584709,0.825392120534786,0.974637095779738,2.51764947575542,0.974637095722195,0.781550031764363,0.412264882539526,0.646961548125402,2.67700322418752,2.67700322418752,1.08014695635452,0.49361860210827,1.27036532418708,1.08014695635244,0.837410513963088,1.29418309305127,2.73204670797855,0.665692873115292,0.668734927962765,0.415030953310336,1.29418309305127,0.668734927962765,1.29418309305127,0.150033091079339,0.668734927962765,1.29418309305127,1.29418309305127,1.29418309305127,0.121418106552018,0.668734927962765,1.29418309305127,1.29418309305127,1.29418309305127,1.29418309305127,0.665692873115292
1.43910810688367,0.562011935202755,0.990221028019262,1.51654220624335,0.698398885508965,2.1791681686337,1.88562488349408,2.42749581171383,1.00146928284866,0.601982406995736,1.00090857006578,2.32726259673096,2.64869787257986,2.30796391080752,0.592211448406316,0.556864774095663,0.848199098308506,1.03027354669214,2.55841493567773,1.03027354667925,0.816880604788043,0.422785195074161,0.661818458909252,2.7170052582699,2.7170052582699,1.1363500623759,0.525094630047841,1.30396241538426,1.1363500623626,0.857720814713001,1.32266293308356,2.77869797014793,0.679959837819862,0.68487324500017,0.425045854395089,1.32266293308356,0.68487324500017,1.32266293308356,0.153719938403145,0.68487324500017,1.32266293308356,1.32266293308356,1.32266293308356,0.124421525226341,0.68487324500017,1.32266293308356,1.32266293308356,1.32266293308356,1.32266293308356,0.679959837819862
1.34374485882042,0.576556913720089,0.972647136484221,1.40123079325373,0.675862943187706,2.09895547936204,1.81457211176206,2.4129790038648,0.982034082759698,0.615395619503958,0.980164470299816,2.24096044514448,2.63159342690604,2.2162369780432,0.625874350451458,0.605200316056691,0.851440425095715,1.01010627433956,2.50218866627903,1.01010627432773,0.815673546994777,0.423908752645304,0.665299099461308,2.71154514399419,2.71154514399419,1.11689050893835,0.510136697536573,1.31324916445272,1.11689050892086,0.860857404187281,1.33199487670746,2.78966165758672,0.684152834889829,0.686694250560121,0.42675494421499,1.33199487670746,0.686694250560121,1.33199487670746,0.154348283192965,0.686694250560121,1.33199487670746,1.33199487670746,1.33199487670746,0.12493711514341,0.686694250560121,1.33199487670746,1.33199487670746,1.33199487670746,1.33199487670746,0.684152834889829
1.37917792154592,0.542478508653244,0.950595053553294,1.39208599729324,0.65875368260455,2.04749275715454,1.80595693435601,2.37564065071598,0.966857479670323,0.589738466945912,0.961586113995524,2.22565171718109,2.58477158733358,2.20986268591348,0.577975455309268,0.557933372455821,0.825615469275048,0.995932114976026,2.47895277204437,0.995932114923417,0.779222072663418,0.414824689154651,0.649724572427737,2.6624779198564,2.6624779198564,1.10041107022276,0.433683497039008,1.27941296120294,1.10041107022276,0.838764672341908,1.29956851855003,2.7244212613603,0.668648544360005,0.672093924160697,0.417394364224254,1.29956851855003,0.672093924160697,1.29956851855003,0.15073361361353,0.672093924160697,1.29956851855003,1.29956851855003,1.29956851855003,0.122020327530186,0.672093924160697,1.29956851855003,1.29956851855003,1.29956851855003,1.29956851855003,0.668648544360005
1.48469864871374,0.547702061170767,0.951459698407649,1.50083299720572,0.655627578293186,2.16086453370662,1.88844301263493,2.40513063153146,0.959991465178155,0.597710636280241,0.960356721754033,2.27891097524881,2.59310017729335,2.26085492903193,0.598123267041021,0.597802037210328,0.83386016602895,0.98871730383576,2.49798014968827,0.988717303819178,0.801100815727131,0.413518292654619,0.655569629643972,2.65566734287064,2.65566734287064,1.09419075066635,0.511352712456356,1.26904663862103,1.09419075066635,0.840921119834174,1.29794503133659,2.71431527477313,0.668473717851354,0.672615990488611,0.417523971564856,1.29794503133659,0.672615990488611,1.29794503133659,0.150863970650696,0.672615990488611,1.29794503133659,1.29794503133659,1.29794503133659,0.122162625059812,0.672615990488611,1.29794503133659,1.29794503133659,1.29794503133659,1.29794503133659,0.668473717851354
1.4500751531227,0.555864128496771,0.946935113883512,1.48558413808667,0.655817005523491,2.14543590531229,1.87962416120507,2.41233184009241,0.956104503984892,0.597769479528245,0.957898068656483,2.26803107112732,2.63782698492246,2.24917319123017,0.582036608901463,0.572402105447823,0.842096761397449,0.988450510463368,2.55560941563078,0.988450510463368,0.807918964036253,0.420199032433499,0.660884670778975,2.7154060542595,2.7154060542595,1.10961621622358,0.510020729612834,1.29096452059445,1.1096162162233,0.850014319750641,1.31124334335719,2.78000289572475,0.676037647507402,0.680038622054546,0.422672629103791,1.31124334335719,0.680038622054546,1.31124334335719,0.152569961245084,0.680038622054546,1.31124334335719,1.31124334335719,1.31124334335719,0.123428749826104,0.680038622054546,1.31124334335719,1.31124334335719,1.31124334335719,1.31124334335719,0.676037647507402
1.40807859642059,0.532657927427953,0.982484746617513,1.51097682547807,0.675060286933669,2.17904856423648,1.90027005805485,2.42620403184943,0.992236110804806,0.615713491007241,0.994617332019128,2.34547494693455,2.68026564655564,2.32930028327974,0.575119743559875,0.594416271595181,0.853122475421399,1.02362190732805,2.59103753670356,1.02362190731302,0.820222894665802,0.42669647859024,0.661208025495994,2.75432121239003,2.75432121239003,1.13202999063301,0.51548929802115,1.30981782112501,1.13202999063231,0.863196008982825,1.3310633158487,2.816286213528,0.685106267417887,0.689964900168599,0.428891654239542,1.3310633158487,0.689964900168599,1.3310633158487,0.154862789973623,0.689964900168599,1.3310633158487,1.3310633158487,1.3310633158487,0.125406272591541,0.689964900168599,1.3310633158487,1.3310633158487,1.3310633158487,1.3310633158487,0.685106267417887
1.40859128138484,0.549799164358573,0.951710252707419,1.47200811137749,0.666688537016487,2.10511697964637,1.86160433839169,2.40626922393415,0.971780048047609,0.590914199767706,0.963318766972167,2.28805536878304,2.61535042954164,2.27446148182246,0.56214885619601,0.551302714542233,0.823186168949784,1.00023655489202,2.52484925890756,1.0002365549351,0.772393938604076,0.412741276020595,0.644372123291016,2.68346572617413,2.68346572617413,1.10340807697305,0.435141039004999,1.25915981688562,1.10340807697305,0.839819829280964,1.29274825500662,2.73705658684935,0.667055344271661,0.66954966969964,0.416510507251911,1.29274825500662,0.66954966969964,1.29274825500662,0.150300252779684,0.66954966969964,1.29274825500662,1.29274825500662,1.29274825500662,0.121678614610075,0.66954966969964,1.29274825500662,1.29274825500662,1.29274825500662,1.29274825500662,0.667055344271661
1.32948146230264,0.586353693503445,0.965421202731458,1.35780270349616,0.649639822018159,2.08170302398722,1.78806760363462,2.35537117998784,0.973714506748721,0.602315019729432,0.97920824247127,2.2026090718331,2.59070364025528,2.18647345733212,0.573126970929105,0.571368751412191,0.837576269319714,1.00496602560787,2.50228918981202,1.00496602559625,0.80830491971651,0.417601062125599,0.651609489428634,2.6783830999925,2.6783830999925,1.11882576898826,0.485358684856442,1.28418646432297,1.11882576898033,0.84630344293238,1.31522664637448,2.74446120370437,0.674348722461454,0.678504994315072,0.421284287601257,1.31522664637448,0.678504994315072,1.31522664637448,0.152277833148361,0.678504994315072,1.31522664637448,1.31522664637448,1.31522664637448,0.123241213802371,0.678504994315072,1.31522664637448,1.31522664637448,1.31522664637448,1.31522664637448,0.674348722461454
1.32539959843016,0.522575738336444,0.953765731819334,1.3592020018547,0.630094847155801,2.0407402163995,1.79729197061342,2.32029420145718,0.964372444360464,0.596505129976785,0.967680091702414,2.22909780842103,2.57598548067833,2.2124708476364,0.557156820894295,0.558817871949134,0.833051049042851,0.997420906123808,2.48939725960943,0.997420906108069,0.797167270452276,0.416083083072557,0.645486464775224,2.66153769362889,2.66153769362889,1.10480341853524,0.464275718937561,1.2834470403169,1.10480341853471,0.842196042836355,1.31021965697579,2.72469779579685,0.670409149617796,0.672895768086462,0.418854396004924,1.31021965697579,0.672895768086462,1.31021965697579,0.151233735131762,0.672895768086462,1.31021965697579,1.31021965697579,1.31021965697579,0.122409474914828,0.672895768086462,1.31021965697579,1.31021965697579,1.31021965697579,1.31021965697579,0.670409149617796
1.34389621569721,0.570977228996515,0.975172655899996,1.34986765106227,0.644297740022279,2.08875058105038,1.80487094819,2.37459335786868,0.986065988934699,0.613069214813447,0.983879239504296,2.21887865657267,2.60923778132012,2.19668659212789,0.606001691585995,0.592295167302315,0.85342192274552,1.01451978748149,2.52084496891954,1.01451978753339,0.822025134921444,0.423270585331377,0.66202569760409,2.68734986425953,2.68734986425953,1.1308160491763,0.52676827196066,1.30868001971439,1.1308160491763,0.856968152664804,1.3309646852384,2.75972058860088,0.681487880088221,0.685255886711537,0.426202449604973,1.3309646852384,0.685255886711537,1.3309646852384,0.153835136443766,0.685255886711537,1.3309646852384,1.3309646852384,1.3309646852384,0.124534381960603,0.685255886711537,1.3309646852384,1.3309646852384,1.3309646852384,1.3309646852384,0.681487880088221
1.41530406632808,0.529248377963272,0.963977299834272,1.42940245601762,0.663100511039749,2.08553691492897,1.82668865164234,2.36246805614131,0.975814433269647,0.589051568276763,0.977794901420255,2.27445672168898,2.61337293185277,2.25960146241186,0.555194605360363,0.54898180500588,0.831210712546624,1.00742925236696,2.52625724464733,1.00742925237874,0.793811393987987,0.416657982925108,0.650853485665064,2.69423334582417,2.69423334582417,1.11204218970622,0.457198866825986,1.28570559478729,1.11204218970605,0.84135102261175,1.30564747300864,2.7550094209035,0.668169003506004,0.672206600932705,0.418686375599953,1.30564747300864,0.672206600932705,1.30564747300864,0.15110785005851,0.672206600932705,1.30564747300864,1.30564747300864,1.30564747300864,0.122279004351071,0.672206600932705,1.30564747300864,1.30564747300864,1.30564747300864,1.30564747300864,0.668169003506004
1.39348041313951,0.552528481334782,0.975625533087588,1.46609127302698,0.6734478156421,2.11763946604013,1.86999264959147,2.40561842177335,0.987361680363047,0.622118046206663,0.982038701769631,2.28864632416593,2.65727216823587,2.26418269006513,0.617832279193452,0.617302006928282,0.868459834637936,1.01764829109709,2.56262310947693,1.017648291082,0.832912236178278,0.428558374290949,0.673602289633053,2.73226198771934,2.73226198771934,1.13531858508744,0.557340197660527,1.32223766623164,1.13531858509222,0.869719917428023,1.34157395356914,2.81010205484664,0.691728921143264,0.693505197181694,0.431081947940426,1.34157395356914,0.693505197181694,1.34157395356914,0.155938881729671,0.693505197181694,1.34157395356914,1.34157395356914,1.34157395356914,0.126267937014272,0.693505197181694,1.34157395356914,1.34157395356914,1.34157395356914,1.34157395356914,0.691728921143264
1.45386587182424,0.557915444460514,0.959524327700813,1.53865467054955,0.64514493234207,2.14867603487366,1.96199985148158,2.43906423682751,0.971903353928163,0.609636726943485,0.966421984640468,2.38279196318341,2.66464146744149,2.35795486395546,0.602085013776146,0.593520172549265,0.854957647962439,1.00357080593619,2.57872281414052,1.00357080591824,0.81692082326638,0.421474617907453,0.659720761584364,2.72720387280639,2.72720387280639,1.10922096499982,0.479711679588103,1.29534254160277,1.10922096499204,0.851792795619328,1.3192883481368,2.79200060104902,0.67891762287717,0.682579375650377,0.424453195926715,1.3192883481368,0.682579375650377,1.3192883481368,0.153222005853298,0.682579375650377,1.3192883481368,1.3192883481368,1.3192883481368,0.124039013899574,0.682579375650377,1.3192883481368,1.3192883481368,1.3192883481368,1.3192883481368,0.67891762287717
1.42830653030253,0.563509955327092,0.970112199273416,1.41347168818404,0.645496061064169,2.1134368705974,1.86645357726355,2.4120919910035,0.983736140553884,0.604136250922461,0.986381821022619,2.30142835696316,2.64411802260239,2.28718827984327,0.571942550091149,0.570247161271018,0.848194130972874,1.02031327818522,2.53997378318168,1.02031327817637,0.802242204899563,0.427221026767557,0.669519852452244,2.73754959595562,2.73754959595562,1.12652192655191,0.476043967972895,1.31844423955245,1.12652192655191,0.863703810295557,1.34130236865965,2.79992887166585,0.687277088612152,0.692187559542619,0.429822168661731,1.34130236865965,0.692187559542619,1.34130236865965,0.155366540843241,0.692187559542619,1.34130236865965,1.34130236865965,1.34130236865965,0.125765111604655,0.692187559542619,1.34130236865965,1.34130236865965,1.34130236865965,1.34130236865965,0.687277088612152
1.48610526928169,0.59794444330278,0.967009637463496,1.50950576271629,0.691265640864943,2.15277417744421,1.87796295512008,2.43055386361522,0.975040283472972,0.595485294246239,0.97736467837872,2.29110417749576,2.64483057014844,2.2690098863627,0.59226457552293,0.573718138917701,0.843444049524904,1.00455799910908,2.5550113616889,1.00455799909538,0.814133151087432,0.419417872041944,0.664404555257366,2.71688975144652,2.71688975144652,1.11761235374921,0.474655150579914,1.29425019670602,1.11761235372254,0.85005494428314,1.31489101680687,2.78054781847171,0.676737651678494,0.679193798442865,0.422059536480953,1.31489101680687,0.679193798442865,1.31489101680687,0.152559138405905,0.679193798442865,1.31489101680687,1.31489101680687,1.31489101680687,0.123522328036903,0.679193798442865,1.31489101680687,1.31489101680687,1.31489101680687,1.31489101680687,0.676737651678494
1.4705139566575,0.581683996663468,0.971889103089041,1.4767375230365,0.684235846322704,2.11918034192094,1.85139331953689,2.40123165064541,0.980615633535423,0.610161140637824,0.978976127730608,2.273500360352,2.65560179260661,2.25350886070827,0.5947023500468,0.610717664008324,0.851259766971972,1.00765202455773,2.55850756304902,1.00765202457104,0.822473810021973,0.423503743185401,0.670523165529488,2.72436097126589,2.72436097126589,1.12355348277315,0.492632367117927,1.30566681584527,1.12355348277286,0.859332568870252,1.32818858122185,2.79310570716426,0.681505149167314,0.684795266154684,0.426088447556561,1.32818858122185,0.684795266154684,1.32818858122185,0.153739012398702,0.684795266154684,1.32818858122185,1.32818858122185,1.32818858122185,0.12450183520323,0.684795266154684,1.32818858122185,1.32818858122185,1.32818858122185,1.32818858122185,0.681505149167314
1.41849861928723,0.562405512931438,0.947142267324454,1.49582129395708,0.653435167402063,2.16711080862574,1.89335300941096,2.43542161993035,0.963707328843048,0.591614155275805,0.958138973051206,2.28381327381687,2.615841719211,2.27289724131211,0.576921335969971,0.532023824471143,0.829013696242248,0.993047479987763,2.51636733367469,0.993047479969152,0.777195874480189,0.417361989634875,0.648213687304949,2.68257593707343,2.68257593707343,1.09814336768924,0.484801990168703,1.29020070054625,1.09814336769442,0.847730640825546,1.3149343854477,2.7324150150765,0.671855913366373,0.675897481887524,0.420406374622162,1.3149343854477,0.675897481887524,1.3149343854477,0.1518058391414,0.675897481887524,1.3149343854477,1.3149343854477,1.3149343854477,0.122826293468368,0.675897481887524,1.3149343854477,1.3149343854477,1.3149343854477,1.3149343854477,0.671855913366373
1.46355321018076,0.542879211923936,0.956266393764979,1.54752102822742,0.65922158579886,2.22069123232278,1.94045050865395,2.47734111002352,0.965991307418355,0.608867653939588,0.963442160068469,2.33516023954715,2.67918069695936,2.3160577636937,0.603493324178319,0.587098074377754,0.844830508223514,0.994005407095918,2.57552611090635,0.994005407122185,0.808596745998591,0.421600066918139,0.660697740322511,2.74104316551384,2.74104316551384,1.10607501420634,0.51999337869439,1.29856011443467,1.10607501423802,0.856827218553816,1.32735727990499,2.79993242171565,0.681541906728934,0.684538721915669,0.425299404415564,1.32735727990499,0.684538721915669,1.32735727990499,0.153689556415139,0.684538721915669,1.32735727990499,1.32735727990499,1.32735727990499,0.124441851253979,0.684538721915669,1.32735727990499,1.32735727990499,1.32735727990499,1.32735727990499,0.681541906728934
1.45932699214825,0.607759986787896,0.971006849266461,1.51318304782004,0.692894104797968,2.16869959292172,1.89206441012516,2.43132215117568,0.977162464843375,0.600675059482512,0.983873349980975,2.30908613686873,2.61172233010093,2.28819469139309,0.609700261302252,0.602718960246169,0.843064439550485,1.01014838964604,2.53759993660978,1.01014838963597,0.822532914351127,0.416718593734033,0.658758711187925,2.68833410984434,2.68833410984434,1.11385521993655,0.501746201737072,1.28460891028461,1.11385521991996,0.843770279167811,1.30157627592745,2.75525122217773,0.670556768747736,0.674843235540987,0.419452693629225,1.30157627592745,0.674843235540987,1.30157627592745,0.151304359864829,0.674843235540987,1.30157627592745,1.30157627592745,1.30157627592745,0.122575749349742,0.674843235540987,1.30157627592745,1.30157627592745,1.30157627592745,1.30157627592745,0.670556768747736
1.35733230738915,0.572743353082911,0.983491132038796,1.42210028584134,0.701292067067988,2.11286045224686,1.8104108307747,2.41947535046678,0.994309333524141,0.610075941702209,0.996871322383387,2.22942792773341,2.65003635602542,2.21516219044006,0.582511908806131,0.586299133462521,0.846894375181111,1.02414811709364,2.56040731059079,1.0241481170629,0.812505524783285,0.423994727457354,0.660191009590147,2.73840949080469,2.73840949080469,1.14251847744031,0.460021912973013,1.30713416262318,1.14251847744031,0.857839854007285,1.3339643757258,2.80447704856755,0.682119441764764,0.68582063435025,0.427247306598025,1.3339643757258,0.68582063435025,1.3339643757258,0.154118231663193,0.68582063435025,1.3339643757258,1.3339643757258,1.3339643757258,0.124841093136892,0.68582063435025,1.3339643757258,1.3339643757258,1.3339643757258,1.3339643757258,0.682119441764764
1.48020802817347,0.538798671026473,0.960830424048831,1.50510951890197,0.655567712367764,2.19095752354676,1.90740063095817,2.43894803827962,0.966993289813012,0.599780015173021,0.970418385592584,2.30479599273596,2.63775074058822,2.28613571024579,0.596557741413544,0.576533002562624,0.840679454424738,0.996636038699607,2.53645278631874,0.996636038698445,0.811684109541481,0.420127107431796,0.662405227437586,2.70436689715597,2.70436689715597,1.1066758282472,0.502649535696971,1.29931667498248,1.1066758282472,0.851068127131449,1.32461307522042,2.76249698611886,0.67862324541509,0.681296664595087,0.423381801037905,1.32461307522042,0.681296664595087,1.32461307522042,0.153129319025332,0.681296664595087,1.32461307522042,1.32461307522042,1.32461307522042,0.123926082864237,0.681296664595087,1.32461307522042,1.32461307522042,1.32461307522042,1.32461307522042,0.67862324541509
1.42900039751026,0.585788045493363,0.971919159454429,1.42674366252745,0.655491826775497,2.14504012135914,1.87521728543922,2.42743087960582,0.980971011264178,0.603367820909582,0.985333765178959,2.28158880351658,2.62027766855317,2.25937908623131,0.602184276435157,0.593613681646312,0.849239167919538,1.01439081918739,2.56167583469977,1.01439081919868,0.824663557984806,0.419608138816737,0.659060544291442,2.70219703814406,2.70219703814406,1.12948559888334,0.491981815935996,1.29480188947139,1.12948559887458,0.85091072243393,1.31249720425098,2.76943550976752,0.674604449142643,0.67944916698691,0.422266967231733,1.31249720425098,0.67944916698691,1.31249720425098,0.152445296397303,0.67944916698691,1.31249720425098,1.31249720425098,1.31249720425098,0.12335677116894,0.67944916698691,1.31249720425098,1.31249720425098,1.31249720425098,1.31249720425098,0.674604449142643
1.4065026283624,0.55826067007941,0.956992576363157,1.39984957165833,0.662750333159085,2.03071879697123,1.79990193902514,2.3315290815902,0.969012741585009,0.6010050389554,0.969051992141298,2.21909139157354,2.59352038672094,2.2019681535036,0.572417417889963,0.585432464327293,0.843634924896776,1.00194249653064,2.51489651715113,1.00194249653205,0.807737908120821,0.420109006709707,0.663475934284841,2.68098155809593,2.68098155809593,1.11802463377456,0.477157649354442,1.29853183614451,1.11802463377456,0.852498400504411,1.32022975758426,2.75059751385838,0.674879187557683,0.679749738202811,0.422504103566097,1.32022975758426,0.679749738202811,1.32022975758426,0.152595846967063,0.679749738202811,1.32022975758426,1.32022975758426,1.32022975758426,0.123484782903955,0.679749738202811,1.32022975758426,1.32022975758426,1.32022975758426,1.32022975758426,0.674879187557683
1.41423713471247,0.544313791186547,0.953931252491807,1.41427973011209,0.640915274410408,2.06117886586117,1.84501163596698,2.34683505670467,0.968623769849392,0.601852418771852,0.968158610213582,2.25226661346088,2.60123252065101,2.23075384986144,0.571591751502035,0.572885751580149,0.853993883873253,1.0065189659056,2.53990882520471,1.00651896590934,0.810444517850277,0.423322096805223,0.667188801598216,2.69322378283305,2.69322378283305,1.12886791042258,0.518957314729992,1.30805444145061,1.12886791041621,0.854675700028272,1.32714190812332,2.76112266979594,0.681520143910592,0.683427186394179,0.425447039848238,1.32714190812332,0.683427186394179,1.32714190812332,0.15374074996383,0.683427186394179,1.32714190812332,1.32714190812332,1.32714190812332,0.124358370562913,0.683427186394179,1.32714190812332,1.32714190812332,1.32714190812332,1.32714190812332,0.681520143910592
1.43106062272091,0.554964729072488,0.943604637915458,1.4451594839823,0.623518172266507,2.18255743223638,1.88332493225877,2.43762814634114,0.954442018845551,0.594882925911378,0.951427636026028,2.25548042209549,2.62229030899911,2.24362189375066,0.584690061838593,0.564759097940034,0.825335975160134,0.979501280606549,2.52832140991712,0.979501280609935,0.786952534206871,0.412194845302743,0.6447976255939,2.68036513129875,2.68036513129875,1.09391026080432,0.475920457685653,1.2702689522193,1.09391026080432,0.837956299214062,1.29994678186226,2.73240280859416,0.667333978354681,0.66850160291914,0.415923064149931,1.29994678186226,0.66850160291914,1.29994678186226,0.150293892469445,0.66850160291914,1.29994678186226,1.29994678186226,1.29994678186226,0.121721370753767,0.66850160291914,1.29994678186226,1.29994678186226,1.29994678186226,1.29994678186226,0.667333978354681
1.40893225633457,0.545786887219904,0.979360546718833,1.44670670111014,0.656892651985737,2.16791803258324,1.86835426193363,2.42670553038187,0.993607084348742,0.605794318883516,0.991744980536095,2.32674987270777,2.65642830552701,2.30890789977524,0.565708820146255,0.577505727642086,0.837585781060588,1.02239769366811,2.54587222229162,1.02239769366909,0.791586410826084,0.421901541835653,0.654673320860074,2.72842436548282,2.72842436548282,1.12162515629262,0.489901387098572,1.30126742943391,1.12162515628846,0.854830363043222,1.32487301359467,2.78323823915897,0.679273794781154,0.682748767982517,0.424333689680459,1.32487301359467,0.682748767982517,1.32487301359467,0.153422354567573,0.682748767982517,1.32487301359467,1.32487301359467,1.32487301359467,0.12414818258424,0.682748767982517,1.32487301359467,1.32487301359467,1.32487301359467,1.32487301359467,0.679273794781154
1.51295234180798,0.564965662042207,0.993658052055456,1.52069781682251,0.68144922981737,2.1698902626621,1.92493215128147,2.43982540402911,1.00152309407821,0.613020678626827,1.00353697942631,2.38960218907504,2.67886476698595,2.36238002887773,0.603047799023134,0.610381796779466,0.86116717340575,1.03266062252076,2.58816080340917,1.03266062254117,0.835678950731206,0.426970482035389,0.674637560808539,2.74833110058026,2.74833110058026,1.13388437245016,0.498115695696223,1.31599407413162,1.13388437247157,0.863195420770647,1.33345590911095,2.81645600188358,0.685078256935963,0.687831973386298,0.429098247549827,1.33345590911095,0.687831973386298,1.33345590911095,0.154975807939233,0.687831973386298,1.33345590911095,1.33345590911095,1.33345590911095,0.125405107436356,0.687831973386298,1.33345590911095,1.33345590911095,1.33345590911095,1.33345590911095,0.685078256935963
1.40834438261317,0.580735309768954,0.983682419271128,1.4008979161568,0.678539488451472,2.09243168194331,1.82193419056385,2.39763370907315,0.992956999407934,0.608916261465294,0.996870047939524,2.23764610425536,2.6341601972331,2.22089144860323,0.592250472962794,0.579092889528047,0.858787981352601,1.02514566614123,2.54327231161648,1.02514566611133,0.825034416384289,0.427583004282635,0.673573499638623,2.72411621741895,2.72411621741895,1.14143588101112,0.474806120905858,1.31978938562563,1.14143588101249,0.867907400018891,1.34100680572811,2.79404705394448,0.689727302475853,0.692417503150039,0.430230488931334,1.34100680572811,0.692417503150039,1.34100680572811,0.155544539109792,0.692417503150039,1.34100680572811,1.34100680572811,1.34100680572811,0.125914888441441,0.692417503150039,1.34100680572811,1.34100680572811,1.34100680572811,1.34100680572811,0.689727302475853
1.40116934903773,0.548646582632342,0.974757233083715,1.4685860296323,0.669014622758306,2.19315541870835,1.88079755393626,2.46207275363387,0.984165734411119,0.611100792208844,0.984373719280221,2.28239363724043,2.65120302747952,2.27014921275769,0.600114571975535,0.584400838800408,0.840174793587836,1.0105506678918,2.54398679056858,1.01055066789152,0.805457904777424,0.420833262055405,0.657731504566138,2.71674845947514,2.71674845947514,1.1207509075963,0.475653680577363,1.2973565797518,1.1207509075963,0.854323891381243,1.32586176573595,2.773427214087,0.680727028309097,0.682155414952156,0.424622547639765,1.32586176573595,0.682155414952156,1.32586176573595,0.153413475367244,0.682155414952156,1.32586176573595,1.32586176573595,1.32586176573595,0.124209504560307,0.682155414952156,1.32586176573595,1.32586176573595,1.32586176573595,1.32586176573595,0.680727028309097
1.39855113949258,0.563392298386456,0.936206871934173,1.4222506866566,0.639730527497382,2.07688248894246,1.83901813431099,2.37796821561664,0.950307772620091,0.592954616402096,0.949895951946721,2.22188690107533,2.57747797260652,2.21054198560306,0.558621723550332,0.56589238608007,0.821323989459944,0.981978705303312,2.48002308266403,0.981978705313509,0.774139079304958,0.413044808628466,0.647780971164847,2.65454720769525,2.65454720769525,1.09395506047675,0.420188220742052,1.26506022792677,1.09395506048367,0.839745207491368,1.2979346548485,2.70768071200572,0.668644684136107,0.670225656223941,0.416878465698171,1.2979346548485,0.670225656223941,1.2979346548485,0.15074590563151,0.670225656223941,1.2979346548485,1.2979346548485,1.2979346548485,0.122029274088096,0.670225656223941,1.2979346548485,1.2979346548485,1.2979346548485,1.2979346548485,0.668644684136107
1.3262578370635,0.575212167350417,0.951038926171865,1.34358445597121,0.673862982969609,1.9773024880737,1.71015646665869,2.26328912563148,0.96067915458684,0.587448033705741,0.963920690646744,2.15043264761561,2.52779073464294,2.13182316145507,0.565853380431606,0.56785901821311,0.825369548918081,0.992385300380035,2.41947940332832,0.992385300360507,0.791912550757358,0.411933040021934,0.651024724287866,2.62412739999384,2.62412739999384,1.09590740526442,0.497654840378355,1.27575128560219,1.09590740526442,0.835460123305714,1.29492957972028,2.70012348741904,0.664821785446233,0.667512172739888,0.414178861700281,1.29492957972028,0.667512172739888,1.29492957972028,0.14985881667696,0.667512172739888,1.29492957972028,1.29492957972028,1.29492957972028,0.121234789348206,0.667512172739888,1.29492957972028,1.29492957972028,1.29492957972028,1.29492957972028,0.664821785446233
1.42738242075153,0.566448579791681,0.954403208768999,1.51785281307593,0.66629374092439,2.16208065965919,1.90125939463779,2.4331350967265,0.968921667733454,0.600393767259427,0.964200796746205,2.28653920242,2.61433816036933,2.27775500084006,0.57636540051146,0.570914396249045,0.82772045798755,0.995929973904573,2.52419551861543,0.995929973855033,0.782344303400177,0.416165260004603,0.646816814804191,2.67327955775476,2.67327955775476,1.10383081784446,0.439908680816842,1.28431582108224,1.1038308178621,0.844730357722283,1.30760804680473,2.7209631797607,0.669560312602577,0.672508073232816,0.418922843038643,1.30760804680473,0.672508073232816,1.30760804680473,0.151365273062972,0.672508073232816,1.30760804680473,1.30760804680473,1.30760804680473,0.122510294218112,0.672508073232816,1.30760804680473,1.30760804680473,1.30760804680473,1.30760804680473,0.669560312602577
1.41401970350055,0.550661051538913,0.958082387041702,1.48661122977956,0.686468206756839,2.12033860652415,1.8616026448779,2.42508618863866,0.9734043185046,0.6062149907492,0.971840915058015,2.26140215310579,2.62707142543483,2.2469640183631,0.569094042327662,0.582226515483822,0.839112433825137,1.00498869055542,2.52783887214856,1.0049886905246,0.786558712044567,0.422555905170259,0.658287695586532,2.70668347806489,2.70668347806489,1.11602166889186,0.437911483626286,1.30022811222982,1.11602166883825,0.856061544375673,1.325032599002,2.76050426707429,0.680540076561997,0.683033014643962,0.425449298218484,1.325032599002,0.683033014643962,1.325032599002,0.153699058893934,0.683033014643962,1.325032599002,1.325032599002,1.325032599002,0.124454609571939,0.683033014643962,1.325032599002,1.325032599002,1.325032599002,1.325032599002,0.680540076561997
1.37821590393621,0.561265650561138,0.950326288552318,1.38016115886165,0.642344517635325,2.0379524111474,1.81032769029619,2.35288460965214,0.96680973444502,0.596651290994004,0.962119475808356,2.22038944664369,2.59859243776671,2.20430153454804,0.56394452843121,0.559060228169719,0.836338373690707,0.997740206357983,2.51854787635707,0.997740206319852,0.790803117895486,0.417498572686314,0.653390635380707,2.67953539024911,2.67953539024911,1.11457918615015,0.446874698124611,1.28556671866715,1.11457918617278,0.847262287219735,1.31358495264022,2.74136158103497,0.673546207766546,0.676704401647229,0.420491972368311,1.31358495264022,0.676704401647229,1.31358495264022,0.151858853699486,0.676704401647229,1.31358495264022,1.31358495264022,1.31358495264022,0.123026357533184,0.676704401647229,1.31358495264022,1.31358495264022,1.31358495264022,1.31358495264022,0.673546207766546
1.37617624565222,0.593925637809008,0.9739760488229,1.40698722815422,0.645974187982195,2.12172985975281,1.85397245405609,2.39142917685026,0.981935995165911,0.606478427664818,0.983496983000422,2.28922497365927,2.59021606186712,2.26606343938325,0.620219165314409,0.59483975106883,0.845084924537342,1.01231551515009,2.48494895129342,1.01231551517092,0.816887082184708,0.417403478583132,0.657817038232049,2.66310518895254,2.66310518895254,1.1093163646573,0.522967536527772,1.2893087287617,1.10931636465175,0.847953501090069,1.31377908888136,2.73409310965683,0.674087409567863,0.675795436855675,0.421202658386341,1.31377908888136,0.675795436855675,1.31377908888136,0.152092279384095,0.675795436855675,1.31377908888136,1.31377908888136,1.31377908888136,0.1231197346907,0.675795436855675,1.31377908888136,1.31377908888136,1.31377908888136,1.31377908888136,0.674087409567863
1.44109477927714,0.577503368105492,0.973461965319535,1.48964123539307,0.642954284375186,2.17451104899461,1.94716401812265,2.4566808540085,0.987456667336125,0.60428038296632,0.991652174887539,2.3626303438982,2.66858722674798,2.35208345373985,0.558317601147806,0.540948354137275,0.848500793641785,1.02452594402608,2.60831138329631,1.02452594402697,0.807112251514354,0.42307424763247,0.657733872901449,2.74856532047826,2.74856532047826,1.13610468185221,0.431536007794484,1.29642435250758,1.13610468185221,0.857735708504179,1.32687474390559,2.80047483227496,0.683734975012583,0.685948670726927,0.426313132205964,1.32687474390559,0.685948670726927,1.32687474390559,0.15403757538574,0.685948670726927,1.32687474390559,1.32687474390559,1.32687474390559,0.124660351370364,0.685948670726927,1.32687474390559,1.32687474390559,1.32687474390559,1.32687474390559,0.683734975012583
1.32427582335332,0.52630637107617,0.957561789770689,1.36414622591731,0.640721031756637,2.03922477138804,1.80561839628694,2.35223325819523,0.975005327060499,0.599690938208311,0.966407785043771,2.25614014897246,2.60437191009254,2.23326805306621,0.590396044076321,0.567809761412456,0.840289233974239,1.00484914066019,2.50731923709797,1.00484914066341,0.796491522303126,0.415695637892938,0.65068453872843,2.68399713282739,2.68399713282739,1.10929879830924,0.506629689311341,1.28209116999036,1.10929879831249,0.841886105145157,1.30955721560335,2.75921933651663,0.671222177324341,0.671945728909595,0.419115003982286,1.30955721560335,0.671945728909595,1.30955721560335,0.15132696529343,0.671945728909595,1.30955721560335,1.30955721560335,1.30955721560335,0.122477120217122,0.671945728909595,1.30955721560335,1.30955721560335,1.30955721560335,1.30955721560335,0.671222177324341
1.4090870336832,0.58802703269479,0.971130456729068,1.46050243147528,0.681558840301113,2.12391241068019,1.8315069973992,2.37611138674822,0.983110298980108,0.59344229603863,0.985065200022195,2.25836668508926,2.6027289006937,2.24518853061402,0.55359257270658,0.546553030085992,0.83323579525431,1.01275864274572,2.51993542369295,1.01275864272864,0.793500105673842,0.417458766102136,0.650662434687481,2.67712844122969,2.67712844122969,1.11956151155881,0.4675136109888,1.28593910040248,1.1195615115624,0.844874786382047,1.30926664573619,2.73006278818952,0.673012275391034,0.675913932612183,0.419818857509051,1.30926664573619,0.675913932612183,1.30926664573619,0.151859277939098,0.675913932612183,1.30926664573619,1.30926664573619,1.30926664573619,0.122904885484718,0.675913932612183,1.30926664573619,1.30926664573619,1.30926664573619,1.30926664573619,0.673012275391034
1.45703071402163,0.592748525966948,0.974831189721941,1.49519076285342,0.688343986949312,2.17910622329423,1.86860965927043,2.42792582455508,0.983158825406087,0.602883688504894,0.988519075639706,2.28678760426299,2.64916716431117,2.26707437412891,0.580339805580349,0.572279098023268,0.84586163182508,1.01512539024802,2.55852368521949,1.01512539018187,0.813737405394566,0.423812566939848,0.665832266619165,2.7303200585612,2.7303200585612,1.12984663085516,0.519155138903741,1.30545289798602,1.12984663085516,0.860336341399,1.3283365595124,2.79172184267761,0.681488253832947,0.685269871231232,0.426539662312562,1.3283365595124,0.685269871231232,1.3283365595124,0.153992372669402,0.685269871231232,1.3283365595124,1.3283365595124,1.3283365595124,0.124702239305372,0.685269871231232,1.3283365595124,1.3283365595124,1.3283365595124,1.3283365595124,0.681488253832947
1.43096208697272,0.58679217978106,0.989339352369217,1.47685977572633,0.689396754455516,2.16116280890887,1.88829301220477,2.44429286607266,1.00079895315191,0.615848037740617,0.999927130031364,2.32520049536314,2.65009365276617,2.29806870354526,0.623776741856406,0.611350013207602,0.86166167695936,1.03262976820926,2.5726161965206,1.03262976819288,0.832018466133674,0.424307865547815,0.669928403374778,2.72840888085582,2.72840888085582,1.14160353084325,0.53785521256398,1.31386002468085,1.14160353079181,0.861631892387371,1.33277752692951,2.80180587554198,0.682643653873875,0.685881308369422,0.427200798716509,1.33277752692951,0.685881308369422,1.33277752692951,0.154304678706456,0.685881308369422,1.33277752692951,1.33277752692951,1.33277752692951,0.124912600838331,0.685881308369422,1.33277752692951,1.33277752692951,1.33277752692951,1.33277752692951,0.682643653873875
1.4954631858139,0.527799428341907,0.959358483552085,1.4875293457374,0.654024957051154,2.20000799410847,1.91838512155605,2.47760746080811,0.967464443616254,0.599303666022566,0.974938374249097,2.29810579866871,2.66194539522482,2.2836551582895,0.571392424911355,0.568979273982165,0.842248104687182,1.00070476781272,2.58642434483703,1.00070476781272,0.805341606814797,0.420888017681522,0.661597896027958,2.7406623581072,2.7406623581072,1.11924007019436,0.43277610247755,1.29828660802048,1.11924007019446,0.857018015299778,1.32673273106027,2.79257937174506,0.680009829700959,0.682646011802126,0.424396478516268,1.32673273106027,0.682646011802126,1.32673273106027,0.153541853414569,0.682646011802126,1.32673273106027,1.32673273106027,1.32673273106027,0.124240670722189,0.682646011802126,1.32673273106027,1.32673273106027,1.32673273106027,1.32673273106027,0.680009829700959
1.5290060243777,0.549227971478698,0.989638128358946,1.55341977595243,0.692300505063766,2.19902778134663,1.93288141884561,2.45927152424851,1.0023478728746,0.604169202848113,0.999807883795326,2.34750781385786,2.67854251715243,2.32990793297085,0.582110064601933,0.556882302881338,0.85631995385084,1.03014337414013,2.60805635323889,1.03014337414678,0.821092011319026,0.427029867434452,0.670116447498231,2.73921745924406,2.73921745924406,1.14641314460882,0.467380091976482,1.31400771784547,1.14641314458729,0.862980297425243,1.33717634073273,2.79148862286056,0.687084435648611,0.690075638452615,0.429470670890121,1.33717634073273,0.690075638452615,1.33717634073273,0.155149820277708,0.690075638452615,1.33717634073273,1.33717634073273,1.33717634073273,0.125609695138425,0.690075638452615,1.33717634073273,1.33717634073273,1.33717634073273,1.33717634073273,0.687084435648611
1.43852440512,0.601238431271413,0.988946877708907,1.44037144234466,0.694574161024611,2.07011493176382,1.8338814202944,2.38407894544524,1.00422080382364,0.607462458472756,0.99743266496194,2.29100885834736,2.62815246668638,2.26661248990594,0.606209176344796,0.588136430023527,0.855959308426408,1.03253617198742,2.52404457670552,1.03253617200129,0.816825219859636,0.425052234246584,0.674694840724319,2.70143636262291,2.70143636262291,1.13625440059873,0.486824366939077,1.30956644750162,1.13625440059652,0.861656233225022,1.33200445665762,2.77360901881635,0.683870956143295,0.688742353538888,0.427879613033971,1.33200445665762,0.688742353538888,1.33200445665762,0.154496039801752,0.688742353538888,1.33200445665762,1.33200445665762,1.33200445665762,0.125078290128407,0.688742353538888,1.33200445665762,1.33200445665762,1.33200445665762,1.33200445665762,0.683870956143295
1.45344406986308,0.585077707747661,0.9923747241952,1.42455011537518,0.684041456232177,2.10544646709919,1.84402234577412,2.41195807928364,1.00373065798121,0.619297050270366,1.00119588720273,2.2580608969091,2.64744848247408,2.23987536276618,0.612260613674889,0.625461611127637,0.8642844609064,1.03169020190167,2.56077203873655,1.03169020190054,0.834050830109633,0.426395757909411,0.678123653610194,2.72108984344813,2.72108984344813,1.15099589830191,0.486023457088718,1.31274437308769,1.15099589830313,0.868184848360326,1.34277362156514,2.79199733213837,0.689553014953878,0.692900130229128,0.430285649648712,1.34277362156514,0.692900130229128,1.34277362156514,0.15554838812685,0.692900130229128,1.34277362156514,1.34277362156514,1.34277362156514,0.12591063892981,0.692900130229128,1.34277362156514,1.34277362156514,1.34277362156514,1.34277362156514,0.689553014953878
1.39785405166117,0.607005710260203,0.985531171933754,1.41226080823895,0.683814302718814,2.12275044301246,1.80835336438704,2.40009954596655,0.996396952050112,0.607891003218068,0.9971814064473,2.24904965715151,2.65128316167931,2.2330530910856,0.577663006331355,0.581010522052434,0.844068917299023,1.02430573571046,2.54031003029299,1.02430573570894,0.807784960450175,0.424780748731658,0.663739563733013,2.73182770478731,2.73182770478731,1.1359785601009,0.491316785197656,1.30548283096451,1.13597856009603,0.86063893559634,1.32874023234121,2.79711899415929,0.682625389275436,0.687193553834003,0.427336055877598,1.32874023234121,0.687193553834003,1.32874023234121,0.154199345097709,0.687193553834003,1.32874023234121,1.32874023234121,1.32874023234121,0.124852119151039,0.687193553834003,1.32874023234121,1.32874023234121,1.32874023234121,1.32874023234121,0.682625389275436
1.40694157459385,0.548382655251405,0.974828712760649,1.40504559428879,0.648888585607706,2.10763455846242,1.83850572084863,2.38901602187162,0.989110869358048,0.598592075263816,0.986419994074763,2.27254293393642,2.63363537857172,2.2568227178724,0.561539300781904,0.547899282016148,0.836919304022451,1.01694217084362,2.5383998824978,1.01694217086651,0.795173572211736,0.420607161265233,0.65544193104206,2.7045146424506,2.7045146424506,1.1280653356248,0.448180693910049,1.29086659426345,1.12806533561698,0.850576755978126,1.31652052745773,2.7607125021358,0.678499022368413,0.679525671486974,0.423143067513135,1.31652052745773,0.679525671486974,1.31652052745773,0.152870369456854,0.679525671486974,1.31652052745773,1.31652052745773,1.31652052745773,0.123730671516033,0.679525671486974,1.31652052745773,1.31652052745773,1.31652052745773,1.31652052745773,0.678499022368413
1.34327277623656,0.5541151169815,0.95795198012181,1.44138762630996,0.681390231122201,2.0891031101299,1.81778964826217,2.39780892908824,0.973219800189325,0.603188244794488,0.970443595845804,2.22984271405442,2.64073965169451,2.21911421127687,0.566631200182722,0.543398806268683,0.838708969474794,1.00384025945089,2.52880507700099,1.00384025942027,0.789066863720949,0.423786275380677,0.657017908643698,2.72657518873875,2.72657518873875,1.11857858550066,0.464682625145549,1.30591289274455,1.11857858550066,0.857411955857289,1.33345459371563,2.78739327521983,0.681371839810145,0.684973530269411,0.426711071838136,1.33345459371563,0.684973530269411,1.33345459371563,0.15397671043728,0.684973530269411,1.33345459371563,1.33345459371563,1.33345459371563,0.124618783968113,0.684973530269411,1.33345459371563,1.33345459371563,1.33345459371563,1.33345459371563,0.681371839810145
1.38314066910091,0.563215726157804,0.952835528301701,1.44459827367138,0.671743591792211,2.07218330837164,1.81844928540792,2.35551160280775,0.967649101511514,0.59400326549535,0.968861663615265,2.26789936929308,2.59410697432369,2.25038291843154,0.54412819304584,0.571345456245728,0.825130921127702,1.00118325288656,2.49849836435897,1.00118325292039,0.776673052215978,0.414943946897512,0.64786936326395,2.68054640829555,2.68054640829555,1.10062671754999,0.449558572495841,1.27429424088509,1.10062671755178,0.837637589133101,1.29858782870436,2.73790900225301,0.666923508002973,0.670896116628221,0.417411036574835,1.29858782870436,0.670896116628221,1.29858782870436,0.150771955836415,0.670896116628221,1.29858782870436,1.29858782870436,1.29858782870436,0.122039552273889,0.670896116628221,1.29858782870436,1.29858782870436,1.29858782870436,1.29858782870436,0.666923508002973
1.42589703564547,0.55090434911597,0.959144057499183,1.44484544431123,0.674181171996506,2.09525706943792,1.81461810798791,2.35449992936725,0.967891535164338,0.598927861864881,0.969696144213311,2.25609147850238,2.58884212653869,2.23361202857395,0.584221644062675,0.605417163483954,0.831513679781682,0.99816141036502,2.48295684690262,0.998161410363065,0.800920416496653,0.414694069138026,0.65756304350788,2.66653369738414,2.66653369738414,1.10049946727087,0.522112790999955,1.28138908802117,1.10049946727087,0.838144626629355,1.30096925369242,2.73589387178064,0.667855073123133,0.669430058050983,0.417144367319626,1.30096925369242,0.669430058050983,1.30096925369242,0.15070589375386,0.669430058050983,1.30096925369242,1.30096925369242,1.30096925369242,0.121979800683364,0.669430058050983,1.30096925369242,1.30096925369242,1.30096925369242,1.30096925369242,0.667855073123133
1.38316680704287,0.569316812891661,0.98262805327308,1.40546535752371,0.682529222396975,2.05434410015558,1.80243035958501,2.34844549323991,0.991474421141693,0.609238277469387,0.991472817297911,2.25535794060829,2.59903701263631,2.2297605266043,0.607891313349374,0.601864606875748,0.852152262514081,1.02073364884122,2.49054503938914,1.02073364881532,0.824960880373293,0.420441464715356,0.667330761485374,2.67718650257565,2.67718650257565,1.12454084065924,0.504721289044265,1.299338632256,1.12454084065924,0.855928004673415,1.32763146915384,2.75495208597972,0.679759554650088,0.680964316253431,0.424139650469008,1.32763146915384,0.680964316253431,1.32763146915384,0.153400282610568,0.680964316253431,1.32763146915384,1.32763146915384,1.32763146915384,0.124163977758482,0.680964316253431,1.32763146915384,1.32763146915384,1.32763146915384,1.32763146915384,0.679759554650088
1.4983003420584,0.577819483452019,0.9648811878428,1.56318455772832,0.670281239001436,2.20575697153894,1.96846362333158,2.47386573660131,0.980010065981233,0.610962840624693,0.978622186388886,2.36176000429451,2.65177327341192,2.34483139529938,0.59960134494131,0.606966258499363,0.85457111123011,1.01685062162634,2.58583338162213,1.01685062163051,0.811316125288435,0.424349631144377,0.666317864070869,2.72742177100018,2.72742177100018,1.12759134898206,0.522106905633196,1.3143057573397,1.12759134898206,0.858282117511588,1.33200424633609,2.78479989180248,0.684682887675553,0.6853511441706,0.42686705322848,1.33200424633609,0.6853511441706,1.33200424633609,0.154303566098969,0.6853511441706,1.33200424633609,1.33200424633609,1.33200424633609,0.124802918627209,0.6853511441706,1.33200424633609,1.33200424633609,1.33200424633609,1.33200424633609,0.684682887675553
1.45026308130502,0.536917408158273,0.955355700462477,1.48910939534038,0.662953795820818,2.12415287384279,1.88895608181244,2.42353171860214,0.969975404538839,0.607188969151295,0.969477857302279,2.29934607025193,2.67781441537298,2.28209005739042,0.561048233232044,0.572135003196063,0.851086711264637,1.00470113021064,2.59480676501986,1.00470113023331,0.802041515107613,0.428230118915141,0.66865776105446,2.76346735987725,2.76346735987725,1.12570436343115,0.461242054388015,1.31144748007085,1.12570436343115,0.865855543147139,1.33658972093728,2.82280122824459,0.68773284706715,0.690158949059854,0.43070805023149,1.33658972093728,0.690158949059854,1.33658972093728,0.15538958552171,0.690158949059854,1.33658972093728,1.33658972093728,1.33658972093728,0.125797806749875,0.690158949059854,1.33658972093728,1.33658972093728,1.33658972093728,1.33658972093728,0.68773284706715
1.32274426182357,0.575778574341557,0.947524341379852,1.37591055258875,0.654608137733069,2.06087810805985,1.78673712070938,2.35521780355314,0.958662313517185,0.593025403630905,0.957514580419762,2.19985178188643,2.56689375477204,2.17869863859137,0.601365679463739,0.570556688913627,0.830080933568552,0.989238489123839,2.46387721031109,0.989238489118763,0.79522293823842,0.41153944497856,0.647385852083521,2.65117724292801,2.65117724292801,1.09720008310214,0.520146378096898,1.273961840685,1.09720008310214,0.835036384906743,1.29635842764463,2.72688828473117,0.664559793241483,0.666853324647272,0.414920806578262,1.29635842764463,0.666853324647272,1.29635842764463,0.150001530354448,0.666853324647272,1.29635842764463,1.29635842764463,1.29635842764463,0.121410544282782,0.666853324647272,1.29635842764463,1.29635842764463,1.29635842764463,1.29635842764463,0.664559793241483
1.44048223051385,0.561636799495101,0.963294315881011,1.51530192425425,0.663431955791986,2.14027600349156,1.92581407074425,2.43501638653345,0.980326335282882,0.608494085344668,0.979271275388542,2.35591131973832,2.66753693891198,2.33864929916886,0.559259171603444,0.585207981932218,0.847677444570656,1.01640035586249,2.60265128613467,1.01640035586179,0.800262575067447,0.422639104722223,0.657824058868574,2.7478880768915,2.7478880768915,1.12713056243745,0.445163954336792,1.29065089327337,1.12713056243745,0.854977190581546,1.32216322453595,2.80395688714148,0.680890311810361,0.683458469250909,0.425898279368897,1.32216322453595,0.683458469250909,1.32216322453595,0.153861563137951,0.683458469250909,1.32216322453595,1.32216322453595,1.32216322453595,0.124437459680526,0.683458469250909,1.32216322453595,1.32216322453595,1.32216322453595,1.32216322453595,0.680890311810361
1.49705141151875,0.543076855946922,0.983418285226383,1.52328821376343,0.676087283153482,2.1763358341939,1.92520445005368,2.4361757269511,0.993466650924271,0.605009850644467,0.992545237181785,2.32608322773797,2.64696451709429,2.30737437263319,0.607037513609011,0.56524631812112,0.860752394468464,1.02363383765331,2.57580758939674,1.0236338376539,0.833318598139301,0.424584854278952,0.67226368365323,2.71165564866789,2.71165564866789,1.14046314914906,0.51001010128062,1.31059086187537,1.14046314914944,0.860427061937292,1.33316056583391,2.7732895085818,0.685174539417028,0.686976231596129,0.427483902258019,1.33316056583391,0.686976231596129,1.33316056583391,0.154425408903415,0.686976231596129,1.33316056583391,1.33316056583391,1.33316056583391,0.125013625620187,0.686976231596129,1.33316056583391,1.33316056583391,1.33316056583391,1.33316056583391,0.685174539417028
1.46278992369575,0.547511931306464,0.955386785561749,1.46562164743727,0.638163943696788,2.13667363242136,1.90150550675081,2.40320317799034,0.971384455522244,0.595277732156155,0.968738574542265,2.31038664564012,2.59177567460156,2.29029486548361,0.574900672596349,0.588240126649207,0.836048604539433,1.00496289945041,2.53309567739744,1.00496289945076,0.792873724374321,0.413265146188015,0.649539616694123,2.6630298354202,2.6630298354202,1.11047920593163,0.481486167150584,1.28405745976398,1.11047920593163,0.838220788448289,1.30208954255133,2.71741674796992,0.665889327872781,0.667993030829376,0.41554424785584,1.30208954255133,0.667993030829376,1.30208954255133,0.150339195333521,0.667993030829376,1.30208954255133,1.30208954255133,1.30208954255133,0.121688910906013,0.667993030829376,1.30208954255133,1.30208954255133,1.30208954255133,1.30208954255133,0.665889327872781
1.51483084531361,0.573746172889249,0.964810952436947,1.55192180760137,0.675026710451801,2.16026549200534,1.95263751304642,2.45175664899097,0.978787081202165,0.605597664958192,0.977978345973186,2.35133155834147,2.65849529916772,2.33264971156386,0.594808355194322,0.578719776793926,0.861877121377057,1.01559729703219,2.59385835540251,1.01559729702552,0.819262461640232,0.42500582833491,0.674211916031812,2.73602175345297,2.73602175345297,1.12960038797184,0.486434362803674,1.30731340813035,1.12960038796432,0.861177575155183,1.33136715014718,2.79819126874617,0.686460135231717,0.68837434159025,0.428138115876966,1.33136715014718,0.68837434159025,1.33136715014718,0.154920629459741,0.68837434159025,1.33136715014718,1.33136715014718,1.33136715014718,0.12538539090774,0.68837434159025,1.33136715014718,1.33136715014718,1.33136715014718,1.33136715014718,0.686460135231717
1.3749582548118,0.515730813258682,0.949702098563947,1.4433400870392,0.632546531921478,2.10512738948829,1.89047593909107,2.40224204029815,0.965336899304764,0.603458800635632,0.956720116230015,2.27661343449247,2.60038523458502,2.255200344924,0.60794187647592,0.57325240138323,0.842856798914054,0.99504776184735,2.52738805907286,0.995047761849687,0.802976993731971,0.41581387490417,0.650641680488673,2.66527566288837,2.66527566288837,1.11146156684549,0.490656059713478,1.2851939901935,1.11146156684549,0.844334549472575,1.30653010758016,2.72938154502653,0.669935413511989,0.671658308473716,0.418841059342831,1.30653010758016,0.671658308473716,1.30653010758016,0.151176053243664,0.671658308473716,1.30653010758016,1.30653010758016,1.30653010758016,0.122448595138834,0.671658308473716,1.30653010758016,1.30653010758016,1.30653010758016,1.30653010758016,0.669935413511989
1.42242936858019,0.584686250533416,0.976176453155514,1.49030060598493,0.653148659928325,2.17496549261103,1.9188715160612,2.44665837306264,0.996180038297726,0.610235024479856,0.988650765153564,2.32873767422578,2.67491361506197,2.3148845808361,0.559658996066199,0.551537192932019,0.850499845527671,1.0260762770278,2.60439389227468,1.02607627700575,0.796863955246701,0.425348190644854,0.658229672138604,2.74209732735721,2.74209732735721,1.14551683132824,0.469251170099032,1.30656617670513,1.14551683132986,0.86043722432759,1.33447660500577,2.7911227421754,0.685204033499565,0.689438663734135,0.427976399726804,1.33447660500577,0.689438663734135,1.33447660500577,0.154723406759558,0.689438663734135,1.33447660500577,1.33447660500577,1.33447660500577,0.125286314678867,0.689438663734135,1.33447660500577,1.33447660500577,1.33447660500577,1.33447660500577,0.685204033499565
1.39153876180334,0.573385030972472,0.958297291381262,1.45722711303311,0.653166435043767,2.11698473983454,1.86899319371533,2.38290885817564,0.96599637803872,0.603356231344937,0.973457532425343,2.28428248681867,2.60811878056341,2.26598805245737,0.570828717379936,0.586903592274347,0.840525621817449,1.00135580719811,2.53243302424027,1.00135580735134,0.810622417144802,0.417069161943466,0.652926020557519,2.69111841389876,2.69111841389876,1.11153788786025,0.475618706424607,1.28162506062893,1.1115378878768,0.84706131035876,1.3074942485814,2.75400152994664,0.672837926130162,0.675451642162339,0.420144593661052,1.3074942485814,0.675451642162339,1.3074942485814,0.151975813816542,0.675451642162339,1.3074942485814,1.3074942485814,1.3074942485814,0.123023973592581,0.675451642162339,1.3074942485814,1.3074942485814,1.3074942485814,1.3074942485814,0.672837926130162
1.43010802494586,0.551744272732059,0.97539790651238,1.46923083001685,0.675547464591171,2.12944042403039,1.87929395503441,2.42175470617484,0.993204153454833,0.605051159076823,0.993275173332091,2.30768364140864,2.64058449296246,2.29053288129193,0.55886957918578,0.555489158373935,0.847373797282126,1.02898058122861,2.5593105686052,1.02898058124904,0.795608765681988,0.426076656921562,0.66477750886296,2.72858174847436,2.72858174847436,1.1393554601486,0.457234779224212,1.29951383963124,1.13935546008854,0.862607840442939,1.33342110739387,2.7828827746581,0.686090596903528,0.691256855781422,0.429719694155041,1.33342110739387,0.691256855781422,1.33342110739387,0.155166971568613,0.691256855781422,1.33342110739387,1.33342110739387,1.33342110739387,0.125536346461684,0.691256855781422,1.33342110739387,1.33342110739387,1.33342110739387,1.33342110739387,0.686090596903528
1.42678562561755,0.544523257907689,0.961329884406579,1.45581394664977,0.636767844580352,2.12975008889639,1.9067681694464,2.43087965414767,0.975303827264751,0.614133438984663,0.969472364865505,2.32176731986957,2.65848197099918,2.3009190382748,0.603690339391016,0.598187221236844,0.855585333338116,1.00645262970261,2.55610100994978,1.00645262965368,0.811643009805276,0.424827032949276,0.667629794588665,2.72994678027396,2.72994678027396,1.11579305252407,0.49888773243092,1.30562098192842,1.11579305252604,0.860213263504317,1.33167664146523,2.79703181206789,0.685835657100625,0.689770918249002,0.428136059095566,1.33167664146523,0.689770918249002,1.33167664146523,0.154824942499008,0.689770918249002,1.33167664146523,1.33167664146523,1.33167664146523,0.125256125169089,0.689770918249002,1.33167664146523,1.33167664146523,1.33167664146523,1.33167664146523,0.685835657100625
1.39656649333244,0.609289423096577,0.983512524611866,1.45934212597553,0.66896763655091,2.15776161467471,1.88311289308157,2.44648066888683,0.997604443997328,0.608607302748885,0.995337175867342,2.31871111230065,2.65735095410084,2.30150004637296,0.583885098609073,0.548605546678797,0.845905341872652,1.02669020858406,2.54690612602078,1.02669020860762,0.800656787077749,0.426293003452264,0.66232825493673,2.72910466554524,2.72910466554524,1.13048572393431,0.45918252006931,1.31197230467148,1.13048572392988,0.861876880215362,1.33268937501925,2.78542641682264,0.686456494416526,0.690495116237595,0.428711027743663,1.33268937501925,0.690495116237595,1.33268937501925,0.154995812533392,0.690495116237595,1.33268937501925,1.33268937501925,1.33268937501925,0.125476545511852,0.690495116237595,1.33268937501925,1.33268937501925,1.33268937501925,1.33268937501925,0.686456494416526
1.43572751951768,0.578012068481862,0.986273144210279,1.3913182572636,0.647512911608386,2.08081286408582,1.85007665710995,2.36844291919077,0.996349002138762,0.616063946507491,0.995538622192889,2.28871628551116,2.63033393305767,2.26226077567437,0.610064905153126,0.613441351787284,0.871300698073693,1.02891138215464,2.55191333497896,1.02891138224587,0.842875198192139,0.428473536162406,0.679509200909214,2.71099433742611,2.71099433742611,1.14233396590802,0.533750018377711,1.31772826853518,1.14233396594519,0.868271337057578,1.3380852734255,2.79035216850074,0.688466589491231,0.693565063144074,0.431060646127244,1.3380852734255,0.693565063144074,1.3380852734255,0.155571512276475,0.693565063144074,1.3380852734255,1.3380852734255,1.3380852734255,0.125928233934563,0.693565063144074,1.3380852734255,1.3380852734255,1.3380852734255,1.3380852734255,0.688466589491231
1.48133332991764,0.544509036533233,0.955141513940767,1.48893100567602,0.650445422470909,2.17015712368603,1.90244969515111,2.42768133069025,0.967436653653746,0.600128912790681,0.963724162227841,2.29981250458712,2.6172469339212,2.27871004353502,0.600751604878005,0.603527929041311,0.837070137302911,0.996376343356724,2.54603582515084,0.996376343352922,0.804962588687398,0.413750223302304,0.655657471630195,2.68096302707401,2.68096302707401,1.10837507409534,0.518715314098424,1.27727500356681,1.1083750740928,0.838710228010364,1.29766909533158,2.74193466605524,0.66788115174628,0.669573300183942,0.416627952582658,1.29766909533158,0.669573300183942,1.29766909533158,0.150590359276556,0.669573300183942,1.29766909533158,1.29766909533158,1.29766909533158,0.121982800200204,0.669573300183942,1.29766909533158,1.29766909533158,1.29766909533158,1.29766909533158,0.66788115174628
1.35034778532127,0.599126621915938,0.9690227927962,1.38180779350801,0.651771804118892,2.07768044664849,1.82321199794669,2.3714359109917,0.983891599861796,0.597384982739187,0.98454811486342,2.26603191159122,2.58033154330017,2.25125821380277,0.5791801706071,0.556222028673655,0.839106957483822,1.01835732194271,2.48384700602848,1.01835732195848,0.793982911574811,0.418451422596719,0.654023765247271,2.66960634003191,2.66960634003191,1.11468775613117,0.483182413927618,1.29002172833345,1.11468775613117,0.848869177149037,1.31767611108162,2.73324036888908,0.675613149954317,0.677936242097868,0.422063910764251,1.31767611108162,0.677936242097868,1.31767611108162,0.152275396108919,0.677936242097868,1.31767611108162,1.31767611108162,1.31767611108162,0.123313009924163,0.677936242097868,1.31767611108162,1.31767611108162,1.31767611108162,1.31767611108162,0.675613149954317
1.33688890783444,0.581808824143234,0.991610918698353,1.38525559814248,0.661869164954873,2.12230080562671,1.84146682364484,2.41656555142076,1.00369833864234,0.60943493103121,1.0057922796683,2.2855798625017,2.64035735475123,2.26759770353559,0.596940649646608,0.549182862736318,0.85650366569027,1.03657764139411,2.53969952982514,1.03657764139422,0.819390648453827,0.427566298175192,0.664396599491562,2.72976927862894,2.72976927862894,1.14265223994615,0.501777645855941,1.31558527564571,1.14265223997602,0.865385752973278,1.34280558087052,2.79850798392799,0.690792735847131,0.693726746733866,0.431133771268388,1.34280558087052,0.693726746733866,1.34280558087052,0.155600481807694,0.693726746733866,1.34280558087052,1.34280558087052,1.34280558087052,0.12599639241891,0.693726746733866,1.34280558087052,1.34280558087052,1.34280558087052,1.34280558087052,0.690792735847131
1.35412317528123,0.563260683040091,0.947498879790769,1.38640629262828,0.666048525788328,2.04533654320704,1.75671545160342,2.31688657532578,0.959110137185091,0.589947419597149,0.959439365466712,2.15832111537744,2.57128936117547,2.14297544448696,0.550319358707133,0.552258461627932,0.825704857833467,0.987349907355364,2.48905656335687,0.987349907327103,0.78687753121185,0.412295340735993,0.646253463520992,2.65136939412359,2.65136939412359,1.10651727139139,0.468272759402183,1.2665932662437,1.10651727140853,0.836798874771325,1.29601125458625,2.71200170203237,0.664249929387419,0.66625154946224,0.415251246019269,1.29601125458625,0.66625154946224,1.29601125458625,0.14990991233369,0.66625154946224,1.29601125458625,1.29601125458625,1.29601125458625,0.121427659423823,0.66625154946224,1.29601125458625,1.29601125458625,1.29601125458625,1.29601125458625,0.664249929387419
1.54710698156215,0.56716476631801,0.977760279885587,1.5487526783315,0.661235026188624,2.19596041845722,1.97112167790172,2.46612117492456,0.992104490770294,0.605730143615449,0.992707327157575,2.38793264495679,2.67248318278419,2.37303787371462,0.580701378274409,0.572032917291479,0.857961265782704,1.02807992376391,2.59469119846182,1.0280799237799,0.813631807267154,0.427060865979957,0.675324779162332,2.74561000542504,2.74561000542504,1.13418524079643,0.474124545847044,1.31294298455079,1.13418524079031,0.866726319992522,1.34378281526719,2.79901970872934,0.690465767848771,0.69131191041373,0.430577619101292,1.34378281526719,0.69131191041373,1.34378281526719,0.155692792055995,0.69131191041373,1.34378281526719,1.34378281526719,1.34378281526719,0.12600401298074,0.69131191041373,1.34378281526719,1.34378281526719,1.34378281526719,1.34378281526719,0.690465767848771
1.44492728652054,0.607649466715057,0.97838620747313,1.50327985254454,0.696912438884382,2.18002291985945,1.86798485167138,2.43013289918884,0.985194325123983,0.603415708158681,0.985504050004688,2.27873461446209,2.6320875312597,2.25626294952075,0.612760300170847,0.587835185086707,0.843293932492664,1.01055545703623,2.54606099638353,1.01055545704093,0.825327037095677,0.418261529253044,0.657489178787489,2.69391226834133,2.69391226834133,1.12448374105196,0.517652300253079,1.29483152541349,1.12448374104194,0.848402215377575,1.31528530062163,2.75809856417082,0.674593120573025,0.676555813600521,0.421104139944825,1.31528530062163,0.676555813600521,1.31528530062163,0.152111417870274,0.676555813600521,1.31528530062163,1.31528530062163,1.31528530062163,0.12313588537391,0.676555813600521,1.31528530062163,1.31528530062163,1.31528530062163,1.31528530062163,0.674593120573025
1.42788550118836,0.520737324975534,0.96842826873986,1.50034703373167,0.664056488409589,2.16871909871942,1.92958606683857,2.46688312798112,0.976444089364484,0.617007660767814,0.973959931653644,2.32249051425263,2.66006091050506,2.29701946804198,0.645536516938351,0.604175779181632,0.861886641444876,1.00690325710445,2.56882983055803,1.00690325710081,0.834531239012173,0.4246346288721,0.670202772748271,2.72885457625211,2.72885457625211,1.12252681060594,0.520550980087627,1.31663108292597,1.1225268106124,0.862418418999503,1.33509282397172,2.80274040073545,0.684922131123287,0.688790701478804,0.427700330303054,1.33509282397172,0.688790701478804,1.33509282397172,0.154657045927532,0.688790701478804,1.33509282397172,1.33509282397172,1.33509282397172,0.125079323368043,0.688790701478804,1.33509282397172,1.33509282397172,1.33509282397172,1.33509282397172,0.684922131123287
1.3681696200783,0.568304766671399,0.975163056528191,1.40327463044692,0.662556783841327,2.06934882425,1.8261548294021,2.37211903778928,0.991598812642573,0.602958796323588,0.988135886279289,2.27314453043024,2.61122488641805,2.25797057035321,0.562869610860482,0.577463936815593,0.836621874560655,1.02116490747641,2.52475689742457,1.0211649074734,0.791823716250948,0.41796906712802,0.649977432365439,2.68709177920543,2.68709177920543,1.1252216585623,0.433570027481343,1.28062121651519,1.1252216585513,0.846547867104377,1.30821379165587,2.74620227871145,0.67267726833746,0.675450938674071,0.420887498288039,1.30821379165587,0.675450938674071,1.30821379165587,0.151959882885203,0.675450938674071,1.30821379165587,1.30821379165587,1.30821379165587,0.123118030001006,0.675450938674071,1.30821379165587,1.30821379165587,1.30821379165587,1.30821379165587,0.67267726833746
1.45810335160915,0.551931403380133,0.988943836549011,1.40815449768302,0.658620832177726,2.17569401638845,1.8616284975865,2.45555295432834,0.995564952139907,0.613867368745157,0.996034508200168,2.27338048094719,2.66740666341622,2.25426993929101,0.629609760991407,0.60702881139831,0.857903602214148,1.02148340354418,2.56378293948561,1.02148340351711,0.835467410888097,0.425432732718698,0.674786494024228,2.73624417646896,2.73624417646896,1.13672289353142,0.515052299680685,1.31155131677456,1.13672289351122,0.86581697604307,1.33900563819299,2.80766489093006,0.686392190451437,0.688749246357495,0.429449696998935,1.33900563819299,0.688749246357495,1.33900563819299,0.154967709262362,0.688749246357495,1.33900563819299,1.33900563819299,1.33900563819299,0.125531641238756,0.688749246357495,1.33900563819299,1.33900563819299,1.33900563819299,1.33900563819299,0.686392190451437
1.35965919217615,0.5437999839094,0.972945227419204,1.35544846828211,0.642019555259973,2.06653802515439,1.82505727915864,2.39895672204819,0.992269820752135,0.605373537115194,0.984569861363327,2.26459579629473,2.6374893898636,2.24771390803061,0.580669788562001,0.552000629229133,0.848799405138918,1.02246853046792,2.53575096291807,1.02246853048644,0.794709777117916,0.424049503683414,0.662312099069376,2.72025942318671,2.72025942318671,1.1292490720335,0.457877619877968,1.30846627642154,1.12924907203259,0.861995443412028,1.33492796417268,2.78446071893941,0.682804383098777,0.685737808171765,0.427080620351865,1.33492796417268,0.685737808171765,1.33492796417268,0.154316181518815,0.685737808171765,1.33492796417268,1.33492796417268,1.33492796417268,0.124974671150689,0.685737808171765,1.33492796417268,1.33492796417268,1.33492796417268,1.33492796417268,0.682804383098777
1.44531438331238,0.567140978958734,0.95700416248175,1.45570393250752,0.656897887115294,2.13718247586154,1.87542998506974,2.44599901574168,0.969078064846723,0.604844107168702,0.962756866983767,2.27034121522053,2.65864165349614,2.25308661710685,0.617735450557011,0.574659814347982,0.850443808384972,0.996536759417101,2.54120568787799,0.996536759410246,0.808006790388888,0.424825183511103,0.670951751893793,2.72788704952088,2.72788704952088,1.10935491166006,0.500154907116538,1.31469474973001,1.10935491166006,0.861833768166419,1.33621981046528,2.79565781311648,0.685543543641406,0.686054104368105,0.427800844425234,1.33621981046528,0.686054104368105,1.33621981046528,0.154509150323159,0.686054104368105,1.33621981046528,1.33621981046528,1.33621981046528,0.125105279932904,0.686054104368105,1.33621981046528,1.33621981046528,1.33621981046528,1.33621981046528,0.685543543641406
1.40058079895776,0.54637091065842,0.954208926842084,1.42265264430163,0.65554805555656,2.08908286236086,1.84384935081013,2.38912340641431,0.964184380974723,0.591198709069275,0.969654102519231,2.27364986871868,2.6056785709256,2.2540420452251,0.572008940514971,0.55171579764427,0.83385818200784,0.999354013663279,2.51967356778142,0.999354013627023,0.798266134362888,0.415438942051871,0.653556686482618,2.69536967916818,2.69536967916818,1.10430376508641,0.450779469266582,1.28407505826352,1.10430376508641,0.844545054667675,1.30990444037381,2.75987725115554,0.670109094562757,0.673007817720556,0.418694352972518,1.30990444037381,0.673007817720556,1.30990444037381,0.151274461922792,0.673007817720556,1.30990444037381,1.30990444037381,1.30990444037381,0.122453861230543,0.673007817720556,1.30990444037381,1.30990444037381,1.30990444037381,1.30990444037381,0.670109094562757
1.39927169602929,0.589462644958781,0.976058562899291,1.43205663971594,0.693576227370844,2.10412108336368,1.80900241342624,2.39143889830134,0.983804500167783,0.605356078989312,0.986428644288789,2.22864980819548,2.63319333170568,2.21107320203515,0.592141860582166,0.589269885086053,0.845141955487737,1.0121760408934,2.53354764003936,1.01217604097119,0.818529361476461,0.421450889551496,0.663710899498009,2.71319216552463,2.71319216552463,1.12836203905205,0.485589362811104,1.29762232638159,1.1283620390237,0.85377849212965,1.32110653036577,2.78432258376396,0.6788986228788,0.681887196928629,0.42436520797421,1.32110653036577,0.681887196928629,1.32110653036577,0.153345612244692,0.681887196928629,1.32110653036577,1.32110653036577,1.32110653036577,0.124206055765055,0.681887196928629,1.32110653036577,1.32110653036577,1.32110653036577,1.32110653036577,0.6788986228788
1.37484396005838,0.558910993626143,0.959190096701774,1.43875539400822,0.656046682637398,2.10656492652075,1.84873182791642,2.39067029133434,0.97593416563655,0.601542287327306,0.967848371790859,2.26529881590748,2.61479559433338,2.24625882316594,0.589215338436785,0.578266763601905,0.839285250967422,1.00424948496778,2.52617722566948,1.00424948495946,0.796079592381369,0.415620374528146,0.650270135383836,2.68416669720581,2.68416669720581,1.11578134470803,0.512458318235503,1.28230681572167,1.11578134471364,0.843955854989972,1.30947393813041,2.74849351196574,0.67112349479825,0.675324016920341,0.418978298905805,1.30947393813041,0.675324016920341,1.30947393813041,0.151511048219802,0.675324016920341,1.30947393813041,1.30947393813041,1.30947393813041,0.122664137849427,0.675324016920341,1.30947393813041,1.30947393813041,1.30947393813041,1.30947393813041,0.67112349479825
1.44809923013058,0.562860539435207,0.962539224651527,1.51219766757505,0.635424105446662,2.22189956257167,1.9605004993398,2.49439345469698,0.977361287223111,0.60795052644787,0.970971281432606,2.35897627030597,2.6798157240409,2.34512810773938,0.602844327600259,0.564422080744773,0.845454423333426,1.00627640386479,2.57216754109077,1.00627640390271,0.798236966610747,0.425044242363624,0.660188621603126,2.74153318072812,2.74153318072812,1.11175158088244,0.49872498578313,1.31133841320976,1.11175158086203,0.860014767387785,1.33227038628894,2.79578151396827,0.684070169833113,0.688134052911979,0.427774972782295,1.33227038628894,0.688134052911979,1.33227038628894,0.15438027890904,0.688134052911979,1.33227038628894,1.33227038628894,1.33227038628894,0.12491621154123,0.688134052911979,1.33227038628894,1.33227038628894,1.33227038628894,1.33227038628894,0.684070169833113
1.44654413733029,0.550144697773402,0.968649038611697,1.43045897210569,0.638611481100317,2.10106475431864,1.87828536998712,2.38274485462909,0.976547129624281,0.603383634282394,0.983254194135776,2.33387000093439,2.64130548831971,2.3118232221491,0.576139980234372,0.584872613665755,0.853541931672853,1.01383748912849,2.55120913171227,1.01383748910241,0.820682683604191,0.423941187523345,0.667588592947338,2.72983343192418,2.72983343192418,1.11632732562868,0.483999318549597,1.31057534573886,1.11632732561325,0.857523738256405,1.33059938631609,2.79897476379634,0.683967813665875,0.684525289382471,0.426166243804636,1.33059938631609,0.684525289382471,1.33059938631609,0.154159262640946,0.684525289382471,1.33059938631609,1.33059938631609,1.33059938631609,0.12478534614097,0.684525289382471,1.33059938631609,1.33059938631609,1.33059938631609,1.33059938631609,0.683967813665875
1.33943190161563,0.577291108786816,0.952191957168212,1.42055057120819,0.674449405027522,2.0861933924947,1.80317383650787,2.35539507331818,0.961784915393981,0.597925514806909,0.96654892278729,2.19591797213205,2.55919062936326,2.17655970469963,0.576893010749834,0.584620341390172,0.833495886244605,0.994905640197925,2.49887629019749,0.994905640188652,0.804090035352996,0.412728344604273,0.644502350105479,2.64628869623728,2.64628869623728,1.11166238910066,0.497803773421776,1.27408885931365,1.11166238908881,0.834383711152888,1.29331259620835,2.71169094053474,0.665666761618591,0.668798211964612,0.415357650481077,1.29331259620835,0.668798211964612,1.29331259620835,0.150170398716796,0.668798211964612,1.29331259620835,1.29331259620835,1.29331259620835,0.121433819949386,0.668798211964612,1.29331259620835,1.29331259620835,1.29331259620835,1.29331259620835,0.665666761618591
1.29119375574912,0.555882436049863,0.940621420063056,1.34694134491143,0.634880367801781,2.01120503547387,1.78220784453845,2.31724181031248,0.959478155021898,0.591451028196996,0.957696155116,2.20756589439954,2.5505764315156,2.18965258391138,0.544987736692204,0.550289215461258,0.824868420727115,0.995880725891361,2.48300933147434,0.995880725893787,0.774310566851354,0.41178611793553,0.639494816955746,2.64847168900045,2.64847168900045,1.10493975169646,0.463512887226718,1.27089864177957,1.10493975169646,0.833374519604424,1.29490064490129,2.71041698154904,0.664954011328102,0.666727023078483,0.414443070566188,1.29490064490129,0.666727023078483,1.29490064490129,0.149813033482926,0.666727023078483,1.29490064490129,1.29490064490129,1.29490064490129,0.121351227998448,0.666727023078483,1.29490064490129,1.29490064490129,1.29490064490129,1.29490064490129,0.664954011328102
1.42502898213246,0.562104241996045,0.952599963090567,1.43244645889382,0.636634425840899,2.10036091160471,1.86347349776852,2.38131061203547,0.967570491122387,0.602038236790133,0.964704914704197,2.27268020927303,2.60920504848835,2.25890375743663,0.570523146670789,0.588651675157545,0.840131668623652,1.00021442611832,2.52466893050198,1.00021442611454,0.793948437911499,0.41991322249439,0.656945783348139,2.68582399479481,2.68582399479481,1.11003651431845,0.483298946116661,1.29421093412416,1.11003651431889,0.849161989147639,1.31666912261074,2.74478138954209,0.674921194826248,0.677574284198882,0.422414036624948,1.31666912261074,0.677574284198882,1.31666912261074,0.152564221162967,0.677574284198882,1.31666912261074,1.31666912261074,1.31666912261074,0.12348536686733,0.677574284198882,1.31666912261074,1.31666912261074,1.31666912261074,1.31666912261074,0.674921194826248
1.36459494336626,0.544329243315986,0.951829448047126,1.3901697743565,0.650712383870238,2.08119561901441,1.82351357698741,2.39919459613439,0.96201385629389,0.59711446711023,0.963950083327458,2.22465484051719,2.60991393461192,2.21019088189403,0.590030811133864,0.559703450027561,0.837287843402462,0.993744012681687,2.51028607326475,0.993744012681023,0.799804387597018,0.416806065475304,0.654344739297132,2.69594742974881,2.69594742974881,1.10509241470365,0.455097258980212,1.2871167513329,1.10509241470365,0.847022263036061,1.3164204640889,2.76362710032295,0.673891937850328,0.67616202314434,0.420819392546675,1.3164204640889,0.67616202314434,1.3164204640889,0.151921641435517,0.67616202314434,1.3164204640889,1.3164204640889,1.3164204640889,0.123020374541667,0.67616202314434,1.3164204640889,1.3164204640889,1.3164204640889,1.3164204640889,0.673891937850328
1.4901147358781,0.582735690907515,0.976741768376236,1.56042661339114,0.678381020813809,2.20628275945002,1.94576759945436,2.46375757254523,0.982661394758869,0.612522335643607,0.982732476787401,2.34431152819315,2.67248423791081,2.32587434118114,0.624358662871323,0.580449094652841,0.860512219281249,1.01100771476254,2.57158847535556,1.01100771482961,0.8347710289287,0.426365592448157,0.673481999105093,2.73292559423931,2.73292559423931,1.12232841914352,0.522025607126222,1.31092821890462,1.12232841914473,0.867798892459913,1.34030434276583,2.79735491915482,0.687276528486728,0.692258400696291,0.430368092952776,1.34030434276583,0.692258400696291,1.34030434276583,0.155401538460364,0.692258400696291,1.34030434276583,1.34030434276583,1.34030434276583,0.125835857747674,0.692258400696291,1.34030434276583,1.34030434276583,1.34030434276583,1.34030434276583,0.687276528486728
1.34955091303494,0.530436268108219,0.945297934030448,1.37285026262622,0.635974904738146,2.06719796767671,1.8067462811185,2.34881293448231,0.955614649832724,0.591460276258765,0.956917012966859,2.19558110738877,2.55228445183157,2.17945747852966,0.589929271942785,0.552985365235042,0.832603309660067,0.987843743865721,2.4686004134143,0.987843743865721,0.798519376660288,0.413523132883879,0.648401364965763,2.63456179134758,2.63456179134758,1.10026071698304,0.500817458201035,1.27924832395985,1.10026071698304,0.838320957459099,1.30121003045281,2.70132412429002,0.667518776762235,0.669026956836817,0.416623251853452,1.30121003045281,0.669026956836817,1.30121003045281,0.150440896600653,0.669026956836817,1.30121003045281,1.30121003045281,1.30121003045281,0.121792492061032,0.669026956836817,1.30121003045281,1.30121003045281,1.30121003045281,1.30121003045281,0.667518776762235
1.37014441642519,0.556603271271811,0.960287674791746,1.40465621927345,0.668014249610016,2.06216433468297,1.80386025089929,2.35229657390095,0.968466358136087,0.599586276767895,0.969932450514953,2.2020283836082,2.57566688739641,2.18398259173779,0.592711612034876,0.589030048555901,0.83713578792459,0.996899608152943,2.49896009665109,0.996899608148876,0.814322415607596,0.413925630132806,0.65071274614747,2.64944626462331,2.64944626462331,1.11388444433799,0.466868173236065,1.26947609349259,1.11388444433799,0.836925177714571,1.29440116270406,2.71923374753513,0.66696417453379,0.669296914812475,0.417253537423712,1.29440116270406,0.669296914812475,1.29440116270406,0.150589821232726,0.669296914812475,1.29440116270406,1.29440116270406,1.29440116270406,0.121912644012182,0.669296914812475,1.29440116270406,1.29440116270406,1.29440116270406,1.29440116270406,0.66696417453379
1.38723673914155,0.523196478333937,0.934419868048465,1.44475186795999,0.641098831309464,2.1203881027738,1.85799505603538,2.3990223988875,0.944005455101106,0.591976916994751,0.946171855044323,2.22618323528658,2.58251312915485,2.20948003111506,0.57760746419121,0.565152712630691,0.826629061421425,0.975129921366074,2.50496596294237,0.97512992129783,0.79017106915128,0.412378699634645,0.643090378897468,2.6562776079975,2.6562776079975,1.09127854119655,0.455372924639909,1.27595442677297,1.09127854119655,0.837327347291035,1.29541670333151,2.71244210938923,0.666222868530976,0.668177158951817,0.414992074146748,1.29541670333151,0.668177158951817,1.29541670333151,0.150055010882169,0.668177158951817,1.29541670333151,1.29541670333151,1.29541670333151,0.121412939623183,0.668177158951817,1.29541670333151,1.29541670333151,1.29541670333151,1.29541670333151,0.666222868530976
1.41044735426395,0.552064412900915,0.937612878627473,1.39871975676265,0.625181996057546,2.05855542423968,1.85260694383289,2.36595704923955,0.952485485817899,0.591991173621345,0.951156191402045,2.24176892677884,2.56670312580077,2.22336080529604,0.58172901182,0.570446309284367,0.835884681536218,0.988510564143948,2.49938031306285,0.988510564142099,0.79336434760901,0.414649265813827,0.653379235307473,2.65096069072192,2.65096069072192,1.10145421594766,0.468834668888554,1.27457326210164,1.10145421594624,0.840963835748262,1.30169807315251,2.71461532569127,0.668248367693443,0.672846169252816,0.418363770854223,1.30169807315251,0.672846169252816,1.30169807315251,0.151060799906184,0.672846169252816,1.30169807315251,1.30169807315251,1.30169807315251,0.122273759778983,0.672846169252816,1.30169807315251,1.30169807315251,1.30169807315251,1.30169807315251,0.668248367693443
1.44790975489465,0.531189363251127,0.97213736040416,1.49761504860021,0.635707463914392,2.17611231079551,1.93643988442656,2.42903050683278,0.986888107529948,0.604651044833182,0.984409546501324,2.36244600792481,2.66056523697156,2.35016036453085,0.566523955906272,0.548753835471064,0.845107012036568,1.01863108952882,2.58331458445512,1.01863108953054,0.804127576764969,0.421602638817199,0.656493520819298,2.72644803539445,2.72644803539445,1.12650209994425,0.483234150960668,1.29528387029318,1.12650209994303,0.856264126675668,1.32289767241565,2.7798061504457,0.678978842275004,0.680715719663314,0.424373612616625,1.32289767241565,0.680715719663314,1.32289767241565,0.153269810491586,0.680715719663314,1.32289767241565,1.32289767241565,1.32289767241565,0.124081230337441,0.680715719663314,1.32289767241565,1.32289767241565,1.32289767241565,1.32289767241565,0.678978842275004
1.36853821346833,0.578095143950087,0.956672369414752,1.37003665307609,0.650718253804781,2.05164944084455,1.79627249882397,2.35369075014015,0.970420550589035,0.596369959767882,0.968866387333455,2.20999512440046,2.58928137314425,2.19458740957147,0.568550139629298,0.579937642331636,0.831154565933235,1.00084478065684,2.51846366353535,1.00084478066379,0.79560562399149,0.413904648056174,0.64845057739399,2.67174424451287,2.67174424451287,1.11755834773182,0.459271989727323,1.27917721874169,1.1175583477277,0.835800937519414,1.29712076635022,2.73757928331168,0.667286654434553,0.669049643663894,0.416012616195333,1.29712076635022,0.669049643663894,1.29712076635022,0.150335511813803,0.669049643663894,1.29712076635022,1.29712076635022,1.29712076635022,0.121655157079663,0.669049643663894,1.29712076635022,1.29712076635022,1.29712076635022,1.29712076635022,0.667286654434553
1.47083564620691,0.574300401877185,0.968698679302142,1.44318394693269,0.64302626241075,2.16127204048471,1.89290377774876,2.4378347765455,0.980365848545912,0.60390190900808,0.975604556866408,2.32172585314526,2.61628158108516,2.30151570445972,0.630355177221218,0.612780362375425,0.840440464448725,1.00804496649088,2.50902461211338,1.00804496649103,0.806030753298911,0.415884347284885,0.661178180406526,2.67948008159414,2.67948008159414,1.1031031622557,0.51845254785157,1.29155266535763,1.10310316225922,0.845799508112504,1.31386142179149,2.74517314928082,0.672428760460636,0.673583066745004,0.4195123072768,1.31386142179149,0.673583066745004,1.31386142179149,0.151563667099339,0.673583066745004,1.31386142179149,1.31386142179149,1.31386142179149,0.12274990699912,0.673583066745004,1.31386142179149,1.31386142179149,1.31386142179149,1.31386142179149,0.672428760460636
1.43886349641659,0.594697456081007,0.971994341675304,1.46396369408164,0.661014960339502,2.18849398910692,1.89863772726729,2.47663611145644,0.987312626335788,0.602340420458122,0.982031865053211,2.28684673847764,2.65823010520218,2.27501672574641,0.597494780993278,0.561774672409585,0.843658834631049,1.01442630682159,2.57788299626029,1.01442630679428,0.800305637692881,0.419334149269536,0.655301474135687,2.72391336340031,2.72391336340031,1.13185048265293,0.468430113290703,1.29437231456553,1.13185048265146,0.851091185052661,1.321333412298,2.77928929021017,0.678314710903524,0.68005120408417,0.422977075436965,1.321333412298,0.68005120408417,1.321333412298,0.152910959429988,0.68005120408417,1.321333412298,1.321333412298,1.321333412298,0.123755784695522,0.68005120408417,1.321333412298,1.321333412298,1.321333412298,1.321333412298,0.678314710903524
1.38652942119633,0.559196529962313,0.959196595541671,1.34573193874813,0.630090338109777,2.05600367987181,1.80685536190596,2.35162258397501,0.965023312666005,0.604114095776845,0.969683899737187,2.20661030678015,2.5961104780559,2.18766777176362,0.593701248924936,0.591810284375549,0.848681194042154,0.997068855524129,2.51116039506573,0.99706885551256,0.824856845941284,0.420017653765663,0.663619204952785,2.68169297665729,2.68169297665729,1.11603462783484,0.485872397073139,1.29952036313099,1.11603462783422,0.849873101408404,1.31948024062225,2.75672124401999,0.677598872069209,0.680768397153246,0.422578232389892,1.31948024062225,0.680768397153246,1.31948024062225,0.152774095414049,0.680768397153246,1.31948024062225,1.31948024062225,1.31948024062225,0.12375509173724,0.680768397153246,1.31948024062225,1.31948024062225,1.31948024062225,1.31948024062225,0.677598872069209
1.49116438368748,0.551318544468627,0.953417320829083,1.5150892214588,0.631486677440886,2.21333140889877,1.94935059131163,2.44597614751974,0.959206102484416,0.606139682867933,0.960285710876804,2.32096206265015,2.61885282621083,2.30075275640492,0.625274324845209,0.614792688688499,0.845354367446666,0.989355233455796,2.54466651507392,0.989355233457674,0.823760050735374,0.414980938790311,0.657516860414311,2.67871048758412,2.67871048758412,1.10104686760886,0.550858065206624,1.28209488080969,1.10104686760886,0.840127170737976,1.30550413789157,2.7411202332841,0.670653273920087,0.671149187376552,0.418732820850629,1.30550413789157,0.671149187376552,1.30550413789157,0.151030031517925,0.671149187376552,1.30550413789157,1.30550413789157,1.30550413789157,0.122327337694249,0.671149187376552,1.30550413789157,1.30550413789157,1.30550413789157,1.30550413789157,0.670653273920087
1.47181422355668,0.56695839832878,0.949378600128526,1.46378425228448,0.626109368716637,2.14278265925071,1.91946147503433,2.42460687476361,0.9622795972638,0.593002813645895,0.956977833421021,2.30508524660297,2.61177753264343,2.28096853787223,0.612859212866846,0.559886797822507,0.843677469793223,0.992946700071291,2.54199676145618,0.9929467000626,0.809392406581017,0.414709370548282,0.657368543648827,2.67604934988948,2.67604934988948,1.10716818870936,0.501573210687738,1.27991921081785,1.10716818870936,0.841783505114497,1.30545274526927,2.73951460219678,0.6687653931854,0.673879546179856,0.418520772735818,1.30545274526927,0.673879546179856,1.30545274526927,0.151124407094942,0.673879546179856,1.30545274526927,1.30545274526927,1.30545274526927,0.122385154843631,0.673879546179856,1.30545274526927,1.30545274526927,1.30545274526927,1.30545274526927,0.6687653931854
1.42100016425875,0.578954104369257,0.929782296742592,1.44052176780778,0.636516125816411,2.12685684748298,1.86217041441072,2.42548666532482,0.943448983709605,0.587161752467724,0.940719449214819,2.24437152473928,2.59918933825832,2.22975810436191,0.577326964011387,0.555681269673232,0.818049962819956,0.972741806816141,2.50014672097351,0.972741806791112,0.770304564112622,0.411099011413919,0.64384330388305,2.67043514115049,2.67043514115049,1.08010854470004,0.43851621375224,1.27032432298651,1.08010854469869,0.832367584630939,1.29172260352179,2.72447590708459,0.662564046035071,0.664223612575511,0.414031758136644,1.29172260352179,0.664223612575511,1.29172260352179,0.149486673392998,0.664223612575511,1.29172260352179,1.29172260352179,1.29172260352179,0.120998677600679,0.664223612575511,1.29172260352179,1.29172260352179,1.29172260352179,1.29172260352179,0.662564046035071
1.46643199968152,0.544915730154878,0.978278288902964,1.50800683022062,0.638768828512051,2.21729184064053,1.96883510285527,2.48050206627561,0.991608145779502,0.608177340250115,0.990921606375632,2.3660229770743,2.68521205171495,2.35209813995368,0.581879128601486,0.550186409273627,0.855578055850414,1.0238212777494,2.6193862686975,1.02382127772693,0.816603911972237,0.425391953152125,0.660799757479955,2.75214377792367,2.75214377792367,1.14172729723961,0.473390536521847,1.30881580315134,1.14172729725171,0.861329663871164,1.33091155941928,2.80549392228474,0.686003383058353,0.687451894678304,0.427918814680869,1.33091155941928,0.687451894678304,1.33091155941928,0.154735975536223,0.687451894678304,1.33091155941928,1.33091155941928,1.33091155941928,0.125265093920912,0.687451894678304,1.33091155941928,1.33091155941928,1.33091155941928,1.33091155941928,0.686003383058353
1.36725890478449,0.554454147939704,0.962831993152979,1.4361848458273,0.681027677688636,2.03451690867608,1.82341425950881,2.33592202578677,0.979084498759061,0.601013728132158,0.975107527044428,2.26239715592413,2.55996477896179,2.23448627672199,0.592601471526257,0.601044011933305,0.843025696005009,1.0133950694,2.48886763415209,1.01339506941907,0.804432447942225,0.414913776209615,0.652724176721894,2.64341308040123,2.64341308040123,1.11866345094313,0.501994156936204,1.27912697195937,1.11866345096248,0.840859771051503,1.29999317810132,2.71630855527233,0.668403394284505,0.672374323546352,0.417787420747171,1.29999317810132,0.672374323546352,1.29999317810132,0.151073630040531,0.672374323546352,1.29999317810132,1.29999317810132,1.29999317810132,0.122230245128666,0.672374323546352,1.29999317810132,1.29999317810132,1.29999317810132,1.29999317810132,0.668403394284505
1.45925327393427,0.544269563130262,0.965814313368626,1.46515510596684,0.676443774323836,2.16977467685928,1.85479596068242,2.43690620161403,0.976958067348563,0.600228073963118,0.978903865482181,2.26275224923686,2.64607361652473,2.24852791142377,0.572621196639544,0.577914100400834,0.837043448707826,1.0067969600874,2.55204045412298,1.00679696007621,0.797386064299991,0.420689253205317,0.661992405547651,2.72455685404843,2.72455685404843,1.12087852740559,0.483441725247592,1.29771716266003,1.12087852740668,0.855668583019116,1.32456927977551,2.78101608529142,0.678237638717164,0.681121914445607,0.423828472292946,1.32456927977551,0.681121914445607,1.32456927977551,0.153212677598048,0.681121914445607,1.32456927977551,1.32456927977551,1.32456927977551,0.124023685243243,0.681121914445607,1.32456927977551,1.32456927977551,1.32456927977551,1.32456927977551,0.678237638717164
1.44577967409264,0.576307873286562,0.973790145211041,1.48860004322498,0.68015603377196,2.15474296014163,1.87130201507459,2.4226722681334,0.987516853226579,0.606620369153228,0.985241058867643,2.27385833561466,2.65007529875897,2.2614385431416,0.566075566852615,0.574271838746079,0.841720552866326,1.01501371235207,2.57068311562314,1.0150137123165,0.802024175364623,0.421232307756698,0.659212316392719,2.71706851508559,2.71706851508559,1.1358277898571,0.459813754064024,1.28701102259253,1.1358277898571,0.856404537954264,1.32025246175963,2.77013041995563,0.679191337557249,0.684768402853985,0.424628801901056,1.32025246175963,0.684768402853985,1.32025246175963,0.153548589456757,0.684768402853985,1.32025246175963,1.32025246175963,1.32025246175963,0.124373538601735,0.684768402853985,1.32025246175963,1.32025246175963,1.32025246175963,1.32025246175963,0.679191337557249
1.41978615216512,0.556530115230305,0.971739747929158,1.52340268230405,0.692260782538024,2.15129247816004,1.90686194935435,2.4302597074879,0.989128191458126,0.602870029449568,0.986034056373327,2.32987017683414,2.61294062592854,2.30879878283483,0.591476763313903,0.589747391787261,0.84546175690181,1.02367165300246,2.55221774324636,1.02367165299847,0.802625115369643,0.41754758308066,0.652070423475158,2.68970927954439,2.68970927954439,1.128252583395,0.498784883788747,1.29433550409232,1.12825258336171,0.844612712012436,1.31602045074077,2.74845307296913,0.674191555593431,0.675302773641659,0.420601554518442,1.31602045074077,0.675302773641659,1.31602045074077,0.151914510543532,0.675302773641659,1.31602045074077,1.31602045074077,1.31602045074077,0.122954067868799,0.675302773641659,1.31602045074077,1.31602045074077,1.31602045074077,1.31602045074077,0.674191555593431
