Animal_1,Animal_2,Animal_3,Animal_4,Animal_5,Animal_6,Animal_7,Animal_8,Animal_9,Animal_10,Animal_11,Animal_12,Animal_13,Animal_14,Animal_15,Animal_16,Animal_17,Animal_18,Animal_19,Animal_20,Animal_21,Animal_22,Animal_23,Animal_24,Animal_25,Animal_26,Animal_27,Animal_28,Animal_29,Animal_30,Animal_31,Animal_32,Animal_33,Animal_34,Animal_35,Animal_36,Animal_37,Animal_38,Animal_39,Animal_40,Animal_41,Animal_42,Animal_43,Animal_44,Animal_45,Animal_46,Animal_47,Animal_48,Animal_49,Animal_50
18.1987453493873,5.57363847655783,8.59867733341698,21.6053304273481,7.8719098923152,23.2686799965917,26.8331439882383,30.0506894287026,10.6744584165367,7.64422100845458,11.0243553136127,34.8373417817015,36.1630051859037,35.0634460641369,3.74014065622465,3.84039596570367,8.00363665233971,12.5085165696153,35.9692404576067,12.5085165694659,5.29689386470478,2.62818375994495,11.2424005738753,45.0031997320596,45.0031997320596,13.2467814322333,3.25768389358387,4.87193499528666,13.2467814320707,35.7600441856561,6.94751488932942,63.7129389206052,4.86110471738858,4.58867403935905,3.72810302458727,6.94751488932942,4.58867403935905,6.94751488932942,0.691054833523368,4.58867403935905,6.94751488932942,6.94751488932942,6.94751488932942,0.730859490502531,4.58867403935905,6.94751488932942,6.94751488932942,6.94751488932942,6.94751488932942,4.86110471738858
17.9094883417722,5.49514667291108,8.27267004996888,21.6476823671871,7.56326867603199,23.1706896159119,26.6833683819376,30.0676023718185,10.1864873037438,8.19303084421652,10.5809090498788,34.7223767970034,35.9167509847459,34.9221816665402,3.56263012752366,3.66645122948403,7.45537410282591,11.9241910341299,35.6652102638579,11.9241910342472,5.36109613800538,2.31951157912381,11.99729781294,44.5924710624968,44.5924710624968,12.8197089814214,3.14923893477163,4.74140402703335,12.8197089812617,36.3539531695938,6.75929090207232,63.1192152922547,4.7432654827247,5.15928926444671,3.29179597553059,6.75929090207232,5.15928926444671,6.75929090207232,0.630093717471161,5.15928926444671,6.75929090207232,6.75929090207232,6.75929090207232,0.729141819941519,5.15928926444671,6.75929090207232,6.75929090207232,6.75929090207232,6.75929090207232,4.7432654827247
18.8716222674328,6.38550786556856,9.40399395706116,22.6309162075284,8.69071398919462,23.969800964317,27.7861816076725,31.0123187935677,11.7073013733861,8.00005544440455,12.0773359122358,35.7914480006916,37.2332530864274,36.0543009175512,3.86274689308295,4.15312560622008,8.34919751665385,13.6809935001797,36.8897136462143,13.6809934986231,5.73445545850204,2.62182662899087,11.7203964496201,46.2483228661984,46.2483228661984,14.753435200811,3.40846645694546,5.0632695883348,14.7534352020052,37.6643225943094,7.23512336117545,65.4508174343798,5.32046025653523,5.28766748976994,3.72278488853195,7.23512336117545,5.28766748976994,7.23512336117545,0.670212761110155,5.28766748976994,7.23512336117545,7.23512336117545,7.23512336117545,0.815427831457596,5.28766748976994,7.23512336117545,7.23512336117545,7.23512336117545,7.23512336117545,5.32046025653523
20.1299270103315,5.90644291595904,8.72449233261586,24.3890931811018,7.90220279350684,26.6471331184956,30.1229447440031,34.0393443980215,10.8781518379588,8.14871010904539,11.2338423835931,39.1754658296749,40.4618008877841,39.379489604515,3.48121687389971,3.50591835545213,7.59905690556524,12.7214556580366,40.2661336149201,12.7214556569725,5.18598844013817,2.3711650791753,11.9392090055559,50.1109045559386,50.1109045559386,13.7744431854061,3.12226313633112,4.57994287638694,13.7744431859682,35.2222654419956,6.54004504451926,70.9128710859039,4.60030303286741,4.98386537165715,3.36608892795316,6.54004504451926,4.98386537165715,6.54004504451926,0.637057460286874,4.98386537165715,6.54004504451926,6.54004504451926,6.54004504451926,0.758429675766344,4.98386537165715,6.54004504451926,6.54004504451926,6.54004504451926,6.54004504451926,4.60030303286741
19.3027328814534,6.09110043237832,9.10573407479568,23.2640948351647,8.37481528813328,24.9774514434434,28.5410702935242,32.0913280899598,11.3727928601152,8.13623060177461,11.7431471939387,36.9849579066103,38.4648270723504,37.1771431766385,3.6149152540935,3.76911253929933,8.28570757319685,13.2869708962814,38.1603783501474,13.2869708956479,5.43254306197935,2.62367908019605,11.9131387658809,47.7166304302845,47.7166304302845,14.0812344081635,3.1152395852699,4.65182586047816,14.0812344058434,38.441030858451,6.62983625703092,67.5286871341601,5.07176964471197,5.23087576833329,3.7199858522712,6.62983625703092,5.23087576833329,6.62983625703092,0.654104747903809,5.23087576833329,6.62983625703092,6.62983625703092,6.62983625703092,0.774178069449675,5.23087576833329,6.62983625703092,6.62983625703092,6.62983625703092,6.62983625703092,5.07176964471197
19.6525831977592,6.12036656674525,9.07850225054998,23.749295209802,8.34209497511687,25.5807518567587,29.2440281888654,33.0503538508007,11.3033901737322,8.54672725250334,11.6872765323273,37.926198455972,39.369339697365,38.1198907660467,3.60602951155974,3.8978390447235,8.29610404977159,13.2116182660189,39.0060134018724,13.211618265252,5.60729672426119,2.42643748570103,12.518421044511,48.8327351768222,48.8327351768222,14.0434413781414,3.13146743034442,4.77141854357188,14.0434413792846,37.5344338870483,6.80982130462894,69.103804129929,5.36181465581176,5.31524935407132,3.44419915918289,6.80982130462894,5.31524935407132,6.80982130462894,0.666367714647376,5.31524935407132,6.80982130462894,6.80982130462894,6.80982130462894,0.830098710789093,5.31524935407132,6.80982130462894,6.80982130462894,6.80982130462894,6.80982130462894,5.36181465581176
19.6902834904765,6.28459873008249,9.3614679422011,23.527997332286,8.57949727439759,25.3917334986193,29.1086519580527,32.7004706966646,11.7401393709046,8.23405581002762,12.0630077756118,37.5528938679734,39.0886899890774,37.7908233085726,3.66650539588588,3.82947268210938,8.23168685413617,13.7011563102366,38.803276380402,13.701156310576,5.35435635751971,2.54799252317123,12.0167518449874,48.4314952865926,48.4314952865926,14.7433737793377,3.148594261622,4.75916015081045,14.7433737795399,35.0146773629141,6.80299514319172,68.5415473148893,4.92356691484991,4.91744336408986,3.61754196021004,6.80299514319172,4.91744336408986,6.80299514319172,0.630536641781587,4.91744336408986,6.80299514319172,6.80299514319172,6.80299514319172,0.747851377936486,4.91744336408986,6.80299514319172,6.80299514319172,6.80299514319172,6.80299514319172,4.92356691484991
18.8943722151939,6.19109761859681,9.18531245227555,22.8438552957996,8.49619666266191,24.34442407963,27.9570638537844,31.2520460060883,11.5306667823392,8.52014997486779,11.8557968275491,36.083867019797,37.5019421319438,36.2946984821753,3.59410678523501,3.65239925263734,7.92818422385519,13.4695921520542,37.2490389407765,13.4695921518601,5.21856870806978,2.59403916343775,12.434036815477,46.533533059628,46.533533059628,14.6076189147977,3.11512019235662,4.61448690314241,14.6076189148185,36.6968843229325,6.59274927824519,65.8555487606333,4.81893245544641,4.81574458573382,3.68098801433626,6.59274927824519,4.81574458573382,6.59274927824519,0.645136463626733,4.81574458573382,6.59274927824519,6.59274927824519,6.59274927824519,0.754177936402363,4.81574458573382,6.59274927824519,6.59274927824519,6.59274927824519,6.59274927824519,4.81893245544641
19.1405026847251,5.99138656160426,9.05498063430711,23.3408886956866,8.46297113593511,24.9026364783865,28.3764441670525,32.0145392315225,11.2742465637537,8.35309032056567,11.5806538459429,36.6360555631205,38.1280219706435,36.8469588755414,3.80416465187513,3.82980698834735,8.27961580465447,13.168025763685,37.8952221967831,13.1680257644233,5.37450402409243,2.33884678445771,12.2496382437076,47.2731502105878,47.2731502105878,14.0131657736833,3.50936854995841,5.09319619915885,14.0131657753576,39.1324438472671,7.27510987339403,66.9123479264719,4.73348940608367,4.55126889739091,3.3240126465977,7.27510987339403,4.55126889739091,7.27510987339403,0.63413165314184,4.55126889739091,7.27510987339403,7.27510987339403,7.27510987339403,0.718202958628487,4.55126889739091,7.27510987339403,7.27510987339403,7.27510987339403,7.27510987339403,4.73348940608367
17.7445647737223,5.46452612510558,8.43130558135839,21.4191851590707,7.75863089761636,22.8876219553426,26.2859201509032,29.5526077220977,10.498588770128,8.07773961661324,10.8582372340862,34.1175026664988,35.5030559785973,34.3388433187882,3.43098600737101,3.5596337372747,7.68396798697438,12.2697245909668,35.1286269704694,12.2697245911639,5.2331105513541,2.4836000162126,11.8601108331201,44.0644185332947,44.0644185332947,13.0629114687429,2.92117189966867,4.39445300350266,13.0629114688848,40.3547524192833,6.28313380339563,62.3724941506315,5.04841715567775,4.9822090392986,3.52516553349805,6.28313380339563,4.9822090392986,6.28313380339563,0.614187693682451,4.9822090392986,6.28313380339563,6.28313380339563,6.28313380339563,0.732339118165088,4.9822090392986,6.28313380339563,6.28313380339563,6.28313380339563,6.28313380339563,5.04841715567775
19.7294374040974,6.08862330025151,9.01367107711333,23.8154800826699,8.27066479650796,25.7744444340446,29.3397990939056,33.0544980686357,11.2069555088143,8.19412476392593,11.5448153303513,38.0108671420337,39.298493880028,38.1997596430107,3.76344054853647,3.90379019946541,7.99598395318583,13.1099463747722,39.0892074688402,13.1099463734898,5.43913483760837,2.35175158331302,12.0129322784327,48.7438800927036,48.7438800927036,14.1784959333611,3.47917249823865,5.06060867675035,14.1784959339588,39.1954130020038,7.21131214490676,68.9940128322414,4.8537996848595,4.74626985785355,3.33815711823114,7.21131214490676,4.74626985785355,7.21131214490676,0.667135274649259,4.74626985785355,7.21131214490676,7.21131214490676,7.21131214490676,0.757652007242415,4.74626985785355,7.21131214490676,7.21131214490676,7.21131214490676,7.21131214490676,4.8537996848595
19.8610671429205,5.79116318981019,8.66720937666194,24.0005363891093,7.90694233329356,25.9086244492875,29.4775566872274,33.3196296940317,10.6783759661601,7.57196849375149,11.0581560346978,38.4052417221435,39.7600896277902,38.6554975478385,3.84272014631264,4.02109377161503,8.02641810357021,12.4910558870736,39.4969907217016,12.4910558875331,5.57425919851603,2.53675456125473,11.118627567482,49.2639935364049,49.2639935364049,13.272849064923,3.43386484721176,5.073219090137,13.2728490657346,36.5022116677599,7.23290898546172,69.7069269957707,4.93569270463994,5.12254548486683,3.59960457509501,7.23290898546172,5.12254548486683,7.23290898546172,0.647149445261855,5.12254548486683,7.23290898546172,7.23290898546172,7.23290898546172,0.819033158657672,5.12254548486683,7.23290898546172,7.23290898546172,7.23290898546172,7.23290898546172,4.93569270463994
19.193878256636,5.83042215808104,8.74245437226942,23.4535634681526,8.1058901625373,25.2049620824992,28.6655229075522,32.4082044997864,10.9407326158865,8.42410163966534,11.2841765338998,37.1730777811156,38.5300926231861,37.3578267082243,3.37597076719347,3.69622657448984,7.88447606099216,12.7987524169306,38.2567488476338,12.7987524174668,5.17670598295656,2.27396497725167,12.2762103413231,47.8193263326855,47.8193263326855,13.6622582261644,2.96464740255232,4.48547508941398,13.6622582260463,34.5175362125752,6.41313690818078,67.6728607651746,4.96635511200318,4.74831193629593,3.23014638532443,6.41313690818078,4.74831193629593,6.41313690818078,0.6616759011159,4.74831193629593,6.41313690818078,6.41313690818078,6.41313690818078,0.773497999551209,4.74831193629593,6.41313690818078,6.41313690818078,6.41313690818078,6.41313690818078,4.96635511200318
20.1261163669666,6.01261031358641,8.8914136951779,24.4847798862322,8.2082921451826,26.3415099732909,29.8635966903335,33.6452045822965,11.1928970827261,7.55048620069586,11.5209723338543,38.9545295257926,40.2372817979912,39.1186348678989,3.41121408347045,3.62772813101766,7.69656690381927,13.0953369087041,39.955308931465,13.0953369090331,5.08531327515839,2.60121907372249,11.0908116117473,49.9078405689923,49.9078405689923,14.2132031984237,2.85245834749575,4.32430337225201,14.2132031990479,40.2711653538338,6.16612307687045,70.6325807552212,5.06889596455664,4.60690159804133,3.68750275958266,6.16612307687045,4.60690159804133,6.16612307687045,0.671676322116871,4.60690159804133,6.16612307687045,6.16612307687045,6.16612307687045,0.754203865281822,4.60690159804133,6.16612307687045,6.16612307687045,6.16612307687045,6.16612307687045,5.06889596455664
19.533659837694,5.55292702474274,8.63703329129718,23.6449255434757,7.94623114413381,25.3845792213071,28.9281361860486,32.7200898614573,10.7422770089649,8.03150858566155,11.0919115056796,37.6892327388249,39.1521326056587,37.9138039111395,3.62380577587203,3.79034029556111,8.10237597916149,12.5479022105465,38.8048652302348,12.5479022101835,5.35400796210509,2.59431673020836,11.7601809823535,48.4843293503238,48.4843293503238,13.1745560714834,3.03257403409257,4.64750286301347,13.1745560716603,38.1948041912872,6.65440095116065,68.5984809984952,5.09332503397375,4.92848863730707,3.68412293760609,6.65440095116065,4.92848863730707,6.65440095116065,0.619543546937167,4.92848863730707,6.65440095116065,6.65440095116065,6.65440095116065,0.679197512725319,4.92848863730707,6.65440095116065,6.65440095116065,6.65440095116065,6.65440095116065,5.09332503397375
17.8491723981565,5.9757549800816,8.84015849852071,21.6198899508186,8.21163678086911,22.8562236914821,26.3772317665465,29.559607589195,11.0320775005509,7.94168091712602,11.4127534308532,34.017826922685,35.5071748608425,34.2320412667221,3.45229023852522,3.6036748233545,8.0123257015715,12.8948656667938,35.1969575827955,12.8948656665855,5.33148114833753,2.47229320993135,11.6596260599246,44.1353912684197,44.1353912684197,13.6953814949418,2.97987694715436,4.46408189829056,13.6953814949732,38.1398324704529,6.38052776943215,62.4761128173372,4.97821412397536,5.26154777720404,3.50915043024905,6.38052776943215,5.26154777720404,6.38052776943215,0.645536145757565,5.26154777720404,6.38052776943215,6.38052776943215,6.38052776943215,0.786911704261599,5.26154777720404,6.38052776943215,6.38052776943215,6.38052776943215,6.38052776943215,4.97821412397536
19.0039758592246,5.57824707009679,8.45513557436431,22.7147427355646,7.67252558471218,24.6834904761874,28.2000695678216,31.7995064125809,10.5245902689365,7.82222246446972,10.8553384818741,36.835117718349,38.1158985285109,37.0084309324055,3.57694569524231,3.6725799371751,7.61995647564742,12.3032952408582,37.8186392068814,12.3032952413964,5.16561346491501,2.5686813644381,11.4584501096233,47.2331848842528,47.2331848842528,13.1916322718988,3.01429817138071,4.59232272312872,13.1916322719932,37.5251272976163,6.55311763237532,66.8508652495221,4.83717133068678,4.66091075998878,3.64364970275438,6.55311763237532,4.66091075998878,6.55311763237532,0.616761717147232,4.66091075998878,6.55311763237532,6.55311763237532,6.55311763237532,0.705819340194002,4.66091075998878,6.55311763237532,6.55311763237532,6.55311763237532,6.55311763237532,4.83717133068678
18.0033776462735,5.76843389823259,8.69594663558607,21.6954827442197,8.01553167829655,22.9957110143321,26.6848624502833,29.901072434706,10.8108670134456,8.5312898871912,11.2117637370577,34.5322723108798,35.7660118025223,34.7421212804327,3.44982811180618,3.72106541395653,7.70469064928468,12.6527269165869,35.4389728770145,12.6527269147469,5.44517971453432,2.38580158004091,12.4767830028921,44.4684336247129,44.4684336247129,13.6489608901362,2.94366395307426,4.53706951081796,13.6489608895702,37.5260201447072,6.4870595644923,62.9240697747076,5.18484626689007,5.32175231806205,3.38803969886956,6.4870595644923,5.32175231806205,6.4870595644923,0.6655397466966,5.32175231806205,6.4870595644923,6.4870595644923,6.4870595644923,0.711396729087507,5.32175231806205,6.4870595644923,6.4870595644923,6.4870595644923,6.4870595644923,5.18484626689007
17.8956975438836,5.48423053762036,8.37254258718312,21.3413267415644,7.64022195559191,23.1383028990706,26.567413276788,29.8324512731479,10.3920265523957,8.08204315418475,10.7438561935866,34.485105136858,35.8110943377865,34.7227929595249,3.59914872685995,3.7114668917378,7.85771286325212,12.1802065775023,35.6283883206902,12.1802065767641,5.17641372215583,2.50696075903025,11.8314845009886,44.5587220188049,44.5587220188049,12.8357448995249,3.16362422568111,4.71189530680525,12.835744898955,34.6865410220567,6.72709766284626,63.0697968141421,4.76570223851399,4.55414766473182,3.55794937467025,6.72709766284626,4.55414766473182,6.72709766284626,0.681811180578789,4.55414766473182,6.72709766284626,6.72709766284626,6.72709766284626,0.806455467625888,4.55414766473182,6.72709766284626,6.72709766284626,6.72709766284626,6.72709766284626,4.76570223851399
18.6512932217702,6.20195450763982,9.19470095521302,22.4917943416848,8.54899101718589,23.8497485706138,27.5953276758908,30.8785240926646,11.5510144864957,8.19575010115292,11.9040389817203,35.5810870161305,36.9992887067891,35.7680157975591,3.45812810603631,3.69556931566701,8.06123785981409,13.5094998465455,36.7517017901415,13.5094998467234,5.25173631111645,2.48651153936094,11.974507707547,46.0162830042612,46.0162830042612,14.5389211715703,2.91778387302867,4.50364087124327,14.5389211715929,35.2360330706377,6.42107643494763,65.1489438284094,4.98313383923825,4.96016296763365,3.52634986020904,6.42107643494763,4.96016296763365,6.42107643494763,0.684300721297007,4.96016296763365,6.42107643494763,6.42107643494763,6.42107643494763,0.758725954540791,4.96016296763365,6.42107643494763,6.42107643494763,6.42107643494763,6.42107643494763,4.98313383923825
19.4787336915091,6.2690082597588,9.05437181123714,23.3960831999214,8.2887417008724,25.1947845004009,28.9095972762261,32.4931440164088,11.3159628994504,8.47851954423542,11.6660202171219,37.4928829599044,38.8618968885753,37.7249154227604,3.62256682252428,3.79573783655988,7.98571005058389,13.2294235600186,38.5284209412069,13.2294235596636,5.4307057110905,2.54899806794047,12.4230572437945,48.2063957888642,48.2063957888642,14.2952208210656,3.09563176996538,4.70553537349782,14.2952208205464,34.0611123506075,6.72270257163032,68.2210955070243,5.21198257150428,4.97448934563797,3.61795326901033,6.72270257163032,4.97448934563797,6.72270257163032,0.659971471161749,4.97448934563797,6.72270257163032,6.72270257163032,6.72270257163032,0.698126651509507,4.97448934563797,6.72270257163032,6.72270257163032,6.72270257163032,6.72270257163032,5.21198257150428
17.6405167761005,5.56963459247653,8.61191065891397,20.9503710341931,7.87126319216944,22.500038977455,26.0559742309922,29.1642939108734,10.7071153439818,8.08274459320686,11.1197295242655,33.701513317759,34.9855815356203,33.8920197638836,3.42274919940425,3.66857893135044,7.92626144236882,12.5466418318057,34.6987545926933,12.5466418331874,5.40430129250642,2.44122562144335,11.889409528603,43.596490848192,43.596490848192,13.3007652996037,2.95040214299839,4.48625975387469,13.3007653003052,35.7458817769198,6.39660694863985,61.6982476804421,5.21203974085637,5.25039092993181,3.46248819277254,6.39660694863985,5.25039092993181,6.39660694863985,0.698347177979309,5.25039092993181,6.39660694863985,6.39660694863985,6.39660694863985,0.700341276238046,5.25039092993181,6.39660694863985,6.39660694863985,6.39660694863985,6.39660694863985,5.21203974085637
20.2435594356695,6.30244089876475,9.0602631226687,24.7816120993092,8.37262498799658,26.5089812006585,30.206245882001,34.0519138254803,11.323311681575,7.88893462591545,11.6968782912504,39.185685721265,40.4618246924522,39.3936344845994,3.49349455021202,3.75466393013554,7.78794326291529,13.2524647966517,40.2521572984788,13.2524647972502,5.34313976200415,2.35980001784234,11.544040132562,50.1938432535196,50.1938432535196,14.4226366157364,3.07770921689645,4.63858250256333,14.4226366158578,40.6665808500707,6.62289728286865,71.0376603055335,4.88190435252159,5.13096630884461,3.35016677343038,6.62289728286865,5.13096630884461,6.62289728286865,0.681656425781528,5.13096630884461,6.62289728286865,6.62289728286865,6.62289728286865,0.808070432603229,5.13096630884461,6.62289728286865,6.62289728286865,6.62289728286865,6.62289728286865,4.88190435252159
18.1076557998117,6.26781395226177,9.01469466280947,21.8078994707703,8.32332062014941,23.1659219881691,26.8379859836687,29.9530413560408,11.2447412362314,8.53227039739732,11.6190946968432,34.5042383349761,35.7606760598088,34.7302466324121,3.52092141226428,3.82479260229065,7.78053433668794,13.1573337696044,35.4908611694865,13.1573337698709,5.43013585688303,2.32557093666327,12.4443069121258,44.4757248199558,44.4757248199558,14.3342865692212,3.15657244338176,4.70424799202871,14.3342865690662,35.5118569762899,6.70065825102427,62.9471144462411,5.05429760992665,5.15243163638666,3.29899710459989,6.70065825102427,5.15243163638666,6.70065825102427,0.673995751467587,5.15243163638666,6.70065825102427,6.70065825102427,6.70065825102427,0.765557045244492,5.15243163638666,6.70065825102427,6.70065825102427,6.70065825102427,6.70065825102427,5.05429760992665
18.2157242593371,6.02989745681054,8.94427840109476,21.6404805481379,8.12701929714564,23.3702541172805,26.9791674970113,30.1252146660999,11.1545595207486,8.47299391892735,11.4788486460782,34.8721180212921,36.1582244386983,35.090313544211,3.7028394798999,3.77177901729163,7.72207980698497,13.0289249021359,35.8186562030175,13.0289249011849,5.38202210353526,2.52430527973397,12.4107909537236,44.8544826251089,44.8544826251089,14.2317930772011,3.27740353748282,4.8189508079923,14.2317930765371,37.8081788061367,6.88781029015344,63.4836837598875,5.01052089575122,4.81323205055422,3.58446607996335,6.88781029015344,4.81323205055422,6.88781029015344,0.617498861335906,4.81323205055422,6.88781029015344,6.88781029015344,6.88781029015344,0.790089932795311,4.81323205055422,6.88781029015344,6.88781029015344,6.88781029015344,6.88781029015344,5.01052089575122
17.5023126898009,5.60931464765497,8.52035687523192,20.6781891931661,7.74675351545793,22.456607966045,25.7711549054121,28.8837035910055,10.5206067706595,8.25259003524003,10.8372600074942,33.478728975862,34.8237753165026,33.7144543934866,3.89652239420521,4.02862696167761,7.90843605602174,12.2933535239391,34.4312446582379,12.2933535244893,5.47877366557664,2.5931650995638,12.0868942311147,43.2239059721544,43.2239059721544,13.1281056532795,3.57936648829941,5.09844036749596,13.1281056524699,36.8884686231356,7.28195120398453,61.1739489590175,5.12108011610385,4.5326589347232,3.68180903989052,7.28195120398453,4.5326589347232,7.28195120398453,0.610676513304385,4.5326589347232,7.28195120398453,7.28195120398453,7.28195120398453,0.752168746094682,4.5326589347232,7.28195120398453,7.28195120398453,7.28195120398453,7.28195120398453,5.12108011610385
20.4417382817099,6.16942260985739,9.13062423182751,25.0287436364688,8.49631317850285,26.6705144556727,30.3639905477518,34.2752724322099,11.459665412656,7.43688023419165,11.7700281849473,39.4460815313134,40.7278496478103,39.6343178810135,3.51956703355395,3.77917658413707,7.68993708057361,13.3792894764987,40.353579022061,13.3792894761932,5.30234215060374,2.37054543778278,10.9662702284991,50.4028073478486,50.4028073478486,14.709093924952,3.03088801834793,4.63566164424163,14.7090939248466,39.1734225282823,6.60889602238756,71.3267447129878,5.161112252157,4.72634094964267,3.36332013599352,6.60889602238756,4.72634094964267,6.60889602238756,0.619470733491749,4.72634094964267,6.60889602238756,6.60889602238756,6.60889602238756,0.789335275228375,4.72634094964267,6.60889602238756,6.60889602238756,6.60889602238756,6.60889602238756,5.161112252157
17.2651735191716,5.38383840798721,8.28610681190244,20.4563510942351,7.53674578860604,22.2233671624121,25.5405101830797,28.7262289491675,10.2740929997472,7.80248382441528,10.6235624218318,33.1085018593219,34.445909230174,33.3438644636948,3.49883189957715,3.80031085050441,7.5935680819787,12.0174267801315,34.0824308137004,12.0174267800797,5.26449965456085,2.34938034605258,11.4156496266659,42.8037735255767,42.8037735255767,12.8425414342942,3.11863027009212,4.60301656407399,12.8425414344257,40.6497132665177,6.58658854982342,60.5994198270662,5.03389709004112,4.76530741803564,3.33820465537557,6.58658854982342,4.76530741803564,6.58658854982342,0.622544677395414,4.76530741803564,6.58658854982342,6.58658854982342,6.58658854982342,0.696138723613962,4.76530741803564,6.58658854982342,6.58658854982342,6.58658854982342,6.58658854982342,5.03389709004112
18.2992146479914,6.00758939461185,9.10585410782477,21.9027469003258,8.44810650753593,23.3262865184174,26.948365502543,30.2184015688826,11.4512025878126,7.55655613545038,11.7757572800546,34.6107745039701,36.1551734357909,34.8358862859687,3.38416579345094,3.68480543794562,8.06169425581373,13.3654246067696,35.7798901064413,13.3654246066674,5.22595645785101,2.38546134943776,11.0985360704163,44.8751069085399,44.8751069085399,14.3319506310563,2.85547634447426,4.42043062183134,14.3319506311258,35.9651152654561,6.29793559436124,63.5088673012674,5.12645561021563,4.87543221656081,3.38238527939751,6.29793559436124,4.87543221656081,6.29793559436124,0.625810260823304,4.87543221656081,6.29793559436124,6.29793559436124,6.29793559436124,0.72118807928343,4.87543221656081,6.29793559436124,6.29793559436124,6.29793559436124,6.29793559436124,5.12645561021563
20.0290242791152,5.61128707209623,8.48778516753744,24.3135687718598,7.70605650559232,26.5646997868534,29.9910644944599,34.0616671846547,10.4892108436127,7.79908077891666,10.8708658768129,39.1180170085697,40.4236254723163,39.3108408789155,3.57539591826597,3.66393761354544,7.71231748077633,12.2768422800275,40.1952696538896,12.276842278837,5.35872967590191,2.28275888207713,11.4839811352606,50.0915394894101,50.0915394894101,13.1256811139803,3.26210163955303,4.79653654360091,13.1256811138449,34.9842644116637,6.84009172066188,70.9113113052665,4.73956091470081,5.06952841834103,3.24066414155645,6.84009172066188,5.06952841834103,6.84009172066188,0.64648757099294,5.06952841834103,6.84009172066188,6.84009172066188,6.84009172066188,0.800916826166177,5.06952841834103,6.84009172066188,6.84009172066188,6.84009172066188,6.84009172066188,4.73956091470081
18.5662886210967,5.93815159329771,8.93119664852101,22.3151811483754,8.23124053500308,24.1227847448583,27.4638396237063,30.9332449749044,11.1219642570778,8.05264971682899,11.4238139420037,35.4657630154074,36.9630209906918,35.6789098691236,3.75281716295134,3.877864447994,8.06486075975351,12.9846851405979,36.6821722000754,12.9846851407626,5.31499535861048,2.37543496505132,11.7750361124051,45.8299713986481,45.8299713986481,13.9057495226599,3.50474074334412,4.99605184107147,13.9057495221375,39.2589823313703,7.12121163193689,64.88192521975,4.74303226885513,4.54028588654911,3.37152914841224,7.12121163193689,4.54028588654911,7.12121163193689,0.611826311136916,4.54028588654911,7.12121163193689,7.12121163193689,7.12121163193689,0.726828383470879,4.54028588654911,7.12121163193689,7.12121163193689,7.12121163193689,7.12121163193689,4.74303226885513
18.378359663505,6.02818368762481,9.03642580343167,22.2172652930275,8.42101558628561,23.5492755471615,27.1437083174097,30.363127840782,11.3584765968043,7.8713588626915,11.7098510081558,34.864683798051,36.2786420393478,35.0851748292482,3.33106824341467,3.61139579227707,7.97448448596052,13.2830422468851,36.0266457211376,13.283042246424,5.1719023304362,2.37531268588834,11.5283026516588,45.1067328032757,45.1067328032757,14.25468456603,2.86164084797973,4.36479365514722,14.2546845662428,40.3212299843929,6.22434321688507,63.8324823556711,4.97995310854256,4.92749257054239,3.36907404970665,6.22434321688507,4.92749257054239,6.22434321688507,0.673325902718375,4.92749257054239,6.22434321688507,6.22434321688507,6.22434321688507,0.716786237040675,4.92749257054239,6.22434321688507,6.22434321688507,6.22434321688507,6.22434321688507,4.97995310854256
19.6803096560876,6.15538424212675,8.9040657294098,23.8281845864663,8.14099315457558,25.8016566953236,29.3588709310692,33.155423787135,11.1429017157143,7.90400843600536,11.4817278180853,38.0646798732903,39.383098583962,38.2631701614089,3.40918356895957,3.57554747489979,7.58877405845181,13.0155102097101,39.1111213584688,13.0155102087043,5.20259430639452,2.26908134244028,11.5821927432683,48.7734980349704,48.7734980349704,14.1953851516144,3.00117062610519,4.52527604139469,14.1953851516011,35.581749578743,6.45007148110158,69.0223296763614,4.76906210140944,4.98500887287998,3.21940209890107,6.45007148110158,4.98500887287998,6.45007148110158,0.616383555069934,4.98500887287998,6.45007148110158,6.45007148110158,6.45007148110158,0.769142272840603,4.98500887287998,6.45007148110158,6.45007148110158,6.45007148110158,6.45007148110158,4.76906210140944
20.0286675941469,5.95279102710867,8.91525369329871,24.1415561931236,8.17500926804698,25.8635601173937,29.5864473228525,33.3200653789016,11.0367568685277,7.45349954029777,11.4178186550098,38.5163344521163,39.821786208593,38.728890702183,3.82485388020474,3.89865551527923,7.9736325863073,12.9157420172527,39.6009507631689,12.915742016756,5.55466391400261,2.59662063834309,11.0083501887716,49.3852914165459,49.3852914165459,13.9167039402857,3.35802229772822,5.03069372018006,13.9167039398874,41.2446357896989,7.17333494591133,69.8842726131782,4.9053001332721,5.16320959047216,3.68393717663968,7.17333494591133,5.16320959047216,7.17333494591133,0.671026510754705,5.16320959047216,7.17333494591133,7.17333494591133,7.17333494591133,0.706507095775775,5.16320959047216,7.17333494591133,7.17333494591133,7.17333494591133,7.17333494591133,4.9053001332721
18.8368192855905,6.30014851433047,9.01857161192181,22.6667907264432,8.25856743440711,24.3849233695796,28.0128795070141,31.3714788705071,11.2600713264723,8.24135618180043,11.6267471106229,36.0701326179833,37.3337081608773,36.2960585108842,3.49891617825666,3.55944888605252,7.71710229716487,13.1753468611527,37.1750611843915,13.1753468599445,5.28889343347343,2.28417139372042,12.0905166476179,46.3713851277454,46.3713851277454,14.3546325759931,3.17601992881562,4.68868811776694,14.354632576208,39.0925381786847,6.69254032468689,65.646939688659,4.64866191811799,5.10021749665375,3.24345187083635,6.69254032468689,5.10021749665375,6.69254032468689,0.667915234667052,5.10021749665375,6.69254032468689,6.69254032468689,6.69254032468689,0.755001481927788,5.10021749665375,6.69254032468689,6.69254032468689,6.69254032468689,6.69254032468689,4.64866191811799
17.9178841562359,6.21412756711047,9.00327335719632,21.3744747547769,8.30966765991047,22.7495659691076,26.4134770517867,29.4844520218559,11.2645396907158,8.19467530676896,11.6222910189505,33.9745497542045,35.3209920434298,34.1868508119476,3.48134918813151,3.8034728965454,7.87043230997373,13.175012035589,35.0117357386912,13.175012034813,5.34703922820778,2.3915113851803,11.9734436385913,43.9491817575858,43.9491817575858,14.2653152077117,3.03255355586601,4.59202120711468,14.2653152070838,40.7433131500171,6.56147415361319,62.2027316265322,5.11208343836458,4.99588112189922,3.39552598211602,6.56147415361319,4.99588112189922,6.56147415361319,0.668674842185057,4.99588112189922,6.56147415361319,6.56147415361319,6.56147415361319,0.667657139465808,4.99588112189922,6.56147415361319,6.56147415361319,6.56147415361319,6.56147415361319,5.11208343836458
19.4948446676063,5.7292316030006,8.509911470608,23.4285633083808,7.71161110106386,25.5514463116425,28.9286481445036,32.7404969824097,10.4530925889262,7.57841712920988,10.8247996459331,37.7554571759709,39.0051516361227,37.9571372176957,3.8388386243132,4.03499792729964,7.88101900248022,12.2226415743711,38.6803146645018,12.2226415746996,5.60633467923575,2.41881733041306,11.1537244994768,48.3088741062756,48.3088741062756,13.0408516616997,3.57750054947827,5.10545309563089,13.0408516613273,39.3577778306161,7.28233766833197,68.3747002551063,5.04661828964107,5.04784100726335,3.43440484232994,7.28233766833197,5.04784100726335,7.28233766833197,0.623352651941286,5.04784100726335,7.28233766833197,7.28233766833197,7.28233766833197,0.740278387404481,5.04784100726335,7.28233766833197,7.28233766833197,7.28233766833197,7.28233766833197,5.04661828964107
20.2775829933219,6.10641346156712,9.03138644514243,24.4614440942203,8.28970272441485,26.4526788414461,30.1032721430776,33.9629476128731,11.2801314091224,7.31732946552689,11.6198975032034,39.1212777033858,40.3771095310998,39.296015129845,3.61973886235397,3.78327595234429,7.80797826150965,13.1986953878164,40.1515339843137,13.198695387509,5.32692376862512,2.37873751547449,10.8150143104792,50.077688203115,50.077688203115,14.385833212308,3.22473351218486,4.82260602509187,14.3858332124559,38.1315274922885,6.88238009818045,70.8792911438502,4.88929498997492,4.75851974443049,3.37719590121324,6.88238009818045,4.75851974443049,6.88238009818045,0.673775297884528,4.75851974443049,6.88238009818045,6.88238009818045,6.88238009818045,0.787393714852959,4.75851974443049,6.88238009818045,6.88238009818045,6.88238009818045,6.88238009818045,4.88929498997492
19.6831859586507,6.29215684490745,9.01337008472125,23.6833891896029,8.31782537231573,25.4520342282358,29.1012515577692,32.7598692292153,11.2122737239739,7.41570084507427,11.537214405422,37.7341573813733,38.9846695998558,37.9651052237178,3.7986766556054,3.97559423927588,7.87570639007324,13.1182705920919,38.7082446929904,13.1182705921025,5.48410352875682,2.36231181937656,10.9853243378777,48.3710753179912,48.3710753179912,14.3253659819003,3.45634088375015,5.10033903743838,14.3253659817335,39.2924861053383,7.28668545935221,68.4594337898272,5.0792388217457,4.57593733277015,3.35732085078351,7.28668545935221,4.57593733277015,7.28668545935221,0.668952525974002,4.57593733277015,7.28668545935221,7.28668545935221,7.28668545935221,0.686214817923745,4.57593733277015,7.28668545935221,7.28668545935221,7.28668545935221,7.28668545935221,5.0792388217457
19.5197232730535,5.50840503101901,8.48680144777043,23.6608927096682,7.77412039426268,25.8052707708979,29.2298437133952,33.2354881719692,10.5447492460812,8.35631789703631,10.8658447187912,37.9769453321823,39.4401086344929,38.2167063419633,3.55045647376442,3.69077926539553,7.94058035954901,12.3251357513881,39.1543557196068,12.3251357478658,5.21396814238697,2.23817135337679,12.235006164661,48.8510750110248,48.8510750110248,12.9947533377441,3.1386714353195,4.77053898443919,12.9947533360939,34.2330048783001,6.79438490179219,69.1393211586892,4.84063083996362,4.52850345964808,3.17582781303159,6.79438490179219,4.52850345964808,6.79438490179219,0.622581762212398,4.52850345964808,6.79438490179219,6.79438490179219,6.79438490179219,0.788056431574434,4.52850345964808,6.79438490179219,6.79438490179219,6.79438490179219,6.79438490179219,4.84063083996362
19.4455068878797,5.53329386215688,8.39690219221781,23.7138559249012,7.73418205641516,25.5932689981585,28.9207068063417,32.7977486778201,10.4254109791461,7.50346411732427,10.7590535349415,37.6505336633561,39.05643020194,37.860716685381,3.54002952403996,3.64326159305997,7.78385736733905,12.1875202861031,38.8178726789976,12.1875202865627,5.1470044039706,2.35566583609659,11.0186513511291,48.3752258519233,48.3752258519233,12.8825531938288,3.1630822705815,4.67296044297417,12.8825531938539,34.6673318579134,6.66942140891557,68.4669452300121,4.62837312968116,4.6715608435847,3.34391919978835,6.66942140891557,4.6715608435847,6.66942140891557,0.614349979411274,4.6715608435847,6.66942140891557,6.66942140891557,6.66942140891557,0.725947462524156,4.6715608435847,6.66942140891557,6.66942140891557,6.66942140891557,6.66942140891557,4.62837312968116
18.3088010106442,5.70154971617499,8.41657606031651,21.867088601358,7.66413250714848,23.6107498567272,27.1019374007767,30.4138296754939,10.4396836042733,7.4060764084382,10.8275567986596,35.3559685030705,36.4762933848032,35.5321955595331,3.5333653142109,3.74089405942779,7.47863250653202,12.2435185870655,36.246824358316,12.2435185860298,5.29156575786992,2.50093839968657,10.9038503669748,45.3884776026802,45.3884776026802,13.247630266392,3.10624331797599,4.61669611490504,13.2476302659837,40.9079927748732,6.59521668079112,64.2521791727951,4.945611991646,4.94153097311866,3.54958599219682,6.59521668079112,4.94153097311866,6.59521668079112,0.689037341559919,4.94153097311866,6.59521668079112,6.59521668079112,6.59521668079112,0.678388561356826,4.94153097311866,6.59521668079112,6.59521668079112,6.59521668079112,6.59521668079112,4.945611991646
19.037096743129,5.39166609576604,8.22532895184851,23.2411972224882,7.58372075095966,24.9601545676594,28.3446551751327,32.0223348813891,10.2539320234566,7.15518391706108,10.6039547838767,36.9856862385859,38.2563831673257,37.1936391010899,3.36740749383623,3.4453764830869,7.45630640601789,12.011029251768,38.0528627701168,12.0110292512778,4.98725468550573,2.45484331886566,10.5693060470834,47.475335380318,47.475335380318,12.8238634331875,2.86320778620819,4.35565948200736,12.8238634339192,36.5683606471082,6.20947973668454,67.1905679281445,4.70029842117462,4.62032477735312,3.48083142531868,6.20947973668454,4.62032477735312,6.20947973668454,0.653964249851087,4.62032477735312,6.20947973668454,6.20947973668454,6.20947973668454,0.816968411246045,4.62032477735312,6.20947973668454,6.20947973668454,6.20947973668454,6.20947973668454,4.70029842117462
19.9238550195407,5.67506880776532,8.49452801116741,24.4642568000817,7.85080348929159,26.3152601513521,29.8548987635947,33.8884286722914,10.4958369476679,8.50505140332847,10.8587137228799,38.889739253716,40.2225470328794,39.0891393753853,3.66574040244872,3.84635559320709,7.94149482240477,12.2943600162204,40.0506856592315,12.2943600164174,5.34138632360072,2.3037831020461,12.3989791671391,49.8848638486228,49.8848638486228,12.9972136816152,3.28398784112325,4.95203299495558,12.9972136818892,36.2337692023383,7.05371282506727,70.5950860973666,4.72029779765389,4.76333356799371,3.26922984806094,7.05371282506727,4.76333356799371,7.05371282506727,0.673437974458167,4.76333356799371,7.05371282506727,7.05371282506727,7.05371282506727,0.720949539759732,4.76333356799371,7.05371282506727,7.05371282506727,7.05371282506727,7.05371282506727,4.72029779765389
18.3234493148457,5.70666160691833,8.69655362921552,22.1083808637595,8.02701486548037,23.7488966019939,27.0908614384795,30.53837849146,10.756467858205,7.8195111199471,11.1112183185276,35.1267840771707,36.5695843123923,35.3817875531808,3.77276150486015,4.06318349896969,8.14941356400753,12.5765646137427,36.2103295268111,12.5765646135715,5.54158440549993,2.4628844281857,11.4654190120814,45.4061184178011,45.4061184178011,13.2939321736812,3.4800144616583,5.01193088436784,13.2939321737597,39.6047090352219,7.13728104384805,64.2650067318197,5.18366119851208,4.882685828581,3.49343475953459,7.13728104384805,4.882685828581,7.13728104384805,0.645400871667286,4.882685828581,7.13728104384805,7.13728104384805,7.13728104384805,0.797623983835043,4.882685828581,7.13728104384805,7.13728104384805,7.13728104384805,7.13728104384805,5.18366119851208
19.7925558224316,5.69789360949133,8.5446704097255,23.8481258761387,7.77497982290019,26.0201655625996,29.4490062115026,33.3757054608182,10.5819731171311,7.8458031472587,10.9048153257746,38.450503461366,39.8125507467459,38.6478964868894,3.75161501423989,3.80505499003519,7.84163137215347,12.3667839594863,39.5299128740691,12.3667839594189,5.31746371161433,2.47734345131636,11.5245150999518,49.2876659739579,49.2876659739579,13.1964475424203,3.34907235556076,4.95227110553908,13.1964475425278,36.4545702181048,7.05238544408792,69.7614437491951,4.79175918736131,4.60923041824968,3.51356076072165,7.05238544408792,4.60923041824968,7.05238544408792,0.612984229404043,4.60923041824968,7.05238544408792,7.05238544408792,7.05238544408792,0.746091807129243,4.60923041824968,7.05238544408792,7.05238544408792,7.05238544408792,7.05238544408792,4.79175918736131
17.8369620065665,6.11461144649948,8.95046628899776,21.2927142773427,8.26213236208062,22.5302641690714,26.2402316889298,29.209366939253,11.1743748071356,7.6997738309263,11.5678759963471,33.8703785115361,35.1888766003729,34.0835221526177,3.52354201690356,3.84077726301784,7.96911204029299,13.0819676902984,34.8729035353454,13.0819676897999,5.45222170087143,2.59147151832916,11.303621721939,43.8408422075937,43.8408422075937,14.055813747904,2.98335968833037,4.54569154212211,14.0558137483439,37.4368264307871,6.47761315933894,62.0813561719315,5.27854028751817,5.25079222937748,3.67392146085576,6.47761315933894,5.25079222937748,6.47761315933894,0.693133210953041,5.25079222937748,6.47761315933894,6.47761315933894,6.47761315933894,0.740035450729846,5.25079222937748,6.47761315933894,6.47761315933894,6.47761315933894,6.47761315933894,5.27854028751817
17.9090158425659,6.30560788798595,9.12324538121339,21.2305892150549,8.40978841560589,22.6042206029018,26.2403367703366,29.1788776038855,11.364581379419,7.86720623589286,11.6958573728158,33.7585533202698,35.1963015960618,34.0166453646595,3.86016199801171,3.88894734261288,8.1417699449019,13.2876123629777,34.9664624046934,13.2876123620261,5.42655354122823,2.62391578351099,11.569993206415,43.78645530041,43.78645530041,14.2958356342392,3.48019732623783,5.04245233847575,14.2958356347762,35.3836305887086,7.20553300407603,62.0000646712721,4.83011939534422,4.73605920166993,3.72573039558858,7.20553300407603,4.73605920166993,7.20553300407603,0.665571519183712,4.73605920166993,7.20553300407603,7.20553300407603,7.20553300407603,0.693023569539634,4.73605920166993,7.20553300407603,7.20553300407603,7.20553300407603,7.20553300407603,4.83011939534422
19.4843676062866,5.45605548452136,8.32359854277515,23.8083065488438,7.6612477120738,25.6412595972239,29.1732887097208,33.011636069768,10.387315506628,8.34565559444334,10.7453432946775,38.1341513588146,39.3632361997303,38.32924855632,3.35948852447229,3.6010323613675,7.50241552791876,12.1762484377272,39.1221959620934,12.1762484365362,5.07866669929865,2.42213525322562,12.1797059884136,48.8681371702332,48.8681371702332,13.0617309599602,2.81448906090061,4.3628231470472,13.0617309599823,35.3082668643106,6.24905437754452,69.1636067017935,4.94280882101867,4.63177389206909,3.44024053056294,6.24905437754452,4.63177389206909,6.24905437754452,0.679955669472257,4.63177389206909,6.24905437754452,6.24905437754452,6.24905437754452,0.673099425296209,4.63177389206909,6.24905437754452,6.24905437754452,6.24905437754452,6.24905437754452,4.94280882101867
20.5141155767097,6.39731295034866,9.22861220669484,24.6073045928649,8.4216341415011,26.7199355896929,30.375737857866,34.2628189111087,11.5225635814016,7.30085857883797,11.8838530988079,39.3952840974149,40.7962372312741,39.6043275070961,3.66266168013899,3.73975847702571,8.02387318304451,13.4730147250402,40.6030846664684,13.4730147250716,5.40668763806105,2.46609815508228,10.791116148587,50.5795940262981,50.5795940262981,14.5904499373685,3.2748916548117,4.83491093422192,14.5904499373425,40.4473066530989,6.91015108136378,71.5819279926889,4.76423596239176,5.12555045442461,3.50238241901559,6.91015108136378,5.12555045442461,6.91015108136378,0.670745329533312,5.12555045442461,6.91015108136378,6.91015108136378,6.91015108136378,0.770413039545747,5.12555045442461,6.91015108136378,6.91015108136378,6.91015108136378,6.91015108136378,4.76423596239176
17.2641576398908,6.17594930848172,9.08238208548208,20.3797977566373,8.34450676399212,21.5478446597524,25.3500160222994,28.1032692090089,11.3824099330773,7.60773452326937,11.7261632260428,32.3290658482763,33.7152132461601,32.5408310048601,3.43977415948383,3.62655376947255,7.78610262668419,13.2880250576468,33.4136414399686,13.2880250574904,5.26171538151642,2.35103075746088,11.1600635827607,41.8935879237497,41.8935879237497,14.4388840790511,2.93427117622089,4.50022943631877,14.4388840789587,37.1121370563441,6.4448085526927,59.2814136121935,4.83292042648184,5.11950193378535,3.34092030129599,6.4448085526927,5.11950193378535,6.4448085526927,0.615260396531366,5.11950193378535,6.4448085526927,6.4448085526927,6.4448085526927,0.709049478719346,5.11950193378535,6.4448085526927,6.4448085526927,6.4448085526927,6.4448085526927,4.83292042648184
17.5909246392738,5.72480141773897,8.43972663262389,21.0217481628552,7.70730306465982,22.7135654227455,26.0097922060224,29.257782623944,10.4265310534232,7.31059683458226,10.7707533508458,33.6515421759635,35.0234204546668,33.8802972741707,3.67342652340937,3.79958986643248,7.68307740310392,12.1863041416153,34.757337719048,12.1863041421588,5.30820928642356,2.33289253062312,10.7449270622538,43.4660576875725,43.4660576875725,13.0403830483715,3.41798844260373,4.8814136886375,13.0403830479748,33.5844800149135,6.97250983036781,61.5289474017602,4.63151799972464,4.84008549477441,3.31423975370434,6.97250983036781,4.84008549477441,6.97250983036781,0.604535517998522,4.84008549477441,6.97250983036781,6.97250983036781,6.97250983036781,0.773683733314693,4.84008549477441,6.97250983036781,6.97250983036781,6.97250983036781,6.97250983036781,4.63151799972464
19.1721256723556,6.31686560508723,9.1586535796131,22.8768755222537,8.35718244588057,24.7598965287363,28.4337793651998,31.9256806459109,11.4492961443533,8.09541693652924,11.8274210281208,36.7481696304708,38.0318768397336,36.9545856209918,3.49590960181056,3.78976308054326,7.84079942840252,13.3942467900685,37.7355789688227,13.3942467909226,5.47548018054489,2.33814568670262,11.8858542967303,47.2458460754121,47.2458460754121,14.6223474039743,3.11069346960907,4.64958926329408,14.6223474039205,34.7491617018245,6.65342741469558,66.8578632764142,5.18880073836884,5.2313797379953,3.32276646833637,6.65342741469558,5.2313797379953,6.65342741469558,0.681841984225206,5.2313797379953,6.65342741469558,6.65342741469558,6.65342741469558,0.695640069890597,5.2313797379953,6.65342741469558,6.65342741469558,6.65342741469558,6.65342741469558,5.18880073836884
18.151515062028,5.41339250268754,8.27106430789464,21.7255801958799,7.48926734029267,23.4668427520029,26.9831673345435,30.2738684991039,10.2488918903836,7.85476439672964,10.6640590323161,35.202206436244,36.3627719357894,35.3980717215338,3.44724882940557,3.49095602654531,7.45039378377589,12.0218663690266,36.2050737911495,12.0218663692993,5.19029424700708,2.55808691991626,11.5272169848891,45.2343836757107,45.2343836757107,12.8590313590793,2.91922009457664,4.42332253249825,12.859031358963,39.788945364469,6.31252512985493,64.0166292963413,4.69433539064135,5.15465820135038,3.62814667187942,6.31252512985493,5.15465820135038,6.31252512985493,0.6843376769736,5.15465820135038,6.31252512985493,6.31252512985493,6.31252512985493,0.745070988142172,5.15465820135038,6.31252512985493,6.31252512985493,6.31252512985493,6.31252512985493,4.69433539064135
19.0376335279715,5.54200600421732,8.66340240421259,22.8865005772582,7.91791161497491,24.8299308983035,28.2962325616972,31.9124962857462,10.8145852386484,8.4911697863412,11.1766089263307,36.7991955304799,38.2159900614351,37.0029293253451,3.50009073269713,3.66042453001323,8.11227303230337,12.6506916656779,37.899305440867,12.6506916654106,5.28950843422234,2.56976055087058,12.4377215174778,47.4322459990728,47.4322459990728,13.2784154213547,2.96140206176907,4.47254190679538,13.2784154191484,36.8740531121086,6.40629792973126,67.1324732413517,5.16911289759815,4.90954358727041,3.64917723474995,6.40629792973126,4.90954358727041,6.40629792973126,0.664501036845686,4.90954358727041,6.40629792973126,6.40629792973126,6.40629792973126,0.791816892219863,4.90954358727041,6.40629792973126,6.40629792973126,6.40629792973126,6.40629792973126,5.16911289759815
19.4548697164913,5.70941714352106,8.50740641141189,23.3920766284562,7.70453007684772,25.5575871514996,29.0158370044267,32.8454554912641,10.5567115801227,8.2005047506935,10.9120345876187,37.7987894182817,39.1468741613054,38.0032795606251,3.56166250555018,3.70499337521127,7.74749008612798,12.3430259847234,38.8852120208373,12.3430259857483,5.26307993716109,2.41373916022193,11.9712385095132,48.4961542245287,48.4961542245287,13.1573543073856,3.12792920123431,4.68471230846806,13.1573543073856,37.4214940870135,6.68078602156443,68.6323428075469,4.76599639340942,4.92288084589967,3.42478049559122,6.68078602156443,4.92288084589967,6.68078602156443,0.62380669070834,4.92288084589967,6.68078602156443,6.68078602156443,6.68078602156443,0.702425715498259,4.92288084589967,6.68078602156443,6.68078602156443,6.68078602156443,6.68078602156443,4.76599639340942
20.2659485496555,6.22184551826422,9.07472707691803,24.7126476793729,8.31954356579286,26.5718792349078,30.2274947574085,34.0824461715429,11.3148697998963,8.1827866763575,11.6947506696831,39.3140749812765,40.5818603530435,39.5031414666066,3.58292994841061,3.66445156968483,7.74876377529283,13.2308435316278,40.3406543585031,13.2308435315463,5.43423007353862,2.45617446140899,12.0124128900678,50.2939782544611,50.2939782544611,14.4386232040156,3.172481911181,4.70069066980485,14.4386232039647,38.8671406815114,6.71886405989572,71.1753648980998,4.88517366972343,5.31397367348504,3.48771438840808,6.71886405989572,5.31397367348504,6.71886405989572,0.65948954179706,5.31397367348504,6.71886405989572,6.71886405989572,6.71886405989572,0.783892601885617,5.31397367348504,6.71886405989572,6.71886405989572,6.71886405989572,6.71886405989572,4.88517366972343
18.3164580979432,6.18740034879263,9.07553370040152,22.1157078668942,8.50201729271301,23.4392035565081,27.0164996805692,30.2535206883896,11.3775266756408,7.57561669136904,11.7056206816373,34.6690475058102,36.0894162769332,34.8941650437706,3.51442829388963,3.77625732567608,8.17323801127241,13.3084403733229,35.8116771221089,13.3084403751735,5.28922740033141,2.30843827078297,11.1880898302545,44.8973835315638,44.8973835315638,14.2401899701735,3.13780571270669,4.69841753040539,14.2401899699709,39.6355008277766,6.71406067633887,63.5485819647028,5.11696825027165,4.59844741248133,3.27939918413751,6.71406067633887,4.59844741248133,6.71406067633887,0.684241656026172,4.59844741248133,6.71406067633887,6.71406067633887,6.71406067633887,0.769435850045619,4.59844741248133,6.71406067633887,6.71406067633887,6.71406067633887,6.71406067633887,5.11696825027165
19.3720885497208,5.87196636445225,8.60895479766472,23.620098741076,7.93186566995509,25.2253851845337,28.7362901483347,32.4454765921398,10.5968751157388,7.88931809124823,10.9825913701677,37.5193728960113,38.8158196101606,37.7683596622954,3.84752845936292,3.98590995568917,7.89850917131387,12.3991559522775,38.4712088906607,12.3991559530747,5.66231629972166,2.57395971203854,11.637427251777,48.1312877905463,48.1312877905463,13.2949306624065,3.45214478838356,5.0581830075726,13.294930662765,35.14578662083,7.21938337393979,68.1182457978046,5.2445903822679,5.13128377468225,3.65365775287342,7.21938337393979,5.13128377468225,7.21938337393979,0.650693773305315,5.13128377468225,7.21938337393979,7.21938337393979,7.21938337393979,0.750809202849504,5.13128377468225,7.21938337393979,7.21938337393979,7.21938337393979,7.21938337393979,5.2445903822679
18.594593866747,5.62370026073172,8.40344495835837,22.5756671521025,7.71078910921666,24.0554572035397,27.6575897726799,31.0504660542603,10.4035016756436,7.61781091830373,10.7976059176933,36.0914110467733,37.2210031732099,36.2794808012652,3.57445940819179,3.64508981267868,7.46455696338456,12.1989983237079,37.0518232895149,12.198998324464,5.26889666696199,2.53984293589413,11.1990493423187,46.2622916642949,46.2622916642949,13.1755683922394,3.0800049939191,4.66286301925125,13.1755683922394,40.3042503566877,6.64815893014787,65.4693901599867,4.71057083447376,5.0319840990292,3.60220133712629,6.64815893014787,5.0319840990292,6.64815893014787,0.678698015507044,5.0319840990292,6.64815893014787,6.64815893014787,6.64815893014787,0.793804482613279,5.0319840990292,6.64815893014787,6.64815893014787,6.64815893014787,6.64815893014787,4.71057083447376
19.8785656752306,6.07908959699181,9.06080979106371,23.9534100418367,8.30525619573833,25.9438563666197,29.5783030318535,33.4577413737951,11.2787751877683,8.39870986482627,11.6277923932796,38.370233778337,39.8000066643363,38.5760535813085,3.70136912335245,3.97930152144509,8.28842072182252,13.1739690595042,39.4308159849901,13.1739690597437,5.57628648560389,2.39597202738323,12.3020207003672,49.3090191723519,49.3090191723519,14.029422744394,3.25534482668657,4.90405959115984,14.029422745681,37.4004455495174,7.01228175514058,69.7836695937519,5.30918930091283,5.01317468955604,3.40494577649036,7.01228175514058,5.01317468955604,7.01228175514058,0.642144641269178,5.01317468955604,7.01228175514058,7.01228175514058,7.01228175514058,0.822781060765905,5.01317468955604,7.01228175514058,7.01228175514058,7.01228175514058,7.01228175514058,5.30918930091283
19.5714272260551,5.61954689313516,8.75368848563958,23.569247073517,7.97593623776905,25.7048877319241,29.1158759201129,33.0145474268798,10.9094155907217,8.23130566302994,11.273330581306,37.7999075620864,39.3414643966406,37.9974727388988,3.46799757985514,3.57791359467074,8.10084323988588,12.7396636611721,39.0627285494407,12.7396636609281,5.263792264394,2.40805019028198,12.0337302824683,48.7242871100586,48.7242871100586,13.3768229845583,3.01921948416599,4.52997576670546,13.3768229841856,35.5721694574954,6.45519529776063,68.9576499645543,4.78402832376199,5.15547642956409,3.41506007955726,6.45519529776063,5.15547642956409,6.45519529776063,0.618762195179394,5.15547642956409,6.45519529776063,6.45519529776063,6.45519529776063,0.708091825004652,5.15547642956409,6.45519529776063,6.45519529776063,6.45519529776063,6.45519529776063,4.78402832376199
18.4725827940523,5.61581408751089,8.55987956323372,22.0922279421229,7.80320064260001,23.9941466726506,27.4011361696404,30.8915033297437,10.6974409415719,7.89769011216339,11.035953731975,35.550861769641,36.9905964819074,35.766709533955,3.41593501730924,3.6349497770962,7.82272424188911,12.4972548745527,36.660971374329,12.4972548746528,5.14585720542083,2.46605922883874,11.5434978598524,45.8661076343148,45.8661076343148,13.2542264371147,2.89474432945042,4.38447780187219,13.2542264372504,34.7721359372089,6.28038219969964,64.9025255914366,4.94434877426079,4.82066711646247,3.50234362701528,6.28038219969964,4.82066711646247,6.28038219969964,0.615242318741091,4.82066711646247,6.28038219969964,6.28038219969964,6.28038219969964,0.783487936576406,4.82066711646247,6.28038219969964,6.28038219969964,6.28038219969964,6.28038219969964,4.94434877426079
17.8985895754033,6.18071558004223,9.12994659972674,21.6090563484598,8.51581817939989,22.5106647136191,26.2725231549274,29.0881385564875,11.3684350984154,7.42231365989967,11.7511792962148,33.8289851964847,35.0658784163161,34.0627314143167,3.73847478858417,3.75927799302748,7.81178323654669,13.3114067313716,34.8746029583639,13.3114067304316,5.48264920478069,2.61349285868846,10.9938859552025,43.6869036850058,43.6869036850058,14.5503642398041,3.33749322551545,4.8771447739107,14.5503642394366,35.2506646765203,6.96283029411978,61.8412240318916,4.87355364884511,5.19461095617386,3.70888993306293,6.96283029411978,5.19461095617386,6.96283029411978,0.695002451526803,5.19461095617386,6.96283029411978,6.96283029411978,6.96283029411978,0.724765756975686,5.19461095617386,6.96283029411978,6.96283029411978,6.96283029411978,6.96283029411978,4.87355364884511
18.5321932241964,5.63175240369849,8.4624358711499,22.2361380427308,7.75054165246236,23.9490302235601,27.5013254525728,30.903686071855,10.5652713278204,7.82349406534251,10.9116537988022,35.7469865185421,37.0187306237516,35.9431682166817,3.44800634506968,3.47024019312624,7.6221198499672,12.3750935090432,36.8588914804157,12.3750935088877,5.02359829120078,2.48555030639991,11.4888553930498,45.9988911245714,45.9988911245714,13.2266644394686,2.90968322201465,4.45543457415103,13.2266644395129,38.7789748386412,6.3776786451328,65.1068662132731,4.61326386467724,4.62418607372617,3.5295077878371,6.3776786451328,4.62418607372617,6.3776786451328,0.667119797317385,4.62418607372617,6.3776786451328,6.3776786451328,6.3776786451328,0.698951649092546,4.62418607372617,6.3776786451328,6.3776786451328,6.3776786451328,6.3776786451328,4.61326386467724
18.5846865034137,6.18501981176725,9.05530860437737,22.2396438471419,8.32931476073346,23.754304634075,27.4263773881138,30.6984711734123,11.2630139757195,8.02652117377806,11.6402529013427,35.519441494733,36.8624567810277,35.7342248077903,3.73137248214775,3.90148598772398,8.00983312451215,13.1805013533835,36.5895862925108,13.1805013533625,5.53711030810813,2.56269390615787,11.788671552915,45.8442575598915,45.8442575598915,14.2408169372017,3.30503024979579,4.89723909258643,14.2408169374319,38.7504728556566,6.99195523822671,64.897203876968,5.09056016609898,5.13384755042449,3.63737400840738,6.99195523822671,5.13384755042449,6.99195523822671,0.685423484619618,5.13384755042449,6.99195523822671,6.99195523822671,6.99195523822671,0.715371488345718,5.13384755042449,6.99195523822671,6.99195523822671,6.99195523822671,6.99195523822671,5.09056016609898
19.5548054747919,6.19821486904816,9.20404614260361,23.5322532748651,8.44440526235741,25.5362150026715,28.9915849396653,32.7268734828528,11.4394833063278,8.42108906390478,11.7656184149963,37.4201131579049,38.9181273272652,37.6659560136452,3.84361237014139,4.12284485439506,8.26803399951202,13.349987939386,38.5653308138049,13.3499879398965,5.60973267066592,2.33354081686591,12.2812942100064,48.1958604188605,48.1958604188605,14.352546167203,3.62066089721072,5.16366883681575,14.3525461672262,39.318679269175,7.35868421598566,68.2126184971355,5.10239250154878,4.92317239982462,3.31298300207657,7.35868421598566,4.92317239982462,7.35868421598566,0.61643697876155,4.92317239982462,7.35868421598566,7.35868421598566,7.35868421598566,0.717120467925843,4.92317239982462,7.35868421598566,7.35868421598566,7.35868421598566,7.35868421598566,5.10239250154878
18.2349708360296,5.88275752158451,8.79967443531122,21.8258277993144,8.10191576599356,23.4077312402793,26.8698152569715,29.9879268762657,10.9424193060217,7.5814380172118,11.2736150376389,34.8099159436433,36.0462546277823,35.0456080533241,3.79507366524639,3.93421622095939,7.78854211248529,12.8192215040899,35.8342851312638,12.8192215046295,5.3480509377028,2.57896572533372,11.1609393971531,44.8558839409284,44.8558839409284,13.9264661885255,3.51086586684469,5.00940593066907,13.9264661881404,40.6546010470236,7.1362483430125,63.4883859019975,4.92791230383574,4.45323495325574,3.65764631560252,7.1362483430125,4.45323495325574,7.1362483430125,0.688314669589878,4.45323495325574,7.1362483430125,7.1362483430125,7.1362483430125,0.709564209254516,4.45323495325574,7.1362483430125,7.1362483430125,7.1362483430125,7.1362483430125,4.92791230383574
19.7698267972697,6.06071119712195,8.99372014978847,23.9392024569679,8.34325152111349,25.7115988225085,29.2545412214842,33.006770918293,11.2457282858176,7.29117815629802,11.5495535446938,37.9307237122224,39.3075011904322,38.1173772796417,3.65941729582526,3.72128304406864,7.93012870653068,13.1446278889208,39.0857686859838,13.144627889155,5.21657881949027,2.37866718137384,10.7864967010465,48.7347480146758,48.7347480146758,14.2055941052836,3.28158050410461,4.86165236539946,14.2055941057234,41.3025849262944,6.94366178574661,68.9930083642826,4.73184148888988,4.4430135483366,3.37849050331447,6.94366178574661,4.4430135483366,6.94366178574661,0.646789414438821,4.4430135483366,6.94366178574661,6.94366178574661,6.94366178574661,0.72803268307811,4.4430135483366,6.94366178574661,6.94366178574661,6.94366178574661,6.94366178574661,4.73184148888988
18.2648062662222,5.98722393170027,8.74668599700832,21.9592965627118,8.05400181246758,23.5462107180842,27.1070851557458,30.3568121681031,10.957056928145,7.84812364905479,11.2852379970063,35.1279190168641,36.3303473962963,35.3112921073774,3.44784453730281,3.75726084760889,7.54394986168466,12.8242669661958,36.0343975467575,12.8242669674236,5.15837337601207,2.40446084932683,11.4797952552061,45.1627047838583,45.1627047838583,13.9987700472936,2.99641608398278,4.53073367691231,13.9987700472936,38.4193805501249,6.46190725870497,63.9256699536821,5.02692307790235,4.55821554648506,3.41111342675094,6.46190725870497,4.55821554648506,6.46190725870497,0.663279655939864,4.55821554648506,6.46190725870497,6.46190725870497,6.46190725870497,0.762434917186055,4.55821554648506,6.46190725870497,6.46190725870497,6.46190725870497,6.46190725870497,5.02692307790235
18.7859085996236,6.17834988445634,9.01990449196869,22.5029047046971,8.28011108123723,24.2313051560828,27.853302091234,31.2685905719667,11.2831511779538,7.98871758928084,11.6337512093349,35.957319900642,37.3553879111504,36.1782195298059,3.52409668159497,3.63778356189861,7.97301283658902,13.1943811248992,37.1167806418585,13.1943811246035,5.28611130129547,2.41217041324052,11.7414468060665,46.4013925591137,46.4013925591137,14.1876947513923,3.08146338558762,4.64185977807865,14.1876947509471,37.9218618829912,6.62788067461414,65.6797802230936,4.88089684368657,4.94158212136128,3.42409337153503,6.62788067461414,4.94158212136128,6.62788067461414,0.664969031582193,4.94158212136128,6.62788067461414,6.62788067461414,6.62788067461414,0.772488905655502,4.94158212136128,6.62788067461414,6.62788067461414,6.62788067461414,6.62788067461414,4.88089684368657
18.235450900872,5.84144405242573,8.69620926448115,21.8504036748444,7.98052736589957,23.3637469933982,26.9741804472244,30.2823493526331,10.8931960724622,7.1363057138936,11.2361644964677,34.8816669507147,36.2318812914528,35.0762885084032,3.32652868614915,3.41486170708614,7.47942522435784,12.7230681637739,35.955904600999,12.7230681637839,5.06845422179719,2.37302226190608,10.5254490898001,44.9356171290293,44.9356171290293,13.7987874501814,2.77324442179926,4.28589321484568,13.7987874504291,35.3786475062369,6.13269931303918,63.6014389439038,4.66588469791624,4.99065171079651,3.36962551676809,6.13269931303918,4.99065171079651,6.13269931303918,0.605042144845915,4.99065171079651,6.13269931303918,6.13269931303918,6.13269931303918,0.7298268035732,4.99065171079651,6.13269931303918,6.13269931303918,6.13269931303918,6.13269931303918,4.66588469791624
19.445626864518,6.08905130836899,9.01960233410652,23.5700918917918,8.33348780387437,25.2390061310849,28.856254373671,32.4068839808875,11.2381492345865,7.99176634971825,11.5527730030075,37.3670944939028,38.6303678168373,37.6071625111626,3.77520671148093,3.96650053549193,7.80122143744724,13.1419855075213,38.3797280452107,13.1419855076637,5.38378704215949,2.41779771449283,11.7020774467193,47.9108272124542,47.9108272124542,14.3750908906721,3.43340924870661,5.04581729973188,14.3750908906601,36.8309906773719,7.19003450353545,67.8030101187555,4.90593146414892,4.53826740592667,3.43097256661843,7.19003450353545,4.53826740592667,7.19003450353545,0.652549508033554,4.53826740592667,7.19003450353545,7.19003450353545,7.19003450353545,0.747766630264906,4.53826740592667,7.19003450353545,7.19003450353545,7.19003450353545,7.19003450353545,4.90593146414892
17.1880792753886,5.6703189594203,8.40277700385779,20.3030796375952,7.61155035600085,21.8950957515404,25.4206812800852,28.4689018965113,10.3334522885905,7.65378139035378,10.7373691594373,32.9603037629441,34.2023644941714,33.1756448351379,3.69415219193569,3.78844776094268,7.69843366253969,12.1029740299158,33.9548808240429,12.1029740285173,5.47906519693484,2.43159405562959,11.2780906103838,42.5669696434358,42.5669696434358,12.930650188627,3.30519073179448,4.88511979070482,12.9306501891799,39.080878404787,6.97976811402337,60.2750394397273,4.83274698969271,5.1998202130861,3.45381382887711,6.97976811402337,5.1998202130861,6.97976811402337,0.656355829116323,5.1998202130861,6.97976811402337,6.97976811402337,6.97976811402337,0.808512519371734,5.1998202130861,6.97976811402337,6.97976811402337,6.97976811402337,6.97976811402337,4.83274698969271
17.6810118116393,6.00482474894632,8.86088710123163,20.9466456300498,8.14016739791603,22.630653053891,26.0604603763992,29.2068804348661,11.1155608829138,8.06563206065011,11.4145340107085,33.484176945351,35.0004631594831,33.7171023883326,3.471464388768,3.70321648073016,8.00779246631035,12.9766308309493,34.6162661039899,12.9766308303176,5.17189612245429,2.36616599845688,11.8159254660256,43.4564580171896,43.4564580171896,13.8530740707869,3.04972774336481,4.55692435122227,13.853074070998,34.7061875912362,6.50407662470705,61.5041994357589,5.07269718738609,4.50315162470388,3.35818796101558,6.50407662470705,4.50315162470388,6.50407662470705,0.613478383633978,4.50315162470388,6.50407662470705,6.50407662470705,6.50407662470705,0.694450610606265,4.50315162470388,6.50407662470705,6.50407662470705,6.50407662470705,6.50407662470705,5.07269718738609
18.5437893964593,6.12662514195894,9.09820831958745,22.4313856845606,8.46435368998535,23.6745438730591,27.3779633442272,30.5974460327552,11.407690094966,8.02710705183301,11.7808540950045,35.3231121149189,36.6294894936849,35.5118452942991,3.41405123555234,3.71716850463725,7.90443757157118,13.3425822294513,36.2903215370109,13.3425822306264,5.38661655603536,2.45428694839286,11.7859643750478,45.5420338635389,45.5420338635389,14.455930406605,2.90651474642404,4.44111260864806,14.4559304065647,38.3275006352291,6.34687574625283,64.4497675482269,5.28290176799041,5.17930179289515,3.48334369408042,6.34687574625283,5.17930179289515,6.34687574625283,0.676887080217522,5.17930179289515,6.34687574625283,6.34687574625283,6.34687574625283,0.671498817648091,5.17930179289515,6.34687574625283,6.34687574625283,6.34687574625283,6.34687574625283,5.28290176799041
18.427273711136,6.12830520595606,9.10156532229968,22.0789029132411,8.43411486005453,23.7021770388346,27.1301717619014,30.4429263149195,11.3742614960302,7.41343266891675,11.6955960090144,34.9391587906386,36.3632599319075,35.1542884762169,3.64815361214323,3.97539113492644,8.15125067241835,13.290409729587,36.0004483306296,13.2904097293612,5.43424701434767,2.34681977920659,10.9281317522113,45.1733026925505,45.1733026925505,14.290674060627,3.38714655543466,4.87489414184069,14.2906740604727,35.7103385787788,6.95720209873559,63.939003448644,5.22993712088597,4.68473531900971,3.33247153113714,6.95720209873559,4.68473531900971,6.95720209873559,0.651302073078778,4.68473531900971,6.95720209873559,6.95720209873559,6.95720209873559,0.713358533867453,4.68473531900971,6.95720209873559,6.95720209873559,6.95720209873559,6.95720209873559,5.22993712088597
17.9787643335333,5.98075568405249,9.061134800507,21.534691904043,8.38833876464678,22.8906328430256,26.5217714666315,29.5231958605402,11.4122021423392,8.35176623202789,11.7124440731337,34.0282989179278,35.4917835446032,34.2560660209111,3.47334365191308,3.5906321273574,7.93753660415881,13.3277769546434,35.2346684091412,13.3277769538423,5.02889600483476,2.53415687796895,12.1687921664634,44.0770947390974,44.0770947390974,14.3476174931225,2.93047194625035,4.45552779545439,14.3476174931225,35.0222655702627,6.35433950280344,62.3778779280523,4.76085988663505,4.5175758409473,3.59366677462884,6.35433950280344,4.5175758409473,6.35433950280344,0.63222262950898,4.5175758409473,6.35433950280344,6.35433950280344,6.35433950280344,0.781542126616242,4.5175758409473,6.35433950280344,6.35433950280344,6.35433950280344,6.35433950280344,4.76085988663505
18.211254519176,6.07753393099382,8.98026673886024,21.767808886873,8.28467600463062,23.1493585741697,26.828486822341,29.8579408164858,11.2736216119925,7.79733165668279,11.6354129098615,34.616076834992,35.9095598040721,34.8317402720165,3.43891875159731,3.67007260351063,7.78893371265956,13.2001114298769,35.6805335139201,13.2001114297946,5.19642115531997,2.5739757668784,11.4233064763375,44.7150384355017,44.7150384355017,14.2986322211945,2.89776256300831,4.41296321262375,14.2986322211945,36.4777266448749,6.29743485847992,63.286780115903,4.99901553911447,4.90738228599744,3.65021166053715,6.29743485847992,4.90738228599744,6.29743485847992,0.697133422922928,4.90738228599744,6.29743485847992,6.29743485847992,6.29743485847992,0.700926190050784,4.90738228599744,6.29743485847992,6.29743485847992,6.29743485847992,6.29743485847992,4.99901553911447
17.6335335356078,5.96765411308785,8.82615968898938,21.3267052839955,8.20082455258068,22.3826932725736,26.0940995092877,29.0354653474148,11.0372043835107,7.85580644839973,11.4134858139274,33.6049080387863,34.8631588826678,33.7996937806261,3.41361972674195,3.53664361207152,7.63569451804528,12.9231842398709,34.6905713819549,12.9231842395783,5.17895761146792,2.44335617160356,11.5101075223539,43.4139246877779,43.4139246877779,14.002403157271,2.914703012685,4.43989092232897,14.0024031572846,34.131455302741,6.34748712176733,61.452754227768,4.68911309716694,5.09475357862381,3.46855158019198,6.34748712176733,5.09475357862381,6.34748712176733,0.677304960108539,5.09475357862381,6.34748712176733,6.34748712176733,6.34748712176733,0.797718070865007,5.09475357862381,6.34748712176733,6.34748712176733,6.34748712176733,6.34748712176733,4.68911309716694
18.2374681312088,5.97312025096137,8.94176612148491,22.2757578070969,8.36059633970403,23.6996044421626,27.0405479898457,30.4276321692229,11.1466970119438,8.19251404785582,11.4528225386265,34.7658497065166,36.2726316609067,35.0090259172401,3.66634360727258,3.81147118202155,8.03395319711362,13.0105443403971,35.9752254181191,13.0105443402939,5.30265133294439,2.25852509602401,11.9757868217874,44.9753427459218,44.9753427459218,13.9454173321979,3.44480523480954,4.91331377902137,13.9454173321571,39.5467615195251,7.01276968244222,63.654213057498,4.76315251838141,4.63708717559187,3.20842971103388,7.01276968244222,4.63708717559187,7.01276968244222,0.605234676972763,4.63708717559187,7.01276968244222,7.01276968244222,7.01276968244222,0.789128237048176,4.63708717559187,7.01276968244222,7.01276968244222,7.01276968244222,7.01276968244222,4.76315251838141
19.8719463791514,6.16810649451044,8.97331771538711,24.0219080627211,8.29416653850388,25.7497501277309,29.4205701455555,33.2006997219615,11.1167868859903,7.50413671715136,11.4874937672772,38.1468217267303,39.4187301778405,38.3762033736544,3.76414333404007,4.08544005898736,8.00727866380607,13.0152165054207,39.1771189193931,13.0152165054786,5.58778080217674,2.29758956939428,11.0384671783278,48.9315270658313,48.9315270658313,14.0612962748902,3.44097200741909,5.107608792227,14.061296275723,39.0515023538411,7.2715774784328,69.2941116773139,5.04322010050648,5.0041422197378,3.26056679955382,7.2715774784328,5.0041422197378,7.2715774784328,0.686124998149393,5.0041422197378,7.2715774784328,7.2715774784328,7.2715774784328,0.681681607918835,5.0041422197378,7.2715774784328,7.2715774784328,7.2715774784328,7.2715774784328,5.04322010050648
18.2749961335918,5.90270769637178,8.63148558804902,22.2125355903907,8.00061440659092,23.4887949834682,26.9876641228165,30.2081041063416,10.7638152554418,7.20443445452553,11.1392139144137,34.9809468522723,36.3010602461288,35.2054087262625,3.47405505882216,3.49493610552584,7.57051519022401,12.5998656347505,36.1268413923328,12.5998656344375,5.14676686409787,2.54745778856362,10.622236510013,45.1166703369557,45.1166703369557,13.589915443358,3.0075121338599,4.44737867377834,13.5899154432698,40.8422852780504,6.36589840218413,63.8629510451156,4.59048543825276,5.05943456893259,3.61667711310439,6.36589840218413,5.05943456893259,6.36589840218413,0.657872683288669,5.05943456893259,6.36589840218413,6.36589840218413,6.36589840218413,0.730012370392861,5.05943456893259,6.36589840218413,6.36589840218413,6.36589840218413,6.36589840218413,4.59048543825276
19.3896396627272,5.55974449390906,8.58196534588093,23.4122363408346,7.88295007083552,25.2861616319608,28.7983061008093,32.6015282425996,10.6532999518639,7.4677681593062,11.0165002333566,37.4229361281205,38.8816967091274,37.6469176116059,3.5852130930399,3.62517478000292,8.01291650801158,12.4685446123103,38.690539126088,12.4685446112899,5.26018669982806,2.42696462493581,11.0315419312974,48.2450282831591,48.2450282831591,13.1210705680795,3.12640891453831,4.74449129909457,13.1210705682302,35.2296869591984,6.76202084055675,68.2856280040537,4.70873132235868,4.86649688901667,3.4429225163455,6.76202084055675,4.86649688901667,6.76202084055675,0.662048748548139,4.86649688901667,6.76202084055675,6.76202084055675,6.76202084055675,0.77473456287389,4.86649688901667,6.76202084055675,6.76202084055675,6.76202084055675,6.76202084055675,4.70873132235868
20.3321103383591,6.33537822612842,9.35195965972172,24.249188255153,8.57352617982081,26.4318939892064,30.0246002538151,33.916980907472,11.7183410516348,7.48225420234883,12.0079610844685,38.8083958419915,40.2741935286488,39.0368959377184,3.71724457464114,3.98322317799063,8.18606790265711,13.675286818009,39.8780534764111,13.6752868177853,5.45330788992422,2.32333405606643,11.0623860187241,49.8646786019019,49.8646786019019,14.8490007152716,3.35625424111317,4.98322819607283,14.8490007156192,39.6735750667249,7.10261024300189,70.570328711802,5.27366973939011,4.51500468120237,3.29796519560866,7.10261024300189,4.51500468120237,7.10261024300189,0.626746424750149,4.51500468120237,7.10261024300189,7.10261024300189,7.10261024300189,0.698672922071261,4.51500468120237,7.10261024300189,7.10261024300189,7.10261024300189,7.10261024300189,5.27366973939011
17.5554463020968,5.84853495513664,8.77318032474337,20.8798171493104,8.08853105013851,22.2897751687428,25.8250144949491,28.8895564096331,10.9328342599268,8.41398088106427,11.2349642794491,33.3715576829316,34.8647736077065,33.6036729761718,3.74901771085582,3.90381388889964,8.06894101734823,12.7632073785651,34.4645568522345,12.7632073778714,5.33440187289286,2.59907450126145,12.2867843824093,43.2769458237702,43.2769458237702,13.5833236976622,3.23363051870585,4.84381462349583,13.5833236989549,38.5305754232021,6.91971354736433,61.2690915113007,5.09829257623637,4.50221843320373,3.68923847260537,6.91971354736433,4.50221843320373,6.91971354736433,0.607152743913067,4.50221843320373,6.91971354736433,6.91971354736433,6.91971354736433,0.759865374667363,4.50221843320373,6.91971354736433,6.91971354736433,6.91971354736433,6.91971354736433,5.09829257623637
17.5810294179884,6.00194209675043,8.73389634074242,21.1018800153002,8.06576217077242,22.4142182827874,25.9104761584199,28.8708816466797,10.840695434616,7.22679989466533,11.2061959909768,33.4407934432183,34.6950650787705,33.6749125917768,3.67780454188023,3.77106130965055,7.64042563652316,12.6996325054841,34.5532487672753,12.6996325059589,5.30860131357268,2.46770184285462,10.6518700164208,43.2140226774371,43.2140226774371,13.7959117581925,3.39772369428509,4.87814224325076,13.7959117578621,36.2123153086816,6.95204277537656,61.1845480907208,4.61154246098925,4.88481881167889,3.50088357148913,6.95204277537656,4.88481881167889,6.95204277537656,0.679379225646747,4.88481881167889,6.95204277537656,6.95204277537656,6.95204277537656,0.752350565456491,4.88481881167889,6.95204277537656,6.95204277537656,6.95204277537656,6.95204277537656,4.61154246098925
20.2067870113348,5.5849156854906,8.60966908117916,24.8329824754247,7.97050758405841,26.4736690609653,29.9944417093421,33.9134634161663,10.7005020139746,7.7714603757028,11.076877374295,39.2214816281451,40.6006739466285,39.4248137751659,3.62191471034771,3.6937368287815,7.95036476833683,12.5231434465126,40.3740021820661,12.5231434466892,5.291925485697,2.68125602734069,11.3992384436612,50.3254075692488,50.3254075692488,13.2333001431334,3.07490219815206,4.62221027636994,13.2333001431959,39.4957489471901,6.58694407329957,71.2213874546181,4.85438392813439,5.02385937742108,3.80088712704657,6.58694407329957,5.02385937742108,6.58694407329957,0.66309892299122,5.02385937742108,6.58694407329957,6.58694407329957,6.58694407329957,0.718338804283783,5.02385937742108,6.58694407329957,6.58694407329957,6.58694407329957,6.58694407329957,4.85438392813439
17.8143312572257,6.14457540364036,9.26331364105584,21.2516212560651,8.5855951258932,22.5196520108924,26.1454102082905,29.165897387413,11.517443894384,7.39682201220897,11.901266763979,33.4034718812116,34.8572047386783,33.6529493761591,3.69636616589559,3.95473732734186,8.36217992561215,13.4620276204813,34.5286878912563,13.4620276212688,5.6883090749667,2.30820307123437,10.9653090523583,43.3798114728992,43.3798114728992,14.3923060458085,3.43703694226437,4.98023929651057,14.3923060460256,40.694687530593,7.10290833337838,61.4017957000274,5.23862244484142,5.35739947071534,3.27775727392225,7.10290833337838,5.35739947071534,7.10290833337838,0.671236560200889,5.35739947071534,7.10290833337838,7.10290833337838,7.10290833337838,0.757896581201033,5.35739947071534,7.10290833337838,7.10290833337838,7.10290833337838,7.10290833337838,5.23862244484142
18.4373544233064,6.1229250206453,8.78005948377593,22.0691781387651,8.02397792438389,23.7579607895937,27.2909508425588,30.5621180426127,10.8799092605041,7.52188714250192,11.2455999178066,35.3744798792447,36.5729446705614,35.604156793392,3.73063599285333,3.87099590338795,7.59028889192226,12.7439897483917,36.3876789843877,12.7439897480627,5.41389058137617,2.42519474450827,11.0665358208269,45.472497797764,45.472497797764,13.9477216386463,3.4634152324263,4.98722434943218,13.9477216388771,36.0059873883576,7.10626476639037,64.3654605346893,4.74789335896341,4.9165243597918,3.44104200920244,7.10626476639037,4.9165243597918,7.10626476639037,0.674806342738289,4.9165243597918,7.10626476639037,7.10626476639037,7.10626476639037,0.740965498432625,4.9165243597918,7.10626476639037,7.10626476639037,7.10626476639037,7.10626476639037,4.74789335896341
19.432463208367,5.81696210232609,8.59122427913257,23.6134346961713,7.92547870007532,25.3225043021529,28.7387275939821,32.4322543464148,10.7078510374838,7.18833326036224,11.0728007817635,37.5633650468466,38.8544822536442,37.7376125111587,3.51639396782604,3.74090540959898,7.74981506432064,12.5333836356884,38.5410214393429,12.5333836370142,5.27738179711905,2.58697664346678,10.6079937869994,48.2186894029397,48.2186894029397,13.425494507937,3.03585959735663,4.52457684537637,13.425494507937,37.8007440151746,6.44378000991696,68.2420419849545,5.11027785279229,4.89406387516896,3.6665594868287,6.44378000991696,4.89406387516896,6.44378000991696,0.664395875773984,4.89406387516896,6.44378000991696,6.44378000991696,6.44378000991696,0.730701810486199,4.89406387516896,6.44378000991696,6.44378000991696,6.44378000991696,6.44378000991696,5.11027785279229
20.3526272379115,5.54313267662964,8.47415162190026,24.8672791463793,7.77228725558863,27.0142020415675,30.4824895613609,34.6356932375999,10.5282373342334,8.26116642951485,10.8518360097916,39.8340748863935,41.1987285619458,40.0212833915783,3.63162298571256,3.66153569238199,7.91439656444711,12.3128685317896,40.9467566870362,12.3128685323068,5.20941210466417,2.43466920780274,12.1243981049352,51.0055727064002,51.0055727064002,13.0021944110908,3.16927471434286,4.76608231182356,13.0021944109133,38.6944811004416,6.81804759200654,72.195345178895,4.81273795548937,4.49833043870091,3.45916217723805,6.81804759200654,4.49833043870091,6.81804759200654,0.635477480044614,4.49833043870091,6.81804759200654,6.81804759200654,6.81804759200654,0.794106350969483,4.49833043870091,6.81804759200654,6.81804759200654,6.81804759200654,6.81804759200654,4.81273795548937
17.9214854510969,6.23563580462464,9.15173610164409,21.6348098967213,8.57294952147493,22.8232114255546,26.4084615292889,29.4869346670657,11.4351333013445,7.89933322933216,11.7844740717605,33.850759210011,35.2208437436708,34.0722284979369,3.59239504124422,3.92768274873066,8.154202172105,13.3792805931889,34.9258184675789,13.3792805926144,5.45593607351791,2.28903750236072,11.6080152610766,43.8669337864881,43.8669337864881,14.4022808693333,3.3097891193717,4.84845442390177,14.4022808688777,38.9147128245158,6.92332423246478,62.0868287905654,5.1881685647566,4.85611261258943,3.25172535272498,6.92332423246478,4.85611261258943,6.92332423246478,0.691330000597262,4.85611261258943,6.92332423246478,6.92332423246478,6.92332423246478,0.733063151158998,4.85611261258943,6.92332423246478,6.92332423246478,6.92332423246478,6.92332423246478,5.1881685647566
17.9004974985957,5.9260113685374,8.73798480631577,21.5360592465539,8.10448536623948,22.8347932739044,26.4889272800225,29.5897440784246,10.9206618782906,7.903305538504,11.2786252003731,34.2346617187009,35.4634282293547,34.4474253844876,3.46642686814485,3.75910208428563,7.79712612935479,12.7927229120851,35.1687405071402,12.7927229118459,5.29683656193255,2.44530271797462,11.6269635112268,44.1623960862061,44.1623960862061,13.787896571243,2.96175806411895,4.5605584717963,13.7878965712433,36.9121810172722,6.49533772112299,62.4979568098774,5.25190042590712,4.74184532622146,3.46709133634944,6.49533772112299,4.74184532622146,6.49533772112299,0.69525336868278,4.74184532622146,6.49533772112299,6.49533772112299,6.49533772112299,0.816703983597523,4.74184532622146,6.49533772112299,6.49533772112299,6.49533772112299,6.49533772112299,5.25190042590712
19.3650193546345,6.2499673407834,9.21440576459038,23.5587439192274,8.60802111945488,25.0526851877405,28.7059920298129,32.2964316638155,11.5803906481689,8.14065754159476,11.8902662021593,37.0862732534669,38.5661234699886,37.3151513256354,3.55391059159221,3.83702685203445,8.17501285755462,13.5235065623776,38.1806084864694,13.5235065635904,5.33003764388872,2.46693797872459,11.9408297639401,47.8299456776902,47.8299456776902,14.5501799048421,3.03335915381209,4.64691722200203,14.5501799043994,38.1256503288667,6.63885493694742,67.690150692782,5.31252430164721,4.62899389543823,3.50192334345158,6.63885493694742,4.62899389543823,6.63885493694742,0.647823676167451,4.62899389543823,6.63885493694742,6.63885493694742,6.63885493694742,0.829488233645195,4.62899389543823,6.63885493694742,6.63885493694742,6.63885493694742,6.63885493694742,5.31252430164721
20.4753019858653,5.98400324958981,8.96962794942236,25.051398349906,8.3213073447968,26.9455839311384,30.4377416185954,34.4733674933104,11.1457009373238,7.79314464293565,11.5082060813594,39.6693468944125,41.0312467379662,39.8552657850678,3.74912178890943,4.05559668123571,8.23766608488597,13.0465624819753,40.7527011752902,13.0465624819538,5.54507690459186,2.46344000012438,11.4438637083323,50.9076572773303,50.9076572773303,13.8968854556744,3.43407556313786,4.9826580952378,13.8968854556744,34.6296436536899,7.12046705838045,72.0949579807616,5.19236571599194,4.89955304342372,3.49955394888192,7.12046705838045,4.89955304342372,7.12046705838045,0.692778028781016,4.89955304342372,7.12046705838045,7.12046705838045,7.12046705838045,0.797188159579152,4.89955304342372,7.12046705838045,7.12046705838045,7.12046705838045,7.12046705838045,5.19236571599194
19.6821669004394,6.06408391254802,8.82628388797644,23.5676917862569,8.00398895748485,25.5734557241501,29.2982555951994,33.0082663296508,10.9489936901783,7.67687094347065,11.3481007224695,38.0399364092067,39.2209121531616,38.2440873871186,3.57962600312747,3.75033155997283,7.72941918978937,12.8237556447216,39.0056475757912,12.8237556441584,5.48689582250051,2.32936724198862,11.331625154609,48.6782514791566,48.6782514791566,13.9192779508445,3.16965666125542,4.79895003426887,13.9192779508229,39.5146325859112,6.84638849988183,68.8822990197245,4.96456672360931,5.26298787284228,3.30705918285151,6.84638849988183,5.26298787284228,6.84638849988183,0.684233324071732,5.26298787284228,6.84638849988183,6.84638849988183,6.84638849988183,0.769595034011042,5.26298787284228,6.84638849988183,6.84638849988183,6.84638849988183,6.84638849988183,4.96456672360931
19.0266045704574,6.22981568283328,9.23087560424996,22.9467754861631,8.5544327319538,24.5889126990266,28.1006111343402,31.6495107542528,11.5055656573218,7.95037573592271,11.838198576141,36.1924482876729,37.6982890467455,36.4371621195563,3.72400294771185,4.00351639767063,8.23515439112312,13.4282397916354,37.3172287912949,13.4282397912657,5.56534868999579,2.31864294238163,11.6665687989484,46.7354289951039,46.7354289951039,14.4437378099464,3.43651717700463,4.99527372662329,14.4437378099464,34.5795167466935,7.11205444914456,66.1559383105021,5.18292621079965,4.99681513776824,3.28972084544221,7.11205444914456,4.99681513776824,7.11205444914456,0.624220409660374,4.99681513776824,7.11205444914456,7.11205444914456,7.11205444914456,0.722336122117637,4.99681513776824,7.11205444914456,7.11205444914456,7.11205444914456,7.11205444914456,5.18292621079965
20.3339449002317,6.08075968756878,9.17339272038527,24.783884498468,8.55747952679945,26.5621805723911,30.1435773559168,34.1482128743485,11.4734614085655,7.50821950070414,11.783869674248,39.0007517223569,40.561982028481,39.2243678352015,3.67162141636516,3.85166504187824,8.37023717180532,13.3951553697034,40.2619000230251,13.3951553689975,5.36711522108599,2.36131634980642,11.0776770724675,50.2285048610137,50.2285048610137,14.2351236610731,3.24501250847218,4.89243240204165,14.2351236611922,40.4177536881999,6.97515773207998,71.087082855648,5.01102675859836,4.65138812306532,3.3515785791098,6.97515773207998,4.65138812306532,6.97515773207998,0.63797471251846,4.65138812306532,6.97515773207998,6.97515773207998,6.97515773207998,0.832429025605276,4.65138812306532,6.97515773207998,6.97515773207998,6.97515773207998,6.97515773207998,5.01102675859836
19.2136969133056,6.2845979635859,9.07089482486168,23.1620111209999,8.34650954637219,24.5888757783243,28.3291433082961,31.6141647085995,11.2479698321953,7.58321581095621,11.6364036516077,36.8082369138278,37.9518692647203,37.002423515002,3.86530865844794,3.93299194212099,7.79451785386362,13.1768153274973,37.8062937064248,13.1768153270665,5.54456766865454,2.67173920520461,11.1560662408594,47.1751707539133,47.1751707539133,14.4151906598121,3.47707738769682,5.0651921948533,14.4151906596763,41.1579963687353,7.22071649986555,66.7700458386762,4.77465163181851,5.18643827839839,3.78970032368819,7.22071649986555,5.18643827839839,7.22071649986555,0.700364892051574,5.18643827839839,7.22071649986555,7.22071649986555,7.22071649986555,0.730001712045106,5.18643827839839,7.22071649986555,7.22071649986555,7.22071649986555,7.22071649986555,4.77465163181851
17.512588812369,6.31658413393086,9.01894980453935,20.7159913921112,8.24013633959751,22.1189694250387,25.8566558797708,28.7822403232956,11.1825421664478,8.23409772167021,11.5623705187759,33.2400065311838,34.5481902423839,33.4836717642618,3.75558546897529,3.99114459211159,7.85245214560416,13.085419478567,34.2882328265166,13.0854194777545,5.57874886854354,2.41719500219602,12.0302295927906,43.0216017257672,43.0216017257672,14.254977268478,3.39642000966611,5.01822017607528,14.254977268795,40.929031337508,7.15258590070617,60.917202224881,4.96124995187801,5.20817179942794,3.43052528134271,7.15258590070617,5.20817179942794,7.15258590070617,0.671089812859137,5.20817179942794,7.15258590070617,7.15258590070617,7.15258590070617,0.801079133376612,5.20817179942794,7.15258590070617,7.15258590070617,7.15258590070617,7.15258590070617,4.96124995187801
19.4099936687222,5.8671051566372,8.67595234201876,23.4475076593421,7.93747895798793,25.2985288495929,28.8545747856389,32.4844151512589,10.8008702371295,7.76134387050114,11.2029234561523,37.4766844679151,38.6893725175681,37.6538955378577,3.43522145344224,3.58429447730722,7.78834022663526,12.6619591211373,38.5546202178536,12.6619591217377,5.26212862607755,2.39696901871362,11.4058475855267,48.0774206666692,48.0774206666692,13.5353957332626,3.02999227158099,4.52288751412664,13.535395733214,40.61084566106,6.46634313301227,68.0347715806798,4.75953966646204,5.15752419410302,3.40378094034839,6.46634313301227,5.15752419410302,6.46634313301227,0.704519247078196,5.15752419410302,6.46634313301227,6.46634313301227,6.46634313301227,0.704171575886278,5.15752419410302,6.46634313301227,6.46634313301227,6.46634313301227,6.46634313301227,4.75953966646204
17.3971556497665,5.54780537476935,8.30075191903941,21.0607985820615,7.69103222349224,22.5259793585204,25.7410848396624,29.015813812476,10.2486382278816,7.62208326557674,10.5790506330866,33.3152233164652,34.687939029,33.5556164633559,3.6519622217183,3.73451529171711,7.66663797878447,11.9823411412324,34.4276734960744,11.9823411412195,5.24138453212102,2.27009422242975,11.2012645681626,43.0631880711573,43.0631880711573,12.7555446708072,3.4160197635668,4.893353017907,12.7555446708736,34.6395711934417,6.96481141479307,60.9636705614114,4.62992153194115,4.60084589396685,3.22041876137327,6.96481141479307,4.60084589396685,6.96481141479307,0.607896805288625,4.60084589396685,6.96481141479307,6.96481141479307,6.96481141479307,0.676840729262213,4.60084589396685,6.96481141479307,6.96481141479307,6.96481141479307,6.96481141479307,4.62992153194115
17.576714138113,6.02874435050868,9.00138012446942,20.7342598087015,8.29695268248303,22.0777694411726,25.8026096297101,28.5988343670829,11.3221605851073,7.19245985580235,11.6557328182265,33.1011086139851,34.3900439989275,33.3293068293074,3.43086372039187,3.6222200098279,7.80293274321334,13.2551276696029,34.1428883414666,13.2551276695675,5.14805824369374,2.47990952453838,10.6627672977793,42.8743230285789,42.8743230285789,14.3869118602475,2.9154459933691,4.4582951076719,14.3869118600799,39.5700016272823,6.37642993240589,60.6796113379556,5.06204679237208,4.58780102869223,3.52058418646579,6.37642993240589,4.58780102869223,6.37642993240589,0.695409573525918,4.58780102869223,6.37642993240589,6.37642993240589,6.37642993240589,0.73003333725098,4.58780102869223,6.37642993240589,6.37642993240589,6.37642993240589,6.37642993240589,5.06204679237208
18.9688768508432,5.66383232821947,8.54239077024103,23.1618782429685,7.88551219843939,24.8010150767856,28.1908613144717,31.8169262307422,10.6250098506374,8.22659058746684,10.99617009492,36.6696134854271,38.087610161803,36.8807422735444,3.51132415822075,3.60985044358962,7.88801789316271,12.4269157043946,37.8529478973407,12.4269157040506,5.21571132532879,2.53071263728188,12.0071218514287,47.2473679153064,47.2473679153064,13.1047618508992,3.04946480596012,4.52038842405362,13.1047618512078,35.1609218703387,6.45665041578491,66.9020564216925,4.74440446764567,5.03537167341842,3.59091271673342,6.45665041578491,5.03537167341842,6.45665041578491,0.64172835952689,5.03537167341842,6.45665041578491,6.45665041578491,6.45665041578491,0.716047085821604,5.03537167341842,6.45665041578491,6.45665041578491,6.45665041578491,6.45665041578491,4.74440446764567
20.1300996489022,5.85748798224966,8.71749166962694,24.5766872737111,8.05571199466107,26.4740693571072,30.0327676804918,33.9572583220521,10.8981118269965,8.14632773020912,11.2537600858456,39.1583670019145,40.4066634135466,39.3555331849122,3.46385548928227,3.81758589081404,7.80778769975508,12.7704259821494,40.1455457696084,12.7704259814111,5.26372193866616,2.41836890198846,11.9139263266507,50.1660391093046,50.1660391093046,13.7415705919237,3.00065726783135,4.55125706958062,13.7415705925131,36.0500286464084,6.52102356576597,71.0053396192456,5.18200150399784,4.67999967208874,3.4367440137817,6.52102356576597,4.67999967208874,6.52102356576597,0.701340870061582,4.67999967208874,6.52102356576597,6.52102356576597,6.52102356576597,0.70719973651761,4.67999967208874,6.52102356576597,6.52102356576597,6.52102356576597,6.52102356576597,5.18200150399784
17.5400211752355,5.72211912812119,8.65556868506939,20.779978273709,7.89941376432039,22.4141645753032,25.909581626332,29.0224787902922,10.8190374550357,8.04185638308401,11.202462328132,33.4188526995707,34.8288603192052,33.6111089375516,3.30941491121641,3.59190794832471,7.96602031265025,12.6551762043231,34.5139211355169,12.6551762043547,5.23275736314544,2.4225703333133,11.7661517314852,43.3367191866496,43.3367191866496,13.3415694431995,2.79144257371044,4.26814774471769,13.341569443025,40.4818478557569,6.10362391859195,61.3345924615285,5.070509457933,5.15447892721876,3.43846218188792,6.10362391859195,5.15447892721876,6.10362391859195,0.659894644690478,5.15447892721876,6.10362391859195,6.10362391859195,6.10362391859195,0.765485227738519,5.15447892721876,6.10362391859195,6.10362391859195,6.10362391859195,6.10362391859195,5.070509457933
19.8847554040468,5.77582813190156,8.60289115921243,24.3056580843339,7.89530886037357,26.0986682548932,29.677385159755,33.5246676495951,10.6178783656125,8.64708666943879,11.0161435354388,38.7459359031437,40.0050457057631,38.9373272814328,3.73407992589738,3.75238626473433,7.92374737952768,12.4414956127005,39.8481626387276,12.4414956118873,5.44304951172307,2.5411158906551,12.644383582282,49.6357615928219,49.6357615928219,13.2169063239729,3.31556656832821,4.93081818650211,13.2169063255302,36.1905109958988,7.02313704512155,70.2389548025452,4.74252753106823,5.11907147351347,3.60373387147735,7.02313704512155,5.11907147351347,7.02313704512155,0.685913337715012,5.11907147351347,7.02313704512155,7.02313704512155,7.02313704512155,0.705300671390514,5.11907147351347,7.02313704512155,7.02313704512155,7.02313704512155,7.02313704512155,4.74252753106823
18.7774433335686,5.75268597612075,8.60840153512208,22.6772246413049,7.93997638053089,24.454867270965,27.8444129779934,31.4183139922007,10.7417002510163,7.30051927282617,11.0907702893775,36.041612781086,37.4027620998833,36.2390202765756,3.41392775289533,3.61017553643998,7.88253938781318,12.5707462177895,37.1777649434977,12.5707462180316,5.15514112649637,2.27809864370783,10.7697771152933,46.4482399890014,46.4482399890014,13.3354369655175,3.05690080813234,4.54013553450696,13.3354369658004,39.5639875957305,6.48712163990357,65.7417250717157,4.80323266929073,4.74569553111253,3.23558036419703,6.48712163990357,4.74569553111253,6.48712163990357,0.660526108604687,4.74569553111253,6.48712163990357,6.48712163990357,6.48712163990357,0.745875833365837,4.74569553111253,6.48712163990357,6.48712163990357,6.48712163990357,6.48712163990357,4.80323266929073
18.9975033767621,6.09484558090571,8.97168520265775,22.9508339062504,8.31540327509873,24.3771363160078,28.093196799649,31.5696463127465,11.119764546019,7.65138065099589,11.4889113475219,36.3816312723975,37.6070229889262,36.6194895895057,3.75549689511605,4.02560948481415,7.84743639949783,13.0143241685333,37.2919620838018,13.0143241685779,5.63292696601979,2.33043655142974,11.2968791605855,46.7138078291335,46.7138078291335,14.2049300994726,3.39704949664544,5.07079640215674,14.2049300994342,41.1335456445445,7.22829702815156,66.1110222559377,5.22332184062159,5.04339850984574,3.30858823883627,7.22829702815156,5.04339850984574,7.22829702815156,0.675671546112353,5.04339850984574,7.22829702815156,7.22829702815156,7.22829702815156,0.678744970085143,5.04339850984574,7.22829702815156,7.22829702815156,7.22829702815156,7.22829702815156,5.22332184062159
18.7226349194408,6.31110535825873,9.08528420505731,22.7849953579037,8.48976330756688,23.9406827268837,27.6322408009373,30.8657886622901,11.3238815422722,8.0040755330781,11.6983049105057,35.7552405452932,37.0314919055152,35.9914832165452,3.69759939909911,4.00312678111601,7.96422118431494,13.2574509466966,36.7469122206114,13.2574509468218,5.53439923412912,2.58883448607085,11.7251141801932,46.0581806483964,46.0581806483964,14.3919970461327,3.2572745336711,4.84921345166492,14.3919970460585,34.5194276386516,6.91150539887107,65.1720173790747,5.26148129933207,5.05651734586051,3.67166600955812,6.91150539887107,5.05651734586051,6.91150539887107,0.699115931607752,5.05651734586051,6.91150539887107,6.91150539887107,6.91150539887107,0.742109547174318,5.05651734586051,6.91150539887107,6.91150539887107,6.91150539887107,6.91150539887107,5.26148129933207
19.0031724228868,5.70764809133192,8.55620500079902,23.1495032552946,7.88724585546131,24.9006869994062,28.3267018623164,32.0903334253804,10.5289308017591,8.35921113997722,10.9123208916428,36.8259484674278,38.1728116273034,37.0589982777085,3.74761855021014,3.93197285243977,8.00600214460832,12.324195626642,37.8795266510428,12.3241956272895,5.58602479071193,2.29760583462069,12.2680260941693,47.3737363537306,47.3737363537306,13.0646579453109,3.46250749245274,5.06580222735141,13.0646579452207,34.292510220745,7.21489479214729,67.0560970870038,5.07129740763845,5.0490647782611,3.26092522860181,7.21489479214729,5.0490647782611,7.21489479214729,0.65875069309184,5.0490647782611,7.21489479214729,7.21489479214729,7.21489479214729,0.734668432148517,5.0490647782611,7.21489479214729,7.21489479214729,7.21489479214729,7.21489479214729,5.07129740763845
17.8080712517665,6.15530834343967,9.11711351381886,21.344682237051,8.49105411418731,22.5506742493593,26.1052095485735,29.0344136780768,11.4310943789991,7.40308764754256,11.7244720648265,33.5528047859711,34.9985149415855,33.7725311033275,3.68797108838321,3.89623435564672,8.01884784452042,13.3447587430958,34.6470372096831,13.3447587426795,5.26845869079288,2.58361486773965,10.8740004333206,43.4660490546891,43.4660490546891,14.4256856003326,3.25987157439338,4.78704512618442,14.425685600804,39.5414818343676,6.81602207221608,61.5208771127006,5.03193969052798,4.48486019605955,3.66264305741897,6.81602207221608,4.48486019605955,6.81602207221608,0.623105094942245,4.48486019605955,6.81602207221608,6.81602207221608,6.81602207221608,0.778995698635972,4.48486019605955,6.81602207221608,6.81602207221608,6.81602207221608,6.81602207221608,5.03193969052798
20.2105780022998,6.29941480387475,9.15710972740012,24.7558211085683,8.54687618586761,26.3931437718017,29.9799913124655,33.8465745276843,11.395451660119,7.8669439721065,11.7510938679698,38.8711680651129,40.3127155421655,39.0793762087321,3.78895519827677,3.92294762290994,8.31219273382758,13.3339823138534,40.1252088603593,13.3339823134637,5.48429996632518,2.46072017639735,11.5615730027256,50.0264998956734,50.0264998956734,14.2293223706034,3.46822331449402,5.04908986028711,14.2293223701635,35.8619558446511,7.20719278407748,70.812547099155,4.85472561628611,4.91604078895976,3.49427760685874,7.20719278407748,4.91604078895976,7.20719278407748,0.691684818571107,4.91604078895976,7.20719278407748,7.20719278407748,7.20719278407748,0.755446617496492,4.91604078895976,7.20719278407748,7.20719278407748,7.20719278407748,7.20719278407748,4.85472561628611
19.8491125952114,5.72728134039166,8.67876736817985,23.9733011120583,7.88591187498211,26.2129732622911,29.6063169396117,33.4869232699957,10.811098110836,8.24406582224545,11.1630883256031,38.5258925472035,39.8570936180532,38.6998244929995,3.52610004622894,3.68262462380035,7.87749439306966,12.6403866870482,39.6205682836932,12.6403866873367,5.23422772670596,2.4127283735004,12.0324856536019,49.3757809646147,49.3757809646147,13.4571576329109,3.16138067225711,4.61368883320709,13.4571576329109,37.1631024380447,6.59599996087672,69.8761386130184,4.77391902919851,4.90242785586195,3.42648183086862,6.59599996087672,4.90242785586195,6.59599996087672,0.638369466123603,4.90242785586195,6.59599996087672,6.59599996087672,6.59599996087672,0.750174652242332,4.90242785586195,6.59599996087672,6.59599996087672,6.59599996087672,6.59599996087672,4.77391902919851
17.7415440334369,6.11811682356536,8.96492401184973,20.8962176475517,8.19584985473918,22.4416202679673,26.0250893166008,29.0355498003939,11.2458210455549,7.39484519315284,11.5695844979408,33.4815672420416,34.9696591277409,33.6940272610942,3.48451290540636,3.60080597334021,7.90857337183057,13.1234490738413,34.5826606542219,13.1234490746325,5.21856230829322,2.52858464144437,10.9173162220935,43.4016809392786,43.4016809392786,14.1127223170894,2.94345368568861,4.46416150225831,14.1127223166008,38.4867299390272,6.3724003809628,61.4243340420696,5.01725742193824,4.87822584047331,3.58683290657765,6.3724003809628,4.87822584047331,6.3724003809628,0.604733200687964,4.87822584047331,6.3724003809628,6.3724003809628,6.3724003809628,0.696845505021012,4.87822584047331,6.3724003809628,6.3724003809628,6.3724003809628,6.3724003809628,5.01725742193824
18.7025161241668,6.08893899180659,9.1394748190447,22.3345264306023,8.45680535935696,24.0279840210488,27.5159449118839,30.844305954594,11.4729833220535,7.52049712499406,11.7720201684046,35.4849615365722,36.9609176607834,35.71180977507,3.62549582275411,3.87955031948093,8.12683529453404,13.4062422840061,36.6516886994905,13.4062422840548,5.24569350097441,2.48542731949314,11.0487181186657,45.9078603143531,45.9078603143531,14.4191443288504,3.24431329257925,4.75602519833131,14.4191443292676,33.5530612219196,6.78768692137406,64.9840554043902,5.05638313310624,4.40899551820542,3.52727767113347,6.78768692137406,4.40899551820542,6.78768692137406,0.654997849387623,4.40899551820542,6.78768692137406,6.78768692137406,6.78768692137406,0.686145927469682,4.40899551820542,6.78768692137406,6.78768692137406,6.78768692137406,6.78768692137406,5.05638313310624
18.818690865428,6.19789993221101,9.02342082825948,22.5429651799057,8.28034170578923,24.4055223648053,27.840509246281,31.3155100250828,11.308191904025,7.33687821414918,11.6548402723155,35.9192221154452,37.3571114010956,36.1377324341301,3.42572498387727,3.774483879063,8.00476087667621,13.2106634890089,36.9951770477645,13.2106634886313,5.33191015421858,2.35371967206097,10.8018047098221,46.3587623268618,46.3587623268618,14.1899038743187,3.06314681135871,4.50201333302061,14.1899038738123,35.1629373790952,6.43026068944598,65.6202953385811,5.19201348874925,4.99991145312784,3.3413915170739,6.43026068944598,4.99991145312784,6.43026068944598,0.641989090298969,4.99991145312784,6.43026068944598,6.43026068944598,6.43026068944598,0.80420486354988,4.99991145312784,6.43026068944598,6.43026068944598,6.43026068944598,6.43026068944598,5.19201348874925
18.7766608412218,6.0711189742929,9.03055647427907,22.3834903992797,8.29138383653536,24.1203333341342,27.7990932639179,31.2073579288285,11.3374617685172,7.98457461595435,11.7061824816362,35.9216047313487,37.3224162567729,36.1131504533103,3.36763207587763,3.69153038385453,8.01503738789723,13.266404968058,37.0202735897771,13.2664049685095,5.28689632719283,2.43759046538279,11.7061409368737,46.4238653998662,46.4238653998662,14.2304842507242,2.82493003539831,4.36583855112295,14.2304842487431,36.054170627837,6.25734248417026,65.7425711470109,5.19636525268696,5.03984366466919,3.46297559085909,6.25734248417026,5.03984366466919,6.25734248417026,0.69127644724638,5.03984366466919,6.25734248417026,6.25734248417026,6.25734248417026,0.73341279370597,5.03984366466919,6.25734248417026,6.25734248417026,6.25734248417026,6.25734248417026,5.19636525268696
17.8616975719172,5.67606638203682,8.55348931207858,21.4858194386601,7.88816660953124,23.0382773960338,26.4944891119725,29.8438196265365,10.6202303107134,7.86449527490378,10.9304657424819,34.2592880209627,35.6021893561798,34.4573038789322,3.62457384222621,3.68621176981831,7.65137483540915,12.405397994591,35.3027567550092,12.4053979928581,5.23030820784873,2.2404246037433,11.5636351916447,44.1521890921447,44.1521890921447,13.3782827882585,3.25627946398151,4.85521832335554,13.3782827891476,39.8206671735023,6.92448566914611,62.4998694307724,4.70783241181743,4.5531579259841,3.18150003653942,6.92448566914611,4.5531579259841,6.92448566914611,0.596208795119955,4.5531579259841,6.92448566914611,6.92448566914611,6.92448566914611,0.728471368154371,4.5531579259841,6.92448566914611,6.92448566914611,6.92448566914611,6.92448566914611,4.70783241181743
19.3629206810181,5.71734671712458,8.69444217414312,23.2389778078094,7.92100456035666,25.0659859686876,28.7318148669186,32.3363823049694,10.7011884217382,7.92837284883833,11.0909931301479,37.4346626045399,38.7572979815709,37.67862550746,3.93615531490018,3.92709875768717,8.08595112353931,12.5417225534918,38.6047694439867,12.5417225530165,5.56533624211385,2.65709305029783,11.6723330257986,48.1421445293635,48.1421445293635,13.3164709678549,3.49274499491822,5.188421077935,13.3164709683563,37.4879223659941,7.39272982500697,68.1362587485262,4.78794154368498,5.02543920085231,3.76895728592709,7.39272982500697,5.02543920085231,7.39272982500697,0.696309614650812,5.02543920085231,7.39272982500697,7.39272982500697,7.39272982500697,0.822683445835434,5.02543920085231,7.39272982500697,7.39272982500697,7.39272982500697,7.39272982500697,4.78794154368498
19.2822215619166,6.16247103792958,9.06613596091596,23.3696568403399,8.37247596068802,25.0001014748742,28.573513722763,32.0195125487696,11.398415175704,7.87207529949614,11.7328245294815,37.016014801803,38.3253251889231,37.2092487169284,3.45532882213149,3.58165725772425,7.71997938699136,13.3262075491402,38.0493080626713,13.3262075492842,5.17654027247623,2.53459491928972,11.5714948765914,47.5592872678753,47.5592872678753,14.5403897749902,2.97484245929737,4.43605758349996,14.5403897749705,39.0500005067489,6.34577955007842,67.2991515247018,4.97690459681036,4.81279483583846,3.59761174050179,6.34577955007842,4.81279483583846,6.34577955007842,0.658024012632914,4.81279483583846,6.34577955007842,6.34577955007842,6.34577955007842,0.765118794389419,4.81279483583846,6.34577955007842,6.34577955007842,6.34577955007842,6.34577955007842,4.97690459681036
20.1608710995199,6.41692125476771,9.22099862282544,24.5487099379514,8.51203133137331,26.2979259940579,29.8531673433264,33.626824278207,11.5423902870047,7.4136703895776,11.910049107306,38.8109420166382,40.1822141420385,38.99311113914,3.56799240753791,3.75372469866484,7.96222137094065,13.4888429670066,39.8362069134124,13.4888429679434,5.47108498571795,2.56197741987165,10.9690039719963,49.8197221664339,49.8197221664339,14.6551022169703,3.15938746365257,4.60881011137614,14.6551022168289,33.6134449202582,6.58728048228092,70.5072989210083,5.21600271311518,5.26533593042119,3.63621514574221,6.58728048228092,5.26533593042119,6.58728048228092,0.658638879141302,5.26533593042119,6.58728048228092,6.58728048228092,6.58728048228092,0.80699181475539,5.26533593042119,6.58728048228092,6.58728048228092,6.58728048228092,6.58728048228092,5.21600271311518
17.2405553420085,5.71358129921499,8.50188986255484,20.6601271496183,7.84928456265733,21.9326404124412,25.4300468419411,28.4844322791749,10.5402457773312,8.34369183265445,10.8673256734845,32.9134931485412,34.3180554852899,33.1702283738049,3.69994304419182,3.86690048509064,7.83044763198888,12.3137257171284,33.9141619197853,12.3137257175791,5.36620342495232,2.52128733720203,12.1968196571686,42.6081571303773,42.6081571303773,13.1339542991479,3.20976498814872,4.83096822902909,13.1339542991084,38.6211532618773,6.88699540272742,60.30643756048,5.09528907376679,4.68440094835193,3.57656230616094,6.88699540272742,4.68440094835193,6.88699540272742,0.604852461623901,4.68440094835193,6.88699540272742,6.88699540272742,6.88699540272742,0.748851317747369,4.68440094835193,6.88699540272742,6.88699540272742,6.88699540272742,6.88699540272742,5.09528907376679
18.0464216094925,6.22809398048453,9.05050046348807,21.7907011050278,8.43956311204081,22.9513664820184,26.6622062245264,29.8484389898129,11.2689723883081,8.09489958912312,11.6253618967249,34.199691299964,35.5930740769821,34.4213100947925,3.61102407796861,3.66962704080638,7.95331827221457,13.1732909152933,35.3975368197787,13.1732909174145,5.37205813913747,2.23842309993699,11.8874504493851,44.2375228181291,44.2375228181291,14.2130317732525,3.24711091242147,4.87743177431701,14.2130317727023,35.5684282897002,6.94795318576248,62.6299444463062,4.63491053227211,5.0734617514309,3.1769922154821,6.94795318576248,5.0734617514309,6.94795318576248,0.649284703451404,5.0734617514309,6.94795318576248,6.94795318576248,6.94795318576248,0.670381071040236,5.0734617514309,6.94795318576248,6.94795318576248,6.94795318576248,6.94795318576248,4.63491053227211
17.3013461726195,5.65210818520602,8.42564200911285,20.7905719732026,7.75062231687583,22.1429996553624,25.6817506724225,28.632373483955,10.5244323272302,7.87469831274138,10.8790327477987,33.2114202781295,34.3692564918175,33.4204920803384,3.36792940609334,3.3975734978724,7.33531721417034,12.3319753205425,34.2016489280918,12.3319753202524,5.01073548388472,2.41730851706235,11.5753561656267,42.7915644362468,42.7915644362468,13.3781407803265,2.88350929361242,4.3708022945656,13.3781407798901,37.8819109950226,6.24975285307241,60.5624371889536,4.64677967264319,4.69538359732814,3.43155114532163,6.24975285307241,4.69538359732814,6.24975285307241,0.668983864188655,4.69538359732814,6.24975285307241,6.24975285307241,6.24975285307241,0.799734799997019,4.69538359732814,6.24975285307241,6.24975285307241,6.24975285307241,6.24975285307241,4.64677967264319
19.4508820563231,5.47737850656113,8.33550845204267,23.2938041520078,7.52668497047961,25.5777805027905,28.9906772478394,32.8647782477418,10.3636950756551,7.79568595002669,10.7029345276665,37.9005366997552,39.2251098217873,38.1054959274265,3.49473478778378,3.65355625869001,7.54104574182484,12.1155297456701,38.8948472413086,12.1155297458965,5.17265229030766,2.44970558303405,11.4284405928876,48.5782432032624,48.5782432032624,12.9808555543201,2.99384614071699,4.52035028884167,12.9808555544692,40.4262204869478,6.46484952191305,68.7695683868797,4.90305811792566,4.72690351304469,3.47844205823131,6.46484952191305,4.72690351304469,6.46484952191305,0.611057791980994,4.72690351304469,6.46484952191305,6.46484952191305,6.46484952191305,0.718901504322948,4.72690351304469,6.46484952191305,6.46484952191305,6.46484952191305,6.46484952191305,4.90305811792566
17.4996507228012,5.63331574875163,8.52392953325684,20.9579612649005,7.86854970142782,22.4439831162099,25.9513408605403,29.103769359233,10.6134637944465,7.95999360261407,10.9500855763864,33.4755461394368,34.7484118165836,33.6841186607498,3.48459901288443,3.66760591629548,7.71615276138518,12.4289478383136,34.5276865591932,12.4289478395717,5.16208892131565,2.24253518276397,11.681818250829,43.2463274246797,43.2463274246797,13.3133324985201,3.10967109842108,4.69223354726292,13.3133324964582,37.6708959262316,6.67909256108548,61.217838189013,4.79707316495185,4.53080873677495,3.18088101053958,6.67909256108548,4.53080873677495,6.67909256108548,0.665979247518418,4.53080873677495,6.67909256108548,6.67909256108548,6.67909256108548,0.74855579157451,4.53080873677495,6.67909256108548,6.67909256108548,6.67909256108548,6.67909256108548,4.79707316495185
20.3992197328985,5.63093736962612,8.68611895467765,25.029480070537,8.02946792271678,26.8955718519089,30.3660600721813,34.4794018797232,10.7769562703814,7.76251269809466,11.1364438593981,39.6390181407461,40.98871944181,39.8287969758578,3.63613926991965,3.89974957794931,8.01764450749624,12.5955211745041,40.6048592928282,12.5955211743198,5.50883732772273,2.42381805246657,11.4391597515581,50.7423503055947,50.7423503055947,13.3983948271366,3.21672381485277,4.7907291154568,13.3983948257766,37.3311624029384,6.8391467543802,71.8116676209172,5.31586040029161,4.98967486002375,3.44109265633601,6.8391467543802,4.98967486002375,6.8391467543802,0.635763048395356,4.98967486002375,6.8391467543802,6.8391467543802,6.8391467543802,0.78725107668137,4.98967486002375,6.8391467543802,6.8391467543802,6.8391467543802,6.8391467543802,5.31586040029161
18.5648799625368,5.58021565156635,8.33111546236527,22.5841009637669,7.6743299783121,23.9894624563503,27.508066605957,30.965217423705,10.2885145802411,7.96535236796779,10.643819608944,35.9350483357044,37.2095120836437,36.17347419385,3.72433769227342,3.79109372191524,7.60117094029066,12.0324298344832,36.8736407852147,12.0324298343442,5.37562078574715,2.63194059747099,11.6945607332934,46.1237468882792,46.1237468882792,12.9112883975751,3.18743347796016,4.79554657545188,12.9112883976903,40.5661121892195,6.8453697774903,65.2702344878136,4.99844650279178,4.86373473134363,3.73421122636754,6.8453697774903,4.86373473134363,6.8453697774903,0.61554060380454,4.86373473134363,6.8453697774903,6.8453697774903,6.8453697774903,0.698545222809799,4.86373473134363,6.8453697774903,6.8453697774903,6.8453697774903,6.8453697774903,4.99844650279178
17.5587715606152,5.79389490684717,8.66285508789741,20.8265656630158,7.92375505320317,22.460160593127,25.8762065092595,29.0716279458335,10.7472624392388,7.33500463170423,11.108700876647,33.2876972152897,34.7760183446767,33.5229924183463,3.56977960367448,3.68000187578291,7.92103340583159,12.5617508735655,34.5568069489703,12.5617508734478,5.29275419764751,2.28345646470065,10.7945967196361,43.2134186003355,43.2134186003355,13.3308349937559,3.25841157565391,4.75861219247128,13.3308349928282,40.6923866452258,6.79681620571766,61.1842138451464,4.57916236429896,5.04439505806369,3.24391487875823,6.79681620571766,5.04439505806369,6.79681620571766,0.626854975474066,5.04439505806369,6.79681620571766,6.79681620571766,6.79681620571766,0.695548692513567,5.04439505806369,6.79681620571766,6.79681620571766,6.79681620571766,6.79681620571766,4.57916236429896
19.3792620902227,6.2604446373881,9.29221236677796,23.219453718966,8.57064743153331,25.0420898114724,28.6787884059703,32.1471392365798,11.6553132581245,8.20898158739531,11.9806133973702,36.9675009310617,38.3150286989569,37.1670388483519,3.62653351836662,3.7395597078219,8.16899292090064,13.6365917246399,38.1237944305742,13.6365917251706,5.3003807651785,2.40867938174511,12.0710616233422,47.6132110417238,47.6132110417238,14.7202617561607,3.27023821800669,4.84585203863754,14.7202617568678,40.6082611377023,6.89750536869823,67.381426512847,4.94060845602645,4.58663069742729,3.41578861372971,6.89750536869823,4.58663069742729,6.89750536869823,0.699064603846895,4.58663069742729,6.89750536869823,6.89750536869823,6.89750536869823,0.685423995983506,4.58663069742729,6.89750536869823,6.89750536869823,6.89750536869823,6.89750536869823,4.94060845602645
20.1772059251795,5.88029003107522,8.84465022404488,24.3784524914049,8.04208505298844,26.5730630645246,30.1084583823635,33.9940780907994,11.0901533592084,8.359462532759,11.4010106765215,39.2152592074123,40.6069723105617,39.4093167256028,3.5383753863751,3.50575321059424,7.75288199296111,12.9520919506076,40.3826342200518,12.9520919505319,5.04529178611997,2.58092658881816,12.2028485427508,50.2526844752185,50.2526844744388,13.9554560312528,2.99088492534034,4.51629504344227,13.9554560309293,41.328513987995,6.45443552075811,71.1104767890623,4.59452149211727,4.62717105671581,3.6623159079222,6.45443552075811,4.62717105671581,6.45443552075811,0.615155401572693,4.62717105671581,6.45443552075811,6.45443552075811,6.45443552075811,0.795626280535937,4.62717105671581,6.45443552075811,6.45443552075811,6.45443552075811,6.45443552075811,4.59452149211727
17.9700275720943,5.61816701157615,8.38088521893446,21.49815545965,7.64333651503142,23.0071693373713,26.5348616942771,29.7493515601679,10.3969576083628,7.48167975000006,10.7725554048208,34.5577007037873,35.7989998748787,34.7863629876811,3.5367544600078,3.70230035642459,7.48527612363285,12.1633573787027,35.4501843533702,12.1633573796037,5.31222639995025,2.5764274364126,11.007884160024,44.4436835074,44.4436835074,13.1151118000146,2.98335197478361,4.51530186993433,13.115111799833,35.2479698184125,6.46380758125563,62.9003689719202,5.04325342102737,5.05335038912301,3.65791171140631,6.46380758125563,5.05335038912301,6.46380758125563,0.628566197399211,5.05335038912301,6.46380758125563,6.46380758125563,6.46380758125563,0.68964819004268,5.05335038912301,6.46380758125563,6.46380758125563,6.46380758125563,6.46380758125563,5.04325342102737
20.3769925702657,6.03613214778558,8.82626176945921,24.3757947541162,7.99676668669461,26.5561878845191,30.2161681866007,34.0662939231089,11.0000794073292,7.4708660001062,11.3474441609557,39.3836243419936,40.6141902987562,39.5660172796393,3.63546535703607,3.67815451336795,7.6902649028068,12.8702466970702,40.4162139591521,12.8702466960477,5.25853047718667,2.5292055326879,11.0094045297216,50.3289091953774,50.3289091953774,13.9718620176078,3.14983088654733,4.75278141971046,13.9718620185784,37.1325714335388,6.76964048664147,71.2296995466761,4.72072243230113,4.83077494093907,3.58625607473437,6.76964048664147,4.83077494093907,6.76964048664147,0.657266129661952,4.83077494093907,6.76964048664147,6.76964048664147,6.76964048664147,0.70610649045621,4.83077494093907,6.76964048664147,6.76964048664147,6.76964048664147,6.76964048664147,4.72072243230113
20.015469405813,5.64906392377942,8.39296861611184,24.5130813454453,7.72636964169894,26.4560893107169,29.8556515197476,33.8783884443175,10.4720184875796,7.07351347880723,10.8420810766885,38.9364055051017,40.1882696502407,39.1367613945103,3.2468358410646,3.58361923074874,7.49294945141374,12.262308423233,39.901244346146,12.2623084227919,5.13915546317155,2.24600923242545,10.4384967418283,49.8271363707484,49.8271363707484,13.1771267562883,2.83745054457035,4.30535931385525,13.1771267565627,36.0511757695994,6.13709396125458,70.51702633977,4.993914567936,4.90328811645084,3.1859914271128,6.13709396125458,4.90328811645084,6.13709396125458,0.656158854763225,4.90328811645084,6.13709396125458,6.13709396125458,6.13709396125458,0.772457935231868,4.90328811645084,6.13709396125458,6.13709396125458,6.13709396125458,6.13709396125458,4.993914567936
19.0095672502159,5.42833273123189,8.28772689519164,23.018322384378,7.50451287350539,25.1005609452558,28.5131696813814,32.3568621817958,10.2959007271442,8.33554882277767,10.6855889903511,37.2475998166654,38.5438001741336,37.4408797739653,3.29323026089409,3.62187670111398,7.44783142570387,12.0404712601142,38.1568182756207,12.0404712592172,5.27734427300955,2.32115264617863,12.1636276514431,47.7691372935421,47.7691372935421,12.9189823722721,2.80128850718536,4.28228320902015,12.9189823723445,38.2560305646415,6.12663455240966,67.6141861102142,5.1365535958931,5.20170134516778,3.29627770979661,6.12663455240966,5.20170134516778,6.12663455240966,0.618764306511662,5.20170134516778,6.12663455240966,6.12663455240966,6.12663455240966,0.755912007304102,5.20170134516778,6.12663455240966,6.12663455240966,6.12663455240966,6.12663455240966,5.1365535958931
18.7156587904853,5.87887155218268,8.90277477305071,22.7342946185756,8.30352807863866,24.1366767868218,27.6618344273372,31.1099332581721,11.079727071364,8.33551286559863,11.4121772315517,35.8839813300252,37.3323254862114,36.1051535845805,3.76825781704734,3.89885602964056,8.14696022341956,12.9556989945716,37.0154552087149,12.9556989950469,5.42614310361146,2.56372585859316,12.2179267875536,46.365094892663,46.365094892663,13.8196532855988,3.34014191056297,4.95031698891705,13.8196532860942,35.2546937433011,7.06098019623395,65.6306380026201,5.08845790327929,4.67642756887846,3.63765390187543,7.06098019623395,4.67642756887846,7.06098019623395,0.658139519280623,4.67642756887846,7.06098019623395,7.06098019623395,7.06098019623395,0.676766042885364,4.67642756887846,7.06098019623395,7.06098019623395,7.06098019623395,7.06098019623395,5.08845790327929
19.0372930882576,5.93650147193064,8.8167583819113,23.1347534654867,8.15906176799758,24.5355610158685,28.2298135552319,31.7153997470781,11.0016511151539,7.54202929620068,11.404061524724,36.6292920357032,37.9280307915296,36.8160928290323,3.42322503865162,3.47405337865714,7.74410970740185,12.8843973458942,37.7582450280164,12.8843973462791,5.26179000884764,2.48002556153564,11.1333287955163,47.1414439705662,47.1414439705662,13.8635218933463,2.88788148729481,4.4361020728937,13.8635218928749,35.4223074890499,6.34707742588877,66.7170264048856,4.74290087826771,5.30600543797519,3.52110561744977,6.34707742588877,5.30600543797519,6.34707742588877,0.688507042836618,5.30600543797519,6.34707742588877,6.34707742588877,6.34707742588877,0.75040199062226,5.30600543797519,6.34707742588877,6.34707742588877,6.34707742588877,6.34707742588877,4.74290087826771
19.7957331687237,6.20177136505638,9.09695039876239,23.6657237396572,8.31885474015529,25.856656745177,29.3437858780301,33.0944331775924,11.3987226132519,7.32056475261315,11.7055825859808,38.0892384752163,39.3900832602161,38.2798785055777,3.60752288261903,3.93044033516288,7.8456449478822,13.3223218695496,39.0467528043544,13.3223218693621,5.32631991241656,2.36151140790828,10.790533666667,48.8455996418566,48.8455996418566,14.5511718495102,3.27627621920706,4.79541101862908,14.5511718492972,36.5824257938578,6.84821567828982,69.1511019195749,5.17002134558728,4.49753004360335,3.35377678933189,6.84821567828982,4.49753004360335,6.84821567828982,0.652500897871988,4.49753004360335,6.84821567828982,6.84821567828982,6.84821567828982,0.819117901974921,4.49753004360335,6.84821567828982,6.84821567828982,6.84821567828982,6.84821567828982,5.17002134558728
17.3792959863772,5.6991061831427,8.3610303182718,20.7881421378919,7.6588610245989,22.1795053302426,25.6628138958841,28.7652951284088,10.3826575046881,7.27108708966744,10.7513877386568,33.331450115707,34.621444085075,33.53394970718,3.46708873189681,3.58883816015977,7.51125618012327,12.1409690555495,34.2713141955684,12.1409690562213,5.25454937039194,2.49173835508023,10.7523789394807,43.0055142399465,43.0055142399465,13.0365127977091,2.93745933838636,4.46972206525083,13.0365127977035,41.3202008156356,6.37310422715664,60.8704251107171,4.98355014589646,5.0210302500371,3.53363565165304,6.37310422715664,5.0210302500371,6.37310422715664,0.618418157805862,5.0210302500371,6.37310422715664,6.37310422715664,6.37310422715664,0.77742182096413,5.0210302500371,6.37310422715664,6.37310422715664,6.37310422715664,6.37310422715664,4.98355014589646
18.0397234638695,5.68091912844286,8.46141657925636,21.5978072280472,7.72452076590581,23.374345672091,26.7333795006289,30.1162193727804,10.4959567440322,7.40774793945321,10.9014269963933,34.6661151394934,35.9394398097357,34.8660237048766,3.38104649941891,3.66361393145346,7.67456013125811,12.294689751076,35.652102547916,12.2946897506981,5.3570596365291,2.28071489946042,10.9386418790125,44.7043117678703,44.7043117678703,13.1411926437683,3.06118737264263,4.50632907995535,13.1411926436762,34.740972343841,6.4249113362042,63.2732551557546,5.06921908740454,5.20759275793433,3.23609419440344,6.4249113362042,5.20759275793433,6.4249113362042,0.673035039593143,5.20759275793433,6.4249113362042,6.4249113362042,6.4249113362042,0.696636489633616,5.20759275793433,6.4249113362042,6.4249113362042,6.4249113362042,6.4249113362042,5.06921908740454
18.116633808787,5.77987905304549,8.60978406862158,21.4854402200775,7.81434469197645,23.3692035679832,26.9179146741275,30.3609694068193,10.6674025364822,8.36514362384772,11.0137131411231,34.8223258397488,36.2029019385345,35.0464118344046,3.62591477179488,3.85039849197338,7.85804031005526,12.4626005354781,35.8562078106547,12.4626005356712,5.40569295719818,2.26890181986926,12.2150837194963,44.9004888957498,44.9004888957498,13.3106126206543,3.2090827019425,4.83679730855475,13.3106126208489,39.0190126368457,6.90830730773626,63.5677619227384,4.95982898619691,4.92031951997186,3.22383216610871,6.90830730773626,4.92031951997186,6.90830730773626,0.610403890764284,4.92031951997186,6.90830730773626,6.90830730773626,6.90830730773626,0.745581669584334,4.92031951997186,6.90830730773626,6.90830730773626,6.90830730773626,6.90830730773626,4.95982898619691
18.1633876633131,6.12022857686713,9.0959150208207,21.5967182413074,8.3207440538408,23.304776799194,26.8282952340901,30.0953448253881,11.375683146132,8.30052612911611,11.7460671489073,34.4425215642767,35.9425173721349,34.6571372990346,3.42594394940707,3.80645474405991,8.17910738229004,13.2807565619944,35.5260416628898,13.2807565619106,5.47553676288621,2.31894652190486,12.1279274874151,44.6195531693666,44.6195531693666,14.1669831174256,3.03853342367546,4.50691806105711,14.1669831169175,36.9621667672378,6.44395201071417,63.1456585234095,5.30081447175424,5.33167917155896,3.2937747112479,6.44395201071417,5.33167917155896,6.44395201071417,0.630687943247272,5.33167917155896,6.44395201071417,6.44395201071417,6.44395201071417,0.729477301555957,5.33167917155896,6.44395201071417,6.44395201071417,6.44395201071417,6.44395201071417,5.30081447175424
18.6525840962649,6.11870485484554,9.05961700545337,22.550507682812,8.38866203443295,23.8227170579467,27.5292524043753,30.7929736851596,11.1992810216274,8.47782878950852,11.6094242794676,35.6653951801679,37.019856221394,35.8951728733868,3.8896874049072,4.08919491724876,8.26502117200548,13.1119168532988,36.748939352305,13.1119168518167,5.75973369132821,2.66334383458296,12.4058910846934,46.0485907423911,46.0485907423911,14.0139370090036,3.47189021971538,5.10338474954031,14.0139370091379,39.4592950050891,7.27677046546991,65.1869167785363,5.22488388736659,5.39978785922144,3.77848452267071,7.27677046546991,5.39978785922144,7.27677046546991,0.70087436508924,5.39978785922144,7.27677046546991,7.27677046546991,7.27677046546991,0.78183246615265,5.39978785922144,7.27677046546991,7.27677046546991,7.27677046546991,7.27677046546991,5.22488388736659
19.9413461338965,5.92945288058572,8.82757158805135,23.9966697487369,8.05263192010787,26.1262998944509,29.6442785585568,33.3293825569566,11.0552526877457,7.56006151378567,11.3955828756845,38.5122780460231,39.7161228841674,38.7294663482311,3.50358330491547,3.56817234466616,7.59079093452623,12.9563680287021,39.5974394075972,12.9563680285197,5.08716425964804,2.44911547567713,11.1411740741788,49.3217986653416,49.3217986653416,14.1267174965087,3.14277039740561,4.60680751999386,14.1267174959966,39.6412559187991,6.58016800440581,69.8012151891099,4.65518436423852,4.54763202917193,3.47631708782704,6.58016800440581,4.54763202917193,6.58016800440581,0.69959047798292,4.54763202917193,6.58016800440581,6.58016800440581,6.58016800440581,0.746292178038488,4.54763202917193,6.58016800440581,6.58016800440581,6.58016800440581,6.58016800440581,4.65518436423852
19.4852685545015,5.75341938577565,8.42193967081515,23.4404335456633,7.67944179598689,25.4720455803622,28.9804784509649,32.7883387773978,10.4846429189318,7.21119074179858,10.8321448900742,37.8254999976322,39.076786766069,38.0406260842619,3.46626815780012,3.77437237033246,7.52940837490408,12.2753098777143,38.7750912446129,12.2753098776445,5.20650670147679,2.39954806790905,10.6117138371926,48.4685519050297,48.4685519050297,13.2453045680541,2.9798109012942,4.55949920300377,13.2453045687266,37.2128583778801,6.49542300567631,68.5990181346609,5.03275151564375,4.67438765805021,3.40290375384022,6.49542300567631,4.67438765805021,6.49542300567631,0.653324795973401,4.67438765805021,6.49542300567631,6.49542300567631,6.49542300567631,0.783380304796477,4.67438765805021,6.49542300567631,6.49542300567631,6.49542300567631,6.49542300567631,5.03275151564375
18.3927044501542,5.97353767439102,8.75707306465205,22.0009108191192,8.02597572780165,23.7735127655747,27.2767851773198,30.5171272466306,10.9101072937287,8.24878403852091,11.2567696630273,35.3193256957454,36.4558794800254,35.5346922238044,3.61892398221184,3.80447341495364,7.73654187860322,12.7901022000549,36.2298978310291,12.7901022004336,5.3303438758122,2.39559553567708,12.1246288015082,45.3738025904248,45.3738025904248,13.889046544139,3.32289589430721,4.83623750376256,13.8890465445459,38.564333172638,6.90899357081523,64.2052016704571,5.07541234182942,4.54819577820709,3.40248245021375,6.90899357081523,4.54819577820709,6.90899357081523,0.70599885448995,4.54819577820709,6.90899357081523,6.90899357081523,6.90899357081523,0.707446320043387,4.54819577820709,6.90899357081523,6.90899357081523,6.90899357081523,6.90899357081523,5.07541234182942
18.64278080255,5.65363744210979,8.51854420397282,22.2915717361109,7.75311765852613,24.1933193986506,27.7411940047984,31.304311235191,10.5223503398938,7.54739101036021,10.9161091412991,35.9563796662314,37.2584155453378,36.169298942669,3.58205612593485,3.75993321010115,7.79530348335562,12.3333666345471,37.1288581102176,12.3333666342952,5.34142089069085,2.25598446735785,11.0835351670858,46.3191715087343,46.3191715087343,13.1376916163021,3.24134777577074,4.85627205387862,13.1376916161067,37.6732401914669,6.91195947186269,65.5696216560863,4.59586671932425,5.05162841298351,3.20028163774368,6.91195947186269,5.05162841298351,6.91195947186269,0.682820492029182,5.05162841298351,6.91195947186269,6.91195947186269,6.91195947186269,0.765325589480263,5.05162841298351,6.91195947186269,6.91195947186269,6.91195947186269,6.91195947186269,4.59586671932425
17.3443392606766,5.93229077507942,9.05514497277751,20.6318769872959,8.39897444512567,21.8500522354701,25.4310457248384,28.1967717253158,11.4145848326558,7.3669029490236,11.7175250649541,32.4992915097229,33.9662081462856,32.7117605701637,3.40897637502717,3.61760118265753,8.03102471878393,13.3261150500382,33.6343149241497,13.3261150509822,5.06802342707597,2.49852668893293,10.8280286976495,42.2226731772664,42.2226731772664,14.2685339824189,2.89145769718909,4.36518795082697,14.2685339848333,37.1833082669345,6.24328634969702,59.7525332338148,4.96966198405903,4.5746115723403,3.54620539036143,6.24328634969702,4.5746115723403,6.24328634969702,0.626727617827115,4.5746115723403,6.24328634969702,6.24328634969702,6.24328634969702,0.793581158007595,4.5746115723403,6.24328634969702,6.24328634969702,6.24328634969702,6.24328634969702,4.96966198405903
18.0148826629193,6.2138308808267,9.09346418860949,21.3222565956715,8.30609635939796,23.0085616541902,26.5707591072121,29.6745780150928,11.3534178562731,8.00126728263359,11.7002677520263,34.0093529979458,35.4370125566402,34.2609632080324,3.58064438891959,3.76630786200632,7.99580507245101,13.266012179917,35.2059003538405,13.2660121785919,5.34302120067985,2.29754852238774,11.7041443964806,44.0274640189281,44.0274640189281,14.3011855819296,3.2861538026118,4.77192391989355,14.301185581508,37.5790671462562,6.83071168042668,62.307954822052,4.74770749354221,5.01796923312536,3.26698245970225,6.83071168042668,5.01796923312536,6.83071168042668,0.643663516756431,5.01796923312536,6.83071168042668,6.83071168042668,6.83071168042668,0.728813828913842,5.01796923312536,6.83071168042668,6.83071168042668,6.83071168042668,6.83071168042668,4.74770749354221
17.7241111218282,5.76363871548241,8.59164155027385,20.992511816264,7.81203226768728,22.5744981722102,26.1749893318922,29.2969080909633,10.7002894223697,8.09432908192797,11.0956645245578,33.8392097946719,35.2349530916487,34.0523748604906,3.42023340944071,3.54978502498722,7.88340108039516,12.519855314893,35.0028752257902,12.519855314244,5.23539689280276,2.52731266270526,11.8281312031444,43.8139376048063,43.8139376048063,13.2130891996006,2.84101100356507,4.37349316636182,13.2130891996006,37.5587008494267,6.25522012489256,62.0058168231045,4.80731975145498,5.25428990219485,3.58697273117857,6.25522012489256,5.25428990219485,6.25522012489256,0.655609256561632,5.25428990219485,6.25522012489256,6.25522012489256,6.25522012489256,0.695160538498516,5.25428990219485,6.25522012489256,6.25522012489256,6.25522012489256,6.25522012489256,4.80731975145498
20.187100430798,6.09510441874008,8.97585066506397,24.3035222551052,8.19057961244016,26.3219784315127,30.0095341405296,33.8670005373842,11.1224616596987,8.13089381937197,11.5153735902121,39.1190733793889,40.32338425489,39.3253272587186,3.75774595112416,4.04436086276562,7.91386557875379,13.0294984340758,40.0329604482965,13.0294984345903,5.67002409229098,2.45222745464962,11.945376118449,50.0622298106874,50.0622298106874,14.1702169845608,3.38527300695284,5.01874546481565,14.1702169851483,40.4928506036148,7.17475854380579,70.8527937039623,5.29197603160319,5.17540620123172,3.48428692172761,7.17475854380579,5.17540620123172,7.17475854380579,0.704188189007457,5.17540620123172,7.17475854380579,7.17475854380579,7.17475854380579,0.683974913501864,5.17540620123172,7.17475854380579,7.17475854380579,7.17475854380579,7.17475854380579,5.29197603160319
19.1731944952984,6.51943708767299,9.30377074635421,23.1477400967192,8.57797944757889,24.6537296698377,28.4358647787051,31.8454299883739,11.5412761616929,8.14243314271835,11.9243429144785,36.6796452506981,37.8931741472154,36.8918678771165,3.82233436212457,4.09905364942685,7.9267967162029,13.503556370322,37.6341747487984,13.5035563706091,5.74348180050834,2.31189375756827,11.937221534866,47.0699035438295,47.0699035438295,14.8544483163822,3.55541289044563,5.17675233125811,14.8544483175738,39.1835223061379,7.39272715176852,66.6143609772595,5.11093582099246,5.32857928876046,3.28608071881923,7.39272715176852,5.32857928876046,7.39272715176852,0.682971451137339,5.32857928876046,7.39272715176852,7.39272715176852,7.39272715176852,0.755915954220435,5.32857928876046,7.39272715176852,7.39272715176852,7.39272715176852,7.39272715176852,5.11093582099246
19.9307692636037,5.91863369818261,8.6443646678253,24.2559652682675,8.00403449442936,26.0106528682004,29.5704048904615,33.4894942911374,10.7023679451461,7.41201077522892,11.0455378598338,38.5889517423925,39.8237421524119,38.7780632932501,3.73739182806423,4.09340992130434,7.85801168896855,12.5269199912695,39.5081096061189,12.5269199915784,5.47869695761503,2.36199651198758,10.8948761515553,49.3803379758333,49.3803379758333,13.4835156807905,3.35015066410045,5.01986829513561,13.4835156808856,34.6041637121017,7.15615885861165,69.8863165106063,5.16020691663732,4.65962399513843,3.35289331668873,7.15615885861165,4.65962399513843,7.15615885861165,0.660849183110636,4.65962399513843,7.15615885861165,7.15615885861165,7.15615885861165,0.70340460351027,4.65962399513843,7.15615885861165,7.15615885861165,7.15615885861165,7.15615885861165,5.16020691663732
19.2223090098211,6.32543808819383,9.23563721967134,23.1378613912522,8.51846323391422,24.5893580160585,28.3801975511906,31.6913322084662,11.5160712435223,7.95057551880307,11.9083076161871,36.6607559512595,37.9862086345706,36.8829400030921,3.70517085670332,3.70499065887182,8.08478618997121,13.4853444859997,37.8662674566311,13.4853444860444,5.45282011823984,2.61687137959285,11.7035768296433,47.2377078276468,47.2377078276468,14.5542044173821,3.24953892226292,4.84285683240474,14.5542044172811,39.2967339824558,6.89962371086588,66.8460113531777,4.75932984609606,5.27623205630254,3.7107137877895,6.89962371086588,5.27623205630254,6.89962371086588,0.712786630233407,5.27623205630254,6.89962371086588,6.89962371086588,6.89962371086588,0.739836242342194,5.27623205630254,6.89962371086588,6.89962371086588,6.89962371086588,6.89962371086588,4.75932984609606
18.1996422741265,5.90234196779158,8.79448546294163,21.4662276804225,7.9982188503863,23.1094862870538,26.7553437122847,29.8957243759442,10.9568737280677,7.16790249682627,11.3374662428147,34.5904525952319,35.9407926884913,34.8189286026924,3.55410738580469,3.61954724540392,7.87025196142076,12.8224641201268,35.7030264222475,12.8224641191017,5.32662377798981,2.56802207850828,10.6253221061848,44.6924478859683,44.6924478859683,13.7344989226135,3.03153181153604,4.59434175701405,13.7344989221388,37.6112656631527,6.55720708874226,63.2594690708586,4.89505537834803,5.14333042447818,3.64288970559349,6.55720708874226,5.14333042447818,6.55720708874226,0.668145711914352,5.14333042447818,6.55720708874226,6.55720708874226,6.55720708874226,0.690179003992753,5.14333042447818,6.55720708874226,6.55720708874226,6.55720708874226,6.55720708874226,4.89505537834803
18.5439579182512,6.49354139917083,9.44059994691884,22.3575606587266,8.77565605219556,23.4323936837365,27.2706718506551,30.3286636373681,11.7872055856456,8.54307277157024,12.160112603454,35.0958766592305,36.485848742174,35.3093951536582,3.76062756421573,3.94369772259158,8.1811051673447,13.765447457427,36.1028643574321,13.7654474568967,5.69017786244998,2.6442979537184,12.5182653748646,45.3085998470235,45.3085998470235,14.9614382891304,3.26072135216465,4.84960305538204,14.9614382885748,37.667887168514,6.94255150360734,64.1168178388487,5.36610707511136,5.41513239930288,3.75590100326065,6.94255150360734,5.41513239930288,6.94255150360734,0.653825540062723,5.41513239930288,6.94255150360734,6.94255150360734,6.94255150360734,0.755732006987021,5.41513239930288,6.94255150360734,6.94255150360734,6.94255150360734,6.94255150360734,5.36610707511136
19.2687801339181,5.53274783169651,8.40100959047338,23.5953576696647,7.77573732510065,25.3161236233511,28.7201581420079,32.4794786974299,10.4294911740384,7.71564509987142,10.817041262004,37.4443886205429,38.734623703517,37.6353598938474,3.476014762307,3.69059804041134,7.84530094853428,12.2312675409397,38.5584780486814,12.2312675411614,5.2288380169599,2.42862434504328,11.325405656997,48.1371811783748,48.1371811783748,12.8923080256951,3.07091918140228,4.57744484189165,12.8923080256951,42.2924028894761,6.53662825712909,68.1248512810977,4.8649627481492,4.8738533717008,3.44710483678072,6.53662825712909,4.8738533717008,6.53662825712909,0.702147650408362,4.8738533717008,6.53662825712909,6.53662825712909,6.53662825712909,0.792698777374057,4.8738533717008,6.53662825712909,6.53662825712909,6.53662825712909,6.53662825712909,4.8649627481492
19.7771069934119,5.49934219770993,8.38176497363799,23.9148664066529,7.59676624695388,26.1073076294113,29.4455302747613,33.3491753012891,10.4298795988327,7.52086480597559,10.7826817525993,38.5667127677975,39.8429554044311,38.7569224729244,3.48163318061071,3.70641980329864,7.52306493456789,12.1934231595585,39.4977543652579,12.1934231605927,5.21299216634857,2.53648288541506,11.0238379421334,49.3314214125932,49.3314214125932,13.0989125244032,3.00730553267325,4.44583119035587,13.098912525259,34.8486685702162,6.36318682993988,69.8155725964402,5.01227769724704,4.8754190039118,3.60099226208994,6.36318682993988,4.8754190039118,6.36318682993988,0.616108011161612,4.8754190039118,6.36318682993988,6.36318682993988,6.36318682993988,0.781573345221365,4.8754190039118,6.36318682993988,6.36318682993988,6.36318682993988,6.36318682993988,5.01227769724704
19.2493820745975,6.18706210104847,8.85396974121567,23.0670244916462,8.05381003452004,25.0409137822016,28.649434647176,32.2605935470412,11.0555168551746,8.27858657803392,11.3838935877638,37.1949474906464,38.4435449966626,37.3813901578757,3.55351540526748,3.74462182775073,7.57001112834397,12.9185740598268,38.1708072656701,12.9185740598713,5.24135503282602,2.36154700415814,12.0663794794593,47.6439550463516,47.6439550463516,14.1220387884929,3.11633429974686,4.6912676149784,14.1220387884526,34.4747573149673,6.7047662055092,67.4291823450978,4.78296183515772,4.80595242305221,3.35420636650321,6.7047662055092,4.80595242305221,6.7047662055092,0.622506766701615,4.80595242305221,6.7047662055092,6.7047662055092,6.7047662055092,0.679884814808337,4.80595242305221,6.7047662055092,6.7047662055092,6.7047662055092,6.7047662055092,4.78296183515772
17.8129779108905,5.69027611119814,8.55253861370529,21.1846776696808,7.8264846894913,22.7507536637586,26.3368325312341,29.5010563734902,10.6019988958437,7.21421219041179,10.9762654159134,34.140442654587,35.3946749785137,34.3424909488137,3.62421976748875,3.71522688786648,7.79712946849174,12.4259414635417,35.1944567148612,12.4259414634737,5.32752761435541,2.45643068565371,10.6960480799633,44.0728540849075,44.0728540849075,13.2818382192382,3.18868846825257,4.79542369624524,13.2818382191242,40.7042756696336,6.84774758780035,62.3913579975521,4.84472178352485,4.85849810875041,3.48733830309429,6.84774758780035,4.85849810875041,6.84774758780035,0.687067221338137,4.85849810875041,6.84774758780035,6.84774758780035,6.84774758780035,0.800307768856127,4.85849810875041,6.84774758780035,6.84774758780035,6.84774758780035,6.84774758780035,4.84472178352485
19.415051704872,6.30277466539419,9.39149861526452,23.4740160469355,8.72267231750669,24.8811063821245,28.6219635423627,31.9978205925316,11.8100739362253,7.32850562729022,12.164938919892,36.8553660816566,38.2859257074073,37.0890583700796,3.49857702175582,3.67866376660433,8.11261218190407,13.8011080255045,37.9871232727728,13.8011080260388,5.36449502885973,2.55062043847558,10.8437927165955,47.5281635687112,47.5281635687112,14.9405086137317,2.98299831582821,4.50175470726476,14.9405086137844,38.8276009206263,6.4369315424775,67.2516216233673,5.14592972322335,5.15123371878679,3.62011711018854,6.4369315424775,5.15123371878679,6.4369315424775,0.671840389554149,5.15123371878679,6.4369315424775,6.4369315424775,6.4369315424775,0.78613752484122,5.15123371878679,6.4369315424775,6.4369315424775,6.4369315424775,6.4369315424775,5.14592972322335
19.2023790169958,6.13879104948983,9.02724714418909,23.4464069834672,8.39480154708984,24.7504529812167,28.4155330731136,31.941593598873,11.2253805966431,8.1335726192854,11.6066254992502,36.8236352474442,38.2835900361322,37.0393858937752,3.7028731300973,3.83786309898824,8.16944687679319,13.1154809696255,38.0013963690044,13.1154809692584,5.51336144911308,2.61521908922729,11.8994427008978,47.473065757701,47.473065757701,13.9742014873978,3.18297722342291,4.78804269052166,13.9742014875572,40.9772073958405,6.83315468307866,67.1728730991219,4.98940453255426,5.33315126175791,3.71038740774705,6.83315468307866,5.33315126175791,6.83315468307866,0.645305338240002,5.33315126175791,6.83315468307866,6.83315468307866,6.83315468307866,0.793396182247182,5.33315126175791,6.83315468307866,6.83315468307866,6.83315468307866,6.83315468307866,4.98940453255426
17.8078420601801,6.00916960295592,8.80550061185726,21.5325989269014,8.17523881817535,22.8030529104724,26.350825068233,29.4528509125225,10.9766491522107,8.06250283443971,11.3080525795205,33.8525620872167,35.1648382320566,34.089354140382,3.56383387487938,3.70215167989798,7.65258436038714,12.8301304173859,34.9525680448257,12.8301304168185,5.21692370138198,2.28248233349984,11.7781464314959,43.6678356627886,43.6678356627886,13.9376066395503,3.22178985999941,4.74736919720027,13.937606640557,40.1381796223941,6.78236726989067,61.8024362512328,4.61210428210346,4.77409081104764,3.24285913518707,6.78236726989067,4.77409081104764,6.78236726989067,0.628146473767336,4.77409081104764,6.78236726989067,6.78236726989067,6.78236726989067,0.728471727996529,4.77409081104764,6.78236726989067,6.78236726989067,6.78236726989067,6.78236726989067,4.61210428210346
18.1436480111681,6.03337939847646,8.9456916187229,22.0222741562524,8.3678869444506,23.2392951619801,26.8043154808831,30.1027175665971,11.1192272505357,8.06596195733803,11.4763547460204,34.5489512501065,35.9933877602234,34.778607161057,3.67827691103662,3.9353807937096,8.21940301601491,12.9988426035477,35.6707598185244,12.9988426030379,5.51079095317898,2.37544424759305,11.8289715971774,44.7322142458245,44.7322142458245,13.8107721659975,3.30017663129841,4.91611399466016,13.8107721663007,35.4033559319574,7.00964656086702,63.3128896571013,5.13441033242646,4.99040224014934,3.37167018081102,7.00964656086702,4.99040224014934,7.00964656086702,0.656101492458055,4.99040224014934,7.00964656086702,7.00964656086702,7.00964656086702,0.767923549289401,4.99040224014934,7.00964656086702,7.00964656086702,7.00964656086702,7.00964656086702,5.13441033242646
17.7451844059629,6.25133685155766,8.95573916040468,21.3707454145196,8.3130956835452,22.378658274604,26.0992933984905,28.9030807555504,11.2435751343483,8.02257953703366,11.5839462107721,33.6422722481836,34.9013900132719,33.8326982595002,3.49308081738425,3.54035245438824,7.5636584383374,13.1435617184436,34.6751408480613,13.1435617182112,5.10636232990063,2.64589131591491,11.7197767496427,43.3843838201015,43.3843838201015,14.3565241973426,2.90042361211064,4.39559571005422,14.3565241973645,36.1908032655125,6.28517149385704,61.3999530020739,4.70641085581001,4.90858249530578,3.75397545686434,6.28517149385704,4.90858249530578,6.28517149385704,0.643259544213643,4.90858249530578,6.28517149385704,6.28517149385704,6.28517149385704,0.710325982311413,4.90858249530578,6.28517149385704,6.28517149385704,6.28517149385704,6.28517149385704,4.70641085581001
18.3665920670874,5.83017593038217,8.68332023221636,22.1307299947918,7.9808721035585,23.6831239668789,27.1917330124967,30.5180327563221,10.7713861569296,7.89207193629034,11.154414893215,35.2524301347533,36.5853193040356,35.4682503312203,3.6271214924156,3.8037924843156,7.9052930087457,12.6090480584426,36.3513361406517,12.609048058085,5.39683066357067,2.51255063150844,11.5637157151349,45.4703733180093,45.4703733180093,13.4496678546618,3.22019291181967,4.75595667624476,13.4496678550321,39.7504397022297,6.77542050904646,64.3609190369006,4.91253851807277,5.09468557696007,3.5631384795286,6.77542050904646,5.09468557696007,6.77542050904646,0.670153469259037,5.09468557696007,6.77542050904646,6.77542050904646,6.77542050904646,0.76850019572332,5.09468557696007,6.77542050904646,6.77542050904646,6.77542050904646,6.77542050904646,4.91253851807277
18.7440628349721,5.6597870451038,8.37912599535938,22.4817718634229,7.56474205513156,24.511392323706,27.9518898820269,31.5047052741007,10.3117901489224,8.21842148834405,10.7010493832565,36.4430102735139,37.6338881517263,36.6349167679483,3.69958051498593,3.7688572659383,7.5712515930502,12.0844401296366,37.4858030890358,12.0844401292963,5.35839132488112,2.42086737511917,11.9996441971667,46.7288209966727,46.7288209966727,12.9880966999149,3.40130742562658,4.92942927367167,12.9880967001315,39.1763727325669,7.02554880838646,66.1522428624274,4.53468621188963,5.03249744590353,3.4350797558924,7.02554880838646,5.03249744590353,7.02554880838646,0.659779719796561,5.03249744590353,7.02554880838646,7.02554880838646,7.02554880838646,0.676464975308738,5.03249744590353,7.02554880838646,7.02554880838646,7.02554880838646,7.02554880838646,4.53468621188963
18.8629866676723,5.65624138050611,8.53810340455135,22.5593880790486,7.72194079909475,24.5233702458254,27.9921544036079,31.5438561090346,10.5429826734608,7.41691170780363,10.9597358153764,36.4742325814125,37.6991719038255,36.6904304667431,3.59733639078657,3.92428890320582,7.70139650734767,12.3455678739418,37.3794370526504,12.3455678738983,5.55272606137513,2.46538215378371,10.9107548442806,46.80891898827,46.80891898827,13.2759386917012,3.22009357849649,4.72340445674033,13.2759386920873,40.3484961644003,6.74879338095302,66.2536647950692,5.19253745006467,5.36326059757743,3.5003713934475,6.74879338095302,5.36326059757743,6.74879338095302,0.665713715935524,5.36326059757743,6.74879338095302,6.74879338095302,6.74879338095302,0.830018600020852,5.36326059757743,6.74879338095302,6.74879338095302,6.74879338095302,6.74879338095302,5.19253745006467
18.7196106416694,6.25764559487391,9.11023995886897,22.4851573410883,8.42902050822892,24.0612636018838,27.6727247928414,30.9681953672203,11.3382052931157,8.39446167105165,11.6714757173197,35.6631571685912,37.0034857128621,35.9085105587568,3.8286212189152,4.02374727973199,8.19317536504582,13.2698209665836,36.7763752840863,13.2698209680966,5.48905007077239,2.44504979648388,12.287869913248,46.0071342489236,46.0071342489236,14.2799293444241,3.52487034742381,5.1352892932276,14.2799293445578,38.9104209315746,7.30872259234991,65.1164710683408,5.02707262187777,4.61072123745238,3.46801808906214,7.30872259234991,4.61072123745238,7.30872259234991,0.69139315736072,4.61072123745238,7.30872259234991,7.30872259234991,7.30872259234991,0.726826285071604,4.61072123745238,7.30872259234991,7.30872259234991,7.30872259234991,7.30872259234991,5.02707262187777
18.4562795326752,6.20843209729217,9.26991350665687,21.9646859895747,8.49304281404503,23.4863358685434,27.2064993956488,30.2954272605432,11.5342605967436,8.38851998598295,11.9432628841413,35.0947745253372,36.4490741935813,35.3064488510861,3.75855074853977,4.06389317180505,8.32651807920637,13.5049558974161,36.1542125781394,13.5049558968942,5.71632190821689,2.65645640468916,12.2732440711259,45.4021420109695,45.4021420109695,14.4875998313068,3.35065729496164,4.9111139005122,14.4875998304954,35.2330808300794,7.00149518150969,64.2584048108186,5.38433701073922,5.42803712346506,3.76762470677424,7.00149518150969,5.42803712346506,7.00149518150969,0.721460367961572,5.42803712346506,7.00149518150969,7.00149518150969,7.00149518150969,0.829533415326215,5.42803712346506,7.00149518150969,7.00149518150969,7.00149518150969,7.00149518150969,5.38433701073922
19.2827659230975,6.19142601481188,8.98070131801487,23.5323092911044,8.33838138515652,25.0565934910101,28.6826473944775,32.2215476168123,11.1853504323978,8.48231766852727,11.5648853921653,37.0905035420216,38.3568901961247,37.3069704068149,3.58910472532296,3.74544421381019,7.91680374423998,13.1033891521528,38.2077675150365,13.1033891516196,5.38011821202235,2.36821508749306,12.4085814262087,47.673753704685,47.673753704685,14.1471103786491,3.246591374422,4.8178407547091,14.1471103791723,38.1006285902608,6.86494237923647,67.4551742022407,4.81991016709147,5.03905037578473,3.36009602075076,6.86494237923647,5.03905037578473,6.86494237923647,0.70605547818037,5.03905037578473,6.86494237923647,6.86494237923647,6.86494237923647,0.736594288159197,5.03905037578473,6.86494237923647,6.86494237923647,6.86494237923647,6.86494237923647,4.81991016709147
18.3047834435123,5.67330229844926,8.63972745096619,22.024599448586,7.93531879145487,23.6221127585049,27.1504718627503,30.5784361240072,10.7047218114786,8.28065153417675,11.0702095051087,35.1926489166667,36.5854232387117,35.4071114393216,3.64503268678773,3.69003647833301,7.89511456947447,12.5198367485295,36.357607459829,12.519836748344,5.3460448577594,2.40417660736058,12.1241595117863,45.4262293292265,45.4262293292265,13.3179208821415,3.23206353246516,4.82186980278044,13.3179208823759,41.2128698580143,6.89052868213117,64.3022618483656,4.69175055209259,5.01133756003196,3.41485575513989,6.89052868213117,5.01133756003196,6.89052868213117,0.641162498313288,5.01133756003196,6.89052868213117,6.89052868213117,6.89052868213117,0.685973359051347,5.01133756003196,6.89052868213117,6.89052868213117,6.89052868213117,6.89052868213117,4.69175055209259
19.3656825611058,5.81646374115879,8.60925236949795,23.4567824092269,7.90415588041569,25.2568230064906,28.7701157416339,32.4961660352829,10.7532480378614,7.61005158418283,11.0721086593529,37.4866372338795,38.8043929236902,37.6922523396096,3.49865207622971,3.71188085848559,7.57679651308311,12.5608806186499,38.4437471048512,12.5608806187162,5.19009900975302,2.45018782476476,11.1645179808841,48.0510706224812,48.0510706224812,13.603145748438,2.97969134437355,4.53833468240311,13.603145748438,34.995503274397,6.47537294417361,68.009090781913,5.00620395647342,4.66603126431223,3.47611862871918,6.47537294417361,4.66603126431223,6.47537294417361,0.60374772897358,4.66603126431223,6.47537294417361,6.47537294417361,6.47537294417361,0.717599811894245,4.66603126431223,6.47537294417361,6.47537294417361,6.47537294417361,6.47537294417361,5.00620395647342
20.0404253370949,5.89857793168671,8.88224781826272,24.3283559602908,8.22588286599104,26.1247408187311,29.7505808382863,33.6275573545089,11.1096256643879,7.768233384183,11.4335761510792,38.6525169423567,40.0465238178677,38.8508552739886,3.57038886142722,3.75591067450798,8.04643523841601,12.9890631851168,39.7843887312104,12.9890631848547,5.23893913762742,2.45026008027175,11.4137183142502,49.6374211536468,49.6374211536468,13.8610673156156,3.05418606793778,4.69295616278598,13.8610673155329,36.434118801741,6.68909223227899,70.2493777634738,4.97412339386115,4.60348535976602,3.47574117790203,6.68909223227899,4.60348535976602,6.68909223227899,0.657096232010562,4.60348535976602,6.68909223227899,6.68909223227899,6.68909223227899,0.770845524164725,4.60348535976602,6.68909223227899,6.68909223227899,6.68909223227899,6.68909223227899,4.97412339386115
19.1384146065842,5.83680006269651,8.95829911505732,23.1548880849254,8.29505326658532,24.9367050767507,28.329798379656,31.9780261566426,11.2356670445165,7.66724437917202,11.5762240691441,36.5729668618546,38.1006173099569,36.7763770614081,3.38381751539485,3.52553870555526,8.13216130240326,13.1260427223759,37.8316455213075,13.1260427214172,5.17192225236428,2.33900559431374,11.2934700772573,47.2649841415362,47.2649841415362,13.9019898541018,2.99520229740673,4.44695628127051,13.9019898546174,39.4881104295019,6.34400396180642,66.9006036402148,4.8669543333695,4.90023330005912,3.31887674390966,6.34400396180642,4.90023330005912,6.34400396180642,0.644084743261247,4.90023330005912,6.34400396180642,6.34400396180642,6.34400396180642,0.695936564389352,4.90023330005912,6.34400396180642,6.34400396180642,6.34400396180642,6.34400396180642,4.8669543333695
18.9402963835556,5.73733403411006,8.55088208080542,22.5936102811166,7.74241600128009,24.5682956353162,28.0029450523547,31.5395103846168,10.5471764498826,7.39971529343368,10.9177484844271,36.5268679479214,37.8024640503953,36.7445633632634,3.79686736909412,3.88588094871394,7.69526083979705,12.3418932370327,37.5734160613553,12.3418932363923,5.42885951239564,2.5515310446256,10.8784706016942,46.8943404114403,46.8943404114403,13.2850381053072,3.46397055365956,4.96624928552881,13.2850381054277,34.4047764892426,7.10006294406921,66.3853796782362,4.70625258090902,5.00348948375217,3.62406409769802,7.10006294406921,5.00348948375217,7.10006294406921,0.640717721282394,5.00348948375217,7.10006294406921,7.10006294406921,7.10006294406921,0.717417209985363,5.00348948375217,7.10006294406921,7.10006294406921,7.10006294406921,7.10006294406921,4.70625258090902
19.1766594692678,6.11875126177737,8.85603671380443,23.0688004635016,8.09124636996017,24.8016323668416,28.5748110747577,32.045678980526,11.0785260428412,8.13138108599272,11.4428874641823,36.9790748371168,38.1807478845352,37.2089974647297,3.42224149688761,3.54348398886642,7.47026570991919,12.9735571394661,38.0251575955396,12.9735571394426,5.17229322735654,2.35648718681544,11.9016494998623,47.4191794679585,47.4191794679585,14.2203546861266,2.93410334319991,4.50376767352744,14.2203546861183,38.7481886174675,6.44736296200801,67.1205693259047,4.67290863751789,4.96980181058533,3.34825213455665,6.44736296200801,4.96980181058533,6.44736296200801,0.67702869736138,4.96980181058533,6.44736296200801,6.44736296200801,6.44736296200801,0.716724721538427,4.96980181058533,6.44736296200801,6.44736296200801,6.44736296200801,6.44736296200801,4.67290863751789
17.8170774046543,5.52669673576031,8.37855953460868,21.4640308493562,7.68802271126923,22.9266963031159,26.5317365952268,29.709489312634,10.3765672968285,8.49110719829755,10.7763735246174,34.4483227523338,35.5488859818292,34.6505247952988,3.50630480811471,3.70691785118652,7.53880378737798,12.1796682324105,35.4086396041736,12.1796682324942,5.26835021276766,2.39410602219852,12.3843904380865,44.2850554717213,44.2850554717213,13.0928530424137,3.06781579895834,4.64255841440309,13.0928530423894,37.014649012176,6.64025876621575,62.6814792437943,4.78938668831031,4.94946085321513,3.40089232970313,6.64025876621575,4.94946085321513,6.64025876621575,0.706681759350927,4.94946085321513,6.64025876621575,6.64025876621575,6.64025876621575,0.784574943802097,4.94946085321513,6.64025876621575,6.64025876621575,6.64025876621575,6.64025876621575,4.78938668831031
18.5529435368693,5.61726284341005,8.43857795008546,22.4629920303693,7.77579416779023,24.0038335353802,27.586325531176,30.9501294474072,10.5224213983975,7.61404700667951,10.8830330208341,35.8931841475516,37.0572274151843,36.0849376950441,3.45508251476916,3.51906281955945,7.47564347894217,12.3431500072436,36.9397684620893,12.3431500069334,5.04203746014593,2.47252041318514,11.1912818546147,46.1000850242206,46.1000850242206,13.314897586917,2.95752486875285,4.5031799603632,13.3148975866437,40.4766346891695,6.43320294622852,65.2489390509655,4.59874795409428,4.63191630382335,3.50900269058133,6.43320294622852,4.63191630382335,6.43320294622852,0.69446248578529,4.63191630382335,6.43320294622852,6.43320294622852,6.43320294622852,0.738588558850466,4.63191630382335,6.43320294622852,6.43320294622852,6.43320294622852,6.43320294622852,4.59874795409428
19.0678624209027,5.84563003980646,8.5944193610509,23.0856527449677,7.9180536885774,24.7145964010049,28.2575839424965,31.7814516005927,10.7642010921571,7.7290257381164,11.0753729203534,36.7847995198127,38.1675017063029,37.0106872929874,3.52660105145776,3.53781450037541,7.66859996232943,12.5789904032083,37.9219918091947,12.578990403248,4.997278977302,2.64872382348624,11.3186704882377,47.3025503584888,47.3025503584888,13.4799430239324,2.89280807198149,4.43951223473241,13.4799430238996,38.7395444781483,6.35459634748121,66.973769166991,4.66856301162712,4.51329960565494,3.75918476661915,6.35459634748121,4.51329960565494,6.35459634748121,0.617714814559308,4.51329960565494,6.35459634748121,6.35459634748121,6.35459634748121,0.78032804909956,4.51329960565494,6.35459634748121,6.35459634748121,6.35459634748121,6.35459634748121,4.66856301162712
18.2472177895504,5.61829723835487,8.48568402228953,21.7877686629753,7.77070943380801,23.4480287434569,27.0705038342924,30.3488872655269,10.5971537451756,7.38036297895445,10.9432290914074,35.038082752689,36.2717004984829,35.2603658974021,3.4200649605214,3.62132855131617,7.62621283486818,12.4187734715112,36.1020180270356,12.4187734699945,5.0581143458314,2.39041426724414,10.8444352055666,45.1092279104208,45.1092279104208,13.3149345797247,2.90647465529499,4.48708324908503,13.3149345804906,36.9676471965849,6.41447827981253,63.836941362164,4.74229264703926,4.56291677891311,3.39417311549319,6.41447827981253,4.56291677891311,6.41447827981253,0.680567795243539,4.56291677891311,6.41447827981253,6.41447827981253,6.41447827981253,0.794340246460195,4.56291677891311,6.41447827981253,6.41447827981253,6.41447827981253,6.41447827981253,4.74229264703926
19.5073902872675,6.07239845947359,8.94503820492508,23.8545235553285,8.27472803487352,25.3215596948102,29.0521694897479,32.56464954308,11.178120356007,8.33381480905946,11.5376891014299,37.8498079544437,39.04726732123,38.0273323978167,3.62273936023429,3.68317473399298,7.5979622895893,13.0885284025062,38.8592658312082,13.0885284025111,5.25645792336457,2.64905215507645,12.1767583929489,48.4848122512631,48.4848122512631,14.3361146741323,3.07684695317703,4.66418156729886,14.3361146740406,38.6017228378501,6.65203610211224,68.625918778451,4.78785379319727,4.90694407345858,3.75666060509909,6.65203610211224,4.90694407345858,6.65203610211224,0.683200810112068,4.90694407345858,6.65203610211224,6.65203610211224,6.65203610211224,0.814712961732394,4.90694407345858,6.65203610211224,6.65203610211224,6.65203610211224,6.65203610211224,4.78785379319727
18.9126582136622,5.76790592984058,8.66629729207431,22.820927483899,7.94538367474979,24.5731849236947,28.0863438345752,31.6719290116293,10.7276351782967,8.20102479687094,11.0771530815124,36.4520577039983,37.8917703388756,36.7079959975402,3.76919096806922,3.76154679690587,8.00609950108099,12.5398546999943,37.6370218273238,12.5398546991318,5.41073216916775,2.51089992663036,12.0447819060548,46.9792158920069,46.9792158920069,13.3122370645441,3.34203945128493,4.940182419614,13.3122370645677,40.1950993345616,7.0621224452838,66.4994613999269,4.81288357570787,4.8857502614909,3.56655906640413,7.0621224452838,4.8857502614909,7.0621224452838,0.631386577658647,4.8857502614909,7.0621224452838,7.0621224452838,7.0621224452838,0.782861039967656,4.8857502614909,7.0621224452838,7.0621224452838,7.0621224452838,7.0621224452838,4.81288357570787
19.2519989557654,5.79247115934754,8.59858904009333,23.0211362463211,7.84997410041607,24.9019905212963,28.439119715805,32.0379190287552,10.6212735354515,7.49559892515726,10.9600549548004,37.2416511133572,38.460329779775,37.4393751270303,3.92248156561509,4.13579479301332,7.86574031151923,12.4331650888223,38.129421543019,12.4331650888741,5.53915265318368,2.66845913390392,11.03896889076,47.7233010673967,47.7233010673967,13.3886670352563,3.47939806334269,5.10977996158149,13.3886670352563,40.6049227627161,7.30539277678005,67.5572837303051,5.21855238855617,4.59115048028908,3.78966322783379,7.30539277678005,4.59115048028908,7.30539277678005,0.660892343175755,4.59115048028908,7.30539277678005,7.30539277678005,7.30539277678005,0.748351450938544,4.59115048028908,7.30539277678005,7.30539277678005,7.30539277678005,7.30539277678005,5.21855238855617
17.847596667245,5.78395805225564,8.64811809185522,21.4258531345304,7.92419163914706,22.8135681188266,26.3910790829756,29.5480950143528,10.6716915863275,8.28327909797953,11.0402076822412,34.2695085160135,35.540520188036,34.4954666700532,3.81767147414248,3.88421709551068,7.76341574046617,12.4764275707598,35.1972037932,12.4764275707621,5.55792584452489,2.55364332654614,12.1547013980412,44.1203797703772,44.1203797703772,13.469826913949,3.39169881585369,4.99020192888485,13.4698269139086,38.8084675917325,7.13972392164109,62.4542121489709,5.02620807380944,5.09354598525952,3.62820381387394,7.13972392164109,5.09354598525952,7.13972392164109,0.624495057437377,5.09354598525952,7.13972392164109,7.13972392164109,7.13972392164109,0.771198667995535,5.09354598525952,7.13972392164109,7.13972392164109,7.13972392164109,7.13972392164109,5.02620807380944
18.6962379169709,5.70042266118613,8.48703111002092,22.4348213559759,7.76810564133036,24.2973674885878,27.7664951312655,31.3202878827032,10.4804123391556,7.56152677751997,10.8505514396886,36.0851319888944,37.3408743062523,36.323921127805,3.69279392813001,3.90434746391413,7.84341599795676,12.2867530804036,37.0967498159982,12.2867530803089,5.45425309097746,2.35396704456093,11.1763404026622,46.4256731337549,46.4256731337549,13.1317265335257,3.36812892094512,4.97876833638942,13.131726533489,40.2425622592115,7.0928999465818,65.7051182744411,5.07172465198432,4.74919549869297,3.34035348612453,7.0928999465818,4.74919549869297,7.0928999465818,0.691664797533457,4.74919549869297,7.0928999465818,7.0928999465818,7.0928999465818,0.773793863430286,4.74919549869297,7.0928999465818,7.0928999465818,7.0928999465818,7.0928999465818,5.07172465198432
17.9922405790843,5.82307823673369,8.76747519169591,21.5989198134428,8.05384691860344,22.9169630314731,26.5189725621434,29.6250599190221,10.8449966830232,7.9887437666146,11.2452224242554,34.3553423661669,35.7158123424728,34.5930915226564,3.75449424032411,3.86030683815033,7.9954770190543,12.6915801758792,35.4571090119009,12.691580175817,5.53211471214637,2.66147941955948,11.7095700164358,44.409872595698,44.409872595698,13.5288845560989,3.29169082029723,4.87248336139768,13.528884556299,34.2883260886526,6.94386629996346,62.8515176054525,4.95449234744448,5.31672642080347,3.77399782102109,6.94386629996346,5.31672642080347,6.94386629996346,0.666085596370731,5.31672642080347,6.94386629996346,6.94386629996346,6.94386629996346,0.761536084463916,5.31672642080347,6.94386629996346,6.94386629996346,6.94386629996346,6.94386629996346,4.95449234744448
17.9521783031524,5.82047344891667,8.91972899609668,21.7539022006067,8.33373887025617,23.1044706755283,26.5188586214401,29.7774304032383,11.1773606881173,7.85722700790636,11.5049012702096,34.0486461413642,35.5391741767317,34.2629471342704,3.40671208620289,3.66477147970075,8.12101687029953,13.0526224572211,35.1714613012001,13.0526224590163,5.25688601058193,2.27024569633742,11.5572124635032,44.1298509581069,44.1298509581069,13.8614878400203,3.04413251505223,4.52605970895132,13.8614878379834,34.6963804704204,6.45615049245662,62.4535071347507,5.12071886937545,4.80608209813097,3.22196597318922,6.45615049245662,4.80608209813097,6.45615049245662,0.628132705473766,4.80608209813097,6.45615049245662,6.45615049245662,6.45615049245662,0.755123328000456,4.80608209813097,6.45615049245662,6.45615049245662,6.45615049245662,6.45615049245662,5.12071886937545
20.1448445708899,6.29301616372421,9.23371178480211,24.6082503159453,8.61948257315526,26.0407136107316,29.7595741658795,33.4689737499425,11.5692555934579,7.34797330950767,11.9291295795204,38.6293436929044,40.0409161249344,38.8137824713635,3.60088611710063,3.70467512726482,8.08973328614933,13.5261330803879,39.8147838067729,13.5261330805055,5.33675017373699,2.61513107801182,10.8363393008316,49.674462088519,49.674462088519,14.5683665204061,3.05901758338615,4.62614108731767,14.5683665205555,35.2152516145957,6.61412690911455,70.3364005183865,4.8934423819481,5.10291590053584,3.71163378376811,6.61412690911455,5.10291590053584,6.61412690911455,0.672796425282786,5.10291590053584,6.61412690911455,6.61412690911455,6.61412690911455,0.789363504130277,5.10291590053584,6.61412690911455,6.61412690911455,6.61412690911455,6.61412690911455,4.8934423819481
19.9191973559738,5.83403025521994,8.71019387355115,23.8619374345027,7.91396903783752,25.7922424236497,29.4132396531187,33.2244714814462,10.7804089671525,7.34292088452217,11.1541165567006,38.4927245107557,39.789809407429,38.6899219658069,3.76830232379273,3.86476809882824,7.81813010833504,12.5988448633389,39.42242983751,12.5988448643213,5.55850981047908,2.65008306015637,10.8790870267219,49.2725816391986,49.2725816391986,13.5749955580147,3.23179314431199,4.84874858183899,13.5749955573399,41.9344209045814,6.932828020188,69.733584927325,5.18150589889812,5.18108256824247,3.76236331665058,6.932828020188,5.18108256824247,6.932828020188,0.626062522618468,5.18108256824247,6.932828020188,6.932828020188,6.932828020188,0.689745204517975,5.18108256824247,6.932828020188,6.932828020188,6.932828020188,6.932828020188,5.18150589889812
20.2422750227548,5.83572369215403,8.73370906588828,24.4451135419016,7.94164758328026,26.6315766046632,30.0827646625229,34.0468452433788,10.8803980615742,7.59647405071897,11.2159648833758,39.2843234338823,40.6244359805482,39.485189442584,3.61662082967662,3.68954046708438,7.64663644062763,12.7110737699983,40.3248782009163,12.7110737699684,5.27754284486615,2.50994571797128,11.1763133376304,50.2777757080466,50.2777757080466,13.7842474386026,3.19734589811625,4.68338272515258,13.7842474394246,40.5343843118712,6.706138197053,71.1625545375284,4.84257191797537,4.85717938900434,3.56573820907961,6.706138197053,4.85717938900434,6.706138197053,0.613668897123625,4.85717938900434,6.706138197053,6.706138197053,6.706138197053,0.720829646462746,4.85717938900434,6.706138197053,6.706138197053,6.706138197053,6.706138197053,4.84257191797537
18.0830003928338,6.07124932170825,9.0516402080401,21.336384960871,8.2857417699427,22.8750487255476,26.6268829549852,29.6759030879314,11.3127119309598,7.53788285368521,11.6566191379834,34.2299605911661,35.5881171599346,34.4776984433418,3.61571835297271,3.6897083819921,7.8994184828725,13.2347967637091,35.3859549801223,13.2347967640923,5.29255977775992,2.45218917779097,11.1264859784733,44.2765039476501,44.2765039476501,14.3311047409355,3.15694076189875,4.77271126392694,14.3311047400851,35.7661209169397,6.81281972589274,62.6731953276178,4.78762509124455,4.83284423997651,3.48079569436977,6.81281972589274,4.83284423997651,6.81281972589274,0.673188169809406,4.83284423997651,6.81281972589274,6.81281972589274,6.81281972589274,0.727649748789394,4.83284423997651,6.81281972589274,6.81281972589274,6.81281972589274,6.81281972589274,4.78762509124455
19.5198321465726,5.64167326660542,8.45244814714088,23.5726763889762,7.71946350317678,25.5497445895438,28.9601983865592,32.7041700812095,10.4969696100892,7.38957643124611,10.8508461708507,37.8011089967684,39.0564866307376,37.9862445217716,3.58125501349841,3.66997567908371,7.64344691372077,12.2885737633502,38.8636319931762,12.288573763668,5.18306616372682,2.49920104829547,10.8664052576752,48.4347684917182,48.4347684917182,13.1530209887905,3.16900727859863,4.6629975533312,13.1530209889555,41.424752146167,6.6590256920109,68.5630755885598,4.67388833017472,4.74945438407356,3.54708493628687,6.6590256920109,4.74945438407356,6.6590256920109,0.651779151270053,4.74945438407356,6.6590256920109,6.6590256920109,6.6590256920109,0.718235678031455,4.74945438407356,6.6590256920109,6.6590256920109,6.6590256920109,6.6590256920109,4.67388833017472
18.8287514272605,6.06006430828004,8.93405593345385,22.4015367344128,8.13945869836139,24.1048963037914,27.7443775082007,31.1346112266777,11.1597266170976,7.4094597836294,11.5250002222682,35.9653164355507,37.4041330099434,36.1761980443857,3.53868505879205,3.63988459332257,7.82538517499312,13.0342951102347,37.0909080163211,13.0342951105669,5.31587036531385,2.59334999363826,10.8993828114998,46.3900887325242,46.3900887325242,14.0494378333958,2.96920343163532,4.50990946373617,14.0494378341579,34.9708075607291,6.44881062672987,65.6637778668117,4.87961255813953,5.24091110420745,3.68043766508803,6.44881062672987,5.24091110420745,6.44881062672987,0.623000363735009,5.24091110420745,6.44881062672987,6.44881062672987,6.44881062672987,0.681265104386466,5.24091110420745,6.44881062672987,6.44881062672987,6.44881062672987,6.44881062672987,4.87961255813953
18.0416576890037,5.87996592705295,8.84810006351077,21.7067277244783,8.20405109157986,23.2050563472714,26.7080044006762,29.9088665764128,11.0116761023905,7.81494481835949,11.3375434121582,34.4001802974087,35.6758360245893,34.6398713040489,3.69281248397298,3.95779643249585,7.86235034232153,12.8912495535191,35.4232905529684,12.8912495537818,5.37426957465016,2.27296864601611,11.4797762897529,44.3827254890862,44.3827254890862,13.9739441357295,3.44132594160714,4.98120447465356,13.9739441352007,34.4598543814506,7.11840115588726,62.8308358252727,4.99808089199481,4.4848328878287,3.23139971316203,7.11840115588726,4.4848328878287,7.11840115588726,0.675304848613391,4.4848328878287,7.11840115588726,7.11840115588726,7.11840115588726,0.765080985353966,4.4848328878287,7.11840115588726,7.11840115588726,7.11840115588726,7.11840115588726,4.99808089199481
18.0963492717979,5.58546675567752,8.56478881904661,21.887307567909,7.94461024903428,23.3556534359662,26.7268758436765,30.1403976080565,10.6000352599597,7.5195938729609,10.9206838001797,34.6796630189448,36.1514756818256,34.9015645885058,3.78255596251408,3.88677432412814,7.97951650047042,12.38213658199,35.8682596652931,12.3821365821405,5.31943884218711,2.45629219893548,11.0308227689582,44.8380798951766,44.8380798951766,13.0943556822842,3.4164535710451,4.97908110286967,13.0943556818953,40.7689221349835,7.11674991764017,63.4847021714126,4.68399117147865,4.62926240049135,3.48961509135378,7.11674991764017,4.62926240049135,7.11674991764017,0.605691071574276,4.62926240049135,7.11674991764017,7.11674991764017,7.11674991764017,0.772617278681785,4.62926240049135,7.11674991764017,7.11674991764017,7.11674991764017,7.11674991764017,4.68399117147865
18.7326908168544,6.42651711842318,9.22143078824252,22.5261179920055,8.55228284889571,23.791082614277,27.5679184306132,30.8508532485307,11.476210513596,7.39317179475021,11.8248078772559,35.4803169079923,36.844711444101,35.7258782748795,3.75732844789028,3.94040512718699,7.90260799116328,13.4012358163822,36.5172776903907,13.4012358166291,5.57425454132173,2.38062564645721,10.911273536619,45.703346867861,45.703346867861,14.6632494067733,3.35564602294343,5.00139597688838,14.6632494066666,35.3066624554501,7.13649501164121,64.7001646620281,5.01131381066869,5.16056266516427,3.38062969453433,7.13649501164121,5.16056266516427,7.13649501164121,0.626342864361545,5.16056266516427,7.13649501164121,7.13649501164121,7.13649501164121,0.683240726188162,5.16056266516427,7.13649501164121,7.13649501164121,7.13649501164121,7.13649501164121,5.01131381066869
19.6735085918196,5.75429540913859,8.77783494208765,23.7554179663187,8.0860544272559,25.7461179233066,29.147871008542,33.0143000004284,10.9577476382232,7.46227730016095,11.280402799734,37.7772391605966,39.2962935546569,38.0049178270255,3.55855056099446,3.77483380728915,8.20086083313361,12.8006636138345,39.0011876568455,12.8006636138507,5.25020135888554,2.37419553943064,10.9748717070982,48.6833562974259,48.6833562974259,13.4543539841323,3.15115644370407,4.68837061148259,13.4543539841861,41.1185353080778,6.70993019495093,68.892799890282,4.9461810260728,4.65340985734261,3.37398139420023,6.70993019495093,4.65340985734261,6.70993019495093,0.629647710352432,4.65340985734261,6.70993019495093,6.70993019495093,6.70993019495093,0.758201027671095,4.65340985734261,6.70993019495093,6.70993019495093,6.70993019495093,6.70993019495093,4.9461810260728
19.9783948459379,5.92682805457596,8.91438164081945,24.1750004143375,8.21476037069489,26.1140904127679,29.7038718467804,33.5954172189532,11.0998818533099,7.85558408889657,11.4588280191903,38.6016171972024,40.0394833031915,38.8347540451713,3.66972618796203,3.87039281784277,8.17421819619853,12.9958353332517,39.8314737991031,12.9958353326872,5.38562770637338,2.45835564639119,11.5286398483294,49.7108575905958,49.7108575905958,13.8068697909173,3.24599027774955,4.85686398159846,13.8068697913551,35.6538896529288,6.9472413176812,70.3680511274435,4.93797115152963,4.82779803149097,3.49289630539922,6.9472413176812,4.82779803149097,6.9472413176812,0.695770804665217,4.82779803149097,6.9472413176812,6.9472413176812,6.9472413176812,0.771861318304984,4.82779803149097,6.9472413176812,6.9472413176812,6.9472413176812,6.9472413176812,4.93797115152963
18.3704157703988,5.84283263579607,8.54845481992535,22.1787705344457,7.81886386685901,23.9032160415635,27.3895164280197,30.776589282337,10.6759917356427,8.14052419698134,11.0352674937817,35.5142145378805,36.8240240411986,35.7195734413361,3.38266343330241,3.4681205700952,7.54937827678071,12.4941266008345,36.6490138119233,12.4941266007405,5.05208476288784,2.42269438015396,11.8802630890106,45.7307128991282,45.7307128991282,13.43075410994,2.90837480353837,4.38323015562323,13.43075410994,36.9874729448276,6.27138868307737,64.7375833608564,4.55928969076701,4.89622403267694,3.44001754655316,6.27138868307737,4.89622403267694,6.27138868307737,0.647919549789892,4.89622403267694,6.27138868307737,6.27138868307737,6.27138868307737,0.807832959503706,4.89622403267694,6.27138868307737,6.27138868307737,6.27138868307737,6.27138868307737,4.55928969076701
19.7737823817658,5.67597764862188,8.46748909819641,23.8602857432777,7.70436542572444,26.0442725456312,29.5377989605862,33.3882677268063,10.4825534409129,8.14290790842688,10.8453343587276,38.6902959409075,39.8580595807213,38.8689076131721,3.71588905364571,3.89366700264562,7.83012454504895,12.2950752241058,39.6097131722272,12.2950752238558,5.40531625408501,2.53764109391505,11.9707807046177,49.4975477008819,49.4975477008819,13.1405840047823,3.30632101445559,4.89157950380926,13.1405840047823,39.7638753341542,6.99483235382726,70.0581182807381,5.15596419017413,4.60266985505662,3.60431779986069,6.99483235382726,4.60266985505662,6.99483235382726,0.703596851415355,4.60266985505662,6.99483235382726,6.99483235382726,6.99483235382726,0.807873289564714,4.60266985505662,6.99483235382726,6.99483235382726,6.99483235382726,6.99483235382726,5.15596419017413
19.9443711584459,6.00253468397875,8.88053391921015,24.4083747198666,8.27407534438253,25.9241276065021,29.5732972497743,33.3281735592751,11.1074952301589,7.62417089113538,11.4427117461375,38.5219826309297,39.7694492360286,38.7022539950034,3.56016741543779,3.78894835354196,7.75466618855169,12.9924174242606,39.4775882597005,12.9924174250616,5.27562282537971,2.51020636284497,11.2066132791877,49.3112116724928,49.3112116724928,14.1051621823416,3.03785346080734,4.65242416786388,14.1051621834027,35.7816692812183,6.62789482874726,69.7779015116577,5.07718411113205,4.71018140048636,3.55926658695231,6.62789482874726,4.71018140048636,6.62789482874726,0.66065372815608,4.71018140048636,6.62789482874726,6.62789482874726,6.62789482874726,0.735684827099961,4.71018140048636,6.62789482874726,6.62789482874726,6.62789482874726,6.62789482874726,5.07718411113205
19.2675221319702,5.55826867280879,8.5344949776847,23.2630576136584,7.8093601005484,25.2231097434997,28.6241884633916,32.3542928555383,10.6145770045043,7.67164755746877,10.970525926896,37.2278686931485,38.6612569695536,37.4419740260849,3.5502334822221,3.55474459091416,7.9108726781734,12.4194876501122,38.4718546499817,12.4194876500725,5.17398409761145,2.48605903998148,11.2917641046021,47.9523586995759,47.9523586995759,13.0992690881538,3.11528333763328,4.61632103180248,13.0992690888433,40.5996644276857,6.6048099201623,67.8664483342296,4.64557008957775,4.81924193681294,3.5306547383493,6.6048099201623,4.81924193681294,6.6048099201623,0.65125832768808,4.81924193681294,6.6048099201623,6.6048099201623,6.6048099201623,0.752762672662251,4.81924193681294,6.6048099201623,6.6048099201623,6.6048099201623,6.6048099201623,4.64557008957775
18.3804146344742,5.92907638996178,8.82069601122412,22.1506365012889,8.14024204302137,23.6011827946609,27.0985871706543,30.3308687629391,10.9314193884867,7.32658365487356,11.3305941560919,35.0938786550391,36.4269186341316,35.3381063190155,3.71295611787338,3.80184976331794,8.03879978674363,12.8084696521766,36.2338562193111,12.808469651054,5.49156537252294,2.57408722667852,10.8531189478825,45.3456037111431,45.3456037111431,13.6560612439199,3.39057570383272,4.88172998558739,13.6560612443926,34.2145998047719,6.96022350122524,64.1808450507575,4.93428256615639,5.18131468602386,3.65145179979933,6.96022350122524,5.18131468602386,6.96022350122524,0.703176666499774,5.18131468602386,6.96022350122524,6.96022350122524,6.96022350122524,0.77608594641527,5.18131468602386,6.96022350122524,6.96022350122524,6.96022350122524,6.96022350122524,4.93428256615639
19.993282359727,6.27697240201698,9.02257530117036,24.3747805770163,8.39392543158663,25.8591423119289,29.5720260624811,33.358238837571,11.3016154883161,7.16953837094987,11.6707780461892,38.3931231380473,39.7512853138194,38.5802059958011,3.41034635546891,3.62302456091119,7.7744692305534,13.213309330824,39.5188374772227,13.2133093308885,5.2411510446873,2.41992760700948,10.5450631790549,49.2937023799335,49.2937023799335,14.3078737699131,2.87461778898194,4.44121427767922,14.3078737699555,37.3176304915745,6.35316720488385,69.7637249643953,4.78873165502911,5.1983894057507,3.4360759359633,6.35316720488385,5.1983894057507,6.35316720488385,0.656193766935639,5.1983894057507,6.35316720488385,6.35316720488385,6.35316720488385,0.684189561193564,5.1983894057507,6.35316720488385,6.35316720488385,6.35316720488385,6.35316720488385,4.78873165502911
18.6705337293573,5.97571605354202,8.77818441041514,22.6330646579977,8.12411332031701,24.0767550967022,27.7158753508338,30.989051164133,11.0076136281496,7.86863694475135,11.3498854009091,35.8725217731143,37.0320111157492,36.0817652868451,3.40406604532169,3.51483286501345,7.39598991347099,12.8951743469385,36.8939846127226,12.8951743467903,5.02868757231365,2.41280898359078,11.5297454864462,46.0390212958319,46.0390212958319,14.142348235777,2.93970548258565,4.46182372756928,14.1423482352728,38.3998290759327,6.36651051694685,65.1497312289777,4.62640574266754,4.64478954666071,3.4231673767245,6.36651051694685,4.64478954666071,6.36651051694685,0.682429363320794,4.64478954666071,6.36651051694685,6.36651051694685,6.36651051694685,0.698491009902557,4.64478954666071,6.36651051694685,6.36651051694685,6.36651051694685,6.36651051694685,4.62640574266754
20.0002013133985,5.72924947413713,8.56347049638406,24.2902978102761,7.8252398566388,26.4417630850651,29.9146905963976,33.9357977218158,10.6060273689979,8.35625300693387,10.9471892824009,39.0514316174507,40.3064493301794,39.2409690211816,3.6843541674839,3.93175255208612,7.88072847989865,12.4051779728414,39.9571919991685,12.4051779724641,5.46352442999229,2.34735138728539,12.252136115007,49.9259193484505,49.9259193484505,13.2694783379044,3.30745538460174,4.91249652534623,13.2694783378995,39.1018098996128,7.0205413867671,70.6620973129371,5.2293992030818,4.70200191193798,3.33563387003884,7.0205413867671,4.70200191193798,7.0205413867671,0.642056101793893,4.70200191193798,7.0205413867671,7.0205413867671,7.0205413867671,0.796824034688847,4.70200191193798,7.0205413867671,7.0205413867671,7.0205413867671,7.0205413867671,5.2293992030818
20.0886594005459,6.22646182845678,8.99590084770569,24.5825682322966,8.31185423735442,26.4388348889106,29.9801104098483,33.7974919282444,11.2333561217984,8.14082549030196,11.5556940366218,38.974241260616,40.2535379730043,39.1867647461652,3.68644650492422,3.85307642182053,7.76196802211403,13.1406895160711,40.0437443702777,13.1406895152875,5.28276863898767,2.43559116329759,11.8916449046973,49.9071745421927,49.9071745421927,14.3420545063923,3.36082822086308,4.87655829948846,14.3420545064684,39.517781356171,6.96943521762866,70.6450859839837,4.77767014226603,4.59634059478128,3.45968781151228,6.96943521762866,4.59634059478128,6.96943521762866,0.661585528804838,4.59634059478128,6.96943521762866,6.96943521762866,6.96943521762866,0.812681818277741,4.59634059478128,6.96943521762866,6.96943521762866,6.96943521762866,6.96943521762866,4.77767014226603
18.9546893270702,6.35302836333273,9.33853743388615,22.6023430158443,8.5880371227306,24.4338203896239,28.0235195742634,31.5283868493476,11.6861112540844,8.115349021211,11.9962703894864,36.0588756116028,37.6272329746383,36.2732268744961,3.70603770907212,3.97650903952483,8.33046129407401,13.6341282497756,37.2509330190198,13.634128249183,5.4658147874393,2.374872891861,11.8795548056603,46.6526375490909,46.6526375490909,14.6431560718628,3.32403304675723,4.93389327828596,14.643156071645,36.4218302741012,7.02501743204255,66.0404826043792,5.15142195668805,4.77908641978207,3.36888450669316,7.02501743204255,4.77908641978207,7.02501743204255,0.622165197796316,4.77908641978207,7.02501743204255,7.02501743204255,7.02501743204255,0.814057853477428,4.77908641978207,7.02501743204255,7.02501743204255,7.02501743204255,7.02501743204255,5.15142195668805
19.8163374543639,5.79315317671058,8.65588024337419,24.0170374249612,7.93383914319389,25.9030126554364,29.4573932833936,33.2787172330762,10.8060826132177,7.8274595097281,11.2012241585801,38.3580318249324,39.7475506717382,38.5449957294688,3.39417510083225,3.47269657759771,7.95214666473607,12.6552452936544,39.5588012713876,12.6552452940748,5.1962257821468,2.5479469853507,11.5113503640781,49.3402787401451,49.3402787401451,13.3475806924413,2.82471062457973,4.34611705977633,13.3475806920809,37.021991164528,6.20042199029936,69.8259563802536,4.84490951972714,5.15889936854852,3.61307422448159,6.20042199029936,5.15889936854852,6.20042199029936,0.688730887707323,5.15889936854852,6.20042199029936,6.20042199029936,6.20042199029936,0.714462999484055,5.15889936854852,6.20042199029936,6.20042199029936,6.20042199029936,6.20042199029936,4.84490951972714
18.9905129648843,6.17177720880747,9.06207451287769,22.9736599277618,8.34792178359967,24.3857678272229,28.0349691003792,31.3259376673919,11.2798377328709,7.50396639857422,11.6633029735865,36.4037544296399,37.6324136068823,36.6074918303964,3.71502709040474,3.91490622500094,7.7235724947579,13.1965747455129,37.3311839338702,13.196574744519,5.54137270081058,2.64331936122292,11.0393074866308,46.7402955353253,46.7402955353253,14.4724962164289,3.30237645901054,4.79585297526788,14.4724962153044,35.3928199102979,6.85761666058418,66.1583352659536,5.10973278058599,5.28823198638391,3.75254378594112,6.85761666058418,5.28823198638391,6.85761666058418,0.668626892056329,5.28823198638391,6.85761666058418,6.85761666058418,6.85761666058418,0.781194047375062,5.28823198638391,6.85761666058418,6.85761666058418,6.85761666058418,6.85761666058418,5.10973278058599
18.5728969348461,6.14547347759533,9.02595584577446,22.1801852819204,8.2340795716161,23.917090450154,27.5834294187884,30.8775663314432,11.3421083915987,7.77936358458241,11.7085656186123,35.6421007678538,36.851008575654,35.8069275846107,3.26343494596124,3.61772235653577,7.52435505598095,13.2627574791544,36.4973452993468,13.2627574790138,5.27947665838429,2.32971358458085,11.4260966359792,45.7817434199749,45.7817434199749,14.5833436786834,2.78293889281606,4.25801748682899,14.5833436778752,39.4668426278829,6.0837441132028,64.7969242953738,5.21409281021961,5.17010897951961,3.30666743582703,6.0837441132028,5.17010897951961,6.0837441132028,0.65757137917656,5.17010897951961,6.0837441132028,6.0837441132028,6.0837441132028,0.786724979413357,5.17010897951961,6.0837441132028,6.0837441132028,6.0837441132028,6.0837441132028,5.21409281021961
20.0160872148898,5.93222888573191,8.85874603175511,24.5385854717148,8.19243415661976,26.2525502378605,29.8947043908197,33.8018404655422,11.0181748135205,8.11500779122414,11.4165783247485,38.7993016022409,40.0832711040012,38.9850003071493,3.47226052460543,3.7036694435761,7.90055692684216,12.9024043111785,39.8748462396783,12.9024043124516,5.40829316922628,2.26378627331072,11.8984244086551,49.7402677548344,49.7402677548344,13.8470093677353,3.09024568608678,4.68203100142399,13.8470093683881,40.4165802584075,6.66534185644657,70.3901604256031,4.91093146792882,5.26842690808863,3.21100423990027,6.66534185644657,5.26842690808863,6.66534185644657,0.687510119871963,5.26842690808863,6.66534185644657,6.66534185644657,6.66534185644657,0.726224200230315,5.26842690808863,6.66534185644657,6.66534185644657,6.66534185644657,6.66534185644657,4.91093146792882
19.3510533638314,6.29618688817847,9.16270040219559,23.1176694146899,8.36719470985765,25.0302283658019,28.7119788542914,32.3016977642788,11.4192377451359,8.20719168235196,11.7466317389237,37.1096293708302,38.534158841536,37.32653979635,3.77140745515872,3.77662757849623,8.09054371555337,13.3360098903261,38.2755725804822,13.3360098904806,5.42880630131918,2.4281853434138,12.0631663756168,47.7594382734741,47.7594382734741,14.3906202236953,3.36098662871673,4.99864815670584,14.3906202229204,40.4910993516869,7.13221737867859,67.5996182409568,4.80176515497662,4.87167734481118,3.44764282227753,7.13221737867859,4.87167734481118,7.13221737867859,0.631323135815877,4.87167734481118,7.13221737867859,7.13221737867859,7.13221737867859,0.791146115125772,4.87167734481118,7.13221737867859,7.13221737867859,7.13221737867859,7.13221737867859,4.80176515497662
20.0173705999407,5.40758609154329,8.29539255090683,24.5829704518394,7.64962014939182,26.5829785234421,29.9070465638693,33.9582954930945,10.3021445078811,7.42711153586084,10.6768691363941,39.0143570842853,40.3386254005372,39.2146664879252,3.40898037701611,3.5362761491694,7.75391235499842,12.0791414389716,40.2050668587197,12.0791414394769,5.09162503740515,2.32771515501819,10.93486399913,50.0583758368715,50.0583758368715,12.6995790245684,3.06275182707995,4.53091649634332,12.699579024932,34.855861442816,6.46731878075702,70.8491577073801,4.60411659088664,4.76391476481242,3.3039601998664,6.46731878075702,4.76391476481242,6.46731878075702,0.686142407665959,4.76391476481242,6.46731878075702,6.46731878075702,6.46731878075702,0.787929805131716,4.76391476481242,6.46731878075702,6.46731878075702,6.46731878075702,6.46731878075702,4.60411659088664
17.5978193720801,5.62339001546961,8.67331983428272,20.9491142483121,7.96666500947568,22.5450598183938,26.0281476811291,29.1953444805492,10.7430797095273,8.45420259501268,11.1112243500936,33.5273854182029,34.9164860634756,33.7569769346974,3.66187125613425,3.77679816952951,8.1602976264614,12.5823734794363,34.7424580658169,12.5823734796068,5.37913277370299,2.32721407171616,12.3774731876115,43.4867367630432,43.4867367630432,13.2204722227357,3.34991655398147,4.93656830325036,13.2204722227681,40.3362599374146,7.04119681355775,61.5484733372339,4.78238035766729,4.85070307030838,3.30421979434695,7.04119681355775,4.85070307030838,7.04119681355775,0.68677098941719,4.85070307030838,7.04119681355775,7.04119681355775,7.04119681355775,0.734965377590554,4.85070307030838,7.04119681355775,7.04119681355775,7.04119681355775,7.04119681355775,4.78238035766729
18.3685513947942,6.02601505131794,8.93300681239777,22.0959847816942,8.1918336540555,23.7231204953406,27.2403238322019,30.4966348732228,11.1807359883951,7.70131180014046,11.5421649353335,35.1138631555573,36.4537361643175,35.3296250668904,3.40445180269313,3.50024539941433,7.68749859898478,13.0687971051104,36.207462361208,13.0687971063621,5.21849060312528,2.38634877791786,11.3317373922761,45.263597947235,45.263597947235,14.1753615963894,3.0134564464773,4.45392202222089,14.1753615970342,35.5809466481967,6.34704644425019,64.0678142698163,4.77907896479688,5.13007785222434,3.38424630431546,6.34704644425019,5.13007785222434,6.34704644425019,0.642465091599608,5.13007785222434,6.34704644425019,6.34704644425019,6.34704644425019,0.81410725528092,5.13007785222434,6.34704644425019,6.34704644425019,6.34704644425019,6.34704644425019,4.77907896479688
18.4013303352168,6.23194626500636,9.08651987629754,22.2663056931833,8.4933106355054,23.4498055142407,27.1421062757667,30.3889502893576,11.4301979733924,7.5362353734909,11.7904454502091,34.8441578480268,36.3471284613478,35.0554346416956,3.27885967057964,3.47424493544859,7.93221607906271,13.3602523285957,36.1299380753662,13.3602523280938,5.11281864455015,2.36612451110599,11.0514449124948,45.184229762636,45.184229762636,14.3456610318703,2.74760270714424,4.24750860180027,14.3456610326221,34.2756882353624,6.08052480343053,63.987455697251,4.72475927563969,5.12953942433292,3.3600843212297,6.08052480343053,5.12953942433292,6.08052480343053,0.658709840974588,5.12953942433292,6.08052480343053,6.08052480343053,6.08052480343053,0.6689851650179,5.12953942433292,6.08052480343053,6.08052480343053,6.08052480343053,6.08052480343053,4.72475927563969
18.2833988997961,5.67429506601514,8.4247793107648,21.853357046549,7.64217770734432,23.8508462881327,27.1638498974611,30.6822611607012,10.3626244868765,8.13779868487477,10.7244316651893,35.3930917803997,36.706905194112,35.6350807709059,3.79619950684552,3.98708652586943,7.73170447144341,12.1225793254471,36.3693550614278,12.1225793255878,5.52820212695483,2.41215018201046,11.9197216933859,45.5508705129046,45.5508705129046,13.011548923776,3.53685285797666,5.04161716693715,13.0115489238012,35.0889151375652,7.20737621775232,64.4815530872642,5.03630865037793,4.89516659997005,3.42805887136423,7.20737621775232,4.89516659997005,7.20737621775232,0.630681968838979,4.89516659997005,7.20737621775232,7.20737621775232,7.20737621775232,0.729659002823667,4.89516659997005,7.20737621775232,7.20737621775232,7.20737621775232,7.20737621775232,5.03630865037793
19.0273101449572,5.8053471416217,8.58183475621346,22.6739358911296,7.76129923293116,24.6678624375624,28.2149657171144,31.7233626900277,10.657172355283,7.69317132798601,10.9890696982521,36.8441340097584,38.0595169684186,37.0201341635228,3.72578499030937,3.71288214078583,7.65845184778592,12.4605151146908,37.7663808581727,12.4605151140004,5.29802451547329,2.62994515640148,11.3516546042608,47.1703435595808,47.1703435595808,13.4547374470489,3.21735145690075,4.80641899837078,13.4547374476474,38.8550401751447,6.85059248737172,66.7599105535413,4.8940389170127,4.6833103661069,3.72956636734609,6.85059248737172,4.6833103661069,6.85059248737172,0.624403020324925,4.6833103661069,6.85059248737172,6.85059248737172,6.85059248737172,0.815368060589549,4.6833103661069,6.85059248737172,6.85059248737172,6.85059248737172,6.85059248737172,4.8940389170127
20.2661081129242,6.04324756826231,8.96355734354344,24.5562730570927,8.24994986088629,26.5064736692644,30.1265741492812,34.1200135129254,11.2031639467072,7.43348115818785,11.5633322364552,39.0109083552671,40.4865824878894,39.234803610353,3.44203962608876,3.53220146176665,7.97368117030254,13.0996558141749,40.3116616211479,13.0996558136874,5.21210787192671,2.27639718142271,10.9566797167622,50.1881411194023,50.1881411194023,14.0075878474736,3.0140780206607,4.5939821987917,14.0075878475101,33.9003504802734,6.55507133568672,71.0368090737617,4.59369144185956,5.06063206374763,3.23154995588839,6.55507133568672,5.06063206374763,6.55507133568672,0.657053502567464,5.06063206374763,6.55507133568672,6.55507133568672,6.55507133568672,0.71107727801625,5.06063206374763,6.55507133568672,6.55507133568672,6.55507133568672,6.55507133568672,4.59369144185956
19.075228380054,5.78328017614448,8.88967475761141,23.0736486644121,8.21744633329207,24.7436032802122,28.2134114219785,31.8286293958397,11.0921893988915,7.90243586261138,11.4409982597973,36.5115687617744,38.0190502179145,36.7289960217404,3.55504011447171,3.75413855622982,8.15558041372594,12.9546771293096,37.6971169199828,12.9546771277233,5.34279039383761,2.45136675236636,11.5829260858302,47.1328545268998,47.1328545268998,13.7094168292151,3.11126537636921,4.64568830040198,13.7094168287014,40.2447815365801,6.62878530838893,66.6997201243016,5.0056379434735,5.00241492988703,3.47842856658796,6.62878530838893,5.00241492988703,6.62878530838893,0.629876760717004,5.00241492988703,6.62878530838893,6.62878530838893,6.62878530838893,0.712265212649392,5.00241492988703,6.62878530838893,6.62878530838893,6.62878530838893,6.62878530838893,5.0056379434735
17.1377945186341,5.49854302811786,8.1511098159342,20.5709228315168,7.51728470752878,21.9633275684208,25.3173873647933,28.300190779284,10.1543595331797,7.20444942405137,10.5023477996417,32.9404476904004,34.0518017791107,33.1251859065463,3.39947766687487,3.63377485470952,7.34151674122306,11.9093417198219,33.7944021062231,11.909341718287,5.04484068641803,2.46234784132231,10.616776744133,42.4297502912485,42.4297502912485,12.8241902703672,2.95019238603929,4.40352990279651,12.8241902695764,34.4937842627008,6.29854346435079,60.0539625362918,4.94628336827468,4.45429018973201,3.49553783093912,6.29854346435079,4.45429018973201,6.29854346435079,0.674812568642079,4.45429018973201,6.29854346435079,6.29854346435079,6.29854346435079,0.71517313243028,4.45429018973201,6.29854346435079,6.29854346435079,6.29854346435079,6.29854346435079,4.94628336827468
17.4007441186578,6.0679943277337,8.9107006550665,20.7694961078899,8.21945330308728,22.0252362084242,25.5935669373859,28.4618231679845,11.1133676552707,8.13555417054593,11.4812011341029,32.925107545851,34.3251667422588,33.1363177107727,3.58800594552264,3.75759331898059,8.04288816050318,12.995540151396,34.0495999758791,12.9955401514372,5.35859254378805,2.56266795169667,11.8971291061504,42.7236022645903,42.7236022645903,13.8602389236026,3.14586766742056,4.64870995511138,13.8602389235422,37.5174825654543,6.62884934172351,60.4752829193348,4.96681420695591,5.08613044944862,3.63455561172822,6.62884934172351,5.08613044944862,6.62884934172351,0.660374918698787,5.08613044944862,6.62884934172351,6.62884934172351,6.62884934172351,0.787803444191089,5.08613044944862,6.62884934172351,6.62884934172351,6.62884934172351,6.62884934172351,4.96681420695591
18.4795251991059,5.83084220363675,8.70703519441586,22.508480225924,8.09724558158498,23.8982987083104,27.4438625642139,30.8034695540954,10.7961600562372,8.44683598192879,11.1332581317568,35.6109547619217,36.8747880232303,35.8572369585381,3.77980309565011,3.8448180780716,7.75803009088256,12.6420368021056,36.6742349718584,12.6420368013138,5.35313954592332,2.46596061513246,12.3620788383652,45.8254301912848,45.8254301912848,13.6819311856825,3.42260777685497,5.03023109914153,13.6819311871641,35.713897733243,7.17268233831698,64.8689244100185,4.78146602086783,4.57131392671575,3.49983451684188,7.17268233831698,4.57131392671575,7.17268233831698,0.670024080859127,4.57131392671575,7.17268233831698,7.17268233831698,7.17268233831698,0.73388015902437,4.57131392671575,7.17268233831698,7.17268233831698,7.17268233831698,7.17268233831698,4.78146602086783
18.6786490374306,5.92942189196701,9.03703708121947,22.5549383444593,8.38895816762817,24.1025256695639,27.5747344312134,31.0062390176435,11.2979384657724,7.56718773173466,11.6499674668934,35.4817028840342,36.9973527743149,35.7159331268722,3.51065224344898,3.72502785969101,8.15389150578137,13.2034646633135,36.7426049787319,13.2034646641486,5.30576667774057,2.33686457908522,11.1124311072008,45.9449107036028,45.9449107036028,14.0522587741235,3.17769649094695,4.64358278319781,14.0522587735928,36.9313811275959,6.64199234846441,65.0385597102804,4.84289312644941,5.02377314212307,3.32047140650943,6.64199234846441,5.02377314212307,6.64199234846441,0.652891124320375,5.02377314212307,6.64199234846441,6.64199234846441,6.64199234846441,0.689753157234123,5.02377314212307,6.64199234846441,6.64199234846441,6.64199234846441,6.64199234846441,4.84289312644941
17.3256626930434,5.51241981251466,8.34417627407124,20.7252157456467,7.66845160905229,22.2869848190736,25.7207891839437,28.861908149499,10.4196619449309,7.31242268652758,10.7898276042572,33.172931041365,34.4706191087849,33.3671768394863,3.22344134263226,3.29895358405918,7.62008329315555,12.2140326664231,34.3547159779114,12.2140326668706,4.94219504189967,2.22425521349251,10.8046683176932,42.9527767835637,42.9527767835637,12.9291899823443,2.80511593899297,4.27525558486978,12.929189982401,36.518536777828,6.11541580832591,60.7972261082272,4.50414151571139,4.76544960436971,3.15949321622266,6.11541580832591,4.76544960436971,6.11541580832591,0.681075353903701,4.76544960436971,6.11541580832591,6.11541580832591,6.11541580832591,0.774944024397058,4.76544960436971,6.11541580832591,6.11541580832591,6.11541580832591,6.11541580832591,4.50414151571139
18.7349601994091,5.59359000469973,8.31747864593609,22.4084712174512,7.53211518646926,24.5600557022117,27.9738682615992,31.6105693064731,10.3366666248583,7.64819771037707,10.7157592075926,36.4328466051933,37.7037281683701,36.6227113585118,3.38859349264814,3.54173915727002,7.61126187361772,12.118305758129,37.5423080525431,12.1183057587227,5.10590875865936,2.35420650804046,11.2288994122128,46.861555342961,46.861555342961,12.8739215376898,2.96489689348735,4.48165163413174,12.8739215361099,39.0994358259106,6.38792701947497,66.3303670147255,4.66934887355121,4.8357761256959,3.33933485369278,6.38792701947497,4.8357761256959,6.38792701947497,0.681454595249007,4.8357761256959,6.38792701947497,6.38792701947497,6.38792701947497,0.814935379742391,4.8357761256959,6.38792701947497,6.38792701947497,6.38792701947497,6.38792701947497,4.66934887355121
18.4555667534395,6.07083496353977,9.07157997484321,22.1124298414634,8.37035692257466,23.4143353251324,27.2345352961997,30.3214865750206,11.3245470193044,7.86522076470607,11.6773437987161,35.1390936292194,36.4175002013861,35.3652619212046,3.70169187772506,3.76604380491,7.86928467193356,13.2512889103894,36.2373312697382,13.2512889101127,5.33763545226069,2.59107691813904,11.5439531892067,45.2772185664801,45.2772185664801,14.3912048470698,3.18174602923022,4.81058123610248,14.391204847102,39.9162595268233,6.88081158010008,64.0773269089895,4.77052971423558,4.9124185100757,3.67950822548659,6.88081158010008,4.9124185100757,6.88081158010008,0.679293652008968,4.9124185100757,6.88081158010008,6.88081158010008,6.88081158010008,0.801840539054409,4.9124185100757,6.88081158010008,6.88081158010008,6.88081158010008,6.88081158010008,4.77052971423558
18.6225708103001,5.73584441087569,8.50852320027873,22.5531607567052,7.8384559795753,24.0938311268984,27.648653594078,31.0976981974221,10.5320832047698,8.1569364814356,10.8918398511421,35.9967955424204,37.3019485471879,36.2052225214134,3.73274731244949,3.77699815600686,7.89515961864463,12.3335366790508,37.0923431730176,12.333536679162,5.33769525260375,2.58836444450514,11.9602496534374,46.3269139577408,46.3269139577408,13.0887121926305,3.24213921096272,4.86714743817585,13.0887121927766,38.6583445504099,6.95557996865351,65.5546485859591,4.82741450905944,4.76855360703041,3.67464470562916,6.95557996865351,4.76855360703041,6.95557996865351,0.667973160185298,4.76855360703041,6.95557996865351,6.95557996865351,6.95557996865351,0.802547545670586,4.76855360703041,6.95557996865351,6.95557996865351,6.95557996865351,6.95557996865351,4.82741450905944
18.9312450621504,5.7377981305031,8.73337781875505,22.9334998449905,8.04332447974996,24.7728362780488,28.1373418272112,31.7792173531974,10.791897626496,8.33948957262614,11.1479371559349,36.4253701255882,37.9086566918193,36.6958654386796,3.80943747559763,3.9664279049876,8.24215663584095,12.6277449037453,37.6934903132828,12.6277449036514,5.47465002463619,2.40113743304806,12.1865129601643,47.0611400119411,47.0611400119411,13.2775453134261,3.57367209798326,5.11563746824626,13.2775453134261,39.7685177415756,7.29076217554137,66.6050287421395,4.81599007697872,4.82511812802721,3.40805448782376,7.29076217554137,4.82511812802721,7.29076217554137,0.665288964303546,4.82511812802721,7.29076217554137,7.29076217554137,7.29076217554137,0.800281201082434,4.82511812802721,7.29076217554137,7.29076217554137,7.29076217554137,7.29076217554137,4.81599007697872
20.4514782263552,6.24425373638399,9.03190401809868,24.7619967341429,8.24520448417215,26.9303493087247,30.500273866185,34.3580149649004,11.2517306001193,8.55032627587426,11.5863166092832,39.8131746946021,41.0874207576458,40.003074112535,3.85161380955517,3.84194453079365,8.02053141062693,13.1716315280945,40.8939760385903,13.1716315281431,5.39197836059641,2.67722181177179,12.5304694566526,50.9619765485939,50.9619765485939,14.2290016227416,3.47356487661393,5.02272003123972,14.2290016225945,37.8658413092238,7.16579333507777,72.1344944678105,4.88473609863731,4.61112093239655,3.79847702376577,7.16579333507777,4.61112093239655,7.16579333507777,0.690124250878693,4.61112093239655,7.16579333507777,7.16579333507777,7.16579333507777,0.8283439413308,4.61112093239655,7.16579333507777,7.16579333507777,7.16579333507777,7.16579333507777,4.88473609863731
18.9785763530253,6.15504087060532,8.97220147381956,23.1624824997992,8.36225099106194,24.4011619551886,28.1567586733973,31.4396112818253,11.283628277582,8.03518967725599,11.599245513194,36.5076188956799,37.7043723961724,36.6930507275448,3.50306556402647,3.51511961883547,7.5016345688803,13.1962960070377,37.4697937961776,13.19629600703,5.07776670643958,2.5940517274703,11.8083623344306,46.7963362884548,46.7963362884548,14.516967412208,2.89922900675507,4.47369521896615,14.5169674120863,41.3933602419857,6.39181109156209,66.2178329958598,4.84715603409155,4.5570058367041,3.68023473073274,6.39181109156209,4.5570058367041,6.39181109156209,0.656041891657585,4.5570058367041,6.39181109156209,6.39181109156209,6.39181109156209,0.805834698804776,4.5570058367041,6.39181109156209,6.39181109156209,6.39181109156209,6.39181109156209,4.84715603409155
18.1028028486467,5.91534452949407,8.94531763226995,21.8329605755918,8.35202244941959,23.0733507038993,26.6135776347424,29.7043739571033,11.1398081267202,7.58715348198686,11.4870654444907,34.4079728619347,35.7687798328792,34.6269353729319,3.77820351069669,3.99218249169194,8.17970818487184,13.0449923077974,35.5180170808491,13.0449923084817,5.43145576801733,2.62525910275328,11.1674019965893,44.5538011694159,44.5538011694159,13.9224091449163,3.39485561914704,4.9492139379875,13.9224091442321,39.9118092945525,7.05330059619806,63.0748909912715,5.11200520649079,4.6656857750777,3.7233620208459,7.05330059619806,4.6656857750777,7.05330059619806,0.703331325018832,4.6656857750777,7.05330059619806,7.05330059619806,7.05330059619806,0.780968901026045,4.6656857750777,7.05330059619806,7.05330059619806,7.05330059619806,7.05330059619806,5.11200520649079
20.2883342803748,5.72849187333096,8.78074092927574,24.9205712325599,8.12341459919894,26.769380938933,30.2385573962715,34.2439900609009,10.9339539618714,8.1239402639278,11.2745781367747,39.4503417345755,40.8027487334464,39.6350383087502,3.65117212801308,3.86512427106841,8.0984582201775,12.7788796379535,40.4314630562422,12.7788796378673,5.43513723511873,2.5213611471719,11.934695404807,50.522442491049,50.522442491049,13.5775381601877,3.21155724118959,4.75841603724447,13.5775381604541,38.1648403564605,6.79115642759345,71.495711565763,5.29371180653038,4.81707496594152,3.57807176265826,6.79115642759345,4.81707496594152,6.79115642759345,0.64111673083446,4.81707496594152,6.79115642759345,6.79115642759345,6.79115642759345,0.827554227463348,4.81707496594152,6.79115642759345,6.79115642759345,6.79115642759345,6.79115642759345,5.29371180653038
17.6914207729142,5.78615903139082,8.65016204618683,21.0967163532362,7.97153926261182,22.4435029829076,25.9927880379952,29.0070135642896,10.7115220202645,7.44480432772181,11.0908012402961,33.6511456537765,34.9413155123379,33.9066847932647,3.73603606498123,3.86454159542594,7.92921186194086,12.554445341035,34.7069168766165,12.5544453404866,5.45890426408694,2.59184327514291,11.0184938455028,43.5392788741897,43.5392788741897,13.4143924451057,3.32509211051332,4.91125933212935,13.4143924463699,34.7620932446227,6.99312252250732,61.6228566713784,5.06524082947666,4.89526240238228,3.67480317843739,6.99312252250732,4.89526240238228,6.99312252250732,0.698619562236686,4.89526240238228,6.99312252250732,6.99312252250732,6.99312252250732,0.713282050758668,4.89526240238228,6.99312252250732,6.99312252250732,6.99312252250732,6.99312252250732,5.06524082947666
19.9880987936974,6.12141421880409,9.28727262525004,24.4629141434515,8.66679050833044,26.1139028630893,29.6404961309933,33.3886772230855,11.676273478676,8.42832392623952,12.0232031460286,38.2956297487818,39.7744734127539,38.5114211253399,3.45534157074749,3.66287228105106,8.24388364967938,13.6457563631587,39.4719287012134,13.645756363428,5.32887397519134,2.44612625007259,12.3653464499675,49.3406980641292,49.3406980641292,14.6182712125494,3.044474169942,4.50633423614416,14.618271212608,41.0336921555073,6.44308184023846,69.8234252246738,5.18887972157032,4.9797165504584,3.47282455044416,6.44308184023846,4.9797165504584,6.44308184023846,0.676050382896198,4.9797165504584,6.44308184023846,6.44308184023846,6.44308184023846,0.686109065550125,4.9797165504584,6.44308184023846,6.44308184023846,6.44308184023846,6.44308184023846,5.18887972157032
20.2135464820909,6.09750445257229,9.03329050920465,24.717205922632,8.39198864161556,26.1420015240389,29.9099342582996,33.6654397029508,11.2440219340099,7.45734236358977,11.6134131249882,38.9791060722141,40.2474108861669,39.166047130737,3.72779437566021,3.76978830412554,7.8480186822377,13.1504553819403,40.0121407987062,13.1504553832494,5.45610897718628,2.61474724453186,11.018000322771,49.8922970717149,49.8922970717149,14.2863878358947,3.20179971835835,4.83960220562442,14.2863878359775,38.1257331812979,6.92229269610296,70.6062686630919,4.88890886539265,5.15922893434502,3.71276054948503,6.92229269610296,5.15922893434502,6.92229269610296,0.662818886569631,5.15922893434502,6.92229269610296,6.92229269610296,6.92229269610296,0.768369968448233,5.15922893434502,6.92229269610296,6.92229269610296,6.92229269610296,6.92229269610296,4.88890886539265
18.0532450651628,5.82246618080214,8.75966705866788,21.4315759114177,7.98927408572747,23.2157698496116,26.7342714539064,30.0837860872106,10.8518057401432,7.70243589598619,11.2561214566677,34.4891615560756,35.8643166869962,34.7220271526453,3.54664216176708,3.84463348079419,7.99650732572534,12.7069334492684,35.5859283121193,12.7069334494988,5.52188414387882,2.2475529759637,11.3386238472464,44.639138124997,44.639138124997,13.543275992073,3.2370132980022,4.79502615007702,13.5432759918171,34.207177288001,6.83463890887399,63.2015723170081,5.07840951945156,5.28220568798844,3.1904479067449,6.83463890887399,5.28220568798844,6.83463890887399,0.684422576836712,5.28220568798844,6.83463890887399,6.83463890887399,6.83463890887399,0.728772209138012,5.28220568798844,6.83463890887399,6.83463890887399,6.83463890887399,6.83463890887399,5.07840951945156
18.4988019792,6.32924328590413,9.2540788820839,21.9108537748447,8.47463828424583,23.521185081309,27.2437308231226,30.4593678070092,11.5288855534304,8.26004612639629,11.8605568545999,35.1108927644519,36.5494136085629,35.3414955542027,3.84770599136493,4.11882123860206,8.25198566414672,13.4605505609795,36.1644600069333,13.4605505619291,5.61365268367479,2.54105902028757,12.0697692410314,45.3589543936166,45.3589543936166,14.5100319663089,3.40753519778748,5.05433108641282,14.5100319664227,41.1941617912546,7.22306639546937,64.2020495424495,5.25622661832813,4.94160612613708,3.6092132308704,7.22306639546937,4.94160612613708,7.22306639546937,0.634530882163582,4.94160612613708,7.22306639546937,7.22306639546937,7.22306639546937,0.747143780614066,4.94160612613708,7.22306639546937,7.22306639546937,7.22306639546937,7.22306639546937,5.25622661832813
18.8096728770694,6.13786875664655,9.16746899165162,22.661021353938,8.49645883188395,24.268104763124,27.8336058732378,31.3137162696036,11.5340943214683,8.32496747069027,11.8641838257138,35.8118780826877,37.3447775925568,36.0163157692618,3.35945784395938,3.66507974083726,8.19265977568626,13.4608184370267,36.9350822797605,13.4608184369909,5.29050364420087,2.33627717480883,12.1988449446626,46.3175522371358,46.3175522388227,14.3757880461807,2.87191037392026,4.38553302489192,14.3757880460538,38.794488952408,6.28027976973966,65.5415685274648,5.27362564488896,4.9477812621557,3.31929634438874,6.28027976973966,4.9477812621557,6.28027976973966,0.628514202938165,4.9477812621557,6.28027976973966,6.28027976973966,6.28027976973966,0.742274661591148,4.9477812621557,6.28027976973966,6.28027976973966,6.28027976973966,6.28027976973966,5.27362564488896
20.3119244147363,5.89289233419502,8.85843392297905,25.0340706883102,8.23148398601118,26.7243063359903,30.254208741547,34.1858304140152,11.0108550905944,8.01826234133647,11.358478410657,39.4723389452626,40.7063383555305,39.6488360882566,3.72012210896774,3.92027783411481,7.85107596300573,12.8830764094494,40.4274729992,12.8830764094613,5.4446640808165,2.47082101163345,11.760601371561,50.4518192553548,50.4518192553548,13.95290741431,3.37360201734149,4.92223197889263,13.9529074143313,39.0085968565989,7.0153469771482,71.411369186064,5.05319838640143,4.82224175390967,3.50560943276397,7.0153469771482,4.82224175390967,7.0153469771482,0.662241355429197,4.82224175390967,7.0153469771482,7.0153469771482,7.0153469771482,0.747499815923902,4.82224175390967,7.0153469771482,7.0153469771482,7.0153469771482,7.0153469771482,5.05319838640143
18.3955658820434,6.10376336935214,8.91070347619482,22.2244202705011,8.25188932569225,23.4938879087784,27.162817833141,30.4640501909987,11.1267244891069,7.96336251279939,11.4897975627262,35.1374260580414,36.6140955587995,35.3417886600786,3.53536539646354,3.73879586979616,7.99783723323807,12.9925226758542,36.2517797396939,12.9925226759166,5.3724420794815,2.57497152243708,11.6500511771687,45.4207722065003,45.4207722065003,13.8796611018944,2.93730094127328,4.520315730922,13.8796611018119,36.0669812084015,6.4553897429598,64.28609485501,5.07578127738244,5.22131208905832,3.6530615396457,6.4553897429598,5.22131208905832,6.4553897429598,0.620933204925475,5.22131208905832,6.4553897429598,6.4553897429598,6.4553897429598,0.769593194905698,5.22131208905832,6.4553897429598,6.4553897429598,6.4553897429598,6.4553897429598,5.07578127738244
20.1753873405712,5.83452725350073,8.77373080754571,24.5311029161896,8.05490143439736,26.4226322237699,30.002869717771,33.9997575298049,10.833438622766,8.06151320414995,11.1923973345074,39.0632258299391,40.4880660328069,39.2783135782706,3.84461590062397,3.83863940128276,8.09731391235563,12.6602603738215,40.2424865177487,12.6602603736979,5.51543774571389,2.45343988334568,11.8491008575513,50.1227757021205,50.1227757021205,13.444697720492,3.44689062109013,5.08590474447889,13.4446977204296,37.1749245684203,7.27324467910226,70.9446094215394,4.75033119377145,5.03520229297852,3.48714636514238,7.27324467910226,5.03520229297852,7.27324467910226,0.627234214096159,5.03520229297852,7.27324467910226,7.27324467910226,7.27324467910226,0.683180791373993,5.03520229297852,7.27324467910226,7.27324467910226,7.27324467910226,7.27324467910226,4.75033119377145
18.0020837273817,5.73397092437036,8.59432095220988,21.8259329418,7.95521575280407,23.2664231391837,26.7131987052251,29.9929137426893,10.6609809418459,7.81629658810593,10.9862167874299,34.4996445761953,35.7552753372028,34.7281811699007,3.64238021236223,3.66236989661681,7.50660025096001,12.4662307914412,35.5367723159204,12.4662307917517,5.23786545794467,2.24622478237245,11.4989659539448,44.3740657404354,44.3740657404354,13.5799454824724,3.36014829690776,4.90541126568011,13.5799454820473,40.2781936772255,6.98104651340951,62.8191906926478,4.57461171472286,4.62941016016733,3.18658065612658,6.98104651340951,4.62941016016733,6.98104651340951,0.619638345757781,4.62941016016733,6.98104651340951,6.98104651340951,6.98104651340951,0.708297682931613,4.62941016016733,6.98104651340951,6.98104651340951,6.98104651340951,6.98104651340951,4.57461171472286
20.5629259597988,5.77593210004894,8.82362771108838,24.7434817249436,8.07581382348484,26.894624558271,30.457868699159,34.6085256653132,10.9809318924353,7.66154698413819,11.3363819876546,39.7331141455177,41.2459917582086,39.9342045793687,3.63928466186852,3.89377716156628,8.33548418716819,12.828412127841,40.8674328268029,12.8284121279819,5.47166020094291,2.53623096383362,11.2795896230633,51.0688479176436,51.0688479176436,13.4246223559411,3.0907481842076,4.73755970156095,13.4246223555813,41.1380010615228,6.75240089894889,72.2793411696933,5.29183978857619,4.99038301186081,3.59707618024121,6.75240089894889,4.99038301186081,6.75240089894889,0.640637412942034,4.99038301186081,6.75240089894889,6.75240089894889,6.75240089894889,0.712736260762616,4.99038301186081,6.75240089894889,6.75240089894889,6.75240089894889,6.75240089894889,5.29183978857619
17.4427330289803,5.54404161992507,8.62692743922534,20.5503547638026,7.90757301598318,22.3324125836862,25.6616716704663,28.7723260980001,10.687492815961,7.62235794083167,11.0332078637013,33.0770408886955,34.437054319694,33.3110019739768,3.71389717799274,3.97908967241833,8.23552147440398,12.5191658771342,34.1461934220454,12.5191658773346,5.46473307492506,2.34473081892728,11.2660115718886,42.915889071284,42.915889071284,13.1487172455184,3.49082234832567,5.01812220010292,13.1487172451056,34.6173808543032,7.1404732336192,60.7513575989269,5.2245797838026,4.54343486013559,3.32568646516714,7.1404732336192,4.54343486013559,7.1404732336192,0.692944891256757,4.54343486013559,7.1404732336192,7.1404732336192,7.1404732336192,0.705115632286206,4.54343486013559,7.1404732336192,7.1404732336192,7.1404732336192,7.1404732336192,5.2245797838026
18.251604249066,5.98462965209883,8.76045919598178,21.9938840084538,8.07228625351365,23.589762264824,27.1810631314073,30.4227089274924,10.9298975493181,8.26635290776069,11.2643359565159,35.0715307710006,36.2597033472171,35.3053733312483,3.54709926936938,3.66949628742227,7.56208984873642,12.8065934727231,36.1097430122403,12.8065934754193,5.17089386686247,2.27969426908085,12.1089101964463,45.1107706659307,45.1107706659307,13.9885715795737,3.21096652673145,4.79337040327916,13.9885715792706,40.8456426382428,6.824265111641,63.8414840401392,4.6858655414646,4.50283221652394,3.23387585071618,6.824265111641,4.50283221652394,6.824265111641,0.686824113044913,4.50283221652394,6.824265111641,6.824265111641,6.824265111641,0.799102366761607,4.50283221652394,6.824265111641,6.824265111641,6.824265111641,6.824265111641,4.6858655414646
19.7337794846759,5.55902859018497,8.50231615327945,24.2453742057784,7.85386334854802,26.0705519978002,29.4059166860846,33.2688588694619,10.5983947635112,7.83793145098161,10.9409842985529,38.4341304736559,39.8132485051147,38.611512580582,3.54764627423946,3.55849224609963,7.80355266491245,12.4002466498774,39.6111139128776,12.4002466489547,5.09276987711178,2.59448487324329,11.4894429092784,49.3511475479146,49.3511475479146,13.1362173325358,3.09602266329105,4.54109482706293,13.1362173335291,35.4322541902257,6.48822827641198,69.8488900304538,4.65031096779534,4.68797360848805,3.68130416347313,6.48822827641198,4.68797360848805,6.48822827641198,0.647444354801945,4.68797360848805,6.48822827641198,6.48822827641198,6.48822827641198,0.805448542071948,4.68797360848805,6.48822827641198,6.48822827641198,6.48822827641198,6.48822827641198,4.65031096779534
20.0310599288466,6.17022048271604,9.01992723132673,24.2689002681529,8.2967224437634,26.1290252356991,29.7635925453421,33.517898321011,11.192895038725,8.67106380047514,11.5319954076825,38.7277315298258,40.0100720123594,38.9563527880126,3.909987573708,4.04624682903257,8.09099539441702,13.098130801263,39.7277112841173,13.0981308005796,5.58897505328081,2.56648012055223,12.7062780425942,49.626421601154,49.626421601154,14.1607139291303,3.5371026518967,5.18922371700652,14.160713931163,40.5898726721882,7.39091913233024,70.2314300414833,5.19504330739645,4.68673794508516,3.64059358548305,7.39091913233024,4.68673794508516,7.39091913233024,0.680037135757125,4.68673794508516,7.39091913233024,7.39091913233024,7.39091913233024,0.706250663146024,4.68673794508516,7.39091913233024,7.39091913233024,7.39091913233024,7.39091913233024,5.19504330739645
17.7007087393214,6.04526832480566,9.08884176676795,21.1982975331073,8.44056196968396,22.4508847375369,25.9744067776307,29.0742664096075,11.3296927687345,7.18799455536334,11.6630888698391,33.2656300680943,34.8252503763836,33.531443999972,3.64572111770157,3.9241920367375,8.05239413452231,13.2150998800516,34.4246478947293,13.2150998819018,5.46547161424912,2.33214152870174,10.5770928374699,43.2099660593693,43.2099660593693,14.2295742667929,3.31368299920916,4.84432103416469,14.2295742667929,39.7592586562165,6.90233653656494,61.1713849975181,5.02357968684215,5.07431699362557,3.30912598715459,6.90233653656494,5.07431699362557,6.90233653656494,0.594809465553125,5.07431699362557,6.90233653656494,6.90233653656494,6.90233653656494,0.726926434298363,5.07431699362557,6.90233653656494,6.90233653656494,6.90233653656494,6.90233653656494,5.02357968684215
20.3254687540033,5.94413587711168,8.81545660261498,24.9871115537613,8.12836158226826,26.7344287227113,30.2727782964893,34.1295352864238,10.9673779057385,8.5058106934841,11.374460942245,39.4473220227896,40.8283531203819,39.6659750744204,3.61258048342393,3.64354268512845,8.04662143195132,12.8504321673469,40.715035948772,12.8504321674256,5.31611760477082,2.69528738109534,12.4037717965657,50.6740095337272,50.6740095337272,13.6091110667237,3.14022739961629,4.62483816619528,13.609111066995,40.404385894366,6.60046759253593,71.7110852938378,4.68620386256156,5.25503030899532,3.82249247993975,6.60046759253593,5.25503030899532,6.60046759253593,0.706499316422589,5.25503030899532,6.60046759253593,6.60046759253593,6.60046759253593,0.742631966037057,5.25503030899532,6.60046759253593,6.60046759253593,6.60046759253593,6.60046759253593,4.68620386256156
20.0708121568151,6.12038750009972,8.9495028151518,24.6573716581843,8.29161691122441,26.3974339013076,29.9517596610624,33.804628352482,11.2165947285831,7.89132137235752,11.5814026471426,38.9036722605018,40.1903766400338,39.0908742049388,3.36362906367163,3.55792010018617,7.62213473532838,13.1244672311719,39.9888845989258,13.1244672307514,5.17832649096887,2.35315509579822,11.5590149066091,49.847783768652,49.847783768652,14.3000916660217,2.9541174002384,4.4249529954939,14.3000916654073,41.2279241502163,6.31239466018578,70.5506809573457,4.77532007439086,5.0433496719565,3.33870025530382,6.31239466018578,5.0433496719565,6.31239466018578,0.670381505955779,5.0433496719565,6.31239466018578,6.31239466018578,6.31239466018578,0.781852670748678,5.0433496719565,6.31239466018578,6.31239466018578,6.31239466018578,6.31239466018578,4.77532007439086
18.9167301737921,5.97092626261916,8.62613936568436,22.8385617957063,7.93227139606648,24.5470234732167,28.0968498210567,31.622257812967,10.6811880790251,7.620603762819,11.028238114131,36.6220866435547,37.7737819085989,36.8159879089172,3.7579991780403,4.01346995437223,7.65826124820904,12.5141743416066,37.4881290999061,12.5141743414679,5.45613972903787,2.43689276481788,11.2165993625477,46.9250492578522,46.9250492578522,13.6327239322088,3.40069183209237,5.01553860847689,13.6327239322732,37.9126759426432,7.15311728188256,66.4258556274157,5.1151352918136,4.62372068155181,3.45910922814021,7.15311728188256,4.62372068155181,7.15311728188256,0.676907026425665,4.62372068155181,7.15311728188256,7.15311728188256,7.15311728188256,0.776463483694366,4.62372068155181,7.15311728188256,7.15311728188256,7.15311728188256,7.15311728188256,5.1151352918136
17.1638301330325,5.73065274143153,8.42201560047252,20.2462037167787,7.66500933320985,22.080863794238,25.3481287206337,28.4555330386688,10.4767333589246,7.26123446185072,10.7870581466622,32.6976631009923,34.0104373633807,32.9135174697984,3.5128982766128,3.67454234551213,7.51404880155125,12.2470805972103,33.7269708449927,12.2470805973938,5.11312873714758,2.20906698629108,10.6920159497952,42.2508972357615,42.2508972357615,13.214217831141,3.25486340053782,4.69719535266151,13.2142178307362,39.2041458477748,6.71646586587805,59.8122591861582,4.67914309900256,4.4444326548096,3.14033783245275,6.71646586587805,4.4444326548096,6.71646586587805,0.608381483902511,4.4444326548096,6.71646586587805,6.71646586587805,6.71646586587805,0.68399440957174,4.4444326548096,6.71646586587805,6.71646586587805,6.71646586587805,6.71646586587805,4.67914309900256
19.4434868812912,5.53671788138592,8.38881473310805,23.3297643300102,7.57232685393513,25.487255677226,28.8350599804609,32.6425454799124,10.3313706840061,7.65997362441397,10.7217881172795,37.7356389971376,39.1116228539956,37.9426338106513,3.72853127653327,3.71023915933042,7.84200676711441,12.0873805239636,38.8589870545477,12.087380523532,5.41395685304464,2.60976821684289,11.2857144771094,48.4759131344002,48.4759131344002,12.754222153558,3.34337953189294,4.8337411671504,12.7542221544919,34.1283297499989,6.90471716656086,68.6112537201832,4.76855215750653,5.154484318574,3.70397701461334,6.90471716656086,5.154484318574,6.90471716656086,0.634956013413399,5.154484318574,6.90471716656086,6.90471716656086,6.90471716656086,0.682501348322787,5.154484318574,6.90471716656086,6.90471716656086,6.90471716656086,6.90471716656086,4.76855215750653
18.831627477624,5.96395834627125,8.91872465017815,22.7604324222919,8.25196749081696,24.3030764174857,27.8175704982628,31.3381505320896,11.0909287376381,7.37378751157893,11.4583469904422,35.9987237617764,37.329359604384,36.1986290001373,3.58311088330046,3.93946230652347,7.89461724761106,12.96097931245,36.9574009751533,12.9609793125524,5.52230533951978,2.28918472379753,10.8555615955867,46.3145770131285,46.3145770131285,14.0037089393647,3.2558356289104,4.77495806755638,14.00370893936,39.3494452485482,6.82978606932181,65.5555591343928,5.1889213406146,5.17585285233847,3.25421361100364,6.82978606932181,5.17585285233847,6.82978606932181,0.637269383614125,5.17585285233847,6.82978606932181,6.82978606932181,6.82978606932181,0.68557519024533,5.17585285233847,6.82978606932181,6.82978606932181,6.82978606932181,6.82978606932181,5.1889213406146
18.8473270383981,6.00042458933492,8.73195177023282,22.9260813287194,8.13349036472574,24.5401110337564,27.9277578090797,31.451503789825,10.9906065845145,7.18453164204098,11.2980597942762,36.190152870613,37.5183914591586,36.3646245252626,3.29870906734643,3.58906217009578,7.62260225218262,12.8535148496679,37.2316434496791,12.8535148479686,4.97567906186991,2.33450880211022,10.5714165796259,46.5783833519926,46.5783833519926,13.9131836947294,2.87060290378172,4.31800689268999,13.9131836947455,34.0512138993586,6.16479195825712,65.9233384640327,4.93136981848769,4.39088631060971,3.3127604151435,6.16479195825712,4.39088631060971,6.16479195825712,0.648570962801106,4.39088631060971,6.16479195825712,6.16479195825712,6.16479195825712,0.724876703137029,4.39088631060971,6.16479195825712,6.16479195825712,6.16479195825712,6.16479195825712,4.93136981848769
17.7377332454995,5.71383228463601,8.74773429285868,20.9714607831465,7.97256119830754,22.7019246007277,26.2190970951779,29.493505903719,10.8620461599654,7.98842864979513,11.2506854670817,33.777386255475,35.2278911541568,33.9955818986603,3.49246929150751,3.76533684860259,8.03753981647634,12.7027696056326,34.9192976771183,12.7027696053991,5.43391621826158,2.26411370006888,11.7060380071327,43.8101988401559,43.8101988401559,13.4546477287355,3.11684513745079,4.67685952764984,13.4546477289257,39.499853024442,6.67978837282021,62.0161175145706,4.99915885708452,5.25863187388909,3.21599031301467,6.67978837282021,5.25863187388909,6.67978837282021,0.653183206274546,5.25863187388909,6.67978837282021,6.67978837282021,6.67978837282021,0.682069873622223,5.25863187388909,6.67978837282021,6.67978837282021,6.67978837282021,6.67978837282021,4.99915885708452
18.8461980866674,6.17096444718613,9.15140403770378,22.7864617191415,8.48887689700944,24.1226772378721,27.7774565339673,31.0507867907875,11.3995210982863,7.65749851258407,11.7990865388518,35.8645421652074,37.2005536561475,36.0682166407561,3.65002987724346,3.8809320782431,8.17275845984341,13.3436226353277,36.9376008247046,13.3436226377614,5.5890078290888,2.54514807675055,11.2973253685992,46.2710679905361,46.2710679905361,14.3340876148361,3.25971137109375,4.78288484068723,14.3340876136714,36.5263698357536,6.8394425214541,65.4758868577487,5.22331623356941,5.35466180376932,3.61412674025866,6.8394425214541,5.35466180376932,6.8394425214541,0.702698349585725,5.35466180376932,6.8394425214541,6.8394425214541,6.8394425214541,0.75864201288711,5.35466180376932,6.8394425214541,6.8394425214541,6.8394425214541,6.8394425214541,5.22331623356941
17.4966980954887,6.04165928463424,8.88020976706855,20.8504155497606,8.17397112804602,22.1994773979565,25.7755671266079,28.7089827861669,11.1298098874116,8.12445280114705,11.4680964293629,33.083430640281,34.4920035557314,33.2812464802152,3.42227491819761,3.53577786364064,7.84624354795832,12.9991556462097,34.218024630541,12.9991556474635,5.14531010791436,2.45264432949239,11.8780850893598,42.849088522996,42.849088522996,13.9481415644474,2.9241860706768,4.4263539312807,13.9481415646379,37.0844499928194,6.31033386852769,60.6408672319959,4.78887557714033,4.92922941469738,3.4781666740931,6.31033386852769,4.92922941469738,6.31033386852769,0.623519706344866,4.92922941469738,6.31033386852769,6.31033386852769,6.31033386852769,0.73555210810167,4.92922941469738,6.31033386852769,6.31033386852769,6.31033386852769,6.31033386852769,4.78887557714033
18.8001605622163,6.12926579048706,9.01892632259182,22.6112213912682,8.302775939928,24.081713800567,27.7587852429394,30.9949669269773,11.1990423009333,7.77098450795061,11.5894556348308,35.8805925774034,37.1794527266973,36.1244668366337,3.77217786430232,3.73858451720209,8.02303366558547,13.1215883430954,37.0665213148253,13.1215883404945,5.46345409099737,2.59469617176819,11.473232418743,46.2589685355022,46.2589685355022,14.1192809129624,3.39507459822447,4.95427295685025,14.1192809129496,40.9403220781807,7.07609835286315,65.4688103353632,4.71400415769339,5.14370480618568,3.68341651502667,7.07609835286315,5.14370480618568,7.07609835286315,0.709436087785766,5.14370480618568,7.07609835286315,7.07609835286315,7.07609835286315,0.770788039695608,5.14370480618568,7.07609835286315,7.07609835286315,7.07609835286315,7.07609835286315,4.71400415769339
18.9416218165052,6.0221948596806,9.00478682483895,22.8739139025194,8.28318754427392,24.3821965713791,27.9676234644854,31.3828486167248,11.1141774005681,8.44839182990094,11.5225250222923,36.2782436570332,37.6871290279343,36.5370846765294,3.90538083751891,4.03895683592741,8.28479326536283,13.0015682335446,37.3878054509551,13.0015682348394,5.7747177222317,2.6626131139841,12.3830881026502,46.80526571123,46.80526571123,13.8330728328706,3.54243790018102,5.11119768477133,13.8330728324821,39.6016968809796,7.28951285489912,66.2430702547598,5.20626179331327,5.4516122574186,3.7778310445431,7.28951285489912,5.4516122574186,7.28951285489912,0.675929336815719,5.4516122574186,7.28951285489912,7.28951285489912,7.28951285489912,0.723340510386914,5.4516122574186,7.28951285489912,7.28951285489912,7.28951285489912,7.28951285489912,5.20626179331327
17.6551626462788,5.4240129307437,8.38069011859352,21.301340351391,7.72968509882867,22.7448402517325,26.1699405484154,29.3812314702811,10.3408587316069,7.99277805009963,10.725016584907,33.9383695205236,35.2409178004879,34.1686542549581,3.66315850737965,3.78728236464325,7.86107252585877,12.125095299524,35.0855115048931,12.1250952968969,5.32596332852261,2.44015276815327,11.7034518170409,43.8858601963626,43.8858601963626,12.7930960794822,3.31759140101903,4.86723274035557,12.7930960798854,39.5514896905877,6.94399341771581,62.1276341527862,4.69810818884967,4.86445634942216,3.46354051746347,6.94399341771581,4.86445634942216,6.94399341771581,0.686362815866012,4.86445634942216,6.94399341771581,6.94399341771581,6.94399341771581,0.737110264269896,4.86445634942216,6.94399341771581,6.94399341771581,6.94399341771581,6.94399341771581,4.69810818884967
17.2598724424129,5.63850491688937,8.47568312586251,20.5169061302202,7.77898815080718,21.877842670575,25.3665389455756,28.405489699958,10.4575019121354,7.98227858762871,10.8298023513437,32.8736730860303,34.2427516548701,33.0970483966634,3.74443118472234,3.94933471666078,7.96623624638636,12.2338622061044,33.9103750699602,12.2338622060975,5.48425940066207,2.55386077996436,11.6888013153219,42.5831338693007,42.5831338693007,12.9238722448495,3.29044841731301,4.90116055490451,12.9238722447821,37.3996762690219,6.99613510129246,60.2639749650489,5.07498278417464,4.97539495648556,3.62457357302271,6.99613510129246,4.97539495648556,6.99613510129246,0.643028039337102,4.97539495648556,6.99613510129246,6.99613510129246,6.99613510129246,0.691036316860788,4.97539495648556,6.99613510129246,6.99613510129246,6.99613510129246,6.99613510129246,5.07498278417464
19.795410431806,5.98893097626999,8.87792178614598,23.6917852276635,8.13292198856118,25.5792006413748,29.2517236377372,32.999112237492,10.9832582415539,7.5003336080733,11.3578634298115,38.0168353977831,39.4213489125613,38.2598540528165,3.85387840962597,3.93070245900093,8.23948477266302,12.8647770959575,39.2503148053109,12.864777097885,5.53249376314805,2.54369700107916,11.0868082118391,48.9594221889815,48.9594221889815,13.6349082385161,3.43059168611834,5.12061387099012,13.6349082384217,36.0701913321718,7.30217077191589,69.3072462355717,4.86621385776179,4.95069973374305,3.61007595333981,7.30217077191589,4.95069973374305,7.30217077191589,0.698888998172261,4.95069973374305,7.30217077191589,7.30217077191589,7.30217077191589,0.706102855870788,4.95069973374305,7.30217077191589,7.30217077191589,7.30217077191589,7.30217077191589,4.86621385776179
18.8377265476069,6.26214045892164,9.18941359919374,22.4096183438241,8.4327319152875,24.1685809131779,27.82078661597,31.1581241543318,11.5047504754963,7.61603235346031,11.8636104603477,35.7367451187524,37.0997266467263,35.9482226998339,3.50065579044123,3.68991104256701,8.02844944491682,13.4641043201987,36.9493598730815,13.4641043199981,5.28524427611228,2.2798302675015,11.2009119508369,46.1449077528065,46.1449077528065,14.5315101757841,3.16896930690406,4.71486579261163,14.531510175641,37.0371260360225,6.72814608008952,65.306023975773,4.730965418615,4.97385688732357,3.23710528609467,6.72814608008952,4.97385688732357,6.72814608008952,0.694287228659586,4.97385688732357,6.72814608008952,6.72814608008952,6.72814608008952,0.671396803599704,4.97385688732357,6.72814608008952,6.72814608008952,6.72814608008952,6.72814608008952,4.730965418615
19.4298926293056,6.18453812571019,9.16553941614634,23.7205584635379,8.49638385655368,25.0410980729445,28.7896655300826,32.2839826412719,11.3527484715212,8.39880642985687,11.7356520280261,37.3634142409047,38.7329891467167,37.6065514344952,3.92450213194555,3.98745508388756,8.11702953417799,13.2725654369945,38.4597046327156,13.2725654371533,5.69391336482592,2.68545769996443,12.3031079085621,48.0462035103284,48.0462035103284,14.3437226145032,3.47975063069241,5.13054028375483,14.3437226145032,39.7648838248931,7.31124619727535,67.9998781412324,5.02175200657333,5.35007573130643,3.80891413322419,7.31124619727535,5.35007573130643,7.31124619727535,0.660596865659136,5.35007573130643,7.31124619727535,7.31124619727535,7.31124619727535,0.826005779776906,5.35007573130643,7.31124619727535,7.31124619727535,7.31124619727535,7.31124619727535,5.02175200657333
18.8611470622949,6.05046795316011,8.95627342103289,22.9995673261799,8.35844800353552,24.4247275142786,27.9495335682809,31.3534364164222,11.2520085874754,8.29255243826545,11.5696455419662,36.125221594982,37.5478224658959,36.3311898973529,3.48330790261989,3.60207508324653,7.9516801787146,13.1527918054332,37.2835083896602,13.1527918014306,5.11226277330193,2.5159533857573,12.1318528862713,46.6097056612545,46.6097056612545,14.1181280543727,2.9908040105216,4.50169011212468,14.1181280494669,35.5804683800761,6.42499920159988,65.9685581587065,4.90217945509732,4.5756875157288,3.56902658953627,6.42499920159988,4.5756875157288,6.42499920159988,0.652971835112787,4.5756875157288,6.42499920159988,6.42499920159988,6.42499920159988,0.742162461219582,4.5756875157288,6.42499920159988,6.42499920159988,6.42499920159988,6.42499920159988,4.90217945509732
18.173866778746,5.48923618389945,8.33250649543773,22.0898023992825,7.65379077474838,23.6827825523874,27.0263365934248,30.4561228827958,10.3616868051493,8.31875117314251,10.7259426680093,35.1664923423601,36.5308920217975,35.3516053988959,3.42558848544051,3.41287286779019,7.62638217446668,12.1151787827471,36.2961808021444,12.1151787815144,5.09115192007983,2.49256030728422,12.161727514642,45.3137987063594,45.3137987063594,12.828033113307,2.93753387206271,4.39747860921573,12.8280331141101,35.0460528118517,6.27725914276146,64.1250551616909,4.61196225579962,4.96344146266245,3.53572291292744,6.27725914276146,4.96344146266245,6.27725914276146,0.617604963057256,4.96344146266245,6.27725914276146,6.27725914276146,6.27725914276146,0.744283163012379,4.96344146266245,6.27725914276146,6.27725914276146,6.27725914276146,6.27725914276146,4.61196225579962
18.5323226442244,6.3339127080161,9.19061494192871,22.3238539919212,8.50766066097689,23.765141481896,27.4357508986659,30.5811820943137,11.5044876348448,8.04449681031737,11.8645933568243,35.2212859579697,36.4363225169766,35.4384167399221,3.51693399560409,3.73239528214497,7.81359091474064,13.4702276394296,36.2519220961692,13.4702276394683,5.34306706274215,2.29311548659164,11.8138978774245,45.3422435573332,45.3422435573332,14.7374235134011,3.22741006262324,4.73751050838701,14.7374235134013,41.0261957257385,6.74856083548903,64.1625986029128,4.91874676896249,4.94334639129782,3.25346124790832,6.74856083548903,4.94334639129782,6.74856083548903,0.70197164001927,4.94334639129782,6.74856083548903,6.74856083548903,6.74856083548903,0.740200367573874,4.94334639129782,6.74856083548903,6.74856083548903,6.74856083548903,6.74856083548903,4.91874676896249
17.4823977950631,6.27380075964948,9.26980590910301,20.7458274283087,8.55639776508357,22.0608579501713,25.6708000218086,28.4828429165624,11.5841104196759,7.96910778905354,11.9275537526574,32.6440543893095,34.1093246176712,32.9178895911667,3.63976239486391,3.84137098119065,8.14001327390931,13.5356938700606,33.8647566710172,13.535693870478,5.41362193654972,2.32509069291106,11.673823720495,42.4479435714923,42.4479435714923,14.604577552051,3.39278281483053,4.86899138492899,14.6045775522876,39.9436448722857,6.95586473543792,60.0814488583126,4.85081458982752,5.00742270778652,3.30341368242598,6.95586473543792,5.00742270778652,6.95586473543792,0.655944374436498,5.00742270778652,6.95586473543792,6.95586473543792,6.95586473543792,0.749646871213132,5.00742270778652,6.95586473543792,6.95586473543792,6.95586473543792,6.95586473543792,4.85081458982752
20.6412987520698,6.61277646774449,9.51184501506574,24.8881210938782,8.76276810075218,26.7196883271223,30.5098715714809,34.2989576100243,11.8734133527563,8.32732752627824,12.2045332141306,39.567349471446,41.0322572849445,39.8054238262447,3.95930047825315,4.07957012902051,8.45434337803468,13.8707426495177,40.7598152896801,13.8707426492669,5.60759702997551,2.71684078066677,12.1906354633904,50.8473085397127,50.8473085397127,14.9358154630396,3.48026516099964,5.16828856292196,14.9358154630712,40.2463442253751,7.37391352621442,71.9508768152682,5.10731366809625,4.88955859123621,3.85499421300502,7.37391352621442,4.88955859123621,7.37391352621442,0.669649251462895,4.88955859123621,7.37391352621442,7.37391352621442,7.37391352621442,0.760697917331,4.88955859123621,7.37391352621442,7.37391352621442,7.37391352621442,7.37391352621442,5.10731366809625
17.8903199705812,5.84906663871133,8.63954194055062,21.3384207254033,7.85634589606595,23.0506994823769,26.6000989923214,29.8409653480669,10.7732523309207,8.04578287692559,11.1281089880513,34.4112760894928,35.6597828118313,34.6205083675002,3.41669001049362,3.66700981888116,7.46537970796751,12.5936916436064,35.3251551311508,12.5936916415364,5.26310807241358,2.30675409343424,11.7710141697763,44.26767635037,44.26767635037,13.7208506892073,2.98106876671862,4.48936776911429,13.7208506892775,38.6346396925893,6.42682197294722,62.6565117753484,4.96578276631528,5.00665913221516,3.27812177046021,6.42682197294722,5.00665913221516,6.42682197294722,0.621741704821074,5.00665913221516,6.42682197294722,6.42682197294722,6.42682197294722,0.801138246860384,5.00665913221516,6.42682197294722,6.42682197294722,6.42682197294722,6.42682197294722,4.96578276631528
18.1499029066265,5.97614643367497,9.09235562177283,21.5349014394589,8.29679134614002,23.1367336816103,26.772718922565,29.9136789318433,11.2753804771496,8.48846654331168,11.6662809963971,34.3941490060247,35.85485873389,34.6536196867077,3.75890115739191,3.89774995913214,8.31033797605162,13.1831883469825,35.605205756118,13.1831883470836,5.61411221424794,2.48395090644215,12.4133650501402,44.5698387948519,44.5698387948519,14.0043600556631,3.40747049624772,4.97863648910811,14.0043600551997,34.139684629633,7.09902690324103,63.0791499710182,4.97008062187244,5.37401363978595,3.5250460786491,7.09902690324103,5.37401363978595,7.09902690324103,0.665958421687358,5.37401363978595,7.09902690324103,7.09902690324103,7.09902690324103,0.7659565581064,5.37401363978595,7.09902690324103,7.09902690324103,7.09902690324103,7.09902690324103,4.97008062187244
19.2053745603109,5.63983725684353,8.41322366128675,23.5050805286002,7.73107146600837,25.2241343616573,28.7312219813161,32.5632163060464,10.3276067623762,8.44954419708539,10.6896903129779,37.4198277513846,38.6846438607386,37.6521893698854,3.78490351968043,3.97146825651407,7.68841618320841,12.0762030010464,38.3797810912564,12.0762030010069,5.51986333213977,2.26055034630213,12.3268356876841,47.9088065036334,47.9088065036334,12.9736928106144,3.44664066859472,5.10237659136259,12.9736928105572,37.2921724122645,7.271210025617,67.8071078333332,4.86426916664757,4.95714051615593,3.20979004456114,7.271210025617,4.95714051615593,7.271210025617,0.610719400161219,4.95714051615593,7.271210025617,7.271210025617,7.271210025617,0.699919921205085,4.95714051615593,7.271210025617,7.271210025617,7.271210025617,7.271210025617,4.86426916664757
17.7659437904117,5.70426115923194,8.50921912501829,21.4074608240241,7.83922634390526,22.8721887155792,26.2842846780175,29.533900951971,10.5420524921415,7.88170419613995,10.9394468338661,34.0227977417947,35.3123828712086,34.2593493698391,3.4888440292714,3.80929438252535,7.81696328657386,12.3421484665635,34.972438315368,12.3421484656394,5.45898262372042,2.34043650542818,11.5792442889429,43.91930077128,43.91930077128,13.142167408203,3.13961866098854,4.6208895924694,13.1421674086553,35.271549255938,6.60417803399006,62.1583965610258,5.22722139621516,5.18477908610171,3.32419574191931,6.60417803399006,5.18477908610171,6.60417803399006,0.664251476815702,5.18477908610171,6.60417803399006,6.60417803399006,6.60417803399006,0.684565144974608,5.18477908610171,6.60417803399006,6.60417803399006,6.60417803399006,6.60417803399006,5.22722139621516
17.6435756427795,5.58313116835888,8.40651802533133,21.2585165690799,7.70766141811934,22.692313576514,26.2518302314566,29.4142428916502,10.3871645185215,8.14883566886091,10.7943462728847,34.0636835186218,35.2127959288168,34.294437311862,3.540327543631,3.67951912552979,7.51314292586491,12.1835983367579,34.9996002234074,12.1835983349518,5.38748374855505,2.3743397754651,11.977547268526,43.8548442343903,43.8548442343903,13.1596944469014,3.14743825895306,4.7135930084882,13.159694446927,38.6561115058977,6.73131308139758,62.0766138234687,4.92538091145357,5.11636583758471,3.37126905655004,6.73131308139758,5.11636583758471,6.73131308139758,0.689981484864436,5.11636583758471,6.73131308139758,6.73131308139758,6.73131308139758,0.811258685501966,5.11636583758471,6.73131308139758,6.73131308139758,6.73131308139758,6.73131308139758,4.92538091145357
19.6305420430882,6.15462216365587,9.18096545579862,23.7196007992871,8.52936218775599,25.4585761532999,28.9983900923219,32.5646633540313,11.5811528576785,7.91614493364699,11.9102888904539,37.4859630597932,38.9376226142976,37.6841232633898,3.42321692933981,3.68299586703701,8.22469755305478,13.546851209554,38.6856211692088,13.5468512092982,5.14793380216888,2.54928009249167,11.6081386077046,48.3763388981066,48.3763388981066,14.4569319992646,2.91317821393584,4.37647627788239,14.4569319991138,38.6088154256467,6.27410563770312,68.4819935933038,5.13539487167447,4.61707414193988,3.62056817176462,6.27410563770312,4.61707414193988,6.27410563770312,0.696992423164712,4.61707414193988,6.27410563770312,6.27410563770312,6.27410563770312,0.708075879124095,4.61707414193988,6.27410563770312,6.27410563770312,6.27410563770312,6.27410563770312,5.13539487167447
17.8208013485402,6.25063016174227,8.91287812073564,21.2687805335241,8.19399874573434,22.6640917874989,26.3446950161517,29.4253430558895,11.0971770594838,7.63339375374567,11.4318928461492,33.8627737843435,35.1562294292391,34.117479460517,3.63358579600651,3.71996633362876,7.56885107700372,12.9690467866186,34.9043267554416,12.9690467866544,5.32435379935391,2.28911714904271,11.2373754280778,43.662624193484,43.662624193484,14.2338556803683,3.25567210647529,4.86566940935698,14.2338556804167,39.7510816772744,6.93718363276848,61.8130714204879,4.69900065665509,4.87138954336638,3.2496797180049,6.93718363276848,4.87138954336638,6.93718363276848,0.626151341486924,4.87138954336638,6.93718363276848,6.93718363276848,6.93718363276848,0.757361123285425,4.87138954336638,6.93718363276848,6.93718363276848,6.93718363276848,6.93718363276848,4.69900065665509
18.9896986578291,6.06689856799825,9.01926286820255,22.6723903371896,8.2584835177429,24.4440222264216,28.0318545981266,31.528511927128,11.2460577113011,7.66015566051319,11.5974117409274,36.3609918693658,37.7828361275077,36.5569166137361,3.66298338480721,3.86354054216504,8.01314754937362,13.1382371647202,37.4509984665869,13.1382371648599,5.43349496019355,2.537465248715,11.2458996186862,46.8727149534761,46.8727149534761,14.1322470581362,3.19789403164142,4.77206962531895,14.1322470581279,37.6488880869426,6.80366777896379,66.3562974244592,5.04824810450368,5.04946224790655,3.59936612391063,6.80366777896379,5.04946224790655,6.80366777896379,0.63819588467314,5.04946224790655,6.80366777896379,6.80366777896379,6.80366777896379,0.715302301394809,5.04946224790655,6.80366777896379,6.80366777896379,6.80366777896379,6.80366777896379,5.04824810450368
18.5657903001144,5.65196346238978,8.51672556385124,22.1126417148028,7.73309254507772,24.0852848337172,27.5437967787629,30.9021356546081,10.6451169083497,7.59894282125025,10.983137009018,35.7905462902673,37.0241984248922,36.0049709470583,3.45223197545697,3.49821075352104,7.47952163645776,12.4672331402323,36.8361044990692,12.4672331391772,5.02791773612016,2.49954516403053,11.1813981581287,46.0013235471024,46.0013235471024,13.4863382574861,2.98755805768367,4.47656192290256,13.4863382574221,38.9487614567885,6.3818877158319,65.1361029648366,4.68537383909091,4.57166844174178,3.54443248524546,6.3818877158319,4.57166844174178,6.3818877158319,0.663129035592158,4.57166844174178,6.3818877158319,6.3818877158319,6.3818877158319,0.732655719941446,4.57166844174178,6.3818877158319,6.3818877158319,6.3818877158319,6.3818877158319,4.68537383909091
19.7352715128961,5.89462524714474,8.92898638432926,23.7704116212422,8.15257409573725,25.7625315308322,29.3267043929829,33.0543940664694,11.1854325386171,7.98081311210693,11.5648170006033,37.9745836073723,39.3655091348577,38.1942625991009,3.34894451453235,3.54780127785067,7.92019884774114,13.0842120854811,39.1186255161091,13.0842120826963,5.25024859474181,2.41238933906543,11.7083076386001,48.8395189517952,48.8395189517952,14.0104489956999,2.87563400245655,4.34419002399121,14.0104489962593,41.7287599479109,6.2146558277134,69.116848060172,4.95610874132597,5.20470797042291,3.42514748022908,6.2146558277134,5.20470797042291,6.2146558277134,0.670767491983186,5.20470797042291,6.2146558277134,6.2146558277134,6.2146558277134,0.709156355421528,5.20470797042291,6.2146558277134,6.2146558277134,6.2146558277134,6.2146558277134,4.95610874132597
19.8339175310421,5.51720312084256,8.37685331988854,24.3463643761201,7.72700643651022,26.0851069205189,29.4925554860956,33.2949874199943,10.3154116403871,7.44771476687996,10.6918076645942,38.6716617246205,39.8271205095705,38.8618232499292,3.81752279086834,3.91883901260736,7.69699414795953,12.1036467768517,39.6768826187713,12.1036467768984,5.38579705795178,2.60720813842304,10.9608025970838,49.4473870558541,49.4473870558541,12.9671433849562,3.51808890373617,5.01735742297103,12.9671433849456,41.1736686328818,7.15863067380566,69.9979208329796,4.75390720443243,4.73100755359858,3.69974392967157,7.15863067380566,4.73100755359858,7.15863067380566,0.694633916405201,4.73100755359858,7.15863067380566,7.15863067380566,7.15863067380566,0.799169890459564,4.73100755359858,7.15863067380566,7.15863067380566,7.15863067380566,7.15863067380566,4.75390720443243
19.0074423768649,5.47827528846017,8.21193758347061,23.1614821417869,7.49144364657061,24.8076481896756,28.2779466309608,31.8567861035616,10.1322839110786,7.51530493858465,10.5275098378316,37.0377591522639,38.1798802656771,37.216814400436,3.59162857220244,3.52381299355631,7.34670088992432,11.8719109338671,38.0069862049616,11.8719109339139,5.23313630729561,2.57532919808706,11.0730264882686,47.3625451863338,47.3625451863338,12.7829760821289,3.1297879306755,4.6272253140755,12.7829760822235,34.9904891736499,6.61859560986126,67.039057340154,4.54620348854799,5.10126973398755,3.65604987683994,6.61859560986126,5.10126973398755,6.61859560986126,0.64398079384562,5.10126973398755,6.61859560986126,6.61859560986126,6.61859560986126,0.722999439499655,5.10126973398755,6.61859560986126,6.61859560986126,6.61859560986126,6.61859560986126,4.54620348854799
17.532798133412,6.05810860491418,8.83582705382611,21.14726515264,8.1812699634947,22.3482755661586,25.8581744524336,28.8155452956896,10.9832402727445,8.09411780772481,11.3728539695128,33.3628292867461,34.6509959753227,33.5868375766795,3.59096724287018,3.81498963301409,7.87283461354126,12.8544255798009,34.336659654433,12.8544255795007,5.48936215443696,2.50128828681084,11.8764575265602,43.1398850875316,43.1398850875316,13.8409411749369,3.24543688246566,4.71758886940458,13.8409411751125,37.1385676097848,6.71919081345459,61.0503898264262,5.16492239728224,5.23105485227764,3.54664952759988,6.71919081345459,5.23105485227764,6.71919081345459,0.674204873388425,5.23105485227764,6.71919081345459,6.71919081345459,6.71919081345459,0.768647857711043,5.23105485227764,6.71919081345459,6.71919081345459,6.71919081345459,6.71919081345459,5.16492239728224
19.0489527469843,5.76851138646907,8.56262040804588,22.8914160673716,7.79082951338713,24.8965491332999,28.2918777549501,31.8798896731924,10.6091728504883,8.04658104752214,10.9454914168567,36.8646731940507,38.1157438953303,37.0628475830257,3.73937824771439,3.85916901710612,7.69441015785565,12.411317391381,37.8780262005329,12.4113173898528,5.31190121353309,2.49053148309776,11.7595423669902,47.2609259023784,47.2609259023784,13.3724518285606,3.4203671615238,4.90726859937512,13.3724518285606,40.7906740556924,7.01833734589548,66.8963588003572,4.74235683943205,4.67448321251824,3.53832564476131,7.01833734589548,4.67448321251824,7.01833734589548,0.636421582924172,4.67448321251824,7.01833734589548,7.01833734589548,7.01833734589548,0.704715232025609,4.67448321251824,7.01833734589548,7.01833734589548,7.01833734589548,7.01833734589548,4.74235683943205
18.2001788359373,5.91924628311104,8.69725157066834,21.5703215526286,7.92633920748395,23.3709340407247,26.8410699413048,30.1543928486062,10.7411142297656,7.50695883624411,11.1179382060064,34.794743496969,36.0938632207756,35.0059772093552,3.77280306974432,3.97873442676492,7.95886884371581,12.5766493955682,35.8562124430193,12.5766493953589,5.52477713717621,2.41807908644366,11.0509669879775,44.8876498443906,44.8876498443906,13.4465858613787,3.48409030046125,5.03290676059674,13.4465858613787,37.3817953311408,7.1968279821454,63.5418968972267,4.93736028348428,4.99497812600588,3.43681557029605,7.1968279821454,4.99497812600588,7.1968279821454,0.673529428401777,4.99497812600588,7.1968279821454,7.1968279821454,7.1968279821454,0.683281331962767,4.99497812600588,7.1968279821454,7.1968279821454,7.1968279821454,7.1968279821454,4.93736028348428
17.3218485543533,5.63464873829123,8.48843461030842,20.4456166468357,7.70798422185599,21.8381275624016,25.5092768233558,28.3425063718339,10.561254690048,7.12944297479585,10.9672635573042,33.0329183316298,34.2209128725012,33.2505055105223,3.44604526517051,3.51883084650322,7.43944699810621,12.3831594679221,34.0536287665581,12.3831594677823,5.19589032737024,2.59499013078687,10.5248572529693,42.6561092230097,42.6561092230097,13.3891964349504,2.86692803303742,4.39308205201195,13.389196435585,39.53758875784,6.26994858039599,60.3799271331445,4.7373868719489,5.17769291110381,3.68009148802348,6.26994858039599,5.17769291110381,6.26994858039599,0.686508392163799,5.17769291110381,6.26994858039599,6.26994858039599,6.26994858039599,0.719672901645428,5.17769291110381,6.26994858039599,6.26994858039599,6.26994858039599,6.26994858039599,4.7373868719489
17.9661482420375,5.91444530726515,8.70434498023021,21.3816743799217,7.92505551427899,22.8537169977301,26.530817850487,29.6898512899962,10.7352306440771,7.50432472465012,11.1217393026696,34.4656098595784,35.6936690197358,34.6715779339283,3.80564823633624,3.99614493462282,7.73482916335215,12.5552525970269,35.3638130539824,12.5552525961744,5.61001053465132,2.5528201921572,11.0366052160436,44.327337489714,44.327337489714,13.6059456992351,3.3456741543105,4.99474253235923,13.6059456989601,38.4640315314081,7.11612535072835,62.7522747665066,5.05167982195789,5.26117624611844,3.62102821027893,7.11612535072835,5.26117624611844,7.11612535072835,0.636064093814874,5.26117624611844,7.11612535072835,7.11612535072835,7.11612535072835,0.809573169463504,5.26117624611844,7.11612535072835,7.11612535072835,7.11612535072835,7.11612535072835,5.05167982195789
18.5311089444116,5.82113542623841,8.79402050382852,22.3535519229554,8.1092860058064,23.9341079676711,27.4824563430447,30.9497708253587,10.9324176452136,8.13745405614508,11.2873027299868,35.5144963126508,36.8727990460978,35.7499921347271,3.576947650219,3.89029379658244,7.83970047726555,12.7784382276649,36.5450657321625,12.7784382274188,5.41955972417102,2.28007030523121,11.8835804316872,45.7553824091252,45.7553824091252,13.7712110929512,3.19607770475404,4.78366645348528,13.771211092786,40.6128075717895,6.83753424008042,64.7523650739646,5.03814839348315,4.99041221026546,3.24011768320611,6.83753424008042,4.99041221026546,6.83753424008042,0.636131750806832,4.99041221026546,6.83753424008042,6.83753424008042,6.83753424008042,0.68615289074906,4.99041221026546,6.83753424008042,6.83753424008042,6.83753424008042,6.83753424008042,5.03814839348315
17.8353013737735,5.42613217973176,8.35340843892956,21.5934453746371,7.74249803339879,23.1212505267991,26.5190648579041,29.8930653095151,10.4515361690908,7.77996644565422,10.7795682927584,34.4007244523473,35.673338829876,34.5861881331819,3.27033469265423,3.5546487904925,7.46210155949288,12.2303141184655,35.3320584474593,12.2303141193188,5.04935359288705,2.24065659723564,11.4348052904598,44.3300712299212,44.3300712299212,13.1754787037205,2.81673833876044,4.31104614716654,13.1754787037205,37.5294514496339,6.1704959371991,62.7517411763713,5.04727512788296,4.50326928425656,3.18362280720404,6.1704959371991,4.50326928425656,6.1704959371991,0.640326823353757,4.50326928425656,6.1704959371991,6.1704959371991,6.1704959371991,0.702354934262805,4.50326928425656,6.1704959371991,6.1704959371991,6.1704959371991,6.1704959371991,5.04727512788296
18.985398549599,6.09341603846579,8.87859752592433,23.2023478287517,8.2759660120976,24.6233577016071,28.1125382310406,31.6501978972964,11.043742358064,8.30389042654164,11.3726937465522,36.5237438505692,37.8803542433378,36.7255989700441,3.74839712915124,3.97444992588144,7.9041203620776,12.9027254827782,37.5362692977961,12.9027254829931,5.43126983365363,2.50776323391436,12.1154441537575,46.9652659563612,46.9652659563612,13.9370733445057,3.36363115432635,4.92200219170304,13.9370733449921,39.3221720435625,7.0255175104552,66.4752179073959,5.05493370541425,4.7737053597817,3.55977804983826,7.0255175104552,4.7737053597817,7.0255175104552,0.627564900315651,4.7737053597817,7.0255175104552,7.0255175104552,7.0255175104552,0.676067256459299,4.7737053597817,7.0255175104552,7.0255175104552,7.0255175104552,7.0255175104552,5.05493370541425
18.6867671527156,6.01526936979098,8.9357499567271,22.5590062966727,8.31973170061866,23.75797551765,27.4912490686886,30.7126012184217,11.1189764139841,7.68290617311083,11.4637196313283,35.6605157082615,36.9389455962739,35.871724463514,3.81453174839723,3.90480196180047,7.96524127130802,13.0139564145402,36.6825061653896,13.0139564151398,5.44240231014676,2.66752102653708,11.3324852028018,45.9100394044709,45.9100394044709,14.0607779488944,3.29845936749457,4.95786326410966,14.0607779488946,39.5095812537306,7.08504935212108,64.9688372265591,5.05039907623985,4.73716838419731,3.78668365210767,7.08504935212108,4.73716838419731,7.08504935212108,0.680350882525401,4.73716838419731,7.08504935212108,7.08504935212108,7.08504935212108,0.706626228486709,4.73716838419731,7.08504935212108,7.08504935212108,7.08504935212108,7.08504935212108,5.05039907623985
20.2804793304405,5.95989622843453,8.83681255927374,24.547835904894,8.08306787864738,26.6684480222897,30.2243226259743,34.2325293829813,10.9345470423833,8.74190292808258,11.2582953547499,39.4038527840077,40.7597566113074,39.6389499398169,3.92360690834704,4.08275130588531,8.12213351489488,12.7784502357361,40.4103864893575,12.7784502349788,5.59946633970764,2.49141306833084,12.790011286148,50.4573054968822,50.4573054968822,13.6889084919878,3.53462122938505,5.20506038627002,13.6889084933085,39.5035537803291,7.4384052872293,71.3971528585982,5.22527666673721,4.63667659307917,3.54013430561415,7.4384052872293,4.63667659307917,7.4384052872293,0.636953708168619,4.63667659307917,7.4384052872293,7.4384052872293,7.4384052872293,0.726608935794583,4.63667659307917,7.4384052872293,7.4384052872293,7.4384052872293,7.4384052872293,5.22527666673721
18.7137918961834,5.81706274862751,8.74512602744308,22.4137405740149,8.03273313636154,24.2987808721176,27.7901981467194,31.3758702331922,10.9347608649504,8.46289137463889,11.2632496176253,35.990665898948,37.4358786493783,36.1795486784439,3.47141624924582,3.73971267855005,8.04359623358367,12.7831760504438,37.1424199610269,12.783176049096,5.1930474467797,2.35922924440858,12.3339531196009,46.4699549751535,46.4699549751535,13.533100360148,3.00178158211127,4.58684473258334,13.5331003596758,41.1919951473828,6.53262873218395,65.7806061592374,4.97559040490499,4.63440743885672,3.34584313141789,6.53262873218395,4.63440743885672,6.53262873218395,0.648084059939391,4.63440743885672,6.53262873218395,6.53262873218395,6.53262873218395,0.693681946296668,4.63440743885672,6.53262873218395,6.53262873218395,6.53262873218395,6.53262873218395,4.97559040490499
18.3301373248158,5.63698052451805,8.65465371194743,22.0041622713343,7.93104799420751,23.8081604644665,27.2239403864666,30.7226589003952,10.6868032084881,8.14836627795953,11.0571447821527,35.1568973124057,36.605980158055,35.4148349354052,3.71968966030419,3.93939572022825,8.18029080051922,12.5024990060872,36.3619798379439,12.5024990061157,5.49419262131762,2.29218059735359,11.9211911355986,45.4625473139466,45.4625473139466,13.1312301147788,3.43738501093946,5.01089726730561,13.1312301148059,34.2306610980471,7.15879750540465,64.33173290034,4.89590924632899,4.98473424863205,3.25791131073382,7.15879750540465,4.98473424863205,7.15879750540465,0.656906659821376,4.98473424863205,7.15879750540465,7.15879750540465,7.15879750540465,0.809639779104468,4.98473424863205,7.15879750540465,7.15879750540465,7.15879750540465,7.15879750540465,4.89590924632899
19.7516548428642,5.55897864902732,8.4064228993056,24.3371689718906,7.71651730436907,25.9934026691517,29.6124572856192,33.4596265852386,10.4384596226331,8.42058653847192,10.8566436859492,38.723954757503,39.9511994361638,38.8912153565222,3.39806171129235,3.4179364855007,7.50259064800774,12.2341964351909,39.7950315612426,12.2341964358908,5.19149118610423,2.5186814781505,12.3035760959747,49.5672140624209,49.5672140624209,13.1027489578507,2.82961222479997,4.3522361380515,13.1027489583726,39.4876874125597,6.2271979064451,70.149351831152,4.62773391658849,5.31085097337039,3.57509975412879,6.2271979064451,5.31085097337039,6.2271979064451,0.675137406495266,5.31085097337039,6.2271979064451,6.2271979064451,6.2271979064451,0.743258521263442,5.31085097337039,6.2271979064451,6.2271979064451,6.2271979064451,6.2271979064451,4.62773391658849
17.8382251716026,5.36547864489075,8.19981110309601,21.3921541143731,7.52145041033559,22.8944171697888,26.29639296659,29.5175168120462,10.1751075651552,7.19723576354204,10.5357823272448,34.3291843388858,35.5855380759065,34.5431161207201,3.53739235792087,3.57678605631257,7.51914015733713,11.9164851888459,35.3160611265849,11.9164851875681,5.14910010375513,2.62308352942472,10.6489022382343,44.2286285218435,44.2286285218435,12.6992789502167,2.98884476436645,4.50841590397889,12.6992789513998,39.3456079685198,6.44128350708729,62.606733981038,4.86476258132162,4.72502203841402,3.72133243496733,6.44128350708729,4.72502203841402,6.44128350708729,0.648076826053364,4.72502203841402,6.44128350708729,6.44128350708729,6.44128350708729,0.695851891799876,4.72502203841402,6.44128350708729,6.44128350708729,6.44128350708729,6.44128350708729,4.86476258132162
17.4602504562088,5.65579386869067,8.54201633030863,21.099858280621,7.88517646407329,22.3975981233831,25.8248859530644,29.0382188389794,10.4889044800095,8.16311265125051,10.8746207531096,33.4459109705613,34.8221272216263,33.7027353475439,3.81203493192313,3.95628930858061,7.92027905139116,12.2591510558402,34.4282356776947,12.2591510558404,5.67528851815898,2.41336205751372,12.0078844522666,43.2360985678567,43.2360985678567,13.0684827858222,3.48994093091082,5.07135614392605,13.0684827858125,39.1025335742843,7.21929245074865,61.2030077232591,5.18009025470069,5.22856664660247,3.42343771692282,7.21929245074865,5.22856664660247,7.21929245074865,0.617855185996241,5.22856664660247,7.21929245074865,7.21929245074865,7.21929245074865,0.815540330653742,5.22856664660247,7.21929245074865,7.21929245074865,7.21929245074865,7.21929245074865,5.18009025470069
19.7283476861756,5.71263998125049,8.6259721360438,23.8586753367453,7.85380428843508,25.8959606048569,29.3168575397123,33.2745154239223,10.6004842174097,8.17371717250069,10.9886971677671,38.2785000439406,39.7098181948481,38.4753614140124,3.84515217770595,3.95094518484983,8.15670118306246,12.38583633544,39.3848942520607,12.3858363356643,5.63483986904874,2.50582801105493,11.979100604524,49.1684769885486,49.1684769885486,13.0048719532271,3.4906082014127,5.08398858157348,13.0048719530859,41.1854717864078,7.23873738080622,69.5957355857816,4.97569147657705,5.28264858236095,3.55408757919627,7.23873738080622,5.28264858236095,7.23873738080622,0.619010451555273,5.28264858236095,7.23873738080622,7.23873738080622,7.23873738080622,0.698929974171262,5.28264858236095,7.23873738080622,7.23873738080622,7.23873738080622,7.23873738080622,4.97569147657705
18.9482442365724,5.74302704541867,8.64861781529451,22.7784526414726,7.95016570145579,24.6930978473499,28.1508921117808,31.8145989127097,10.7686340711102,7.93363525175721,11.1222726497339,36.4463851449478,37.855622990087,36.6947431197841,3.50461571027558,3.81692348891109,8.0761399607064,12.6068050101198,37.5696292683902,12.6068050116261,5.33420343899032,2.29748044625237,11.6522109807688,47.0253267658306,47.0253267658306,13.3118751437293,3.1189215575456,4.69842152162003,13.3118751436367,37.0249972367853,6.70479233809697,66.5480355389579,5.15595998262308,4.73240220823852,3.26192320610018,6.70479233809697,4.73240220823852,6.70479233809697,0.679369498209945,4.73240220823852,6.70479233809697,6.70479233809697,6.70479233809697,0.718704386134005,4.73240220823852,6.70479233809697,6.70479233809697,6.70479233809697,6.70479233809697,5.15595998262308
19.2485924030287,6.33081253003424,9.25236215786251,23.4145930901945,8.6570555552217,24.8866338228121,28.4436525640254,31.8776505007513,11.5721324123711,8.0015792955664,11.8942973887354,36.6530552212949,38.0411072632222,36.8678623447126,3.73930798816999,3.81855106637667,8.22626893850929,13.5376319540224,37.904326280577,13.5376319550927,5.30320170832941,2.43695380299752,11.7427308361004,47.2663832077542,47.2663832077542,14.5464153640618,3.45828131249869,4.99207942609059,14.5464153636197,36.6630311521688,7.12568088827531,66.8913133198002,4.68780227048145,4.55507438792881,3.46041153881966,7.12568088827531,4.55507438792881,7.12568088827531,0.689891019754508,4.55507438792881,7.12568088827531,7.12568088827531,7.12568088827531,0.735209011806763,4.55507438792881,7.12568088827531,7.12568088827531,7.12568088827531,7.12568088827531,4.68780227048145
18.0823019171485,5.87047185701519,8.83003621194752,21.7195940967014,8.19202160194304,23.1878847583582,26.6703935073349,30.0709410435652,10.9639334362274,7.49578344377212,11.3076046545401,34.3316194170974,35.8619492521737,34.5915237118227,3.64689608848175,3.93111840422127,8.09625517076677,12.8070711311682,35.5053211214239,12.8070711322766,5.46278668968282,2.24490550777492,11.0265591111183,44.520680485013,44.520680485013,13.6337157462566,3.30928620596493,4.90489023395824,13.6337157469912,40.7401084083439,6.98795159655459,63.0335868074256,5.04429920950255,4.93232234196345,3.18651922279541,6.98795159655459,4.93232234196345,6.98795159655459,0.625071443124292,4.93232234196345,6.98795159655459,6.98795159655459,6.98795159655459,0.681999791710692,4.93232234196345,6.98795159655459,6.98795159655459,6.98795159655459,6.98795159655459,5.04429920950255
18.9533061290124,6.2810299881245,9.11622335375372,23.0067143091684,8.51731617808931,24.493938960599,27.9819144607257,31.3519625135668,11.4807231243099,7.21969186724709,11.7911173868515,36.1195729324744,37.3881465941697,36.2983643476854,3.41456291696647,3.74644413929534,7.75957367809815,13.4213952856354,37.0319030149741,13.421395285685,5.21762490980995,2.34945591689697,10.6883747285692,46.4316850721844,46.4316850721844,14.70018044986,3.05653301205715,4.4980472751097,14.7001804490201,37.875204293364,6.4258367302345,65.7149104909047,5.28231893094138,4.5115689714707,3.3356129475718,6.4258367302345,4.5115689714707,6.4258367302345,0.66214711835708,4.5115689714707,6.4258367302345,6.4258367302345,6.4258367302345,0.728080530276554,4.5115689714707,6.4258367302345,6.4258367302345,6.4258367302345,6.4258367302345,5.28231893094138
18.9787375919661,6.12982413667894,9.19232586572409,22.9179142308963,8.47892618818285,24.4425217140309,28.0616411780664,31.413117442285,11.5401369036667,8.03447313325016,11.9098171090513,36.2033514356857,37.6583710387559,36.3899034685342,3.43462744100035,3.47291581727675,8.02594283488538,13.482571734942,37.4173528863524,13.4825717351569,5.25353204909824,2.56982883290679,11.7944605270024,46.7441109958538,46.7441109958538,14.4857093817942,2.9072427876524,4.38263181865583,14.4857093819664,39.2817163992323,6.25189607876898,66.144538659023,4.84073469120194,5.28959354377256,3.64389915352525,6.25189607876898,5.28959354377256,6.25189607876898,0.654138829269574,5.28959354377256,6.25189607876898,6.25189607876898,6.25189607876898,0.761910263170233,5.28959354377256,6.25189607876898,6.25189607876898,6.25189607876898,6.25189607876898,4.84073469120194
18.9699396462661,6.09871719071783,8.96437426417224,22.8468016445478,8.19985170602091,24.5730666986029,28.2185995553804,31.6380196071057,11.1922005125134,7.98063710632963,11.5728115303261,36.465928628625,37.7561173013643,36.6946858541352,3.4900881112288,3.57462507810974,7.72939679930517,13.1000128292788,37.5764530378066,13.1000128291024,5.31067287680102,2.40425178618404,11.7285795967596,46.9061881699517,46.9061881699517,14.2304053228051,3.08006486797036,4.59120300684151,14.23040532301,37.4776750097291,6.56804204400851,66.3824889058418,4.77354118101258,5.18844589213131,3.41513760992297,6.56804204400851,5.18844589213131,6.56804204400851,0.678051478794984,5.18844589213131,6.56804204400851,6.56804204400851,6.56804204400851,0.813977962491952,5.18844589213131,6.56804204400851,6.56804204400851,6.56804204400851,6.56804204400851,4.77354118101258
17.6034390998389,5.73854942180462,8.81055924649164,20.8578296469686,8.07786362596002,22.3620732810024,25.9350629595679,29.1078846908492,10.9189903549737,8.26547608162889,11.2766974222947,33.4084952350105,34.8450667549469,33.6400579695424,3.69171764763551,3.93628635705054,8.1153401634988,12.7529497581572,34.435350195666,12.752949758411,5.56541433837763,2.35547929101639,12.1186283297256,43.2714722303413,43.2714722291646,13.5617002678237,3.27882910521176,4.92246889420761,13.5617002682274,35.1355068848315,7.01427063280709,61.2412564866736,5.22448949802298,5.08005703366353,3.34260434475799,7.01427063280709,5.08005703366353,7.01427063280709,0.621866384900221,5.08005703366353,7.01427063280709,7.01427063280709,7.01427063280709,0.729899860601443,5.08005703366353,7.01427063280709,7.01427063280709,7.01427063280709,7.01427063280709,5.22448949802298
18.4165810090069,5.45168336547102,8.24436055866132,21.9141045748511,7.4675165520697,23.7941184389405,27.3056079433792,30.729436097022,10.1911349352197,7.3673315822744,10.5833010015338,35.723578309617,36.8905516391879,35.9422647623048,3.57934763882164,3.82977756958351,7.50925778667917,11.9577744821211,36.6534569170063,11.9577744818614,5.31050252636043,2.54862807801112,10.8289464121131,45.896670561902,45.896670561902,12.8345074106983,3.08504368167322,4.66112521829962,12.8345074101106,39.6714961376572,6.65864951931758,64.9722282737517,4.99354675303483,4.87356695039664,3.61702939735061,6.65864951931758,4.87356695039664,6.65864951931758,0.690392975888171,4.87356695039664,6.65864951931758,6.65864951931758,6.65864951931758,0.726359704252535,4.87356695039664,6.65864951931758,6.65864951931758,6.65864951931758,6.65864951931758,4.99354675303483
18.281378595846,5.57607262715322,8.33738633910138,21.7414094993938,7.53728228631624,23.7530166597534,27.2895303900248,30.7150761546041,10.4148628205953,8.09103419965171,10.7396406190469,35.4054884301282,36.6423554686096,35.5883905482498,3.34745036932604,3.46187862679017,7.42901540293701,12.1863693800672,36.4430916637826,12.186369380143,4.92696832182573,2.31989995851844,11.8108742801741,45.4653843902909,45.4653843902909,13.0910386762288,2.829707212249,4.39742172382809,13.0910386766975,37.6618610242062,6.26860130260636,64.3372005948627,4.54647244428158,4.50051656629281,3.29070080718736,6.26860130260636,4.50051656629281,6.26860130260636,0.629467778366245,4.50051656629281,6.26860130260636,6.26860130260636,6.26860130260636,0.794493054300645,4.50051656629281,6.26860130260636,6.26860130260636,6.26860130260636,6.26860130260636,4.54647244428158
20.0359087291356,5.85664791211228,8.72661900436875,24.4208322104966,8.09545902501628,26.11940446816,29.6825766776908,33.5708096345345,10.8448317867265,7.91540556495676,11.1692433749186,38.7615608832456,40.1859279309575,38.9853814319784,3.81110202436305,3.94824365488802,8.11353579285152,12.6812746951579,39.858635887576,12.6812746955206,5.41332902759963,2.6556333018712,11.635503026611,49.799360688019,49.799360688019,13.4677331993184,3.28305028667199,4.93027890222332,13.4677331993297,36.400334903002,7.05256121060331,70.4833036636689,5.1593535611671,4.54684538316249,3.77119431967961,7.05256121060331,4.54684538316249,7.05256121060331,0.650264477414955,4.54684538316249,7.05256121060331,7.05256121060331,7.05256121060331,0.725573944441228,4.54684538316249,7.05256121060331,7.05256121060331,7.05256121060331,7.05256121060331,5.1593535611671
19.4473611002013,6.17174696714102,8.9251250705964,23.541173440991,8.22601755429661,25.2699606983365,28.7610208211383,32.2963761421266,11.1686331965615,7.41246784775974,11.5182842130048,37.3984721140033,38.7301076004731,37.6025062291989,3.57963968304522,3.65901667757774,7.77296797127257,13.0726667854401,38.535256432009,13.0726667851456,5.20416062940818,2.62243585128158,10.9140931713057,48.1008836950913,48.1008836950913,14.1622858243287,3.15509054486136,4.61236031519185,14.1622858247116,38.086595547515,6.57506812553311,68.0815894471303,4.79816146458162,4.81740037729418,3.71827009617663,6.57506812553311,4.81740037729418,6.57506812553311,0.679515318583093,4.81740037729418,6.57506812553311,6.57506812553311,6.57506812553311,0.735187895834533,4.81740037729418,6.57506812553311,6.57506812553311,6.57506812553311,6.57506812553311,4.79816146458162
17.5176592731534,5.71967479390051,8.55905242467182,20.9378585365142,7.87431492251859,22.3992511409185,25.9042781827084,28.9932618022626,10.6808997836891,7.47833577433238,11.032999115649,33.4228087238736,34.789472852087,33.6368188630573,3.43307679731655,3.48717411996494,7.77147351743249,12.5004254042479,34.6191360461114,12.5004254036111,5.06786658143641,2.41375735494403,11.0028680434869,43.2799237041777,43.2799237041777,13.2790851753638,2.96293155128859,4.48582093958458,13.2790851752767,37.1281466611755,6.40061491026613,61.2600136043358,4.57570916168373,4.77543890745867,3.42466882070536,6.40061491026613,4.77543890745867,6.40061491026613,0.656807412044303,4.77543890745867,6.40061491026613,6.40061491026613,6.40061491026613,0.786223295044117,4.77543890745867,6.40061491026613,6.40061491026613,6.40061491026613,6.40061491026613,4.57570916168373
18.6852067010664,5.69408130458127,8.67387339223589,22.705016129842,8.0307465270176,24.2775908621148,27.7081252415711,31.1806642322408,10.7543467546737,8.46554534154668,11.1372149979791,36.0053619350912,37.3434327308671,36.2248829141247,3.66464305759698,3.78007870999096,8.06263218237707,12.6008305501057,37.1074934466588,12.6008305494029,5.4355436514605,2.51957894527979,12.4251227441056,46.4460182689085,46.4460182689085,13.3373010129894,3.31376272118162,4.83282236392518,13.3373010136039,40.9314297040737,6.88666832741788,65.7441941759964,5.05513710237945,4.95168785189184,3.57369115859648,6.88666832741788,4.95168785189184,6.88666832741788,0.698623649577205,4.95168785189184,6.88666832741788,6.88666832741788,6.88666832741788,0.694831658289075,4.95168785189184,6.88666832741788,6.88666832741788,6.88666832741788,6.88666832741788,5.05513710237945
18.3667265282439,5.58960017773847,8.60727013278984,21.7826377157596,7.86832180692198,23.7259751923645,27.0169534635227,30.4119489949589,10.8010371685426,7.14768491838632,11.1284478047414,35.0521909896777,36.5633706890658,35.2729153264721,3.38701329408224,3.61737915740172,8.00043780916583,12.6228908876338,36.1851246889494,12.622890884347,5.10784505777301,2.57071235649578,10.5581656573742,45.3942953863727,45.3942953863727,13.2798902563456,2.85905100553646,4.27089462808486,13.2798902552051,33.8981137569896,6.11252166812058,64.2413134872268,5.17243756921883,4.63616679790326,3.64812030675071,6.11252166812058,4.63616679790326,6.11252166812058,0.63728904427547,4.63616679790326,6.11252166812058,6.11252166812058,6.11252166812058,0.696566014799918,4.63616679790326,6.11252166812058,6.11252166812058,6.11252166812058,6.11252166812058,5.17243756921883
17.6199029281412,5.47719860604358,8.38258581987471,20.9331826244751,7.63004949729578,22.6730191784799,26.2149288011643,29.4269464543818,10.4467640770129,8.32565626817738,10.8308914163703,34.0033526490574,35.2599635040637,34.2149178908997,3.33082000871492,3.65390950250375,7.65710788096794,12.2466054997832,34.9765866539506,12.2466055002833,5.20798413549057,2.40187819907155,12.1678440676796,43.9216624066893,43.9216624066893,13.0532427645686,2.79720614495819,4.35823176899205,13.0532427647209,40.245057720355,6.21662902901787,62.160429520244,5.14569404950899,4.88364904586092,3.40681623003109,6.21662902901787,4.88364904586092,6.21662902901787,0.691022461198912,4.88364904586092,6.21662902901787,6.21662902901787,6.21662902901787,0.814842345560303,4.88364904586092,6.21662902901787,6.21662902901787,6.21662902901787,6.21662902901787,5.14569404950899
19.7927611025069,5.87550020101614,8.62667485229747,24.2933778959898,7.9708503039874,26.1308911482793,29.6066051297998,33.4441070092776,10.7965661310383,8.2793671313434,11.1704649070723,38.585022457478,39.7997493734289,38.7443720491405,3.32026450963186,3.57532081239633,7.69917248878385,12.6547198794776,39.5745206123512,12.6547198790387,5.16214146869045,2.3845518118144,12.1212291222478,49.431398116933,49.431398116933,13.5867901621169,2.87950470967961,4.3298534520784,13.5867901621163,38.2336124386673,6.20718591073202,69.966904290232,5.03070352884804,4.85821655841707,3.38828129581781,6.20718591073202,4.85821655841707,6.20718591073202,0.700772764973389,4.85821655841707,6.20718591073202,6.20718591073202,6.20718591073202,0.724728006020663,4.85821655841707,6.20718591073202,6.20718591073202,6.20718591073202,6.20718591073202,5.03070352884804
18.7788197874644,5.81434052061382,8.79474844869178,22.7141738122776,8.12110659392285,24.2440807844306,27.826598561594,31.3330784106528,10.9528093877503,7.93574167428534,11.3193281800336,36.0794357134565,37.5019317925467,36.2718705452646,3.55534511010546,3.6635084752606,7.93831969631682,12.808454117905,37.2643791406762,12.8084541179504,5.29852117327369,2.46494814353669,11.629281616678,46.5582471260723,46.5582471260723,13.6599146801343,3.07650899373743,4.65278490380592,13.6599146801093,36.5082180860146,6.64660072684637,65.9053387775313,4.77066551048419,5.07503864794245,3.49900418446992,6.64660072684637,5.07503864794245,6.64660072684637,0.649473059623452,5.07503864794245,6.64660072684637,6.64660072684637,6.64660072684637,0.697668041645412,5.07503864794245,6.64660072684637,6.64660072684637,6.64660072684637,6.64660072684637,4.77066551048419
19.7667482864308,5.74083502682506,8.69898557148968,24.239662950544,8.04191377807705,26.0384353192965,29.407881164872,33.3753498645725,10.8161779771979,8.29495396565944,11.1818181760331,38.2337880723616,39.759401064976,38.436833440286,3.53084989183762,3.67969476772086,8.13373703264322,12.630867346882,39.4269868073576,12.6308673467585,5.36996879303169,2.43124576726744,12.1454919677288,49.2237728865555,49.2237728865555,13.2508764199389,3.11176226139327,4.61740125332953,13.2508764198217,40.4952793973856,6.58620007064612,69.6575103964637,5.00286481568664,5.15020602891872,3.44944718377359,6.58620007064612,5.15020602891872,6.58620007064612,0.615789488301066,5.15020602891872,6.58620007064612,6.58620007064612,6.58620007064612,0.694434848994682,5.15020602891872,6.58620007064612,6.58620007064612,6.58620007064612,6.58620007064612,5.00286481568664
20.4235459045588,6.25922876740989,9.02694018678543,25.0444819091425,8.3434389288014,26.8867906026178,30.4611875569377,34.3990629909269,11.2146517956986,8.03988192770852,11.582190608618,39.7200508757172,40.9261294195015,39.9065232296924,3.75029002621218,4.03969070402106,7.84673855958269,13.1308766214959,40.6707050913605,13.1308766200358,5.5523620444851,2.44119086417709,11.7735613110515,50.7745514472982,50.7745514472982,14.335517299111,3.46560712122274,5.01257260862761,14.3355173007013,38.1572045809879,7.13601868453819,71.8838794787643,5.10215711419951,4.99301749115568,3.4625299204772,7.13601868453819,4.99301749115568,7.13601868453819,0.690407457284029,4.99301749115568,7.13601868453819,7.13601868453819,7.13601868453819,0.81402842469327,4.99301749115568,7.13601868453819,7.13601868453819,7.13601868453819,7.13601868453819,5.10215711419951
19.4899131183187,5.95899948285738,8.83832901142007,23.7708709762144,8.16537781255849,25.4177355107378,29.0686316904426,32.8407754290796,11.0040379468975,8.38129536509388,11.3988589232999,37.7429379164574,39.041307966193,37.9275382423819,3.45119920123514,3.80851286693832,7.93402778025301,12.8788241441934,38.7316649934387,12.8788241442387,5.4678429940677,2.31302142946249,12.2554638604693,48.4592595159417,48.4592595159417,13.8059503116093,2.99947548060182,4.60003968659334,13.8059503115537,35.1296016252983,6.56912300680517,68.5706294372181,5.22152813995436,5.26589164682449,3.28430373851766,6.56912300680517,5.26589164682449,6.56912300680517,0.677218392786657,5.26589164682449,6.56912300680517,6.56912300680517,6.56912300680517,0.741607141972857,5.26589164682449,6.56912300680517,6.56912300680517,6.56912300680517,6.56912300680517,5.22152813995436
19.5582353085015,6.02063551235886,9.09759825859008,23.5763481614426,8.38460147395996,25.3397564829364,28.8487857189581,32.4595982288036,11.406151094248,7.76995463538502,11.73516528938,37.3834036215441,38.9388451395257,37.5921172081993,3.60285332246806,3.55546062770301,8.13992060633154,13.3153527007638,38.6759259415073,13.3153527005171,5.21371168718381,2.65666555540313,11.4372633965343,48.2510952628736,48.2510952628736,14.2002222252819,3.08257095613745,4.5854830955582,14.2002222248974,40.8054326374223,6.54263877660548,68.2947816333518,4.78307179728311,4.89932257692451,3.76753812750043,6.54263877660548,4.89932257692451,6.54263877660548,0.627107495070536,4.89932257692451,6.54263877660548,6.54263877660548,6.54263877660548,0.690767056371383,4.89932257692451,6.54263877660548,6.54263877660548,6.54263877660548,6.54263877660548,4.78307179728311
19.6816045673165,6.12781318941945,8.89963329326391,23.9902313962677,8.26459270550235,25.5031062899261,29.1194369481351,32.8247494210962,11.133588908651,7.59011932154219,11.4657384811972,37.8945984144494,39.2461333237036,38.0755238071859,3.54986452962259,3.68832495812742,7.80139383881929,13.0020545918624,38.9022430174221,13.0020545922152,5.27528029586957,2.53800528900113,11.1742643414998,48.6115061281455,48.6115061281455,14.0542341441176,2.99406023633452,4.57245342538694,14.0542341440755,35.971868472392,6.52502772063908,68.8273216043813,5.02126083764563,4.880924700627,3.60042019995778,6.52502772063908,4.880924700627,6.52502772063908,0.617421973386952,4.880924700627,6.52502772063908,6.52502772063908,6.52502772063908,0.719474835892583,4.880924700627,6.52502772063908,6.52502772063908,6.52502772063908,6.52502772063908,5.02126083764563
19.6952207949643,6.18322544277467,9.21543403000215,23.6344279359066,8.44034950314422,25.3326704263727,29.0686341057541,32.6228755868129,11.5328362518884,7.53034710478404,11.9067856073605,37.6176656081306,39.0478820128639,37.8414718225347,3.55680902069503,3.75770149162486,8.00313314219504,13.4736316762506,38.751325984799,13.4736316771105,5.42608470392856,2.59489980235443,11.060221242809,48.417676646114,48.417676646114,14.5688227176079,3.00336361408886,4.56910662446913,14.5688227181269,36.5895464963387,6.51813476144314,68.5143388679249,5.04189155570511,5.35926289182902,3.68014292224379,6.51813476144314,5.35926289182902,6.51813476144314,0.6495539815502,5.35926289182902,6.51813476144314,6.51813476144314,6.51813476144314,0.743269524290889,5.35926289182902,6.51813476144314,6.51813476144314,6.51813476144314,6.51813476144314,5.04189155570511
19.7247477641331,5.57135165520718,8.41671378474083,23.7713027128144,7.61506654403147,25.9475785803753,29.4252532956874,33.3046921766361,10.4939025839985,7.99926834398875,10.8347398561198,38.5300457492934,39.8369580765037,38.7023829794242,3.48272554842129,3.65545019522228,7.60524193978624,12.2637031763858,39.4823395995516,12.2637031764462,5.16977685144037,2.58746828614037,11.6930702127452,49.3122157450788,49.3122157450788,13.1234774203669,2.87804040695308,4.41274562732219,13.1234774202278,38.0883494056592,6.30303455189365,69.7888404339654,5.01620254524728,4.79278716449177,3.6704201336084,6.30303455189365,4.79278716449177,6.30303455189365,0.610028008363015,4.79278716449177,6.30303455189365,6.30303455189365,6.30303455189365,0.785923639352611,4.79278716449177,6.30303455189365,6.30303455189365,6.30303455189365,6.30303455189365,5.01620254524728
20.0613088604853,5.7815621001309,8.67009255349475,24.6623317052707,7.99276720653658,26.4604070955318,29.9578079580964,33.8822431776516,10.8233029327109,8.17906041923669,11.218847363924,39.1928729566749,40.4485981681765,39.3584926292158,3.39628915490119,3.6044197535599,7.71853903430107,12.6753210966108,40.1459186089449,12.6753210972109,5.3237262790032,2.53822653385516,12.0125512911186,50.1925926728179,50.1925926728179,13.6233365846714,2.88417413991673,4.34679503201601,13.6233365848326,34.3666045789175,6.20823012210616,71.0433943093855,5.21219620023862,5.1860571856499,3.60062744702497,6.20823012210616,5.1860571856499,6.20823012210616,0.684492197729642,5.1860571856499,6.20823012210616,6.20823012210616,6.20823012210616,0.737653214053359,5.1860571856499,6.20823012210616,6.20823012210616,6.20823012210616,6.20823012210616,5.21219620023862
20.2593277801441,6.23572846249644,9.15360205023739,24.3431478331115,8.38651227447859,26.4429547042528,30.1227017111498,33.9983433509809,11.4959969715969,8.23124127063845,11.8288710641527,39.0918641650131,40.5033152671038,39.3028562494062,3.51258987721753,3.78943608417443,8.09525999223627,13.4411561190333,40.2064174793969,13.4411561190255,5.28631549114811,2.47854860877822,12.0413972614667,50.2310008948851,50.2310008948851,14.4587756979554,2.98392451860455,4.59032180392224,14.4587756979554,41.4154657224681,6.54380428325535,71.0899097970775,5.15941950381562,4.74812066886169,3.51537555352454,6.54380428325535,4.74812066886169,6.54380428325535,0.675730489923575,4.74812066886169,6.54380428325535,6.54380428325535,6.54380428325535,0.745939423910208,4.74812066886169,6.54380428325535,6.54380428325535,6.54380428325535,6.54380428325535,5.15941950381562
19.7255713848329,5.84059963656005,8.60576772058981,24.1514836909637,7.95529963148961,25.7963104667806,29.2521972899734,32.984420870224,10.6608221009893,7.38131182795051,11.0481164871386,38.1284934546236,39.4118353535144,38.3431934602455,3.65932562769029,3.69634859575201,7.7777370933393,12.4950801093377,39.2881259449202,12.4950801083741,5.3083152642737,2.53426045635046,10.8760861826776,48.9321290714054,48.9321290714054,13.369266587238,3.32734958418445,4.79780089656356,13.3692665873554,38.9415218775154,6.85413155880984,69.2587916345853,4.59364679486232,5.01825968313869,3.59761129253246,6.85413155880984,5.01825968313869,6.85413155880984,0.687040262976734,5.01825968313869,6.85413155880984,6.85413155880984,6.85413155880984,0.701095480062656,5.01825968313869,6.85413155880984,6.85413155880984,6.85413155880984,6.85413155880984,4.59364679486232
18.8035858088864,5.85062645321734,8.7374634284413,22.6512549892796,8.06035620329395,24.3293887384259,27.8102902413227,31.3156386929779,10.7838794216745,7.57122626150024,11.1578007346197,35.9793633994853,37.3430262449269,36.2367284044573,3.81440811457083,3.92224248555014,8.12329805413735,12.6331785922187,37.1905338735546,12.6331785924535,5.49957743610514,2.37694987269439,11.1701843933188,46.4220832710988,46.4220832710988,13.3949382635104,3.55867012433674,5.13926543982402,13.3949382635104,35.5605549091295,7.32653148016378,65.7072344220588,4.76143158197388,4.89644025674136,3.37476552869281,7.32653148016378,4.89644025674136,7.32653148016378,0.691503370616215,4.89644025674136,7.32653148016378,7.32653148016378,7.32653148016378,0.729772672057293,4.89644025674136,7.32653148016378,7.32653148016378,7.32653148016378,7.32653148016378,4.76143158197388
20.2007075091104,5.65410356636968,8.3399845670292,25.0324185960017,7.6986846607854,26.7499250237736,30.1845828415041,34.1179634030627,10.2269987524305,7.99201772348489,10.6245394409294,39.6474554128422,40.8043018217259,39.8619525447303,3.8952209422958,3.93034413972514,7.69248780519997,12.0074195080538,40.681060078478,12.0074195077251,5.46499538247829,2.66021298302376,11.7206372583616,50.6515846201111,50.6515846201111,12.8579789098529,3.60590559645023,5.10752904726243,12.857978909914,38.5711077447612,7.2992176580901,71.7013648958443,4.7023092133636,4.87637011923103,3.77735782000904,7.2992176580901,4.87637011923103,7.2992176580901,0.705520899393725,4.87637011923103,7.2992176580901,7.2992176580901,7.2992176580901,0.820025724235163,4.87637011923103,7.2992176580901,7.2992176580901,7.2992176580901,7.2992176580901,4.7023092133636
18.155007429152,5.59074497167011,8.33430591767176,22.1414890008763,7.66191826732585,23.5642654570946,26.9431105045082,30.2464855677897,10.2371912270461,8.2993211741092,10.6192405560683,35.2196265295519,36.3755815439718,35.4120950752795,3.82250466386567,3.86700297840852,7.6468960665143,11.9878506152523,36.0977553893308,11.9878506153292,5.49612658558612,2.63278053422837,12.1637758330307,45.1603802393716,45.1603802393716,12.8591464290844,3.47952288666162,4.98885038965409,12.859146429108,34.8522060742279,7.10615584136767,63.9074552733444,4.95742642322883,4.99266084684811,3.73328572309414,7.10615584136767,4.99266084684811,7.10615584136767,0.644433812937002,4.99266084684811,7.10615584136767,7.10615584136767,7.10615584136767,0.771387654324309,4.99266084684811,7.10615584136767,7.10615584136767,7.10615584136767,7.10615584136767,4.95742642322883
17.7460782547825,5.68480034329962,8.52509639885525,21.0817335383536,7.73397788493826,22.7341926318869,26.26260579402,29.4294256342031,10.5304540658865,7.63943205365453,10.9302560576893,34.0647782191461,35.2923326714064,34.299121632242,3.61479929473943,3.82346129064126,7.57341964519051,12.3328964065172,35.019151571606,12.3328964066516,5.46727033855577,2.42534131360605,11.2286285818387,43.8976600226981,43.8976600226981,13.3506374310954,3.2418286986786,4.78134051796113,13.3506374310542,35.0952507892813,6.82299394127788,62.1414318665842,4.96563365705382,5.2284151927905,3.44252038042428,6.82299394127788,5.2284151927905,6.82299394127788,0.66057621665061,5.2284151927905,6.82299394127788,6.82299394127788,6.82299394127788,0.731594278400277,5.2284151927905,6.82299394127788,6.82299394127788,6.82299394127788,6.82299394127788,4.96563365705382
18.0724671187341,5.63802123124306,8.40990621524146,21.6370598496666,7.62883588309064,23.5441382178896,26.9550529904234,30.384913145255,10.4850672983269,8.22563860338797,10.8534393010901,34.9055538534498,36.2359944574924,35.0812182396974,3.26899110497101,3.32873848259684,7.52016954892118,12.2630019841201,36.023523508344,12.2630019859611,5.04740133684733,2.25257640006469,12.0365776896967,44.9772506503455,44.9772506503455,13.1018586688581,2.84046095757306,4.29216374592076,13.1018586695856,40.5740718563694,6.13935088184345,63.6623691826693,4.55051593524267,5.02690840151512,3.19950574075462,6.13935088184345,5.02690840151512,6.13935088184345,0.624358931205107,5.02690840151512,6.13935088184345,6.13935088184345,6.13935088184345,0.716120997846347,5.02690840151512,6.13935088184345,6.13935088184345,6.13935088184345,6.13935088184345,4.55051593524267
17.9673107551897,6.01303397007139,9.02536008141809,21.2762705263899,8.27540729148348,22.9666561141318,26.5687711063774,29.7122348462178,11.3538030997232,7.83860921280918,11.6710700851845,34.0793396686313,35.4590261967157,34.3120263167522,3.34339530648309,3.6120946781119,7.74113263196446,13.2685975617153,35.1461190505355,13.2685975618694,5.13280602300576,2.24429213111036,11.5100860447798,44.0767929823412,44.0767929823412,14.438787494972,2.92282958755241,4.44717550663494,14.4387874950079,34.4292939723733,6.34527623648855,62.3931596368062,4.98927028694321,4.64689200921864,3.18551640646875,6.34527623648855,4.64689200921864,6.34527623648855,0.646471417023668,4.64689200921864,6.34527623648855,6.34527623648855,6.34527623648855,0.733071268661885,4.64689200921864,6.34527623648855,6.34527623648855,6.34527623648855,6.34527623648855,4.98927028694321
18.1340893423569,6.21445923745378,9.11764335522701,21.4276987830697,8.35713403948705,22.9784087081967,26.6555367701235,29.7847904014118,11.394040227966,7.19317565707104,11.7448800425761,34.2540657089025,35.7302422726489,34.4709463734352,3.59581138414215,3.72065520856378,8.1025973031498,13.3144260034424,35.4530696851002,13.3144260031525,5.36053359754735,2.45382793422488,10.6444735244572,44.4109658849194,44.4109658849194,14.2841741127853,3.14369412309082,4.73097951650623,14.2841741127909,36.9152233747002,6.74319021164932,62.8669668889864,4.89556476914522,5.03460009072403,3.48079836631495,6.74319021164932,5.03460009072403,6.74319021164932,0.651840420919053,5.03460009072403,6.74319021164932,6.74319021164932,6.74319021164932,0.75179731825193,5.03460009072403,6.74319021164932,6.74319021164932,6.74319021164932,6.74319021164932,4.89556476914522
20.2182622978568,6.05933115174031,8.99769976339034,24.4495154778101,8.25658532887067,26.4182129322762,30.0073821642349,33.9255064356111,11.2463663681403,7.66529431463118,11.5904767021611,38.9657147249271,40.3500790763808,39.1586216677969,3.53089464915215,3.65854416831601,7.92276865838845,13.1385412611514,40.0589854414752,13.1385412603982,5.32380519871591,2.38436166999778,11.3010895764373,49.9728221114765,49.9728221114765,14.1630745043285,3.09045871659748,4.64729163620752,14.1630745042885,39.6767174257505,6.63481262798442,70.7254522991724,4.94210459851269,4.99084492441206,3.38478793502605,6.63481262798442,4.99084492441206,6.63481262798442,0.634133499776273,4.99084492441206,6.63481262798442,6.63481262798442,6.63481262798442,0.679926451352279,4.99084492441206,6.63481262798442,6.63481262798442,6.63481262798442,6.63481262798442,4.94210459851269
18.7697235877665,5.84760511175008,8.80047859240631,22.6887196782685,8.09315361725081,24.4535890367901,27.8392545244246,31.4410503144428,10.888511853774,8.01012544759656,11.2535985113545,36.0693338954204,37.5672574777173,36.2949238325041,3.75033320911555,3.90144556590022,8.18638016911121,12.7216424484306,37.2870239333626,12.721642447875,5.5034550708743,2.42696005159421,11.7271195537784,46.5921267578503,46.5921267578503,13.4241609062134,3.45325203197727,4.9783927037121,13.4241609062134,34.5542836763657,7.09050916322111,65.9830904809935,4.86775955660568,5.11404113136544,3.44294901514631,7.09050916322111,5.11404113136544,7.09050916322111,0.629554973536515,5.11404113136544,7.09050916322111,7.09050916322111,7.09050916322111,0.812444841210797,5.11404113136544,7.09050916322111,7.09050916322111,7.09050916322111,7.09050916322111,4.86775955660568
20.0381442224425,5.87083309000737,8.5867043709542,24.5008183811853,7.83810165601677,26.6105313176315,30.0678260854853,34.1597795022989,10.6764450945872,8.39064466980141,11.0323423971572,39.1735484786759,40.5150141620935,39.3458118984814,3.4493142992283,3.65996731464513,7.61219515325841,12.4731162275367,40.2286950128748,12.4731162271678,5.25106613083742,2.24408933722271,12.2172765306417,50.1344088375205,50.1344088375205,13.4320824015858,3.06277617379653,4.58470724819529,13.4320824027397,38.8969831963683,6.54766264978838,70.9644905094934,4.74542804193844,5.05666402100637,3.1871382278857,6.54766264978838,5.05666402100637,6.54766264978838,0.604880254683301,5.05666402100637,6.54766264978838,6.54766264978838,6.54766264978838,0.726909516572176,5.05666402100637,6.54766264978838,6.54766264978838,6.54766264978838,6.54766264978838,4.74542804193844
20.3058517840293,5.89819548754238,8.73575534545514,24.6701827141215,7.97518368474855,26.750513761395,30.281864090743,34.1974155324674,10.8243951979684,8.32026856444019,11.1684562562692,39.5276311991543,40.7734967879411,39.7194334232513,3.80992051494444,3.89572163088197,7.8040506752142,12.6711921676884,40.6002969360913,12.6711921698684,5.36229990652255,2.52372049140147,12.1394908552346,50.5335940860117,50.5335940860117,13.6796268568276,3.47319722290739,5.02767639156559,13.6796268568276,40.5698845583969,7.17412448758994,71.5301676099925,4.6626739963039,4.71254603568951,3.58242434706167,7.17412448758994,4.71254603568951,7.17412448758994,0.660940744425896,4.71254603568951,7.17412448758994,7.17412448758994,7.17412448758994,0.684566973274604,4.71254603568951,7.17412448758994,7.17412448758994,7.17412448758994,7.17412448758994,4.6626739963039
17.9695711617996,5.62318140160686,8.54743034428231,21.5895176453888,7.83996730473814,23.2616765657893,26.675741585013,30.0386346011853,10.634631586028,8.24989112702993,11.0515340170816,34.4705595031194,35.8931707811234,34.7025735027766,3.30948946901973,3.53638988380435,8.05486375932067,12.4574596370706,35.6476603186595,12.4574596352474,5.31315219145389,2.34002501477977,12.1091430838264,44.6831018375522,44.6831018375522,12.9903991850276,2.89157886221933,4.35709832917913,12.9903991850276,35.0663627269987,6.22203855670194,63.2371432718104,5.04839138081204,5.30471390674969,3.32102222980104,6.22203855670194,5.30471390674969,6.22203855670194,0.691746712777394,5.30471390674969,6.22203855670194,6.22203855670194,6.22203855670194,0.753725267616126,5.30471390674969,6.22203855670194,6.22203855670194,6.22203855670194,6.22203855670194,5.04839138081204
18.7039019195576,5.45538785624384,8.38901558416193,22.4393783553705,7.65143787932382,24.4959628328363,27.848612611989,31.475256338796,10.4961335827495,7.76263776922432,10.824540462463,36.1863313223481,37.59919762864,36.3718006615231,3.3375576737197,3.38885390678171,7.78684753681021,12.276794118639,37.3712600829006,12.2767941172488,4.94126759937105,2.40303701900141,11.4121354355606,46.6453120300659,46.6453120300659,12.9089815508492,2.83463827995051,4.31890533319644,12.9089815511867,37.1050471188313,6.16301221233663,66.0177666476637,4.67430920469117,4.53519941791503,3.40887225708214,6.16301221233663,4.53519941791503,6.16301221233663,0.636218055417714,4.53519941791503,6.16301221233663,6.16301221233663,6.16301221233663,0.794202945042239,4.53519941791503,6.16301221233663,6.16301221233663,6.16301221233663,6.16301221233663,4.67430920469117
17.6137387375785,6.31997508013066,9.1091865690597,20.9017197719269,8.37744671153888,22.2895827487736,25.9309599566029,28.8007493674112,11.3792649743437,7.40458379963062,11.7405061968159,33.1293138316898,34.4727210560975,33.3720688440282,3.55650046428445,3.74277878226546,7.88541803206557,13.3145336955529,34.2896800629227,13.3145336855786,5.33540106594224,2.33337787760008,10.9069229185536,42.9378277960691,42.9378277960691,14.4565764042247,3.25349036055572,4.75911939921418,14.4565763995999,35.6070795634306,6.79094545858629,60.7697123813797,4.77240186880477,5.01922911288038,3.31273883773982,6.79094545858629,5.01922911288038,6.79094545858629,0.680213684813728,5.01922911288038,6.79094545858629,6.79094545858629,6.79094545858629,0.785547488570534,5.01922911288038,6.79094545858629,6.79094545858629,6.79094545858629,6.79094545858629,4.77240186880477
18.8102368401426,6.28451302214245,9.25648654316282,22.6225681226078,8.55237511972405,24.2492834946728,27.840531716126,31.2257861827,11.5580408017181,8.56614438906458,11.8937377483518,35.797941132166,37.2523119725679,36.0185903892824,3.70300086447223,3.81242117467245,8.24885033646066,13.5012889086972,36.9625869647312,13.5012889087871,5.47024516208943,2.37585805299862,12.5620845281053,46.236607304959,46.236607304959,14.5057340132376,3.37776488317785,4.93770972368163,14.5057340139582,37.6072551709017,7.04372645061721,65.4325233743654,5.0142030171577,4.91922063902583,3.37314140103945,7.04372645061721,4.91922063902583,7.04372645061721,0.652422270849711,4.91922063902583,7.04372645061721,7.04372645061721,7.04372645061721,0.769130868492898,4.91922063902583,7.04372645061721,7.04372645061721,7.04372645061721,7.04372645061721,5.0142030171577
17.2601749806284,5.58645259017962,8.3099798471791,20.4349969492261,7.51411159979204,22.0163385254485,25.5403773928869,28.548528441393,10.2796845520008,8.37015411051351,10.6792812388866,33.2176933466489,34.4081516471378,33.4338169034153,3.5257411615695,3.64767508459984,7.45980714034529,12.0373393698917,34.0687219790001,12.0373393699941,5.37946458708091,2.55394001494337,12.2785372331648,42.7970980255995,42.7970980255995,12.9760688506305,2.99649991581311,4.53967554890717,12.9760688506801,41.1291494519685,6.48649372912802,60.5928424872739,5.1179178329689,5.17549606272476,3.62409734553774,6.48649372912802,5.17549606272476,6.48649372912802,0.646363305490109,5.17549606272476,6.48649372912802,6.48649372912802,6.48649372912802,0.763837749890954,5.17549606272476,6.48649372912802,6.48649372912802,6.48649372912802,6.48649372912802,5.1179178329689
20.0240166921384,5.92168556183162,8.68174736116731,24.2489781624406,7.93702388830166,26.2836563891272,29.8312366608835,33.6871997649093,10.8541148266631,7.87015292714895,11.1908362324055,38.8947953516562,40.2585357666095,39.1021741952197,3.53671741711244,3.58880238753097,7.76379694372189,12.7007872795604,40.0860659503708,12.7007872795083,5.07392894120384,2.5765153890348,11.5137980988783,49.9071376583823,49.9071376583823,13.5997321188012,2.99786077854375,4.53832462990399,13.5997321183971,40.9648912035317,6.48452476047077,70.6340619122162,4.61708727691183,4.65546092434143,3.65613680947386,6.48452476047077,4.65546092434143,6.48452476047077,0.658024875116641,4.65546092434143,6.48452476047077,6.48452476047077,6.48452476047077,0.7994689394657,4.65546092434143,6.48452476047077,6.48452476047077,6.48452476047077,6.48452476047077,4.61708727691183
18.0479710937331,6.17513461347182,8.88835566235561,21.6172991021997,8.19827246103328,23.0659875057151,26.6492118744469,29.6053826842666,11.1324878097453,7.42269555899935,11.4738436849608,34.3891313179764,35.5351193009105,34.6047708694785,3.5506374122064,3.66007734507893,7.60940320693851,13.0477830521621,35.3553893450783,13.0477830521046,5.19461747207722,2.50879437456866,10.9886105044544,44.2717879363476,44.2717879363476,14.2870565947185,3.1766023348296,4.64355467174159,14.2870565948579,40.2809698862528,6.63483879524448,62.6577243653639,4.94012776200276,4.54982043049116,3.56116202522683,6.63483879524448,4.54982043049116,6.63483879524448,0.707650085155799,4.54982043049116,6.63483879524448,6.63483879524448,6.63483879524448,0.802672524363948,4.54982043049116,6.63483879524448,6.63483879524448,6.63483879524448,6.63483879524448,4.94012776200276
19.5262064579256,5.7264551292599,8.54868090914324,23.6472975768187,7.822854567244,25.6373913047007,29.1164058701173,32.9656622762127,10.6198093313446,7.8402940864498,10.9495289849277,37.9954652964826,39.2897714092005,38.1797835827585,3.62004356370752,3.83969892783304,7.67873014238224,12.4167146574784,38.9796718458721,12.4167146575672,5.28754123705991,2.40359719407308,11.478282417384,48.6771674927249,48.6771674927249,13.3779682220903,3.19203979360104,4.77909753014964,13.377968222039,39.8227728854455,6.81467212557749,68.9145836548604,4.9382617072207,4.65265838228466,3.41083928396204,6.81467212557749,4.65265838228466,6.81467212557749,0.62489762941835,4.65265838228466,6.81467212557749,6.81467212557749,6.81467212557749,0.77513144657136,4.65265838228466,6.81467212557749,6.81467212557749,6.81467212557749,6.81467212557749,4.9382617072207
19.3467471023641,5.7869908010081,8.52333445214182,23.2988969317858,7.71955362096652,25.3080484642562,28.8672991222069,32.5894898683285,10.503044954509,7.92016768570095,10.9143027364101,37.68802963362,38.9298201448726,37.8644756835097,3.69737474871199,3.68567439343363,7.75631501237341,12.3111456509458,38.7902043693199,12.3111456491427,5.42672305852015,2.49419231559678,11.6485882148147,48.3400889276714,48.3400889276714,13.1541268335119,3.30671978354557,4.88772667627372,13.1541268330445,36.5216017307764,6.96720653091517,68.42958441085,4.62823441338544,5.23027903140953,3.5385652327414,6.96720653091517,5.23027903140953,6.96720653091517,0.681949108634965,5.23027903140953,6.96720653091517,6.96720653091517,6.96720653091517,0.778331552464434,5.23027903140953,6.96720653091517,6.96720653091517,6.96720653091517,6.96720653091517,4.62823441338544
20.0908339356001,6.09612952462846,8.95626781810659,24.1275675881803,8.11257877992238,26.1301229745611,29.8099415991684,33.5046226788476,11.1538378223392,7.7400010423787,11.5278481689716,38.8446589870461,40.1013785593121,39.0526176679413,3.68202714436453,3.69225676753274,7.72634735701856,13.0444875827992,39.8826444684311,13.0444875830532,5.39028540071126,2.66841119349996,11.3841130670804,49.698179118447,49.698179118447,14.1913316831738,3.17100290783483,4.72445424922809,14.1913316831858,34.654034245315,6.74216369685126,70.3323682957042,4.81477434195427,5.20864984536401,3.78501856426633,6.74216369685126,5.20864984536401,6.74216369685126,0.654056602264251,5.20864984536401,6.74216369685126,6.74216369685126,6.74216369685126,0.817161143077685,5.20864984536401,6.74216369685126,6.74216369685126,6.74216369685126,6.74216369685126,4.81477434195427
20.4273087861383,5.62627900934119,8.6795751950412,24.9252633340554,8.00293366700742,26.726622738352,30.4074030755949,34.3031205474493,10.7874505862546,8.47839195771278,11.1568318598403,39.7335485437826,41.0247670325567,39.9110235816192,3.72682683815984,3.62474979008437,8.07666931234307,12.6489538380563,40.9295198447107,12.6489538379444,5.2594590272413,2.70755103617482,12.4424087983332,50.9248326613782,50.9248326613782,13.348963312031,3.1587605234372,4.81428945657982,13.3489633120495,35.0037736416706,6.86713366459472,72.0729395454405,4.69860431354865,4.72699582788911,3.84001864815172,6.86713366459472,4.72699582788911,6.86713366459472,0.716166226386446,4.72699582788911,6.86713366459472,6.86713366459472,6.86713366459472,0.692431047870152,4.72699582788911,6.86713366459472,6.86713366459472,6.86713366459472,6.86713366459472,4.69860431354865
19.4682573321799,5.85315619394284,8.6058624847747,23.8242235071111,7.94535817724804,25.6729548777032,29.0406594838045,32.8110267069078,10.640031735557,8.53556277301283,11.0001350891194,37.8630717036173,39.1132860250445,38.0874810226057,3.77074181466897,4.04307270039321,7.94677675462547,12.4694149621644,38.8364418390257,12.469414963062,5.51008045640869,2.43982836637337,12.4729111793607,48.5709600687209,48.5709600687209,13.337853114195,3.54122352010546,5.03097771450148,13.3378531151162,38.4974264235153,7.18241456424902,68.7557647633229,5.18042010736491,4.70127966891029,3.46500523751453,7.18241456424902,4.70127966891029,7.18241456424902,0.690514446803891,4.70127966891029,7.18241456424902,7.18241456424902,7.18241456424902,0.689825693823709,4.70127966891029,7.18241456424902,7.18241456424902,7.18241456424902,7.18241456424902,5.18042010736491
19.2632075923098,5.52544528540776,8.4792487955146,23.2961758316632,7.79944390029729,25.167675449921,28.5951404412816,32.4274382431821,10.5958053200615,7.51032642743406,10.9304851198339,37.2647451965323,38.7228102720632,37.4534014904891,3.39180104247969,3.66558584897676,7.90091406287566,12.3787034098546,38.3579535118338,12.378703411207,5.14491151748281,2.4481387997833,11.0160215388233,47.9712344923638,47.9712344923638,13.0191102421882,2.81945888681035,4.35778211386812,13.019110241964,40.7807158499058,6.2269340418938,67.8925087160642,5.06295305450585,4.74024726564187,3.47424962966599,6.2269340418938,4.74024726564187,6.2269340418938,0.615705901908265,4.74024726564187,6.2269340418938,6.2269340418938,6.2269340418938,0.743181156689939,4.74024726564187,6.2269340418938,6.2269340418938,6.2269340418938,6.2269340418938,5.06295305450585
18.8440445084557,5.7144795140108,8.68691607527554,22.5037129602767,7.94743671021738,24.5597889698708,27.9237147137667,31.5971991809057,10.8115769474174,7.43793990076043,11.1749075663154,36.1239372279151,37.6059411273315,36.3586248734415,3.48065129630691,3.8035364809394,8.14793151564616,12.6466575511056,37.3034699212307,12.6466575494288,5.35576754022579,2.28382279903552,10.9585826140389,46.697110010947,46.697110010947,13.2855882473322,3.13574437321457,4.66055128469259,13.2855882476794,35.7533096325889,6.6415727957528,66.107416681005,5.11320572219912,4.92013972275356,3.24061491296307,6.6415727957528,4.92013972275356,6.6415727957528,0.663178808332505,4.92013972275356,6.6415727957528,6.6415727957528,6.6415727957528,0.76516020710365,4.92013972275356,6.6415727957528,6.6415727957528,6.6415727957528,6.6415727957528,5.11320572219912
19.0069840095872,6.02784437518714,8.6746440545379,23.1292020005531,7.99927191333764,24.6664483049762,28.3194009204176,31.7804525041937,10.8017642200482,8.17919398214484,11.1551891106197,36.906533845982,38.0427056913973,37.0811558167423,3.60903189169807,3.65980729689069,7.47413338288987,12.6572505298358,37.8968900912758,12.6572505306666,5.18993287063605,2.51908546704952,11.9629098264116,47.2658143339814,47.2658143339814,13.8235882272116,3.13648165693088,4.73367196028563,13.8235882264895,39.1941462441542,6.74910649994377,66.9147326074679,4.62402562321118,4.72535384938879,3.57318873123919,6.74910649994377,4.72535384938879,6.74910649994377,0.679414941010811,4.72535384938879,6.74910649994377,6.74910649994377,6.74910649994377,0.76556886170444,4.72535384938879,6.74910649994377,6.74910649994377,6.74910649994377,6.74910649994377,4.62402562321118
20.1036077570021,5.93772536023219,8.68625884835231,24.3025808227591,7.92727177566043,26.4203724259863,29.993200108248,33.8727061808017,10.8078905195674,8.10991932083508,11.1351277327633,39.1946581067013,40.3951819894554,39.3927511409508,3.70866591092073,3.77752591010475,7.67751258736867,12.6544301686066,40.1471099373217,12.6544301685136,5.29503569645802,2.50914194036603,11.9270658811587,50.0882792844779,50.0882792844779,13.743023536118,3.27554185085426,4.87473234088466,13.7430235355192,37.8949859676572,6.96222356466349,70.9062497799075,4.94263641913662,4.47556044507117,3.56239074245099,6.96222356466349,4.47556044507117,6.96222356466349,0.666928860802253,4.47556044507117,6.96222356466349,6.96222356466349,6.96222356466349,0.754487263891723,4.47556044507117,6.96222356466349,6.96222356466349,6.96222356466349,6.96222356466349,4.94263641913662
19.2166878075482,6.07901140418963,8.84773157448019,23.1443623801165,8.0887613923836,24.9300591761929,28.5505558953298,32.2525420892069,10.9561906405816,7.67859444165589,11.3342946947028,36.9877144297516,38.3923645773672,37.2109566088188,3.6611596136738,3.6916927094804,7.8621839801949,12.8030129802603,38.1523747238412,12.8030129802391,5.46246406066601,2.30937011163522,11.317855595969,47.5857506992082,47.5857506991916,13.7720188524552,3.27872352795223,4.89769623116776,13.7720188524552,40.0504104361595,6.97877139206972,67.3590695259587,4.66813214852475,5.30053588591803,3.27752436535169,6.97877139206972,5.30053588591803,6.97877139206972,0.625849633002298,5.30053588591803,6.97877139206972,6.97877139206972,6.97877139206972,0.72849298445944,5.30053588591803,6.97877139206972,6.97877139206972,6.97877139206972,6.97877139206972,4.66813214852475
19.5221887348211,6.29239983247228,9.01755157279835,23.4377542208345,8.26933945482841,25.3163448162177,28.9659590092999,32.4972812157968,11.2854661258419,8.00332183140939,11.6092927934063,37.5483651244377,38.8012196923887,37.7386675191441,3.6447304682058,3.65931266065172,7.81104787305802,13.2107238442699,38.6474692269128,13.2107238438427,5.19649116373486,2.48614706702699,11.7727615413514,48.1809297071024,48.1809297071024,14.3746746883133,3.22496657020007,4.80661317509992,14.3746746882262,35.3722978380621,6.85690411236731,68.1925119892117,4.71449887050049,4.5030637076779,3.52798161101107,6.85690411236731,4.5030637076779,6.85690411236731,0.684190487067931,4.5030637076779,6.85690411236731,6.85690411236731,6.85690411236731,0.731443866249385,4.5030637076779,6.85690411236731,6.85690411236731,6.85690411236731,6.85690411236731,4.71449887050049
17.516707897172,5.48804919241179,8.58401267628741,21.0181503714387,7.96526803810184,22.3157296548028,25.8358582217363,28.9587274997871,10.7137087185985,7.40543561443978,11.0602429111972,33.3209556062314,34.7400620041102,33.5536958173516,3.44606474780836,3.6965349498501,8.0307963189782,12.5291296475205,34.4075007487509,12.5291296472902,5.22700794569498,2.43020180553754,10.9173225041828,43.1967382434664,43.1967382434664,13.1646651030469,2.92323560781059,4.50022673937613,13.1646651029823,36.0334166450187,6.40953194962205,61.1310731003959,5.10584095058731,4.76380115456163,3.44564179022359,6.40953194962205,4.76380115456163,6.40953194962205,0.649884192383798,4.76380115456163,6.40953194962205,6.40953194962205,6.40953194962205,0.810955913169699,4.76380115456163,6.40953194962205,6.40953194962205,6.40953194962205,6.40953194962205,5.10584095058731
19.1582918652957,5.65419012862177,8.67580373941431,23.1262964475214,7.93969576121371,25.0243082423953,28.5087842348954,32.1892515810828,10.8127467128803,7.86465725919364,11.1913372789029,36.9833630135681,38.3807327095995,37.1786318822663,3.43058433655163,3.56815347671173,7.91945782395942,12.6543930862143,38.1731866118596,12.6543930851386,5.22965532437044,2.38578985722666,11.5388301740375,47.6436425353151,47.6436425353151,13.4121602029789,2.99927933860333,4.4989314553108,13.4121602030157,39.0822846457894,6.43188549397862,67.4276076797534,4.77208910472039,5.08271113731776,3.38772793846704,6.43188549397862,5.08271113731776,6.43188549397862,0.665830126905901,5.08271113731776,6.43188549397862,6.43188549397862,6.43188549397862,0.735906898688859,5.08271113731776,6.43188549397862,6.43188549397862,6.43188549397862,6.43188549397862,4.77208910472039
18.852758660975,5.90876669105152,8.65844441469577,23.1269296561115,8.01131805125393,24.5110683688951,28.0141323141048,31.458392818437,10.6872636144141,7.90748444159603,11.0889974422423,36.4925874841464,37.6734176874413,36.6949415461702,3.74186516872366,3.80411055243742,7.60371732013815,12.5238162782412,37.5029427200143,12.523816278226,5.46941502436085,2.52496428632266,11.6034258305934,46.8108600891128,46.8108600891128,13.6079214098813,3.45403991272041,4.93414568880331,13.6079214105756,36.3031201723977,7.03839221114449,66.2616208052792,4.70101410710071,5.22466405816205,3.58322635885049,7.03839221114449,5.22466405816205,7.03839221114449,0.678295238665506,5.22466405816205,7.03839221114449,7.03839221114449,7.03839221114449,0.7557029032876,5.22466405816205,7.03839221114449,7.03839221114449,7.03839221114449,7.03839221114449,4.70101410710071
19.8422911721115,6.32346480634245,9.21622805697452,23.9900472283087,8.48650265846214,25.8661953488144,29.5949912907224,33.254492795174,11.4878109791067,8.69897043866667,11.8258599033012,38.2455773382716,39.4967197916394,38.4807971561486,3.77893320910168,3.87921239284586,8.01224159765834,13.4535133252202,39.321900520557,13.4535133249801,5.46975055064711,2.3301325864859,12.767198442517,49.0568099068726,49.0568099068726,14.6783035925485,3.4730699360861,5.13258189387252,14.6783035926081,41.9953789179703,7.3098531308342,69.4198002585083,4.95173693040067,4.62514001452719,3.30704654627136,7.3098531308342,4.62514001452719,7.3098531308342,0.710174411086373,4.62514001452719,7.3098531308342,7.3098531308342,7.3098531308342,0.793174538264191,4.62514001452719,7.3098531308342,7.3098531308342,7.3098531308342,7.3098531308342,4.95173693040067
20.4718215611876,6.02005191205575,8.86172139037208,24.8919360083288,8.05011402364375,26.9744865464444,30.5553311341176,34.5040939290779,11.0826663146053,8.07017085771177,11.4586994263555,39.9324727381752,41.2423050849635,40.1328321975117,3.47103653911677,3.55467256948826,7.58620513061399,12.9535266648748,40.9216088146654,12.9535266644993,5.30465365421492,2.63848048387002,11.8421599407767,51.0655671521989,51.0655671521989,14.1066317472626,2.89915628507257,4.36244217879802,14.106631747597,38.0309538682432,6.23651390289224,72.2804380146563,5.02892744841599,5.28206626588399,3.7431457066135,6.23651390289224,5.28206626588399,6.23651390289224,0.636688974125079,5.28206626588399,6.23651390289224,6.23651390289224,6.23651390289224,0.817425323786149,5.28206626588399,6.23651390289224,6.23651390289224,6.23651390289224,6.23651390289224,5.02892744841599
19.2218985754354,5.76049627583558,8.50903198569883,23.4534876369837,7.83191563416974,25.1065264426245,28.6953355854172,32.3270650207375,10.509314123994,8.22985418704779,10.8941838955897,37.4164858918757,38.5970503661568,37.6414357735729,3.70814236750041,3.73576591663496,7.64895841049489,12.3288098589536,38.4680311739971,12.3288098598365,5.36314161167867,2.46740784160758,12.0772597241206,47.9648098439333,47.9648098439333,13.2902691955054,3.32182471081436,4.93126286797653,13.29026919554,34.9855503036489,7.04410095373847,67.8887375079964,4.69098379685974,4.88012286865141,3.50395346770133,7.04410095373847,4.88012286865141,7.04410095373847,0.698897772277726,4.88012286865141,7.04410095373847,7.04410095373847,7.04410095373847,0.741925201584605,4.88012286865141,7.04410095373847,7.04410095373847,7.04410095373847,7.04410095373847,4.69098379685974
19.5119537127436,5.64412553525907,8.699881678297,23.9186506197055,8.08489615901165,25.511605291107,29.0240462932408,32.814472708666,10.7350528931479,8.34015241359789,11.1386470558802,37.7810018610289,39.1530075420356,38.006885042532,3.76969262999981,3.97156966735554,8.29125854443687,12.5816371502881,38.9278689838879,12.5816371503842,5.59720308240444,2.49561933894981,12.228348193092,48.6518108003261,48.6518108003261,13.1699205166096,3.40789911407461,5.01318570878892,13.1699205167092,41.0046971016098,7.15760055008676,68.8614371546263,5.1114128536137,5.11384764065045,3.54360473603369,7.15760055008676,5.11384764065045,7.15760055008676,0.710733278439253,5.11384764065045,7.15760055008676,7.15760055008676,7.15760055008676,0.763312835182129,5.11384764065045,7.15760055008676,7.15760055008676,7.15760055008676,7.15760055008676,5.1114128536137
20.5095405095261,6.21780487948496,9.18468729775064,25.1290948893279,8.52881343971465,26.9168971331681,30.4789532989332,34.5724024769347,11.4135662842445,8.18785397599534,11.7741322708657,39.5781083182232,41.0725434091162,39.7738349681057,3.76117302536293,4.07580320357193,8.40098031828455,13.3241168059461,40.6710663089853,13.3241168052128,5.69934127671561,2.40031462772839,12.0009455998136,50.8409806928786,50.8409806928786,14.1877377127263,3.39424582812341,5.01085977974589,14.1877377136319,38.4377935191046,7.1373379630081,71.9529277436321,5.36432726012932,5.23325518661337,3.40571143470473,7.1373379630081,5.23325518661337,7.1373379630081,0.634273064454326,5.23325518661337,7.1373379630081,7.1373379630081,7.1373379630081,0.774685108796599,5.23325518661337,7.1373379630081,7.1373379630081,7.1373379630081,7.1373379630081,5.36432726012932
18.1905417085327,5.83240525522859,8.72084028988327,21.4993167252326,7.88309818780285,23.2857071416491,26.9021193161878,30.2137028813723,10.7457350078566,7.67797225106355,11.1159818978477,34.8434623054877,36.149484021165,35.101945751867,3.8232804965456,3.88180493248505,7.70377839001139,12.5612406839255,35.8692323528735,12.5612406843653,5.56305331279326,2.3968838745629,11.3143506235873,44.8546178988736,44.8546178988736,13.6384078199617,3.4579033457406,5.10714471470038,13.6384078196046,37.8361357638819,7.26998428582447,63.4952699327375,4.79977515496101,5.16186133216814,3.40016615644148,7.26998428582447,5.16186133216814,7.26998428582447,0.621696070557006,5.16186133216814,7.26998428582447,7.26998428582447,7.26998428582447,0.738312475669134,5.16186133216814,7.26998428582447,7.26998428582447,7.26998428582447,7.26998428582447,4.79977515496101
17.6749923732724,5.60679041734306,8.59526357968619,21.0796525493592,7.90732212399872,22.6265031410704,26.0924009131496,29.2147814440916,10.6546071950979,8.49191302310667,10.9997145311384,33.8096658090664,35.1700626269524,34.0343226187487,3.7624687907303,3.77141056261179,8.00699999575258,12.4807964890543,34.9708128204094,12.4807964889765,5.31761182455281,2.56061579296672,12.4476454748378,43.7956524686584,43.7956524686584,13.2209024870233,3.37202469916092,4.95414145469682,13.2209024870236,33.8325604554594,7.06243216118965,62.0107627465242,4.81195565015779,4.56589988654505,3.63264510750265,7.06243216118965,4.56589988654505,7.06243216118965,0.682829228812721,4.56589988654505,7.06243216118965,7.06243216118965,7.06243216118965,0.717301409310146,4.56589988654505,7.06243216118965,7.06243216118965,7.06243216118965,7.06243216118965,4.81195565015779
17.894241483597,5.52402619512973,8.40344290069398,21.7334815085176,7.78484005454805,23.0941948901207,26.4530770241997,29.7585966694779,10.3746680140314,7.34099483715361,10.7793652593555,34.3994976192186,35.6920798635608,34.6190211414963,3.58161222495051,3.76557893699413,7.73954437476142,12.1568679807288,35.4374579625606,12.156867980863,5.41480570533432,2.44513288088404,10.8372931456218,44.4151413844163,44.4151413844163,12.9343988955178,3.25546368768035,4.7279571291554,12.9343988957528,35.8458212345777,6.74155022952674,62.9073871782671,4.95679229520224,5.15727878747757,3.46914426126559,6.74155022952674,5.15727878747757,6.74155022952674,0.673698764130537,5.15727878747757,6.74155022952674,6.74155022952674,6.74155022952674,0.710366797224539,5.15727878747757,6.74155022952674,6.74155022952674,6.74155022952674,6.74155022952674,4.95679229520224
18.7353220769967,5.36842949046722,8.26177025502461,22.5574266772681,7.55771992322998,24.618561260222,27.8362672612967,31.4728835568407,10.3117778190382,7.80619992063611,10.6498839156716,36.3306631173109,37.6161570793557,36.5218956657439,3.37377544658132,3.63409421323867,7.68439498651126,12.0747107784353,37.2840893802007,12.0747107790053,5.10906412899571,2.42902670222664,11.4757851406567,46.7073671660089,46.7073671660089,12.7870913058165,2.95907990677374,4.36917367033255,12.7870913054537,33.8214120990445,6.25441572084192,66.1265064835816,5.15406740421269,4.4956839375268,3.44932632420692,6.25441572084192,4.4956839375268,6.25441572084192,0.656714411177386,4.4956839375268,6.25441572084192,6.25441572084192,6.25441572084192,0.668746660415622,4.4956839375268,6.25441572084192,6.25441572084192,6.25441572084192,6.25441572084192,5.15406740421269
19.0575394112299,5.83948967765404,8.83941656819039,22.7484624055337,8.05758915285875,24.6473660831097,28.3006782014032,31.8450543589483,10.9150169168155,8.54764915055602,11.287861051993,36.6710494605958,38.0693772288281,36.9447472599986,3.89924672327655,4.06004385455892,8.25949359305739,12.783210946356,37.8666296556621,12.7832109464378,5.59059299385754,2.52675952847242,12.4871520211535,47.3001924413904,47.3001924413907,13.5377238098007,3.4943992870987,5.19049214419659,13.5377238098188,35.4749540795688,7.41976158205041,66.9390922178813,4.95728526166132,4.92201731978452,3.59024551532029,7.41976158205041,4.92201731978452,7.41976158205041,0.694421738056698,4.92201731978452,7.41976158205041,7.41976158205041,7.41976158205041,0.816013186158087,4.92201731978452,7.41976158205041,7.41976158205041,7.41976158205041,7.41976158205041,4.95728526166132
18.3078286155367,6.04884141123912,9.08895108789785,22.108818585071,8.42207507731991,23.4090941992044,27.0815523933124,30.388170900446,11.3087411126396,8.62887117469982,11.6892149966707,34.8426133879299,36.3616081108316,35.0536393355999,3.624599725282,3.68015283682076,8.21323710504364,13.2069250844682,36.0792174760169,13.2069250843214,5.49510691587269,2.41417041313649,12.6339203849328,45.1376786110961,45.1376786110961,14.0514912679789,3.17533484569211,4.7742182386732,14.0514912682762,38.470401136591,6.82205222720023,63.8909618649695,4.87454074436689,5.39425940007477,3.42869234519458,6.82205222720023,5.39425940007477,6.82205222720023,0.636378756792932,5.39425940007477,6.82205222720023,6.82205222720023,6.82205222720023,0.801931763945516,5.39425940007477,6.82205222720023,6.82205222720023,6.82205222720023,6.82205222720023,4.87454074436689
19.6019892589632,6.23068328800947,9.17726186457115,23.6635331114693,8.48535368867494,25.5357587951541,29.0650448329515,32.7176173768839,11.4621055472414,8.19824666532921,11.7791975985202,37.5336856106487,39.0057059497631,37.7730920754528,3.76060866409168,3.86625085736935,8.21402635719701,13.4056825645835,38.8531269572592,13.4056825646957,5.30382959198814,2.43061997313688,11.9903523822634,48.4219759890155,48.4219759890155,14.3833570077948,3.45639316120659,5.03957341507853,14.3833570079666,35.0409529906293,7.1774964518893,68.5413915862002,4.66992969529692,4.50620402258605,3.44822876654589,7.1774964518893,4.50620402258605,7.1774964518893,0.679491573124835,4.50620402258605,7.1774964518893,7.1774964518893,7.1774964518893,0.748353482273807,4.50620402258605,7.1774964518893,7.1774964518893,7.1774964518893,7.1774964518893,4.66992969529692
17.4503855309037,5.96662451952992,8.91426231291458,20.6686229213,8.2218955000582,22.0257011034212,25.6834893222104,28.5602213968418,11.1902243070883,7.22051877540885,11.5138542950837,32.9059405400756,34.1992065703811,33.1143811586478,3.41147625141749,3.59736159451634,7.78388474137664,13.0884172292333,33.9438844433703,13.0884172287682,5.12905399690677,2.32599322337494,10.689477248909,42.5710709056216,42.5710709056216,14.1625337592858,2.96224552959844,4.52001502120359,14.1625337602021,35.5068913709066,6.45365876583196,60.2414340076576,4.92027220243774,4.58356631273186,3.30179690465378,6.45365876583196,4.58356631273186,6.45365876583196,0.6626800231622,4.58356631273186,6.45365876583196,6.45365876583196,6.45365876583196,0.772738256372737,4.58356631273186,6.45365876583196,6.45365876583196,6.45365876583196,6.45365876583196,4.92027220243774
19.2171252157698,5.64627719057943,8.67191665218715,23.3441499952414,8.03561138648569,24.8202105498032,28.3759902444862,32.0297904650118,10.7579983406318,7.58528932578171,11.1485461161228,36.9463384089099,38.3794346552242,37.1696706428003,3.62690428940336,3.78162318527266,8.11634523032918,12.5845626891153,38.0607030779266,12.5845626890466,5.47333662334625,2.60630934752991,11.1992640818016,47.6274016936118,47.6274016936118,13.2391444655815,3.07798039393989,4.6828008223512,13.2391444655815,35.881656872397,6.68186131920016,67.3989730352,5.17859682452315,5.19947019494884,3.69706926180279,6.68186131920016,5.19947019494884,6.68186131920016,0.66219693496676,5.19947019494884,6.68186131920016,6.68186131920016,6.68186131920016,0.704969128144878,5.19947019494884,6.68186131920016,6.68186131920016,6.68186131920016,6.68186131920016,5.17859682452315
18.7911410185549,5.70401759312972,8.68452757491889,22.4671510877102,7.88486776571859,24.328606924847,27.9016063829499,31.3904739727963,10.7143789431334,8.31854174543624,11.1201295324551,36.2490524903935,37.5715010703421,36.4570453100416,3.75092164904258,3.77956871345568,8.03524111426913,12.5491774955658,37.3756400804718,12.5491774969449,5.53056610954127,2.51977277417605,12.2161906197222,46.6816826596229,46.6816826596229,13.3046727209603,3.35893767805678,4.95047127963246,13.3046727210994,37.0424914181536,7.06366267567706,66.0741484672527,4.84585034681811,5.25614339826799,3.5763824251999,7.06366267567706,5.25614339826799,7.06366267567706,0.682171668908867,5.25614339826799,7.06366267567706,7.06366267567706,7.06366267567706,0.769637859237131,5.25614339826799,7.06366267567706,7.06366267567706,7.06366267567706,7.06366267567706,4.84585034681811
19.6135079446842,6.08268069661821,8.95389214059805,23.6602977945688,8.19287111276454,25.3997756600202,29.0649908614679,32.7559829533821,11.0768035316047,8.12436189684123,11.4523527780427,37.8306051800063,39.2890134871328,38.0510891765352,3.89618241161544,3.88396741832203,8.17984347121646,12.9455448245201,39.0562098977029,12.9455448229139,5.56086335723676,2.68392241811602,11.9073292171677,48.6959909481748,48.6959909481748,13.7719979948027,3.40467089362445,5.05859737577684,13.7719979941623,34.6222296443655,7.23273273893945,68.9127953494731,4.76918122248033,5.2423276724551,3.81097009144286,7.23273273893945,5.2423276724551,7.23273273893945,0.644186711081058,5.2423276724551,7.23273273893945,7.23273273893945,7.23273273893945,0.818979396897025,5.2423276724551,7.23273273893945,7.23273273893945,7.23273273893945,7.23273273893945,4.76918122248033
18.6199442656253,6.18031186483138,8.93918366926295,22.3915400674919,8.20986681178489,24.0299664285829,27.5624110158585,30.935182465697,11.2204271274747,7.5560393729106,11.5748215885025,35.7338785078748,37.0224376764527,35.8978304142428,3.33366049580412,3.54724570553784,7.53828410097917,13.108175946906,36.6345783705489,13.1081759472868,5.25332214697414,2.42231032880766,11.1484803245601,45.9441203252268,45.9441203252268,14.3508113025877,2.84903706937344,4.28362302166196,14.3508113025608,40.5533155685359,6.12917175088482,65.0368277466335,5.13843192647921,5.12327981785842,3.43893733146329,6.12917175088482,5.12327981785842,6.12917175088482,0.62916618497209,5.12327981785842,6.12917175088482,6.12917175088482,6.12917175088482,0.716869953346936,5.12327981785842,6.12917175088482,6.12917175088482,6.12917175088482,6.12917175088482,5.13843192647921
19.2778153753542,6.04193897334638,8.97316238544541,23.2013085300895,8.18826405720768,25.0765423202475,28.6736522455264,32.2784064044184,11.1284727806645,8.2967302106641,11.4582617163199,37.1809273622299,38.5414913120734,37.4016246440408,3.85357338574237,3.90203396801138,7.90172089872306,12.9971720710573,38.2941142176367,12.9971720710635,5.45841509360676,2.46008814677154,12.123430376858,47.7414751020874,47.7414751020874,14.0861628582105,3.49591371518914,5.11835895496504,14.0861628581997,41.3501908758757,7.29022229561498,67.5766562124941,4.69390283324178,4.88084847672848,3.49021698624872,7.29022229561498,4.88084847672848,7.29022229561498,0.61554829509292,4.88084847672848,7.29022229561498,7.29022229561498,7.29022229561498,0.807163748649062,4.88084847672848,7.29022229561498,7.29022229561498,7.29022229561498,7.29022229561498,4.69390283324178
17.6388136637432,5.62802321228172,8.37942300715724,21.4399469200191,7.76905666080194,22.7749775023964,26.1701698499364,29.4273032192876,10.3536670961879,8.43022223910801,10.6867308695166,34.0431944655927,35.3173741194107,34.2559121807218,3.72255778995779,3.8260200554998,7.62453659946201,12.1084334268955,34.9600702096495,12.1084334265606,5.37470673205765,2.44469155439758,12.3543649892799,43.84661506442,43.84661506442,13.0407186111683,3.34269870405474,4.9136326811949,13.0407186111003,38.1967487250793,7.009920800888,62.0729880694494,5.02210072496481,4.62155908445561,3.47003653717098,7.009920800888,4.62155908445561,7.009920800888,0.618482722154034,4.62155908445561,7.009920800888,7.009920800888,7.009920800888,0.749380536402323,4.62155908445561,7.009920800888,7.009920800888,7.009920800888,7.009920800888,5.02210072496481
17.8192987161297,5.56504655220374,8.67597772798946,21.2833893218005,8.03161618985377,22.7844242034332,26.260262377558,29.5239631660666,10.8662180806556,7.28556774322593,11.1760661627465,33.8211826943469,35.3258241000896,34.0457831538401,3.42434911174988,3.69863705388832,8.03202520407741,12.6895235895904,34.9731631946021,12.6895235900839,5.12787366693029,2.34998157261607,10.7185022688576,43.8484215410927,43.8484215410927,13.3868175350877,2.91997840953844,4.48481992888821,13.3868175344264,37.8749094076904,6.41272664243883,62.0471860678879,5.0044324769933,4.54157303800951,3.33726933271047,6.41272664243883,4.54157303800951,6.41272664243883,0.616840631669564,4.54157303800951,6.41272664243883,6.41272664243883,6.41272664243883,0.767024636373563,4.54157303800951,6.41272664243883,6.41272664243883,6.41272664243883,6.41272664243883,5.0044324769933
19.1709240877564,5.877136848274,8.95593051539813,22.9510892246514,8.17035155338692,24.8872962108906,28.5517985617403,32.1820355223104,11.1894165266852,8.51685495137833,11.5692038905071,36.9010599343364,38.3620993529405,37.0978376850602,3.44654869583562,3.51920214132996,8.05723121540508,13.0888127853936,38.1966196183859,13.088812785173,5.2503685520727,2.38175954761714,12.4461978880821,47.6361013454518,47.6361013454518,13.9168210864952,2.95325634513158,4.52790736786593,13.9168210864348,34.2342193400134,6.4846905203177,67.4335825758674,4.66188712062713,5.19835017476157,3.38457871305452,6.4846905203177,5.19835017476157,6.4846905203177,0.673598084776879,5.19835017476157,6.4846905203177,6.4846905203177,6.4846905203177,0.78393627739525,5.19835017476157,6.4846905203177,6.4846905203177,6.4846905203177,6.4846905203177,4.66188712062713
17.9424795979877,5.65936543156031,8.53518661350076,21.5989943283667,7.86457090740177,23.1940114935827,26.6030194587376,29.7935998580774,10.6180558010792,8.20295399435782,10.9510574299155,34.4890757007395,35.7403121060161,34.7087671844051,3.62583564398558,3.74662773729102,7.65887784800863,12.4435666532063,35.5771417672032,12.4435666536235,5.15058820039507,2.46055408627561,11.9825949956191,44.4774082966763,44.4774082966763,13.4018013470153,3.29922686950797,4.79531525509185,13.4018013470153,39.6401199428813,6.82907901925883,62.9760805118747,4.67527763295193,4.41186025218083,3.48942088661782,6.82907901925883,4.41186025218083,6.82907901925883,0.678901113279458,4.41186025218083,6.82907901925883,6.82907901925883,6.82907901925883,0.694000586643445,4.41186025218083,6.82907901925883,6.82907901925883,6.82907901925883,6.82907901925883,4.67527763295193
19.6911544350842,5.56048261732277,8.41477020223919,23.7026354816041,7.61931559477732,25.7889920988526,29.345630818683,33.2770243720588,10.4204175198396,7.39819610905381,10.8211181392548,38.2422606150136,39.5401289725332,38.4461042525392,3.4123874803722,3.64714140291346,7.5599892641401,12.1962688884608,39.302319805072,12.196268887916,5.2979369036535,2.29192039728219,10.8598627779371,49.0114288399952,49.0114288399952,13.0656975512866,2.9592992632434,4.53948669081704,13.0656975513195,37.3708605557729,6.4628956861979,69.3638335866629,4.77097424244225,5.27016536213476,3.2501564596066,6.4628956861979,5.27016536213476,6.4628956861979,0.642193854070809,5.27016536213476,6.4628956861979,6.4628956861979,6.4628956861979,0.688704242807929,5.27016536213476,6.4628956861979,6.4628956861979,6.4628956861979,6.4628956861979,4.77097424244225
20.3604302324097,6.10013009990826,8.91647716809213,24.6999968700008,8.12563999147996,26.8727218305421,30.3605005482369,34.4264397832461,11.0491998551035,8.15025433998536,11.4281230022872,39.4388388753842,40.8506886102006,39.6311440130437,3.66948286745222,3.79339878767714,7.99793937550408,12.9110541478932,40.6279843474882,12.9110541471175,5.48236461598652,2.31456685017154,11.920837669966,50.5773792652267,50.5773792652267,13.8261989587074,3.3873190518514,4.91143578135843,13.8261989600084,34.7445183755573,7.01033747696938,71.5813879705455,4.69969842366861,5.30876468723818,3.2874491626488,7.01033747696938,5.30876468723818,7.01033747696938,0.63276279769301,5.30876468723818,7.01033747696938,7.01033747696938,7.01033747696938,0.730367710109794,5.30876468723818,7.01033747696938,7.01033747696938,7.01033747696938,7.01033747696938,4.69969842366861
20.1100427093839,6.20452181411644,9.14308898507538,24.0497383260397,8.36723825419117,26.0046605361091,29.6828541356846,33.3732854662358,11.5096119208718,7.35262089288028,11.8410964697738,38.4910558031573,39.8878582460316,38.7021545142144,3.44695960623792,3.62273750370292,7.9176130033087,13.4496140426843,39.5938621064962,13.4496140424133,5.18155843940999,2.57399013275205,10.837759094383,49.4511899723499,49.4511899723499,14.5527810178544,2.85559412623374,4.40365072201901,14.5527810181963,40.373063406996,6.28044435632318,70.0005137132137,5.03514758932162,4.84569179684501,3.64954310410425,6.28044435632318,4.84569179684501,6.28044435632318,0.653079604565098,4.84569179684501,6.28044435632318,6.28044435632318,6.28044435632318,0.697048506392731,4.84569179684501,6.28044435632318,6.28044435632318,6.28044435632318,6.28044435632318,5.03514758932162
18.3433051838834,6.40331989664598,9.41718979578412,21.719739356118,8.68068534893033,23.1903420119745,26.8817862097236,29.9255535489852,11.7739837676574,8.22647824369277,12.0850410825852,34.4766037419621,35.9708807027906,34.7345498618984,3.85941833208077,4.08244117640942,8.35756248257072,13.7418829595171,35.5740885177922,13.7418829589656,5.57823014834429,2.58117958650282,12.056313175904,44.6574799731659,44.6574799731659,14.8313260007152,3.45409813037032,5.05278939516607,14.8313260003723,40.4547869304138,7.22392449114556,63.2094231360793,5.31658992075707,4.75117622834859,3.66631635832353,7.22392449114556,4.75117622834859,7.22392449114556,0.636413524578213,4.75117622834859,7.22392449114556,7.22392449114556,7.22392449114556,0.688916874078177,4.75117622834859,7.22392449114556,7.22392449114556,7.22392449114556,7.22392449114556,5.31658992075707
18.2108411724084,5.4959885955378,8.25248787824228,21.9363558055622,7.5056625627051,23.8240110307834,27.2118989532425,30.6900725435507,10.2425047895672,8.23342301193508,10.6166027460442,35.3989899988502,36.5925337305293,35.5735038069034,3.3696691642043,3.54649894809955,7.42711497105446,11.9984781206282,36.3765548784082,11.9984781207474,5.13322817777771,2.28107735442092,12.0269516153396,45.4540575194562,45.4540575194562,12.866834805164,2.98692532987603,4.47299463247124,12.8668348059224,39.1647907487232,6.37663810734708,64.3387685831442,4.71352636229678,4.89075439111698,3.23638315225154,6.37663810734708,4.89075439111698,6.37663810734708,0.650377168230798,4.89075439111698,6.37663810734708,6.37663810734708,6.37663810734708,0.729096510960794,4.89075439111698,6.37663810734708,6.37663810734708,6.37663810734708,6.37663810734708,4.71352636229678
18.0850306302987,5.69255339042269,8.82200424863126,21.625621014815,8.16272303000568,23.0977425983525,26.6228489238827,29.8388938361242,11.0381662298778,7.56000497045321,11.3503665937552,34.3997899574055,35.9145185177385,34.6404468428818,3.6181557965488,3.77201055674212,8.14072011725954,12.8932091049605,35.5379274201639,12.8932091046775,5.27093073523992,2.59720096363241,11.1524371856345,44.589929421472,44.589929421472,13.6622794717316,3.0668513694067,4.64045542008541,13.6622794714251,34.3643651711078,6.64527359270156,63.1090000807478,5.18280229345653,4.55188511524962,3.68843288242089,6.64527359270156,4.55188511524962,6.64527359270156,0.63161721912866,4.55188511524962,6.64527359270156,6.64527359270156,6.64527359270156,0.79921079534581,4.55188511524962,6.64527359270156,6.64527359270156,6.64527359270156,6.64527359270156,5.18280229345653
18.6208107049426,6.17996663966814,8.87126777550773,22.6061587719607,8.24265903441588,23.9791278076188,27.4924040443932,30.7635549780131,11.0325040804628,7.41642692319672,11.389300259404,35.6965931634058,36.8996019028512,35.9352633262911,3.73285712454186,3.97550026749936,7.73227797120551,12.9186014238025,36.5840660326285,12.9186014241321,5.50079910462423,2.54748821570173,10.9600035453004,45.8793898828429,45.8793898828429,14.1211553412803,3.41031364123683,4.89457597491517,14.1211553412803,40.6614551807629,6.99825812228276,64.95500755376,5.25430363920371,4.82629219116614,3.61812026914232,6.99825812228276,4.82629219116614,6.99825812228276,0.683295430851724,4.82629219116614,6.99825812228276,6.99825812228276,6.99825812228276,0.767453625380112,4.82629219116614,6.99825812228276,6.99825812228276,6.99825812228276,6.99825812228276,5.25430363920371
17.547903541198,5.90673658498021,8.78843347202139,20.8126325288372,8.04453694295969,22.1968390798556,25.7899764791368,28.7945629485062,10.8702830416483,7.59884549559711,11.2339648522633,33.3119691688065,34.6167807119633,33.5301438716791,3.78282525892537,3.96587144181993,7.76075190796842,12.7084149922535,34.3195001007254,12.7084149923624,5.51550017150131,2.46611234908749,11.1448620304894,43.0220558049844,43.0220558049844,13.7831868387064,3.42132060313088,5.00373363162454,13.783186837351,36.5030084786566,7.14172803984966,60.9154688572277,4.87140463938148,5.10513802841812,3.50142311642178,7.14172803984966,5.10513802841812,7.14172803984966,0.630952123766178,5.10513802841812,7.14172803984966,7.14172803984966,7.14172803984966,0.659970704366891,5.10513802841812,7.14172803984966,7.14172803984966,7.14172803984966,7.14172803984966,4.87140463938148
18.7938014841318,5.90077518148589,8.66731959040296,22.6307402981931,7.96386293132839,24.2581822633718,27.8168415221391,31.3048820078364,10.7192399521209,7.88388406852906,11.068552256898,36.1739685848402,37.5294196260541,36.4294084531998,3.83012753931413,3.9653924905865,7.92469982379653,12.538555253846,37.20985556919,12.5385552538039,5.50164694332661,2.57088970597845,11.5922280070311,46.5685081868248,46.5685081868248,13.4411186673615,3.38570336154024,5.02290707512239,13.4411186673615,40.067438399272,7.16898192599498,65.9126743604378,5.07862699371568,4.80133639099695,3.64916049745016,7.16898192599498,4.80133639099695,7.16898192599498,0.646293994573347,4.80133639099695,7.16898192599498,7.16898192599498,7.16898192599498,0.765020924896759,4.80133639099695,7.16898192599498,7.16898192599498,7.16898192599498,7.16898192599498,5.07862699371568
18.4210746635538,6.31758708676866,9.28226841199027,21.8775178352316,8.53753042165083,23.4614798613557,27.1009881051543,30.2206313017854,11.572782457116,8.57567302683322,11.9192243740724,34.8721470406806,36.2916420201978,35.0941091776224,3.83006381209708,4.03925721372993,8.41108435976684,13.5318117661125,35.9772343371842,13.5318117652553,5.60019276207462,2.58061905822487,12.5551297101032,45.1343138560123,45.1343138560123,14.481804208127,3.47254769756685,5.05360046280815,14.4818042086105,35.9838909474428,7.20189575209849,63.8805375459127,5.28349983309025,4.89135260103299,3.66080297958759,7.20189575209849,4.89135260103299,7.20189575209849,0.68484861147534,4.89135260103299,7.20189575209849,7.20189575209849,7.20189575209849,0.733286807815164,4.89135260103299,7.20189575209849,7.20189575209849,7.20189575209849,7.20189575209849,5.28349983309025
19.3034317600854,6.08889182205614,9.04856428574187,23.5969296937179,8.44754709096382,25.0728981955251,28.5149605901433,32.1329443094364,11.2768921952797,7.51155801035996,11.605891807485,36.9062826650295,38.4093138915427,37.1389760053303,3.73162138691932,3.92118861954999,8.11034564961262,13.1649783868451,38.0719770787216,13.1649783859467,5.43717429588348,2.49324541947768,11.0420015536565,47.592179077985,47.592179077985,14.1310610478656,3.39445268056008,4.90065352966005,14.1310610492879,36.2790940421031,6.98662067459896,67.3631260563206,5.00654245910188,4.88847880534109,3.53754650202223,6.98662067459896,4.88847880534109,6.98662067459896,0.61974435233849,4.88847880534109,6.98662067459896,6.98662067459896,6.98662067459896,0.7829277990729,4.88847880534109,6.98662067459896,6.98662067459896,6.98662067459896,6.98662067459896,5.00654245910188
17.5511638521644,6.23671078364048,9.13478600937812,21.0497976049458,8.51505209804098,21.9435181632925,25.7116346170087,28.3418123485154,11.4621885405802,7.49617643582805,11.8370293311363,32.924646466723,34.1956487953431,33.1641175104255,3.49044451892771,3.62474319324648,7.81553523094641,13.4210595546172,33.9902717386043,13.4210595544339,5.2816250968511,2.59941114283127,11.0602415773829,42.6489405715155,42.6489405715155,14.6064829439509,2.98968992600147,4.46972595541766,14.6064829436078,40.7718030644232,6.396416279968,60.3491199682336,4.98496748918578,5.08548215688508,3.68976684665063,6.396416279968,5.08548215688508,6.396416279968,0.70441152338268,5.08548215688508,6.396416279968,6.396416279968,6.396416279968,0.706902114111897,5.08548215688508,6.396416279968,6.396416279968,6.396416279968,6.396416279968,4.98496748918578
19.0216700877171,5.8961376995657,8.65502668967694,22.8408341341688,7.86095777531098,24.7172872509792,28.2822630020928,31.7980146394162,10.76709452412,8.28483541540793,11.1620327342839,36.8805354764812,38.143004592686,37.0782311853713,3.54498602471407,3.75668813998477,7.74884816330301,12.6098874099351,37.8483492933871,12.6098874109968,5.39038244555663,2.61474057706209,12.1161286364136,47.3797203506295,47.3797203506295,13.5535517533476,3.02036789069594,4.53222996636452,13.5535517532527,37.4147852217026,6.48734145649967,67.0539185074575,5.14246399962144,5.18175136356212,3.71198104365216,6.48734145649967,5.18175136356212,6.48734145649967,0.680001485153866,5.18175136356212,6.48734145649967,6.48734145649967,6.48734145649967,0.763646180364336,5.18175136356212,6.48734145649967,6.48734145649967,6.48734145649967,6.48734145649967,5.14246399962144
19.7982835828501,5.5046618410946,8.3050507655992,24.4250870189246,7.66640714106751,26.1320344116514,29.471326237521,33.4699369465667,10.2582661492218,7.55192188603341,10.6422508647954,38.6413233195756,39.9517482108458,38.8180839020161,3.57003353763204,3.85776177806585,7.71230763403999,11.9968507470021,39.5878993955918,11.9968507464961,5.40229426674129,2.49715586387595,11.0650666037383,49.474101729537,49.474101729537,12.7239913656288,3.14611353023699,4.63339352492234,12.7239913656288,39.2639545905295,6.61491038370599,70.0307557260273,5.10549360202895,5.11130463041772,3.54358478605298,6.61491038370599,5.11130463041772,6.61491038370599,0.620742549767931,5.11130463041772,6.61491038370599,6.61491038370599,6.61491038370599,0.72309992968565,5.11130463041772,6.61491038370599,6.61491038370599,6.61491038370599,6.61491038370599,5.10549360202895
19.3044990533709,6.14996921315478,9.05784471067738,23.6651285256902,8.43501079731387,25.1368098278099,28.656266590339,32.1502086607123,11.3434830261322,7.84584815994824,11.6560181086348,37.134754289958,38.442290640117,37.3364584944247,3.63059673353231,3.68804170239828,7.71576662321246,13.2525285710386,38.1500412697142,13.2525285712789,5.25534842728776,2.50576614912986,11.5500860891985,47.6520790105911,47.6520790105911,14.512802973339,3.25845187725671,4.74208770646412,14.5128029726567,38.8937915393004,6.75560770776808,67.4420009908795,4.90352785540549,4.64976111927522,3.55343516115156,6.75560770776808,4.64976111927522,6.75560770776808,0.632370195673376,4.64976111927522,6.75560770776808,6.75560770776808,6.75560770776808,0.818914344181303,4.64976111927522,6.75560770776808,6.75560770776808,6.75560770776808,6.75560770776808,4.90352785540549
17.5824997356261,5.9176495692329,8.82571970655552,21.0531347002537,8.17182320272284,22.4692812733894,25.9315434502393,29.0979494146805,10.974406020917,8.20732531914291,11.3087425112532,33.3857382008801,34.7814023674718,33.6017825267871,3.63546169792332,3.99002797200676,8.04277877479586,12.8194268822511,34.3740959472522,12.8194268829596,5.47056404200592,2.28512520924803,11.9971511346032,43.2030001222013,43.2030001222013,13.7060420732191,3.30863172121882,4.87567919342863,13.706042073048,36.9482384159046,6.9454305420888,61.1463485395633,5.23272895372205,4.82040631623661,3.24274105710027,6.9454305420888,4.82040631623661,6.9454305420888,0.625824889087501,4.82040631623661,6.9454305420888,6.9454305420888,6.9454305420888,0.722999394502624,4.82040631623661,6.9454305420888,6.9454305420888,6.9454305420888,6.9454305420888,5.23272895372205
18.2825479195536,5.97998017718626,8.92617137335917,21.9309723803798,8.22070586655506,23.3656412208182,27.0645473248959,30.3620738686768,11.1418614000722,7.48172935062302,11.5170040592027,34.899861443377,36.2617053680995,35.1143329796832,3.43816726275021,3.70716248556969,7.80653344188631,13.0232764876176,35.9298799837423,13.0232764879317,5.39294974189924,2.3380692518146,11.0255245531045,45.0383666781198,45.0383666781198,14.0843017351067,2.94837790024738,4.54309369598232,14.0843017354407,38.354673387673,6.47671565714768,63.74418306403,5.09482737280524,5.2416882012804,3.31708655538246,6.47671565714768,5.2416882012804,6.47671565714768,0.645676195460426,5.2416882012804,6.47671565714768,6.47671565714768,6.47671565714768,0.806949525344833,5.2416882012804,6.47671565714768,6.47671565714768,6.47671565714768,6.47671565714768,5.09482737280524
20.5376017599796,5.98945471436265,9.00717698056811,24.9674689271335,8.32649020272133,26.8893899936609,30.3896204534682,34.3916482037776,11.2024661260005,7.63634548840723,11.5433227115751,39.5468980182311,40.9275488306834,39.7607075885092,3.77443342608772,4.0862597103406,8.23062303316297,13.0930656557142,40.5749020436712,13.0930656555722,5.56585584974857,2.47123167227891,11.2310851243609,50.6959991402463,50.6959991402463,13.9866935975913,3.42839535896079,4.98282385559674,13.9866935977582,36.2105038330667,7.12752559148559,71.7487684504896,5.30009030032601,4.84198296029089,3.51192438186248,7.12752559148559,4.84198296029089,7.12752559148559,0.653347503435124,4.84198296029089,7.12752559148559,7.12752559148559,7.12752559148559,0.699934962966132,4.84198296029089,7.12752559148559,7.12752559148559,7.12752559148559,7.12752559148559,5.30009030032601
18.884721972077,5.61034852234866,8.48845746594534,22.9589638254545,7.84164226913206,24.6831535593999,28.0093969631648,31.6768568487577,10.5228983753747,7.3973713363081,10.8906738632528,36.4627640785782,37.9089143380087,36.6662704465517,3.60896725202647,3.70802589516155,8.04621464156986,12.3174171923995,37.6747508866055,12.3174171923232,5.29100286350197,2.49847328932124,10.9144161541732,47.0681836618611,47.0681836618611,12.8788495033578,3.22620768296931,4.72412461548508,12.8788495033481,35.677065578822,6.73435796482142,66.6334138596394,4.83278004820424,4.86607866767235,3.54408248637325,6.73435796482142,4.86607866767235,6.73435796482142,0.661837336385721,4.86607866767235,6.73435796482142,6.73435796482142,6.73435796482142,0.796643782764471,4.86607866767235,6.73435796482142,6.73435796482142,6.73435796482142,6.73435796482142,4.83278004820424
18.9123908550721,5.7418123548523,8.65228539695687,23.0917734365543,7.99855557165009,24.7231590135168,28.1257541101322,31.6161638992735,10.8089874659518,8.41801862068139,11.1325384889506,36.659132273556,37.9897783055975,36.8781430435896,3.6079814905304,3.70380865377981,7.64241052392353,12.6421983137905,37.7174737053707,12.6421983126237,5.14343053850638,2.64863569648759,12.2688971303958,47.1365697186953,47.1365697186953,13.6614678458526,3.13973951498491,4.60473266707169,13.6614678464363,36.6454341093106,6.5657749593745,66.7617913673458,4.85058888650265,4.55229998530116,3.75560114055883,6.5657749593745,4.55229998530116,6.5657749593745,0.642200014439481,4.55229998530116,6.5657749593745,6.5657749593745,6.5657749593745,0.764185656932406,4.55229998530116,6.5657749593745,6.5657749593745,6.5657749593745,6.5657749593745,4.85058888650265
19.0011136775267,5.98285897053175,8.78051468336083,23.1677761111168,8.09695755168039,24.6805842778543,28.2922588562877,31.8718090305675,10.9772265233075,7.66788940450151,11.3504021397009,36.7295534355669,38.0544508177146,36.9238013850101,3.35267554140925,3.52312166877979,7.49038072981379,12.8271762111422,37.7569337305553,12.8271762104623,5.23237946775456,2.39618838107481,11.2504267455198,47.1791096639539,47.1791096639539,13.9725006939228,2.82465398750108,4.31767602735935,13.9725006943381,39.0444812010899,6.1882473839795,66.780749003159,4.84853923189499,5.269836938447,3.40442690748895,6.1882473839795,5.269836938447,6.1882473839795,0.622502464129506,5.269836938447,6.1882473839795,6.1882473839795,6.1882473839795,0.805231066682204,5.269836938447,6.1882473839795,6.1882473839795,6.1882473839795,6.1882473839795,4.84853923189499
18.074782846132,6.14518665285918,9.0107277322168,21.5015257567344,8.29651211547992,23.1152766081627,26.6758178761354,29.7598357933973,11.306898663556,8.37378628341689,11.6290124897081,34.2873763927528,35.6899246152169,34.5141813604028,3.53890392615292,3.70374263797573,8.03853772990711,13.226708747792,35.4636273851871,13.2267087472936,5.17178942486179,2.46979290264903,12.239651925828,44.4040091835521,44.4040091835521,14.1885786557248,3.11443293053233,4.62704333963334,14.1885786553274,34.4779241443288,6.62390062357038,62.850495243268,4.90884603294715,4.52578338226479,3.50855866418045,6.62390062357038,4.52578338226479,6.62390062357038,0.678020615010662,4.52578338226479,6.62390062357038,6.62390062357038,6.62390062357038,0.733342024842049,4.52578338226479,6.62390062357038,6.62390062357038,6.62390062357038,6.62390062357038,4.90884603294715
17.2585791529639,5.50819420966035,8.32132933240905,20.5188793263642,7.59257243784901,22.1006304340336,25.5262606669136,28.4999319452812,10.3919132910532,8.04429652043724,10.7255610770562,33.0797432743383,34.3055391874421,33.2892803752763,3.41347307015764,3.48969872976383,7.40183216224092,12.1668007376737,34.0911062385611,12.1668007377979,4.96939272169347,2.49838604794778,11.7606945765551,42.6706156939679,42.6706156939679,13.0982745431549,2.90791135316642,4.3877733979178,13.0982745437887,41.5709932321335,6.27102914359609,60.382253793845,4.67735914678606,4.5148425286448,3.54530123129467,6.27102914359609,4.5148425286448,6.27102914359609,0.645223486515043,4.5148425286448,6.27102914359609,6.27102914359609,6.27102914359609,0.698472664858293,4.5148425286448,6.27102914359609,6.27102914359609,6.27102914359609,6.27102914359609,4.67735914678606
17.8350731201206,6.01243579868813,8.92511450906022,21.0659497355135,8.1359859716003,22.7772218475038,26.2672862566093,29.3438303800139,11.1206212373275,8.29041718193637,11.4572848313864,33.7727195894927,35.1771944409027,33.9892115419833,3.65606068451938,3.74399813065666,8.01265463941646,12.9921004266787,34.9402747056917,12.9921004262482,5.30723990990715,2.43450192912504,12.1118021436836,43.6888525959893,43.6888525959893,13.8990809913071,3.3154428014024,4.8258280524887,13.8990809920424,40.6136355717352,6.88420014428758,61.8210993967637,4.71566720439573,4.8666540948603,3.45519525836342,6.88420014428758,4.8666540948603,6.88420014428758,0.631805062655395,4.8666540948603,6.88420014428758,6.88420014428758,6.88420014428758,0.703135268940286,4.8666540948603,6.88420014428758,6.88420014428758,6.88420014428758,6.88420014428758,4.71566720439573
17.9867047670466,5.72732612168592,8.5580497733299,21.6663273836217,7.90552437119052,23.080871789584,26.5756839260916,29.7293771741372,10.7282433831503,7.19910828779886,11.0497270523043,34.4714518614763,35.7392928473338,34.6798869945655,3.40804744035614,3.4621477125161,7.36360567361603,12.551691728817,35.4987924663604,12.5516917290306,4.95845230201858,2.51483169003615,10.6172297306289,44.4074933168206,44.4074933168206,13.6686051507937,2.87879156062378,4.3708732349307,13.6686051510486,38.1951122832298,6.23029079793598,62.8661322290077,4.68513629940541,4.5162731233505,3.56543511109843,6.23029079793598,4.5162731233505,6.23029079793598,0.639389187350666,4.5162731233505,6.23029079793598,6.23029079793598,6.23029079793598,0.720948227255031,4.5162731233505,6.23029079793598,6.23029079793598,6.23029079793598,6.23029079793598,4.68513629940541
18.3450107276517,5.7806132256577,8.71549169394571,22.191122732871,8.01496246227015,23.6966637516821,27.1347874115634,30.4987278925165,10.7324698837059,8.24538186081731,11.1136873303165,35.2308526152272,36.638672125585,35.4630145058521,3.88532013533108,3.97539915790871,8.11465847101987,12.5469805543664,36.3606349307451,12.5469805542189,5.60480850662917,2.59254043014441,12.0609034644108,45.4662013405045,45.4662013405045,13.2816643061418,3.5628278048137,5.10100957916399,13.2816643062847,38.765423384187,7.26759742494863,64.3530181705114,4.90428619443425,5.20151278595087,3.6774229525333,7.26759742494863,5.20151278595087,7.26759742494863,0.636460957250331,5.20151278595087,7.26759742494863,7.26759742494863,7.26759742494863,0.79573588727031,5.20151278595087,7.26759742494863,7.26759742494863,7.26759742494863,7.26759742494863,4.90428619443425
19.7494529787233,5.6571913101371,8.3320785532521,24.1293893005645,7.58829473226888,25.9650974137308,29.5420457021944,33.4734569467892,10.2224114190828,8.29675529068628,10.6063158934291,38.816885720348,40.0471830430079,39.0013069512852,3.83033837890138,3.88598906426419,7.6547789311106,11.9598649855422,39.7508772498861,11.9598649855787,5.51066793766728,2.60637895711417,12.1336988355521,49.5906907742835,49.5906907742835,12.8009492130222,3.33089095427104,4.98493829995995,12.8009492130334,40.4700206643821,7.11536500052156,70.1994469648548,4.88304810700307,5.0950335356834,3.69910213906756,7.11536500052156,5.0950335356834,7.11536500052156,0.623024356950981,5.0950335356834,7.11536500052156,7.11536500052156,7.11536500052156,0.780390570897816,5.0950335356834,7.11536500052156,7.11536500052156,7.11536500052156,7.11536500052156,4.88304810700307
17.8313497361792,5.7007095688497,8.46626730620017,21.1994815488987,7.71714810904856,22.897177320245,26.3803274138421,29.5451056561925,10.5475630396845,7.30004574795123,10.9308527742505,34.177179697979,35.3851342929655,34.3995599038778,3.3755187831255,3.66244161621501,7.5578221340944,12.3629101837954,35.1066446667388,12.3629101837945,5.24410072975127,2.40421969554357,10.7782463968506,44.0553048239455,44.0553048239455,13.3210508996743,2.93000293445199,4.42382573293991,13.3210508992671,35.7649241676842,6.31173331361327,62.3542886003221,5.10934197776203,4.93304339524508,3.41075014050543,6.31173331361327,4.93304339524508,6.31173331361327,0.686220447932576,4.93304339524508,6.31173331361327,6.31173331361327,6.31173331361327,0.742233721915231,4.93304339524508,6.31173331361327,6.31173331361327,6.31173331361327,6.31173331361327,5.10934197776203
19.8135866908798,6.22942893835041,9.09165700199465,24.1757081057574,8.51282542511714,25.6682516067341,29.2837303072383,33.0446734298663,11.3539499794017,7.27075862804041,11.6812553279854,38.0267670230397,39.4714808987874,38.2107136872157,3.71908764250067,3.86848753984272,8.23079148060413,13.2719913775911,39.1792596280649,13.2719913776133,5.39965432607176,2.51349177028186,10.768555306983,48.9622621262992,48.9622621262992,14.185038344459,3.26176301708065,4.89899950490611,14.1850383444279,40.8958976932854,6.98447505020476,69.3124077125174,5.065534485354,4.69306383885538,3.56604709502416,6.98447505020476,4.69306383885538,6.98447505020476,0.662610990307112,4.69306383885538,6.98447505020476,6.98447505020476,6.98447505020476,0.802127762323395,4.69306383885538,6.98447505020476,6.98447505020476,6.98447505020476,6.98447505020476,5.065534485354
18.8316282496013,5.98868970867971,8.83727802214389,22.7684863606728,8.22163296978593,24.1690285536916,27.6706587671903,31.1364727850163,11.0031129161881,7.23528635703923,11.3241986816785,35.9268330520016,37.4288853016552,36.1447543168933,3.7591250052334,3.86786683972786,8.08045403460568,12.8479051274777,37.1141727024453,12.8479051272309,5.33010754530241,2.63223246009967,10.6508037864134,46.4005453168253,46.4005453168253,13.6654968961121,3.26425780830577,4.85633822344258,13.6654968954366,37.9396369673014,6.92805170773567,65.6828668430624,4.88114035974634,4.72022910596005,3.7341217131782,6.92805170773567,4.72022910596005,6.92805170773567,0.614949108521698,4.72022910596005,6.92805170773567,6.92805170773567,6.92805170773567,0.709606192548143,4.72022910596005,6.92805170773567,6.92805170773567,6.92805170773567,6.92805170773567,4.88114035974634
19.4895666395736,5.84860609925993,8.69436791640218,23.7864529253202,7.99061039923798,25.6572163006255,29.0536414276671,32.8907578094917,10.840907679592,8.00624874955908,11.2245977302288,37.7297617455847,39.0843805758321,37.9400076136489,3.33874987004077,3.59963088063181,7.79815245417993,12.672961581859,38.735819415257,12.6729615809141,5.34720558919176,2.29518035936457,11.7685906943674,48.4438141368007,48.4438141368007,13.5557979313978,2.95487807934027,4.40350073246972,13.5557979306945,36.0914027972379,6.28834887875015,68.5470042243261,5.15062260466262,5.25219034387291,3.25803464057506,6.28834887875015,5.25219034387291,6.28834887875015,0.639018611517317,5.25219034387291,6.28834887875015,6.28834887875015,6.28834887875015,0.720635822922998,5.25219034387291,6.28834887875015,6.28834887875015,6.28834887875015,6.28834887875015,5.15062260466262
20.1707076669341,5.68739245447048,8.69659910506143,24.7238917160587,8.02154949156762,26.7264650070237,30.0620508748519,34.1982377635343,10.7834641982741,8.21708931733571,11.1387253598397,39.2706254892653,40.7511687170768,39.461952338072,3.68762491546847,3.94320027540807,8.16250441196184,12.5978759121671,40.3601535267769,12.597875912281,5.50764181582901,2.47553292450925,12.0290347062424,50.4505008347829,50.4505008347829,13.2782428755596,3.31810114546916,4.83449213121421,13.2782428758577,40.4309267974518,6.91305257131951,71.4044327860942,5.24835946024415,4.97319905715898,3.51633043363459,6.91305257131951,4.97319905715898,6.91305257131951,0.627791123073516,4.97319905715898,6.91305257131951,6.91305257131951,6.91305257131951,0.745475613158882,4.97319905715898,6.91305257131951,6.91305257131951,6.91305257131951,6.91305257131951,5.24835946024415
19.8326587463725,6.37081148159889,9.09424138219426,24.3133255312057,8.52295948176078,25.865531941871,29.4731277056611,33.2135581450383,11.3430127534659,7.69649428923864,11.6663608846464,38.1870261001764,39.4692543289119,38.4087929135813,3.73741270661025,3.97152096978548,7.92670993402616,13.278216140822,39.262187349242,13.2782161405876,5.38018621514698,2.31890568001045,11.3150483781758,49.0067688232021,49.0067688232021,14.468090072794,3.43808070147289,5.05682788960272,14.4680900728035,41.2741169299989,7.19959761991702,69.3784629318176,4.91458111570824,4.48001427538045,3.29044545630922,7.19959761991702,4.48001427538045,7.19959761991702,0.689619863627006,4.48001427538045,7.19959761991702,7.19959761991702,7.19959761991702,0.789566243362345,4.48001427538045,7.19959761991702,7.19959761991702,7.19959761991702,7.19959761991702,4.91458111570824
17.5830744452323,6.01250714683679,8.95526732468638,21.2611921457718,8.38433959733579,22.4160877136849,26.0001520717199,29.0071292520845,11.2721108791534,7.85369279366111,11.5826979961552,33.272967430913,34.7343991944766,33.4955021332695,3.35666231446837,3.55113421884965,7.85064819191339,13.1753088129003,34.5094117454673,13.1753088134856,4.98831802801215,2.32549800701231,11.480211712245,43.2060419508572,43.2060419508572,14.184118380015,2.90023906906035,4.41422984770215,14.1841183808795,38.6883671886735,6.30761459174421,61.1557335982294,4.68732819777273,4.52435129622744,3.30162135965456,6.30761459174421,4.52435129622744,6.30761459174421,0.648072397392832,4.52435129622744,6.30761459174421,6.30761459174421,6.30761459174421,0.801094529408288,4.52435129622744,6.30761459174421,6.30761459174421,6.30761459174421,6.30761459174421,4.68732819777273
19.7792557054278,5.69075754323559,8.70709130784614,24.0444275907323,8.04274435470464,25.9992329922516,29.3738514387317,33.2699260163065,10.8509119335435,7.52858006007937,11.1710941283758,38.256457178877,39.6419678614737,38.4520343163201,3.63123042136979,3.89297353012916,8.05214959501487,12.6854885725687,39.2829503796101,12.6854885724344,5.3508678498508,2.43915096072212,11.1046573593433,49.1279139373097,49.1279139373097,13.4888809844579,3.24609736559533,4.78852038343959,13.4888809845605,34.1123279995614,6.83887387212063,69.5251145057058,5.24336425721001,4.52170057201358,3.4631288853499,6.83887387212063,4.52170057201358,6.83887387212063,0.645473363642994,4.52170057201358,6.83887387212063,6.83887387212063,6.83887387212063,0.817438188679085,4.52170057201358,6.83887387212063,6.83887387212063,6.83887387212063,6.83887387212063,5.24336425721001
19.4600553281938,6.27953027791412,9.15408913132643,23.3386876495701,8.41229774374075,25.2095729055422,28.8833355235161,32.4723712175045,11.4181836313089,7.9370781580245,11.76661898761,37.3093024665914,38.6611314461248,37.5122834216462,3.6964748550699,3.79938890908829,8.07726512601814,13.3674454027434,38.5453702250998,13.3674454027399,5.34031529151363,2.36096844580407,11.6472748335031,48.0432357666317,48.0432357666317,14.4185139159077,3.35452180437431,4.98090362805123,14.4185139159063,40.9077427217955,7.09299282009539,68.005471271846,4.63288414823842,4.77855810514137,3.34969697283606,7.09299282009539,4.77855810514137,7.09299282009539,0.699838602979369,4.77855810514137,7.09299282009539,7.09299282009539,7.09299282009539,0.748828414728767,4.77855810514137,7.09299282009539,7.09299282009539,7.09299282009539,7.09299282009539,4.63288414823842
18.1085104350243,5.93499945204107,8.79690452853364,21.6473551988116,8.11660618383567,22.9427226177072,26.5821427114268,29.6793163291557,10.9284792723141,7.3937964948312,11.3079331251628,34.3713401200076,35.7504765638149,34.6137748112537,3.69028636552357,3.73696168500498,7.96621460111786,12.7932488176211,35.5671711801926,12.7932488180732,5.35791088384361,2.63639724617549,10.900611047998,44.4731998808555,44.4731998808555,13.6485102710776,3.18826780754706,4.78685909991522,13.6485102710987,38.4062720262281,6.82712544064088,62.9296608634203,4.75898282570492,5.06662783627399,3.73929732859391,6.82712544064088,5.06662783627399,6.82712544064088,0.678861126932601,5.06662783627399,6.82712544064088,6.82712544064088,6.82712544064088,0.690169611441307,5.06662783627399,6.82712544064088,6.82712544064088,6.82712544064088,6.82712544064088,4.75898282570492
18.0648581767845,5.6494420190079,8.47816336916181,21.6022808016519,7.71688252438966,23.1903924428945,26.6881076141516,29.8559412024055,10.4604547759453,7.43580024135565,10.8873201602999,34.6638535654346,35.9121496765497,34.8701115128995,3.65231438921011,3.61873101202408,7.8522635852892,12.2700972208641,35.8179552231565,12.2700972211375,5.36743984013414,2.61209431026637,10.9805191702856,44.71087722213,44.71087722213,12.9642047348795,3.25135147527137,4.7573199435803,12.9642047341658,37.7252305183497,6.77793491391834,63.2755712349012,4.59824119764154,5.29396541807293,3.7035671874119,6.77793491391834,5.29396541807293,6.77793491391834,0.700797326890397,5.29396541807293,6.77793491391834,6.77793491391834,6.77793491391834,0.782994910510171,5.29396541807293,6.77793491391834,6.77793491391834,6.77793491391834,6.77793491391834,4.59824119764154
20.0511683628707,5.85962408844802,8.86236580149089,24.1584258995623,8.08833301987166,26.4979887939803,29.8618378390752,33.9366371636066,11.0875930649881,8.0272368547954,11.4118742754822,38.7773147848046,40.3559431832784,38.988839980737,3.48157082476565,3.71758059246952,8.16698426521805,12.9397418525368,40.0021163005593,12.9397418523926,5.25675221293606,2.35962917977226,11.7487043547849,49.943057775892,49.943057775892,13.6569559946015,3.06022596894013,4.56018830246819,13.6569559944781,37.0213376638713,6.52554692848306,70.6870264348561,5.02795429012592,4.81706113464986,3.35242321357826,6.52554692848306,4.81706113464986,6.52554692848306,0.608355930663449,4.81706113464986,6.52554692848306,6.52554692848306,6.52554692848306,0.76903722055221,4.81706113464986,6.52554692848306,6.52554692848306,6.52554692848306,6.52554692848306,5.02795429012592
19.1209883855201,6.0655543294411,9.03022349916629,23.0224546099021,8.27177338843345,24.8666237838911,28.3813317243606,31.8502933565771,11.3518703357166,8.10892814205846,11.6810529518254,36.8496571688521,38.1342781156094,37.0201313480607,3.43774349580907,3.73679691463543,7.67361061020955,13.2631578106103,37.7542470439004,13.2631578110636,5.23973224143476,2.52067718199821,11.849146927739,47.2994440247747,47.2994440247747,14.5044958441772,2.96242637382404,4.41113505016986,14.5044958441772,39.530428515087,6.29607558742753,66.940337112268,5.21008889734843,4.83032353481415,3.57533957207744,6.29607558742753,4.83032353481415,6.29607558742753,0.638952153445706,4.83032353481415,6.29607558742753,6.29607558742753,6.29607558742753,0.758692101563918,4.83032353481415,6.29607558742753,6.29607558742753,6.29607558742753,6.29607558742753,5.21008889734843
20.0634658225998,6.18130718383115,9.047569614674,24.3023963047321,8.36079052767503,25.9457157402403,29.6542992674832,33.352570995325,11.2548276291173,7.61957847666499,11.5754574483394,38.7446556932481,39.9790636219858,38.9277082627369,3.92772428821892,4.03940000324201,7.8486124024702,13.1608033074844,39.6764369973293,13.1608033078762,5.49318881390919,2.69889586056286,11.221923302282,49.5600228270542,49.5600228270542,14.4050061400619,3.44514664624763,5.12147752349077,14.4050061400442,36.0565117286793,7.29180500464971,70.1541961411412,5.07215567629752,4.61068328005606,3.82650787644328,7.29180500464971,4.61068328005606,7.29180500464971,0.657077150834566,4.61068328005606,7.29180500464971,7.29180500464971,7.29180500464971,0.753140391461526,4.61068328005606,7.29180500464971,7.29180500464971,7.29180500464971,7.29180500464971,5.07215567629752
17.9063911479213,6.01119282032037,8.94173295099872,21.3580248306956,8.27968567913284,22.7100562683615,26.3537425276588,29.3897767690762,11.1871214002425,7.46712844552529,11.5222118502355,33.849315108669,35.2298664375224,34.0863202471157,3.55654021820264,3.71109270453739,8.06151297014779,13.0881576993229,35.007001256151,13.0881577007631,5.23604455955894,2.43695092587041,11.0164134075301,43.8380432592269,43.8380432592269,13.981536272171,3.10521370347205,4.69354984034637,13.9815362722435,35.3063142632849,6.69206079015527,62.0401157587016,4.90386820675672,4.66532383897952,3.45732718517538,6.69206079015527,4.66532383897952,6.69206079015527,0.675301486401653,4.66532383897952,6.69206079015527,6.69206079015527,6.69206079015527,0.761442237381045,4.66532383897952,6.69206079015527,6.69206079015527,6.69206079015527,6.69206079015527,4.90386820675672
19.1008170144369,5.86656704833599,8.91127825834136,23.1629934567606,8.24879816707469,24.9995358755086,28.4186930000673,32.1020785036879,11.1927649924757,8.29397427092846,11.4891509474343,36.7111200723499,38.1852711964594,36.9347165963392,3.41993164315888,3.75844590242262,7.93853025948999,13.0655134394824,37.8101285793554,13.0655134395926,5.16687348101522,2.27299997052556,12.0997493046685,47.3121393534341,47.3121393534341,14.0357460486352,3.01094433929319,4.5193854803629,14.0357460489872,36.1155838479484,6.46225237189949,66.9619401825945,5.10769040234874,4.49498572395299,3.2291702721245,6.46225237189949,4.49498572395299,6.46225237189949,0.613278144743924,4.49498572395299,6.46225237189949,6.46225237189949,6.46225237189949,0.776315703339497,4.49498572395299,6.46225237189949,6.46225237189949,6.46225237189949,6.46225237189949,5.10769040234874
19.0234942381828,5.84696639272045,8.72979417877058,22.9034939813336,8.02060367221222,24.6262634439662,28.2483149351004,31.8489677374419,10.9002444593858,7.75247162999729,11.2824961800119,36.5939132794418,37.9800903167676,36.808786933295,3.38379257028206,3.73827421619918,8.00689689196692,12.756663660016,37.6718653657111,12.7566636596219,5.33812974737035,2.39040390116604,11.3816869904448,47.1686070743378,47.1686070743378,13.5265012041837,2.85318096993022,4.41479693821145,13.5265012041549,38.4799650769615,6.32577173583338,66.7468337187068,5.21717301735721,5.105761067417,3.3965486206037,6.32577173583338,5.105761067417,6.32577173583338,0.676325307682989,5.105761067417,6.32577173583338,6.32577173583338,6.32577173583338,0.796109763831661,5.105761067417,6.32577173583338,6.32577173583338,6.32577173583338,6.32577173583338,5.21717301735721
17.6065183698942,6.34030686002545,9.21081755064093,21.0670640258332,8.59131506186582,22.0556758001923,25.7778424424905,28.4930321939433,11.5114357729685,7.57852663716673,11.8627242223959,33.0309747992449,34.3725328659383,33.2868010653636,3.72146434985352,3.93556666957762,8.10761216951168,13.4708747287529,34.0832136166962,13.4708747307948,5.48823393523326,2.6029435717341,11.1914290738977,42.8476785058437,42.8476785058437,14.5874275130456,3.31362067901392,4.87821219382039,14.5874275131172,41.4209387937998,6.95190027803732,60.6413087719205,5.24524956230789,4.86166495349303,3.69144024503502,6.95190027803732,4.86166495349303,6.95190027803732,0.697802074515403,4.86166495349303,6.95190027803732,6.95190027803732,6.95190027803732,0.776458021096014,4.86166495349303,6.95190027803732,6.95190027803732,6.95190027803732,6.95190027803732,5.24524956230789
20.2865299002275,6.04595593290639,8.93707162546515,24.9193055255208,8.2700655125337,26.6997131257211,30.2990538999661,34.3011459266158,11.1874577810499,8.28244984067387,11.5341784931119,39.3385141082866,40.7662340784829,39.5635188119468,3.43664927046058,3.71194320274006,7.91202561415428,13.0650342568124,40.4318812911947,13.0650342571479,5.29535797390003,2.39277303421017,12.0896467609653,50.457704887255,50.457704887255,14.0380942693997,2.9237416540028,4.48962458987894,14.0380942693451,36.7551688755983,6.40831088644038,71.3978293569938,5.06966813198307,5.03801635637065,3.39551154902633,6.40831088644038,5.03801635637065,6.40831088644038,0.626159667084305,5.03801635637065,6.40831088644038,6.40831088644038,6.40831088644038,0.82463157893277,5.03801635637065,6.40831088644038,6.40831088644038,6.40831088644038,6.40831088644038,5.06966813198307
19.6537451773439,6.06847488772852,9.18911205068029,23.9310131069766,8.56444434723374,25.3584054679482,29.1041544286239,32.7626985135485,11.4946288097936,8.19088869788587,11.8901067671201,37.6500346663811,39.0587870391084,37.845319209668,3.47363582797911,3.86566855190695,8.32206149414886,13.4473792817284,38.7431368709765,13.4473792802883,5.52397888157837,2.45553861997124,11.9908753452182,48.5146030386214,48.5146030386214,14.3005229726312,2.95151180904314,4.55459405590624,14.3005229721878,36.5272092066743,6.50336554032231,68.6443009731996,5.3709829403519,5.36153318304205,3.48466411553447,6.50336554032231,5.36153318304205,6.50336554032231,0.700523757663337,5.36153318304205,6.50336554032231,6.50336554032231,6.50336554032231,0.700661293672354,5.36153318304205,6.50336554032231,6.50336554032231,6.50336554032231,6.50336554032231,5.3709829403519
18.3015937098686,5.9554245425573,8.8081928668948,21.7991994990486,8.04288903434098,23.3469857756697,27.0159500670322,30.2578788991964,10.9641163953119,7.75604425982913,11.3582823250453,34.9425275224451,36.3488616067821,35.154182465632,3.53751378964017,3.57645719195389,7.92180285083065,12.8248761162895,36.1423659365888,12.8248761162558,5.32544808893416,2.56085284778949,11.3977953068163,45.1681502003144,45.1681502003144,13.6675092132698,2.98278189052709,4.55722224695161,13.6675092134625,36.9415303078706,6.51635315995398,63.9172087691704,4.74576382337731,5.32035613400698,3.63483491494936,6.51635315995398,5.32035613400698,6.51635315995398,0.659911770660013,5.32035613400698,6.51635315995398,6.51635315995398,6.51635315995398,0.738458021807962,5.32035613400698,6.51635315995398,6.51635315995398,6.51635315995398,6.51635315995398,4.74576382337731
19.0506081335647,6.30446904315701,9.06779924915427,22.8127194121667,8.29467937475686,24.707921307691,28.294372720478,31.7660235113087,11.275406417656,8.4545306139186,11.6001215387968,36.6240588359459,37.8657087720042,36.8575900647449,3.82996486253405,4.10539976072678,7.92268741312363,13.18375447896,37.5161845407388,13.1837544791735,5.58146928518686,2.3858676513857,12.3775421187894,46.9892122928488,46.9892122928488,14.4118655763024,3.53758240508345,5.13288060605633,14.4118655758976,40.016980020289,7.32869494766879,66.50726943172,5.27943818962324,4.66432380323566,3.38960453379507,7.32869494766879,4.66432380323566,7.32869494766879,0.657711760327923,4.66432380323566,7.32869494766879,7.32869494766879,7.32869494766879,0.806625775693336,4.66432380323566,7.32869494766879,7.32869494766879,7.32869494766879,7.32869494766879,5.27943818962324
19.1363557339855,5.7566036163701,8.38600459446416,23.1093308615637,7.6372790955684,25.0327162977774,28.6147225752401,32.2260186035546,10.488885429056,8.09804952460397,10.8470131699434,37.2639941104946,38.4664917650004,37.4759181611364,3.31095116371703,3.32733243748047,7.31245805922415,12.2965893378654,38.3399869896357,12.2965893375904,4.92577174365416,2.4228561315518,11.8668865587339,47.7752319278159,47.7752319278159,13.3134652517858,2.7626057022586,4.27555852982839,13.313465251784,35.8454653795596,6.11855162586232,67.6201741027582,4.53817480505778,4.67441557879465,3.43982031358225,6.11855162586232,4.67441557879465,6.11855162586232,0.676212367055832,4.67441557879465,6.11855162586232,6.11855162586232,6.11855162586232,0.710585599411203,4.67441557879465,6.11855162586232,6.11855162586232,6.11855162586232,6.11855162586232,4.53817480505778
17.2784344766248,5.72456372499385,8.53758130914871,20.5612069670933,7.76084594669186,22.0841319852299,25.5596357422077,28.5872173521343,10.5737370436657,8.05940200378028,10.9472000558503,33.088465313673,34.3768027049425,33.3062137695796,3.58916973671055,3.64127055507388,7.4546654320183,12.3620681170532,34.1037395773159,12.3620681165617,5.32798815537053,2.43833915133891,11.7993056216572,42.707449401326,42.707449401326,13.4253578552166,3.20656618238002,4.69447599374843,13.4253578545464,35.7327161912005,6.71119336123287,60.4654469015851,4.68758355861241,5.17131097478075,3.46280453672815,6.71119336123287,5.17131097478075,6.71119336123287,0.614810001677425,5.17131097478075,6.71119336123287,6.71119336123287,6.71119336123287,0.734300668655639,5.17131097478075,6.71119336123287,6.71119336123287,6.71119336123287,6.71119336123287,4.68758355861241
19.4226467128297,6.39841811704746,9.25085718098055,23.6458239330907,8.61366313491628,25.1089595611213,28.7619591376151,32.1713797268404,11.65723915638,7.85584183332665,11.9810055515338,37.1707078306133,38.5228830641242,37.3726809066472,3.49049255133141,3.59045801576091,7.92765140741819,13.6264593212277,38.2768295657306,13.6264593224008,5.15734066774178,2.5843832255629,11.5503885279942,47.8150022664036,47.8150022664036,14.8024219027226,2.96852813470669,4.47129771770623,14.8024219018401,36.3711626503956,6.38189983948442,67.672440813844,4.96200586650686,4.71393766469209,3.66553211736513,6.38189983948442,4.71393766469209,6.38189983948442,0.66947040037633,4.71393766469209,6.38189983948442,6.38189983948442,6.38189983948442,0.829980958084162,4.71393766469209,6.38189983948442,6.38189983948442,6.38189983948442,6.38189983948442,4.96200586650686
19.6561134175167,6.27072288133244,9.21057614810049,23.8980125601655,8.60103256916054,25.4859241950278,29.0103445516206,32.6024295270823,11.5436548980473,7.75047336501673,11.878747605372,37.5631651273545,38.982226193079,37.7538024051096,3.65075167825238,3.84604998500549,8.27338486551793,13.5057637014049,38.7105554163508,13.5057637014597,5.37015865526566,2.54907884992217,11.4288102265431,48.4318361482855,48.4318361482855,14.4709051770596,3.27569301024776,4.7862824732971,14.4709051775437,38.1876052138622,6.82883364897267,68.5496201614906,5.17437404071429,4.67776221107721,3.61673304537157,6.82883364897267,4.67776221107721,6.82883364897267,0.697936742354383,4.67776221107721,6.82883364897267,6.82883364897267,6.82883364897267,0.695275845675394,4.67776221107721,6.82883364897267,6.82883364897267,6.82883364897267,6.82883364897267,5.17437404071429
18.8043031804251,6.19453590336195,8.98552687423119,22.760190513042,8.31934542296094,24.2828684036905,27.8382076556658,31.240707161528,11.1705637774987,7.94896345649945,11.5133354601507,35.9891366426829,37.2591402128433,36.1855846108589,3.7299598648443,3.86468104875575,7.78906156247938,13.0662219745598,37.0553279967999,13.0662219756998,5.39532458407664,2.34296040972866,11.6478484528455,46.2657909547008,46.2657909547008,14.2437053725215,3.46503152668971,5.01387680694816,14.2437053730068,34.4236543346757,7.14271314658576,65.4896599288225,4.70306499668489,4.84945476921807,3.32497960100233,7.14271314658576,4.84945476921807,7.14271314658576,0.656701719753475,4.84945476921807,7.14271314658576,7.14271314658576,7.14271314658576,0.669090538156811,4.84945476921807,7.14271314658576,7.14271314658576,7.14271314658576,7.14271314658576,4.70306499668489
19.6836990627123,5.58809630941244,8.69428523467308,23.7588934934964,8.03941967230237,25.7462847379802,29.2379864458399,33.1276803273399,10.9120250133042,7.31708687160185,11.2438818027563,37.947085684012,39.3709318061604,38.1281582543998,3.32140216113385,3.58089423660553,8.04899502645553,12.7753406110794,39.1626436396839,12.7753406110024,5.03103048215137,2.29510511268962,10.7841213386395,48.889495303816,48.889495303816,13.4525954838163,2.84344554752832,4.40089959298247,13.4525954838478,35.9152170764276,6.29284022975575,69.209809929809,4.88059949364402,4.48129550153871,3.25950103797256,6.29284022975575,4.48129550153871,6.29284022975575,0.687203290680837,4.48129550153871,6.29284022975575,6.29284022975575,6.29284022975575,0.748365012814163,4.48129550153871,6.29284022975575,6.29284022975575,6.29284022975575,6.29284022975575,4.88059949364402
20.6355868502233,6.10183335126078,9.1504123565612,25.226357400267,8.49352650848683,26.8667927961515,30.5562069014879,34.4362661367609,11.4677973280419,7.44550982380482,11.7942235943989,39.7470477591236,41.1475634207215,39.9221874432557,3.64954808694623,3.57933969974082,7.99673648677945,13.3919917578645,40.9223136422151,13.3919917573974,5.22973833832417,2.64914947307103,11.001071105662,50.9343129175439,50.9343129175439,14.4432171528742,3.07936826713032,4.67083219333382,14.4432171542143,42.2618429672128,6.6648957920941,72.0769710677454,4.72298910252188,4.86162644551984,3.75745195919981,6.6648957920941,4.86162644551984,6.6648957920941,0.633967431476367,4.86162644551984,6.6648957920941,6.6648957920941,6.6648957920941,0.831893497790515,4.86162644551984,6.6648957920941,6.6648957920941,6.6648957920941,6.6648957920941,4.72298910252188
18.9737753245326,6.56520961794174,9.38202469721952,22.8163371031999,8.68403910895884,24.0206261132133,27.9040681194069,31.1153771377925,11.6751716306952,7.4955629778592,12.0390643987072,36.0229052212819,37.3487243164582,36.2404724682546,3.87252882146332,3.98909944442391,8.0399372997862,13.6369473561364,37.0154763184573,13.6369473560404,5.690625873791,2.62304628143352,11.0836109425851,46.3415776971468,46.3415776971468,14.9184112488989,3.38669296303032,5.06365336478444,14.918411248964,42.0978228326858,7.22359582042745,65.5844333080912,5.15190307276817,5.31107398532371,3.72218524410309,7.22359582042745,5.31107398532371,7.22359582042745,0.646194609559702,5.31107398532371,7.22359582042745,7.22359582042745,7.22359582042745,0.810553239182576,5.31107398532371,7.22359582042745,7.22359582042745,7.22359582042745,7.22359582042745,5.15190307276817
18.6540127090389,6.2066693870601,9.16563053258051,22.2667632856614,8.46775633602166,23.6704716708677,27.3942828576116,30.6248382686615,11.4377518841025,7.3980747498494,11.7676342697166,35.22908957617,36.6993112222437,35.4748785525697,3.74934180667343,3.88409656261411,8.17184842401567,13.3574805697406,36.453758836485,13.3574805694197,5.38738912223678,2.50825278124966,10.8710548858852,45.5349637429246,45.5349637429246,14.3329644583606,3.2859721881657,4.91503977757996,14.3329644587022,39.0563525907228,7.03120196567745,64.4338829422727,4.78019309003604,4.88567440191665,3.5636003447331,7.03120196567745,4.88567440191665,7.03120196567745,0.634183601588679,4.88567440191665,7.03120196567745,7.03120196567745,7.03120196567745,0.717622160350967,4.88567440191665,7.03120196567745,7.03120196567745,7.03120196567745,7.03120196567745,4.78019309003604
18.2538651805375,6.34085794740831,9.18032844310444,21.8646091160365,8.52035725077083,23.2538688688704,26.8324426363989,29.9180318262725,11.5526326693499,7.71138702521499,11.862152886964,34.4802395552953,35.9454824783079,34.6968860988987,3.5171087891831,3.73275034927158,7.9932222497155,13.4924629144218,35.6038542370374,13.4924629145188,5.2016984983402,2.52531766558103,11.3181357863542,44.6522147495471,44.6522147495471,14.6001468175673,3.04838306540169,4.5389529647877,14.6001468175683,37.5871779316306,6.47733116677213,63.205473582013,5.06880262872401,4.63624548437554,3.58235777901949,6.47733116677213,4.63624548437554,6.47733116677213,0.64113964683044,4.63624548437554,6.47733116677213,6.47733116677213,6.47733116677213,0.69608345218525,4.63624548437554,6.47733116677213,6.47733116677213,6.47733116677213,6.47733116677213,5.06880262872401
18.7288710198118,6.00282735673767,8.95493282315159,22.3644202192057,8.18448671419067,24.0839508674635,27.7114524864892,31.0214480395166,11.2530365882261,7.74839583787629,11.5765308162416,35.8590492491395,37.2418928394052,36.0477021692977,3.46263351721772,3.53628566504694,7.7475191984179,13.14325097365,36.9413924035719,13.1432509755993,5.12606606781107,2.57923426969786,11.3853627288436,46.1893750821483,46.1893750821483,14.2438665211258,2.87372952622986,4.39145911240153,14.243866522039,39.6247802255249,6.27362250697059,65.372033987881,4.89984763065862,4.79665617465081,3.65888939690953,6.27362250697059,4.79665617465081,6.27362250697059,0.625715452239195,4.79665617465081,6.27362250697059,6.27362250697059,6.27362250697059,0.798893335172642,4.79665617465081,6.27362250697059,6.27362250697059,6.27362250697059,6.27362250697059,4.89984763065862
17.8159270084167,5.77073061338801,8.70928125972348,21.5621129363221,8.09264319737566,22.829150629992,26.314492036079,29.5089157756886,10.88071975411,8.22127724605842,11.2585768530482,33.9493828976848,35.41072500291,34.1818606768788,3.37324438770634,3.57354607369818,7.92902889985139,12.7244461331908,35.0796906444036,12.7244461346902,5.27454592264897,2.45320776029387,12.0531769734421,44.0304846591916,44.0304846591916,13.5060393606434,2.8726413849219,4.3573840864603,13.5060393604668,41.2897449738938,6.2280946670528,62.3148630732336,5.09365765897357,5.14264291617809,3.48158654536174,6.2280946670528,5.14264291617809,6.2280946670528,0.654640459359235,5.14264291617809,6.2280946670528,6.2280946670528,6.2280946670528,0.695485166927511,5.14264291617809,6.2280946670528,6.2280946670528,6.2280946670528,6.2280946670528,5.09365765897357
18.3425860274047,6.00638506346095,8.76211987696511,22.2949614876443,8.13425809059746,23.5968702559962,27.193135225454,30.4117658859043,10.98035431008,7.62671336948217,11.344805610091,35.2959677155381,36.4955335137668,35.4739099296419,3.3873243596691,3.6525414509057,7.56262684605193,12.8580298647585,36.2222622353936,12.8580298648026,5.18202330886979,2.51754284077841,11.1879897882022,45.3965523166829,45.3965523166829,13.9808393998093,2.85833232450964,4.34728583410247,13.980839399586,37.7869227910397,6.20766417486715,64.2538419141503,5.03909603821094,4.91330988296807,3.57121057674969,6.20766417486715,4.91330988296807,6.20766417486715,0.680664694846833,4.91330988296807,6.20766417486715,6.20766417486715,6.20766417486715,0.813627784727249,4.91330988296807,6.20766417486715,6.20766417486715,6.20766417486715,6.20766417486715,5.03909603821094
18.634613446625,6.01449128603666,8.90544388846154,22.5394821009008,8.28756875571437,23.9509633142198,27.422110815073,30.7388474744568,11.103737172836,7.35295649455704,11.4303293184459,35.5534028781445,36.864183890728,35.7626674338536,3.70858516245877,3.99048076550003,7.85788324149118,12.9848740467945,36.5248177106346,12.9848740447593,5.39872947497029,2.52412371119824,10.8239169360448,45.7849025570375,45.7849025570375,14.0929453148065,3.36294805759389,4.87398408322876,14.0929453139703,34.3152992616366,6.94671776570119,64.8066772719265,5.16137922749743,4.64290895825958,3.58047868979247,6.94671776570119,4.64290895825958,6.94671776570119,0.654840286145137,4.64290895825958,6.94671776570119,6.94671776570119,6.94671776570119,0.69207098506289,4.64290895825958,6.94671776570119,6.94671776570119,6.94671776570119,6.94671776570119,5.16137922749743
18.0724937432442,6.17050834790868,9.05125058766716,21.6742977490814,8.39174076434228,22.8939444157257,26.5808837592066,29.6008062879665,11.2677319843952,7.7993585323031,11.5864611907732,34.2846969722427,35.5836034848919,34.5155253744285,3.85012310194147,4.0187391132713,7.93231395271899,13.1677522227474,35.2549608286037,13.1677522231974,5.4913115839938,2.55691299493569,11.4646005240526,44.1930815222709,44.1930815222709,14.3400841848036,3.43619020479427,5.05985276307636,14.340084184912,38.3837743887619,7.23395334008662,62.5323538264036,5.09763469674189,4.66961033559187,3.63202707619404,7.23395334008662,4.66961033559187,7.23395334008662,0.641540759120571,4.66961033559187,7.23395334008662,7.23395334008662,7.23395334008662,0.775581216003385,4.66961033559187,7.23395334008662,7.23395334008662,7.23395334008662,7.23395334008662,5.09763469674189
20.2628282266525,5.96415077393883,8.71772678190977,24.8366831535357,8.02039477610168,26.6693363976547,30.219141826338,34.1687240713263,10.7780657754749,7.86110855051082,11.1958877603256,39.3441374723462,40.5694550593673,39.5568516595056,3.60747867763914,3.84739972304269,7.80261584896761,12.6351652125189,40.4013379044602,12.6351652123816,5.50434748554944,2.35189436356691,11.5289641804331,50.355556989171,50.355556989171,13.5976589441243,3.31954841578997,4.85479612213367,13.597658943676,35.268874557566,6.91314007481173,71.262607126847,4.88167798889057,5.3237374743737,3.3362544141627,6.91314007481173,5.3237374743737,6.91314007481173,0.702154489895525,5.3237374743737,6.91314007481173,6.91314007481173,6.91314007481173,0.713173305447492,5.3237374743737,6.91314007481173,6.91314007481173,6.91314007481173,6.91314007481173,4.88167798889057
18.9115482876731,5.61731745380428,8.59119439133551,22.9059055457772,7.91357278154092,24.4736355097928,28.0147202688036,31.5716313693875,10.6685160880642,7.59263813270725,11.0819216977196,36.523553738056,37.9354815739798,36.7100445634336,3.54691844098526,3.6414564732982,8.05655392570809,12.4970957868392,37.7169848328675,12.4970957868147,5.34643946279042,2.66330764421975,11.1793014727328,47.1602790794899,47.1602790794899,13.0823663776967,2.96647471032377,4.51382014104885,13.0823663778747,37.7441898180353,6.44562880609612,66.7649094871739,4.93776160348596,5.27941295464947,3.7776660369263,6.44562880609612,5.27941295464947,6.44562880609612,0.692098764044886,5.27941295464947,6.44562880609612,6.44562880609612,6.44562880609612,0.804545759799308,5.27941295464947,6.44562880609612,6.44562880609612,6.44562880609612,6.44562880609612,4.93776160348596
17.3292559655716,5.87842113772003,8.61859762681523,20.825474975634,7.95261338435003,22.2933358968002,25.669426886233,28.7814226192307,10.7046062316424,7.83691378590095,11.0533541518768,33.0511953595056,34.3939611194488,33.2819861654882,3.54862639054577,3.76727173555211,7.75069850257766,12.5211169363917,34.1012113488055,12.5211169366228,5.31886462858726,2.24143532793165,11.5027533212584,42.7702923312938,42.7702923312938,13.4570898066113,3.29264310928185,4.76888571195344,13.4570898067663,33.6979498786844,6.80448061889206,60.549142498389,4.89529191548379,4.82827572581878,3.18310133892985,6.80448061889206,4.82827572581878,6.80448061889206,0.64069650925877,4.82827572581878,6.80448061889206,6.80448061889206,6.80448061889206,0.785642229450741,4.82827572581878,6.80448061889206,6.80448061889206,6.80448061889206,6.80448061889206,4.89529191548379
19.6374056226996,5.9382358711306,8.69802148886854,23.9386300048562,7.98891803926907,25.5736155338088,29.2834881984882,32.9798243042173,10.8217284295431,8.19803963814545,11.2262897471506,38.2481748436039,39.4988146951084,38.4320203778183,3.5463102050429,3.61962321621834,7.66383650229982,12.6826003237107,39.3453389632928,12.6826003250937,5.28700937357016,2.61851095008742,11.9794848230188,49.0614011948385,49.0614011948385,13.6707584833224,2.96538478779662,4.53614952572422,13.6707584824783,36.0994902066476,6.49440248718271,69.4440440867019,4.72899886081676,5.23172355005976,3.71765092059563,6.49440248718271,5.23172355005976,6.49440248718271,0.695733104832028,5.23172355005976,6.49440248718271,6.49440248718271,6.49440248718271,0.757886233443182,5.23172355005976,6.49440248718271,6.49440248718271,6.49440248718271,6.49440248718271,4.72899886081676
19.6310977805429,5.80036700843544,8.74669946545724,23.9018182456486,8.07049273827503,25.5950226116367,29.1184048094218,32.8132768871696,10.8706484614296,7.46168786137411,11.2002532080681,37.8338524366668,39.1664899631052,38.0510687727256,3.72389195781894,3.67043247698986,7.84379931082071,12.7076713772214,38.9578220718468,12.7076713774547,5.27939383658792,2.50218165004727,11.0332413748738,48.5197658603395,48.5197658603395,13.6526024473111,3.32129295452226,4.89029697892969,13.6526024471303,38.1595501195012,6.97633065059791,68.6605754776058,4.64919029554271,4.71032552335658,3.5508959214631,6.97633065059791,4.71032552335658,6.97633065059791,0.630603441370614,4.71032552335658,6.97633065059791,6.97633065059791,6.97633065059791,0.818883129678786,4.71032552335658,6.97633065059791,6.97633065059791,6.97633065059791,6.97633065059791,4.64919029554271
20.0012112297758,6.02908805280837,8.84944033109652,24.165380043077,8.05869662016767,26.1428037661242,29.7827322709931,33.55075065751,11.0134438370015,7.61011553010402,11.3956214822629,38.7544770666351,39.9337707422267,38.9264072953928,3.54892497360403,3.67835607836342,7.62377513502049,12.8966004785642,39.7898324515535,12.8966004781415,5.30362604987966,2.4097555661094,11.1656548994439,49.543015274171,49.543015274171,14.0325662179917,3.15782120489999,4.71309845110145,14.0325662176075,35.8036329846212,6.71331115006125,70.1086375941496,4.62354339523377,5.15102962537749,3.41760093275646,6.71331115006125,5.15102962537749,6.71331115006125,0.676727345851288,5.15102962537749,6.71331115006125,6.71331115006125,6.71331115006125,0.779991682278995,5.15102962537749,6.71331115006125,6.71331115006125,6.71331115006125,6.71331115006125,4.62354339523377
20.0180727541552,5.89457198706362,8.67611479286684,24.4440569382118,8.00209735502576,26.0643096180342,29.7343153150687,33.578124215581,10.7018811689393,7.48523913297048,11.1210807288069,38.7819087709079,40.049440600199,38.9991726724411,3.72942508452138,3.78727843476774,7.95183740229061,12.5458960904764,39.8941995429969,12.5458960899511,5.52836257479942,2.51694041457836,11.0717110156488,49.7195343532836,49.7195343532836,13.3563616859628,3.30076664910912,4.93000837350843,13.3563616855458,40.0943398451588,7.0374089861961,70.3689216041048,4.81720574563442,5.30714553631176,3.57293781034608,7.0374089861961,5.30714553631176,7.0374089861961,0.701608607070063,5.30714553631176,7.0374089861961,7.0374089861961,7.0374089861961,0.775461493298813,5.30714553631176,7.0374089861961,7.0374089861961,7.0374089861961,7.0374089861961,4.81720574563442
18.8433571577134,5.55203652194378,8.47022730433381,22.7504595452579,7.68437564124769,24.6391702179011,28.1347598727273,31.7979397640726,10.4390015375328,8.45423270646915,10.8237945196075,36.5713211655582,37.9003041984764,36.7731638808,3.64932669413643,3.66510725886092,7.71109447186902,12.2048505935815,37.6841410367928,12.2048505942864,5.38193878021856,2.35582920631808,12.3462668677014,46.9619042217565,46.9619042217565,13.0177668250873,3.26911832939234,4.84625973611843,13.0177668250754,38.0316995918431,6.9117806185269,66.4586186149361,4.55192870214006,5.23053319252266,3.344051557544,6.9117806185269,5.23053319252266,6.9117806185269,0.614575077231809,5.23053319252266,6.9117806185269,6.9117806185269,6.9117806185269,0.755351367371516,5.23053319252266,6.9117806185269,6.9117806185269,6.9117806185269,6.9117806185269,4.55192870214006
19.7627836915772,6.09880944705007,8.9108848010167,23.9701878256012,8.10840199299375,25.878278293292,29.4819543240168,33.1834140292613,11.1458148975377,8.46630453126408,11.5301361153054,38.3282621054231,39.7102889427282,38.5047081684759,3.44387030969421,3.42133801656055,7.82620223280878,13.0276497630791,39.5046910539307,13.0276497628297,5.21240611972886,2.60976446866078,12.3603010215178,49.2103877274477,49.2103877274477,13.9705410798193,2.87527766668124,4.34538511007893,13.9705410800411,39.7411571186631,6.21177430592946,69.6376955879765,4.66027178511444,5.36054881036966,3.70242134038826,6.21177430592946,5.36054881036966,6.21177430592946,0.642314495204567,5.36054881036966,6.21177430592946,6.21177430592946,6.21177430592946,0.819841586902119,5.36054881036966,6.21177430592946,6.21177430592946,6.21177430592946,6.21177430592946,4.66027178511444
19.3257679500111,6.00879475860693,8.82474799009238,23.4286313801366,8.14357604231213,25.1448149589861,28.7577035698724,32.3259989427541,11.0011628557123,8.42427818821577,11.3499824474411,37.4050674501469,38.6987776102817,37.6201854991713,3.68678416677092,3.85061713991267,7.9796387723573,12.8918938112482,38.502643043505,12.8918938108225,5.31268158251246,2.57796007468214,12.3147416116588,48.1054724957285,48.1054724957285,13.8204421999563,3.22537268393038,4.82250884712137,13.8204422001643,36.9349920784071,6.89002647154434,68.0918757334498,4.97070307971593,4.60770580251168,3.65951973141286,6.89002647154434,4.60770580251168,6.89002647154434,0.707371248520844,4.60770580251168,6.89002647154434,6.89002647154434,6.89002647154434,0.799237410492878,4.60770580251168,6.89002647154434,6.89002647154434,6.89002647154434,6.89002647154434,4.97070307971593
19.1471950547832,6.04772277640277,9.01624194688578,23.1116562803148,8.30738965846966,24.6299225939273,28.3582419979801,31.727768663978,11.2880909898937,7.90143020559922,11.6908876972486,36.7021131493476,37.9214507865212,36.8760716479701,3.40600612861148,3.60063089942785,7.83252616581311,13.2253479722047,37.7187508249435,13.2253479724203,5.33467316606986,2.49530941097107,11.6222505199739,47.170618168649,47.170618168649,14.3125218595556,2.89491151242769,4.39845992024527,14.3125218586267,39.6502449265887,6.30214512286808,66.7550798521328,5.04226455431905,5.28914508476867,3.54423302315391,6.30214512286808,5.28914508476867,6.30214512286808,0.714564505715937,5.28914508476867,6.30214512286808,6.30214512286808,6.30214512286808,0.708225235336349,5.28914508476867,6.30214512286808,6.30214512286808,6.30214512286808,6.30214512286808,5.04226455431905
19.1639965534801,5.72958373787045,8.65257321078179,22.9918481665851,7.84413667490182,24.9362304285377,28.4798793877965,32.1770597086713,10.6586833127525,8.16899376945191,11.06560820543,37.1484814515907,38.5063356357006,37.3648649744833,3.76946953006105,3.97274272882651,8.02917226822424,12.4669033544137,38.1659431363582,12.4669033544067,5.65672593715533,2.55123351620268,11.9694272704175,47.7534350954311,47.7534350954311,13.226169636974,3.33198733141956,4.9330323139438,13.226169636928,36.9562540999521,7.04691464912012,67.587166330988,5.17452064079144,5.37901828182782,3.62225327399896,7.04691464912012,5.37901828182782,7.04691464912012,0.6481400099238,5.37901828182782,7.04691464912012,7.04691464912012,7.04691464912012,0.790374141832391,5.37901828182782,7.04691464912012,7.04691464912012,7.04691464912012,7.04691464912012,5.17452064079144
19.5938968396828,6.41793478612202,9.24876031438993,23.6295691620867,8.50210073637895,25.3865545978786,29.1087014051901,32.700616513969,11.5977379842199,8.6401391325567,11.9475764194273,37.6894043145989,39.0277688954586,37.8782425785841,3.5355286459513,3.78675114011864,8.01763992070356,13.551090408424,38.6457385799729,13.5510904083584,5.46308890171437,2.48724631345183,12.6637852440063,48.4053054330096,48.4053054330096,14.7198040570605,3.02422497864102,4.61131065310776,14.7198040570426,41.8761722450146,6.57414493692293,68.5024740335531,5.38931487948045,5.06078891517414,3.52777157871046,6.57414493692293,5.06078891517414,6.57414493692293,0.659457155974438,5.06078891517414,6.57414493692293,6.57414493692293,6.57414493692293,0.787833425078763,5.06078891517414,6.57414493692293,6.57414493692293,6.57414493692293,6.57414493692293,5.38931487948045
18.2060238067945,6.01239150999902,8.7994311704856,21.5448350522477,7.99416826734198,23.2085105610211,26.8015264082156,29.9203228422062,10.8731200343082,7.48059617995878,11.2335811632246,34.7350660008531,36.0145794006498,34.9646457433626,3.9146365944596,3.90565009827226,7.92763390337674,12.7221998559317,35.8238868586438,12.7221998562767,5.48295143689646,2.65075018569434,11.026932397561,44.7419165850761,44.7419165850761,13.6745081583975,3.52835716182419,5.12159301098284,13.6745081584134,36.5809825963874,7.29989033382348,63.3209299420622,4.69724056448118,4.93656488445037,3.76026521431648,7.29989033382348,4.93656488445037,7.29989033382348,0.656650513994772,4.93656488445037,7.29989033382348,7.29989033382348,7.29989033382348,0.798722602032123,4.93656488445037,7.29989033382348,7.29989033382348,7.29989033382348,7.29989033382348,4.69724056448118
20.1493321441498,5.98087610121156,8.91307800855776,24.4507295364179,8.18318206836461,26.4377238115736,29.919999274002,33.8632572189476,11.0700043682563,7.51968277963464,11.4232855331785,38.9150144764078,40.302014599386,39.1062936323744,3.70681427691924,3.84877962653439,7.93154779399815,12.9386312063475,40.0763424055473,12.9386312064317,5.40514499472808,2.40520889669535,11.0416191341712,49.9272332001686,49.9272332001686,13.9246928882479,3.39444365985113,4.92432279304503,13.9246928882824,36.0856418758138,7.02108444307589,70.6759428352524,4.71743638407955,5.01654941825442,3.41366888659462,7.02108444307589,5.01654941825442,7.02108444307589,0.638779113601897,5.01654941825442,7.02108444307589,7.02108444307589,7.02108444307589,0.775846149893778,5.01654941825442,7.02108444307589,7.02108444307589,7.02108444307589,7.02108444307589,4.71743638407955
18.2998010059415,6.32935207554366,9.01829400552636,21.8566525717777,8.2492898288819,23.4655626369941,27.1593039784954,30.2795382623568,11.269313749554,8.1488881607698,11.6438053063318,34.9886453733962,36.1584182314254,35.2319522908868,3.49839134601656,3.75926374981312,7.66540559586723,13.1986434382052,35.8975999766933,13.1986434382858,5.41187760708999,2.36222346461433,11.9727404428788,45.0043281377967,45.0043281377967,14.4785038363007,3.12042511761592,4.65244907463378,14.4785038362854,39.7030353703699,6.65131913714165,63.6945559000852,5.16231781289909,5.05226368297533,3.3554304900102,6.65131913714165,5.05226368297533,6.65131913714165,0.696943480618976,5.05226368297533,6.65131913714165,6.65131913714165,6.65131913714165,0.822497376461879,5.05226368297533,6.65131913714165,6.65131913714165,6.65131913714165,6.65131913714165,5.16231781289909
17.4243705357531,5.96215466055343,8.74009627725009,20.7300390358829,7.9981800043963,22.3125491936223,25.8254059457966,28.7790113067632,10.9375912778834,8.30552180960905,11.2720246244773,33.1921295260831,34.4227848009976,33.4143760595281,3.4195503082069,3.57106595801609,7.55191406999127,12.7980769142177,34.1625681356543,12.7980769141973,5.16027527457534,2.30304898188985,12.1805222837011,42.8263344470838,42.8263344470838,13.9473026782439,3.05795858026952,4.53153566923534,13.9473026788076,41.5566822611635,6.47539916636139,60.6030516071075,4.91668943535972,4.65826385786331,3.27067217233828,6.47539916636139,4.65826385786331,6.47539916636139,0.656299081851977,4.65826385786331,6.47539916636139,6.47539916636139,6.47539916636139,0.778947054399584,4.65826385786331,6.47539916636139,6.47539916636139,6.47539916636139,6.47539916636139,4.91668943535972
17.6687081927207,5.89677141986298,8.76608227787205,21.310873478661,8.15804692216429,22.5780988568425,26.0308387577005,29.0598081140141,11.0113291733641,7.42152991534339,11.331903481164,33.5140240175621,34.9775778943346,33.7132848820272,3.40740318190963,3.44038906557981,7.919194952964,12.8676418535605,34.7639906358949,12.8676418537606,4.96161782788397,2.52261656786481,10.9070269745673,43.4687324945108,43.4687324945108,13.6500612162056,2.8992626918701,4.34183784480388,13.6500612161477,34.4645606776586,6.21273998898338,61.5465934072282,4.59427684799754,4.63917167315143,3.5806166652968,6.21273998898338,4.63917167315143,6.21273998898338,0.63313346993714,4.63917167315143,6.21273998898338,6.21273998898338,6.21273998898338,0.803080530275791,4.63917167315143,6.21273998898338,6.21273998898338,6.21273998898338,6.21273998898338,4.59427684799754
20.3026786264558,5.89392449735123,8.67417012281548,24.62174018307,7.94108477311184,26.4904867877774,30.1356064463817,33.9917993104428,10.7835973751852,7.31754945556497,11.1682917819668,39.3474809201507,40.5317375571013,39.5538321984838,3.58052999320462,3.73166155892889,7.6861624127325,12.6347648610822,40.3011321619094,12.6347648610936,5.37541662078688,2.53759138193484,10.8288935013743,50.2769752372832,50.2769752372832,13.6600478655501,3.08894084710878,4.65884433649613,13.6600478654883,37.5738494064198,6.66613051078638,71.1413793015083,5.03580996502549,5.040701524235,3.6034128818838,6.66613051078638,5.040701524235,6.66613051078638,0.688414207510582,5.040701524235,6.66613051078638,6.66613051078638,6.66613051078638,0.767366747851345,5.040701524235,6.66613051078638,6.66613051078638,6.66613051078638,6.66613051078638,5.03580996502549
19.8618275913571,6.42616311154608,9.2753557637504,24.2986083022314,8.69460335909052,25.8636563330186,29.376103224363,33.1228591146577,11.6121316220997,7.95428029810771,11.8982709420207,37.9982398024927,39.4913341230035,38.191477515347,3.76987166095764,3.87282999657849,8.17556900443423,13.5498012660193,39.1967270480912,13.5498012659845,5.32852315172308,2.44623021709067,11.6674345150447,48.9022241737225,48.9022241737225,14.6338487362716,3.42057395564376,4.99147633037529,14.6338487360815,36.8764550117814,7.11614759494755,69.2152883069186,4.8683106482612,4.47356231117524,3.47159974789319,7.11614759494755,4.47356231117524,7.11614759494755,0.617641132808124,4.47356231117524,7.11614759494755,7.11614759494755,7.11614759494755,0.698129858283138,4.47356231117524,7.11614759494755,7.11614759494755,7.11614759494755,7.11614759494755,4.8683106482612
18.5276591535068,5.37561854781926,8.32869623957679,22.5029685581782,7.65921862911595,24.2562605294353,27.6017376756085,31.2952071998722,10.2370308985967,8.04152062516962,10.5902738317793,35.8942581611047,37.2445184838949,36.1063557403766,3.73005860512839,3.87062685972784,7.80887334442397,11.9702133205209,36.9603397385596,11.9702133208475,5.41571177256649,2.25021913220683,11.7810406459188,46.1687350334782,46.1687350334782,12.6780626162422,3.43188707446703,5.02764226107017,12.6780626166246,36.7700640756463,7.1610601061773,65.352091258612,4.77706249702917,4.81898762803532,3.19401402958077,7.1610601061773,4.81898762803532,7.1610601061773,0.613945412104971,4.81898762803532,7.1610601061773,7.1610601061773,7.1610601061773,0.734815995211687,4.81898762803532,7.1610601061773,7.1610601061773,7.1610601061773,7.1610601061773,4.77706249702917
18.6824003216884,6.27098280808172,9.10706336951294,22.4107279717521,8.36057158166989,23.8720518390203,27.6898343141556,30.8902598633477,11.4327940520352,8.18894322518108,11.7743080115708,35.7599601169739,37.0627373634285,35.9707206354576,3.50324696688052,3.629806480835,7.64613351163395,13.362686658878,36.8105806803969,13.362686659677,5.20678851110692,2.55350606344106,11.9558445939366,46.0112081733336,46.0112081733336,14.6411429518787,2.9159387956145,4.48902562778692,14.6411429524574,35.0661652235705,6.41784698328783,65.1190224770071,4.82461693655082,4.97435560067119,3.62409510670949,6.41784698328783,4.97435560067119,6.41784698328783,0.647414067858076,4.97435560067119,6.41784698328783,6.41784698328783,6.41784698328783,0.792479589203701,4.97435560067119,6.41784698328783,6.41784698328783,6.41784698328783,6.41784698328783,4.82461693655082
19.0110128736241,6.03684696525127,9.19086063902877,22.569339041342,8.43757525232479,24.5082439893125,28.0189118036875,31.5425138912097,11.4916492699744,7.49956644577128,11.7837201694798,36.0949948931523,37.6481670419857,36.3351757192112,3.75439873812392,3.95065656150763,8.28106311100425,13.4103626387103,37.3047830662803,13.4103626401488,5.38315648283751,2.39020405537694,11.0439274649021,46.6701107875955,46.6701107875955,14.3622056355495,3.3974533302215,4.98255371989837,14.3622056356739,37.4947120848519,7.12061525295023,66.0580206953074,5.02017158676401,4.50623614676683,3.39635888739304,7.12061525295023,4.50623614676683,7.12061525295023,0.619943307036149,4.50623614676683,7.12061525295023,7.12061525295023,7.12061525295023,0.754099150891347,4.50623614676683,7.12061525295023,7.12061525295023,7.12061525295023,7.12061525295023,5.02017158676401
17.392424779646,5.79072922679908,8.66386783243345,20.522599292176,7.84940839952174,22.1260623410439,25.7201797206344,28.7234957612427,10.8092297169912,7.76036499141236,11.1854406758693,33.1517360143576,34.4438722741805,33.3573309964291,3.35745159809814,3.48372442129522,7.54290287269559,12.6362836169886,34.1610147777266,12.6362836176086,5.2175167448862,2.36841501298581,11.4004343221612,42.8058218177023,42.8058218177023,13.6573466025496,2.86809439509478,4.37428293319021,13.6573466026685,38.1028061641623,6.24967576432062,60.5798339362955,4.79655400359487,5.22518872409146,3.36167060806515,6.24967576432062,5.22518872409146,6.24967576432062,0.627948761353711,5.22518872409146,6.24967576432062,6.24967576432062,6.24967576432062,0.777341058742892,5.22518872409146,6.24967576432062,6.24967576432062,6.24967576432062,6.24967576432062,4.79655400359487
18.8227434501913,5.7782659959345,8.72935423358476,22.6297569017334,8.01696475017152,24.3989880795686,27.82851581076,31.5226934443987,10.7940978626414,7.51147780549228,11.1727815986765,36.1059874484284,37.6337800758625,36.343604329956,3.68300072746425,3.91708928368289,8.24192145456849,12.6070404056411,37.2274352663612,12.6070404056294,5.60979383970442,2.40001249264814,11.0999331626582,46.6565966472787,46.6565966472787,13.2284969052401,3.28957950626991,4.8833079502923,13.2284969052348,37.1581280781262,6.96344449588501,66.0317760648648,5.26078322354297,5.25089800459074,3.40623361722108,6.96344449588501,5.25089800459074,6.96344449588501,0.622556372424988,5.25089800459074,6.96344449588501,6.96344449588501,6.96344449588501,0.761191224273082,5.25089800459074,6.96344449588501,6.96344449588501,6.96344449588501,6.96344449588501,5.26078322354297
17.9578414999957,5.67891108249647,8.46272784396339,21.5846209814293,7.81455038524967,23.1078970977127,26.6190184795839,29.89541649085,10.5610673487476,7.45369001751401,10.9068544643809,34.5210529683767,35.7394515573677,34.7166361610885,3.40177411846145,3.57333194535663,7.50760715364211,12.3756606143532,35.5223936997335,12.3756606142414,5.09027679142511,2.32353118744983,10.9949905178692,44.4784665911366,44.4784665911366,13.3623249523267,2.96077963135008,4.51145645235862,13.3623249524707,34.7284954582501,6.44562082695688,62.9585088668657,4.82122969740473,4.56612751912298,3.2991788507999,6.44562082695688,4.56612751912298,6.44562082695688,0.675833352146715,4.56612751912298,6.44562082695688,6.44562082695688,6.44562082695688,0.700008449906238,4.56612751912298,6.44562082695688,6.44562082695688,6.44562082695688,6.44562082695688,4.82122969740473
18.3773328445571,6.20811972824067,9.13191969282873,22.2156434893472,8.54955071833979,23.4746210477546,27.0768293832639,30.2936340865809,11.4428390796262,7.63817964307357,11.7498770648185,34.832847642483,36.3506531489577,35.0704594181947,3.66654075932039,3.83315973563041,8.18717995238378,13.3685650565707,36.0542430551446,13.3685650563016,5.27947603366095,2.50752118884032,11.2301695800837,45.156878661434,45.156878661434,14.3257767759881,3.21980960309571,4.80229476528823,14.3257767759881,40.817497062249,6.85387355004817,63.9280763035348,4.97456165766511,4.53463471760448,3.55868121509334,6.85387355004817,4.53463471760448,6.85387355004817,0.649462247174043,4.53463471760448,6.85387355004817,6.85387355004817,6.85387355004817,0.798490216798389,4.53463471760448,6.85387355004817,6.85387355004817,6.85387355004817,6.85387355004817,4.97456165766511
18.7584440224212,6.00987409965272,8.86513756152118,22.6929318666583,8.11998834956964,24.3499243805742,27.8553843293719,31.3250303001676,11.0123322980479,8.20340732407518,11.3867875617119,36.0971070638902,37.491223580354,36.3073580062321,3.63015444102467,3.72942628136456,7.84446340531369,12.8661541821385,37.2122512385015,12.8661541837032,5.42352044171035,2.47243256283095,11.9915430150107,46.4903303411518,46.4903303411518,13.8540011023147,3.25535348610569,4.74657881687475,13.8540011029461,39.111560140376,6.78413160353777,65.8002230502731,4.80139355264508,5.28493168483477,3.5106934622409,6.78413160353777,5.28493168483477,6.78413160353777,0.624367396451024,5.28493168483477,6.78413160353777,6.78413160353777,6.78413160353777,0.766751257954004,5.28493168483477,6.78413160353777,6.78413160353777,6.78413160353777,6.78413160353777,4.80139355264508
19.6479017663699,5.66835118623792,8.48267031543191,23.8446483585939,7.69333359496098,26.0727211183104,29.4270091988582,33.4292074902429,10.5220591070351,8.20872159627304,10.8966945253166,38.3815883237288,39.7301239052603,38.5912243850291,3.45775399162193,3.74249572162051,7.72434567772839,12.2958316642209,39.3308813388633,12.2958316624368,5.40341355766757,2.31958996243061,12.0222917137729,49.1880483069668,49.1880483069668,13.1334697020588,3.07471388566533,4.56327041849645,13.1334697020535,40.3361305335782,6.50616957142915,69.6120205659412,5.19969064160375,5.14289816978761,3.29127091665939,6.50616957142915,5.14289816978761,6.50616957142915,0.61311904169802,5.14289816978761,6.50616957142915,6.50616957142915,6.50616957142915,0.787631209389855,5.14289816978761,6.50616957142915,6.50616957142915,6.50616957142915,6.50616957142915,5.19969064160375
18.493578002235,5.72310834822886,8.48701715571711,22.0536594842682,7.74101949600953,23.8034380310733,27.3604599121943,30.6835408618109,10.5267306512567,7.4971346472603,10.8848128804049,35.746302476506,36.9151785950743,35.9576699862206,3.70859908322809,3.83750373100021,7.64788448161998,12.343491764293,36.6770595387388,12.3434917642279,5.32666974783459,2.64655641371728,11.0622489702897,45.9237333664907,45.9237333664907,13.3189843317533,3.21571651300728,4.82154372102154,13.3189843317976,34.7853096824053,6.87157452065006,65.0056037269744,5.03563802685685,4.6186093128742,3.75282066192281,6.87157452065006,4.6186093128742,6.87157452065006,0.69332780129718,4.6186093128742,6.87157452065006,6.87157452065006,6.87157452065006,0.76021971828102,4.6186093128742,6.87157452065006,6.87157452065006,6.87157452065006,6.87157452065006,5.03563802685685
18.7751110036206,6.2174043586985,9.12045280637603,22.7857272859511,8.50925725404699,24.2024013357275,27.7965318219803,31.119196136594,11.4032330591341,8.48789032792805,11.7559806622199,35.7702735817822,37.1427750383804,35.980319178859,3.59519712031329,3.73054457505365,8.15353641295759,13.3519205234242,37.0352224288997,13.3519205230206,5.26447620169833,2.38684382576704,12.3891882548775,46.2175396621957,46.2175396621957,14.2876410358052,3.26996839362988,4.80968748691532,14.2876410359615,36.2743955815215,6.85437254957351,65.4265495307838,4.66388159481671,4.79698804666278,3.38656673370435,6.85437254957351,4.79698804666278,6.85437254957351,0.70622701632491,4.79698804666278,6.85437254957351,6.85437254957351,6.85437254957351,0.685366028288944,4.79698804666278,6.85437254957351,6.85437254957351,6.85437254957351,6.85437254957351,4.66388159481671
17.2192344602932,5.8416911481583,8.51408845607105,20.5403580376146,7.76447385167823,21.995269801617,25.5471627924934,28.44854540514,10.6109781490428,8.16042051064661,11.0199930990164,32.9538448395181,34.1268950000389,33.1438090200658,3.29096232254642,3.40247943032964,7.38998217051221,12.4417338580201,34.016867238722,12.4417338580905,5.11466478317274,2.3714250095046,11.9234843397855,42.5501701827037,42.5501701827037,13.4634903801778,2.86020449409418,4.30478365343283,13.463490380128,40.4088652078146,6.14676516255655,60.249013460113,4.55879324245496,5.22382950247134,3.36484090761072,6.14676516255655,5.22382950247134,6.14676516255655,0.688457071327047,5.22382950247134,6.14676516255655,6.14676516255655,6.14676516255655,0.771147019115423,5.22382950247134,6.14676516255655,6.14676516255655,6.14676516255655,6.14676516255655,4.55879324245496
19.5500868785364,6.06201857090803,8.95082384791656,23.4653244507667,8.1515350649023,25.3400763035584,28.989488408367,32.6047871855207,11.1162300688251,7.91270355116224,11.5203016556321,37.6804668711818,39.0466423008888,37.9166185180613,3.68790666577098,3.87084490097492,8.08052068352947,13.0116984193825,38.7934031337985,13.0116984196283,5.5467369435799,2.63401391590961,11.6095524848007,48.4815731128622,48.4815731128622,13.9052127540227,3.20457951053909,4.78495058847859,13.9052127542779,37.0390415316277,6.82667781528864,68.6133561707913,5.08799826278288,5.36677842577222,3.73641078185371,6.82667781528864,5.36677842577222,6.82667781528864,0.688900721071674,5.36677842577222,6.82667781528864,6.82667781528864,6.82667781528864,0.81562975652599,5.36677842577222,6.82667781528864,6.82667781528864,6.82667781528864,6.82667781528864,5.08799826278288
17.661812111672,5.61769788649365,8.52677855196214,21.0992292639229,7.8560430127794,22.6702441615145,26.1432044680931,29.4131168063935,10.6264689613263,7.75896324268132,10.9728616217383,33.7289180608766,35.1259980484428,33.9694737927835,3.42054363647352,3.64364626035228,7.81602132707975,12.4346691311905,34.848744920915,12.4346691312811,5.18934015562654,2.25429283245518,11.4049547459593,43.6862477686219,43.6862477686219,13.2146148450129,3.00149979686401,4.56092365791042,13.2146148446498,33.3612349482277,6.52436646290093,61.8356821532301,4.91319589577517,4.71357155436032,3.20362393808346,6.52436646290093,4.71357155436032,6.52436646290093,0.652642645402009,4.71357155436032,6.52436646290093,6.52436646290093,6.52436646290093,0.689948318889328,4.71357155436032,6.52436646290093,6.52436646290093,6.52436646290093,6.52436646290093,4.91319589577517
20.326645535895,5.94285164229947,8.82977778262341,24.8920630216639,8.18647098766592,26.6909236746083,30.1724067215924,34.1980620391193,10.9283184548909,8.13360932261187,11.2576563282333,39.3529006827143,40.7947147498249,39.5941183643067,3.91983728849682,4.03756598691623,8.24439175992584,12.7666853725966,40.4189768060633,12.7666853728785,5.60263328370265,2.56641481534533,11.9755912714546,50.4959882743294,50.4959882743294,13.5516620397818,3.52721967846225,5.14626359051339,13.55166203956,38.814354871394,7.35985719470195,71.4649777552307,5.25509958013001,4.72266954014764,3.64664535586908,7.35985719470195,4.72266954014764,7.35985719470195,0.629989178344399,4.72266954014764,7.35985719470195,7.35985719470195,7.35985719470195,0.748945027441281,4.72266954014764,7.35985719470195,7.35985719470195,7.35985719470195,7.35985719470195,5.25509958013001
18.8094852468617,5.94232021674268,9.02820182610755,22.4622555427549,8.2696855764535,24.2527142559084,27.8437781310754,31.2497437000492,11.2215959157049,8.30149295787224,11.5955704270392,35.9027090118628,37.2978447816225,36.1560487844695,3.70281257852986,3.84505411645531,8.22708130313294,13.1351487885967,37.072443877593,13.1351487888312,5.5242828046647,2.41229240752795,12.203285929695,46.3689718536038,46.3689718536038,14.0070467736858,3.37323408113616,4.95673627882744,14.0070467738745,40.69659914272,7.0710451270001,65.6122153568704,5.04566636435641,5.04851690306975,3.42456302654336,7.0710451270001,5.04851690306975,7.0710451270001,0.694378315069185,5.04851690306975,7.0710451270001,7.0710451270001,7.0710451270001,0.739158339133103,5.04851690306975,7.0710451270001,7.0710451270001,7.0710451270001,7.0710451270001,5.04566636435641
18.6612383883514,6.07341161878443,9.0468400119161,22.4944945021211,8.40357145409274,23.9129926697417,27.5822497825489,30.9146668918101,11.2962451903709,8.02499795207947,11.610231673921,35.5413780937898,37.0107816277546,35.7823938459173,3.73506124758691,3.80222089629719,8.12936495134466,13.2001412646333,36.8003186547474,13.2001412646222,5.27578188615236,2.4860294988511,11.7493938558764,45.9395654632766,45.9395654632766,14.1301655328571,3.27589120834815,4.91229750997183,14.1301655332959,35.2017157470169,7.01628141055116,65.0363497034946,4.68833725169203,4.59619938481691,3.53016057896155,7.01628141055116,4.59619938481691,7.01628141055116,0.64530922530385,4.59619938481691,7.01628141055116,7.01628141055116,7.01628141055116,0.779461724175702,4.59619938481691,7.01628141055116,7.01628141055116,7.01628141055116,7.01628141055116,4.68833725169203
18.9141929698898,5.52159987566237,8.53399685003516,22.9730505445811,7.87052644097931,24.8153858671719,28.2239693254833,31.9549424654033,10.6348301893665,7.92509615406754,10.9876968851906,36.6087348420134,38.0054389822478,36.7959601922255,3.40491310435848,3.62405744927455,7.96506228953842,12.4442408402715,37.7839754133036,12.4442408395802,5.15780504968933,2.26962374159812,11.6060775079652,47.17190854692,47.17190854692,13.0723940329922,2.99707830643624,4.54504524798076,13.0723940333414,40.3519154239921,6.47775123115977,66.7600669044503,4.80339650751124,4.76536227229704,3.22021588662646,6.47775123115977,4.76536227229704,6.47775123115977,0.658002040514223,4.76536227229704,6.47775123115977,6.47775123115977,6.47775123115977,0.817094156244431,4.76536227229704,6.47775123115977,6.47775123115977,6.47775123115977,6.47775123115977,4.80339650751124
18.5217595917404,5.73447374608257,8.5033463390877,22.1073713449644,7.72231440567901,23.9064466293188,27.4845346773692,30.9301162489787,10.4973215963703,7.47612173656673,10.9214430438342,35.6482684154519,36.8944606818995,35.8652240143631,3.55037947805859,3.68012859324507,7.75669075480893,12.3068957142339,36.7505514440364,12.3068957141963,5.39963977575639,2.35548068685445,11.0180634480879,45.8832298012191,45.8832298012191,13.1081104993254,3.15414598102086,4.73007787955044,13.1081104993394,38.6315601214516,6.76126158586744,64.9346940217686,4.70810196352041,5.31385287752151,3.346272289809,6.76126158586744,5.31385287752151,6.76126158586744,0.691759935540603,5.31385287752151,6.76126158586744,6.76126158586744,6.76126158586744,0.741323931422764,5.31385287752151,6.76126158586744,6.76126158586744,6.76126158586744,6.76126158586744,4.70810196352041
19.5665740512581,5.6680497767832,8.4765832323709,23.6553233766969,7.68670448053867,25.6778426527016,29.1567355780614,32.8646634060698,10.5667136931475,8.22452720352119,10.9124550019041,38.1034070912444,39.3577362926035,38.3200055242485,3.52370787511452,3.49669025323975,7.39208390302913,12.3612843019228,39.1154986047004,12.3612843008083,5.11295501438457,2.60545472358945,12.0428023199266,48.7653353984793,48.7653353984793,13.4191555628758,3.00037276112506,4.47905658932073,13.4191555629663,36.7334530185024,6.40296833822421,69.0179866510563,4.71064512483408,4.80122093512672,3.69701933051339,6.40296833822421,4.80122093512672,6.40296833822421,0.62958216868507,4.80122093512672,6.40296833822421,6.40296833822421,6.40296833822421,0.67437187652945,4.80122093512672,6.40296833822421,6.40296833822421,6.40296833822421,6.40296833822421,4.71064512483408
18.1886216269891,6.15372025710557,8.94353854098695,21.7027986858988,8.21357084069901,23.20801345489,26.8640472731681,30.027292659817,11.182745438425,7.72430681913528,11.5334109207387,34.5876413646426,36.0195257188137,34.8159538508109,3.52388691674322,3.59437196282411,7.82341704771645,13.0779353704295,35.8564248174526,13.0779353703497,5.17282292226704,2.46658435659939,11.3155845853413,44.7752343492794,44.7752343492794,14.1061234147337,3.04816389025901,4.61394411502116,14.1061234149073,39.180197381684,6.57205536425014,63.3805639203561,4.55372026612799,4.94382539241918,3.49742581628646,6.57205536425014,4.94382539241918,6.57205536425014,0.656427673610316,4.94382539241918,6.57205536425014,6.57205536425014,6.57205536425014,0.739588329481632,4.94382539241918,6.57205536425014,6.57205536425014,6.57205536425014,6.57205536425014,4.55372026612799
20.0467540370578,6.31207972636303,9.17251851318003,23.9917642020508,8.36095333968958,26.1081906167764,29.7090130236368,33.564842284352,11.3886418019546,7.65368687392333,11.7324188347972,38.5582197782376,39.8717783403433,38.7938272551112,3.8220905750994,4.18726902397422,7.93724888166317,13.3021157222622,39.4702826115178,13.302115722184,5.70822985276808,2.32035569692038,11.2525558510848,49.3870391949495,49.3870391949495,14.576036861737,3.53152431375776,5.14622787584257,14.5760368616857,41.1123640610244,7.34161288101166,69.8950385512329,5.34460964149663,5.04455400251036,3.29600975990675,7.34161288101166,5.04455400251036,7.34161288101166,0.634487305485511,5.04455400251036,7.34161288101166,7.34161288101166,7.34161288101166,0.734848297006198,5.04455400251036,7.34161288101166,7.34161288101166,7.34161288101166,7.34161288101166,5.34460964149663
19.6366146559093,6.19737504850832,9.07164126138145,23.6950367247083,8.32915896026846,25.6429662211203,29.1999097658461,33.0027339366819,11.3655101809574,7.96168251406835,11.7071648755003,37.6914272713024,39.2079598161413,37.9115352548961,3.42383211393092,3.57094230179535,8.00770451776026,13.2708506995603,38.9508537331069,13.2708506994582,5.23006041513143,2.26334348881301,11.6674711128128,48.5797353901385,48.5797353901385,14.2316671800993,3.01258748598552,4.54318896768473,14.2316671802736,34.2594852648454,6.49246095429293,68.7667985172342,4.74545201797531,5.04609491214906,3.21491950528919,6.49246095429293,5.04609491214906,6.49246095429293,0.625360330528672,5.04609491214906,6.49246095429293,6.49246095429293,6.49246095429293,0.703815976406075,5.04609491214906,6.49246095429293,6.49246095429293,6.49246095429293,6.49246095429293,4.74545201797531
17.7657987530578,5.7202791669573,8.61997474588792,20.9355202007568,7.86746435037168,22.6635390220158,26.1651587663049,29.31567123787,10.7052515053603,7.57502086985298,11.0399226528944,33.7960460900292,35.2092846063935,34.0439862027906,3.69837279485254,3.79488120740279,8.06441133877929,12.5278910489802,34.9998319876512,12.5278910489844,5.26669667547363,2.49263829620781,11.146988567428,43.7901589523758,43.7901589523758,13.2088789563606,3.27091990629058,4.88300843992587,13.2088789562159,35.9033373481419,6.95952495378652,61.9769975999175,4.77434291647023,4.56009545041056,3.53612761337974,6.95952495378652,4.56009545041056,6.95952495378652,0.661401188172623,4.56009545041056,6.95952495378652,6.95952495378652,6.95952495378652,0.745516969970469,4.56009545041056,6.95952495378652,6.95952495378652,6.95952495378652,6.95952495378652,4.77434291647023
20.2073260826005,5.64272144357732,8.46877139262697,24.5450322587344,7.73621037045915,26.8324216151892,30.1153149730454,34.2269958887145,10.4542385130633,7.84982929544969,10.7805975571216,39.2800403877657,40.6211124227245,39.4971182306378,3.77218130870001,3.94322258223415,7.87722450972306,12.2255316489949,40.3718750105972,12.2255316486807,5.36057849109337,2.31358362270742,11.4947486479257,50.2859774296207,50.2859774296207,12.9953829318405,3.55783818381956,5.05881035043765,12.9953829313733,35.1959405241764,7.22008206468967,71.1746912773217,4.76388336047367,4.55339589977267,3.2867698249897,7.22008206468967,4.55339589977267,7.22008206468967,0.625751673723063,4.55339589977267,7.22008206468967,7.22008206468967,7.22008206468967,0.68683544081162,4.55339589977267,7.22008206468967,7.22008206468967,7.22008206468967,7.22008206468967,4.76388336047367
19.5414103146649,5.77708743510422,8.49559844984035,23.514488818454,7.70014451828872,25.616567767976,29.0879460113068,32.9605998958368,10.4635165489614,7.47947283292685,10.8443731013709,37.909067591393,39.2128910459924,38.0917931731522,3.70182024197521,3.69061006579939,7.76466653982913,12.2388258036435,39.0025902308586,12.238825803816,5.41425317543434,2.34109411115108,11.0502749111157,48.5841989103445,48.5841989103445,13.053830246367,3.36200396325938,4.93546072088142,13.053830246367,38.5774086966411,7.05055673633012,68.7674289954258,4.59562839623421,5.12662474418071,3.32630232752096,7.05055673633012,5.12662474418071,7.05055673633012,0.628422405821815,5.12662474418071,7.05055673633012,7.05055673633012,7.05055673633012,0.755610890896874,5.12662474418071,7.05055673633012,7.05055673633012,7.05055673633012,7.05055673633012,4.59562839623421
19.7343318765104,6.02242261302663,8.88763124135049,23.8115252327806,8.16848972465587,25.7983896376799,29.344670355875,33.3101819639083,11.0843653603081,7.77470141692036,11.4654575231752,38.0815264410191,39.5482893756028,38.2771043678643,3.41613986375419,3.78423380021823,8.14377840422765,12.960486400341,39.2000140914434,12.9604863981806,5.44098823988486,2.26062986875903,11.4322489751006,49.0622716904118,49.0622716904118,13.7320593910139,2.9814804552968,4.56831581720127,13.7320593898831,39.0752012287273,6.51634869783328,69.4526464381232,5.24319850831326,5.2144757361339,3.2088327578654,6.51634869783328,5.2144757361339,6.51634869783328,0.663561084121089,5.2144757361339,6.51634869783328,6.51634869783328,6.51634869783328,0.727476353252539,5.2144757361339,6.51634869783328,6.51634869783328,6.51634869783328,6.51634869783328,5.24319850831326
20.1696952426941,5.75779892145211,8.68481428428824,24.385714492753,7.88104228748292,26.5926640628248,30.1547207287451,34.0856635776888,10.8320049063432,8.36458745340274,11.183386311746,39.2907234257421,40.6324251625905,39.4935615230489,3.53018341169231,3.50403615613674,7.75833806196949,12.6732274642784,40.4446449693366,12.6732274644694,5.16400148360266,2.49888839505468,12.2523159636229,50.346553636538,50.346553636538,13.5848165398103,3.04201465123461,4.58766832478372,13.5848165393734,36.3879504045286,6.54392462143057,71.2506530243652,4.65134944340369,4.85276747543116,3.54472206152675,6.54392462143057,4.85276747543116,6.54392462143057,0.652162331083393,4.85276747543116,6.54392462143057,6.54392462143057,6.54392462143057,0.727041891499614,4.85276747543116,6.54392462143057,6.54392462143057,6.54392462143057,6.54392462143057,4.65134944340369
18.8290539026202,6.28450206770276,9.14038757593523,22.8375642526236,8.45746640073376,24.0377040676182,27.8665160505632,31.0786044779205,11.3125960785234,8.22165186004425,11.7177706898972,36.0424705795751,37.2168409494068,36.2422931444274,3.85313032443189,3.96709569378731,7.85041840029909,13.2493624594089,37.0527346592209,13.2493624592462,5.65862764599762,2.53501167446955,12.0370688469854,46.2768532488052,46.2768532488052,14.5056075695871,3.4873638679416,5.12054500788717,14.5056075697612,34.9930709602728,7.30165594831364,65.498039694599,4.82488807599123,5.41344370589846,3.59764153310796,7.30165594831364,5.41344370589846,7.30165594831364,0.697646411062292,5.41344370589846,7.30165594831364,7.30165594831364,7.30165594831364,0.746101379047312,5.41344370589846,7.30165594831364,7.30165594831364,7.30165594831364,7.30165594831364,4.82488807599123
19.4380089185242,6.03798572418385,9.17053233718229,23.4989280433439,8.52929279060567,25.1791745438109,28.691030758167,32.3063722046261,11.5224651607822,7.3820031187547,11.8613057326366,37.0600359983898,38.5545529305113,37.2625125669397,3.46025005645728,3.75013648531168,8.1918174398017,13.4700080221684,38.2618595014667,13.4700080222385,5.27113979069078,2.43007977635537,10.8774433004786,47.877213904413,47.877213904413,14.4082023116237,3.03518376860486,4.53424026527876,14.4082023129768,37.7035142397099,6.47952074319578,67.7653451081967,5.11660919742293,4.82964015148923,3.44964593893884,6.47952074319578,4.82964015148923,6.47952074319578,0.676739578975122,4.82964015148923,6.47952074319578,6.47952074319578,6.47952074319578,0.73538826676624,4.82964015148923,6.47952074319578,6.47952074319578,6.47952074319578,6.47952074319578,5.11660919742293
19.320480339132,6.05328705351007,8.95306100142798,23.4985336940972,8.3037408166826,25.0569762033034,28.6021155772891,32.1671988851589,11.2470442617082,7.70260713321274,11.5748165844278,37.0167684852844,38.5005683152588,37.2163785653656,3.44609101490918,3.52202022127044,7.93129713544958,13.1343727475294,38.2564633767364,13.1343727470338,5.07415302543098,2.54007873633714,11.2818700317527,47.7123778619951,47.7123778619951,14.0564786616031,2.89441623929324,4.37740807535571,14.0564786617548,40.4971071382175,6.27103961457134,67.5186677098475,4.69585464829345,4.82961220364806,3.6068144559794,6.27103961457134,4.82961220364806,6.27103961457134,0.626117892810957,4.82961220364806,6.27103961457134,6.27103961457134,6.27103961457134,0.770353851287836,4.82961220364806,6.27103961457134,6.27103961457134,6.27103961457134,6.27103961457134,4.69585464829345
19.7564586091931,6.21195742592912,9.06413822807413,24.308523024164,8.41503371584873,25.7806870135783,29.4901992974208,33.1343699424103,11.2879115089932,8.26234263904331,11.6763183856789,38.2231893447539,39.3878434021413,38.4079961906297,3.57704037274611,3.73682819806435,7.63770755863527,13.2201507262809,39.2498444562423,13.2201507275792,5.40678577331493,2.33425703787824,12.074888037119,48.9060640741911,48.9060640741911,14.5167116667899,3.25090630916838,4.80521830784282,14.516711667313,34.8014345297274,6.85390557488582,69.2139770078515,4.69387646485213,5.25537986897854,3.31352175979751,6.85390557488582,5.25537986897854,6.85390557488582,0.691386191322559,5.25537986897854,6.85390557488582,6.85390557488582,6.85390557488582,0.741262859205406,5.25537986897854,6.85390557488582,6.85390557488582,6.85390557488582,6.85390557488582,4.69387646485213
